rep,ridge_cw_zero,ridge_cw_mean,ridge_cw_mean_nw,ridge_wcw_zero,ridge_wcw_mean,ridge_wcw_mean_nw,ridge_dm_zero,elastic_net_cw_zero,elastic_net_cw_mean,elastic_net_cw_mean_nw,elastic_net_wcw_zero,elastic_net_wcw_mean,elastic_net_wcw_mean_nw,elastic_net_dm_zero,mean_cw_zero
0,-0.9500127227211286,-1.2847452229665326,-1.181818902620186,-0.9770303408694604,-1.2935015716351157,-1.1861904404717099,3.3042074550171945,0.5283780361744199,-0.06170091961532627,-0.05630183446915354,0.5072818009868897,-0.08944575451403075,0.01686489298170049,0.9421427113537714,1.3221684135430007
1,-0.7282919802126517,-0.5682050273545997,-0.5202541050807826,-0.7394752825388745,-0.5808016550511927,-0.5391571160612747,3.0234434269162125,-0.27169159386514374,-0.04707323629926583,-0.04336793237880432,-0.3280026392357115,-0.008361412403476771,-0.01604887666775116,1.6579662852371473,-0.2351099729843546
2,-0.9893348934346328,-1.415494959899485,-1.391587848347927,-0.9904617364104578,-1.420270618122953,-1.391658226844032,3.174739030388764,0.016265865656862527,-0.6087908801683418,-0.6297868190389495,0.02409389155783264,-0.6304928315088868,-0.6488172497597153,1.4248633264547457,1.0602681107547078
3,1.3963469751623732,-0.1629498498948579,-0.15983449416580528,1.3931990520497206,-0.15950631880317417,-0.13891862185995205,1.5988639119605506,1.6245064984486648,-0.710964522427582,-0.7703809628542708,1.617270997510745,-0.7221349394309607,-0.7768656721928177,0.45797921123844226,2.7499189185316664
4,-1.225864533444695,-1.328379830813745,-1.3044881863732831,-1.2370448217761227,-1.331289707151399,-1.2909018045283887,2.858805895277607,-1.9875244881696021,-2.3955057317126114,-2.2056122999456864,-1.9535550304749727,-2.3828735219744623,-2.1840652195958707,2.806327947416225,0.12206486670261592
5,0.851529059911568,0.8329567715110633,0.879182321351107,0.8459929273733126,0.8192721782393406,0.8623725161519047,2.414964836411915,0.7478228375440449,0.7445990680478203,0.8372777645444848,0.7491991784989002,0.7802724479735518,0.8278148468558033,1.0063964254930655,-0.015248846405456309
6,1.1734663812483992,0.7959045540732171,0.895511284752029,1.1736648012124935,0.7919623997460352,0.885753709916227,1.7320095045667272,1.2058368395260253,0.36956609955768266,0.3693021996762442,1.2052406947794658,0.39989585183029286,0.35477563234181697,0.08250180054467932,1.4851189031455079
7,0.4446862783256696,0.5274871530896028,0.5717465220141161,0.4510795371201978,0.5176266234480804,0.5653620942455367,1.3586625197296562,0.21644244721907352,0.3261810336970711,0.3522451523149304,0.19762063863481558,0.3635200504430001,0.2792636110540669,0.8129069905366659,-0.4484502318062065
8,1.0860636106100592,0.9096648497218314,1.1344247985730593,1.0879501204629556,0.904552615956177,1.1200798784045678,1.7111018529872501,1.1027945237248948,0.9347529722574061,1.125674643608176,1.0888715727523934,0.9456963523944096,1.147205276289668,0.7897165466848888,0.605484661585818
9,0.049495240578057084,-0.5948457526646549,-0.6263115963059165,0.06047960638894199,-0.6250523824755221,-0.6436864917254448,2.3786081770042995,0.8456552774865442,-0.32772896544591074,-0.3373391335470568,0.8432783624075887,-0.3305231777801782,-0.36224735028231886,0.8443673259621056,2.0750249362768045
10,0.5481176285312999,0.6061843213992272,0.7576802306791967,0.5734350082329214,0.6019447237578514,0.773940018133521,1.9142463858583656,-0.275197088252365,-0.16592680657251072,-0.167224820208733,-0.31109223041056666,-0.13219154740070216,-0.17540897612645504,1.5548303748032992,-1.5248838572712287
11,0.9041755883492016,0.8790118647775435,0.9053567266334391,0.8934445156011179,0.8564477590988777,0.9017365674653468,0.9418682130586072,0.8738992951761214,0.9421550638509577,1.0089738611039392,0.8571962199490304,0.9538591006928351,1.0368025304519464,-0.0245594303662798,0.10572754583656185
12,0.435286544274217,0.24031966336500624,0.2364525328293098,0.44201217107521995,0.29436032712358284,0.23046678822002736,1.9070084543374695,1.1949419652864093,1.0783396064573696,1.0921046292336642,1.214449203794716,1.129148538865357,1.0827695072483745,0.3094250445269498,0.40602258300930766
13,0.4671061232293176,0.4907699296853037,0.5033929479006921,0.48537726736431236,0.5182723512378916,0.5223935454229008,2.178797166117073,-0.3439567504777803,-0.5147591398794599,-0.5760877868872352,-0.3143961009321969,-0.5075699996773703,-0.5551416531969429,1.5999580269520615,0.42477734898937564
14,0.792316470840846,0.6363548257923002,0.5864356982984492,0.791500115853722,0.6360173603378684,0.5811974749417568,1.1683112521567736,0.23122632765799866,-0.004520652996021768,-0.003758354154398672,0.25211416371864775,0.002328938085943187,-0.006494097556351506,0.8345889007012246,0.8750483972564354
15,1.4401951221948532,0.7463282312744879,0.6794003517277396,1.4276416121798687,0.7361843493291809,0.6778120711186748,1.4289510363997338,1.1289816317641073,-0.004171640484414999,-0.004254230096961463,1.1517684459559632,-0.009449839460586277,-0.005304618912331113,0.6901706754583106,1.7914221468727676
16,0.34907891144871367,0.10973809054194078,0.11071621342504746,0.3545793397203144,0.11338970872962481,0.10216081872702679,2.143361678678937,0.006317530785006904,-0.4130076205268537,-0.4007574793139231,0.0026223901048178597,-0.401359518210122,-0.42163068314599966,1.3473865997865324,0.4373442707755626
17,-0.36440310008198656,-0.39210523916223455,-0.4178034344196813,-0.3767399021606142,-0.40873004814057196,-0.41368186657589,2.452882897822385,-0.3014641072349155,-0.3675490650591812,-0.3861856510157341,-0.31597178291369565,-0.3536901259047061,-0.397287064653384,1.1053723686077521,0.05319646428143215
18,0.08063864118645277,0.20497489200438576,0.18485863408450626,0.08566943095165999,0.20050340758357246,0.1814415982682687,2.6565249392423573,0.011948536514525343,0.31253693794786647,0.3003860796065854,-0.005765567522451896,0.3015677416888579,0.3154071878662179,1.2578830463514172,-1.07888194028984
19,-1.1477433555562446,-0.832707714040965,-0.8368788463017274,-1.154481289886006,-0.8334234389321241,-0.850863901272396,3.504129468808425,-0.6358637707465856,0.10318124599414633,0.10875228213628707,-0.6461819134590717,0.09555705840390454,0.12700812513389637,1.8032000501398788,-0.8771070724823037
20,1.7460387960849708,0.7877719585213678,0.7870343950749858,1.7334207164432565,0.7609106897721316,0.7997815620095948,1.2140940746777542,1.7278277040530332,0.15026810546172778,0.15595624783101777,1.728143441810154,0.1181002536512882,0.2653353532425774,0.38870862553701163,1.7632518948783442
21,-1.1410084408854484,-1.6509182036371284,-1.650781523753116,-1.1513033996040671,-1.6402594934499244,-1.6563266379518204,3.7208281804198986,-0.12802146692573044,-1.4768326489475279,-1.495937370793557,-0.13299440285772374,-1.4659511562379475,-1.4527788193761204,1.6364965814954333,0.8408461158938426
22,-1.1483903920168066,-1.0750062984164805,-1.1115610185139178,-1.1486908942052938,-1.0884172796078433,-1.1148375377055362,3.516222390388397,-1.9503695790658768,-2.121386585878084,-1.8808866591702547,-1.934548750514197,-2.0817250287872837,-1.908540615724326,3.1573566599722964,-0.3326908988034049
23,1.7926197624486313,1.0790759058864734,1.043326533170447,1.8003798475504826,1.0709572731439094,1.0464484560757326,1.4486513651882236,1.9313967163427228,1.2849207649576881,1.2213865677903875,1.945179426929981,1.295956297494549,1.2247303861495247,0.5793998755223795,1.3856636047596889
24,1.7615657284362598,0.1319588175439405,0.14644013387093102,1.7532278914330304,0.12774592585275432,0.14222289272875765,1.1761499880793191,2.5663889196840004,-0.37189648804062647,-0.38524367131145565,2.5842512814441947,-0.37751597264536957,-0.37288363153474724,-0.3415706997896506,3.402824878152432
25,-1.2154855720947653,-1.2697730245468704,-1.4190219087167826,-1.2225592090044064,-1.1956913272520215,-1.4011603627991371,3.0722875616631202,-0.9772763330846728,-0.8882855994155393,-1.0365046708801366,-0.965660012756216,-0.885066106653835,-1.1074925287903874,1.8846801233733899,-0.2938553771848757
26,1.8689582946557894,0.16707161377102964,0.15513308486225869,1.8804688381130534,0.18928904349510547,0.19826663934129535,0.7712618825169094,2.3204061537370464,-0.4668079355799723,-0.422051150417192,2.3150543435950124,-0.5477410740972303,-0.37539633402483263,-0.7479463393745011,3.731434914661295
27,-0.8055664266599567,-0.889248796700017,-0.9381180575580929,-0.7930822658609952,-0.8894867339246724,-0.9525386810158791,2.82126904249764,-0.38386252497034007,-0.45846644686654653,-0.49306102123582424,-0.3843447755444906,-0.44267412835978875,-0.45581773900752975,1.467338310271292,0.05653205145874596
28,0.022486673657399613,0.08459019079084872,0.08798958563669287,0.023814467523747714,0.08430383833904011,0.10178525379823346,1.9582595718111049,-0.27061622461588397,-0.15066321275844632,-0.19086181600680396,-0.2877765805122155,-0.1479863586789154,-0.2276278889563468,1.0926385023289849,-0.5510066564246842
29,-0.13424430023851677,0.034264112971892476,0.03683926670765703,-0.14695215805044645,0.01417727515493926,0.0156711861088984,1.992289503760244,-0.2613038694702548,0.2825193658600232,0.31011757862859707,-0.24926417723644298,0.27680160058277997,0.2707860832601526,1.2992666279248901,-1.891795822021856
30,0.6823614581568404,0.7857309612873029,0.6957229754774582,0.7056445417791195,0.8075579795712957,0.7140209428973272,1.4635793543603888,0.8211129941700442,1.0136454520167182,0.8839188322185133,0.8125151197713351,1.027874705918361,0.8895198605541986,0.42584353168137695,-0.8151342414341732
31,0.3506444579356205,0.3768551681834591,0.42254092673106597,0.37561382609728866,0.3827794861476674,0.4217325770122358,1.939573330491991,0.6379126237698781,0.6842239000669823,0.7487160872636975,0.6253898655209333,0.6796190624338808,0.7162873629314452,0.8596513899758631,0.005772682351912306
32,1.4323021641776863,1.4438734460164433,1.4981527509769255,1.414797000660391,1.435174381069734,1.4951732668698619,0.7988306705898933,1.6956677578176746,1.6999677137395892,1.8130702999940627,1.6995642304152236,1.7247731516114637,1.8083870655403615,-0.170191516635089,0.25302548975535516
33,0.9898613030758905,0.6399470948712513,0.6584273022774714,0.9843129446126224,0.6320290182522922,0.6399011707863212,1.300448519754483,0.6371468502936523,0.02895602237595019,0.0298259043606897,0.5912563749955558,0.07227111399541647,0.03376927583048443,0.4593593831410002,0.9489027924983676
34,-0.4492608225615457,-0.38697615392466284,-0.4789013370179232,-0.44382483897940106,-0.36135333029916805,-0.47866506941990566,2.337057230382383,-0.524581880404048,-0.3801905848339799,-0.3997309716707021,-0.5651177929481288,-0.3783589378536883,-0.438783457534262,1.567489709754915,-0.6269941351335354
35,-0.9999849947618837,-2.144769625454328,-1.7911309117178404,-0.9986650397296183,-2.1157927642832,-1.7934345321787997,2.8208843352632726,0.23746722848587823,-2.0130306311534034,-1.7759800627506954,0.25510611752224815,-1.9624668632731401,-1.7563360968464854,1.0765046879943723,1.7943952233033613
36,1.8207185289180308,-1.306930697273892,-1.34034589649407,1.8114506826160583,-1.3104325563779682,-1.338427245553671,1.1248347744098035,3.8123525537208174,-0.11880374442220283,-0.12467628370375491,3.817585871036166,-0.1043194301693626,-0.1326441933820361,-1.6152775097132075,4.91627279549612
37,1.1710700004936794,0.37772810785911587,0.4157601959957341,1.1732547706458267,0.38285144939212795,0.42625580628736015,1.7293015188974499,1.5940268900011552,0.6100909904946721,0.6717824327885549,1.5942011397187492,0.6380521156945091,0.6526932223154713,0.34563686788319087,1.9756517696670919
38,-0.12529042251738176,-0.41624151547807176,-0.4133062414596969,-0.1236971769954504,-0.4000700622625976,-0.4391948450108085,2.906677655921558,0.2507819659891749,-0.057126901256843415,-0.05728325314637109,0.2728694557575451,-0.0736293048280372,-0.07338087773999911,1.8089535708017623,0.6732861510329299
39,1.4374857054958918,1.1592383549936154,1.2298942574987186,1.417329642057511,1.183732772470634,1.2138397624704256,1.0284949592876267,0.8014028634449077,0.39538369345983343,0.4329905442245074,0.7956851517999465,0.4602675262746585,0.44405062199322287,0.24776857910365613,1.6271802637977524
40,0.9361846317020116,-0.48376148437045635,-0.44904461367542636,0.9450021748490853,-0.5025755942176127,-0.4427786820595869,1.6537528420698513,1.1394525350249605,-1.1459570554843166,-1.1307481920083957,1.1406738439905315,-1.147345070380736,-1.1270743580615985,0.764323830031556,2.71529606929548
41,-1.404449316562818,-1.1994300966223979,-0.9984615920500162,-1.3921554039988828,-1.1836534840143478,-0.9989972755064572,3.3319479862995753,-1.1911929125858018,-0.7361150948980089,-0.6442564525212403,-1.2250228659840396,-0.7398473706081801,-0.6537770906061962,2.220104065769259,-1.7462147424228553
42,-0.8083859402815504,-0.7403616234275671,-1.0060063138977344,-0.7990092568079339,-0.75951062213071,-1.0050056949629975,2.905808821524398,0.10543004726977132,0.18451992228003547,0.23181731065171898,0.09732961845432139,0.2182650760051749,0.22986971433228315,1.1942692009161329,0.0006036008526380899
43,0.6378541666412201,0.671821139690564,0.748009791127116,0.6356149547209313,0.6735940957120314,0.7504943644572544,1.717887730681364,0.3672602012312988,0.4500179145744367,0.5037916256274155,0.3592848624159794,0.4378876156376559,0.512250743720851,1.238890052418719,-0.8598316610982089
44,0.6610442655129621,-0.5475295788215271,-0.5114923740238395,0.674560190793743,-0.5349330625584674,-0.5012374869191454,1.5176698027990583,1.0777136861977135,-0.7321106657397016,-0.6688834104530222,1.1270782775185617,-0.7565247629723941,-0.6177858374047157,0.28316148514516865,2.7929989751387514
45,0.7486355274966529,-0.1826182858298932,-0.1651926224304422,0.7188813330724713,-0.18484534953348694,-0.15527497025829406,2.158970661373645,1.8615541832579139,1.0492528601174351,1.010633017203938,1.837160080449773,1.0501905653188033,0.9708967554628141,0.24185970279161342,1.6259306014216837
46,-0.8248791955399951,-1.8633711677619247,-2.002162632979734,-0.8371639325382825,-1.8567202619329064,-1.9993907404259281,2.8871378297081374,0.5332712912109789,-1.2979127170927043,-1.4497981972418528,0.539300711708721,-1.3222979038273566,-1.4505367770414899,1.0953606973568404,1.5213706795281619
47,3.007514368280601,1.3407528517770162,1.3861667720486774,3.002002381947632,1.3195903086143879,1.3664326111286083,-0.444338274910734,3.0360369168231025,0.8021976028684801,0.8163633871898474,3.0430135508936607,0.78626569743352,0.840435562161268,-0.78107764156959,2.9647950386647377
48,1.1030280896065603,-0.3518713689676433,-0.400602073457475,1.1080411413678797,-0.34374268774447897,-0.38920931212542276,2.348020821509028,2.6631681921615913,0.5366618722889042,0.6483202579716602,2.6568246166650504,0.5352984611092365,0.6474786026015793,0.17872854945853076,2.759827305199619
49,-0.8387085461377642,-0.724596219329412,-0.7539962918316315,-0.8423140112546275,-0.7333090487720972,-0.7613642273102673,3.0302479436424297,-0.5880006003037536,-0.4210111452303795,-0.48429306532411304,-0.6203961115987958,-0.40201134773942115,-0.4745751200869497,1.7396560109867198,-1.858658758579104
50,-0.3757634860481925,-0.46753672207046704,-0.44878706444159044,-0.37569293082167854,-0.4669181059072888,-0.45530739721863256,2.619557233930896,-0.2838986919379774,-0.564842551258772,-0.5239346738870444,-0.2880994013211448,-0.5643036489083445,-0.5106046894237734,1.5193484782652722,0.6815038413529487
51,0.13308237499713454,-0.31358221747400106,-0.3298739141023128,0.13901702840202732,-0.320764789109777,-0.31435458400036864,2.624277262140123,0.20388669438986667,-0.24894731533690773,-0.32019054704155575,0.17843131619660035,-0.24486441662406952,-0.32211423778268167,1.3353908748394352,0.5658518411689307
52,1.7157231929568677,0.1402131945645275,0.1741032129843193,1.710708743286163,0.12995872638622707,0.17838558457556433,0.7954715390006531,2.7012075248794623,0.6287299931701669,0.667544502658112,2.707433302567698,0.5933820502855799,0.6731993947193262,-0.5039403489266425,3.257237114697543
53,0.9172549789707771,1.0414202403030675,1.144194896265734,0.8914154509914896,1.0274153179173238,1.127892185064922,1.5604627543478136,0.04073910421025883,0.33753503882670277,0.35641512436444045,0.008024820337962115,0.35603965204363475,0.33953404922107394,0.707361371861189,-1.6538914817789991
54,-0.18700651880123934,-0.13877173781534669,-0.14179622225515442,-0.1901757602981921,-0.1374355117178506,-0.16289572199232635,2.3350308543463094,0.0046581787970427155,0.09666695674754582,0.09732140592323515,0.022314523311870033,0.10468516115132419,0.10755975252670935,0.945977393458143,-0.46269680695403864
55,0.22579635213138155,0.36410519174362477,0.3561072143305055,0.23344087084554457,0.35450810845806524,0.338820620900347,1.5870313098365834,0.12077292681462731,0.31870159375540097,0.3289127235023382,0.156890624724162,0.34635751365557915,0.3355038531403934,1.0430454661215338,-1.019579945297787
56,-0.5019493530180595,-0.7133114770861929,-0.7243165870405032,-0.4900820405333086,-0.7153879079937235,-0.7407227383469991,2.2598795367778814,-0.4255546942774367,-1.2341314193334563,-1.5030754137858513,-0.4504635805018447,-1.2776844941684822,-1.6008170747925292,1.307860821505268,0.5317753012897308
57,1.9110726347547144,1.7477213473870008,2.4379888743014737,1.9046096009931377,1.7420337880980687,2.4266984439974757,0.34588968757289695,2.2631125073786014,2.116143399789853,2.588066672967692,2.2464588062135884,2.106426290090445,2.582472781528697,-0.6639651402733767,1.0493594827225818
58,1.7515987388812668,1.0943304890026375,1.0227454240442186,1.7586524459625827,1.0677759640036264,1.0259737318570383,0.514653154712099,1.2872484756146836,-0.03680850645032107,-0.038604513271424744,1.2938581533862152,-0.01875633436523948,-0.062146871193848374,0.10930531478415942,2.0842270667922316
59,-1.196748294979173,-1.0854397207114892,-1.052075268315398,-1.1870782712914663,-1.0941693421413956,-1.0544252667241298,3.371517285954833,-1.0525737527172965,-0.7679463510183622,-0.8033548031527569,-1.0327219264116478,-0.7905037392093818,-0.7732035150651507,2.146613500848565,-1.826896624283641
60,0.06471960755996553,0.16849962591056863,0.18335521656127174,0.042371124368284746,0.1599208664074199,0.19559383190552798,2.390925149809211,0.24408907910950528,0.5228400750246719,0.5324827796331953,0.2644407553323926,0.5781987485735773,0.5150328506897492,1.1992190036983306,-0.08292471672169495
61,1.2405433617601505,1.3823687194500796,1.366607454924398,1.2404528849883107,1.371206976202203,1.3779764786864483,1.260392516544491,-0.2206093774570162,0.12429720347544655,0.1263727619826123,-0.23622272063920446,0.13510267099104697,0.12139629229514433,1.3842101813769663,-2.70608684563018
62,1.9843007329813902,0.24795558583957952,0.23981726134155057,1.9907172530588793,0.25283469137233644,0.24083455130868936,0.7763186881528354,2.54460825301972,-0.1914202669691826,-0.20370766936799628,2.54415585311586,-0.19015598969838274,-0.20842512007540792,-0.43501260802971087,3.1472499319056717
63,2.305498472663854,1.67632999336147,1.7812413792280788,2.30685972949861,1.669465609791423,1.7875545283958794,0.347471680999076,2.7918584211011934,1.78392363118816,1.8928467174010217,2.774909354295794,1.7917074283787098,1.9174136785374687,-0.7526109468802333,2.109162420834301
64,1.2152529651385586,-1.0348072628023806,-1.267647460673483,1.2110979640177169,-1.0196938235819981,-1.2875934397492999,1.2660160140663008,2.4494974114660177,-0.572997972054653,-0.8589922129253333,2.4678260769634095,-0.5087833588940616,-0.7885052205219596,-0.3906387252234057,2.993667895095195
65,0.579985488317781,0.6909100838084064,0.7556916493683483,0.5897276065324665,0.6994572620751914,0.7492432037642871,1.9987935115512572,0.6723135848274526,0.6404623985045472,0.8415233221771802,0.686436670458423,0.6609079057687681,0.8420177299704292,1.377999537807745,0.028619265977682856
66,1.1377002513035317,1.1670478088339717,1.0301976310927534,1.107129493890892,1.1807023894268844,1.0407457587057134,1.442002171715207,1.229102825526926,1.2209417046953739,1.139284624090858,1.2194480333630244,1.212758434659579,1.178528587805024,0.25773902933317816,0.18348567349182746
67,0.32832572430494283,0.3834254361317446,0.4656515077414394,0.3312267659793631,0.3979562030441713,0.4448108687957254,1.836026356726357,0.5739668345406894,0.6995215822438474,0.8915750752572306,0.5893773750179798,0.6807701774831021,0.9528303240873754,0.6583923617651828,-0.1514692840352765
68,0.487455304445245,-0.5366077126179086,-0.5883966970351865,0.4935505127611043,-0.5429228638239839,-0.5926627399266774,1.7106896149395046,1.235517636510164,-0.5946651826437277,-0.6637636637166057,1.2529155753024865,-0.5740358486152601,-0.627959292837392,0.2057844583302098,2.4379173765597266
69,1.153319520908721,1.22688535879186,1.2789992002678154,1.1674310088531243,1.2311261794337598,1.2931910960511204,1.220340349502169,1.1172508229270264,1.199468955538138,1.230779613260541,1.1484064784720418,1.1867914962878754,1.2332364410000645,0.5063262530730981,-0.3902154293127329
70,2.0479169815459803,0.6834364921047457,0.6768241095718083,2.0638927574338735,0.6853214617713473,0.6865493959635119,1.0224974024807845,2.2555174091560795,-0.3243794556587766,-0.3209687885180966,2.233127961773826,-0.35008310574630047,-0.298669023514942,-0.46198843114342625,2.881744959372532
71,-2.461099818067184,-2.9909350536358867,-2.8307880064009967,-2.4454922918582214,-2.992137729270915,-2.838184232966084,4.071165951204586,-0.79771991776558,-1.6863667965565436,-1.6610831401961794,-0.7978848435221916,-1.6917722408296998,-1.5984220731494319,1.7142151546225874,0.9995714568606963
72,2.147184130428182,1.7031337801558484,1.508650503664249,2.1487907192617866,1.6996327539724376,1.509317846898908,1.538239495002456,3.002262279336539,3.023427013141068,2.643104441096471,3.003096932526642,3.0132699172000463,2.6401870608968907,-0.49822219573858667,0.9705848346706687
73,1.7517900381679552,1.2836566748509277,1.451479224655707,1.7319759698392485,1.2581888781879158,1.447217017569706,0.6632778399637776,1.837485049576295,1.1691041745764663,1.1269454774043708,1.8343234578861132,1.161548920702908,1.1540917965259507,-0.1849891133505047,1.2609163109653825
74,-0.5446470616952033,-0.8400838705310303,-0.8269216113100807,-0.5357626761109937,-0.8412274667284979,-0.8148821586618609,3.0682097171032834,0.23276885189461935,-0.2253302182412099,-0.2225903597881426,0.2669817050288944,-0.17160547040531327,-0.26244717477345303,1.1505273637034126,0.8716908518834242
75,-0.9721735108066658,-1.7457846521151261,-1.871061625312743,-0.9742974681865046,-1.7181252081709835,-1.8556980751421017,3.7311082909393263,-0.2751852431412248,-1.3963287455145434,-1.605746357391121,-0.2664720133156561,-1.3657792375080562,-1.5858868198976221,2.161167138843557,1.0643646938675868
76,0.5932023577290951,0.009687099058659426,0.01059211231404004,0.6068411675208126,0.012392418144799647,0.009280138346671647,3.046146607026002,0.9643200044227617,0.11524905340998519,0.12833796014704624,0.9632561256014094,0.11129882992317842,0.11826260550543267,1.2806719656596828,1.645915565578691
77,-0.46309037601785824,-0.8058408605773644,-0.8800135309577336,-0.4766853504917138,-0.8129133527475354,-0.8747171005020977,2.66376797628492,-0.9017933509207734,-1.7507168218903746,-1.7390494757918387,-0.9136959780524858,-1.743198538407358,-1.7550061654866984,1.9496946081082969,0.7330190221807171
78,-0.8640506693395472,-0.6996290179798786,-0.6667138616134208,-0.8562809142283412,-0.7032865640725511,-0.6598655188200394,2.734348592624106,-1.5703929603240483,-1.3429887069465232,-1.186523526744813,-1.5588321024547673,-1.3706546680889324,-1.2606297506536097,2.718382598545132,-1.205777073709251
79,1.339556769107721,-0.10888119739758172,-0.1095579109213805,1.3316866314290008,-0.1024800721235259,-0.0909940774076484,1.5598166399096272,1.816674203622276,-0.09153317521465501,-0.10722201975557738,1.7999939009729016,-0.04683090835089697,-0.10695890226875956,0.48963892267307496,2.6077081230869847
80,1.2728233961253588,0.29545986646389943,0.31642422729954683,1.2500015916043736,0.3042554898883906,0.327713300243387,1.162633033081081,1.5096342533497473,0.29422444530043884,0.3270673478798826,1.497999413143044,0.27683936854425606,0.3095217648124614,0.5156906671258558,2.4756103586024962
81,2.3553390122103632,2.186606221484727,2.0066145188422957,2.336075052828463,2.174882441629444,2.0094259000242287,0.4140120651067872,2.1523510151518517,1.999154184199698,1.862721913682891,2.153674856389469,2.036812130429535,1.8621234818239054,-0.23810905173317368,1.186781110165049
82,0.06262675003339664,-0.14454780602728873,-0.16208303858808149,0.07288429846256946,-0.1548335604142746,-0.17453144765662293,1.6834902717864466,0.2672307919327222,-0.07935803972850121,-0.07566583185577591,0.24893445948452497,-0.1524294368259892,-0.09916628707439838,0.7900183007059447,0.8371287518400361
83,1.6676771013558533,1.3416273926161375,1.2436228883640732,1.6486161778871977,1.3442149044880563,1.2743312997770957,1.3874135670585004,1.6932354137720227,1.4036145811453702,1.2191948728786453,1.6491671734742301,1.383070983077046,1.2285543538909045,0.36701494119936007,0.9828684433124009
84,0.36366470234818477,-0.27149327798761813,-0.3082823720524013,0.30661374489670684,-0.31506758723293726,-0.31871931701831235,1.5387076542097444,0.35540370521696746,-1.028478745632375,-1.0633198289286299,0.29103110441925256,-1.1088618345258177,-0.9980391055571903,0.7787861629076186,1.5022825424047337
85,-0.7806650380101184,-0.9879276595226465,-0.9215258682977526,-0.8138764115762727,-1.0150486924385065,-0.913594906828633,2.712313267122477,-1.057506635923806,-1.4609462737542906,-1.4872488808751583,-1.077518287184185,-1.4241948636280755,-1.5152765886878874,2.3838888263850384,0.015452453467384311
86,-0.3380619984037877,-0.5199442138917535,-0.4956021024806764,-0.34234599308677394,-0.5359737007282476,-0.5018021056093365,2.383156778427064,0.3240162386930561,0.1988833826453201,0.19209372873505953,0.3168604032204643,0.24042359226812865,0.2144371908159921,0.9514787840790263,0.42018033707845587
87,0.21308287666790954,-0.6434589248370064,-0.6261549428582746,0.21726190504914247,-0.6574558303031918,-0.625638134243383,2.703988365202887,0.5516684880776883,-1.0908538216163088,-1.0602591953347849,0.550294576476635,-1.1023296822068593,-1.1022461041037495,1.3283079134785625,2.449918300347518
88,-1.497903805343299,-1.4579193902859249,-1.605043620507417,-1.5105407477984072,-1.4319472210291848,-1.5626550186111612,3.4134337124533,-1.1556916232581718,-1.0727914564220613,-1.0697746078060941,-1.1687921773844714,-1.0477183118285838,-1.1050008092736545,2.3029477702134122,-1.2222103498278896
89,1.4495997332409343,1.5243478864753461,1.4363934030042254,1.4608991774997762,1.5365883348458504,1.454020838063359,0.8297933098531064,1.4264760108601813,1.4864851513931914,1.382799521685681,1.4074672507375185,1.4792303592866545,1.3651936932792375,-0.16845228612439994,-0.04660856049420088
90,-0.4450564416210714,-0.9519501046641357,-1.0515600203541042,-0.4583014512585176,-0.9660229207061412,-1.0717981438080642,2.822083345124169,0.2743304656959086,-0.15848375606050158,-0.16873027467908255,0.28726804739166567,-0.10601127724261605,-0.15815318096514594,1.1705737968830738,0.43207704754329024
91,-0.2508798061918391,-0.5575739465518852,-0.6330400553389184,-0.23648194846552148,-0.5695292815779501,-0.6107019799869139,2.6768005897801492,-0.3317184548748645,-0.9727047957012359,-1.0575955654977316,-0.31600840150265624,-1.0483829049673958,-1.1029300892992615,1.8923491250826892,1.1014299138797412
92,0.7710289688376727,0.5142843323512089,0.533924147912245,0.7889283483122244,0.5214080956060848,0.5169772308213069,2.0153968916976606,0.3330005818475218,-0.19753982687209387,-0.20623240077497482,0.3332060280439657,-0.22543913886058503,-0.2235647253671438,1.4767692302128337,0.7999778949914065
93,0.42167721379082795,-0.05880592633759984,-0.06242091320485239,0.42829196221659543,-0.041304471438769454,-0.060745712954128915,1.7154554698785889,0.838089876514336,0.07078673974820036,0.07611538414525007,0.8301818608836306,0.07642508453510596,0.1039909564568395,0.882103194870377,1.3902973757042538
94,0.9831988429126408,0.7056016360790317,0.7191581946027522,0.9749701704173648,0.6938943621358722,0.7166522724866558,1.5592178913913324,0.6445318842825473,-0.13939286809732712,-0.16276233314860317,0.6193744660384174,-0.10376062495835461,-0.19058925822418848,1.3942212323347205,1.0354070882968922
95,1.1321417275214953,0.8489466498200737,0.9651463762198168,1.1438055630752793,0.8263979240215739,1.0031996591221255,1.4229780146967965,0.8897352614603058,0.3653787628151838,0.38401646671023326,0.8713056656695177,0.431486552326335,0.3657543602185039,0.49820930186338785,0.9572878854945224
96,-0.2852467058930365,-0.8520261206176749,-0.8343432668922647,-0.27124722313752414,-0.8451078529193553,-0.8132534792116364,2.5315245023845687,0.2684016760830537,-0.5167941040794781,-0.5429037450199033,0.23250808452759222,-0.4949502362210469,-0.5229228131439272,1.5580944267648436,1.0430705463663834
97,1.4959136920014202,0.35068884586718496,0.377192583210785,1.5028415232990242,0.3476626468453724,0.3529893618142906,0.9754140072668499,2.8912275942255348,1.2817420157419757,1.3008407895976006,2.9379526684207993,1.2770646698013013,1.3188265348888826,-1.0063367176340121,3.2221476892276617
98,-0.5817468280035766,-0.46969712037173494,-0.4487853709674386,-0.5636324887102019,-0.47250156796563536,-0.4252324464518679,2.4974938927028902,-1.920584890297856,-2.115258510830609,-1.8455756236938359,-1.9054381292198894,-2.1325578201996622,-1.8493313478570546,2.766589377361909,-0.3646841523180481
99,1.302374400060594,0.5507597537023114,0.6403702759724818,1.282163571678969,0.5525382207264609,0.6250238971626275,1.0153760154250386,1.5784650272322138,0.6694530912869117,0.7863458065276503,1.5964919650891338,0.6770557893069128,0.8152553816209671,0.167790404906673,2.5232009465194922
100,-0.6201114000415093,-1.0435190480819418,-1.104466272807051,-0.6147816759368636,-1.0539711305251096,-1.0969121862490754,2.365426766054954,1.11759753793552,0.7744905595261296,0.852278458830649,1.1537087997703375,0.7443945436083854,0.8961600490039529,-0.012716763569059666,0.7770775464248306
101,1.64441289410332,1.2818198001288859,1.133879641154386,1.639811844743753,1.3010685352492748,1.1322989946697553,0.608723227300263,1.8802551807747583,1.3913527790338227,1.2790699857698238,1.8767975093003404,1.3826283437621907,1.27784093254884,-0.43198820651664194,2.113112938474613
102,0.6573157941859178,0.044082850046041885,0.03775416364221606,0.6581828855151142,0.03525764687082479,0.02791094719813412,1.3784307159086802,0.8768708526417952,-0.3120364902337307,-0.3062686225395326,0.9035244999514583,-0.3585009939026269,-0.32588277831324686,0.5317524296894828,2.2491343250095737
103,-0.4040477754400399,-0.5689943756582688,-0.5220170210103321,-0.3806434316579398,-0.5882902630853725,-0.53853591740072,2.147610819397683,0.1429244481551409,-0.12091335864404579,-0.10957817781493014,0.12300003271784683,-0.11838560373259795,-0.1279536746079887,0.9167691871997095,0.5968380376122933
104,0.16002941429356352,-0.21896154477110114,-0.2528059952455421,0.16236751201014277,-0.21022357026504285,-0.25082507880979954,3.0508899143633164,0.6480991220141296,-0.2861567824750444,-0.2727021179162449,0.6866752909407681,-0.2751012379186835,-0.29032921510114396,0.5480206829108125,2.027936343217988
105,0.743428252721726,0.030090520527227504,0.02867225715003678,0.7437383901915073,0.007528042723450579,0.034106075996589665,2.1796265473663596,1.1438389483753355,0.4735302855909499,0.4580037782403986,1.1554223000767816,0.47070584213866196,0.48496211326614114,0.8281752847483017,1.5060512726076034
106,-0.0697134896200369,-0.3495246781291178,-0.43259237993894906,-0.08324818990302343,-0.349829507731947,-0.41490257899146815,2.1222514247412247,0.4684955922006074,0.04634296372126143,0.0541855712299357,0.4320779619250733,0.08143312973808241,0.04233185080607199,0.6984590399762285,0.8683103737505248
107,1.2458418492400194,0.8693516667376102,0.8452556990751875,1.2369632450890156,0.8784603536766322,0.8496392260960139,0.937397518024514,1.4093041247935292,0.8307856940400602,0.755403678313916,1.421984571903987,0.8544039414474216,0.7521161898199827,0.09035116246285697,1.2264467405211017
108,0.5776927668007763,0.4512803411472262,0.3953151227980419,0.5984747048678816,0.44593623628044465,0.40098397096530713,1.5994542589979122,0.631551004298622,0.5085364117253974,0.4313849530677165,0.6450048292081773,0.5398990090533896,0.4102126361355192,0.8653516207332982,0.7844552468708438
109,-1.0560103826526357,-1.1480516028176773,-1.1900617126352453,-1.048318043776331,-1.1478514193054061,-1.1996811062420036,3.3901313431682216,-0.018803680611689827,0.03990413145615943,0.03426017307984133,-0.015656261445978394,0.0077932814129927416,0.03611516672204655,1.7275764167458119,0.08282666896362098
110,1.0582711010315369,1.278992360205558,1.30503395544229,1.0837065612196093,1.243767880345084,1.3038135956891868,1.9326223528118207,-1.438516762334461,-1.2416991202412997,-1.1808522726737145,-1.3177266752546017,-1.241279053729264,-1.132295175160644,2.494965419613498,-0.8728831362877034
111,1.6242827993130182,1.5491248243464641,1.3529487149832098,1.623418009272802,1.551964832755175,1.3419452353428452,1.469656474962339,2.0650459415127043,2.0708225034099286,2.2946374874297213,2.0542123405628665,2.093627490669854,2.278902197044788,-0.14276706105656706,0.7981308881663524
112,0.3521384695982203,-0.10186959823600848,-0.09835944631185062,0.3502776340419304,-0.08032667013720536,-0.10543785264982912,2.1575298483453507,2.297942935646967,1.841450316504102,1.3954288235315133,2.2898869248939255,1.8663122054317163,1.391306429740154,-0.5442246207693635,1.6329907165754078
113,0.5390830687520118,-0.5749140668702528,-0.5926882547318955,0.5450471030376186,-0.5704173013975237,-0.5758548754550079,1.6449338933294888,1.169992539625646,-0.5822006590821668,-0.5391982127982555,1.125253898618914,-0.6187215424125793,-0.5397425495822515,0.07877401967653536,2.1687425434547873
114,1.9617520685467185,1.3904987016298023,1.2727618499429578,1.968944774129457,1.3876929631209431,1.2779113752086386,1.1286938392809942,2.259202744160281,1.6129097976820521,1.5383691546787115,2.263029758195358,1.603313781689899,1.5240844681665373,0.04396565213820639,1.6745776893412734
115,1.2271382630308634,1.1144819338423184,1.1304826331372568,1.2247119807389844,1.1234083909287085,1.1229455845976328,1.4641243038335028,1.2140022434336344,1.0872721542330241,1.134327977639518,1.205241471016106,1.0770926186086656,1.141670857497703,0.32446086992368,0.9617636165527865
116,2.9520208822357583,0.688212417635216,0.6322095600172084,2.9536411317669833,0.6825333110411379,0.6128138060915188,0.25055125537178896,4.079449721181116,1.4704772660582166,1.3046489614190964,4.077176836743504,1.461549516901425,1.3001551887000928,-1.638163181970268,4.403822044256222
117,-0.20150666833572053,-0.33088920263108773,-0.3595100402850569,-0.20378663513311895,-0.31461614911621033,-0.3462804854698621,2.2172443078268365,0.18151078566584958,-0.05290901416024369,-0.057285943932648895,0.20044659306797802,-0.07542085399241376,-0.08735734084296523,1.0983527823928867,0.683279907008862
118,-1.5157948840474553,-1.6083542726267372,-1.4131623030246399,-1.4984140700537516,-1.6213831120203226,-1.4414008236621234,4.09174832848883,-2.1614077405463465,-2.198700708705622,-1.6786073901795493,-2.164407489821453,-2.195131676700564,-1.688589758893424,3.589425090227608,-1.2846292295048494
119,0.7278036888233663,0.24636495941190845,0.2387225951434841,0.7137566225010991,0.2521043527174194,0.24736779904032097,1.7755133927015254,1.1298806467230043,0.6783897290121842,0.6667683240120151,1.1237484484292548,0.678478278942723,0.6832078043967149,0.6423804692956024,0.9724927962398837
120,0.969940861047544,0.8237091970479743,1.3115538976174572,0.9682949112124652,0.8249756589920658,1.3162661472944803,1.4096452404572337,0.7681510586458978,0.5459592275141817,0.934035296839629,0.7660047917870361,0.5532302485333296,0.9374554061617839,0.8619623787150776,0.8729973213123406
121,0.3756079665844099,0.3021152244917353,0.3081582832666997,0.39991589545083234,0.2658256117300834,0.30317375656152584,2.6769179786904123,0.17023253566878638,0.15175500595171684,0.18171057681008243,0.16016732623748245,0.12452591195454205,0.2378050996270282,1.4166667219381188,-0.7104598881615924
122,-0.20785098118593762,-0.6721449971749053,-0.5930287146652509,-0.21023585304479098,-0.6744816284820365,-0.602603439892382,2.942959719491655,-1.038901556763626,-2.084849242657942,-1.6153894789318188,-1.044681866976304,-2.088450558419009,-1.620181793734118,2.8695187490118395,0.9813068062459908
123,0.9216094488483269,-0.016666373961796304,-0.01618805452166985,0.917586253680067,-0.01854085818507177,-0.049285120529802,1.3853064230459189,1.3100908068677035,-0.24981904722776116,-0.2590134245383284,1.3227545710756805,-0.2306146998765314,-0.27338699029774743,0.48086434962772384,2.495844498058199
124,0.5047785642712429,-0.8383758014144475,-0.7651220785388458,0.4995596579122927,-0.8282796998718996,-0.7736822873448891,1.8330295571162105,0.9378520277285347,-0.943296915216488,-0.8770223148369755,0.9465523381107688,-0.9466773406781879,-0.8722888058769688,0.7239121195955256,2.2478586974601846
125,0.6171169198127107,0.2177626139121734,0.23601315454857744,0.6211849892322192,0.19968112698061155,0.22672034999883217,2.001437935788602,1.1083478654687073,0.5561219145846266,0.5907937638074692,1.113298391298022,0.5485001100488824,0.6024869075000325,0.5287051194431515,1.8372723994053781
126,0.47850115151553374,0.4683677352983273,0.5102011931961118,0.4972486431632195,0.4750299607478796,0.49900702142508263,1.8870256947781001,-0.2777006907294065,-0.28303557207354446,-0.31001717634655523,-0.25868511829365454,-0.27207848082136915,-0.3164809754011519,1.702175015001005,-0.4380329636707757
127,1.5373443982062929,0.7132415610912406,0.6445274495310567,1.5276242856707591,0.7043774610735201,0.6419968643209232,0.9802949151199061,2.0314514558775185,0.6800542134708801,0.608700913487958,2.0273900303906367,0.6744985268640963,0.5875747224345816,-0.4116970115611576,2.4250341774301316
128,1.145246755372252,-1.4663055401600495,-1.4952921674242,1.1280564759400469,-1.4797623608257686,-1.4998119364288596,1.3454463892232376,2.4774590318546217,-1.2440413028671318,-1.232787971718833,2.5337036166190234,-1.2628003180585705,-1.1967822869420743,-0.40026949855047317,3.6319085549092556
129,-1.4745544637631534,-1.5537226925818142,-1.2754871858697328,-1.486593804870671,-1.550492486356438,-1.279608944170937,3.9629097323414895,-0.9945178324176723,-1.0058368541950398,-0.859389549652541,-1.0035300863861893,-0.9906360531640209,-0.877165202806719,2.4061648081430063,-0.8443495554429414
130,1.5994868356642484,0.418921222483328,0.40589378452085456,1.6012408168510117,0.4179406879448719,0.40838319854901217,1.0820766051194695,1.4531161417479346,-1.0711586259551173,-1.2104269921279112,1.4460873125145284,-1.0680556973203308,-1.1814464197106103,0.2597041273958243,2.4984145338438988
131,1.8663424003278009,1.8354357753681396,1.9058945359996646,1.8493146070607587,1.8374052735074793,1.8966226162372992,0.5894441872541546,1.9714856036667374,1.9720132775714847,1.932247103634558,1.9728178866256003,1.9683107288472463,1.9302115577856067,-0.4018341424868153,0.15183823086824894
132,-1.786093699533211,-1.8736531790273863,-1.4949874978529425,-1.7896713792522079,-1.8683359383821359,-1.4986854336103201,4.1325719725191785,-1.190437675761545,-1.1301207209198758,-0.9674131378204529,-1.2081234914856982,-1.1265527128265067,-0.9860514983274566,2.4149939696032114,-0.6607123204823299
133,4.49054889579147,1.2627254066985205,1.2149744849825228,4.502669921650191,1.2757746727649821,1.2213846916159083,-1.1298956477190107,5.263726883550493,1.5141664381760769,1.4982669488964744,5.275544416201932,1.5127169435809467,1.4948005842386252,-2.2898730916854837,5.711026815502833
134,0.7301627904453949,-0.8268527817712277,-0.8452004224202122,0.7328237246469265,-0.8139249442727312,-0.8375867450517864,2.888730404154197,1.9760684849422936,-1.047225905878715,-1.0290914776318032,1.9726214097199222,-1.0352883049369646,-1.0291198779102153,1.1227241022013874,3.2839001534789696
135,0.10244437359062429,-0.5112565948456488,-0.6937245643004389,0.09614913159745549,-0.5275775371642181,-0.6885878231922358,1.9506206684890997,0.6195129182823467,-1.0139244577898514,-1.180722776647486,0.6207021146544329,-1.001298120385195,-1.2254517333312296,0.7736400695099721,1.548439479160881
136,1.123468741643387,1.160797125135652,1.1222184447465304,1.1354991622504564,1.182986723620799,1.1283877035368723,1.4959004658152206,0.5213910871532771,0.6038595470290908,0.6396719552855501,0.5358371276959393,0.5860741536210542,0.6272969334001676,0.6532938072642344,-0.9142349071540059
137,2.120140123005567,1.166652666487093,1.309549936185758,2.11225214980907,1.1525335788680473,1.309284782136975,1.4993072211234753,2.673850779138797,1.201343126416432,1.3461474705946965,2.663475887934534,1.2060150562421497,1.3373889378394583,0.2566297170134146,2.3353674232717965
138,1.7386086583525295,1.1467436601262107,1.091602128018491,1.7227155158050682,1.1445636558491012,1.0942510786819413,0.3962774953815654,2.2537317487975623,1.41902256165185,1.4191125640109754,2.2442322094307423,1.4187095460805377,1.4132877083296318,-0.7046966424531967,2.3281069533870546
139,1.015422720231745,0.6982990666116742,0.7572009541182465,1.0252355142863072,0.7221776907352785,0.7947676764902224,1.2121085815336594,1.316075176548672,0.8756251969638094,0.9038191670341555,1.3833253238671808,0.7915295421490974,0.904252513343916,0.018863890901398988,0.9408001008870219
140,-1.4470595266716042,-1.3758365241605166,-1.435371693272083,-1.487711531627977,-1.3780585883131622,-1.4479413888388757,3.37842392211808,-1.6742417655247357,-1.521081198947126,-1.3777261687242506,-1.6760621983158344,-1.560399770921785,-1.4286190696427516,2.813321450642657,-2.1492208667739634
141,-0.6521128161981089,-0.5718739254228935,-0.6462731382337322,-0.651899533035392,-0.5558798314486405,-0.6407723308777353,2.3962475901862357,-0.20118503208008193,-0.14176588224796632,-0.15878943714256785,-0.20071198346168992,-0.1493944187936142,-0.12021273793505712,1.2070804576998264,0.08875243468529956
142,3.276471699648261,1.8851767300601316,1.956732311252182,3.2796049761027755,1.8688239352740914,1.963882150727623,-0.39225986469337265,3.7513335837944037,1.824508195117443,2.2383630235846876,3.750010382240569,1.7945807941827456,2.2311446347203883,-1.5632459171674464,3.5353435542794007
143,-0.3640678021090766,-0.4628551506753355,-0.45679206976925196,-0.3520977274244565,-0.46756086411696457,-0.49736773925844974,2.6580455432152714,-1.1503634541099441,-1.2684893622877684,-1.0963228967938574,-1.1975173926140474,-1.2707875838312959,-1.1043492937481836,2.2687491025984117,0.6652639920747377
144,2.5720053398767,-1.2810819229487997,-1.2187903557173898,2.5707285007614384,-1.2834061014617362,-1.2192368566789609,0.3642712635668142,3.757858872664647,-0.5112219862326892,-0.4738245381640822,3.761744439571351,-0.4711815571358088,-0.44790721710620485,-0.9696535028130818,4.8361277569020595
145,0.919687841451576,0.1464847369034051,0.13579986782730052,0.9099558943930923,0.14776770686987795,0.14627209334268299,1.5691408777822669,1.7756168407057829,1.037325578427821,0.9998012577246691,1.7808362591002638,1.0328368269350028,0.9038970339702194,-0.023048404293877656,1.522124343258269
146,5.806703920332899e-05,-0.3185626610098506,-0.3242862744913172,0.010330797098058142,-0.3246118993629857,-0.297587535496781,2.2793743485099864,0.40321355343823523,0.01524504768292534,0.015537952877215985,0.4202075627154197,0.1151468770072523,-0.006571869141888201,0.9636297973551778,0.39034195826120316
147,1.5072748283051085,0.012864719252400996,0.012107693565229151,1.5128164040199075,0.0163076564620234,0.027188396778376485,0.9852383185127838,2.3187799553250947,0.7931165488063932,0.8334862592240552,2.3080565845040675,0.796449524352977,0.8680330813557102,-0.48377475704082035,2.434089232651223
148,1.086892057199817,0.7003506666688825,0.75615232817458,1.1015043909489308,0.7461581011154989,0.7616491225008425,1.3681598985967525,1.0729776130533464,0.5794751418288477,0.6000770775987991,1.0713844199525373,0.6042235589608136,0.5693942962743244,0.7177301873126479,1.7448020852192463
149,1.9541651198700076,0.6988427717371021,0.680431466825867,1.959776175954221,0.6856569125682188,0.684824709873654,1.682520191779534,2.5180045202415102,0.6589820032258983,0.6146493319450642,2.5294423137851187,0.6528690029250996,0.6077308025427733,-0.09149327266099415,2.752430251154751
150,1.2495967204130507,-0.03197157039995928,-0.03350866767614091,1.2452080404581751,-0.04817241376566729,-0.04761127814063771,1.3674545320925964,1.1867916736596995,-1.0341422596816516,-1.0160834241347765,1.1908933397360686,-1.0410086447921658,-1.0154932000242942,0.9505256467114542,2.2450278030219812
151,2.0927678971935344,0.22092726764196388,0.2146043476604232,2.085149843321627,0.20071098677816354,0.2104017883027303,1.4367891055486282,3.406339861418692,0.35223269500796445,0.36042981860529527,3.4061839440883777,0.32640152607962464,0.36645117396069216,-0.6967159271010517,4.474373621580587
152,0.22813714798644533,0.16520688950304294,0.16643532938984237,0.23811371405377532,0.17377167817009703,0.16181745988292365,2.6370890746336437,-0.07834728239437917,-0.10816795788037614,-0.11075953494689571,-0.11341274361654186,-0.1299479316305232,-0.07767793996751848,1.388712978535796,0.036782006536223724
153,-0.7787885204969688,-0.7719560588041605,-0.8526994250258392,-0.7749284708878845,-0.7471201928618257,-0.874671540372489,2.707449303995229,-0.9327878513319832,-0.8979766585503389,-1.0412135171912076,-0.8883442454635881,-0.7847641056375051,-1.042628418291101,1.8702338847309163,-0.8867255608865219
154,1.8017114874769609,0.07390699146767818,0.08260209938835525,1.7865139166313868,0.05805392908039493,0.041240111158024326,0.9634994416460715,2.871925357899537,0.5019233602748288,0.5564483443757098,2.8672100495868627,0.5642422243516111,0.5395717396251738,-1.1038771557985891,3.3070799539172184
155,4.42531501015378,0.23945660438814068,0.24858080650835515,4.420272756760161,0.24302641056703417,0.24996322234327703,-0.5417432288516056,5.327452889533527,0.8747587191617359,0.82780653563309,5.323416945788785,0.8809270487200387,0.819594059301133,-2.221925716546891,6.738864761807476
156,0.25521218775894733,0.11046227251364918,0.10743485031822338,0.23174922665990846,0.12464401379625076,0.11076009192395446,1.8591031569503327,-0.13892125808152142,-0.4033327135514077,-0.42238648876602314,-0.12023387116705302,-0.35760730276529884,-0.4646048085322948,1.3983494337406963,0.3942881518283233
157,-0.05535393403393402,0.06805827338308283,0.05854659943346742,-0.0596037883516119,0.10427384137240119,0.05433727323935089,2.533420450457884,-0.17215113023861045,-0.004506453677479824,-0.004138979766451273,-0.17053696742932728,-0.0015302128778085513,0.011745962648349246,2.06897126442221,-0.5632612330812039
158,0.8737432847059042,0.09915414327447553,0.10737050292700553,0.8965589286163698,0.13815067884418214,0.12604122779259777,1.0811918130547233,1.7177095473213753,0.4148404459444204,0.44257429995040026,1.6638096413733392,0.5110306989100982,0.5085865498519713,-0.6308668168686652,2.3437553329305367
159,0.5279943562768327,0.3570594459722802,0.35455044947715775,0.5291956675517988,0.3753654217883023,0.3525838697605743,2.299286015424157,0.07575554236590741,-0.337611501564398,-0.35494938730924724,0.08158786236537287,-0.3733413551758435,-0.3256729487952333,1.4798928716736757,0.5563859682320551
160,-0.17823931969429738,-0.12108597215730343,-0.11665925771037232,-0.15939891220047817,-0.12805918451536172,-0.11832142883798918,1.863111289778008,0.1501458598376087,0.27111671954114824,0.2500259155857606,0.1468162419904624,0.28553039042634526,0.2213895689122442,0.7771318596339903,-1.1304502807319519
161,1.5411301556597967,-0.8217162892247626,-0.7357749193168017,1.543400256933266,-0.8190714532594653,-0.7381580845888245,0.8474515800355642,2.9672436111669462,-0.773820720505989,-0.6584382179053595,2.963774975142329,-0.7581066903885202,-0.6697539384490553,-1.0254662484185175,4.4552572343151535
162,1.098056962141331,1.139840269852426,0.9456313464347202,1.0997379549846586,1.170547162121071,0.9434205875471962,0.7338454625378805,1.3436805279192543,1.4453926323143653,1.1904738120022804,1.3711411387176722,1.3955265770586893,1.2050664166530132,-0.29570162410946876,-0.6430027835420068
163,0.1430099182049657,-0.14435313227800894,-0.15209678343700878,0.13237040571469688,-0.15595395120115674,-0.15273977954414733,2.7480929836032577,1.0806516571840248,0.6656649738271289,0.6289475761741756,1.0802495054974335,0.6822142216919878,0.6196520272308655,0.94529955473152,1.6280658671020878
164,0.35764569706345545,0.3018270390211144,0.30804392780983203,0.3697090019541721,0.3136534762358582,0.29513280095987265,1.5048440077327958,0.8743923949963723,0.7782719180477619,0.7658539772960414,0.8430078072982362,0.7881150195230086,0.7602865764591517,0.19349881970312618,0.42569549382755656
165,-0.8798682072464903,-0.7773140883826323,-0.8731342036168078,-0.8751998640638332,-0.7822349176640195,-0.8928134525172958,2.1794502997966174,-1.0243452224078975,-0.487733723467755,-0.47356675207724674,-1.0609577620737811,-0.5464625050316504,-0.5899748559251576,1.4318260111561396,-1.2695313783599607
166,-1.7663685276704106,-2.236443702364792,-1.7708952617703226,-1.7544886569641935,-2.2450294015044325,-1.7748267112538476,3.992079414515865,-0.5499826793998757,-1.4971968585141324,-1.5190858813831993,-0.5625663902193014,-1.5005984223578135,-1.4816336723664225,2.1092046024261744,1.4802269319490486
167,0.0720170133058644,0.009820876574871589,0.012059869073974808,0.04338462910657545,0.0027140666620107472,0.027476998701508545,2.0922101064694814,0.3759685790958559,0.18607888661868813,0.18944295834464944,0.4130814244852847,0.13957186008686986,0.18170432458383437,0.6109360088185174,0.8233246220504354
168,-0.2372929633050534,-0.42126421055461205,-0.46456931360264614,-0.24257653254453596,-0.4332520908527817,-0.4733705610035752,3.2615147226479966,-0.002390564586092668,-0.23542964204663644,-0.273904781507831,-0.009369323833931778,-0.23853713668607562,-0.2754031962288224,1.7746339846598753,0.6856144523064973
169,-1.6320437078655894,-1.7825906540605467,-1.5413549035446448,-1.613901682982174,-1.7653997523140812,-1.549917084688842,3.096721393766338,-0.3823651764703371,-0.6902863289457815,-0.6305982122355472,-0.31050816814879223,-0.6268146248972555,-0.6878841651195263,1.0575741896663835,0.49794517078344097
170,2.3392403804446906,-0.23353853837722463,-0.20428919283208785,2.3352503437049834,-0.24508015508023737,-0.2067936379552238,1.4256980192838882,3.4369152611362552,0.20904801929769432,0.18243452769694396,3.417363930280085,0.20648803135720323,0.17918666522171603,-0.7202367882267414,4.18181073830576
171,-0.6299514565831313,-0.41001506541229743,-0.38722866829638974,-0.6219174697655203,-0.4254185053097439,-0.3912452841201991,2.643231610213494,-0.36618676258199856,-0.36690560669589134,-0.34654877950390994,-0.35521976829134244,-0.38033897900889274,-0.3666080118413722,1.4679015646221674,0.0054753326433379474
172,0.184476155725731,0.3359636735251787,0.31262129010789075,0.18708819507314506,0.34536831539303015,0.3195031207581553,2.2564339364716215,-1.0392444557660179,-0.6633362831052539,-0.713642648554095,-1.0114217344641818,-0.7186587026245761,-0.6250301096217565,2.271223393882007,-0.40259899846104547
173,0.47569501009788806,0.5796198381535898,0.530843808162477,0.47961239302772896,0.6076869450418668,0.5190364245959903,1.3801812684476322,1.3840828450846703,1.6026040408115194,1.3450684852423753,1.39917509078911,1.611052097745752,1.360535818680966,-0.2376018174529371,-0.8950651664885245
174,-0.2489570071870669,-0.1351375407948127,-0.12368942802023981,-0.24052708261820896,-0.15748898333909536,-0.12822936914390237,2.1674301804330978,-0.4000626263907705,-0.2401588475177093,-0.2639345885388415,-0.4039336272834589,-0.25844316014258745,-0.27821701969133295,1.1787076948072905,-0.9254742597604793
175,1.437170347077968,-0.05841165785619902,-0.06342316393847847,1.441570636135913,-0.06750332165166827,-0.061203095151389574,0.8615896341896127,2.2369447756957537,0.1818729528379126,0.20913664434336704,2.245685913073208,0.15470956338584801,0.21187780419389327,-0.7079340434313431,2.9016302433102386
176,0.8845627733087925,-0.5594534877023933,-0.6392029881663344,0.9284479610884963,-0.5678851656789043,-0.606702074983866,1.4933006331429852,1.5461210118091484,-1.1933232148632666,-1.2814637019949926,1.5387289209935013,-1.1767068901157975,-1.2851857417198167,0.06681831699927654,3.0122175484086977
177,1.0956066288165214,0.994617395033731,0.8942131720297191,1.0937052047125657,0.9894988249523284,0.9015661041843748,1.7536370977312588,0.9197577935416383,0.8853832925505705,0.9140469444867119,0.9298618038806672,0.8492472492399082,0.9157567317667553,0.5101961572280942,0.5700673017293648
178,0.4646294776524422,0.491722201961421,0.4795153836923376,0.45669916699251234,0.48458283112914946,0.5096706113732595,1.712149649997505,0.909793710477954,0.9921138432724682,0.9333940756662983,0.9420312773398397,1.0447698534449321,0.9101301236169071,0.25794774893826744,-1.0062214260195073
179,0.5681072490726088,0.5957834975665804,0.6364076101386384,0.5914526729657645,0.6123103228127241,0.6458146945545952,1.9975724020840822,0.8067862257390488,0.8349193894855766,1.0570645954021658,0.8288034854759043,0.8273301128962173,1.0074507549424454,0.44350121915372714,-0.36695707234313146
180,-0.5267079954476754,-0.4273693781472767,-0.39649102460342633,-0.5041006071224435,-0.4090030705683651,-0.43349564099150145,3.0007825588047994,-0.9770739903099658,-0.7869734535309567,-0.7190209438152869,-0.9459183134540845,-0.7811032877934434,-0.7171345388659268,2.050971477980692,-0.8353372680417374
181,0.23616639991156566,-0.31989861815203147,-0.31149180365560225,0.2180980470044811,-0.3357631963562041,-0.313853543293454,2.019988251351722,0.5617920438181383,-0.32601252649461265,-0.31339294919979316,0.5306476409272239,-0.347483006852469,-0.2918909850865003,0.6402002389068319,1.3063987588739074
182,0.8304980277255797,0.9006149786642018,0.9651322420626465,0.8376388146887345,0.9008165897831668,0.9874254032451489,1.4410037362681012,1.9651196481001454,2.111118192581734,2.112954273949656,1.9515586313862308,2.1361983944342597,2.128501821729156,-0.6374101574283044,-1.418781713681181
183,1.974559585822331,2.288459709545596,1.8447533496853838,1.983558992627853,2.2891768569423525,1.8491889644864319,1.4623602120366201,1.0534423828889503,1.513600422686785,1.2406337078693894,1.0430848332171359,1.524298430690409,1.234226038165282,1.337509013596192,-0.9239040350456235
184,0.10408930865842458,-0.2426138293673464,-0.2777212545047115,0.09640165162829241,-0.2409500228952021,-0.27975427459782387,2.396463584632454,0.25732081072555646,-0.42026129791225747,-0.361501901408901,0.22486417935733294,-0.38364832666203763,-0.3982197436749874,0.9762419366505355,1.0758819671904167
185,0.6293893806841181,0.5914804682368681,0.8795536363405904,0.616735348073465,0.6249257869994668,0.90674658056023,1.5215075686970505,0.8837004570255292,0.91578180877414,1.0216951151626812,0.9342691285518914,0.8503532172312566,1.088838088378792,0.2002918723067334,0.04053164381691174
186,0.5824356787813808,-0.02714623949036773,-0.026000915413684548,0.6146482222923676,-0.0225352585040142,-0.011200603096545523,1.8352426977860483,0.5482804784704295,-0.6376824773582863,-0.6721121180496389,0.5213204341221254,-0.6630044893567201,-0.6242804848713273,1.121358405959852,1.3357268052415432
187,-0.08096117269868697,-1.231212497675419,-1.054734912399112,-0.08012318480598854,-1.2314613157960859,-1.0321073902308702,2.5619399245129917,0.9568605391984788,-1.0586945343194802,-0.9655146804087585,0.9262906700523423,-1.012241066705932,-0.9148821459182287,0.6258862695185495,2.3109503329101684
188,1.6679548560382729,1.2575629727046023,1.1131717170804862,1.6805661079432497,1.2505498735676226,1.1206701188997277,0.8955924917214314,1.7873277330313269,1.3243257011977378,1.1686571857223718,1.784737154355278,1.3375870707532413,1.1866595910132562,0.017132287303570606,1.4625204191805574
189,-0.40394499851712495,-1.1862146729769334,-1.2222643500361994,-0.41306002864576713,-1.1939363090419712,-1.2294889802686915,3.0963585255368358,0.08224851010256456,-1.0859272420082302,-1.1136684888702286,0.07152636841888135,-1.074675018328791,-1.118724077197411,1.8197911190047764,1.5820949471686558
190,0.4784302768732849,0.27650911649355436,0.2800853969195176,0.4629279071180114,0.2872523698826575,0.2821371500898843,1.6954537318870035,-0.005143184662540165,-0.7921575588389954,-0.770149809793567,-0.013869469652216209,-0.794768575586024,-0.8777657687057522,0.8765595820207626,1.163540963737067
191,0.1472201526547481,0.1652555263889228,0.1735041687384594,0.1704282524143991,0.16559724978363216,0.17796226370628707,2.2711377567085136,0.634762333825064,0.6769622344148449,0.6480438507757742,0.6374712524348464,0.670144366559684,0.6690473228015243,0.9642658736061098,-0.3636417644599352
192,1.1249072086638274,1.331569715338728,1.0871341875118523,1.1051941484460346,1.3334729447166405,1.0821698811693818,1.0713759238963185,-0.9316509852817338,-0.33365838969917355,-0.3059128207697481,-0.9265990207155127,-0.29542832911488404,-0.2961239489636205,2.0177885068246684,-2.4292264825163965
193,1.675842966912885,0.21342377682360175,0.2377740871349929,1.6811957472924657,0.22577637067568584,0.2480363839747493,1.4366091043489966,2.5165785835241636,-0.2766828340640587,-0.27850787391973086,2.514535005356661,-0.2419769294431713,-0.3005593467434783,-0.40940867830401007,2.91144513605203
194,0.1122252004375593,-0.2616222448824084,-0.2714722037293866,0.08283000892020799,-0.25403395711347176,-0.25830934449654763,2.175125012266267,0.7995403022494129,0.19788219256781178,0.21364959320516716,0.83680523786873,0.21340690051637404,0.207306494966317,0.656309318972376,0.853531860022603
195,0.2822424635536329,-0.11724206929376521,-0.11531127432517081,0.2569381112022815,-0.11189846939349485,-0.11069639184746353,1.630871255622913,-0.2644967357003802,-1.0403065752813228,-1.0745604799615232,-0.29130078060694753,-1.1156787091032072,-0.9923849315446184,1.2055493022791575,1.9285799101050132
196,0.6038655376277192,0.3397247254136249,0.3146146036353173,0.6195670396873642,0.3310350661994177,0.29696819713979383,2.4155473630089777,0.607794905846474,0.27925570097982777,0.26050386128250136,0.5888441863213004,0.28039680605570333,0.2605885144408268,1.2265570508943726,0.6344173360454761
197,-0.01064401238627406,-1.1615997678188423,-1.117708989737788,-0.01074156416692826,-1.142033742116271,-1.1238022101791099,2.0249699296674892,1.242487239319273,-0.47790908594304576,-0.45455227419391947,1.2404164443185186,-0.4450081615740681,-0.4487286229152302,-0.093110054988941,2.6297502489026052
198,0.4906840100670563,0.2614389683404135,0.32390533237979535,0.48632793539736235,0.25414019915653613,0.28682418753300126,1.954965841489537,1.2423129273293558,0.962598339073288,1.0065215308364213,1.2476309397794967,0.9585592983018038,0.9711967838969465,0.11149591139917993,0.9577960886733945
199,-1.1504524000511747,-1.255589291417486,-1.3417584612665592,-1.1601621493943848,-1.2521800554926927,-1.3500511867448766,3.2659995969503024,-1.388381112679999,-1.538259984039327,-1.5559468104768217,-1.3789161905030933,-1.5593422597517679,-1.5674704932687105,2.9141632157102384,-0.46095956454843556
200,1.2734757827179173,0.7179700896867574,0.6482044376066984,1.274783997330879,0.7278848789554919,0.6538237854597272,1.8859290904491883,1.4256561912563543,0.873088040293556,0.8360913849715429,1.4229922285122687,0.8924347772303594,0.8415346621980022,0.8935437181450903,1.356867339176787
201,1.6935427260996916,0.6297939465076997,0.58671872200697,1.7028572651572202,0.6442509213661862,0.587867671651495,0.9707820783671387,1.6388896523820633,-0.12305452204545753,-0.11967607561611067,1.6585613173191018,-0.11790476769832726,-0.10469835605386632,0.21183877166600767,2.485779757825473
202,-0.20895564246446582,-0.4610731804758974,-0.4622062140258267,-0.20103587314146237,-0.4655715767488781,-0.4694882671284575,2.5829029014969396,-0.0531671481652186,-0.7268900619745475,-0.7289776906573986,-0.038270458581792205,-0.7399860241538734,-0.7102778889656299,1.636043211837422,0.9657470159999102
203,-0.3301185196636275,-0.7834456704275117,-0.7387406949211959,-0.32175756451954046,-0.7767066546740724,-0.7481470255034806,2.014935716813713,0.691757526326484,0.030904156840288664,0.030765496922754286,0.7213089056138233,-0.003356212912371309,0.0787594181028947,0.4382208581061269,0.7743245782480969
204,1.3071649056171142,0.5664312635647135,0.5587976074085151,1.3017983457486886,0.5594841614301259,0.5624625371281025,2.0277002600473084,1.2934263761301805,0.4240807807808381,0.41467168339122734,1.2941722176738368,0.3996277078269701,0.4121868321966435,1.4243521413617213,2.1877736772207825
205,0.22160158273643904,-0.38209054348919247,-0.33810059806108955,0.257719741505128,-0.4063335280397531,-0.2991002598575581,2.441072165785633,0.3668842795348803,-1.1671423465396322,-1.245604908398321,0.3701478841354273,-1.1665810342203937,-1.239789747411765,1.0626622435395106,1.294895390845405
206,0.9310310279281655,0.1220860156214375,0.1198251923105903,0.9450596533926688,0.12424006409034007,0.10630186675846698,1.682098384277575,1.3828950010740002,-0.5413784859225675,-0.5651083735059981,1.3842627042105806,-0.5002851372361472,-0.5700262500802983,0.07041278267599868,2.301691898179137
207,-1.302236213320349,-1.57681976337936,-1.3396370359357452,-1.2987574596214038,-1.56351247944341,-1.3404347211461336,3.755302644213877,-0.3758640775071872,-0.7631131206510194,-0.7422292653641666,-0.39401352621706826,-0.8023286676812744,-0.8037171609621807,1.868055149815286,0.35941687714195425
208,-0.2820763669276772,-0.8549869269707217,-0.8405944816543374,-0.28938157968959144,-0.8773936503220406,-0.8519331772983385,2.0243192104011336,-0.707742481813323,-2.444268293654284,-2.13397105245568,-0.7323321042551624,-2.4631597673084453,-2.124414652704681,1.6410411593393546,1.429281185272621
209,-0.30529182396362337,-0.6618502237084082,-0.6482808767459284,-0.30619708249068756,-0.6537802138889194,-0.6237108213428407,2.640366920775324,-0.5298780964678749,-1.219632610104487,-1.0217004977108965,-0.5339698345771937,-1.2624684326634426,-1.024472010768985,1.9474693873571853,0.9819356476473834
210,-0.058150123282745,-0.16002050822529287,-0.2440095393056578,-0.04713969590453948,-0.1392570214973101,-0.21514927861155111,2.3434211399181923,-0.3353972852576229,-0.5265130568096913,-0.6625385384818103,-0.3291609054828924,-0.49906492707012784,-0.646199149860935,1.531509263254621,0.4407439088546144
211,1.9115840714273569,1.5810174327817776,1.2972420192980594,1.9202064518846995,1.575893613521288,1.3026307799265417,0.7813683149714458,2.111396117087671,1.6403972351017,1.3815326002896535,2.0937963205739836,1.641319894067096,1.3891217810730532,-0.11977101148577907,1.6874153371442007
212,-0.7936668077953041,-0.5326876149379254,-0.5099450569540208,-0.8039915318745868,-0.519784909620205,-0.532107802931916,2.7429574744075196,0.37884590365144344,1.1384639908785277,1.233959519118335,0.363245651069539,1.104597981170267,1.2196839048960821,0.489390940966637,-1.0268242114557309
213,0.39149128131834665,0.38372910453715886,0.5238519266460446,0.3985923568818546,0.3427816577696818,0.5596653212578312,1.736931080677177,0.5713586600015322,0.5590720600127551,0.6809878223667019,0.5442192878830497,0.5691603373163562,0.659740798967231,0.5359855016940979,0.16567844264202544
214,0.9698054516919141,-0.6130910510451868,-0.618554298654689,0.9872974950547362,-0.6087371065270444,-0.6239632507433983,1.7783681840449461,1.826769240136603,-0.24256704301964993,-0.23889857056349298,1.826757099425852,-0.3028785362071446,-0.23126386117831366,0.2424536513865518,2.7741853111511268
215,1.8330378114157637,1.8732621540772774,1.713789160247819,1.8373740704484927,1.845747848064048,1.7021169989762803,0.3302632571545342,1.6881523764031456,1.6273023644653601,1.4872793255948487,1.6962408879516309,1.6218183202963108,1.486852443593339,-0.4380721508092467,0.9219964220945911
216,2.03630540043698,1.1558086907027894,1.1392189764811012,2.0328604166982083,1.1640679204417244,1.1403735022713304,0.8965331936698525,2.3555738931329824,1.1787961195603909,1.2132976334703114,2.3446371235522547,1.1560061628534768,1.213114362650425,-0.23678065114012767,3.168668854916293
217,-1.2854819883356285,-2.1452351366014297,-1.6733652446469414,-1.2596281114026155,-2.110039450628083,-1.6743337684772825,3.2768445758587346,0.5913476201941168,-2.0858939380286174,-2.1775099274067267,0.5655277662684555,-2.114190665330458,-2.194004822598182,0.6427874958499503,2.6882960408114656
218,0.3959723887899419,0.07446846355073576,0.071970450414404,0.40382546069193354,0.06570407134829678,0.09066403685571178,1.6138439588804092,-0.07116713717863346,-0.9639745744143611,-0.9162059667882246,-0.0883320623484831,-0.9944495414775483,-0.8706677205946874,1.423590232751147,0.8604727717914403
219,-0.9073486175621726,-1.2821040789353162,-1.2272714467705104,-0.8942955236872352,-1.2501634942412208,-1.214209834716246,3.438096270268146,-0.3776647326134347,-0.758556435875918,-0.7198206887441976,-0.3435986674623579,-0.790789869920225,-0.7519819308863362,2.0060189622308995,-0.08392028735963772
220,-0.864135245596542,-0.8484229101058877,-0.8564719363803686,-0.9032993079442686,-0.8326606774531918,-0.8217776468867773,2.848999197113164,-0.06492889846732126,0.012491824145142183,0.013175514287494403,-0.040702778291581164,-0.05337286164677713,0.07254401615667773,0.933812111189734,-0.3855254208641256
221,-0.7732630335858609,-0.43170353553479335,-0.44549700446691337,-0.7473138389232847,-0.40279105642913604,-0.46076327857734123,2.6985922099299176,-0.8952903462990309,-0.35292793255344046,-0.3163816846506075,-0.8853587301762847,-0.295617525485467,-0.2617170737192419,1.7039743117816801,-0.997104094676866
222,-1.5658902726497004,-1.604523563502432,-1.3227458284288023,-1.5634432177959596,-1.6060645750212847,-1.3157439002309408,2.9803200468161557,-1.4239593088947942,-1.434340968900338,-1.192387627933897,-1.4249341389598131,-1.4506098863683075,-1.182707501583875,2.253566849437535,-0.9598700630183572
223,1.5123820158001458,1.277835642601967,1.1778601653807774,1.5114521470370774,1.2701024477612326,1.1804667848606576,1.1212455415357263,2.1604082875497865,1.8463502287875175,1.6134146015823176,2.1547575443856486,1.8502330921642665,1.609545647200687,-0.8375378023222946,2.0452512843093644
224,-0.5737074262797589,-1.0926016773908358,-0.9191612731524231,-0.570549381003819,-1.0896608916209718,-0.9121960884573619,4.299549078438546,-0.30012064636113334,-0.8248731991597272,-0.7409955257104001,-0.31118030378404354,-0.8201554046216221,-0.7277855744337741,2.515774618127405,0.19005139636062574
225,1.889557091769795,1.796701248778793,1.9495676133764688,1.904342626486112,1.8146444285703835,1.9377681106478633,0.7327251388093262,2.3686499322117487,2.219379738759658,2.2754726387178694,2.354445011303421,2.2318781468060225,2.2640745268056843,-0.8063612246525452,0.4719413888272076
226,-0.8037356843806457,-0.7831974518611492,-0.9248419370484107,-0.7904164767400311,-0.7821045826098063,-0.9227234799092439,3.2573841009158278,-0.22471585965099175,-0.152023726251587,-0.17753969219570098,-0.22201272904589153,-0.14325949718554046,-0.19359593413874165,1.7137725116044578,-0.5074972010044314
227,0.646479316533668,0.5706178933336996,0.7206976681808744,0.6631250712186026,0.5745090577050491,0.7348719459220845,2.1743312058723654,-0.4931422037133282,-0.6224273226595655,-0.8341544595807565,-0.5191032503029633,-0.5842635283667397,-0.7945614520901657,1.8668167658403607,0.021211686860112086
228,0.6474685517690335,-0.1932882809712295,-0.20566455593238775,0.6484457258439439,-0.19840307895266504,-0.20136612314305938,2.700617747262164,1.376417695373106,0.2801965360200448,0.2977026155748759,1.3676877541785972,0.280701649458266,0.27285051059524706,1.0005450864656102,2.0519335329015833
229,-0.2587231503139052,-1.5534517234158913,-1.5734662859294424,-0.273640592195884,-1.5495119480306172,-1.6146542487254256,2.215404762738623,0.6754641750835731,-1.037513316839877,-1.1291419172611614,0.6773593403640351,-1.0365297236533288,-1.0810964359601116,0.957994578246123,1.9989416254333354
230,-0.31577985855913066,-0.00380441889427507,-0.0039398837682392135,-0.33165757567045184,-0.014183169268293659,0.008195475468184525,2.5880863342901375,-1.0060464284017845,-0.38393625232592204,-0.34794053412283443,-1.0088705439212742,-0.3684869392195426,-0.3443968203482902,2.211283619514978,-1.1756355651694772
231,0.16773986702517885,0.18105203494266925,0.19058746659531822,0.18165036211380983,0.15811972787685583,0.23457478619500582,2.45841069529563,1.701889328816203,1.6130157156915463,1.9837499273205463,1.684698510658271,1.6179331897846072,1.995547314832123,-0.3456755514915283,0.2729611896829388
232,0.04941446814393744,-0.07622283784926748,-0.08605751806433456,0.07100952214755958,-0.07525576006969188,-0.08973390968928904,1.8453428953447684,0.341155810398963,0.025204954986099093,0.024254522588552374,0.33739400026595895,-0.01428723759765296,0.011144557468038042,0.8580028106150224,0.47861385707272963
233,-0.24662591775699216,-0.6977620801336799,-0.7886665568568939,-0.25267076699151797,-0.7035448475425834,-0.7838384304737805,1.792641215755515,-0.09221927229756674,-0.5977486189056338,-0.8454211005993819,-0.12031955552702935,-0.6109059772508711,-0.8156207685067908,0.9325467091074772,0.8268796377759062
234,1.433743070371152,-0.0889068902172289,-0.07835140862000355,1.3966670288757137,-0.058949367542260475,-0.07885609713978635,1.5087810559531698,0.7931543194907683,-0.69140774490178,-0.8729672347177514,0.7894390413190895,-0.6667514401123205,-0.8794720226585089,1.273863566122015,2.3193814088848357
235,-0.12398753004417143,-0.11036704339672791,-0.10954174298473779,-0.1256034166406742,-0.11014464926085646,-0.11054776951098554,2.2457507026432473,-0.2753350227128508,-0.24851848032152105,-0.26337387490334013,-0.25421435914644835,-0.2846533393440428,-0.24083719629930603,1.4807577852189555,-0.21102041760752205
236,1.3928501869697276,0.8827509597822826,1.0566686676226764,1.4058352189086825,0.8643675585596445,1.0484083910134567,0.9674957740074103,1.926970835467379,1.3081078572333034,1.3434597068745902,1.9299633986700784,1.3463511247458055,1.3585859605161053,-0.3959504984524549,1.7855474407280618
237,0.8580691433841613,0.9347176571551966,0.9457403175550682,0.8504282352089789,0.9242606209525903,0.9291997263061973,1.595219672934015,0.09397687720509386,0.3035821817568307,0.34163542222085663,0.07429148920330982,0.3487912241801256,0.3628377168556647,1.0702629439736178,-0.6883667914257541
238,1.8729712756182602,0.4571676996744429,0.44316279174594564,1.8803175611243885,0.4525351217870049,0.45106043524184186,0.8730375351049712,2.9603941320556286,0.8379282063440668,0.7345294064544013,2.971834785874677,0.8494533870608187,0.7493737957109894,-0.9846091581625451,3.3665987005916898
239,1.5601953396030595,1.7806284984354956,1.3079709555014387,1.538632525153435,1.7656208063166245,1.3071299653788775,0.21600146532416883,2.0158874111452514,2.336643941027217,1.7538171452345397,2.009937999699885,2.2796979944535596,1.7388854637445315,-0.9487381089500584,-2.7314607328824874
240,1.493532375189509,0.7323612911860002,0.7025913962060921,1.479561803620574,0.7122969293134869,0.7061117925800614,1.261741107175775,1.144744457101012,-0.6668607842189013,-0.694937431724734,1.1771655379812835,-0.769693994134668,-0.6277804855078902,0.17688528610126902,2.4003738211958403
241,1.2893672677440327,0.8792346728759202,0.893226216697604,1.302013366488048,0.8524711025215231,0.9035905503310567,1.5948318569522828,1.727679975193831,1.1882094273289,1.2361697608060889,1.775232324332015,1.2024441476250207,1.1860039861967342,0.1650342845037732,1.6400222408628782
242,1.2165859681941096,1.3227221138190082,1.1599769229077213,1.2078346844854249,1.3468911558419836,1.1673598303550894,0.8346032314265949,0.42418038674395064,0.6656150885659182,0.701287798525943,0.4221540434729496,0.6597354194498141,0.7218742106948443,0.5047759052538231,-1.6708081061606328
243,-2.0084759145949906,-2.2880089631276523,-2.143439558110964,-2.0114831014950756,-2.275403779076739,-2.1384777279388847,3.760523644713515,-1.5676721574269694,-2.2184362230340935,-2.2512417967700173,-1.5733220805257049,-2.2268150099270834,-2.2545734146481298,2.642213353544219,1.2111006505463384
244,0.9375483902520162,0.501533820984771,0.39388964192709,0.9318467952111592,0.4978625329408923,0.3966036935919987,1.921112813242366,1.655153185691789,1.0585999580884693,0.8541268369393747,1.6706683547707797,1.0452377975165565,0.872326330467279,0.46711899596928663,1.7717975097046725
245,-1.1700067644959964,-1.5045502634157661,-1.5413356645335432,-1.1767098999398653,-1.513910192670073,-1.537225920919681,3.09111743323916,-0.797981289192933,-1.835199437140675,-1.8344273141036576,-0.8079700585953106,-1.8410203315193718,-1.8322513835619283,1.839976382475692,0.898226182268104
246,0.832809891139764,0.7379562491020358,0.7523584973400107,0.8478231845396913,0.7272741618211371,0.7464340179841928,1.6610835802100048,0.9567775395879904,0.6939347770016286,0.728406789446064,0.9675303833383372,0.7078972951968824,0.7569744886945559,0.23050550112252863,0.8155539985054122
247,-0.6748846207154316,-1.3087946839965074,-1.2825674073622026,-0.6966493916324447,-1.2993860065949328,-1.3115279507656739,2.922463936556914,-0.01930852205749636,-1.4789245558269752,-1.5034793128947044,0.02005314381056738,-1.4858380881579498,-1.4107806565460512,1.356548672319786,2.111936355556583
248,-1.1700853811401128,-1.2231762174432603,-1.0346371849687341,-1.1818711037410645,-1.230168105710575,-1.0305095604237398,3.3800907135614784,-1.2447147719982163,-1.1579728173673638,-1.0451044225294686,-1.263393225017699,-1.1441589151745903,-1.0346103971516334,2.6931154336493437,-1.0495259965174308
249,0.9308155667507471,-1.4431445774688803,-1.6168536166911072,0.9289896723451229,-1.4455796794836717,-1.6253639211087878,1.6583751763263752,2.0235090276730823,-1.8560017490000342,-1.9626518009019693,2.006092947645595,-1.8358368562899507,-1.9740153902815727,-0.02403121178884777,3.363015684865044
250,0.4246681165922715,-1.2150742311291545,-1.2605371733503843,0.4175372700851361,-1.2101977293447297,-1.2604447944817172,2.6270793488889588,0.9690637074577159,-1.013532135393114,-1.1250911753108437,0.9472264217969871,-1.0166980091501139,-1.1292753341709478,1.2733041139252306,2.6780531333303026
251,0.9360200742691692,-1.495980871881007,-1.3807923572333207,0.9334187381872135,-1.4696105893307079,-1.3812447508483565,1.2478023066637551,2.3374632442159293,-1.0484944820258384,-1.0077720664093606,2.296589465448176,-1.11368445932165,-0.9697932442518754,-0.5095527436235503,3.460670717963943
252,-1.470167170875044,-1.381619769746173,-1.4082653811646786,-1.4689844410780597,-1.3997653994934935,-1.407585413353381,3.3741218865530485,-1.159889074832502,-1.0356032955518797,-1.0139766897234204,-1.1523670507559525,-1.029463289495032,-1.0258538568760314,2.444884284065627,-0.5311656305723613
253,0.4700652764303156,-0.4729034290853709,-0.51246834381703,0.4920664736788379,-0.46346079931912243,-0.4584058819014717,1.9796852537650425,1.4974642564169984,0.1923265509667643,0.2431211907195432,1.528218873108238,0.23052796260442154,0.23258812980680105,0.06268825755059235,1.9585927787361137
254,0.6479157692359666,0.6673077927613883,0.8643569086058515,0.6377095479506758,0.6716687916440801,0.8677403088846627,1.905967952806919,-0.11862010501191973,-0.10112091714749417,-0.1329406235903267,-0.0971251233196207,-0.09733366976946779,-0.12605189051320803,1.4944958922098164,-0.7621507765344043
255,-1.061562513547167,-1.1213183616793416,-1.0619914865972209,-1.0717107886741866,-1.1349963563964338,-1.0308207844998873,3.5612873033064543,0.10104238792448642,0.032705381112708265,0.03137129852779714,0.08790170793240215,0.0036362945876513672,-0.0207394557438481,1.3354850598199313,0.3761283970859075
256,0.4701928018298119,0.47951843426447927,0.508186657434307,0.4567013207501171,0.4932166971372936,0.49902809029698547,1.7524547871563387,0.6175625499123268,0.7176865940294002,0.718668688082214,0.6096956473838474,0.7409332386367572,0.6940304137813892,0.8705371349161051,-0.6238298005009351
257,0.5065844406790424,0.5294610489229632,0.4568148437247772,0.5013572372610691,0.5079805656089074,0.47563962390929654,2.091735838722381,0.4920960738158737,0.4658512118737881,0.4062586535722819,0.5076628757113665,0.5034164157475381,0.40444843868983554,1.2973062697545292,0.362484142297055
258,0.7074423977622412,-0.2417669789137443,-0.23436385535134355,0.7032273507688381,-0.2877531912933538,-0.26494670760955963,1.2665384642134698,1.1194652768020164,-0.7781361215353507,-0.7135590255861823,1.161132973485771,-0.7148413350626777,-0.7510513560962842,0.16922187034130315,2.5566752961318313
259,0.4449783503067383,0.1927889321421311,0.1545438528068771,0.4207170995346716,0.19148170489078115,0.16590155662841427,1.5407527691604335,0.5117928507046203,0.005494127062972626,0.00465880244799236,0.4649103431542083,-0.03674168872265852,0.0618757512161479,0.7260252814517584,1.1043494169571981
260,-0.27430018932579525,-0.3663409194038431,-0.40192363138617754,-0.27697339569546525,-0.3779333857764166,-0.41340479155394894,2.5517628233203813,-0.3403371078945976,-0.48704623990846035,-0.5941117754512546,-0.33754635182792553,-0.49222545115642596,-0.5840217251460537,1.9911855439205346,0.43311463988590393
261,-0.5096058441786423,-0.4223834096815494,-0.4147965060841763,-0.5074400838199385,-0.4222136928971142,-0.39492718885177447,2.081905242020701,-1.0883824346388953,-0.8790218815159679,-0.9495390235911481,-1.1571734602810495,-0.9368838897885986,-0.9979448795011854,1.8049745999505686,-0.7546435284542427
262,1.3816075962658743,0.3873549977505689,0.40027493099807204,1.3674998625879684,0.3830523014847676,0.39720864829914476,2.2619615059890856,0.7011483499293257,-1.0578838487087325,-1.0515121078650929,0.709227676491319,-1.0668303521239384,-1.0479445176970175,1.541787817529651,2.3840795165484163
263,0.9803657826653895,0.6821635614939169,0.6566605998145122,0.9965780519639944,0.6819250019237182,0.6390363778108555,1.9607000956028462,0.7231393239726187,0.19609074490623563,0.18879860869599596,0.7454485168578204,0.1348764189772697,0.16881134808733725,0.9438329308577739,1.2505040385495545
264,-0.21401183079570338,-1.6948495444952587,-1.6668556826366743,-0.22732158463892577,-1.6864479255721687,-1.6864052173034099,2.4813370550804152,0.8998702060527455,-0.6151198706851997,-0.6016620559313637,0.9055404387079581,-0.6166394146452073,-0.6207422004540393,0.9235582995940885,2.068796779586586
265,0.46783770737641633,-0.24202354346046742,-0.2193176190929889,0.450615907295225,-0.2567844715201551,-0.21400510904688622,2.0059895965264767,1.2676542882658506,0.06696767773133698,0.06345691341090315,1.2463453503206239,0.09981475413464375,0.08329398909784996,0.4584175207189113,1.7751319684361406
266,-0.32299115064344375,-0.4420595852372113,-0.5481594068082553,-0.31392078718679384,-0.44194229780096494,-0.529669275310668,2.6795292799254953,-0.2427131405097202,-0.4602600590331627,-0.5560002306544979,-0.2312295202612068,-0.5024821311219178,-0.5593967895012056,1.66706926637796,1.2522149042401598
267,-0.13122042348131988,-0.10370820736061691,-0.09346682799291005,-0.1254650255433694,-0.11818600365530676,-0.1016542397938094,3.0426413932142014,-0.9802559936653744,-0.9149626779774366,-0.8280024527215509,-0.9686115616906247,-0.9089183671519254,-0.8235133372253253,2.2882931035439413,-1.1937111821682151
268,0.8791858228750258,0.542151707500876,0.6211923848371578,0.8799461076279457,0.5357080846911114,0.6259090030622126,2.2151401394983896,1.5038562046636896,0.8243817369666424,0.9429194329570492,1.5106692812046913,0.8148076117551561,0.9479481999970274,0.7904618044639441,2.502572252201911
269,-1.2729485844346378,-1.6033839338913851,-1.8602817836622167,-1.283940776244715,-1.6162519391801056,-1.8816039022282958,3.3218822007528646,-0.7992732481943672,-1.3465761272567707,-1.7322679399437562,-0.8369066242567611,-1.34488003226793,-1.7718126474867324,2.048405970753547,1.316941001099169
270,2.0485333987918186,2.2011412857461234,2.0294251110597776,2.0180407632867725,2.1797491633413655,2.0228848203805927,0.24819374167562697,1.764394294437129,1.9456517271439475,1.5874530896235082,1.7681654255096078,1.9787746626379186,1.5788588120277565,-0.6220344658762774,-1.5773627995077102
271,1.2283994032720236,0.6858137273093181,0.7107805985436012,1.2213031044660532,0.7090600746925256,0.7419309272557536,1.0428744661397966,1.3715178993267172,0.6881118812274971,0.697174648443943,1.330755822380376,0.7000298888251594,0.7722897465091417,0.08220137497698685,1.9121557105492117
272,-1.8946266447111546,-1.918861028482452,-1.403696115297242,-1.8986621605075253,-1.931377398545391,-1.414089410141114,4.122909844891491,-1.5548906844382906,-1.6529487339945486,-1.1743145992593627,-1.566435414788893,-1.6376530635554327,-1.1598183193631313,2.8940826443132996,-0.3439013801093614
273,-0.45798465068091937,-1.1156128136517374,-1.1996450280215216,-0.45816387858009755,-1.110859440610548,-1.1879001397314803,3.0215839187369578,0.12003447671664463,-1.7998978268206398,-1.6092486283691894,0.13794070608030393,-1.7887379069303009,-1.6054760262867054,1.5372858321064058,2.1800004546183946
274,-0.6018627601374995,-0.32191149367776206,-0.30670316177964385,-0.6087609874758484,-0.326698139551171,-0.2947383896265452,2.8938560010560015,-1.0172518597938667,-0.5934890765422293,-0.5772182932337083,-1.0034014231217712,-0.6239441520129321,-0.5915274308557543,2.225101814416955,-2.5226108841237447
275,0.4524771372611411,-0.10222878361989862,-0.09785242869743081,0.46130808024759645,-0.10724477475232669,-0.08802870070911888,2.3713530126862734,1.1338692052590267,0.37170957948166705,0.34359055002426586,1.1346239928767303,0.36440791607457657,0.3368338734722045,0.7826488663225768,1.6279066036799006
276,0.6020701307320069,0.19804672472666013,0.20044128502348843,0.5925264294000684,0.2144307084888819,0.18421952746963893,2.2956834607404466,0.9009520308833217,0.485232809001446,0.49859815720424744,0.896143088938741,0.4897664910548823,0.48905552473682995,1.1028983302502116,0.5005606232310607
277,0.7627152588480307,0.8081549750389315,0.7337608378697963,0.7696002086813626,0.8212480749226809,0.748228735315576,2.273772196898272,-0.12254704267775146,0.15775664455312854,0.14218867769640664,-0.1110645342253377,0.14230750391025718,0.1116944802149817,1.9894282676759183,-0.8147673946173132
278,0.08676414592273028,-0.7875073689468503,-0.6959217046591113,0.07813093160758397,-0.7910771135626966,-0.7137162992215191,2.525602451548905,-0.09286943490717134,-1.491473058125417,-1.3418307664428637,-0.09859686739162325,-1.501196738346545,-1.3053921037268568,1.9595172136560888,1.625404390407399
279,0.9360756336848342,-0.3093007243231842,-0.3222982461894688,0.9368424653233774,-0.2992074514747558,-0.328869288604837,1.3365039429719052,1.5156919946017302,-0.7195207062057539,-0.7344637215951066,1.5265140968036592,-0.6742493043152455,-0.748967685468198,0.1420997132191502,2.428465026900229
280,-1.7602629376905052,-1.5910711805035538,-1.5819962483422811,-1.7529853803663968,-1.5788933068990503,-1.5853771580798253,3.865339006752672,-2.1549775005772642,-1.6701122190238753,-1.8001943663791042,-2.1420304706865405,-1.7253515362721812,-1.7970543830937868,3.285339686584556,-1.0106797460603842
281,-0.8498014009228757,-0.7934456059999199,-0.8440793439345835,-0.858081089188118,-0.8104967103203368,-0.8214256751812806,3.2454310440082565,0.37877556675841384,0.4851482602045107,0.4562802763761739,0.3576354869900317,0.5102243356463344,0.4444289850221227,1.2832859928310973,-0.885832795568183
282,-0.7739601352115634,-0.9297240443588782,-0.9104415100310665,-0.705761243850314,-0.9518975403278132,-0.9825171631445504,2.736577204512406,-0.3140917482132882,-0.679551379123746,-0.7253999215159239,-0.28070824548397216,-0.6881680236108846,-0.7459356458584183,1.7279792355324235,1.0135400302249933
283,2.296070724125022,1.03465645270356,1.11284707479104,2.29379965055463,1.0440154021172217,1.1452253545869544,0.5594721688765784,2.2113838739071845,0.17136957263817537,0.18369244589192782,2.1964832505560428,0.14944325997622193,0.22169014752570912,-0.5935471121741853,3.7939781313486356
284,1.0065379287835574,0.5057927023711463,0.5106007676530515,1.0060880826343728,0.4995810712328274,0.5102968744296902,1.2510199981202965,1.632837701835978,1.0018830973601842,1.029285529532262,1.6474395408172962,0.9982091754516723,1.030636630623259,-0.2931768235013371,1.9075672549612768
285,0.9670701886870839,0.818674007427695,1.0195493659668013,0.969343713848154,0.8147658028818267,0.9963865758494846,1.5965221376071492,0.7966620292691231,0.461194373528112,0.5713745315763284,0.7984011042365089,0.45030351098735144,0.47698456703952885,0.7163653169461881,0.8467048829346204
286,-0.27665463502260923,-1.165418717934932,-1.214862422943121,-0.2699113066108728,-1.1764477027868199,-1.189250669135813,2.478859084856997,0.37975692787684645,-1.141922918897438,-1.2975197874797924,0.3454901323274595,-1.1172916125233698,-1.3316350527360383,1.044614508413807,1.3815770443586946
287,0.710016844393959,0.35379969201504213,0.3229991915376153,0.7256323661639547,0.38656701810208743,0.304349012269838,1.5690315703097542,0.6813203120344212,0.3145402354939451,0.28479194442147704,0.6833050293942352,0.2978824872721318,0.2794992135173531,0.980725137563324,0.8393537269288069
288,0.459165990204525,0.42330883422023946,0.47039171101412147,0.4638552651538996,0.43597812307440115,0.45752774436866384,2.0515490726984575,-0.02245624805277907,0.0706283603657048,0.06843599027679553,-0.029542780063705934,0.08311111893027852,0.08322190328689917,1.3093401710652859,-0.5261442207659979
289,-1.3075123134749382,-1.2060624671247222,-1.041065257686351,-1.2857879493888085,-1.2013120157059702,-1.0557045367513376,3.6588679277407814,-1.1339090840391197,-0.9101387571246895,-0.7919656422868725,-1.1238671589762375,-0.9073312177270637,-0.7652373962068318,2.097072469035517,-0.8543379078786775
290,1.2409702252162174,-0.071682348253959,-0.07152577624600438,1.2685258602989833,-0.07645201001096738,-0.11352011969828575,0.847619703047305,2.157164436552401,0.3959337529994407,0.35074657571881385,2.1373782843295146,0.39417765270474225,0.3180654759664662,-0.5996633316465124,2.95875010711513
291,-0.5250515395240205,-0.4680668692753646,-0.49828072731318435,-0.49384994021520967,-0.4611886195050623,-0.5300814217270763,2.209974685353541,-1.9201074983868862,-1.9170307764993502,-1.400425976862648,-1.898481286990967,-1.9135913899358226,-1.4056144107566504,2.339122922070072,-0.330501031821551
292,0.18110234249331325,-0.2038778259083823,-0.22745730488208474,0.1716260932555821,-0.21216798389783167,-0.21716452050393745,2.7590800607056027,0.8889944897356638,0.38945908372912175,0.4581342310231946,0.8825543193914421,0.38907960689986837,0.4640188992634734,1.0380829953854158,1.4160727134443052
293,1.622540273181608,1.638631913633953,1.5833138498135741,1.6245935950341162,1.638043445195547,1.6000536619873726,0.6743719510984898,1.6307011341676398,1.6585950202679867,1.6507030869189696,1.6383600927041175,1.6578066260734488,1.6461119298874813,-0.13643094612629267,-0.5404163779832684
294,1.1886630419323354,1.059562747619766,1.0769089344555374,1.1707065077877519,1.0760463769503752,1.1020631986139628,1.406947832636166,1.3405420724208053,1.2598913708685684,1.330494845331801,1.3302937575981524,1.2556378180987713,1.3390293875472965,0.43750270652331563,0.14466980633229154
295,0.21784313034525135,0.20916832930488247,0.24051491675786893,0.20523795828492458,0.21578296890167814,0.23207342322535562,1.638156537941294,0.29483879245594613,0.26934111976309255,0.3271918184568362,0.2846074833785333,0.2876186857118782,0.33574095025859113,1.059615981028529,-0.06451480858749857
296,0.09303529076221419,-0.16665556350085667,-0.17794428393986686,0.09039684197393548,-0.1572839281115495,-0.1756687644171115,1.58817254872244,0.15123263385625538,-0.39640546603568094,-0.4003279145482261,0.16960202818513861,-0.39683501331516235,-0.42962557015742736,0.7512691198989978,1.55236354652248
297,-0.9124037795422723,-0.5304412426297462,-0.45559846360651274,-0.9165637639464008,-0.5291663374556763,-0.44724091428464957,2.818638211047495,-0.8837795927911059,-0.41688082418175104,-0.3142068837717261,-0.887681174392158,-0.4269943852535673,-0.31493057517451506,2.1272961941036166,-0.36172163634063853
298,0.061568072168568216,-0.11116484597179337,-0.0959474782947986,0.058687199472752145,-0.11963458316555589,-0.09266231667955356,2.0342306456956805,0.29440018280472957,0.08455901656495637,0.06708386993624355,0.29231682779615475,0.07377359566053472,0.07875069451107562,0.9992299114840048,0.8809857608536491
299,-1.9871534007966638,-2.2605682194109957,-1.996790072966529,-1.9888800481648823,-2.287739731614571,-2.009584203228242,3.117599348031682,-1.575006128095643,-2.192508007334602,-1.901207087187322,-1.6473262898767669,-2.1275814255363663,-1.887509142971891,2.0827624757867045,0.2009947356829872
300,1.1415493796689289,0.9014002511308734,0.7983538656395205,1.1442981577544908,0.9008438271489486,0.8092422002717575,2.0518999083998537,0.41251687618281263,-0.14443281609797656,-0.13150875439650614,0.42201291174850347,-0.1569329608419816,-0.08789465209659113,1.6557897456719515,0.7407370834886724
301,0.13039855811514642,0.1269374132320643,0.11724593038662068,0.15110394301162622,0.11830261776860863,0.1319998859154145,2.1042398505329727,-0.6023887310480468,-0.6291484388632983,-0.6333611730107642,-0.5776294169369309,-0.6519097908946556,-0.6321623921141603,2.1102552281018925,0.1650446876505106
302,-0.23150611361734577,-0.4453524681809108,-0.43049106312978475,-0.24174477532771818,-0.4514685798636399,-0.43289845234967844,2.148193152677064,-0.09029501144677074,-0.46447938959053164,-0.44154056111787965,-0.07020892564376664,-0.48846077687015743,-0.45844858810279765,1.3329161050276859,0.784643631076442
303,-0.11811062852103102,-0.16204161550019705,-0.15101389664836215,-0.1204693740891153,-0.16860510487584174,-0.14556694245486435,2.6192245617254235,0.11805694120102421,0.204818412614208,0.1982817115873749,0.1178664458565435,0.21882245040940665,0.19840961550834252,1.3618251055893853,0.47039951100638927
304,2.437497574509057,1.8353608324637933,2.265606824515392,2.4309008517673716,1.8313142325985008,2.2599061131778213,0.035734050616940294,2.4233019563497504,1.59037043775662,1.845274736209046,2.4113834925198043,1.5990308896141099,1.8333250626542064,-0.20006399383203824,2.2027993874046023
305,1.645303249266086,0.9108226117444066,1.0867859751489428,1.6467892559701145,0.9027096414343555,1.1096679615928684,1.0202435979866247,1.7272971020648724,0.7420758516380798,0.839931850309775,1.7532332888042093,0.7144150577111913,0.79575259017458,0.021260051687395868,2.0321729759028595
306,1.0925904460070897,0.705040579519955,0.647142101861786,1.1062857683198284,0.6926109674978119,0.6335532886825358,1.2890960333169814,1.0843140962677487,0.4779819076447795,0.43520506171468976,1.104073822629908,0.483973343404746,0.46822024032275783,0.6195659265223559,1.4808248964632693
307,3.4103334218379784,-0.5474604654675304,-0.585311855800578,3.4191322062120864,-0.5244374324316967,-0.5937848629778789,0.41894778361757834,3.8836158135477183,-0.17690376010076425,-0.19986827993585496,3.8853478060666324,-0.20558922023350656,-0.225214151005024,-0.6917806952565423,4.84825137756603
308,0.6066805848655974,-0.3832499849238493,-0.5335730440829279,0.6022402907880725,-0.36945786500983835,-0.5153218225838408,1.3747756722813027,1.311898986685807,-0.04718234152302482,-0.08164191732164328,1.3214244450005606,-0.032049020330798976,-0.08909133827535745,0.3102617187119984,2.573357155670742
309,-2.2688083579130383,-2.638639204413092,-2.48259653673967,-2.262030862424981,-2.626985711234562,-2.510496717266825,4.068237007662339,-1.3591500264804957,-2.329026687615254,-2.127207613118795,-1.2823251272715879,-2.3096461382980173,-2.0832829001644595,2.6381665028671892,0.6663041522315652
310,0.2531889830186434,0.2913764179759032,0.3143541186359769,0.23270135137603043,0.285078535318546,0.30665714222903095,2.0052820635879183,0.6163592912347499,0.688747432204449,0.7592002214058087,0.6239191398546912,0.6811193672653564,0.7463780876650711,0.6225897552486142,-0.36809364178725024
311,-0.1367156101813262,-0.5918278587562638,-0.5591826962669199,-0.13213186958134995,-0.5654440951194737,-0.557830106367555,2.401227145230884,0.7964179144954063,0.19773383316565804,0.20787920938496487,0.7941571324847784,0.15466707998371493,0.20308532284122455,0.7217077218078924,1.924189901689097
312,0.09064440292284628,-1.0291095459169495,-1.085762210768138,0.09815477460281703,-1.0310795499601253,-1.0602511307544578,2.359763482595573,0.824520763166958,-1.2038492666450427,-1.1962563032523281,0.8218526726697422,-1.2195512921154328,-1.19560503628463,0.7634006107399345,1.5789589520358902
313,-0.5805338887879782,-0.7226954135651367,-0.6171768016082936,-0.5763892624949905,-0.725541072713559,-0.6178505040912511,3.0132229207468635,-0.27937955829873734,-0.3126106518902625,-0.30213663356380116,-0.260451675072667,-0.30699803153482425,-0.3027131411180453,1.6755335977789312,-0.1679889279085568
314,0.2117198462455752,-0.2878845684375807,-0.2545050025017087,0.22815101376279626,-0.2562756572597162,-0.2735955143447519,2.3972199471674003,0.5745599757706363,-0.2951206474080084,-0.26732548584941224,0.5433691840310627,-0.19341786350739015,-0.28783178573737694,1.295978296948918,0.946417869493678
315,0.7168425104342353,0.3095500809291068,0.30420007023009343,0.7072560156979575,0.2948275158672838,0.3167435004733862,2.5039401675855233,0.5448886259364071,0.0038791698208587417,0.0036292831769100756,0.5596009220510828,0.008007026352776092,0.02299688093615121,2.011420361083545,0.9704985994674739
316,-0.8540821712382152,-0.6900594450014553,-0.6966328233984195,-0.8443763014016579,-0.6570790431691305,-0.6561800960895477,2.9651719641517453,-1.8386651891828927,-1.679671153626562,-1.549503965722859,-1.8458697831141728,-1.7086830557124097,-1.5556362080848942,2.819314750384279,-1.4466832844647386
317,-0.06419296278541342,-0.20277765555133737,-0.21075991775703404,-0.06962670766241072,-0.19503173571889332,-0.2282181374341761,2.830953856818464,-0.05166894378711352,-0.21980311519578558,-0.2502428786398504,-0.07068099866561024,-0.22790116854562267,-0.21216760412285185,1.829620296276388,0.1250405254885721
318,-0.22670877202325926,-0.8245060925384488,-0.8157669229812898,-0.2251757417824136,-0.8386795413774275,-0.8388845686733478,2.161588969716847,1.0786034890548513,0.5294138543703037,0.5587015993303966,1.0755328657134553,0.5177693395018151,0.5695363754847715,0.23517822920419687,0.949336063574815
319,0.9994161095008504,0.2848472995761554,0.29735099891766137,0.9788324695459248,0.30534688470515825,0.2830061218665387,2.132360773367634,0.9467072741619057,-0.3137073555529434,-0.33553602786662107,0.9399164292667496,-0.3324449313751402,-0.33343723573211276,1.2142199813267105,2.855605110149311
320,0.27120351173784535,0.4814177263770739,0.5030889680866641,0.27544208756568234,0.4804305590005726,0.5042772756712514,1.5779557755717146,0.41463779557262737,0.7984991786456574,0.8271292075539414,0.4289994716839909,0.7893765366525118,0.8281609208899134,0.7362410706556877,-1.2864579212762755
321,-0.08586869125083511,-0.7794185348285204,-0.7641544282996829,-0.08146152145850849,-0.7778875000683393,-0.7671348858329018,2.6222214101290486,-0.17618284517989022,-1.8074655075466626,-1.4352540459753835,-0.1843836148248972,-1.7773750226556397,-1.4816102316519049,1.807982519844573,2.0213704879171908
322,1.1147728165485378,0.4127501485627112,0.4384840914094439,1.0899563852337477,0.41046187128283196,0.4478629670672583,1.4486059743079787,1.3175279511818498,0.05887186864348132,0.0609021196633607,1.3133740927464876,0.04555045779071467,0.06743579823992746,0.29191204078943,2.2712319041760405
323,1.600995397541738,1.679707394872613,1.4703847080944112,1.601447968886676,1.6916854408875954,1.4478667746757592,0.6740772269062515,2.107517167541224,2.244620831090403,1.9559448165871753,2.112325366895513,2.2640117404803854,1.9696242913839999,-0.5947248578344937,-0.8091164300594319
324,0.7444468758707214,-1.1120335578005298,-1.141409376944188,0.749512289754315,-1.1244040230824437,-1.133496005456296,2.5950697977796335,1.8678473433732805,-0.8186673622070809,-0.7994642545583388,1.8773579306230983,-0.7937659177450589,-0.8178669362007513,0.7099004353897523,2.295251667761975
325,-1.3003064552166226,-1.113885917932257,-1.1061877891527383,-1.301532093852231,-1.102971001275223,-1.1292085356767405,3.2790359304698784,-1.113678924715939,-0.7922559353822222,-0.74993473496911,-1.1327153600379023,-0.774636502811715,-0.7661437663964704,1.95108865758964,-1.415752137657497
326,2.735292945340511,-0.09485443770545311,-0.09196521825240073,2.7325135237764053,-0.07699814499170494,-0.09400834486091733,0.11290724463270077,3.4330201024059024,-0.7818315846580047,-0.7421125008645524,3.418770304960291,-0.7440614718395375,-0.7342090160841275,-1.3597135823967945,4.207440742546512
327,1.5689302438974417,1.0655634106287297,1.32210404693672,1.583973080432305,1.066518615706331,1.3149129672728233,0.9767105490681743,1.6717309230143413,0.5871436506682093,0.6152206898767746,1.686062320507915,0.6002810430878011,0.6157071439075585,0.16482146225710329,1.6736159121019747
328,-0.3946433480826588,-0.4365283582971101,-0.4631437873350129,-0.3881974891673913,-0.44333140170113655,-0.4492346632082492,2.4959466591426387,-0.20863095023164524,-0.23408437025343928,-0.2512974253279949,-0.18668395680342567,-0.23790312614191772,-0.23582115850987553,1.4339885704003301,-0.08913466797307125
329,-0.43251723894400257,-0.5272623866988305,-0.5144727095985854,-0.42364737975143657,-0.5179693422415946,-0.5157440850687313,3.0110375033035455,-0.3606440263086807,-0.5923700778806726,-0.5457494343243438,-0.352296242139512,-0.6236882449855755,-0.5196166492513173,2.1570392287533244,0.8289322456349756
330,0.19358405382812965,0.27418726891654227,0.3190708595321403,0.18102189290336052,0.2640166172376698,0.31945056625772633,2.3248913289312334,-0.32226260254657146,-0.13400659561838713,-0.153697245946766,-0.23752489532748286,-0.15973542814409336,-0.08328249173684915,1.7872585251342732,-0.9197170278514458
331,-0.6374920305556749,-1.4013135607235465,-1.3059157413055882,-0.6440267858677301,-1.369279438517357,-1.3201866309732009,2.997948433666825,0.9521525529751789,-0.1321787167991133,-0.13581168437371807,0.9528106043330598,-0.11384692807293843,-0.11028649019501217,0.6449738075977831,1.2546162995620787
332,0.7389884680814014,0.9724905940377266,0.9623109458156609,0.7301469082626331,0.9914031859403383,0.9677671630342822,2.609485450842945,-0.4231515075593294,0.10103374493577193,0.10725317011024499,-0.43715403773458106,0.08441989265005347,0.11964376236618117,1.9890836278549855,-1.5063745768926358
333,-0.7335417440899424,-0.7154960106809716,-0.681497434234323,-0.7502000514259765,-0.7386758489626832,-0.670733049908778,3.152368929667363,-0.8384924367267663,-0.8258510078489608,-0.9120481218479216,-0.8515398843732449,-0.8141248862906709,-0.892873749334289,1.9640917235694522,-0.5237371460914514
334,-0.19110899484116112,-0.15797841514125485,-0.17057739090938587,-0.20405553932160747,-0.13786368573573915,-0.16536576018523094,2.2900344496666856,-1.0203940701800116,-0.905428045443656,-0.8836413537911968,-1.0167346099620251,-0.8854677403101718,-0.8687625488818338,1.8407911292582595,-0.5581915406823837
335,-0.5144707267517111,-0.3948670959359214,-0.39026446601405385,-0.5276030676300159,-0.3981088532362925,-0.38748278769958233,2.1858065097161923,-0.4422445731812132,-0.20184669157428445,-0.21339266491252395,-0.43713756053893277,-0.19729971667367724,-0.2165675557974694,1.4074825867373633,-1.091460087097297
336,2.403048748675225,-0.6278301313616461,-0.6235747482866618,2.391098368368832,-0.6237738926730381,-0.6127447636375738,0.15447304133454454,3.3206339656157775,-0.6725955419206898,-0.7159454444324542,3.372520067910359,-0.7005908187849199,-0.7014101937270734,-1.0953867981950043,4.823044921008955
337,-0.059381928407279704,-0.3637333370287676,-0.38037987180013805,-0.05881931778604729,-0.3269555457977112,-0.3346650398288024,2.2434885012964063,-0.2909219770786625,-0.8966544693588812,-0.7827859639224017,-0.3040344311922373,-0.8736247518811076,-0.7442591503095195,1.7117132375200028,0.7126752803381893
338,-0.4484065277151001,-0.6303553355496145,-0.5481461231942218,-0.4648763868495892,-0.6158912862715206,-0.497685018471644,2.6802910590270606,-0.40937552364474716,-0.6403224363713365,-0.5824409251729707,-0.4182801059253458,-0.5841291459434688,-0.5999672474985239,1.4529229341892156,0.777157379328072
339,1.0660697590687698,0.5881513604458567,0.5793888180316781,1.0275776248980222,0.5779360411687641,0.6073929442305082,1.457578519503257,0.3616520951801365,-0.6428348328751466,-0.6888984901612274,0.37619204474936924,-0.6236269012256709,-0.710362976365859,1.2837594929090057,1.2534047671952886
340,1.052252366971011,0.007025040120566743,0.008486681018625876,1.0504115413288302,0.0031134075058805487,-0.008220061960869923,1.4091258761787797,1.550078596714426,0.6092187569129315,0.7217088504142244,1.5453930641842657,0.614128192610149,0.7290694719687382,0.3070870684400193,1.9975395148114303
341,2.723530515541373,2.224905975922757,2.232728981751973,2.727730394385205,2.1972179233783895,2.2437985488366765,-0.04204986908444488,1.464833557819323,-0.213696908536347,-0.20273851638381105,1.4758755431871384,-0.2245131003397495,-0.28027513364160284,-0.12683557518730051,1.794275938773116
342,1.3620734338969085,1.4314447227021878,1.4099834099312707,1.3481988546263772,1.4306250110389414,1.4224591691626773,1.077410974422948,1.6241960791217516,1.7318374165142854,1.727610413721886,1.6139435188292344,1.705731537646033,1.6820216433579847,-0.042921824025932934,-1.0844737896719066
343,-2.260429428696203,-2.1046123048403493,-1.7135485823794276,-2.2408502258543166,-2.0973661978837543,-1.696889341637206,3.815636222037479,-2.605056400076882,-2.5144388580626447,-1.7678909519794288,-2.566230506197414,-2.489819641928554,-1.7800591695534038,3.2028838444860157,-1.2092653108723086
344,3.1417963163926514,2.092135099000694,1.9995533966519003,3.1357116539764234,2.0976818450311,2.0098014443373087,-0.5168951540540813,3.5559401705745177,2.2281754201110378,2.2318030367618777,3.5703769727920873,2.233931431021844,2.2346811198700522,-1.547222298672294,3.4533868618905026
345,-0.06336174591819346,-0.7440390343161665,-0.8120782180781567,-0.06599429914231496,-0.724731850529832,-0.8020926276083415,2.568509113630684,0.39779580199587466,-0.6648882114846093,-0.8364298938142686,0.44799994964100137,-0.6389279540012782,-0.82047481654346,1.4498261892952207,1.4810526562082378
346,2.557952356412452,0.6044744520103191,0.5820710603387372,2.5564920185202347,0.587238031632391,0.5696356483016974,1.0807526602061825,3.015714660266824,0.4674655214340852,0.4497297461807595,3.0085184389274326,0.482192719881128,0.4601373650209686,-0.18544132432794572,3.2735720727667355
347,-1.0984347935257495,-1.6816830055256338,-1.5245255724680529,-1.1066360634699013,-1.7089422599555504,-1.525212227218086,4.554215169254205,-1.1679652650109442,-1.885284865508586,-1.530887125815064,-1.1752664480854214,-1.8583185840323133,-1.523768028939289,3.2612427790587497,-0.17996876285351468
348,0.7215633645971345,0.8136920096318225,0.774498304435503,0.7072942518238716,0.850778350766759,0.7593218262859285,2.044542972027095,-1.29913987788478,-1.0557289056469674,-1.029724044797046,-1.2981762756451227,-0.9989290504759354,-1.0314495832753967,2.5077896181416355,-1.7073607327167746
349,1.7843285059857263,1.4902168544026442,1.5950012023413354,1.7895910489822502,1.4981531847486518,1.6073899049568923,1.1157260992917166,1.7551939479487646,1.128600536387625,1.0939264326853286,1.7281704918412644,1.1310926419520673,1.102090421118693,-0.27230446660518565,1.8573448245952144
350,1.146753190852435,-0.8103595956008808,-0.8354036424305016,1.1446459388892227,-0.8083221468109608,-0.8437721711505748,1.5924448737485788,2.407848040606578,-0.643573458486027,-0.6891230668431573,2.4109052662123376,-0.6956177206682491,-0.6758927630899697,-0.728653937720866,3.5671665622949336
351,1.8074341492059105,1.2686505771475174,1.0853290749936175,1.803628225540274,1.279445333220157,1.0738094672644727,1.0681547204036885,1.8408537024158915,0.9900512293721138,0.9910600191791015,1.84723610058179,0.993787947136321,0.9852712146173167,-0.058040564767054346,1.3999226539933203
352,-0.2534174154158572,-0.524800684906494,-0.5291349815445748,-0.24113220882589084,-0.5481168188144184,-0.5295373509093984,2.239465575839962,0.1930749069260681,-0.6696510848527282,-0.6552440891064363,0.20161907716591898,-0.6468219317004029,-0.6856487609725602,1.0258773132395067,0.724897677469531
353,-0.5259953482170816,-0.5426766201976829,-0.6187231344130938,-0.5124956772097049,-0.5446042202166406,-0.6077428558669554,2.9229180665999954,0.48267184723472945,0.517264890641719,0.5476217222659331,0.46995461417956297,0.5022936951151333,0.546686695896463,1.3001289052450713,-0.09218122953072616
354,2.3398519785590715,1.9048808595442535,1.9761300227080076,2.3413290987555397,1.9212038518927332,1.9906879833991995,1.2386521006147404,3.3494491875085735,2.914276699499582,2.922182849024363,3.3531151130996832,2.92389275186992,2.91266651209487,-0.9973087790571945,1.7340252444583515
355,-0.031102692481784957,-0.09763389250811555,-0.09147535201587785,-0.005074104737454196,-0.10407005974699603,-0.07554202062775174,2.2801193385318617,0.5260665777197007,0.4179454441759577,0.402907829773097,0.5548901860044823,0.4072047329189547,0.38901272517849966,0.4454034704874914,0.19182360024201608
356,-2.1261785696054067,-2.1338064116617432,-1.5670593099864953,-2.110974240710599,-2.1345618841862817,-1.5517147092470562,4.772479932370917,-1.017906012948182,-1.0261137630166648,-0.9892757664512132,-0.999581303700239,-0.9829977275068458,-1.002118173626251,2.2306113862402555,0.004159562196822801
357,0.5060947439779493,0.43263051297961247,0.3903540041682579,0.5073525250731657,0.4457246665114889,0.3995128483529479,2.122400693674052,0.714923241885397,0.5953750918201347,0.5112127842114014,0.7184542172302665,0.5901418567054284,0.5169784012261341,0.664654674555456,0.8151788639458025
358,1.3861867095046323,0.5254303604738081,0.5084796154479301,1.3839514040448133,0.5291682472763236,0.5144079484573608,2.6575734121494685,1.9579750141912156,0.8571161703678866,0.9292366684388992,1.9484630320696157,0.884209037589087,0.9065239976940686,0.5143958006891938,1.7616035175680498
359,2.9734655681199356,1.847088086984902,1.9547077050038717,2.9641471391198326,1.849920814142893,1.9591897074964357,0.021802466378157834,2.8968743065893,1.6068189715402401,1.738282606568177,2.8940069467509426,1.609049542992695,1.7481121731502833,-0.5792348528910382,2.9853316135689414
360,0.2393955182515783,-0.514552455429593,-0.41641109517647285,0.2457689772254622,-0.5122915373940631,-0.4310192342608749,2.5429869027686665,0.17508829743184193,-0.5603196810413821,-0.5213248135554737,0.17433892417035649,-0.501687254426972,-0.5247682294496098,2.037894641265771,0.32143213570458673
361,-0.9072351419970918,-0.7868226957680439,-0.7950136084983885,-0.9109026084369185,-0.7851406512108545,-0.8294579505783883,2.920025770081865,-0.7028094309193518,-0.45603740597796955,-0.4336930824637176,-0.6873402003805613,-0.5080708208763198,-0.4163875664204544,1.888915584170344,-1.142541158094298
362,0.7580615659679792,-0.09418433133630379,-0.07930566592938053,0.7628197903191677,-0.07180699354820318,-0.07800647023581381,2.2298159181257744,1.123433562211705,0.5385085417807925,0.479438753872293,1.1527036060083498,0.5340113275354127,0.47059916025680193,1.1112163744196029,0.80951147035201
363,1.0897209078546912,1.1375480118716133,1.0643861667499328,1.086822325311311,1.1336616962734456,1.0524530325352381,1.2149401882146773,1.166477187978872,1.2469667911307316,1.124535536308947,1.1772649608722838,1.2410765106475106,1.092155964375352,0.41517581170111145,-0.2971278055478739
364,-1.8442381966229322,-1.8122175271475363,-1.7735863420466214,-1.8747276185825694,-1.8097871496857167,-1.7463293175067778,3.357195844000618,-1.2635113042915642,-1.0849039559933242,-1.162544519257325,-1.2503307897777811,-0.9841999271721887,-0.9396570238935733,1.9362366941641083,-0.9996715574664684
365,-1.5170362510207007,-1.6534205888308613,-1.7178904478354824,-1.5705876847285665,-1.6438479037065719,-1.7416075555804658,3.295427228912918,-0.7193154555866975,-0.8861177344904075,-0.933983031695529,-0.7230465947952274,-0.9350978475223569,-0.9776922948096775,1.751100028479271,-0.3576431245031017
366,0.015281862553660529,0.39293080987848444,0.462073520547776,0.027078679647806483,0.37765150263095454,0.46019289607325753,2.165906305875311,0.3380604134249877,0.9166253304399925,1.0923221800471705,0.33424583174855155,0.9164017115262975,1.0912664965946564,1.0875465430508207,-1.253814222351337
367,-0.05277919069413926,-1.004284761291598,-1.0185549494446355,-0.04181627863254047,-0.9805510619487527,-1.0253052147266044,2.294891933828255,1.1067057476246802,0.11021462922725081,0.11841687834731614,1.0919883707510154,0.11933709362775519,0.12036067958126115,0.8005618581148676,1.4781786101736407
368,1.7001888552330595,1.70295247843607,1.795435616305591,1.7065932921154459,1.6827184430970357,1.8060343813169777,0.8216241433517317,1.8819117102946241,1.8854015967324746,1.9177930908024794,1.87827906259945,1.911033783951361,1.9272075660919197,-0.4893299598047359,-0.28923922226204285
369,0.39007149774324773,0.31529808653571273,0.28661980999047487,0.37452115546173775,0.31288089662704444,0.2876184932357716,1.881409153969519,0.6171961193583441,0.39973013341741337,0.40061093727863856,0.6073394911288827,0.3908553549887568,0.41034723510017734,0.2913673807379304,0.6864995404307392
370,1.0241912660575336,-0.8445169274837141,-0.8865466347860671,1.0077007757270147,-0.8502419678114818,-0.8842614908351876,2.307724265406238,1.6627920878513536,-0.3470205201272964,-0.3189054958913165,1.661346411711455,-0.34809691459370196,-0.3324981905217042,0.7686654268614085,2.0321293664867994
371,-0.06367052921168527,-0.14005990644470107,-0.10721765648502345,-0.056053574252870206,-0.1509029510494569,-0.10055182402626217,2.393483379626952,0.5381602054851059,0.4247765210945598,0.34962602673756377,0.5236644311530693,0.4453762501693026,0.3443016221802835,1.3090413574079052,0.9926255566012308
372,-2.231758770012783,-2.4425495600302307,-1.9936382898670533,-2.226105085218728,-2.4510079765079658,-1.9941428789850804,3.4855102808302596,-1.8905728478823955,-2.3749597777113833,-1.9702218915454692,-1.9000394226545372,-2.3819550139267833,-1.9803022779962582,2.790934181957459,0.885836891752437
373,2.238836938831414,0.49182744361974656,0.5390100079091226,2.2259628830798204,0.4841332081691066,0.5226438286748386,0.49404268365745546,2.483658543086542,0.3619604338867362,0.4240047170931959,2.476806631566128,0.3648821247089593,0.38573368633740734,-0.18230804064380607,2.8444125658586272
374,1.3572648972722456,1.430495741084349,1.267071549844899,1.3628377145345751,1.4467542357126593,1.2564768389002914,1.9541415566918547,1.0837861303978913,1.13193523923593,1.062101033086447,1.0999399944256905,1.1271781016083169,1.050791523137917,1.568805057917009,-0.2400899218186387
375,0.8179181102171619,0.8198623751133124,0.8979999822079293,0.8230916112747428,0.8217863367597805,0.8862788284293689,1.5139366715121918,1.652102396755052,1.7185596326121637,1.8154342785639765,1.6606858691440913,1.6900043755977172,1.8261550715095232,-0.0643478637756538,-0.3434273641544958
376,-0.6552236277552953,-2.264890058266278,-2.3023550764755822,-0.6524490583148577,-2.26114019514577,-2.322306199273856,2.7119539366336354,1.2859372323197478,-1.256343487157263,-1.7261237556373712,1.3111324910050002,-1.248199767256367,-1.7324847595947774,-0.03700528397960921,3.6573854138706126
377,1.9207475970887082,1.3999129338334055,1.5098167121881827,1.9256380044231995,1.3931427643844316,1.5202658636415924,1.1249394727964759,1.1504787421764484,0.31253424750848907,0.3503133280194053,1.1553490693553907,0.31433267296151457,0.3553567002165835,1.2689757142551463,1.5775934429407052
378,2.4038736490392227,1.900226978072622,2.0404330016134984,2.4053979751212218,1.8928804258930108,2.046008374165239,1.3809422180353819,2.3433213646853353,1.532190072477373,1.5123056532120027,2.331034822481675,1.5316757224944446,1.513633683414847,0.7795556980218595,1.3572286711424724
379,2.5013349276134274,1.9439704620565461,2.2100526322762315,2.4918744245712667,1.940093488180645,2.187824498887598,0.14346070094965702,2.5322342407358662,1.7428794058664818,2.1501936857949833,2.4745975772846944,1.744150754700406,2.1518812321822693,-0.8003570175413153,1.9586212802683511
380,-2.1991397809798303,-2.6736939107717825,-1.8197099832633647,-2.199141235910478,-2.67573269389851,-1.8326176251834831,4.396591281606659,-1.2846354216016378,-1.918935106952751,-1.6438986823502701,-1.297441844204143,-1.9348765964987633,-1.638159956335498,2.6688925109145227,0.09739120532047862
381,0.5349698451420697,0.4027762112785781,0.47855916984305996,0.520775886156534,0.4018401613112103,0.4795319711717215,1.4651009689332064,0.7385848416925315,0.5959246684525028,0.7123357197852848,0.7510306148302783,0.6025320439843369,0.7233398345850686,0.4464596462547366,0.3294674641449781
382,-2.2873354752239083,-2.126904867415392,-2.0131668873694237,-2.2756950585579485,-2.142461165112165,-2.0142243231854566,4.4809378089280525,-2.1800107990073045,-1.9010020225226072,-1.8477681857813184,-2.1573705178351634,-1.9200954234314989,-1.8292826784990273,3.12527775048356,-1.2328460197568731
383,1.463715086462247,0.4991989012214018,0.4815594919824684,1.4704925679397851,0.4916652074683541,0.48265566351864886,1.2946950596422375,1.6421510822410312,0.3853799925394796,0.4353702163514623,1.6422850932048134,0.38489971806537804,0.42349828279532836,0.19539655479703677,3.0676536060798725
384,0.19888234186983764,0.38143563052883267,0.4142712581433077,0.17008392306911535,0.3985927297632456,0.4157808621707221,1.9222033770762321,-0.1167598796773032,0.22401421722890943,0.20248867650066057,-0.08157638506785979,0.22105639472205177,0.22047046279278493,1.2804532508109068,-1.2860475969262057
385,1.6649167159593175,-0.9031256789523227,-0.8834035877332866,1.6694119080286558,-0.8945851080223779,-0.8801545793661528,0.949675018752777,2.2805461034465457,-0.9961549111307728,-0.9483936252040425,2.287715896296362,-0.9888087973347685,-0.9430245736753596,-0.13005467669403814,5.038765798747948
386,1.5852940615164572,1.5773084064932337,1.4190322255861094,1.5888109902867593,1.5700963621481185,1.4103804863965352,0.7723127966874672,1.2863471571770222,1.2943556198950403,1.112969638115226,1.30361249551371,1.278089903187333,1.1348469588718582,0.22897852496931548,0.11952215580148337
387,-1.882077961007857,-1.8831543885856807,-1.567033017380854,-1.883396902288611,-1.8883789288214001,-1.5618885234033448,4.109428547551125,-1.4618848201342898,-1.5046813309086968,-1.2399603868391962,-1.4547111350486432,-1.5112334940765038,-1.2381632217814496,3.0928464874395147,0.008891936767845799
388,1.6932402589500564,1.741686906786123,1.8819705637495971,1.6867696869255528,1.7714911141187357,1.8710616360652874,0.7470835227792145,0.694640044870402,0.8042869776490436,0.8107160536460626,0.6655472983299288,0.8116105767127307,0.8141451976970691,0.9402337356188419,-1.2193065115297208
389,0.061187540420772485,-0.24660578087954022,-0.2736487268219943,0.0322447382947475,-0.2692820551387833,-0.3031700651292906,1.7742010857451118,0.43655391488026746,-0.06076074925521733,-0.0672633271436326,0.367249166714422,-0.09744287098481737,-0.005522830169828844,0.4575992198030171,1.6790503939301424
390,-0.3854528525730244,-0.4604359577072889,-0.4489364043727583,-0.37552790322482726,-0.47367016314400273,-0.46240878781539546,2.818833681851675,0.11821387723445057,0.06827250076765487,0.05897106893609659,0.12216308521588844,0.04328624277062721,0.059645385632793375,1.209519563854168,0.02845014024735156
391,1.510295354971665,1.5119802417445365,1.6809991505707977,1.5023142004865075,1.5102850477501795,1.6852359466495905,1.2056076744037008,1.5588546076866576,1.6139473549431254,1.5128096154582638,1.5380619094034735,1.6024728990210437,1.5053918585602237,0.3676637498781489,-0.3097948552803575
392,3.60678306039044,0.5295785920411858,0.5216151515886862,3.6214267408524146,0.5206492293146056,0.5220377387305739,-0.010178826100258383,3.9809620268418833,-0.49830126009446457,-0.4932357934498533,3.9878604642009714,-0.49711141156383065,-0.5062536613441332,-1.3754838701153882,4.944175785270267
393,0.3772385578193455,0.43987854541632293,0.47585736021837344,0.37730241056499536,0.426144754689749,0.4757657938582453,1.6440380623008932,0.2791630048314675,0.3923051328319542,0.4176886838748139,0.3204096533123781,0.4079463899940587,0.4006227381720608,0.6882840255263957,-1.3836342111737447
394,0.7207321666231097,0.3516183245158216,0.39624281937798245,0.7101221117876476,0.35020375167258544,0.39523492119068343,1.8169325181140663,0.8086610488261579,0.22791257426748265,0.242023297541722,0.7992649491675283,0.23411921358004745,0.23943060181213374,0.9149389490105067,1.1348127877740126
395,-0.2380226894512926,-1.0066691992446954,-1.0920288081718115,-0.2246673075151763,-0.9943133048076401,-1.0976866181902212,2.897781510715,0.07495759812048863,-0.9361481575404317,-1.141666968191602,0.07518697929327949,-0.9243787633314143,-1.1609688775597888,1.9917643598718864,1.4369056631652095
396,-0.4132542990552084,-0.3126716822356245,-0.34665252115324596,-0.4371908421750381,-0.3194233061421669,-0.3563248063107068,2.4602640553122037,-0.5549907298436778,-0.39778677763656484,-0.4732638173506591,-0.5464503192584296,-0.4132575225934109,-0.4738315053781492,1.6660363421650644,-0.7443712879709177
397,-0.4392648217562992,-0.6993209693858738,-0.617755789808889,-0.45387898446589214,-0.6719518791968712,-0.5872683896131219,2.2510633354127183,-0.10575291326622392,-1.016858815242464,-0.8737723088871131,-0.1136282917947546,-1.0052769658133733,-0.9061730907601102,1.0647472654653092,1.1074386824595535
398,-1.5968776049118287,-1.4487389036129614,-1.5501353106208322,-1.5938546561796776,-1.4456593772157251,-1.578534712950754,3.7222526381887864,-1.4594835818004206,-1.0948677247365277,-1.053747426414086,-1.4956367195346645,-1.0606178340367443,-1.1221143307686579,2.531499291572834,-1.3690049252138905
399,0.6235062721167939,-0.3856358313830848,-0.4125776398539488,0.6213166435846748,-0.39027894562189475,-0.3897513064715479,2.043612828481204,1.1781623585546208,-0.5573378715856898,-0.5897223299693582,1.1834969841751037,-0.5508857034178233,-0.6091999881095487,0.7306471489788053,1.8424663797832734
400,-0.6989270817453562,-1.3788070237753642,-1.4208624516769084,-0.7407188830435177,-1.3840057035547826,-1.424064182039308,3.306875635756545,-0.6334020123623746,-1.782828100696322,-1.7260157297061203,-0.6428575105484747,-1.7635593644520084,-1.7663347465695873,2.632631062325649,1.5402175750451867
401,0.39580946502528763,0.1333469011672754,0.14447479951142758,0.3905138899280759,0.11296645940411443,0.17053878925100455,2.244318437396538,0.9805249182461687,0.7851739792409753,0.8486334581956834,0.9985071458930375,0.7730876064997703,0.853918420953245,0.6763906103690701,0.38937952263610354
402,1.8910484428776295,1.7721946855527784,1.8244599537873967,1.8853715699081424,1.788635626044118,1.8066998065112776,0.32004328607075727,1.6920781216273115,1.5471037207494704,1.5313486119564055,1.679736692371304,1.516412160007036,1.5788442116972232,-0.2373053120762518,0.8148640288414218
403,-0.6987520076203466,-0.8619023644175253,-0.8907346591434503,-0.7024188588078414,-0.862021418743374,-0.8851982235819954,3.0627496911159575,0.4424001900856539,0.2971408123164637,0.3390810448088709,0.4561967692260381,0.3091399016692783,0.328273223962917,1.0486119967891925,0.5585240853999613
404,1.0820136686294801,1.0995272042776263,1.1135678716936606,1.0983453220358803,1.126336648103862,1.1368537575953717,1.5049964126891355,0.6926398722806378,0.8022009229172553,0.7451052099592925,0.7266685272312414,0.8436205124646007,0.7222300983566873,0.6129851000070254,0.04144873043614644
405,-0.4046791385134901,-0.5046020051927206,-0.5021278794069882,-0.4174825647719927,-0.5022547512216167,-0.4997781738237988,3.1989206763294504,-0.07079780722673117,-0.044264739376545015,-0.04701965596228256,-0.08726194955941108,-0.036124656918148354,-0.07461840889418343,1.701895133089689,0.08894311849217583
406,0.14984551080565572,-0.09160872388000967,-0.09394712730146135,0.16789483404672442,-0.10929336078668467,-0.07618857260620761,2.218128196924137,0.5525814454322548,0.2983657357979235,0.36576861627195595,0.5777957375341823,0.23263051160071793,0.37860384316778456,0.5349370162603633,0.8376075024312102
407,-0.8715549005512788,-0.9139084219420431,-0.7914929716278222,-0.8789223271843342,-0.919766259451371,-0.7988879607790744,3.058275635031695,-0.7407419281800447,-0.8236359836589077,-0.6787362576872208,-0.7369355029232671,-0.806163463066135,-0.6855078952237483,1.851373455311495,0.05584389199559513
408,-0.08350212221428256,-0.3913691688325996,-0.4359928069516486,-0.058107834516994444,-0.4100939382572102,-0.4083007061623655,3.2253521037845276,0.6834721090848539,0.5071363382677099,0.5340908181210581,0.675301405566215,0.48775057186561616,0.4959205405552508,1.2033174276588845,0.030258750941463346
409,1.8847506094976585,1.1878088290274338,0.947108503923456,1.8863951559212313,1.1727482358327113,0.948724579402914,0.9425075425039331,2.6121356075989746,1.576489748315366,1.2879172779462602,2.620588048665742,1.5706662117781658,1.2909144727864998,-0.6093764829298258,2.2216988698275917
410,-0.0749227521049606,-0.48802468693065726,-0.4981510466447102,-0.08524090471817594,-0.45753311392331536,-0.48445354475487645,2.3376523005082412,0.45672237518239367,-0.2289016754693895,-0.24021691871362771,0.46067035880431495,-0.1330325644413494,-0.24459258474907455,1.3083263880150993,0.729662941747634
411,0.4063967350185076,0.6292003602488236,0.615852402279508,0.4097396610265678,0.625926395652301,0.6228692112213166,1.9112199056823103,0.32612709458023215,0.6216154758377367,0.619815473172563,0.33166783686489415,0.6295570822928669,0.6050335798573692,0.7530727895809468,-0.40445929716703705
412,0.1663711167839841,0.017625838590379257,0.016461458377530665,0.1419193869378069,0.020895158528819,-0.023619814757516552,3.348240467877442,0.768870933583597,0.5124605207431661,0.45529066569653887,0.7291766871200813,0.5404273282776675,0.45129083177612384,1.203005501426227,0.5612228398260362
413,0.29870158133695246,-0.13089115912905697,-0.12442631246663938,0.2729635578782849,-0.11784530841202252,-0.15461866657219783,1.50295340249416,0.9415971680675103,0.10931662772148486,0.11255475954522613,0.9875268473559505,0.1037812989103556,0.10215021511392582,-0.04394428153948112,1.241487367945279
414,-0.775018454561351,-0.7817728208592881,-0.7665609658516327,-0.7631505365671077,-0.7636090444457486,-0.7614830075713589,2.890107249804127,-0.8519209815792268,-0.8315028159258179,-0.9380883365116722,-0.8741832219598411,-0.8565679452584,-0.9154035717686803,2.3228244956800808,-0.5115179909548762
415,-0.9312081786201146,-0.6503944982940149,-0.6480261190118783,-0.9186744715643551,-0.6493990461926914,-0.6535966164378958,3.158453831188368,-1.1423182030659078,-0.5620183428172485,-0.48841157225273263,-1.0744060639639306,-0.6319291659741663,-0.4772038182472132,2.3739368619655163,-2.067321973352081
416,-0.08885117652024414,-0.5320526194109075,-0.46376586351847937,-0.08315011415041136,-0.5369208932452963,-0.4596774280412329,2.46682184944062,-0.40978040725149073,-1.3804932999288084,-1.1335576962035723,-0.40758742130246317,-1.3549885256363972,-1.1392054602054407,1.8940761901613516,1.1405203290425248
417,0.9278180785467771,0.8559755420823868,1.1565602475434222,0.9134070912291261,0.852019560542619,1.1416179731988323,1.5873085429408706,0.820067549393768,0.7082999270876039,0.8587789729760936,0.8208233364388706,0.7186417763942687,0.8712140118808159,0.26791793851663986,0.3905735401171312
418,0.22962276329880538,0.13176133707247203,0.14828107701205268,0.2296156055133024,0.12442533680319068,0.09298458145600864,1.7097757063841414,0.9859744789095454,0.9292722909458312,1.0991261164956738,0.964171913507031,0.9102598746198111,1.0592353282389655,0.5587425477599633,0.5096379862848378
419,-0.019041442114454087,0.003203830732717181,0.0036287431699831376,0.014303322658531273,-0.04607677656089785,-0.015596011530236807,2.1880749698558075,0.18002822841391522,0.36747181382469807,0.43583709685643485,0.2222669245081151,0.3444082329188608,0.39284270494337464,0.8662889165686353,-0.9171306559237288
420,1.489296357714536,1.285844852329978,1.0891844245522253,1.4862270530634598,1.2766212216134123,1.083959085422029,1.8458578259251182,1.607385257296362,1.4745071050129566,1.284252855659103,1.6025378804462747,1.4690487510913037,1.2743296279399432,0.7383330025323716,0.4291101260090346
421,2.93704533161266,2.167646303477705,1.795508014471817,2.936323573796338,2.1540430512250266,1.8012740451010105,-0.5181436132082428,2.7866470092466242,1.882416811048332,1.6123497881355333,2.7891690020833035,1.872231784518008,1.6152625075732072,-1.0125443663932006,3.1425960578422476
422,1.2388675323255762,-1.7326259535512412,-1.5136342476254936,1.2426011343512744,-1.7277309310484001,-1.51138967271044,1.995168494993271,3.0860157558480963,-0.37687533236875187,-0.35998591175519673,3.071469182631605,-0.38077940971783353,-0.33069203220501137,-0.6015083678058681,4.063614735371267
423,0.6896557424412635,0.5509170840526926,0.5657476352908385,0.6938621652728371,0.5484230833522252,0.5803090955102022,1.8052819213396036,0.77495661134827,0.8626685716109247,0.8833958992616228,0.757360500021263,0.8736403696970296,0.8742527910496497,0.7069254333358165,-0.1315672125746372
424,-0.05248528844132429,-0.004064751747411292,-0.004091778846339468,-0.03527516041760772,0.0023844590694610587,0.013851727197335186,2.4766127913655764,-0.09424673201714184,-0.013216189007857735,-0.014459747159557269,-0.09516407872218373,-0.03129623353214409,-0.009331088098749319,1.406306546129519,-0.6092009731914722
425,0.21223210399240455,-0.44461528804118533,-0.4453388717921853,0.21674925245390647,-0.4420036536132286,-0.43962575371749946,2.282377944614283,0.1618256787948781,-1.1619264632760358,-1.0590406671604125,0.13443076240029664,-1.150356196127563,-1.0489043216873781,1.2059058540261554,1.364588265601962
426,-0.5563104791853882,-0.8000780741617409,-0.7033446766001219,-0.5649587275857622,-0.8087407369506736,-0.7124162002030102,2.5955382686638977,-0.8482078647361617,-1.3985799315634442,-1.2227241324169689,-0.8765240607916702,-1.3818717562713498,-1.219226868589824,1.6897129384197733,0.5703726761845416
427,1.8878743438129828,1.5398520681853787,1.564040049530235,1.894702115302402,1.5606467888022708,1.5601013882867332,0.5962986749693688,1.4724358475481718,0.6407871620948747,0.6863940062185007,1.4874095763825455,0.634921699693251,0.7187905287773468,-0.28845739202621246,2.353037571127489
428,1.2514333163968747,1.1896761607690527,1.0652473610002466,1.2685901710952636,1.1820649189452308,1.0568290342663296,1.7312296863579635,0.6025128307131111,0.5291037678234416,0.608422223379315,0.6103988839928494,0.5444267914583407,0.60525714897483,1.119589570682493,-0.018716114653041734
429,-1.2549219824012698,-2.1162790004628245,-2.1297185759034427,-1.2559303537277142,-2.1290623821679504,-2.1273178932289043,2.8169365309243695,0.33019441491120194,-1.2799548919504435,-1.5293064193800872,0.30952925718555574,-1.2565364420913234,-1.5315740803945308,0.6151990799227304,1.358311246036302
430,-0.057974512922386784,-0.4874368162682306,-0.4409615036681993,-0.04935529741816614,-0.5025582704230525,-0.44833845343206274,2.1333870455552506,0.3050989943130632,-0.432615315829013,-0.3777081196206291,0.25623197979167694,-0.40956067098150256,-0.41402017636767874,1.05704927885482,1.6660080698225164
431,0.4724195754942662,-1.045398036656336,-1.1364250601951296,0.4586995272569585,-1.0411369718114227,-1.1420884469798283,2.066488590526151,0.9272868718694277,-1.1373517681918115,-1.247978873997622,0.9131290438794418,-1.161806208458402,-1.240051615370377,0.7118564302293782,1.9556591594617405
432,0.4713699394799516,-0.044154078847193724,-0.0452063192266208,0.4757123937547455,-0.04042926842803711,-0.04760585328176212,2.2302371443784823,0.8910672019719924,-0.2847802248156538,-0.26959792534287724,0.8822723406297717,-0.3107212994332611,-0.26991696524268505,0.8791308066744973,1.1912063545229652
433,1.587724925478377,1.0556931232384643,1.2440490648745888,1.5938574885316872,1.0738121498596358,1.2667908069863671,0.951888885487227,1.463782337712265,0.20613790119734265,0.1884464908989923,1.4522720633850708,0.16167953087146444,0.24940947297016142,0.06768996080775674,1.9132040447270038
434,-0.4900312904689697,-0.6166176614585165,-0.6449080647587861,-0.496767260954119,-0.6225194956058844,-0.6672794208278782,2.4903188859293177,-0.6400261690202272,-0.9349722507580002,-0.9599090921868698,-0.6250852608292625,-0.9624642956620469,-1.006201435530885,1.5569973753010895,0.760740642065433
435,1.2340854336159215,1.231618787221211,1.4326743403833695,1.2488996994224415,1.2298695277956058,1.4166683411753596,0.6957662862246045,1.1324890701118928,1.161237245676706,1.4354299723175419,1.1522761872549196,1.1669213759170596,1.4688338742325524,-0.08948985114892265,-0.3815552640018489
436,1.4877527769137664,-0.9310195375020077,-0.8238449448709838,1.4959460134736,-0.9263478820455276,-0.8154572385498771,1.186016048854726,3.2117415422890625,-0.9074771341687881,-0.8794659404517714,3.222397630087725,-0.9481875768055473,-0.9180549889815514,-1.1629367813545228,3.8393367439611006
437,2.1483958032422086,1.9890968011585768,2.063787365905973,2.155623879453611,2.003732322368399,2.0764296575368735,0.26074394250536936,1.5475033390502788,1.2881527101901513,1.3875924192231075,1.5306062772942863,1.2902162615047394,1.4168424196685643,-0.10884963355093275,0.8594912453543951
438,1.4923819883904037,0.9214548698207012,1.0293151866269816,1.4821156006752554,0.9186382316019647,1.0516489985115058,1.545039657327316,1.8518211356596037,0.873378411548159,0.9114964091131458,1.8417796800893513,0.8596591030065116,0.9470234778376104,0.003069071178721708,2.3151570260933667
439,-0.5131417505116498,-0.5997233420628847,-0.5439797516894326,-0.5061436447010421,-0.5985727108785873,-0.5468443081908356,2.607741700407266,0.8001300033880682,0.5972582447226793,0.5543802766036326,0.8296049030662608,0.5994837391218172,0.580841258950242,0.4987305649059107,0.778761577659631
440,-1.7283082895556623,-1.6088682753365586,-1.4486223041595745,-1.7215026746012698,-1.6238554485325676,-1.4542700086096434,3.8521672868755745,-1.1587000341626714,-0.941909540915431,-0.897467763950928,-1.1322526850311199,-0.9184646552398451,-0.881983644153223,2.5030033317665357,-1.0424759821639948
441,1.6006046586703724,1.0441289700218699,0.9924398692812056,1.6005955200966977,1.040273302505233,0.984007292417394,0.7737784668292493,1.5914782533679264,0.7249528246330724,0.7161165622979324,1.5935446192599332,0.6988064412682344,0.719579428466065,-0.16732759140853135,1.6785494284547668
442,0.09587445484721176,-1.385026090894609,-1.3092632528758776,0.09113957607768669,-1.361600064702238,-1.309019986101222,2.436158207557941,1.081540996738982,-1.2116971621062471,-1.0847740446747924,1.086470807356022,-1.1833957217859805,-1.112313870048535,0.8847684705991181,2.084410509941852
443,0.9453137544925155,0.2591498451423584,0.28232997484820754,0.9670096843498172,0.28464167718148903,0.3311870035017751,1.7388228459029145,1.664695754045189,0.4277209318607727,0.454350830647037,1.613548486229491,0.4202385308371467,0.42107105243438897,-0.2778361582753009,2.5148243921618016
444,0.43616879682763293,-1.135582803987589,-1.1865846487938545,0.4421680387794329,-1.1415866286544167,-1.189299893688556,2.296231272704953,1.4412794484184563,-1.8808627049874849,-1.7794548602852827,1.4202884811634315,-1.8140552253014532,-1.711334299454816,0.6371359132788688,2.7070680736614574
445,2.2699411661469027,-0.7434801797197261,-0.8800353690599426,2.275779233658732,-0.7154352958697635,-0.9161387237333457,0.43021161947264247,3.434781297562863,-0.9023057712493714,-0.9310810944039394,3.444518792308218,-0.9059403196030945,-0.8972047074961698,-1.1495565473840321,3.7924226416258175
446,1.8714735248992578,1.6384354987325762,1.5185414280938536,1.8770277171518335,1.6311847766647525,1.521191151769056,0.32397458435299925,1.927476388305745,1.6047588608402081,1.677890778714923,1.9357993597021137,1.606490111576434,1.6557270509694708,-0.16818612467724556,1.9059624676977833
447,-0.4150946480450974,-0.366437679298246,-0.37877154970459015,-0.4336733180657049,-0.36008468484980466,-0.37499593422973376,3.561620767390723,-0.6516064193829346,-0.556256750375917,-0.5936086752834366,-0.6077940162765284,-0.5652539057465665,-0.5952553563964682,2.2567135190193732,-1.200773071364318
448,0.5969222481938817,0.7366738087709656,0.8895982260285292,0.5819534185043821,0.7356384386811503,0.8821330568958748,1.9205533462957352,0.37585412510550004,0.4812521360982293,0.4833073980872132,0.3924516225832923,0.4930705932932993,0.4692703909655617,1.3899910360825978,-0.18487999822505807
449,2.5881768608305054,1.3515197217484964,1.287357233120305,2.60620299318475,1.3214846624196481,1.2805613838980203,0.17209685814143466,2.8345575800983855,1.4740611783084874,1.4706481833422906,2.8420557984729706,1.4787972077178069,1.4596384715092272,-0.7463258033351474,2.639873307140438
450,0.5203700890576276,-0.5583325803078178,-0.570384059018964,0.5420875560902552,-0.5620258071194949,-0.5796220036588298,2.054515003894774,0.8862777551792574,-0.7761717680136526,-0.6740740490689822,0.8561965633781043,-0.7897743512174932,-0.6684120530422512,0.9178467684769553,2.3317819282335295
451,-0.3093750835285781,0.0644798929159351,0.0745565438962759,-0.296809868853155,0.07669089308195898,0.05754552529294462,1.981615764634052,-0.3810849119537552,0.14136701301530621,0.1435603599203241,-0.3535158908840646,0.14361944932748605,0.13597432273627355,1.5448773362363235,-1.8487604615378908
452,0.6397156888203622,-0.15723123636975378,-0.1809452239640571,0.6504887349854565,-0.14494348815007932,-0.18720082308950453,1.7568617300968363,1.1320552653351252,0.2655240710398884,0.3448065650008872,1.1211130065751111,0.2517919621706238,0.3498888365518649,0.4375601222260687,1.371003561074822
453,0.5000726304492705,-0.20323205428578212,-0.20802534193356986,0.4950012144009089,-0.21414297620449227,-0.21353156405742738,1.95310874892346,1.56903402116235,-0.17880084124330548,-0.1619714746371382,1.5669715272671607,-0.1638560113493119,-0.16951873364531123,-0.4857653349985756,2.5127997417906265
454,-0.10978312544732216,0.07097870193755715,0.07549882377630233,-0.07208970181932275,0.0715445259944026,0.06146815265663443,2.4154997580653266,-0.5971464085530792,-0.39073035948115037,-0.4726655509842267,-0.6142304064786851,-0.4480443451840925,-0.5152359211604914,1.6728649545758212,-0.338688346183675
455,-0.7148827085819789,-0.9914958822183743,-0.9159941714714545,-0.7280381638423987,-0.9787363201740128,-0.878459237528917,2.8645249305303735,-0.2509866792634157,-0.6981507774870216,-0.670204791755673,-0.2702551454237249,-0.6754361823264611,-0.7597493235223061,1.6650876300274837,1.3202878407398526
456,-0.43675725395904624,-1.2038003029324171,-1.3214941375563116,-0.43943565950403923,-1.2025012371816217,-1.3194294108194862,2.932384631172933,0.6745809892345482,-0.6106684375788967,-0.7158075402996917,0.6734627124447131,-0.6321792576896208,-0.7348194529235528,1.2041220641157915,1.754673542413864
457,-1.8769478860959963,-1.5799884443802257,-1.682747398058054,-1.8948860133312764,-1.593873332455059,-1.6739736875489148,3.4863995526020357,-1.696923553000981,-1.1386921442848654,-1.1024368612407196,-1.6747672528505904,-1.1275720320505693,-1.137718062631222,2.594010189434181,-2.209593562372939
458,1.4254615196920954,0.13337506101147964,0.13007503075363358,1.4120000642707675,0.13111683039428282,0.126179976879206,1.3011709694109697,2.1933863954205797,0.9104530648278161,0.8032123317754042,2.1919283922425747,0.8983244921554324,0.7969618713445648,0.06492623248547957,2.150542716467684
459,0.07302920682594395,-1.0874553095065205,-0.9818955064224376,0.07764579174267842,-1.0828087578148438,-0.9855327298682627,2.521711620391939,0.46377069319218217,-1.2608278579543777,-0.9516484863597614,0.4543599107353283,-1.2445500781963612,-0.9600844791537321,1.0903273609217508,2.653715851282657
460,1.3241811646776351,-0.08862492662928996,-0.07888552733163838,1.310325186557113,-0.08600549053192118,-0.09581771142540606,2.0939434026757953,2.0856237811194536,0.10233260667203176,0.09672666456791976,2.1124216709026227,0.12832431935304403,0.06439040238827787,0.5598757842659519,2.453415863277162
461,1.636420895088919,1.1834878893652987,1.2558009979339126,1.6429083681031464,1.18905790887938,1.246956313269779,1.4583529365097663,1.753659705940478,1.185598900560286,1.2440920355816918,1.7472862373008216,1.1925791294227852,1.238822766967144,0.19263539057682155,1.9703560969579577
462,1.4560018634268672,0.04838771235925283,0.0433717012170455,1.4680085823525055,0.041244895056522346,0.021863769896714434,0.9910085623095479,1.5818480742031553,-1.0817600992002256,-1.0914854541065286,1.5855526353345517,-1.0357067280338925,-1.085536168817196,-0.05118470831776927,2.5197379897514764
463,1.9244857016989996,2.37931666043959,1.7796794765935917,1.930912617865893,2.392955362342124,1.777423907644636,0.41080322258331103,1.029273279225931,1.765598090639125,1.5158601526486613,1.0959684153482188,1.768578198535298,1.5096332061839421,0.6114303890319149,-1.1980715048889135
464,-1.6739440567953712,-1.973207839454701,-1.717505843105532,-1.6881300382079658,-1.9682812784474968,-1.70194273245368,3.5654055506617124,-0.6632003764581458,-1.9396875097605988,-1.9348522630981155,-0.6926025816752469,-1.916021602571021,-1.9263341136774879,1.369597820010325,1.180053665646516
465,0.3826589711477245,0.5307964160451906,0.5422861734553753,0.3900098919945169,0.5134102379082633,0.538028384556719,1.8724655728149882,0.13692276663501435,0.3716397561199807,0.36781141184350213,0.15644027236979846,0.37398769428453055,0.36922893179484056,0.8045459797209553,-0.16549971855622883
466,-0.6658746734471339,-0.5915721795507384,-0.5684658297169451,-0.6660488709980366,-0.5704701455318678,-0.5635299997381531,2.6716245287260554,-1.5515295524957402,-1.3703308775825722,-1.25711301961492,-1.5555483832597528,-1.326889975911639,-1.2647484695878204,2.5585005639954836,-0.7704175101798252
467,-0.0026175742132838443,0.03163209697445049,0.03193286046829541,0.014506245442348256,0.06359238958681067,0.04128684171929404,2.4227878222103434,-0.4653312708539682,-0.4024629104456252,-0.44796201892511767,-0.46708299366024614,-0.4798807045847718,-0.4264994032870955,1.4838495687337396,-0.4578428506489739
468,0.2326697979411843,0.31281629224969193,0.37684021289198544,0.23514625796966676,0.2978940228203431,0.3912943660115991,1.9532712351570263,-0.12747090955762913,0.08609867504369022,0.0871156340255925,-0.16994292488927104,0.09688716183749146,0.14430125864672683,1.0779526157408326,-1.2749028131663105
469,-0.19130016983796252,-0.17218431367976436,-0.2345593849454513,-0.1869160775683332,-0.16749618640064737,-0.1976490897063658,2.0609356037536624,-0.17929862550292525,-0.1533140748451785,-0.2147666501220018,-0.18131642832259323,-0.11482352587518152,-0.2494896542932067,1.305774774671548,-0.22292939617483684
470,-0.9112086310758555,-1.5834666482424982,-1.4779161440406556,-0.9172721200233007,-1.5786108572537185,-1.4770092651187963,2.9727386967816614,-0.23895947408576276,-1.5703304955054556,-1.3334022038563258,-0.24662955105205528,-1.5957488745470851,-1.3243777300747388,1.4895927172596954,2.2602054776318727
471,0.8411386691000883,0.9500757452483528,0.9553571483916108,0.8491174322648481,0.9468028357359115,0.9470674120141453,1.4715345305809335,1.0758003764595028,1.3233400453628572,1.3470079105679489,1.10494395218032,1.3314305767534818,1.3250539329818094,0.18025380363523624,-1.7668769081064188
472,0.17266801898471154,-0.09505817393661958,-0.10319306632941565,0.16803025636047178,-0.08596447244221853,-0.09493456710364258,2.7523872648018903,0.3490853121550537,-0.15570926759087803,-0.18228802522924464,0.36487008973781404,-0.15897397667565819,-0.1770780573266281,1.429003623953779,0.9794374246431339
473,3.003280846377434,0.4949499722174756,0.5210299025960986,3.0197217105226573,0.4834026188593176,0.5315244140725682,0.07727387157009882,3.819052926249541,1.0190488051110553,1.0907357444962764,3.8293677873987586,1.0215406418354376,1.1097662283043077,-0.9476363150650695,3.6768959323267882
474,-0.7227062395939672,-1.1941970953174927,-1.4657224256051498,-0.732184988700648,-1.1922428942155254,-1.4631692859926677,3.0004611271486987,-0.20393350950851535,-0.7046213265027005,-0.8701845352091333,-0.21684100112396862,-0.6916618944681618,-0.8766583327007929,1.7649417099839713,0.54029723351639
475,-0.2836796558535451,-1.2218375150898908,-1.2079585683632001,-0.33023980224897265,-1.223135329944573,-1.21021152283836,1.9452930526426733,0.688980295991663,-1.194233164955576,-1.1619200946156154,0.735476753520376,-1.1840201247537459,-1.2885425561418433,0.2990921552955716,2.4727519770178272
476,1.530998371085611,1.402798289351577,1.2244515054616218,1.5149067776724394,1.3967305921462119,1.2344705271528962,1.3894501294396924,1.4070134374369923,1.233740337834901,1.1312598785435861,1.4136242477061107,1.2457875149951874,1.154339216465329,0.4885471339982819,0.8707472567982802
477,-1.1887405045378114,-1.1186076867720347,-1.079217081749945,-1.173979944695663,-1.1128175781854501,-1.06728970947487,3.073548479482175,-0.8508988464638987,-0.6977488477247479,-0.6657310168101924,-0.898330420274851,-0.6867543794425846,-0.6290062079557164,1.986721038293455,-0.8653394754032675
478,0.989463621003053,1.073500341450483,1.0917464572034192,0.9617679136157309,1.0889417455242973,1.0905801201547507,1.2378607266388284,-0.2961976239726428,-0.026282551289831382,-0.025703207821807895,-0.23262803976651247,0.04021127764250065,0.030038156078110008,1.2635820021828483,-0.7659887205621262
479,-1.8006871984436181,-2.0871855189241337,-2.015173190285655,-1.7939810331774353,-2.1051772119305943,-1.9988951991180284,3.884753275888164,-0.7268069261157566,-1.0135350935089096,-1.0305868981440414,-0.6963389902523769,-1.0333543831862342,-1.0538239279283463,2.05598226864489,0.026163280269326624
480,-1.9748965699951553,-1.5876185967205867,-2.055567795556857,-2.001747457183817,-1.5830333595772104,-2.068966820346262,3.4711377986032614,-1.6794118718873567,-1.1593026718828836,-1.6440479441619842,-1.6806126839874649,-1.1607330607186928,-1.5944626203645509,2.6863994058490026,-1.3851541731075907
481,0.3234026856800841,0.13005160110878794,0.12508539313998984,0.29148958109428896,0.14074317435217504,0.13604655129467177,1.4442776405669016,0.2783293232986283,-0.35003051959313425,-0.3332595379102931,0.2623426693570573,-0.37963245873708434,-0.33099740216831824,0.637153301198766,0.9720923521465463
482,0.9719971535195897,1.0413704047414971,1.2135506127603712,0.9701269605266685,1.0459155079644473,1.2263618661173465,1.4083928519226958,0.7310476114240639,0.8420214075569503,0.9843096331712416,0.7027839771216109,0.8512589368926695,1.0009442742758925,0.6850003350499525,-1.4600617008417585
483,-1.2319123398600966,-1.194834788422154,-0.9360711664682979,-1.2237922267278696,-1.1914630528213788,-0.9368737190749497,2.512082359269029,-1.7120376745105506,-1.5655672379492525,-1.1824190892663586,-1.7500310128115848,-1.5348958819382879,-1.1820935869477494,2.241818023735557,-1.5258023978961712
484,2.122856544663327,0.7512392742134988,0.7397086397879382,2.129798158066542,0.7471572917043519,0.7280284071881538,0.8764828917242193,2.871616828527023,1.1505582501504845,1.126850824237875,2.879846058190285,1.1787705961104231,1.118509073715044,-0.5374598128651639,2.9131355703673805
485,-1.6050459876024779,-1.5449791647203763,-1.4616853476853602,-1.5972813974243998,-1.5230712822032813,-1.4533425752443525,3.8745182177333284,-1.3296253119292427,-1.237751467838985,-1.0920384875414384,-1.37217150866798,-1.1731893931215658,-1.0462175207343665,2.933868868052184,-1.3874485510531058
486,-0.4879110552745283,0.18769623129344648,0.19585365840211325,-0.49949898439991725,0.19800249502451223,0.19932301259801505,3.5769774525483706,-0.2919562466120523,0.8992376343957874,0.9972151489481702,-0.32616460105980044,0.9330349910787263,1.0237188600190616,2.087838172953632,-1.2795242069695845
487,2.3031389273065206,1.5076205085667158,1.7015389027413093,2.3032992059828836,1.4889374298975337,1.7013546639023662,-0.051590804246455534,2.545542700441686,1.5999451598289158,1.6551088071220188,2.5577150488963327,1.6166253080307795,1.6414115591585408,-0.9877781949266089,2.652901899602882
488,0.6848430155932607,0.5385807560905723,0.6335182426985619,0.6884465197597228,0.532239964650822,0.6306630117970812,1.5469475957750438,0.7466398153657079,0.508762592651152,0.5928101990339145,0.7441707944218652,0.5047523911637105,0.5839890451422978,0.5451145074952815,1.0258025886194808
489,0.734546918251396,-0.6543096267075766,-0.6562458440251364,0.7300295698187678,-0.6644065237878367,-0.6114327068421949,1.5308494541382625,1.5674443679027257,-0.6070976534397189,-0.6777992471953024,1.5933360051468588,-0.5657734003328309,-0.6700176066539557,0.05286025261399216,3.0048649399045013
490,2.8291036914893923,2.3829864384526083,2.1590894624160635,2.851454832213351,2.375168627684846,2.1558563039875027,-0.5084243079277024,2.1200507789808873,0.9015626772057125,0.8720877962538574,2.0628496362546156,0.8475954463545322,0.8658655838748572,-0.7754855346227626,2.6428044840022715
491,0.41616541016105707,-0.27489967729199355,-0.2832861145284469,0.3947498517312377,-0.2623068229609346,-0.28308834335591393,2.7258200527117364,0.8903587518493683,0.039821888120766154,0.03891935398071262,0.8849607686870093,0.02225698152198864,0.04373675048847004,1.4135246401873771,1.321449993751797
492,-1.611063584716968,-2.0473271422446473,-2.041057672669812,-1.6269127737764435,-2.0660044849209913,-2.0340068586851534,3.827990788971008,-0.9193229014765494,-1.6993455918877605,-1.9173585351887639,-0.9189458311592633,-1.7341369342013664,-1.8721146996824272,2.1425283710840595,0.35747783095097596
493,-0.9088350182100139,-0.8327292316984214,-0.7743715690629001,-0.9127021731582444,-0.8206197666595655,-0.7757957834527276,3.4712174290965367,-1.651288165399962,-1.522042924922493,-1.3317905751859975,-1.643314653086206,-1.5185467667787638,-1.3424749557247873,2.7196132572673695,-0.9803168700169343
494,-0.9325125715901122,-1.2824620557569855,-1.3068884226055855,-0.9399372054678455,-1.2688339460447904,-1.3154213613438794,2.8557446848000407,0.26478433684261526,-0.4879702358298005,-0.5501086720949566,0.2641441591692517,-0.46492327264613287,-0.5522278355489731,0.8747385851095546,1.092244580691098
495,1.8029744297105377,1.445035602519223,1.5462033664138561,1.8016611787029468,1.443307268880271,1.5274304948804103,1.4348909940764627,2.0360828037976457,1.3997076086975684,1.5627620422353896,2.039771423734564,1.4050193133430786,1.5626556582344195,-0.21804919865982905,1.8832623303831357
496,-0.4647108567049446,-0.4735333375635591,-0.4546749209259699,-0.4559245779273382,-0.48136247260726656,-0.4626486147718415,2.7481298950425317,-0.2826601025568088,-0.18043457218511597,-0.15976734971039913,-0.3002985926905906,-0.17273360340677865,-0.1579583023460901,1.5049467786219928,-0.47712621007928147
497,-0.7360531477754173,-0.7190331063753362,-1.169438528842061,-0.74028831284496,-0.7089953413356028,-1.1716137820143941,3.224112797452374,-0.7121061600439106,-0.5383499436322499,-0.7418780578514877,-0.7310645363835666,-0.5895797818205855,-0.74054027205492,1.9752600583164712,-1.147686679451006
498,0.8032480692511658,0.37188449828858183,0.3866439724059814,0.8031280727036759,0.3623367292008617,0.40185133462447925,2.224700954427568,1.0837560267124882,0.20411976301899898,0.20208247183640504,1.072249645842114,0.20072741426685173,0.16898286527014353,0.521223567292688,1.6276688037383291
499,1.095029431757722,0.9875589497537797,0.857111177471265,1.0990816777039831,0.9778716387603762,0.8618538735928946,1.714301122833367,0.34704272313702234,0.13335391492178403,0.12108266543041991,0.3448206230006311,0.15558646505492402,0.12401189089318754,1.0702870798812125,0.7157870604972688
