rep,ridge_cw_zero,ridge_cw_mean,ridge_cw_mean_nw,ridge_wcw_zero,ridge_wcw_mean,ridge_wcw_mean_nw,ridge_dm_zero,elastic_net_cw_zero,elastic_net_cw_mean,elastic_net_cw_mean_nw,elastic_net_wcw_zero,elastic_net_wcw_mean,elastic_net_wcw_mean_nw,elastic_net_dm_zero,mean_cw_zero
0,0.54042211478457,-0.10317790310349745,-0.10776141110296487,0.5076588888522202,-0.11468405586359905,-0.10846550253349065,1.7168798415812607,0.684303921004486,-0.3190345441267176,-0.2950385850690422,0.6584679855530582,-0.38047822862952196,-0.19644325734261397,0.8332933101140855,2.030061366819534
1,0.7972628962172024,-0.5137276163603909,-0.5390275209947437,0.7868024927856585,-0.5255897739474188,-0.5591993005991035,1.8204734092835944,1.3198741142651111,-1.232355610861659,-1.3772320355800218,1.276613684476271,-1.2210352535296878,-1.3056763767929116,0.4000388048786003,2.326838487453846
2,-1.0199318448374874,-0.9373906149276813,-1.0229797098210638,-1.033313271544254,-0.944273339640391,-1.0228620702859879,3.982256099837068,-0.9695981695375522,-0.8907118748703053,-1.048311016147738,-0.9667682805007933,-0.9081123251628309,-1.0480837025121097,2.7703508640937446,-1.464331500617659
3,0.6014560459238311,-1.1065116082890791,-1.106230500130626,0.5945497592503359,-1.107815679811755,-1.0945175825825422,1.8206291974224904,1.7026892343398887,-0.3684850255863324,-0.4085421616310549,1.686382351293509,-0.3815817411500401,-0.39117742589299853,0.2377168107407463,3.143524823156255
4,-0.5296662466294926,-0.54102162324616,-0.5285351158773601,-0.5360732455064373,-0.5513550709228092,-0.5082320992950103,2.980866858130153,-0.5261633891759814,-0.8234075779176285,-0.8137638852295656,-0.4956805004060013,-0.8230873373375184,-0.8040261149133054,1.6794929796794407,0.05342995644873692
5,-0.8723553160840863,-0.9214160218434814,-0.7555723315527006,-0.879590601872594,-0.9442515953930604,-0.7697242508787441,3.953861486779866,-0.4607632259948928,-0.47710779107079365,-0.41221099011321605,-0.458282308998248,-0.45125582471138803,-0.42412981573047637,2.7819486063881502,-1.0747158449557317
6,0.5571029097513758,0.6431158551893159,0.6793045940313022,0.5602633907573773,0.6448697327173247,0.6735619480928056,1.8334611374579224,0.34728039267536615,0.5134861139160013,0.492726298850077,0.3351243061246543,0.5456280836331165,0.4770503047663237,0.7329876875734045,-0.7168019949200054
7,-0.12808925064523308,-0.1253937356742965,-0.1358459931476648,-0.11783378424112856,-0.13958907531605638,-0.13701234576890509,2.1354709536374403,0.4356714029641385,0.4591453804776046,0.4630854872082867,0.4092097597939976,0.49043841791953163,0.38013320308933496,1.0045652379250083,-0.2670228970384718
8,2.048156792554261,1.961913499019618,2.2216900245028603,2.0474869981907973,1.9640357196771085,2.2095721124289276,1.012638017579383,2.2043649819508504,2.1584982155919015,2.4556243795022867,2.1948655252757114,2.1723107587061574,2.470464071967462,0.36081323353262307,0.6086954677179547
9,1.4500234863654098,1.337419711227393,1.6213338680439224,1.4727598116045064,1.3171165738999482,1.6134397894533836,1.4051952142803739,1.5976964272510297,1.378079635643138,1.4269496275315103,1.5903091490960497,1.364631999352714,1.3983539154643851,0.2625256775736894,1.0558670524903504
10,-0.003061757778856697,-0.05109007595199578,-0.06473013716006308,0.017403458319505145,-0.0575467933322141,-0.046766594066758226,1.9912388373100083,-0.42161018439597847,-0.5197501443939035,-0.5700819253746243,-0.4577723591796519,-0.4922029182591237,-0.5900527285604481,1.6257125760191868,0.5768111511549979
11,0.44600059366983463,0.527032152281595,0.6296741019877999,0.4333055030838926,0.5185178961715733,0.6230297861023156,1.5286421347741568,0.23578177598264616,0.3415436148609523,0.4046092673403707,0.23264685156951048,0.34513081925523337,0.4119128340740895,0.9070406936497426,-1.970867833923992
12,-0.27357737021417927,-0.5681183613879097,-0.6647748053097459,-0.25939972240901443,-0.5418183237375607,-0.6744320682994708,2.949380899393934,-0.05333634948831912,-0.4478813613442264,-0.5424969617927853,-0.04260857818744081,-0.39443477091772344,-0.5777791097643862,1.8228299839565634,0.4655465170874169
13,0.33361106805076646,0.3330461450958567,0.41730865285787216,0.35587212655886313,0.37647588030430196,0.45922690602545024,1.396593182632308,-1.0149478195107773,-1.3582436105105122,-1.321546407730698,-0.9779003251333702,-1.3453892449722353,-1.2384173707831128,2.0101803759102186,0.4490109590299935
14,0.39679968011486355,0.17566683849486242,0.19002172364040795,0.3926337801752435,0.17166109879328537,0.17896466011755444,1.5500754496423572,0.18048832176446009,-0.2681018742972976,-0.2591016567522402,0.22654457323790747,-0.27720594650854813,-0.29039405731538315,0.8835097006106448,1.1765754413036562
15,0.237688812912249,-0.2834401821419925,-0.2827679542492642,0.2119942938370404,-0.29522623300003287,-0.2885817612151745,1.9685284091119089,0.14843021495774103,-0.705090596201448,-0.6574538219559407,0.17453609890439406,-0.7251469155380293,-0.6727366698243854,1.2846478295972834,1.3888389865344488
16,1.3371582951728076,0.8503755351122795,0.8475758197832323,1.337642958189768,0.848986548794156,0.8416591509841831,1.5755194915722086,1.5310085926128627,1.077794025038508,1.0347721289896445,1.5328641316043448,1.080580088580057,1.0249975526131552,0.8141919661075779,0.9676630757221455
17,1.948020827227204,2.0474669756710173,2.0785194495076404,1.9495584567568698,2.037629563723764,2.0788472511060894,1.0510485629618518,0.4657297882950936,0.6268343056134303,0.7520869331743674,0.46946639534362244,0.6328119425839117,0.7382952146518132,0.8790643035132509,-0.8687677181690012
18,0.08978992023050301,0.23150489517879985,0.20993507603463754,0.09541871102317821,0.23243574481428386,0.20502757458706783,2.271636563566172,0.0012824530317615108,0.26204601018469376,0.2644410766625701,-0.015422313642216271,0.2358737901885596,0.2288302932490549,1.399968855680177,-1.185773312598842
19,-0.5572609557294393,-1.0652028384843635,-0.9206741387987767,-0.5683244994246216,-1.0518296607951967,-0.9326096881677073,2.419687936472017,0.4530255764843732,-0.558207409748763,-0.5594810124980654,0.4279016271734885,-0.5144474327388766,-0.5691717397453551,0.5622086329565821,0.8084458156986909
20,-0.03661514497397359,-0.3494692512400918,-0.3265424770773517,-0.05554050739509505,-0.3743264185365969,-0.3139583595934438,2.4613735461466395,0.49113002588679716,0.19256246425153528,0.17327182068277736,0.4865570085763416,0.17213710757316783,0.25435664771666067,1.1862311296346266,0.28498114152394577
21,-1.688617475655523,-1.745691826270702,-1.8603583714247784,-1.6886389325652178,-1.742783332347338,-1.8569524611579122,3.6469648942896495,-1.0015957917764589,-1.2614205130934806,-1.4689929439198333,-0.9904881237484857,-1.2444713818934887,-1.4587143729050434,1.8839380042938252,0.5877141320130247
22,0.262431668283042,0.125503220557731,0.13748090239758118,0.2767813705227842,0.11277983884654377,0.12508888804953716,1.870660874067716,-0.49599058134907414,-1.103791391567287,-1.2606733223772584,-0.48838264914531426,-1.0531499594088223,-1.3000436672918783,1.7494522276844793,0.920070315758112
23,1.3406835706465474,1.1507850735109504,1.0841571725561137,1.3517695623457193,1.1294409763706212,1.0921562202758577,1.2495330045531896,1.5337342522875137,1.3665784651053345,1.3631858369968997,1.5534478156176823,1.3928024351822335,1.3537718706764053,0.6638440962494122,0.3488266542390776
24,0.3709261627596931,-0.5043927997993867,-0.49962340070328193,0.3690322854928444,-0.5056456618735793,-0.512520971681952,2.441750515288076,0.8961483684524014,-0.5980569260817292,-0.6528558211069904,0.9198526907837393,-0.652525596808255,-0.6536223332225218,1.1319743719224447,0.9259667220943967
25,0.1537191191198439,-0.19244629487922324,-0.25194579344710755,0.1362299370515002,-0.11459768900036912,-0.17925959439851433,1.9824888072336981,-0.19488863091585504,-1.1411037078114168,-1.0225155922345965,-0.20452970875174345,-1.1612656578734546,-1.0328960730950643,1.1742597867990614,1.027308065233453
26,2.0206980558406666,0.9955649516538598,0.8814346829861045,2.0468426471754757,1.0120661314733588,0.905535619083749,0.2264785884850252,2.4716541739063094,0.7377038637702049,0.680784836688064,2.4930271033499696,0.6866453450217657,0.7062005190950968,-0.9801345828911905,3.6388506095719215
27,-0.2672018066913099,-0.9369311605970315,-1.0219560516766726,-0.2565446584703997,-0.94868134438876,-1.0411082391500464,2.6803002690369633,-0.2596934600194632,-1.3853166139897437,-1.625386802688836,-0.2724514674731848,-1.379116622669235,-1.570378284585011,1.8226072263201423,1.4446749569081274
28,-1.443748021758665,-1.379135099944003,-1.1951254104163676,-1.4377255536543025,-1.3833755225397906,-1.18889576917152,2.772240723690239,-1.1392753273465979,-1.0013739131629442,-0.9038058008904722,-1.1591291707769524,-0.9946202817970411,-0.9150686554386139,1.8214859406666408,-0.9528425367005229
29,-1.5541987060682454,-1.5216281830737688,-1.6097863310580725,-1.5572657264998446,-1.5578025766077306,-1.6424892632582382,3.876391794831432,-1.9764979539879148,-1.6885698792022208,-1.8227574795702155,-1.9638211722197512,-1.6900325015288868,-1.8701115939050006,3.228536732052954,-1.672622437363757
30,0.6830927780878777,0.6653266832272441,0.6631386233702476,0.7222422304007644,0.6798431954227203,0.6918436801600745,1.8259144522640613,0.9346672759537243,0.9345123734754784,0.894175041871148,0.9254887259899519,0.9417639388788769,0.889841900307847,0.7938130809811371,-0.17704452852410202
31,0.392944837092248,0.5632987522366205,0.5400240795515517,0.42151946919729116,0.5731201406576225,0.5340918212709381,2.132321846153169,-0.3165546202000778,-0.17299727739152979,-0.15878955973720302,-0.3324665998070799,-0.17038483980547128,-0.20397962229373265,1.7795223785930363,-0.5971948633486798
32,1.7880927341557906,1.8638454401322109,1.8623827659493486,1.7686472964315056,1.8561683497817654,1.8593018811784203,0.3177423804600092,1.4546411514192734,1.5589260159347118,1.5091685774674466,1.453766130670598,1.5791685806745102,1.5136329171673195,0.021972642993264627,-0.7691045663926119
33,-1.814395135218988,-1.828699746715144,-1.8613228953608267,-1.8216569329909174,-1.825422645213174,-1.882575871355224,4.008039905424824,-1.679625374328963,-1.685914038508834,-1.7409951335505178,-1.7348796336970702,-1.6601593375124901,-1.7398178138540574,2.947680144447864,-0.7290275701220744
34,0.8283661710678829,0.8394356025630839,0.9444380167678879,0.8450769633942865,0.8706925434760232,0.9658433932319156,1.8329632569479417,-0.6130677353079095,-0.5911835190282058,-0.6459784097236562,-0.6794997959746194,-0.5582402273553296,-0.6804446977118923,1.7944963608968945,0.024425847601105402
35,-1.2097502800140927,-1.1086263637040696,-0.9972179314754462,-1.2055332282658981,-1.0852226418395423,-0.9947639932190949,3.524320191322276,-1.1378949455320067,-0.997132363529,-0.9575685661410155,-1.1262256855366026,-0.9701762415562619,-0.9036527192589466,2.3675943330459344,-1.005020521119665
36,2.29922436866197,0.11645865577735433,0.1101908740321578,2.2811585130054888,0.12264597801757444,0.12283474116556416,-0.06089976213400339,3.3674275397746767,0.4105399604343016,0.4386314164126604,3.3752710783381628,0.4116756479160632,0.39798518226561375,-1.6615991177957878,4.793753321904078
37,0.9437335844545571,0.6675900095015704,0.7308690238584312,0.9376554267034466,0.6703957199585183,0.737535930210233,1.8273031454622022,1.5168580900766007,1.1924468227011416,1.3156788185438577,1.5035702918679565,1.2010664772869084,1.3072941223040968,0.5389711909607523,1.4589325574057026
38,0.6267846524205991,0.602382458039421,0.6426738911188582,0.6238966595876495,0.6141506509944606,0.6202791418694812,2.0391781343286652,0.5084176094318442,0.509586022134396,0.5772794738878535,0.5265525553095741,0.4949749431546591,0.5612031535992829,1.5273800131962791,-0.32310240304462845
39,0.9037588817027196,0.7168570812931873,0.7384711599325541,0.8787546380179743,0.749252199681132,0.707089054122454,1.3270303995501267,0.7174214873959247,0.43590005646440266,0.44369694188710546,0.7098223507413592,0.5006391388306133,0.4782616565256776,0.5221308153208788,1.241834322257451
40,0.7330585972654818,-0.8284252216244377,-0.851044525122975,0.7345227120877705,-0.8432895881339206,-0.8444011583434222,2.7985054169376453,0.8377652427026279,-1.0047177020465972,-1.01215764358754,0.8422470763207623,-0.9968384217500901,-0.9982380483286729,1.7914547104673104,3.2113206898156084
41,-0.43842664088047245,-0.35436510974559404,-0.34453020230699666,-0.4324991557991748,-0.3390572259943755,-0.34106188438394525,2.8403497685087804,0.44809792788140684,0.7288446516615138,0.6757961886041582,0.4258955571178262,0.729770621265185,0.6699033858626264,1.3325296646809581,-1.7659381483532222
42,-1.9532728782850874,-1.86639223785241,-1.4122600177404308,-1.9519756641797947,-1.8882586183450383,-1.4138362404447409,3.4918990217881896,-0.9770624214003496,-0.9298753306335851,-0.7513588773940063,-0.9820928396106011,-0.9009787894232512,-0.7499512780228629,2.2669520871648574,0.45472210575927935
43,-0.1847518003404904,-0.1815526384118378,-0.20311438471805676,-0.18663025252857937,-0.17665112819722295,-0.19382938514050274,2.4079922647190655,-0.0686149594294908,-0.05101687130579508,-0.057687630369315866,-0.07763489324896927,-0.07546349438214114,-0.05309924107077664,1.6045597778885856,-0.4144539616045887
44,-1.0253259774900763,-1.3045055554965426,-1.3743301600181044,-1.0198183338908666,-1.2986734336324381,-1.3818690064505672,3.195393968941411,-0.7143041425545896,-1.2641088971612469,-1.2675924762333992,-0.6841628584652311,-1.2732359208964292,-1.2396958442897275,2.498090903245907,2.0879800232392514
45,1.1635414132978907,0.28288950805892105,0.2953365185423378,1.1260332382999725,0.273363279163595,0.3132372506216186,2.599361213663911,2.0150473746840896,1.3403197678200123,1.3895924926741627,2.005412032181478,1.3419356565303535,1.3515181531862999,0.7924559741291529,1.2037432838186946
46,-0.7747647976587028,-0.6717698563790678,-0.672108083058483,-0.7919456305953474,-0.6668802479642096,-0.6589721055274708,3.0421633781349176,-1.0359715120994086,-0.8737976882042113,-0.9025319709120073,-1.0304904646324202,-0.8914515441133525,-0.9074561191071945,2.4662170251576074,-1.0558271127978984
47,0.34861073674597426,-0.5293477407211399,-0.564912315048302,0.3340736076270169,-0.5611041749481223,-0.5644245854752966,2.4442533654069045,0.7400592000488523,-0.45653381303338797,-0.4882281701267883,0.7311881112141978,-0.45105263082177016,-0.4505482396418148,1.2252477135733721,1.4441290176253168
48,0.362468903050685,-0.40901560381506513,-0.4196397762985532,0.3700240667149295,-0.39811168336041375,-0.39982627756851163,1.6505521448971423,0.588026916196453,-0.5879227292170909,-0.5984746763448175,0.5505693273762026,-0.5809731757937073,-0.5944883339351638,0.7197863466611059,1.7645249127486438
49,-0.11277335108777094,-0.1623431374653102,-0.1797241671690654,-0.12199671840783397,-0.16504354856146927,-0.18378537825021102,1.9896860584686435,0.07652478840303895,0.01920518492953783,0.022570913231473772,0.04962635391254778,0.036735096669637306,0.03647238964723899,1.1516744141972117,0.1413297809964793
50,-0.8600972315806006,-1.2000660421445495,-1.133226268337291,-0.866883932209187,-1.2037089004546315,-1.1453653133537625,2.900260851357965,0.3543461652620983,-0.2786348800075339,-0.27786732932434377,0.33737563555489003,-0.24440838079972627,-0.26985871254177507,0.9694338904516163,1.147625425370599
51,0.6609297911096327,0.5459977317886249,0.7339503942594598,0.6692862016622897,0.5333876402920018,0.7408214624601182,1.3611973056525173,0.44043908017952266,0.054265976264683595,0.06759823071009104,0.41787313234301304,0.06688216283688318,0.06787920410877571,1.2126898369093169,0.6900270954540974
52,1.3847047043663483,0.8040313177559087,1.1370922866817867,1.382079417512709,0.7991945487241694,1.1433775361192342,0.5208679672699595,1.8166414243225566,0.9737815349738445,1.1852245255458498,1.8209109830451888,0.9461237955750588,1.173969841169378,-0.10897651004185481,2.2931222199606975
53,-0.1515742393840841,-0.036858616065721224,-0.04403443429650226,-0.18912633167341353,-0.06582344500693375,-0.06009193856490114,2.03316146363653,-1.2654624741333338,-1.027360629830711,-1.1700312729638382,-1.3472578663139116,-1.0320589447693014,-1.1713133724739289,1.8414061876289436,-1.0108703263472487
54,0.29326937145232757,0.2996338642154895,0.2859585929069599,0.30420279439110987,0.287778516009241,0.26535044757576004,1.7898839665709323,0.2203100184592127,0.22766279979896814,0.2153817177160113,0.2425599110311124,0.2271016365654708,0.23018650562763057,1.0677047560105544,-0.13405070426135965
55,-0.6483696097391188,-1.2692276515653294,-1.2446222224731125,-0.6280417118100048,-1.2761380596238159,-1.2708572737861632,2.459446370270815,-0.3965142099862642,-1.24433171238896,-1.1213561762301785,-0.35318343327267626,-1.199659561434827,-1.1223022481221427,1.5958445377346075,1.1919547678399112
56,0.46819556308998495,0.5963627753458951,0.5843001788519119,0.4708312899356371,0.5819551462888448,0.5787639358131859,1.8760743869677559,-0.4724857984037545,-0.254618542380096,-0.2814965135248376,-0.5001546215690564,-0.2948167282963396,-0.2851184694889004,1.5958907825695867,-0.9090135053962619
57,1.8169726832218305,1.8743886781790406,2.0161288530690626,1.8075952472185355,1.8767391477294186,2.009734088696423,0.20928006848507785,2.0649935381901576,2.1206786855801782,2.3102504390099265,2.033550542407386,2.1005981427784883,2.3107774791604774,-0.5895678620423714,0.4089284587510438
58,1.3899272886192857,0.3443430751904938,0.3345851587269113,1.3944956365829768,0.3243912867468826,0.3273124533032475,0.7098927891061718,1.5434436760328298,0.27048941886917316,0.2761510560359686,1.5380611286968857,0.29652012559729224,0.2792681653760265,0.0771116997101012,2.378989997439212
59,0.5570134778433822,0.5339539323799125,0.5548608184865039,0.55312432042997,0.537921724582195,0.5504915478580964,2.1235707372150854,-0.21120895831479589,-0.21944333195960472,-0.23157729800353546,-0.20755762967361274,-0.2508534032558852,-0.22157944531624033,1.3458762168809608,-0.29670810959141813
60,-1.1515317947114876,-1.8443429076140976,-1.9094626541073147,-1.1895904702572757,-1.871041683813053,-1.8826423487141397,2.8405983607800738,0.21345612517006785,-0.8458171197601797,-0.8657716988165634,0.21242155925027467,-0.8135838899860107,-0.8928010452659155,1.2229042462786648,1.1063602534917563
61,-0.8986137081233136,-0.8166083364713063,-1.0223689385049108,-0.8936916306469312,-0.8268149979096421,-0.9916433599319756,3.0638406957860487,-1.4298760327302023,-1.2699907513312036,-1.3634217395853774,-1.4566081203832975,-1.2914400373695984,-1.3573261387717082,2.7851988522508404,-1.8434363987439504
62,1.273402930118894,0.3557482597350833,0.3734822855973631,1.2854599817720431,0.36179339636057883,0.3640016776535155,0.8774196217928535,1.3217690586037707,-0.2884126793304465,-0.3216561039867196,1.3019984157942899,-0.3091287459099826,-0.37606841890468967,0.1488507310622121,2.24912272659686
63,1.8562262970569594,1.3428295495606966,1.5674845716976546,1.8650212223590854,1.3382923520936636,1.5754777350164297,1.5888139473990721,2.135418874544234,1.430735349715524,1.5555236700283062,2.108883505083149,1.4265811602685192,1.5815952880375475,0.3163508084217077,1.893505279383989
64,0.5333424788020069,-0.7891085513084286,-0.897013897447458,0.5251582278096233,-0.7711459271038916,-0.9195439788054299,1.7216424535771742,1.435841390541411,-0.46118041536001136,-0.606056302307528,1.4533960845294973,-0.41351486096438733,-0.5463231147604244,0.4819712146113463,2.21436796957881
65,0.5684937938785892,0.376085253874323,0.34147269162540334,0.576197062946905,0.3831300386604561,0.3289817733314475,2.3475441049694044,0.7287159867686198,0.3703347783558626,0.36797892853564207,0.7421765069935731,0.4027984865369515,0.37826571913522644,1.6168270334120936,1.1394688718407568
66,0.5147688969907094,0.8526617186664883,0.8073285638042461,0.4874270753382506,0.8691859038120323,0.8084270105647489,2.1411615038998626,0.6850503805792805,1.1898333307549334,1.008661441125959,0.6587379860989734,1.1922397592998526,1.0555552425151165,0.8952913800117313,-1.3682984074807512
67,-0.5973423827142902,-0.22751096712223295,-0.28170634056907984,-0.5965268343642387,-0.22302103433908152,-0.3373124818298978,2.9070237570475643,-0.30634825258692844,0.20544338593513414,0.25643708660031184,-0.3013860573882461,0.17305660830095893,0.3268890710654721,1.9663497581461284,-0.2805520893226963
68,-0.11002944394679666,-1.4434564857046221,-1.6176767368847087,-0.10284722214484439,-1.4433793507281711,-1.6210880546599373,2.3727221091896453,0.8970586147801857,-1.2073426430763716,-1.320932516310431,0.9207121021912471,-1.1907882336296822,-1.2564217131401823,0.674068771022891,2.9195874640838637
69,1.131654252836993,1.1432967447628641,1.1969921700784567,1.1487742407326964,1.1433245813789488,1.1932439335218739,0.9470991717242476,1.2041965881579706,1.187696905619649,1.3117921378011301,1.2321232399364082,1.186280122855227,1.3225491569746881,0.13089719327506513,0.21427244184269903
70,-0.1443425511093134,-0.5517256126829474,-0.514026288836586,-0.14602350408145837,-0.5457855570208284,-0.5181539557020293,2.6781101156468226,-0.19108515951650087,-1.115488547093114,-1.0876731055064277,-0.21772037378420905,-1.1348040572686913,-1.0421354854391396,1.4834452329493604,1.0959854218559766
71,-0.10095208176298008,0.15730944030015118,0.17671187544893308,-0.07733320894253116,0.1464071898480873,0.15189946991217826,2.053707308171869,-0.9019749409049344,-0.5285378782544728,-0.6318668861393503,-0.8816178728042161,-0.5334527384991736,-0.5935639335967325,1.9165897163253316,-0.4998212976250204
72,1.831916339878434,1.12427587661817,1.0552991120406603,1.8336655815178267,1.1291340345000838,1.0517920731430201,1.7786968917526957,2.2276166563164987,1.7257622050416246,1.6117425936760055,2.234379265744636,1.71683416089806,1.6055056263975362,0.6205678748934934,1.356565559542765
73,1.1326679766089374,1.1968658006022308,1.0566649511714383,1.1229174538025848,1.1903444144990072,1.0618666248765034,1.3856937828142142,1.316022604338048,1.3417411577207066,1.1693431670461103,1.3157586934153294,1.3420596368454631,1.1746429986943079,0.46533180465127705,-0.2935640034920958
74,-0.5242960938053072,-0.5245439853700034,-0.5746344565091737,-0.5292897619000994,-0.5267893900813178,-0.5526955581654346,3.0612339194967593,-0.4120406351797197,-0.37423972060767396,-0.4233311255886581,-0.3657250571739426,-0.3222487980543168,-0.48242677995793287,1.9625681280268314,-0.2590096420369685
75,-0.06303395389357329,-0.14081485882139386,-0.17727132658300152,-0.053115202532275564,-0.11585141554534095,-0.13703224058792557,3.5162961059978253,-0.23732261864173446,-0.3944128529949285,-0.5311803890590291,-0.22901177594499125,-0.38489478165761887,-0.5254233330859734,2.7390955202390685,0.20484272237932472
76,0.13819179785291466,-0.6771086920554207,-0.7313510027165246,0.154787646180574,-0.6739886024426427,-0.7447817978426996,2.0959133654236277,0.39974213823116206,-1.2062009682150499,-1.2451602339017385,0.37701751155770685,-1.2845752041751246,-1.273176487292643,0.857920476661781,1.765516997710171
77,0.2727027346203159,0.2617835105424352,0.33534816235747084,0.2532985681583522,0.2586592786110143,0.3363962302704783,2.0834204774667557,-0.027561056994848915,0.004921793658165223,0.005506215476209418,-0.03300245543355721,-0.01220773280211372,-0.03401335256320462,1.2900865008129603,-0.2882942713625709
78,-0.9758123665371791,-0.9040991544509193,-0.9007287871774972,-0.9709297789618911,-0.8980018026676192,-0.8967348645679042,2.9073036277964732,-1.146631791533855,-0.9669888513341225,-0.8665544100151431,-1.1310483753752736,-0.9981724793012929,-0.9505944666445231,2.1300350240295627,-0.7171976077984372
79,-0.2417879251957793,-0.44189641029075827,-0.40889751330366664,-0.252974313643599,-0.42582240630913154,-0.3815783917181635,2.507371504874796,0.17665602483179826,0.21048981825734397,0.2652130920971121,0.16412681046001143,0.25835907879889236,0.28532787316479696,1.4661004369229294,-0.08904255350055724
80,0.24381883675911525,0.31033487068076593,0.3232609908952904,0.22076890468223867,0.3336319511497836,0.33298139542543576,1.553505117928905,0.237156053939803,0.32240531575384485,0.32210668090992606,0.22341694189965974,0.3162689740009235,0.2999593087351796,0.9829251850606175,-0.3426237970313499
81,-1.5270267993653275,-1.3390877987789143,-1.3824479905444438,-1.561184325677697,-1.3498762062459606,-1.397128237833069,3.8183310429804167,-0.8885570456030074,-0.7250144128211831,-0.7383415595276844,-0.8534239948006185,-0.6691227884441602,-0.7336646282846219,2.644644304064546,-0.2084561141262931
82,-1.0586704757291026,-0.9846865921168433,-0.9769222495296607,-1.0558964506394048,-0.9981958401537886,-0.9871732243399104,2.5676108729229608,-1.0835158749921492,-0.9827619445879596,-0.9602035303466244,-1.1190184727391173,-1.0811923346968941,-0.9518189256026819,2.1005312796242386,-0.27513747365682295
83,0.9997394963380198,0.7410420121513923,0.6668677765482183,0.9738348895440394,0.7413983490046783,0.6928374143460814,1.8370345204657272,0.7521609743527117,0.4254238346228189,0.4011045167471446,0.7055574947921097,0.40580563580726287,0.41341324850753997,1.148633263080038,0.4983316262351083
84,-0.10741684569931298,-0.22140578557000729,-0.27692513631896915,-0.13675216606586746,-0.2589097275196294,-0.27678127231985694,2.3094328921753715,-0.2294366445679131,-0.3673315501314848,-0.45398495918471937,-0.2534629626990034,-0.39764944663477975,-0.4165063700819184,1.5027420693212854,0.7801174247317014
85,1.3200197352384977,1.0310445765988299,0.942372700697817,1.2861578503388718,1.023919851744456,0.9497120452741252,1.0467670743448159,1.2616695310143144,0.74724572157469,0.669191233663444,1.2594363346936384,0.7796973464264382,0.6467317963245194,0.4763938843442505,1.3289654902422672
86,-1.257426244070972,-1.4604711122776217,-1.4733719931196254,-1.2584477647458987,-1.475976175979048,-1.4872864108614898,3.253152474882196,-0.5955709104474028,-1.0773194859638415,-1.1185825955520687,-0.5918404513862601,-1.0118809748609183,-1.060379398700772,2.005919557961292,0.6876256501799016
87,0.19017161414855202,-0.5740419641132652,-0.6326513120692414,0.1931125553650998,-0.5915608515319921,-0.6517491367229278,2.952760990690947,-0.09584541542994075,-1.474275783415966,-1.5166977311625396,-0.10596176166280978,-1.4672695347115878,-1.5902154795069818,1.917926999026425,1.814873167627531
88,-0.5797100895182473,-0.7267958371905682,-0.7693343822475743,-0.5858098610924233,-0.6920675688875878,-0.7035223437197036,2.8085067519678444,0.2999881061551909,0.047564167065454174,0.05069835197895895,0.29025116645023413,0.05765375372155078,-0.005167073617337734,1.0893364581043192,0.32207746998543935
89,0.8659813011713503,0.8942202931528556,1.0580547968987728,0.874143253405715,0.8956196757142558,1.0634599529752042,1.5786564335814615,0.06204629084935343,0.1258570605579682,0.13977929864215338,0.039664503681524764,0.12702094446668513,0.12174056535352955,1.386563924560391,-0.6465396466644374
90,0.7653197118407208,-0.4431436657346746,-0.5507245886744653,0.744116534186866,-0.46129564042482124,-0.5992797091972982,1.669906260397211,1.305153611141159,0.15880183994460642,0.19154788575929727,1.3083875825226778,0.215839188596307,0.20740184407719772,0.5756852456055805,1.6772443265092192
91,-0.5477588729747487,-0.572141283837394,-0.641410228963169,-0.5401181953160308,-0.5690345235765253,-0.6292534260759203,3.0060162401233606,-1.1419441599773283,-1.169887496060384,-1.3053650760181716,-1.1389264403251806,-1.2523639154672797,-1.3643747314040051,2.599488265072771,-0.6078068079330747
92,0.8886129600115477,-0.38888345967528903,-0.4337798236129402,0.9028286204720055,-0.37400925736944624,-0.4507864516055911,3.4739654540332343,0.7397183813824758,-1.0152913275470452,-1.0990002441688933,0.7498071320125329,-1.0018530192915744,-1.110023622396253,2.478758982273513,1.6530337603178122
93,0.5259635067823247,-0.10823887545221902,-0.11488327926454811,0.5338714066932008,-0.08435689908549787,-0.10509298896303602,1.593651979676046,0.5885823349640961,-0.4598036127552907,-0.46956903648990433,0.5869184400401973,-0.44335268057996857,-0.4056995464499669,0.6512587767389582,1.7206340553469883
94,1.1967415846136866,0.8056055209391593,0.7432585053977178,1.1869351558166668,0.7984392090350576,0.7460708479909602,1.8099841466259141,0.5514821790184381,-0.2750167249757965,-0.28847355755566473,0.5284842862017728,-0.23967600844820164,-0.303406166869996,1.7458469256402285,1.2557813819011414
95,0.5039385571760235,0.59405382467901,0.5961944953325081,0.5087143951409074,0.5736261659882295,0.6244404635487641,1.6279280433182517,0.6459262317905469,0.8046125721727703,0.7541201266002928,0.6225203129138599,0.8799898102723558,0.7372346025859299,0.553287242596543,-1.2257480555239375
96,-0.043124428317193784,-0.09784603230791823,-0.11002867075340234,-0.038868194098186475,-0.08863438819480483,-0.09300920390034195,2.2995252603203697,-0.05840846900044832,-0.1931954468425619,-0.22416249216339337,-0.0871549526642637,-0.1671365760227954,-0.204537012873466,1.6920401527593933,0.2871976336922648
97,0.5507757133410608,-0.2635289774446457,-0.23804618300639377,0.561088440218953,-0.27691112142678703,-0.2642215700514917,1.9456850414151121,1.0048276573801487,-0.14375171964808278,-0.12814875686448743,1.0668318720493792,-0.1333154703435704,-0.082967906467036,0.8298960528730528,2.3817052254151942
98,-1.557897595969197,-1.2243635993090656,-0.9649877960035396,-1.529615335672717,-1.2191705036253586,-0.9405027164348275,3.282379922491257,-1.879816696733264,-1.1713600246133038,-0.9713077437360477,-1.846220911622824,-1.1546387182179378,-0.9533392882426168,2.8453730936485155,-1.6689214938295676
99,1.0952773980994523,1.025155925596208,0.9421596939991834,1.068481320100802,1.0175353320747282,0.9405339343372981,1.219332216099691,-0.22054897974007792,-0.41721006633514124,-0.3848838325461987,-0.20447857446660234,-0.36241659409131294,-0.31637629361976183,1.7206684602095266,0.5131435163780486
100,0.11957828467327992,0.23548174203007938,0.23535759307621706,0.11075894300844509,0.23000989573092315,0.24742551626240317,2.1144062678123947,-0.4112506982262563,-0.27518649619796565,-0.3329044338866716,-0.3777345717345326,-0.2941986609687909,-0.27286093894337754,1.6479052312342515,-0.5224387099489735
101,1.41680252731173,1.4185755855029563,1.10359097507115,1.4165207286326242,1.4340448123030198,1.1032175548453838,1.2290567710579576,1.628220169384993,1.6368196054995527,1.2400138578349333,1.6192779795571621,1.6265874177696569,1.2372471273573928,0.2069973042457666,0.544591088141833
102,1.4460904399996548,0.8423346700804671,0.7271572918929031,1.4528288340102629,0.8422038521473177,0.7207349859371079,0.027561265581788754,1.123471330203976,-0.21022854311979414,-0.23067070730060227,1.167101514095678,-0.29637753839404346,-0.24543238529877998,-0.07983219581748084,2.1104071708178966
103,-0.597276750039776,-0.4690898251648366,-0.5446598517489184,-0.582800154958583,-0.47710394171528653,-0.554631275813979,2.5210652550642596,-0.25045665158126024,-0.02317173661928235,-0.02562256420470312,-0.2484818676342078,-0.028336532868894714,-0.06886740197227002,1.3259734520567736,-1.2921163850403667
104,1.1843976898796036,1.0048915750566476,1.118571401662789,1.1800301820567876,1.0054661098289144,1.1357985058714282,2.2238883220935155,0.7261600798668506,0.3225351537084022,0.3323108710770454,0.7704828335596368,0.3138003989719555,0.33806649435026875,0.8245723687209301,1.5912514776369173
105,-0.7643032395388522,-1.3005601531138662,-1.1841898954520105,-0.7522622831637475,-1.324039836859308,-1.1649924328181616,3.8467801824027728,-0.7455390099159401,-1.445241175930062,-1.2860807148485167,-0.732978958816233,-1.4668818388438245,-1.2580025763948692,2.76727639636538,0.5320310925048871
106,1.4362939804577108,1.059041507982989,1.1808795073511604,1.421221160383787,1.0586780374391191,1.1985661658272135,1.2012302627744385,1.1680053380040232,0.6030657401751073,0.68582160133762,1.1235378534378688,0.6137153830537212,0.6906171374031255,0.3803705070242397,1.502923691879504
107,1.1752139202002534,1.2673854008213188,1.1632243142870318,1.1620086554039795,1.2818489506224655,1.1643752555261107,0.5648292135933858,-0.05185795846953546,0.11741125985368281,0.1092820443639475,-0.03781870351346932,0.15967048442280246,0.10325405087404782,1.023314274932297,-0.9956579454469006
108,1.0185818646665845,0.47986659137214355,0.5324266533540026,1.028168674999346,0.4748251294120232,0.5375675461459452,1.3556679893177488,1.1644072468089832,0.6109236719154747,0.7001595151344948,1.171204097493752,0.6408000066164723,0.6771727743289956,0.3557267074696941,1.397311384521762
109,-0.5389967347412212,-0.7981668909723977,-0.6528484186001694,-0.5386842263326064,-0.7967744914312,-0.6559117111213307,3.2547423348865716,0.58373888812187,0.4534202503474742,0.4827674135924793,0.5710874395293061,0.45057230892515154,0.47803146680953723,1.409561476797679,0.24233429411986265
110,2.089979529466298,2.1238111388069836,2.4723265897041564,2.1250492715365463,2.0767978716582216,2.4591060316615763,0.6854569069123326,1.2744716207638518,1.3191787008505782,1.4849323086450856,1.3467340846485656,1.3097845874082956,1.4995251235897624,0.19298835996904362,-0.01417649418554258
111,0.9466028771646846,0.8385089290766404,0.9984774625523782,0.9410709812669883,0.8378212071900815,0.9897919334131504,1.4748489748284441,1.1216217260630545,0.9799236542692371,1.2734678772992227,1.124726317275769,0.9824837320595464,1.2461995179809553,0.8711723038936184,1.1472860790501238
112,1.3808551814513388,0.8970576997111687,0.7262986275577464,1.3752907145056392,0.8984905170864106,0.7255058676612509,1.10215085504015,2.0388488664172653,1.477870865563308,1.2219358770659272,2.029482324712949,1.507547947811488,1.2066777233955266,-0.276844735896778,2.0154689673131507
113,1.608325177372246,1.4514453078448828,1.432896763523024,1.6133306358946686,1.4478689874155974,1.4589511213232864,0.7901896401473407,0.843809094154226,0.3913941130046344,0.401992923593393,0.786800105341856,0.3633930385162463,0.4185670739966268,0.6629764864552921,0.8861765383405015
114,1.0116545134823627,0.6905745882725765,0.6429279891501781,1.018381131157499,0.6835345495825583,0.6490311007293442,2.0291125797393668,0.7848489864716504,0.3818134671189676,0.3670262850241083,0.8001336272013279,0.3802925395457073,0.34637356784284923,1.2796176783698168,0.8806077243381987
115,0.6666618838542197,0.345383712369459,0.3273265758669071,0.6703537431415275,0.35302154576600964,0.32725482462628663,2.1248194058259657,0.6828970419190487,0.2799301544977987,0.26854517571527353,0.6665621076043979,0.27732384699813817,0.2797965387141881,1.1151776154996924,1.8324341646197666
116,1.694574597724572,-0.8038329780774965,-0.8673371390389117,1.7020728560390543,-0.8025901897573956,-0.9132951283256916,1.1204075045346327,2.3633652483078,-1.1987284968604202,-1.2319250638777561,2.3682963171017697,-1.2211414541372443,-1.24381792858633,-0.16408855373423467,3.3801169282293495
117,-1.6114237096177981,-1.8219749793522941,-1.8060890243159913,-1.5947369917803988,-1.7991685647932023,-1.7771822560990798,3.443283858809915,-0.3455611977472791,-0.5430695657014009,-0.5434327881556305,-0.29930442256795586,-0.5974769794675857,-0.6170965162099328,1.4936671542291093,0.22641334173096764
118,-1.7931774896803208,-1.8264425134803601,-1.4115121392743888,-1.78564659026457,-1.8426185515337894,-1.4388534049272346,3.44019766838404,-2.3104266195281604,-2.3102058818141225,-1.4744263623774354,-2.300224021246199,-2.3357636233951498,-1.4801653514270794,3.1535814773750217,-1.6687284729446663
119,0.5089700867584321,0.014601637921912181,0.015906768589926658,0.4965936010513731,0.016881499800468276,0.0402907121673751,2.076116909643499,-0.22276021404890908,-1.1995741291242454,-1.2849221205422983,-0.22765101716736985,-1.202930125760475,-1.2471780116513176,1.9018573291785166,0.6342761642745715
120,-0.9027340090979984,-0.949240013306414,-0.8126842702951257,-0.9062418068440676,-0.9423590873735965,-0.805211809206659,2.647547098103685,-0.5791181687022504,-0.7076286218765289,-0.7407079174668518,-0.5814322122115312,-0.7044575587859309,-0.7326600096255491,1.9491389595407542,0.5027798367125834
121,0.3624185479404714,0.2634451262778413,0.3395655755351516,0.37895330587041914,0.2352785792871143,0.34607235414447113,2.25787958022494,0.4273631535376248,0.4521904701299581,0.5639133952354987,0.4261157453108999,0.4200133203218224,0.6119501169947246,1.1518078390616568,-0.6465800056368464
122,0.40694188600829717,0.1561365338649837,0.14447038452289168,0.4017754498685704,0.16216952810202753,0.1215616675018115,2.2019122682995285,-0.5445715979057844,-1.0799723547976985,-0.9948920867158159,-0.5693748167205794,-1.0855795651957367,-0.9859856531671385,2.2832808767339823,0.5634029502457456
123,1.2009818912380477,0.8770402111528725,1.0099192409976752,1.2038969883498298,0.869389934177865,0.9724812924890698,1.4665491634500327,1.1414964564463967,0.4539330381383949,0.48311511790514833,1.1429729809146854,0.48304839911182834,0.4760672065672062,0.7724950608980052,1.4597196474830305
124,-0.9502470049371377,-1.2055392300459946,-1.0243459171392726,-0.9580655443705901,-1.2082419532219628,-1.029269855475333,3.0714474676076247,-1.003639533807737,-1.3618493940559144,-1.0514196026269833,-1.0031760146112731,-1.3650340321941383,-1.0455852849627194,2.407549730759366,0.9012567932549622
125,-0.07796088128074563,-0.3152741747058086,-0.43440908580251836,-0.0720372166039334,-0.33583731536226724,-0.4531448067127827,2.060350713509471,0.37216443035460933,0.09942546530257892,0.13972033993495564,0.3792171522802791,0.0984598296931098,0.15239260336355442,1.0501774444600882,1.6507489235469843
126,0.24714018139905272,0.249257804838619,0.24508161504667847,0.2601295892418117,0.25601883909769313,0.2297626496597751,2.2967364499327894,-0.11743796104705614,-0.17397138453513528,-0.18315299399164894,-0.10176553951606937,-0.16900308766816272,-0.18101068502499404,1.7966253380119186,-0.295879017194112
127,-0.46865521852949055,-0.6843727460871855,-0.549064522224196,-0.4868889299548014,-0.6893209308761404,-0.5517159124579377,2.6487417861455613,-0.10978117725770359,-0.6901816622561621,-0.5720402282786409,-0.1118262767164044,-0.6748964722584945,-0.599316881596061,1.3485149504722695,1.2345862544392014
128,0.3711653846648475,-0.6181653501150424,-0.5954704340963829,0.34791851234880034,-0.6344337728368813,-0.59862775066343,1.9067849819887348,0.9817019059270218,-0.5820239407146767,-0.5727978912773641,1.0215097621078972,-0.6067217400300651,-0.5721639190352262,1.0108609212102089,2.0153810480419665
129,0.27177809377433415,0.12258484747947795,0.11665707305434893,0.24937904770873437,0.12950045420704737,0.10604996364914326,1.8775259110783913,0.05538806015120804,-0.24941562188229005,-0.2491211911041142,0.04620147782273575,-0.23815538416963716,-0.27983310520809285,1.0631656553895645,1.5688663634182647
130,0.6429926685219244,-0.4196655700145725,-0.42061650279635165,0.6259207317993184,-0.4152808499541255,-0.41848683662264125,1.571370515421202,1.078609786406801,-0.9554781227091032,-1.22176292365316,1.0795245975187548,-0.9546767047450723,-1.1646496697990885,0.6602615768220886,1.8541392938228627
131,0.3712895514759259,0.20333863017518625,0.2100626388226451,0.35748914605519905,0.20199551459316697,0.20462700150563937,2.284028957761186,0.4067363042210493,0.20727657945853314,0.2203088429974603,0.4143682624485247,0.1874072870368161,0.22749302041513217,1.3657468888041835,0.7688285586559602
132,-0.2559739883751456,-0.748218439289853,-0.6151460654482762,-0.2495768229860646,-0.7362542988492078,-0.6155510986903524,2.5186310860042336,1.2368434397735877,0.1954342006891876,0.1895171732558541,1.1842340835728458,0.20869713026106881,0.1827401896391834,0.35394254924964436,1.8977406060785165
133,4.040227533195131,0.2681307765678207,0.2788473999026734,4.0506315293726605,0.2600831960081651,0.2726679171892991,-0.19836396201138895,4.452948628563033,0.45754924926598656,0.48925818507552177,4.46209978050992,0.4554127784377775,0.4672385917319533,-1.0808117834880353,4.985284048544116
134,1.4000977191995023,0.42324290418213345,0.44872516781058136,1.417171221436903,0.4502907225343551,0.46156265285786835,1.9651028305745268,1.2961818374982566,-0.2508062434052399,-0.28686103677971053,1.2928510893957612,-0.24770139525796914,-0.25999931308504415,1.1626536493081243,2.626628055480652
135,-0.9551698201393203,-1.6725682855826736,-1.4613075551650634,-0.9729897442599638,-1.6893814686291337,-1.4663084369810295,2.9098242545962174,0.03645439111373704,-1.5025914590167662,-1.2103707995692685,0.04676430362209506,-1.4660611867345037,-1.2146941100411686,1.1795154261269032,2.0327236840038188
136,1.0831401815107067,1.1704253676980694,1.3496067099858697,1.0975231606366547,1.1948424004708538,1.350678522031113,0.9864831901049529,0.5384248609336815,0.6661243821065741,0.7883479650935846,0.5483542832068102,0.6557455713323518,0.7660994883802656,0.5507303738794102,-0.9552469378885259
137,1.4972100451084698,0.36491794193405797,0.41614675663082223,1.497916256187865,0.35728462898739705,0.40037251002746466,1.7250102929435727,2.002262951438031,0.2987733007192805,0.3469128130654219,1.9997296212892797,0.3024883426231213,0.33750888208355456,0.8753406194402042,2.3955130908526447
138,1.2663674297474354,1.274935703728183,1.274764579728867,1.2564713013281614,1.270304372298206,1.2763320729391545,1.12260193373735,1.2739902239631704,1.2751036628507988,1.2856772000207743,1.2721005943553252,1.2770934526299906,1.279955609241564,0.533828842958563,0.048443370302811116
139,-0.42417842774636616,-1.4868584684237764,-1.6181005038738805,-0.40611662789824887,-1.4559175698824536,-1.5707266069732329,2.5526679528785725,0.6281617650209587,-0.9013039038330701,-1.06445541842246,0.6549326806539751,-0.9851843912813038,-1.105177526011098,0.8424374032111253,1.7888518659324986
140,-1.5885268574199953,-1.5397676485018656,-1.55934097124422,-1.62154118403363,-1.5401908421720234,-1.5782072526724202,3.65117130533318,-2.366366529071835,-2.282409185618808,-1.9907388505516261,-2.411933689789784,-2.308394194898974,-2.067171010940445,3.4995826296414263,-1.1614591088798956
141,-0.826503408701218,-0.8274578473382483,-0.8032899832767265,-0.8267585825006012,-0.8227378691327137,-0.7947253248681181,3.1202777446970322,-0.58040599344238,-0.6962592033449245,-0.6556986105368482,-0.5525827777090551,-0.7413964259011883,-0.6244753948781694,1.950809974367297,0.19412553880165032
142,2.2166193138670893,0.07213550016717639,0.07235566829190704,2.230793312936971,0.047360259462861834,0.06813497357652919,0.15713580330049087,2.973794633459773,0.12437075835488079,0.13392912327846798,2.9752134643406585,0.05381688565083479,0.015282206062131454,-0.9572885246150501,3.2200185650652204
143,-0.5024452141789006,-1.1803124955810198,-1.0672856501851484,-0.48715330833668546,-1.2035622355805031,-1.0910973983710384,2.835460551513629,0.11868668911873215,-0.8963811003470055,-0.8632621769210671,0.081487865489316,-0.8677559680606421,-0.8903898250228034,1.6433418037334762,1.8896864984121866
144,2.878171749352117,2.1015987700855443,1.9511481811360318,2.8733493908809273,2.107121576872059,1.9483293044166896,-0.21966775751703904,2.208816221979482,1.0704039129820926,0.9459454154456207,2.2100431659135467,1.083525388617034,0.9696987097520156,-0.03345928838735814,2.902304000902183
145,0.3844480189175856,0.23717209681308368,0.2602301992780152,0.36061434257107755,0.2502356827193277,0.28350550396306184,1.705621419945984,0.41147768030593834,0.10844166719001277,0.11268825091476961,0.3936497048105448,0.05693686649446659,0.060098969142133536,1.1506146489031686,0.2632989254612776
146,-1.7983827464482804,-2.3978178267849746,-2.492005134017856,-1.7812888118671875,-2.4042322717594926,-2.4697900671288733,4.2890879202192425,-0.7798575194473871,-1.641819176995892,-1.7400124425060548,-0.754813239082164,-1.543017118634047,-1.7657011302453332,2.256358266885486,0.6171795339958622
147,1.7797836344839224,0.8330430673179173,0.8402808712105838,1.7824020267551761,0.8595326654131884,0.8566014711875362,0.6882519690945808,1.6440418186753052,0.09846881603451123,0.09972762419431778,1.634225778788347,0.11520032699872346,0.1212534257949686,0.2087186228755832,2.461205423075677
148,0.7277804450132744,0.31927960795182775,0.33043140999769255,0.7451543065607924,0.355215085224789,0.3390051258824963,1.5710396729897034,0.7741318816981864,0.23512002411159558,0.23664626175917725,0.763409599850548,0.2474866997985821,0.21028922675447573,0.745034518551561,1.5208558261448157
149,2.0499896882608533,1.5752046916583586,1.8288278454392466,2.0570318639542298,1.573365234128989,1.8282888745524792,1.4521650922000042,1.8932560884545881,1.389688070622873,1.781366822259139,1.8964015725511603,1.4045730096766464,1.7660862973934994,0.27670626003836957,1.171490583826129
150,0.8360177266914198,-1.0823254812468903,-1.1849346665311924,0.844853852408897,-1.0804045884269284,-1.186368004008532,1.5146468246239146,1.8200128762725143,-1.0406964891347699,-1.288702760539922,1.833228255123561,-1.0329351635753892,-1.2659930371313097,0.07072482615052893,2.9289352837847997
151,0.6699169799147023,-0.6653447827012674,-0.8023369774325393,0.667389229201347,-0.6829888563098961,-0.8142658437391688,2.0794648420231,1.957414393773868,-0.011435985681307088,-0.013437910980559475,1.971588949191741,-0.03349994325457271,-0.02829779894853266,0.45513081639250746,2.9303517819103537
152,-0.7702588145495118,-0.8652528553232586,-0.8423066461153743,-0.7523263278142397,-0.8668595994252819,-0.8529632177667821,3.05432475107889,-0.7146944940820412,-0.7820246596323615,-0.7704589954546353,-0.7392932707721078,-0.84790679085552,-0.7468612577608855,2.115425656344369,-0.6193165055066883
153,-0.20266257133194984,-0.16499762675446472,-0.15579749342490615,-0.19951250939812823,-0.14765936240421795,-0.17435716690539135,2.253036420535244,-1.2129232981535945,-1.101760789004689,-1.1417806117292413,-1.188472704705478,-0.9843031511447901,-1.1695937594520667,2.2803640650143326,-1.0625242277156544
154,0.14046390923769442,-0.19403926259577264,-0.16702030380983346,0.1288855638103321,-0.19966944351126273,-0.18834468713726915,2.227361560773269,0.40121484424201503,-0.22246244364295753,-0.18924900006015202,0.4276780741140266,-0.1768142386313349,-0.20214803005950396,0.9473289752604336,1.8703719626232844
155,3.8220035555639034,0.898112023141399,0.9050018741941724,3.8149905369439447,0.9043643386347577,0.9195624778521242,-0.27323815398246076,4.258122821196041,1.1151958607371208,1.0396455252634016,4.260010081881436,1.1023861972584925,1.0288691458583292,-1.1747262268291094,5.961151857892236
156,-0.5107630028840491,-0.5162933740562465,-0.5130976751861327,-0.5369589522788913,-0.49554919014898546,-0.5289651574827516,3.081072943109428,-1.0023921034298555,-1.1497434326493077,-1.1648711939454135,-0.984181450118575,-1.1197211880272269,-1.1483543877051356,2.5721219864570566,-0.21431511774762432
157,-0.4274310802851631,-0.400659214743508,-0.4028262367563274,-0.4328389300189225,-0.3664542807647927,-0.3980903907276287,3.2032928149886795,-0.5222540020001171,-0.5368431331491493,-0.5329462343534994,-0.5096639978973148,-0.5325077866761514,-0.5178447817339684,3.0550682713639823,0.6727280485690785
158,0.725292216770749,0.6811513929631055,0.7080810013309555,0.7473832052469318,0.7135590646021349,0.7208278574504494,1.1908752679583077,0.9078826110246906,0.8696793452556753,0.8994122657383653,0.8466071979205032,0.944233542537742,0.9500266557726901,0.11146402845314582,0.09475818132231167
159,-1.3342248584868612,-1.3035934010187027,-1.4322321362104244,-1.3527699942706843,-1.2895045907446394,-1.4199582470429497,3.7120782868669333,-1.3288830420488942,-1.2476302916542736,-1.2169096135060864,-1.34246234510387,-1.2940919941349238,-1.2450964242592828,2.5872310610415625,-0.6949282980349235
160,-1.239113927825366,-1.0138637730918674,-1.0562708451538971,-1.212741867811591,-1.0167270582492105,-1.0784328070461733,3.5535260305517187,-1.3065771399131272,-0.9387710863878664,-1.0212870874157978,-1.3171357998801403,-0.9093826193832235,-1.0705408722438916,2.515350960009223,-2.6725233769312537
161,2.5230243302993793,-0.04198621519292319,-0.03834587290887051,2.5228768379860056,-0.03884600290427502,-0.06264555791576629,0.6562481771283478,3.14979797050014,-0.057833700298569886,-0.06324328458031286,3.153958804559765,-0.031652727327848136,-0.07031753029363766,-0.7384057065959164,4.228727782167462
162,1.6115842657143147,1.4596682363355933,1.3888809588453275,1.5941593750951182,1.4871547032186978,1.388984868484467,1.449720807692237,1.5127039739686172,1.3216661913921732,1.3710483242327605,1.5372321519453926,1.2850392883145854,1.405022522878845,0.413255948722193,0.7310062825046827
163,0.49022224374497636,0.24911677972010415,0.3078871376989412,0.4854200253532434,0.23704446888496114,0.31219227704692687,1.6891898520586548,-0.026096280733296853,-0.8148527839569053,-0.9249500723903818,-0.04326984143916326,-0.7780216510172941,-0.9371991513112778,1.447803294132123,1.5132074587141833
164,-0.13223234453379734,-0.1243706640056763,-0.13420518893535494,-0.12546768429807242,-0.09048366549557957,-0.1394959765788761,1.3690717704871782,-0.5271205746901831,-0.5438919480474177,-0.5020461307425284,-0.5709032405133461,-0.5430648592502583,-0.500181525014665,1.4037752414119846,-0.22264630223887158
165,-0.8897618833571073,-0.6542274398871595,-0.5467925873241415,-0.886416167234477,-0.667427823137365,-0.5487420346768506,3.129533865397384,-1.1092542320058,-0.6535084465389663,-0.6161685603338735,-1.1302402328930463,-0.6624389413516129,-0.6632329373589654,2.143910702174684,-1.8004530602159405
166,-0.43744110072238696,-0.5133766602149408,-0.500129909708627,-0.42390339078015904,-0.5306853206126085,-0.5184878585584063,2.9463322470103175,0.019920712675642827,-0.06574781353530863,-0.07275045588620532,0.0002333013627542319,-0.06149765854644143,-0.040629451477077146,1.698711807249951,-0.04961588274807062
167,-0.6126479902761807,-0.53921216961241,-0.6800245716775266,-0.6301803975992215,-0.5391477031265333,-0.6713891843962351,2.356008640842655,-1.4243077145036587,-1.176539963972426,-1.1174957515980841,-1.3696734561283823,-1.2325085002848737,-1.1296299721524206,2.63550519315704,-0.7207656778040848
168,-0.4725145536876098,-0.7174721522175441,-0.812869733247544,-0.4732554476297901,-0.7274820362783563,-0.8208091097606072,2.735880016390481,-0.0524496533623542,-0.36008557537170904,-0.4609405926242906,-0.05949391388381645,-0.35630905627057924,-0.4522465765793803,1.5091183335384966,1.5506725184495374
169,-0.7853025165633885,-0.807429732569108,-0.6046260186654973,-0.7843055114556909,-0.7967782971477554,-0.6173372955571134,2.813944143454035,-0.6645186737742014,-0.7582635481960874,-0.5848872961314602,-0.6054423641580992,-0.7344525759189372,-0.6098856750499221,1.8789597017512796,0.2238745798509374
170,1.6680819185583173,0.1837816356184857,0.19196485395209978,1.6591648522155782,0.1545339006899302,0.1946474251015201,0.9417734732678219,2.2551533255283522,-0.24446606915839936,-0.24952411908588,2.2272779702519103,-0.2506101354778494,-0.2555531499362563,-0.32159637374831584,2.8201944732190674
171,0.3236309027405079,0.18662308001160177,0.17970591361896102,0.32595800677977105,0.1872881924846817,0.18126325321353648,1.8864514115270508,0.18178320720993515,-0.0769177104465056,-0.07351058461997989,0.19949065502657765,-0.08510075810221267,-0.11039433039858829,1.2555631307635315,0.601075297218157
172,-0.5898226129304156,-0.9455390365286009,-0.9886496960907327,-0.5854439138361675,-0.9438684582611548,-0.9828162892190929,3.6058303982412263,-0.9470053888958953,-1.6522270454182462,-1.8242425371429039,-0.9354479817246737,-1.6628650365827924,-1.7899928931655449,2.794990777559386,0.3795773480495178
173,-1.0965283761898112,-1.0227098159142753,-0.8979145320762982,-1.0975437170258338,-0.9949573302859822,-0.9027994563196191,3.013489380688964,-0.7977470775488408,-0.7291461127058777,-0.6332064422878779,-0.7944938438093,-0.7077075191272335,-0.600282844220887,1.9224889363287518,-0.35159980988898376
174,0.8329809543959633,0.8700368566361318,0.9001280364744002,0.8351702013620377,0.8587520881882482,0.8946754954430823,1.825519487273055,0.3750778955710804,0.4320804571306944,0.545929369117438,0.3661383748779549,0.42970069059105703,0.4890378697890196,0.9894078967962303,0.35565893839892426
175,1.6286676200264478,0.7119632044746729,0.6976775198389111,1.6460368163048296,0.7035983510174654,0.6861891113594436,0.21878905766182724,2.167753372022916,0.8492532185475543,0.8440498660254063,2.1789824014706642,0.8329435776394365,0.8260838172513659,-0.9794632175067359,2.783160090863642
176,-0.011806072402815724,-2.353543338083532,-2.0493042583254364,0.023731934332227887,-2.373380246551413,-2.0464052476812418,2.6811728872657454,0.7996467389856882,-1.958750342420818,-1.7009945852871393,0.7854075840764246,-1.9535228892428842,-1.699011632201514,1.4718447748362367,2.1405857449830368
177,-2.033690073060243,-2.05097163408834,-2.1460201913933767,-2.03403917513261,-2.0436559719093887,-2.118605018289158,3.815498089779796,-1.802799429766895,-1.9259419866899319,-2.0297759778475526,-1.7858829619178995,-1.9658508677497444,-2.0373157119155105,2.970037968596717,-0.26049350532678606
178,-0.9625540192092966,-1.1712338623867593,-1.288048576876342,-0.9639626848940832,-1.1845207869813426,-1.2005083041537337,3.333382957631627,0.09524739090898415,-0.17779259137641065,-0.18517100877332177,0.12759122050134228,-0.0732625720392517,-0.1994525076462443,1.5393084635306042,1.0082179335790882
179,0.18871620026298336,0.182862051065699,0.1940872664046144,0.21902319043975116,0.21340551341403333,0.21880203042966948,2.136403399695684,0.4963834207678508,0.6421498619598099,0.7502523084763305,0.5281617703196441,0.6264722070592987,0.676310565359123,0.7399267361436107,-0.8290019479208522
180,-2.1537449307489753,-2.0011077408708835,-1.994481780705837,-2.137461158667177,-1.9728504614851459,-2.0357202763354914,3.6161926320859217,-0.47625796618258426,-0.38587051015211055,-0.4424294281632684,-0.4600867382682023,-0.3845374250321266,-0.4085126882023548,1.1226562869532464,-0.45451337256266827
181,-0.5110694167958062,-0.41839647155632637,-0.41073900586443807,-0.5463788515152889,-0.42048357906244893,-0.3867452544844918,2.255534290590087,-1.3312427812838332,-1.118936370025833,-1.271393119021849,-1.3721155239530467,-1.1135441650294478,-1.262296270686036,2.104918449410311,-1.1161464726048282
182,0.978502738852262,1.04584839077137,1.0315556383757492,0.9807644472748361,1.0481036566728936,1.0594898746972512,1.1408426546019073,2.0770972921995945,2.219010086532429,1.9603704848466108,2.069156288110815,2.2423742134058253,1.973494623179102,-0.736462083185032,-0.8946834471719474
183,1.2567706579313795,1.4316153431694763,1.2568275577761208,1.2674768364258928,1.4344798576288926,1.2618055975998836,2.184106263178679,0.6592446823680607,0.9782415682135543,0.8447001754928817,0.6509399241701739,0.9858995648154751,0.8413006358525278,1.6680506083434405,-0.32234852920167406
184,0.2412180121019113,0.16942031361474882,0.17631778503457501,0.23513742466649445,0.16391971383660275,0.1824724857381658,2.0124174935019887,0.5353068443342388,0.34767280192696115,0.36189376210355345,0.4813823578101479,0.36161189374367475,0.30947108759758074,1.0182121162899054,0.5907452189377235
185,-0.3381529886439196,-0.44163646889793756,-0.44953340292977023,-0.3514433820536359,-0.39748983053316456,-0.41753625893140645,2.840311316870269,0.21514910483542557,0.29671431710441903,0.29811957535043065,0.2551867091659514,0.22394635379290226,0.3605511548071667,1.1258467184332854,-0.5744196352476184
186,-0.20450776603455206,-0.41896037594605495,-0.428208047657692,-0.18785336059656443,-0.41568146285477914,-0.41644348365563705,2.11224434852498,-0.3289917097979938,-0.6485246144634265,-0.6292272998076194,-0.33984236156324066,-0.6660747267719137,-0.6157943888083411,1.6553578669018645,0.10688844716974037
187,-1.8846575491813597,-1.9976480937211676,-2.193284710982774,-1.8891187514116494,-2.000694841602079,-2.1977485201780884,3.370172955307363,-0.8818085515442631,-1.1121140521966684,-1.1885821972883237,-0.8797920047650364,-1.0383093668184455,-1.0982499585382117,1.9732741572981678,-0.010488243046830074
188,1.0913521950803922,0.6139831320468564,0.6212489587887703,1.0966176306076094,0.6156156995500306,0.6104990707684179,2.1338763598510444,0.7885586345849117,0.15775237418352747,0.16042316582063096,0.7863128451251747,0.16567460830286285,0.1835698375787368,1.2953914162752038,1.5189537472152868
189,-0.48127529917159184,-1.1844736189045335,-1.3227849631444815,-0.5089149319796462,-1.1828952765910936,-1.3247812043233556,2.5805328047457325,-0.6679667363971435,-2.2654845456825408,-2.31415334851908,-0.6944755975457172,-2.2761136230472196,-2.3113766356095393,2.129675372832085,1.5527958809401956
190,0.33478479463816707,0.14285017685253218,0.14131923257147272,0.32879920162967713,0.1493380077541934,0.14462610275792745,1.7914554059529455,0.6854440007451744,0.4750459688510189,0.4818949599413845,0.6864193515252618,0.4831977201825169,0.4370088180857971,0.7874993854709228,0.9174112155419734
191,1.1517010318020195,1.2250183871323137,1.3187553989915275,1.1829718932600812,1.2316161186793264,1.341453558803795,0.8768578222133369,0.05921697564121868,0.19259868928972276,0.2180418637989863,0.05157581003028823,0.18368231729637638,0.254607946924714,1.1468756869707761,-1.0680655936653694
192,-1.4261541859701188,-1.266414666658207,-1.1641888680481525,-1.4452024782545219,-1.2754311711549522,-1.1700319814905686,2.523214545783557,-1.6561037272129948,-1.404331165572311,-1.2706170245685466,-1.6625947264217025,-1.3979280825967553,-1.2633326958338693,2.0803493170363887,-2.3942666728491933
193,0.2561201892458714,-1.4359047480361453,-1.5218798945841288,0.27580902573697835,-1.4195396310184343,-1.5152211945418952,2.3141787931909037,1.5198551818709054,-1.351443036199555,-1.4940844976196035,1.5135402394673407,-1.2062540551567522,-1.595888719315601,-0.09249671875073723,2.277728525886508
194,0.6447762318987877,0.2580157853168115,0.2777133988173855,0.6063552180202253,0.26491849033343384,0.28716183977278054,2.413271809739578,0.28148471246622325,-0.1791098470586292,-0.17572116016744102,0.32477659653658825,-0.14982811701819818,-0.19214885546646437,1.60235463182448,0.3148190333912803
195,-0.16273631471141248,-0.1057391211750652,-0.11606780162525883,-0.18035953472510138,-0.09507623678738872,-0.11485860732232366,2.453609695613558,-0.6410280227692836,-0.5800968716144485,-0.5664872971762877,-0.6592847671762107,-0.6358733901951104,-0.5420362607129265,1.4867783095165354,-0.5539007801138913
196,1.1666636675394475,0.6503565454840362,0.6406914832462247,1.1817319597725555,0.6371567806103917,0.6192576463196511,1.6939234724629284,1.3970674451196445,0.6989400953410005,0.7547986653917373,1.3871063988935382,0.7022620240566794,0.781794396167889,0.689009487226045,1.7095762377447437
197,-0.43390916501030047,-0.5275532582114258,-0.56359287371453,-0.410398257759145,-0.5168086993031598,-0.5580934212808528,1.9567325949857082,-0.6190397900444861,-0.7583595910880842,-0.7700403732030086,-0.6305124596730114,-0.7522935809262389,-0.7777405782736162,1.3138323239768446,0.6793362075799543
198,-0.9743727188999218,-1.5156922615290902,-1.7850032063474441,-0.9912557193459673,-1.526485944293459,-1.8347059257871876,2.5625137447975592,-0.17976658032443182,-0.8706203754429108,-1.1054573340551541,-0.17776651489868586,-0.88296674639332,-1.1685177799621405,1.2080359937198129,1.8576969581143445
199,-0.791524886751864,-1.067128165224407,-1.566043134385043,-0.7993771639279796,-1.0687951960671482,-1.5759496421138433,3.7502149234763635,-0.8241018265589926,-1.144539423532703,-1.5678796811389137,-0.8146359443245536,-1.1606985556345388,-1.5875032017592092,3.054431180908653,0.06771002610844923
200,1.8784832127485995,1.9324841798801424,2.1261735023124233,1.8776143106570171,1.956848807211687,2.141099115702708,0.15448379545687538,2.019555601386622,2.0895987730187997,2.17792287850714,2.0126938651848283,2.1157107525707226,2.193678033977791,-0.4988883549952502,0.7238046888624766
201,0.6504804411831102,0.1380384911272792,0.17452294549751357,0.6572470638888963,0.14754895029998205,0.18182414623412962,2.204125828553073,1.0483132640961794,0.19271964896729118,0.22600703111579326,1.0678798951887618,0.19203317350300364,0.2436384153535971,0.9934224285117799,1.52506367767751
202,-2.266161724341161,-1.9913708419644771,-1.916282050113682,-2.258976031858999,-1.9948508861234593,-1.9452018455246323,3.731877219627234,-2.3388750242737575,-1.8850146912870092,-1.6561790677613555,-2.324603686421693,-1.9112923618147393,-1.6313341679937396,3.084800876299128,-2.021627341441521
203,-0.4173428451096256,-0.9551318310371175,-0.9994314960544869,-0.4161294286405743,-0.9619457152644436,-1.0223758445419817,2.2336425217105287,0.29332877732522,-0.4462494612043396,-0.5285246503729089,0.3230383296297009,-0.4430970844003703,-0.5191248399255036,0.8156059086390305,1.3223628210507024
204,-0.21038026257934916,-0.8655652662748936,-0.9789257946240106,-0.22222236192232886,-0.8771330422922077,-0.9658692098121483,3.0706012522779766,0.06374164769172742,-0.6828631598401282,-0.7930421263644463,0.07116426113222321,-0.7194844789537195,-0.789069436059731,2.340869747936425,1.6919338554619268
205,0.7654463936709368,-0.10862409270668084,-0.12681657859034814,0.7963740698214128,-0.11420377190753062,-0.07856128695948725,2.3362875554889713,0.8763094237778076,-0.5348584440425929,-0.6929187000078315,0.8812545592173916,-0.5376554384690287,-0.7190021347685892,1.4714354520813655,1.318106633583097
206,1.9228156449656773,1.5342205134656077,1.4272682974796422,1.9383912393648235,1.5282929085426185,1.4172194680594787,0.7052495135329823,2.409542393550974,1.8664170975490695,1.8443061840466972,2.4005940049502903,1.8649985048794062,1.8420184576043568,-0.5827767962865799,1.547282869119288
207,-0.8351502666609688,-1.116542659535787,-1.058637863302513,-0.8263939336894599,-1.1041054142926507,-1.051281969194329,3.326987767500459,-0.6207280760328848,-1.1782933196571932,-1.1060093789753516,-0.636844435230483,-1.2078408560047218,-1.1948989198179651,2.3664412271433166,0.16335168021828944
208,0.6368824010482199,0.2818428506334436,0.3149799100016717,0.6474060764900454,0.28213077564405786,0.3307727073304124,1.7892225816100742,-0.859428329182005,-2.2888334585510597,-2.040099862029887,-0.8803707082138144,-2.3245593063905665,-2.086884500168735,1.7241097012006712,1.3087122329184104
209,0.22752426076064813,-0.22803370385108618,-0.23481410439693295,0.22327441496836672,-0.22240004338963443,-0.2198856409054705,2.514351383909889,0.32017408812544035,-0.3100507942911669,-0.29381803284720037,0.3265402211107509,-0.3325583842110796,-0.3025726390366773,1.6552512164806041,1.693836168876421
210,0.38214501084786745,0.19390365453636826,0.23655805480890985,0.3925447649924286,0.21040272187194714,0.25913326558946237,2.001941632783116,0.31829211261282075,-0.053351343758526376,-0.06646523345257495,0.32181916194040117,-0.02438174388441395,-0.05560855826711178,1.406964135291735,1.2604266944876965
211,-0.6674464140373434,-1.2118433454188007,-1.0715516155308855,-0.6464358864532511,-1.2221607760237565,-1.0472982391958818,3.230695210579113,0.21110009772866806,-0.671855145330054,-0.5996199140419743,0.1950769126105024,-0.6653652220734982,-0.5800970799661754,1.5139877653864873,1.516885739157826
212,-0.25322483805286944,-0.864328275155562,-0.8394054087754053,-0.2572833956513306,-0.8400049508483152,-0.8811633870277603,2.4684306408160683,0.7369779690288164,0.10837639184010128,0.10899630223835961,0.7623176427514397,0.03533966675392934,0.10079512199295333,0.39599573620061623,1.0972565347422816
213,0.5376463173306518,0.28654846810521833,0.3099107631810412,0.5400815863493832,0.20750003669361114,0.35752058038010387,1.6377997198620065,0.8989627107030675,0.6387262743883024,0.6730915027709508,0.8557374919134683,0.6754706768384734,0.6339675105668221,0.42801934969180355,0.8061765379942778
214,1.0301618157408217,-0.341128357685201,-0.3560862080066089,1.0497500853223802,-0.3221491132957082,-0.37088774749574666,1.5118770332385907,1.7315925969880495,0.06350158516127598,0.0736736408720035,1.7223831437362886,0.02091132473630782,0.05314425649443097,0.019433220628461197,2.2651251473534852
215,0.38770646943711345,0.45265513721887257,0.4280734028598908,0.38607170893286363,0.43301839664860503,0.4165598768295146,1.8664103069667197,0.21021013196778923,0.19868272309990814,0.20093798970570192,0.22620227746242946,0.2049033062145931,0.21603685323388175,1.0198198351102967,0.33146993180355344
216,1.072428593445611,0.341862305162631,0.40019729350961186,1.0749208358617885,0.35826684177720686,0.39931187703651644,1.0575797686096433,1.4320939091995308,0.455708405985994,0.5738669646682784,1.4331174574042906,0.41685720992240566,0.5680613333978397,0.1517166800564955,2.663476244643253
217,-0.1896338154926335,-0.4322715644869,-0.38499421638591586,-0.15068090094168005,-0.39231121818050363,-0.38017217826482824,2.577162525750854,0.551317809790345,0.23786428777063867,0.2154803912788648,0.543554000784995,0.1961828801409404,0.21889359341908193,1.160789965691103,1.2865242144159181
218,0.440729761251805,0.45407689515852767,0.39456266284337105,0.45161601935235235,0.464408961752121,0.39121909862733906,1.5411382564524447,0.5260227617459594,0.6734505643394306,0.5844393506129215,0.46928253374554396,0.6395643133832614,0.6415021339312708,0.6398659339661668,-0.12890352047997142
219,-0.3455867293136155,-0.4740889623058025,-0.506536420833248,-0.3353352696211501,-0.4470859106565447,-0.4941537937337819,2.7003689647804907,-0.7033539634217135,-0.9166577615460935,-0.8474302336333006,-0.6798351101464157,-0.9393546245774906,-0.8970052588838728,2.0033938086858427,0.1008658889699035
220,0.19540675685986703,-0.07212678731316767,-0.06726247090134661,0.14986816800734798,-0.06068610482387838,0.0008250264973752777,1.943722855868711,0.6110034402551393,0.24399381816848606,0.21982878558185182,0.6337772898645591,0.19942069400769935,0.2535438411139702,0.7635345879536574,0.8135371864910713
221,-0.8706932905086379,-0.9297084480512094,-1.0875916011852782,-0.8641877937985668,-0.8981404227703781,-1.1136198438842955,2.4949388869503,-0.398505887213974,-0.3830653844285463,-0.40928072232536084,-0.4105332829822139,-0.4015416471330939,-0.37469845753066855,1.525946523191032,-0.1604403179693449
222,-1.674875425916035,-1.751270566054336,-1.6185938491047929,-1.6739476536608073,-1.7497468427297107,-1.611433636327895,3.547907019057081,-2.2594867346624747,-2.4098786872567843,-2.232350552696703,-2.23953509627147,-2.437766465131427,-2.2410733705818546,2.895175762141176,-0.07836958136949518
223,0.8707001236838066,0.94209629036861,0.897417219173901,0.8685126852981442,0.9343723597486103,0.9311782833570327,1.4437992446735843,1.178100362082354,1.2859415223504347,1.1278393111851914,1.1478518861545717,1.3078306846477594,1.1286551488674617,0.382982894107469,-0.2362744970068164
224,1.5291611980179305,1.5109914633902153,1.4665153286360966,1.527862311693436,1.5187173697673293,1.4786660609112003,1.1810967248894317,0.6800455657668216,0.399988820945369,0.39054796571227596,0.6731321592620664,0.3971139169262915,0.38552394061241674,1.4953200396667103,0.5160716737106368
225,0.60418083923168,0.5087810217864165,0.6245080005316026,0.6223177475385379,0.5128076915125284,0.5993289424627865,1.7657712222571218,1.3076358088071351,1.1794112253677351,1.3354219282676634,1.2736502092681516,1.1925749803386752,1.341278488633342,0.15735323273321583,0.7211211379536695
226,0.5846847761548076,0.27685880890058107,0.27208865786946057,0.6024213889326229,0.2604725188802306,0.2766618081729661,2.0319537720184293,0.8644529812189986,0.4294319604629801,0.42461933344187813,0.8710335856396364,0.43987326174095875,0.4217104885955498,1.0941307306170633,1.3584826210243073
227,0.6542296291855957,0.5991874097733781,0.8356190686865467,0.6696395412963394,0.6042888793442239,0.8498861218149475,1.2289739606770278,0.8146177359817701,0.7698710480122255,1.1591103071605915,0.7793968541227918,0.8198304279784969,1.1860423071074475,0.17719719028086364,0.3517455643905285
228,-0.7097529368756835,-1.2048679829929263,-1.103590748983148,-0.7163956388522106,-1.2199791465534593,-1.100153594884497,2.852719686113964,0.1942693703437899,-0.5560290964163124,-0.47135928407012806,0.16156034084866014,-0.5489502004000693,-0.48802650682128257,1.1994586750194856,1.7001100609074773
229,-0.2211778477084137,-1.0954924284523497,-1.077769219989644,-0.24183663074753356,-1.099809116085593,-1.1100246396342577,2.324490202104731,-0.6083734817816093,-2.7239781228961366,-2.7600116227038605,-0.6260134302746689,-2.726799767752482,-2.662224792248876,2.245752835204147,1.9700330536908273
230,-0.6890424892465883,-0.7489841243925672,-0.71849911378897,-0.7037262894726921,-0.7732082030250471,-0.7166878237331801,3.110862547787418,-0.36131027009238403,-0.16895789064578043,-0.15388136288153276,-0.3382266678810362,-0.13458548169978155,-0.15606708654592225,1.7944682732778736,-0.8266465765130807
231,-0.5847758558391523,-0.05880900734921672,-0.05979704266741369,-0.5746235333208924,-0.09024104075953011,-0.020036175385082722,2.74083949091123,-0.6405015965565455,0.24957350538645998,0.28699143918165004,-0.670203170982073,0.25359527606843857,0.29208476867481914,1.822680435540116,-1.5103309797078772
232,-0.015440549048707482,-0.02598110996379403,-0.02880750990800343,0.014228345833152412,-0.025849373159206247,-0.03764735993357084,2.2017966705716168,0.7088489734719917,0.7654068382363577,0.8348125217252025,0.7360860894560762,0.7440172614355149,0.8204614966383212,0.5944656513276415,-0.44492093554661505
233,-1.3251584870286688,-1.5308554253714854,-1.7466716476095263,-1.3322785376789132,-1.548324890143726,-1.7372455340334416,2.800291053471616,-1.3164118531912266,-1.7333390790630818,-1.986591975598479,-1.3715916422393637,-1.751856026104493,-1.9459461904106865,1.9653872872382294,0.9355861223847817
234,0.6230263923877499,-0.5952072587718448,-0.8045769620596067,0.5785985268269122,-0.5828425276266898,-0.818122123330899,1.7130995899364128,1.106663399703893,-0.6135819874916385,-0.8617031646951547,1.0944739354033866,-0.5825785537633815,-0.8553781434382558,1.1454634181162004,2.738027311757309
235,-0.2126116016765833,-0.21052641401842875,-0.19883915693880372,-0.20998035773351276,-0.21410622803109286,-0.2075597637341937,2.3087876962979292,-0.32523832298596467,-0.2666009618732139,-0.2793327458555881,-0.30694667799851516,-0.31235236298656666,-0.25685186923766046,1.5292447673462544,-0.7624628417925435
236,0.4858907192865062,-0.03075184833790703,-0.03458685094569462,0.5032149099354241,-0.07631053014437811,-0.036221979150411754,1.962027353768335,0.21115582478139255,-0.8169543733557115,-0.8154756574727101,0.2972277616462598,-0.7521857822171439,-0.8373549595475678,1.101230203709012,1.5341276407595899
237,1.3067899943238643,1.449236919904395,1.3607172906936644,1.323409766159828,1.4618723110090426,1.3552700761872922,1.1093741212858779,0.3519773303964439,0.5257727305605888,0.4875526362092234,0.33421876720564375,0.5957730770337271,0.4968764255414762,0.8051034551293161,-0.24795023817092846
238,1.3433471623680973,0.038993122217828906,0.03427039989209449,1.330216338610919,0.032959533562551095,0.04386530030378389,1.1364967987371037,2.106457284623647,0.4371638542499098,0.4042446804870902,2.1100108805628093,0.4255153859384778,0.40753507219046076,-0.1856010746574597,2.9001769137556335
239,1.0165483841629541,1.2163327002932687,0.9632931651595205,1.000150702203705,1.2058466001027381,0.9523360185761668,1.0048076786637725,1.1500584793295276,1.3983076740669516,1.142524904750217,1.136384013823229,1.3591033598800872,1.1043419464376134,0.19927978100785945,-0.6432857107529049
240,-0.6702555158999688,-1.1339605190595792,-1.279979585573887,-0.664615328333079,-1.1347766926879532,-1.2624956524204494,2.6610165052046297,-0.3137473739036832,-1.0217402066373669,-1.239989633759562,-0.26813172955478864,-1.1089817286772694,-1.1438638456240597,1.6421710044553053,1.133905424398058
241,0.1476699426380109,-0.2713456946173033,-0.29512583533869025,0.17697002417044538,-0.28823346780283904,-0.27948559836378783,2.821370397500914,0.8272279540160967,0.2944564510150151,0.31774631864538405,0.8459746639628494,0.3136561021581676,0.2685806280701621,1.3465941209098309,1.5057526435647328
242,-0.6248366116758048,-0.7404205096288022,-0.6825035480680975,-0.6483010203560376,-0.7201327519323846,-0.68294736540331,2.288345022120991,-0.3354649206677644,-0.46968664587377396,-0.4895252315004186,-0.3621013330479043,-0.4702208823572456,-0.48013534947930797,1.401275851822232,0.012383667484979204
243,-0.7519348404858742,-0.8068480306413167,-0.8218926341680309,-0.7455509112241728,-0.7807796332528508,-0.8202932362429015,3.2206206963007777,-0.4077654932570322,-0.47806220358321616,-0.49290087577666436,-0.38726515304126086,-0.4618502510656929,-0.49935764668767385,1.6535694127337124,0.5650223072133468
244,-0.5908539897698765,-0.48816035070243774,-0.5679315363658084,-0.6082847734749782,-0.4856889824535576,-0.5571449602989909,2.8530674728168304,-0.7590651847472348,-0.5336207960479107,-0.7087156016901217,-0.7399062201089099,-0.5469127940212869,-0.6913723188216596,2.030524963391,-1.0508252260708422
245,0.521719422372993,0.6470586753593014,0.7445984454721463,0.5161307461482103,0.6627942417127068,0.7520558996840254,1.387106990325791,0.08951049881683193,0.30304344267886774,0.3357002412231722,0.10073716682685771,0.3137716433222885,0.36382503646023046,0.9217471910447587,-0.7855603808967899
246,1.5100371851180232,0.7743317468909252,0.8079959388125356,1.5245939594656723,0.7597496163757294,0.8041242345836089,0.7829772356301558,2.0865444694420283,1.1190405780202937,1.1659794267669465,2.1028698316699597,1.1035476717315151,1.1441252568831892,-0.5011594778263481,1.9330457295173546
247,-1.1511706754764106,-1.8578149533804378,-1.475542975722123,-1.1600232172455947,-1.8482104315800092,-1.4952935986709823,2.7625161213780562,-0.2716966812606701,-1.4081099737909157,-1.1099838786726324,-0.23572605763816265,-1.3857041757045905,-1.0561998908542616,1.5611134789012298,1.394178773306966
248,-0.18555260084676875,-0.5370759813773034,-0.5153723777793848,-0.19999985733316328,-0.5317823173713786,-0.5033579511210243,2.982765261124035,-0.5466879267418916,-1.0099986636559142,-0.9729590969175955,-0.5869779286089872,-0.9954894443747457,-0.9778060323490936,2.521314511233501,0.00852494861111028
249,1.22858699913258,-0.13177279633914699,-0.12370924872318953,1.237280583308778,-0.14806382314403316,-0.14104898224930315,1.4660822518071197,2.0358399361490176,0.3176776724928952,0.3367804263089072,1.998133372257473,0.2984185733233554,0.32853944248812217,0.19072149023444623,2.985000054699625
250,0.03918547636107859,-0.412751075186067,-0.4490301340008699,0.03694708640092971,-0.4095201653461002,-0.4404217864168654,2.177974407834799,0.5292623332557799,-0.04833681976390103,-0.05198695209107667,0.504844528850059,-0.04420484479885076,-0.06207361471324199,0.7731140949014464,1.0245541139003533
251,0.27349196065290754,-0.4967418322428905,-0.4886695154690311,0.2759938748323239,-0.4739670903271166,-0.50940878476447,1.8355686588645694,0.7242322375774058,-0.4969125673362058,-0.4700237701706249,0.7208777652454995,-0.5413459410599649,-0.46642746913733407,0.7102649047336462,1.8331910710826085
252,-0.8816057206143235,-0.7731004855004996,-0.8214668191904991,-0.879623146580147,-0.8095781614475424,-0.8163686159753297,2.8917283530024553,-1.7273727633919542,-1.4265760166944799,-1.552898664648239,-1.7809583158511517,-1.393439185677876,-1.5751743859552203,2.461475569797993,-1.3808141945659826
253,1.1626513707053117,0.925491324904954,0.8110144785916353,1.1767531606056272,0.9357686053487771,0.8297296327023207,1.422686111366961,1.2628150790836508,1.0351520282717241,0.9397048796167133,1.2767395260578829,1.0428782519435045,0.9272988074412623,0.43102571011334234,1.1316599749634935
254,1.7333205236090736,1.7722899621894532,1.8221673054871468,1.7296767381395497,1.7714647275166095,1.8241907473392005,1.1488265059437655,0.14191359126030817,0.15740099210826544,0.2127697880931071,0.17349518274647757,0.16473360943450238,0.22761548555951688,1.3526533440960853,-0.279313891869266
255,-1.0760975165674376,-1.4578590644284608,-1.3010729550952964,-1.0986060533266462,-1.4854063130954498,-1.2600549057765853,3.4221593587393437,-0.15360684339778638,-0.6971962453884922,-0.6639094566298186,-0.16321428591416073,-0.7221213032199831,-0.7619735816112293,1.6105205130945655,1.5039168968777112
256,-0.7537256120606505,-0.8851401695328024,-0.8524113363393576,-0.7665242232594193,-0.8708598185508258,-0.8541781837268416,2.658645603316968,-0.6603544296804752,-0.841903896389176,-0.8505303856917075,-0.6720983645770511,-0.8255521920440927,-0.9024587635659999,1.9669083566474783,-0.26931634056218895
257,0.7370413781728652,0.72801083164376,0.7517406860308973,0.7321312000160626,0.7102872401385864,0.7656204126663559,1.7241901271968385,0.5212078078893715,0.5365876669178713,0.5007402825086636,0.5290264167738288,0.5603806226728535,0.5115255736845365,1.1730688674445733,-0.613856298785025
258,-0.0524451934410175,-0.5214141651443461,-0.553550052400774,-0.05651234591627934,-0.5579916979860415,-0.5687696824285523,2.261210391649509,-0.6058772407110046,-1.8153214139457188,-1.6600538750441753,-0.5752167491499001,-1.7095779164137455,-1.6509304366426196,1.9145091213967802,1.5093876494529703
259,-0.6066019297272119,-0.4829678868541023,-0.3361367677605796,-0.6603941324070743,-0.48985754832815137,-0.3225714846932993,2.6078212515433186,-0.36612355207394426,-0.13771026049052018,-0.10501337524605317,-0.41228303341064887,-0.19961042531015416,-0.050000780227491354,1.3020994919856554,-1.332506773158523
260,-0.43380154369434504,-0.42055602052418206,-0.4475124592477933,-0.44484383663066157,-0.4334774961082161,-0.4520007217926518,2.628453719289467,-0.9417933753256561,-0.9953928668093044,-1.0261188012958857,-0.950816189233429,-1.0187446571063967,-0.9954921496956706,2.5301864534410545,-0.14887771168129604
261,-1.5748298190819956,-1.45603010580544,-1.3865550283973873,-1.573289503930013,-1.4536983702742545,-1.358365392096645,3.6709214062923894,-1.7077834895441804,-1.6131070318122984,-1.4001919452394962,-1.716865458842953,-1.6529201272683802,-1.4506588715163051,3.012505174463764,-1.0058640356641368
262,0.09279215605741903,-0.3371612924151561,-0.3377936994753512,0.07167753542635613,-0.33553718294321205,-0.3342702905676867,1.8550792424012614,-1.1870690405885442,-2.079657956150511,-1.9896317841326019,-1.2094083341894202,-2.076016596591908,-1.987259729817598,2.383834106633034,1.628527836416066
263,-1.2340348577917633,-1.493581431063676,-1.3763234938795799,-1.2093515754053443,-1.493297598100933,-1.4063487905957277,3.779790386852829,-0.9732987739982644,-1.393664455549559,-1.3377447941058287,-0.9446729337974904,-1.4306833389136218,-1.386963056981352,2.6066808224804103,0.6984644833019531
264,0.6595496926047457,-0.021234933262196946,-0.021425242979073635,0.6479040872707232,-0.005855264089360419,-0.04745460137521477,2.0202722531972355,0.8903242202264667,0.10500429630919851,0.10570371124557572,0.8919708406540056,0.11214532719317148,0.07850375440128089,1.1306225062390627,1.4257784752937972
265,2.0985985938398684,1.8140288981648485,1.7541405254851146,2.091380118672778,1.7998100303323405,1.7641169846398612,1.1511295710400133,2.3187935620906885,1.954386861947759,1.8052995192067127,2.315591561890198,1.9915548276683113,1.8188434386971615,-0.02579903220292982,1.0516439988763544
266,-0.2858321842270466,-0.26794952939359185,-0.31993122955444403,-0.26695721233922237,-0.270064297586804,-0.30774605265673644,2.3091699634373466,-0.3546397533592152,-0.4033267593019177,-0.4664785549364777,-0.34039356454162634,-0.4436156387090288,-0.4580127284752355,1.5287828523015394,0.3430914500201856
267,-0.1913818394368917,-0.1282841164102174,-0.13230679720133443,-0.1869946591011782,-0.1443776945221767,-0.1411730442473168,3.135808836641475,-1.418402098842172,-1.340659217437568,-1.360152283703444,-1.3906553525708572,-1.3275738998765605,-1.3545723145136817,3.1436634217853037,-0.7965018308404636
268,0.41004881316137926,0.10893884904407085,0.12297513847057844,0.4115263173469383,0.09661092368452447,0.13160562878677562,2.5195835822403585,1.0695760418532332,0.3651527530773336,0.43774429220647565,1.0715914149213666,0.367600863573412,0.44726498126515,1.0755198664904757,2.4293730904746087
269,-0.653073716557123,-0.8275849845738705,-0.9698851655688937,-0.6575417850958811,-0.8367049219235286,-0.9978634727391429,2.595290867387481,-0.08774563055850845,-0.35600672660101407,-0.41779518225936674,-0.12494551847350943,-0.35095019242233605,-0.45096498135825946,1.578216556774557,1.2595418640065141
270,-0.07073387786734613,-0.05322547096433668,-0.046848590083008554,-0.12871802857924594,-0.07746212186805744,-0.06707582797041355,2.499141844165871,-0.38477155453325135,-0.35875031008984953,-0.3233474327318055,-0.3583612978322823,-0.31037804167520744,-0.3269348063002738,1.5857534050659747,-0.21484735854171402
271,0.8567651402485801,-0.0749867907384959,-0.0812617453014444,0.84924456464128,-0.03959079220908887,-0.050705890527417745,1.3840916879208294,1.320726774662955,0.2646324045664019,0.29684867851773633,1.269921559296925,0.2803432919649139,0.378979150330288,0.3192741003562442,1.8622651227559863
272,-1.255871255038178,-1.2435341128050534,-1.1879300709521314,-1.248464706812692,-1.2506461425141229,-1.198343068311184,3.8960052403206493,-1.27778050676521,-1.2271567345826977,-1.0763749548499295,-1.2823262580545072,-1.2188895329209484,-1.0647674268221394,3.2944488308845647,-0.8864447872294864
273,0.0017115693668196105,-0.9708930788668441,-1.0488665485483772,0.0027829145223832665,-0.9744106345194226,-1.0149200128434386,3.368890431532023,-0.2971473325567827,-2.1385308939669248,-2.1094204735111353,-0.2957198280097484,-2.1312283559170284,-2.072028186206034,2.387226712705281,1.8836662225933307
274,-1.4203249644658749,-1.4948414639594898,-1.7773268492629755,-1.4339553134597778,-1.5095795154440756,-1.7558140119188286,3.1846174481349956,-1.090476404682241,-1.1790645781028901,-1.295793105911791,-1.1187855915232454,-1.2352152403120138,-1.2888135755247632,2.193025605880357,-0.3701955979684478
275,1.3402761929472573,0.8045047984370132,0.8182912919811858,1.3500032025524336,0.8072650251058041,0.8236912003275183,1.8098438371807122,1.7277148033186989,1.0555066719015906,1.0781077667296544,1.7367315493650688,1.0645801109126647,1.0587700167513836,0.5582148580377265,1.540899168082343
276,-0.9196850059802308,-0.8819162187852173,-0.8955478463107932,-0.9402944775775256,-0.8596029106728271,-0.901385156671562,2.8316250751642715,-1.4476237107743488,-1.536330083413814,-1.5250170560789869,-1.4806961481982492,-1.5374941293661724,-1.5345251440139165,2.7424342506713475,-0.687464036308457
277,0.6117095878106263,0.6097365872698092,0.5440319199782953,0.6038212464952001,0.6220198064242395,0.5584033990704682,2.5031347243214164,0.3411887921645578,0.4390491784362543,0.39731368868630945,0.35071512374945935,0.43768834072012675,0.36033996991200823,2.149209686823905,-0.7179007028658965
278,-0.8857581993832025,-1.5583876510931194,-1.3160305758406672,-0.8889522514317643,-1.5563689433791605,-1.3332212766521705,2.6265602588000885,-0.46825731330192855,-1.6169299396911228,-1.3742849665711454,-0.48555382286609633,-1.620280064984106,-1.3417624132636483,2.015521347136462,1.1760764227393488
279,-0.281506458158831,-1.576142268920544,-1.6581174717516063,-0.28959895339363734,-1.5634858236770752,-1.6601916091125803,2.7136719663486004,-0.08498366600015782,-1.8130402202581217,-1.7056763208575234,-0.06795323229771558,-1.8017915797207442,-1.7187045810955015,1.6562542390988073,1.6400748469452047
280,-0.31404535139493467,-0.13320654202053972,-0.13447379652689584,-0.3144752915778101,-0.11455135934999802,-0.13927494879116367,3.455881899281943,-1.5036536391705557,-0.9180897953620171,-0.9685689981002352,-1.5163258282661838,-0.9441252839641665,-0.9687067984047872,3.2381156491165823,-1.361349928400521
281,-1.6191007849472399,-1.5953162012871966,-1.6982975479941291,-1.6310883047936198,-1.6199096572666776,-1.6577219070414508,3.6059204064467876,-1.481690880763099,-1.5536376857617669,-1.5680566275279608,-1.5437913416037539,-1.4806181830191567,-1.593506686684595,2.810566816749525,-1.0219856412030233
282,-1.264732074909564,-1.2458994713615896,-1.2734112491161826,-1.1917530830035135,-1.274206167298273,-1.376255137107271,2.5506481829851295,-1.9708410030001902,-1.955056404512762,-1.9220944038453076,-1.9334331645255587,-1.9935744488153848,-1.917596957884316,2.7849681257162326,-0.3654120479561796
283,1.5241751293942283,0.905690078766945,0.955686199722497,1.5309266890564617,0.9219669906011165,0.9858613637159069,0.6240882034988404,1.6910264286103112,0.7667981113039438,0.854193028704953,1.6874591674984278,0.7574513748788438,0.882053486172781,-0.35902635286768136,2.4148932419238176
284,-0.5126320330166333,-0.8141662037241941,-0.751541755664609,-0.5144984159454093,-0.823583196908194,-0.7483170030119743,2.2346321618777196,0.11060621077865719,-0.32598398924921773,-0.3215961546003465,0.12536795692547634,-0.3178807057618625,-0.32238559443864095,0.936589261036156,2.2085633061648338
285,-0.04901496719721758,-0.10065947559701297,-0.13025038863789584,-0.05029440725188058,-0.1077785020668306,-0.15283946525398315,1.9418669355124754,-0.9430372797589425,-1.1511146504121306,-1.39441478065353,-0.9487480144479589,-1.1679666969539613,-1.5131723957988379,2.077744078408871,0.27029737341108256
286,0.5618551458875651,-0.5955853117056082,-0.5890939476531849,0.571290416534671,-0.6097134440533997,-0.5750492190131123,1.917077773011051,1.303890201770896,-0.31637207301710835,-0.3235281966050877,1.2294075678684426,-0.24779349001173334,-0.3628830878359079,0.607786369835934,1.8152063045862146
287,0.9882186281027685,0.5130177648660152,0.5204361535563283,1.0100841398644422,0.5599150123658101,0.5023139565466753,1.5235335811908688,0.6658910537305629,0.15239855557731802,0.14340928458756125,0.6574669704274307,0.1379339982151248,0.14113990358199419,0.9360953387977977,0.9999540702919589
288,0.6077044659521086,0.7004512048360003,0.7499415509572054,0.6061211841714159,0.7145040311469749,0.7381906364202188,1.584450329762759,-0.0701696978823896,0.14486623282751931,0.14087007091990247,-0.09620618049849422,0.17558278566452412,0.20083882330201233,1.2294414633023605,-1.1220039001440136
289,-0.4362532997110414,-0.7683349804875184,-0.6435600918539245,-0.4202411958788694,-0.7602626962062664,-0.6708493264025014,2.2288734391644454,-0.38142975699117554,-0.9696391369737073,-0.7791401729205214,-0.366833820519507,-0.9692483269281171,-0.778350208132935,1.2671302618046505,0.8825447804562886
290,0.19831569491090667,-1.5779836611926352,-1.5934129677155773,0.2211280754004358,-1.5698906065508424,-1.6025621476359524,1.7531802083591446,1.2293582906285259,-1.2799008852513176,-1.2504292159408033,1.2196009109995494,-1.2699790502076367,-1.260667608160497,0.46932556792058006,4.240191279138438
291,0.3300881637284036,0.3480991549275514,0.43278419693703246,0.3557173609389047,0.3466781514507563,0.36048006132966076,1.6832081675791075,-0.7350216159246086,-0.8929139964513968,-1.074679636643065,-0.704309264078035,-0.8699704453413213,-1.0465807225668173,1.7984758842826325,0.06074558105948534
292,0.3460904148311389,0.5276410473573596,0.5212821484679434,0.330549978441668,0.5208595871601087,0.5215315273707525,2.410591391368251,0.8319556946795111,1.243297383700097,1.3133496536396374,0.8248077947743567,1.2429869316527355,1.3383033024964062,1.1215627430161745,-0.07910462066163479
293,0.706845557268125,0.6870794485843814,0.69494022837751,0.7174534679689698,0.7032718268688583,0.7531301287138331,1.3642605976938986,0.6072559853682673,0.583296012500555,0.5974840478763878,0.6172116350183412,0.6027923200613244,0.5394146763406437,0.7029750801832431,0.1305391034242569
294,0.0043838819761896535,0.3249303695058503,0.3169483822897793,-0.02965329350995428,0.3495992495854366,0.379415931790969,1.666053503728558,-0.7039985894666081,-0.1367977517126399,-0.1391885615515928,-0.7379432471046062,-0.16330688880932304,-0.11706218984396044,1.6570420298952173,-1.7740786712953434
295,-0.34409795928639275,-0.3981966185265207,-0.4477836435565079,-0.35719342953921407,-0.3960464017799167,-0.4785068546206389,2.646629736572291,-0.3555747035895514,-0.392355875837615,-0.45311332660519693,-0.3775076670082169,-0.37240746203580943,-0.44134233783254423,1.7571685115252396,0.13219344739372865
296,-0.7352929080857143,-0.7668179400604732,-0.9503820826164348,-0.7378848306104442,-0.7691649381226818,-0.9482497530933122,2.8169148466515064,-0.41290639119800754,-0.5693686525689927,-0.67602029326347,-0.3801721567260745,-0.5722151293934477,-0.7100418589106217,1.7496084326671801,0.6923299951258158
297,-0.3031003098297799,-0.609785353035832,-0.5569839330681335,-0.29816934087887914,-0.6182815230747011,-0.5287499584551522,2.275745599334041,0.0858981334940695,-0.6447220991686582,-0.6741661090572127,0.06738205423129129,-0.655878878975975,-0.6552038629690214,1.4472875710196342,0.6281649765662546
298,-0.3379456026632979,-0.23040617662016624,-0.21035994922458143,-0.33966525249652374,-0.2456726162977537,-0.20794251343716555,2.5664189839495544,-0.027573992404394728,0.17277373871392482,0.15082109468088015,-0.033738512625854276,0.14529522897464028,0.16137817284254893,1.4447643936234489,-1.3548149315163986
299,-0.7282513737491515,-0.7582153811614296,-0.7423815474991956,-0.7416435360960731,-0.7879920796229757,-0.7565504000732318,3.2200204338677954,-0.7165798737638179,-0.7709478311907542,-0.807607427052829,-0.7462413467955364,-0.7423277145365428,-0.8240362516062962,2.235611327316299,0.09943989109640726
300,0.6549550738407862,0.6737216340806191,0.5807258068427843,0.6524263087296548,0.6742959796130654,0.5906140541317221,2.432621418372574,0.5897556249543116,0.6176490047514733,0.5539834869500257,0.5862880858162101,0.6129525716486107,0.5634597572533154,1.7127431297496671,-1.1554833404624896
301,-0.566905059843306,-0.6042814685881025,-0.571930016017957,-0.5436730783400692,-0.621637256465751,-0.5636165796227387,3.0824855306014034,-0.5756182192490271,-0.5872221015702785,-0.5533753436368084,-0.553831919036419,-0.6010940418736573,-0.5376451106995048,2.463779303501681,-0.06664814828033079
302,0.7824864769200055,0.6593543690969378,0.7208030648129401,0.7612311797019553,0.6587020605427776,0.7178587497795182,1.5576229973269327,0.7377473295264745,0.5636804109636131,0.566504774247898,0.7614355955715877,0.550968042388687,0.5619170817918517,0.6500261472766756,0.7550388466213512
303,-0.3731340624623179,-0.4027581112446594,-0.41281313626431076,-0.3889183713577104,-0.3960850739538973,-0.4127781909632654,2.654488915961789,0.05884411214029181,-0.08100036559494034,-0.06741394883498837,0.05208882913196314,-0.07277066619704266,-0.06900765638217213,1.3569106257806058,0.9433299891436709
304,1.5539011269870229,1.2239986132806109,1.1462502125797847,1.551213912565795,1.2326397629388732,1.1474522047190083,1.0495858422005475,0.9230444413201441,0.3681897647088438,0.36219234011810486,0.9125754275568532,0.37811966074498493,0.34500410251241,1.0614270931011769,1.3727732614288155
305,1.4310962653913546,1.2271291130285253,1.150595775523498,1.422825028706793,1.2228811925663678,1.162283310014473,0.34009072734264245,0.8504271829922831,0.475513162541209,0.42739130360307137,0.8787483446830101,0.46074866612446297,0.3850808125659952,0.3614120199872736,0.7740608267047997
306,1.6368673894239587,1.9216041832058064,1.984570528732683,1.6547282562886791,1.9068420677090325,1.9657357746487005,0.7303029425220712,1.2115171672394605,1.6063731477985084,1.7396523228618501,1.234143714472953,1.6285908775450246,1.7608745970662925,0.2882105059594518,0.554199488274036
307,2.94378638489253,0.1048240980626804,0.1172395056394176,2.9437410316758195,0.1178610818423169,0.1079800076372339,0.5379110954858065,3.536171577057751,-0.3497808394639736,-0.35581809568526235,3.5379343373321643,-0.3700065160024584,-0.35292280317041697,-0.20698988014730466,4.521949888172611
308,0.5415061441302075,0.5127216187142333,0.5763104357463513,0.5422231334099654,0.5208404027605013,0.5803950877129136,1.7033787865647556,0.37937964639802774,0.13202136966903424,0.16152909475871097,0.3811589830638169,0.15195722073666465,0.15222123683838978,1.160757537638606,0.8960761212505316
309,0.7725138916290155,0.04037989069545476,0.042690430558660376,0.7886062322806852,0.06940280661456107,0.049485484379226626,1.9619995330952387,1.1457580290062364,0.21521948401061472,0.22070542345835312,1.210444686454157,0.21706152292869788,0.25463569372577105,0.8088419878630877,1.6527099113851673
310,-0.48514936330192804,-0.7556228627387342,-0.6698599301968566,-0.5147962079964683,-0.7639114501921974,-0.663319771923419,2.901235991664305,-0.359050296510996,-1.085320721239669,-0.9333293420435264,-0.3765525146703016,-1.0797421739029558,-0.9438348288322485,1.4840089084427854,1.7872949911665614
311,0.34103650958069476,0.1104229827205884,0.12310551622590513,0.3468409123100732,0.1321093725000574,0.1260256376251992,1.3266079628141898,0.9379221156347131,0.7193240639369427,0.7724180125614686,0.9340051757656064,0.6725382576453849,0.7594024122220416,0.40210788530089075,1.1442318808831806
312,0.38992894695904773,-0.7510729420508546,-0.7715610602963638,0.40622946358163026,-0.7181830031257255,-0.7431992323547529,1.830460054055371,1.461232048391191,0.2143129737931701,0.22500969406209978,1.4510150035064344,0.16998054558114722,0.2519701097569515,0.06239694723818791,1.6916622028194377
313,-0.5726167322467727,-0.5476002377556306,-0.48157576292545917,-0.5674637447735212,-0.551721742003501,-0.4864031272211706,3.186143053873502,-0.3421997745341512,-0.24984859812566645,-0.22589077291568885,-0.3321068034616127,-0.23794270107948692,-0.21282911776425092,2.0038826622511365,-0.8301586194610129
314,-0.1886254117917139,-1.2154444758520955,-1.219030618251264,-0.1747922394694743,-1.197820936608911,-1.2380361673619864,2.949928910496101,-0.03361172891287293,-1.1319193311601614,-1.0792168381102225,-0.05593353181992801,-1.0738171084130097,-1.076722753974793,1.8604473841446045,0.8571200931902437
315,0.5257873288044675,0.32371525549401853,0.3611527434089586,0.5130219431786693,0.3158643464625667,0.37348258778634785,2.6253661308138585,0.2738699558962557,0.18146498932727956,0.1917082296324903,0.2932142555350802,0.1638489419022222,0.22957208449748398,2.0888406127452104,0.6490143673517749
316,-0.82662653720405,-1.021305820726912,-1.2194188805524069,-0.8118606744342772,-1.0039166611465742,-1.1899695875657688,2.9033150125555385,-1.243194253002958,-1.6466277835901177,-1.728405490205289,-1.2434227176066108,-1.6781617104411783,-1.7530810210234193,2.683554653502337,1.204840253445258
317,0.5282776380140962,0.46808801940634415,0.46152463768587926,0.5158965069198757,0.47796799496648035,0.44109177869598787,2.246155191837835,-0.12148157048336541,-0.30726198537489074,-0.3162962114716926,-0.17096366075598654,-0.3239717413848036,-0.26687120089753247,1.9948891196240344,-0.19398915934218716
318,1.1955796994041614,-0.3790652394356043,-0.42187004193802385,1.2018283840353283,-0.3989101762856769,-0.4568492779973427,1.0338055157131558,1.9460213454966213,0.4568253984723751,0.49497447364179115,1.9473404154360077,0.4458716692852308,0.5072278409043834,-0.003708057766050848,2.121858993972829
319,0.17682733723235497,-0.303986912017401,-0.329311675363133,0.14743985643741708,-0.278513195903803,-0.33426088931873055,2.33928097431054,0.5786110841788951,-0.1157422611655274,-0.12279789998711647,0.5623838789244479,-0.15609741352273687,-0.1133478286200507,1.441930416797828,2.6673393291150136
320,-1.0972115953479897,-1.0893415136862679,-1.0485667096874502,-1.071930236535692,-1.114312199120498,-1.0580972493065657,3.263624108039504,-0.7781169231367923,-0.6530909805701961,-0.6689014194435041,-0.729236767894592,-0.6352186144560498,-0.655001678556376,1.7835161849962315,-1.0037045723962228
321,-0.4190446394400639,-0.6746457957835056,-0.6993157953802837,-0.4163336333715352,-0.671477499625565,-0.6966978193745702,2.1013132599677613,0.3273582175851899,-0.3566017360864546,-0.4053684102924623,0.32755410930798634,-0.33503459707324906,-0.4468501745404064,1.0331604512195043,1.2115823773213383
322,-0.040764449723165785,-0.5038918349293647,-0.48894198473340317,-0.07051014473037662,-0.5216742690383978,-0.4893514607802419,2.2459395151580015,-0.10418968584245616,-1.047761001446191,-0.9805901487807828,-0.1017072943685598,-1.0314389509966841,-0.9907566679146267,1.4281131555483568,1.8518023164897148
323,-0.18790299381908293,-0.15311471797007387,-0.14578100015563844,-0.19338425717838595,-0.12091896470305828,-0.22341286732310395,2.413574478290684,0.46587968934506063,0.5988259447628492,0.5844901759791974,0.4890683029349585,0.646753922661803,0.6435530709334079,1.1092708502482296,-0.5619867682325542
324,1.3299257887194182,0.3014183463519443,0.4104574226860257,1.331386672380403,0.29528586909541354,0.4469304555697939,1.9520645049605712,1.948645629998837,0.6236869385132428,0.7150017132212347,1.9335655013695072,0.6630191823996869,0.711176011722136,0.4937246143865694,2.0622834883346846
325,-0.3033973208393346,-0.2505160449114844,-0.2515672896675424,-0.3085432990182917,-0.241836881464316,-0.2723830113440069,2.3397659008996587,0.07448558109492086,0.19556586256887404,0.19054122926665026,0.06431209365516442,0.19203588829837806,0.18946520048071983,1.1183051474981285,-0.7883498210057477
326,0.24513816073127745,-2.106078928875863,-1.9640954690303554,0.244489101101864,-2.0715266334884377,-1.9608253901712758,2.073123353999781,1.4066121678836732,-2.1267978783724537,-2.055464400669231,1.4033722549338925,-2.0527700803317677,-2.0468350368673924,0.27712992101641765,3.281052659011518
327,-0.72213859939949,-0.7406764761630726,-0.6887892733945091,-0.6946811020353764,-0.73582483570478,-0.6940784396631908,3.323958365439935,-0.2784429506262394,-0.3460264179476098,-0.35367059967218534,-0.27122474494019344,-0.36175414082641566,-0.3623392628959325,1.8218318822349273,0.1649929605121282
328,-1.0683103130096456,-1.2222941146614448,-1.1321892102461395,-1.0607157351714425,-1.222815606621615,-1.128968916135692,2.8174684211270278,-1.178121289791653,-1.40849728238429,-1.1070509204706287,-1.1603853007276976,-1.4171787758674306,-1.102746313224191,2.0521693594055708,0.41512184186747625
329,-0.7805655601112345,-0.6933902684023826,-0.7287979001364764,-0.7553150375927424,-0.6705986340095569,-0.7295206529041591,3.125399163315884,-0.593531189383803,-0.43753215477688445,-0.4509137163697593,-0.5793428943928446,-0.4778809048350147,-0.42193824328449464,2.290021593364539,-1.6289385960236038
330,0.20223841839033455,0.2448723388585061,0.19241514955052846,0.19266472996712528,0.24102008941938272,0.19354064461598625,3.1146318435160936,0.21437596461273117,0.29434711195361973,0.2411415044990265,0.282698456583659,0.2659578208286091,0.2857455472635029,1.7795683354488558,-0.6114303664314379
331,0.20889946539352258,0.15873750719199806,0.1728142011182837,0.19835906363447675,0.1835561856873108,0.14595035908978943,1.7474135699025803,0.5216000382783876,0.4971063286691507,0.5594261606405136,0.5541394628345574,0.47367791620386324,0.630700527974357,0.43221972313022355,0.15727699836003914
332,-0.0465567996922043,-0.15905113139901228,-0.12376684115390511,-0.058643113026222445,-0.15159679000006868,-0.13487413369166276,3.379963995635174,-0.6371602541420226,-0.8084281502525221,-0.720522307869621,-0.6404610026541121,-0.8329697253854703,-0.7151689157880045,2.7157967705397708,-0.08834743755298828
333,-1.4272103982395483,-1.2988652870111115,-1.428837508033554,-1.4400197226362728,-1.3224933003573076,-1.405576822872437,3.524165586495642,-1.5740506357322182,-1.3541943958990477,-1.6554430744665298,-1.5951615083297845,-1.3482789719119974,-1.6575276087288362,3.0282104918632733,-1.9022205195344994
334,-1.053080829592271,-0.9883443501034088,-0.9734225844441148,-1.0826499647417571,-0.9443819996414792,-0.972020183904225,3.151799915220662,-1.4455622258144718,-1.2547345818671378,-1.2289577858935385,-1.4440375909315566,-1.2446933238327686,-1.1986209528555183,2.4765741928723495,-0.6282946169067777
335,-1.0904473036526507,-1.3198808093555443,-1.2783542169704847,-1.1126982095747013,-1.3138847254524453,-1.2728692841529727,3.0116092673546593,-0.08182473144243207,-0.46298438604871034,-0.44645946106776535,-0.07003961814422165,-0.4504098122442975,-0.4748605720143118,1.4526428372616917,0.5285258143169309
336,-0.10968731172280366,-1.5026624407066194,-1.4393119546503157,-0.12589379376791235,-1.491774417669245,-1.435427858483718,2.1366343608905742,0.9951412689329656,-1.5872073942345637,-1.5177735600796705,1.0601200180423336,-1.638405447012455,-1.5137989689869367,0.41045703441452824,2.968620880379944
337,-0.6788014489014718,-0.6903662075739873,-0.7268294364679723,-0.6778391536007857,-0.6529543391388193,-0.6969691007175167,2.3770514018638833,-0.974011243738975,-1.4820031356057783,-1.474926428883451,-1.0021285078084636,-1.470845459244503,-1.387738304363937,2.0127959973321334,0.01899983199242727
338,1.4962450464306973,1.424567179267235,1.6925521536567751,1.4812520612813769,1.4401049597098032,1.7521472258274535,0.2828758523606177,0.287131202367034,0.22160625800639697,0.2883306875899295,0.3076733480274706,0.3272779043162344,0.28770720290488344,0.7541042312003549,0.04531346734717554
339,1.0726824736524128,0.6446906885572277,0.6337119826060484,1.0401391441540948,0.62448954681589,0.6590992879010413,1.56455964537671,0.7289041337511102,0.1113135749993149,0.11765402643702406,0.7344032457533768,0.10834296721891612,0.10220908561920461,1.041018161919928,1.0338732124595296
340,0.045976067794662616,-2.107327685784888,-1.9909292871321127,0.05776395549621573,-2.0993928653203504,-2.011940239747651,2.686724865592559,1.5243514705895926,-0.9176305703954722,-1.028915118602016,1.5004792799306785,-0.8899730785486272,-1.0084005853656939,0.5096934228465574,2.5098059266000425
341,0.2142173296737763,0.19778009033742275,0.20803120946291995,0.21958355420784123,0.14159677897699158,0.21166568811578346,2.1146639101187135,0.17385377572552874,-0.019455113056620465,-0.021765034876694206,0.17834259988086246,-0.023812540542073605,-0.09766071776437803,1.0083627860262627,0.3482415080765027
342,0.6204990885915386,0.6970004560248513,0.6456590542962568,0.6162262061079525,0.6895943102380099,0.6723949110590063,1.826283722656838,0.9385679414196301,1.0507861030257613,0.9990116846982853,0.9492181776339804,1.025925615951582,0.9347586395555716,0.5408981325042105,-1.4762469590230216
343,0.20523524790203185,0.3094398339068899,0.3145771984649954,0.21868425913592904,0.31561264816354956,0.335011665025191,2.860387887812032,-0.7375159168506377,-0.6144733662482879,-0.6081721464191223,-0.7296177396246929,-0.6091801316528557,-0.6325975568562936,2.472320477938045,-0.2882043650642069
344,1.3220156116410224,0.4977379419562807,0.479851184596642,1.3146583582837226,0.49408275327620893,0.5009423886920624,1.233709228014227,1.7584969196911364,0.6489125015941173,0.6489316023507951,1.7612994253683443,0.6560134091493625,0.680230237849725,0.11306361512045479,2.3183433864900076
345,1.0496830684202347,1.0421470532541652,1.1387528473231687,1.0290196870872308,1.0599024900037741,1.1464932484908748,1.1191528300695757,0.3801269342996838,0.315365966912227,0.32386887583216645,0.4313947559937304,0.3447099961346141,0.3381622034125723,1.0761894269108991,-0.04254955033400436
346,1.5473837532473012,1.0084169464036452,1.014474976241675,1.5585778350555326,0.9951414917166934,1.0133956611726171,1.1750921764777462,1.1823674509275792,0.24313132592608505,0.28644444762006277,1.2001996547610208,0.2317145033555535,0.2976493818325926,0.5676317260901388,1.80403395282302
347,2.7102971599581123,2.244389965513298,2.2584448650146145,2.7059555487510214,2.2340643925139134,2.253293231932923,2.095272730205475,2.664676798748646,2.3509656761929896,2.418799242903012,2.6406144226092456,2.387735986023709,2.4140125249596105,0.6135768393160419,0.677061467334564
348,0.6728092233016234,0.1438166021685729,0.15296807215686978,0.6686245045602656,0.1774390312881494,0.12667194513331917,1.1578898609995505,0.9255353963269096,-0.0015889647359437365,-0.00147004519497135,0.9574738435447904,0.06015925999573698,-0.007884648911826515,0.24665130717742403,1.8168202840849574
349,1.1291805573640932,0.9686761829204297,0.9478505149599192,1.1228892586321002,0.9947849364008539,0.945813751122991,1.0745947624849175,-0.3994234650941526,-1.5225143056862096,-1.591797875272586,-0.44241434662804713,-1.4546250265542127,-1.5469842277879564,1.316418869928214,0.7496178490267514
350,0.6509221620658603,0.29746832788905603,0.2778335535924202,0.642317570311015,0.2926182278462554,0.2673010793249363,2.287082864221361,0.8023381991299305,0.4429841151779396,0.39756404691456176,0.8091731527248713,0.4254217463408901,0.3971075847462391,1.3650983755575201,1.8593882422026284
351,1.6979341675232653,1.7728159292034775,1.8622360282011543,1.6955250547799254,1.776449938420683,1.84619650327464,0.46641402981145497,0.952997106552121,1.0964083041186845,1.2141041400186257,0.9548171327529297,1.0872654260899584,1.20441404340927,0.2924067048747288,-0.5365938695392011
352,-0.24565896907774973,-0.12066270122143345,-0.11477707765402911,-0.23485276883650427,-0.12751693903627734,-0.11382951503739304,2.5692791534668764,-0.9143095442966997,-0.7371384115039294,-0.6184338370582115,-0.9136016697931887,-0.7150248970779988,-0.6420280859769419,2.2225934799900045,-1.131347207351091
353,-0.06793353010842723,0.17565212627467883,0.2023552754863265,-0.037248130693885155,0.17703448086689266,0.22561430845850938,2.130721641559707,-0.18949739868754126,0.3944486179820405,0.4350254209517344,-0.21068503074489286,0.3755698559823605,0.4124990448021868,1.0696942673604117,-2.3125967213020426
354,0.878181951245358,1.1096414230483471,1.096124518003547,0.8834671278420229,1.1343625127990222,1.1080759389189816,1.744749274232001,0.5277704430182317,0.8121676289320614,0.7875537147250955,0.5135195971826193,0.8289421339058868,0.7749986431366276,1.2080988076978645,-0.09249153944199524
355,0.41311607252585186,0.34874872944199065,0.4047819650984227,0.4318875763124138,0.33983529082111325,0.4339025171695558,1.446249836307009,0.773965559720462,0.703581062392036,0.8061221877810747,0.7706080885950325,0.6873348590237317,0.8094164039808458,0.24783671583931574,0.38386743479012997
356,-1.4602144021955068,-1.4886890096964054,-1.1483512954219455,-1.4366772681725375,-1.4872127060651115,-1.133299033814768,3.0242093297538313,-0.7045321576686471,-0.8150280431511253,-0.7491921663754592,-0.6817227380013722,-0.7435106007266565,-0.7503735066861837,1.758834461248703,0.3605563748756094
357,0.47510035346070495,0.5286829579253386,0.5389532209561421,0.47883228423486757,0.538851889190381,0.54701348871237,2.5361467058933367,0.7173262616854943,0.7792266890051283,0.7738706349700828,0.7209637133796121,0.7745122302571346,0.7759530685417533,1.2053269988364284,-1.8440326693797595
358,0.1249752546338459,-1.0131868466982106,-0.8979487809350001,0.12968268165415373,-1.0100261747322383,-0.8875850325285993,2.853526178132521,-0.19087492892161562,-1.893173469271716,-1.6966319052232373,-0.1920349681127956,-1.866317801393444,-1.7229234781016887,2.2647571389139363,1.580135455458334
359,2.6835119257135713,1.630219665921601,2.15899134401281,2.6790070432605795,1.632426916648357,2.157834099853777,0.3913691707459764,3.1639740628955346,2.1598046106220936,2.696248205678078,3.162689117996582,2.159600053257714,2.6965058887857754,-0.7271105459101095,2.933090490975741
360,-0.2617756841775204,-0.6872812619142039,-0.6546090491230526,-0.24957056819262632,-0.6953041494360235,-0.6893575445089936,3.2584643122543535,-0.6150597103355023,-1.1866208023783429,-1.1450467619939908,-0.6172867642413769,-1.12460741140684,-1.1529262973193888,2.5238458773816976,-0.0861249808985808
361,-1.715300971849177,-1.5148178113165403,-1.3425445896157988,-1.7181602885706342,-1.5093642429926784,-1.3592450478237166,3.4592742460340724,-1.6234503377387632,-1.3519729702127437,-1.138469372174471,-1.6055143015708941,-1.3939311658264038,-1.132562356238861,2.6749875891845973,-1.7653641603670203
362,-0.00938226849966946,-0.5974760877338424,-0.6236252232204755,-0.007732933443251942,-0.5891310661971665,-0.6191761076092495,3.128131625192038,-0.09265495386242739,-0.8285551018442422,-0.826423284268679,-0.07804114892678234,-0.8276329870478988,-0.8378846701607449,2.5903209843264356,-0.2571046591638395
363,0.8665557241966146,1.1060097537940539,1.1352922203445375,0.8660960792065524,1.0935955634551127,1.109948868360623,1.3393611384631416,0.5624559068336124,0.8577566591439842,0.8691266208498362,0.5752869240069372,0.8510405577591746,0.7860511962305986,1.0781803303771664,-1.4898228277610834
364,-1.0419389213002983,-1.1432279648990578,-1.298206123004622,-1.0683200470367162,-1.1404242578986272,-1.2752744524512054,2.489908842380466,-1.041434345030638,-1.728860583506218,-1.8866170133731264,-1.0469960072057527,-1.630534969082597,-1.736170543633212,1.8628779588680082,0.6771878415092817
365,-0.36710082551396767,-0.5455644216945553,-0.5943444843456928,-0.4282355344166127,-0.5242977330605535,-0.6172254735980031,2.3844972281062224,-0.42461519275515275,-0.7307115851997538,-0.8892597881375485,-0.42039401926357756,-0.7686091639007322,-0.9144341771102965,1.604117509861142,0.39550011067506996
366,1.2289549064246705,1.4950910068247476,1.4844375441084636,1.2465579266643207,1.4835690315043826,1.4894383080339006,1.8592868203268667,1.4239814351291267,1.9254583752628,1.9060871484888375,1.4232638060657508,1.9257630222678517,1.8983554688193833,0.39996602036754564,-0.5413877472087444
367,-0.08231276236541438,-0.29508371301917374,-0.28951346935421546,-0.06686032193343852,-0.2913287107515903,-0.29429755609117386,2.3583907439288216,0.5294193431575139,0.42586566389816805,0.4430081002035344,0.5085743429408262,0.4185669061568415,0.4453913898693849,1.0553158143038257,0.535397608652002
368,1.6791079186624494,1.7358878570614842,1.6604400576309262,1.6844204514398198,1.716823225205204,1.6628312958258575,0.9899998210551715,1.1630022222890284,1.2475751078081192,1.2060968017292095,1.1607451555162414,1.2799186957734554,1.2177111687787248,0.31799601974532626,-1.2562730783445288
369,1.0739885448240492,-0.45347672996685257,-0.4616653237871202,1.073662007977879,-0.43663335914896123,-0.47598182202551204,1.721539712155049,2.4358616185815274,0.027337868679164698,0.026701467464246825,2.438713419249174,0.04491226394645646,0.034674411577959,-0.48181344430764006,3.0096411899986233
370,1.5376792144066196,-0.4293112396515134,-0.5592865766976016,1.5176896366123855,-0.430051259877916,-0.5598978243815996,1.5490975220878331,2.354386759696119,-0.21554161956637305,-0.25903474696629814,2.358943729398829,-0.2177217470774751,-0.2677111557897636,0.23667933287274598,3.555210680602204
371,1.3703911896635772,1.176104505115139,1.221227151518607,1.3813870356296447,1.167243590667571,1.2409744158752596,1.3228944976969352,1.4765297253511602,1.239283644036601,1.2494763177219133,1.4716438432281382,1.2616123802935464,1.2218711047811754,0.817977106016762,1.9952395115838992
372,-2.4681623535808117,-2.439376433620997,-1.8756887603128711,-2.4785638995186137,-2.44231548478231,-1.8726002495166043,3.7353968485864986,-2.1692618934845753,-2.072511230062048,-1.7703905002054785,-2.1787886723749237,-2.0774676041627593,-1.7906985715088475,2.9437877753029484,-0.9852068705562295
373,1.2132692325081862,-0.6157351051168756,-0.5918138055773947,1.2103658055873496,-0.6183780916414227,-0.6055722674195074,1.4041216195545916,2.1153737680705014,-0.22306151010864342,-0.24308379106355704,2.1191610669008294,-0.24293955282237525,-0.3023266646995998,-0.0822496512697294,2.9240025611539076
374,1.3371867002283588,1.4370617709119389,1.2540916449826538,1.3475126835232336,1.4608462946712588,1.2424704638073418,1.6527648609335368,0.2982951587062085,0.45013276354068554,0.5363538160379301,0.32010617947206477,0.4462041854415681,0.5042416683965671,1.5172527165186527,-0.5697950119498262
375,-1.135203707972282,-1.130687177992228,-1.1354450010105481,-1.1354490728740891,-1.1468894279632393,-1.143282660454365,3.180085929595121,-0.2970944192708118,-0.1926012858990736,-0.19729102623610006,-0.2787322556562424,-0.24326361214982567,-0.1720779270607321,1.653199775006264,-0.7623050227443487
376,0.9091827660207273,-0.05677514091329127,-0.0617783418673169,0.9129396262698839,-0.05948271709358694,-0.05737388490997089,1.3288030659765298,2.1022592716778576,0.8905184708728543,0.9466937613271893,2.1359920880741803,0.9014056407180789,0.9231435348358068,-0.5628491003450619,3.253802831324925
377,1.4187862433262668,1.3094519161950586,1.0979692470234315,1.4333501457183204,1.3060416952264078,1.1068659757219064,1.689402080898623,0.5534001864661059,0.3805638584887177,0.35494434355392357,0.5622051325492174,0.3940704422653336,0.3484331908364808,1.1356427690307263,0.35019236254481784
378,0.7208885313403978,0.44714678554563553,0.557454878489736,0.7260913688986804,0.4398219175895627,0.5563735675976945,1.6430346992181846,0.5480365265922618,-0.22448357595750953,-0.2596597209431342,0.5305260665292064,-0.23868130228082124,-0.2447072843546531,1.0610913754227025,1.0685750017528548
379,2.3116725414268084,1.9802815283067627,2.370470237508622,2.3117513692755614,1.998421448420067,2.3127258241750157,0.38983918943203794,2.502596790221387,2.0537647117520645,2.3025046282578416,2.454251174920257,2.065148767145758,2.302780383750439,-0.8203889765976475,0.9767871265813716
380,-1.6188197984068144,-1.5099216048221715,-1.4338415728842087,-1.5900945229077998,-1.5239177028112776,-1.4531199772411643,3.443983046512822,-1.6992700223254338,-1.5332138682395453,-1.5630411981722616,-1.7134896203035046,-1.5592990272538167,-1.550419420830343,2.791911702578421,-1.4302637194728416
381,-1.3606640845909472,-1.1431453427512628,-1.138891139077436,-1.3761517271463244,-1.1588137334695727,-1.140919413814118,3.1948197635292828,-1.1830071956239874,-0.7086196655033908,-0.6818452580766449,-1.1758327957312065,-0.6617706513605167,-0.680284611108881,2.353104416472001,-2.6514734549704038
382,-0.5036410388141884,-0.5207343586161184,-0.5070777397857619,-0.48854733924180244,-0.5255784874912447,-0.5274720732566526,2.6146128379152835,-1.03194626511497,-1.1289719641921803,-1.1848645522406211,-0.9955963706743326,-1.1177605299159825,-1.2190226293116013,1.9715076655141694,-0.13175742686111197
383,0.49552653601707025,0.05768722967093971,0.06277862432872587,0.5042898010518311,0.05131531848502536,0.0780421788685786,1.598367305362002,0.7224576888694644,0.16514038107284726,0.19852240099655216,0.722474756980064,0.1642542379399485,0.18281282664002682,0.5111517022566086,2.0536809351252288
384,-0.7085826701019342,-0.5935308202223555,-0.5918180897216824,-0.7734067867734331,-0.558445351327521,-0.587820264649526,2.761513467281027,-0.8665120860265785,-0.5991023672110873,-0.5930067235145932,-0.8052297913891163,-0.5660812656854779,-0.5668018423724298,2.1553076612114435,-0.8860477430860905
385,-0.12804030590286455,-1.5547163508239787,-1.2766131633200752,-0.12204552517406086,-1.541957496233635,-1.2663602122437483,2.0693020094536765,0.3165654371644223,-2.5467066828724656,-1.8604601632104314,0.34655893048072806,-2.5406044656529407,-1.8629935017342942,1.0271601798279293,3.0136814900561637
386,0.7695640144830511,0.8787503851905845,0.8504608705014749,0.7655595200698467,0.8890242874054075,0.8316312350682056,1.045170755608805,1.279783668744402,1.6329050449619646,1.5440761620596286,1.319083301839963,1.6045090764710477,1.563884658033929,-0.1976565607519176,-1.1973702552230512
387,-1.6545387930568314,-1.5599236615324146,-1.4047945799068193,-1.6592158540633015,-1.5625210206975122,-1.3956256405287923,3.541022537657032,-1.4650085150003578,-1.3892554866729654,-1.1712246255471364,-1.4489380341942961,-1.4061677785227946,-1.168568133077574,2.721039335011766,-0.1739169761037614
388,-0.9203403743643712,-0.6953501509522287,-0.5729115058144081,-0.932468310476482,-0.6701494903455528,-0.5817398630956581,3.2348967510271045,-1.0524051002252206,-0.8352650783222051,-0.6846460586822409,-1.094807263112875,-0.8511116845667747,-0.693161687628384,3.1337940413631045,-1.1777870995936572
389,-1.2311308870196238,-1.3267211963556333,-1.2797183626597666,-1.2564174600333937,-1.3275733884414913,-1.2893148507604895,2.5921550373852025,-1.3633763151892522,-1.6024112370656804,-1.4309867151059663,-1.450779162359073,-1.6295827810885322,-1.4387997431160449,2.350534369073109,0.34984962521888535
390,1.520645897088083,1.4331568213693429,1.2072904113493221,1.5277141689600233,1.4230081948279922,1.208510023844612,1.7961213320700335,1.5626627905408397,1.5003312605815247,1.2917383553973774,1.5672890912075081,1.4838482154146118,1.288270892121453,1.0767320596364864,0.31246921954551504
391,0.7025712022612225,0.7606199661744683,0.7871917671180956,0.6853913146061128,0.7569085997941986,0.7935485174484979,2.0503084882028246,0.8466546741404676,0.922659580807188,0.8988152146008337,0.8213615727614402,0.9074318426723834,0.8889771262539027,1.0598282864956996,-0.6324858916461219
392,2.192948728987232,-1.0110315589967704,-1.0715808882093092,2.2002669127622005,-1.0095126180282816,-1.0712346842877252,0.8488271911402238,2.774782670244557,-2.186937413640854,-2.37277081379781,2.7835399858374923,-2.1791641315793173,-2.3741725176876245,-0.41672821472668437,4.08333712053687
393,2.0155321976081995,2.0762745724063008,2.035847839364265,2.020320594295,2.0720739324554156,2.041084256377628,0.3796027679362329,1.7144627495629683,1.8427611281918628,1.753653440453974,1.74841668474937,1.8659106086453363,1.7566584069467854,-0.1818440456094661,-1.6577798564074768
394,1.1339808733132606,1.1155861313147508,1.196124106137166,1.1153223723993775,1.1003863968544643,1.193253647321503,1.7464578282879037,1.835739277193245,1.815476174603061,1.8452266233006367,1.8299299153630713,1.7987767320907557,1.8497894617016137,0.31544461306304505,-0.35020745985068336
395,-0.2645556935134556,-0.6817449276848776,-0.6115161469782646,-0.27184881717351544,-0.6723383786356862,-0.6124466726965997,3.1037658586938237,0.074744146048342,-0.566969758275843,-0.5095101127813296,0.07272875004044285,-0.5636207677678341,-0.5183311220387175,2.1061034555085487,1.1812055930894798
396,1.305471116879451,1.3188295226436695,1.2545629198471229,1.2698506744931282,1.3059355042229508,1.2529468295771007,0.9186119864978176,-0.5364748253215396,-0.4774240882473706,-0.4607225623440277,-0.5359721954662775,-0.5122913329753276,-0.4695899008215787,1.4741126547766588,-0.2700168325836903
397,0.8887671143759858,0.8153830675316216,0.8515479160223344,0.8683788926601275,0.8287944022032824,0.8776346685598633,1.522740497375731,1.25723569796482,1.1233410972083333,1.154600197024552,1.2513411966464176,1.13356604578288,1.1288901465724641,0.28818123489773,0.47816326938078757
398,-1.3870684394139197,-1.2432773735532894,-1.082726766740448,-1.3746211532366646,-1.2264882987090961,-1.1199647712402332,3.4108626948613594,-1.3700409731122831,-1.1143490797134814,-0.9280181187263327,-1.3680230418224428,-1.108770775627278,-0.9807720921848518,2.291283790818277,-2.0288054651828893
399,0.5839941977915437,-0.07946475442952831,-0.08169413757450568,0.5678360505585759,-0.09925365351203688,-0.04980428779661039,1.5115846644014008,0.28890764165034,-0.8053309846677623,-0.6980048417746235,0.28795891871232016,-0.7977443873829801,-0.7144519132471217,1.1405406030186522,1.6033447661083167
400,-0.013067219892491789,-1.5453112920319172,-1.853201533721293,-0.0468147223727341,-1.5582789867522693,-1.846282575579979,2.9546646203763265,0.29416206639132175,-1.4855500858584358,-1.7372139780596905,0.27641481645729044,-1.4586983826332096,-1.7907928889657374,2.1696905022834123,3.0024631841311646
401,1.0810054084871354,0.9134427208829256,0.8691067793388296,1.0710255413756729,0.8881019625922432,0.891182480894827,1.8526114016254063,1.5924141403535392,1.3935774542584833,1.3668509376332107,1.6233190753598288,1.3779848732409101,1.3714352735727022,0.5018396518443542,0.8496648737868013
402,1.9309684807688219,1.802415645637604,2.1336881176565705,1.9266083715364815,1.8212504845833535,2.125000430395775,0.9526942369681766,2.1099072964204133,1.959580632984598,2.3152238938808036,2.090867333275855,1.9300826529905608,2.355987234654277,0.04284834487627188,0.8736267178195862
403,-2.1636876590966265,-2.2922654541207863,-2.243396806457739,-2.1548389396703613,-2.31017082384325,-2.2255209838300645,3.9248406058495524,-1.5607112405112293,-1.6667241986453682,-1.8531285550463628,-1.4926455376508923,-1.700539899160402,-1.8945920637568088,2.4565185405308725,-0.18281881621024346
404,0.36978782545277733,-0.8300538551782537,-0.8760269161222098,0.3926115484580952,-0.7891780022292454,-0.835358912288189,2.361485872866,0.9315209242550752,-0.5804956501954941,-0.5671426960644047,0.9493930710246964,-0.563339026805588,-0.6146211223216665,1.3352795094981902,1.3542214262812013
405,0.1157527780850872,-0.174671034941038,-0.18690666318226362,0.0968073770252837,-0.17325576392776362,-0.18725589598354078,2.968275911055573,0.49506214713707236,0.10668287378468537,0.11218938228403785,0.47716398463764326,0.12026682245440633,0.08301298898348916,1.7014189825477715,1.3957914088768977
406,0.45746416864380574,0.5081383894876603,0.56773916460527,0.47032587828290945,0.50168295508936,0.5654057678008988,1.6606524652132664,1.1900935401640937,1.258278355209689,1.2808696190007356,1.213600382856534,1.2017213456813565,1.2801696427981988,0.23623020898103197,-0.8040904567121459
407,0.44364993976296374,0.5632464751670822,0.7377393846103966,0.43605601702795055,0.5555858140383567,0.718572387380633,2.519990905711411,-0.13643042143683315,0.029093852088123782,0.03609382928160029,-0.13104741824781171,0.045183889193292595,0.030113809181399998,1.9078768957233427,-1.2568361854489591
408,0.357999103777866,-0.2584668637568026,-0.25636799743888306,0.3709983470574065,-0.2702913310954461,-0.2330977650308875,3.0342691748046025,0.422642533178873,-0.27322465282348607,-0.29319120999674175,0.4136142170986238,-0.27895713273580786,-0.323493916480797,2.0477558734667105,0.9716834272212587
409,0.8667591765331335,0.8170551317114885,0.8451151451053023,0.8626484029303471,0.8027227754447129,0.8425383542918005,1.2170169374594193,1.0847140228861625,1.022641413054338,1.0045049489506856,1.101332917863586,1.0248402882956924,1.0006940204517067,0.3906210416704831,0.1908676522303901
410,0.9504585459105237,0.6339031684061962,0.573929714241874,0.9574499732904855,0.6396725565510838,0.5754853814114177,1.2657017856488566,1.1199010513564314,0.7263554802872638,0.6526050671307934,1.118641605468854,0.7496649051823576,0.6547904034973313,0.6768516661113821,0.9506822494281203
411,0.03368856858320508,-0.8309574585737921,-0.8197248498280064,0.020072327341235333,-0.8447374910770432,-0.8087156338343308,2.1435725939427326,0.36734680224537825,-1.5445921954933453,-1.5622404643834058,0.365522792436001,-1.5207749641813828,-1.5537577187973701,1.208526266973492,1.7214987863912754
412,-0.3799573435482856,-0.38031121028448317,-0.3745186701786385,-0.3925071826498141,-0.3826519422945433,-0.41022229076621725,3.5723716444674136,0.17901151836720422,0.15180659477631284,0.16277507244066122,0.14062678824222938,0.1796185672221375,0.1406175315993833,1.8777700822451528,0.5261110044007206
413,0.16128713874691677,0.08245516962924375,0.09210410391570195,0.14480285350933553,0.0745294617801847,0.062221727750944394,2.082049663825272,0.4207490349252885,0.36026913038513625,0.3956070025101806,0.4470717727383859,0.3899871113599589,0.3815247360563886,1.2806404956944986,-0.28768302869985785
414,-1.3132399454313521,-1.5751473759643582,-1.7297926177014191,-1.3032054738833525,-1.5677012338877057,-1.7310835713093387,2.7553107086193505,-0.8576693621082188,-1.0891644782100882,-1.2331356681275445,-0.8592417004903624,-1.0999570920148385,-1.2183795400734272,2.1619219020521627,0.47129115418297723
415,-1.0034873042309977,-1.0450023720133161,-1.0165688348992823,-0.9992827944648377,-1.0474909320003527,-1.018126914328437,4.183618513867425,-0.9859467088798947,-1.0847081218731267,-0.8403764857995947,-0.941862240069946,-1.1442651947493028,-0.8446942894411036,2.772442075514909,0.06631904843125697
416,-0.7527080805130192,-1.0213771174123678,-0.8928453390683662,-0.7538922546832316,-1.0222391731332954,-0.8899398375163757,2.506632448400592,-0.8279862500739016,-1.302591550418676,-1.0954570705546627,-0.8482342625405076,-1.2743498443203745,-1.1048345946865235,2.0724069094425497,1.3499419586292283
417,0.15388001772244161,0.18945826784835482,0.22827887801411254,0.1312642340236628,0.1719935959823445,0.2098562649979814,1.5300082813088962,-0.263554052714618,-0.18737400089584522,-0.25135235675237994,-0.2835531417332735,-0.19975829890854582,-0.24363279192995962,1.2750959229498613,-0.39419972662986974
418,-1.7932916122980174,-1.4346177658447485,-1.4018498795449512,-1.7900714430091278,-1.4422772081753612,-1.4126079199531618,3.5355584050550766,-1.4033915750167705,-1.115516154835016,-1.0659593109656835,-1.4032007021570236,-1.1269491907706575,-1.1083367774593362,2.7071283855613983,-1.4164353407778083
419,0.060443825007070115,0.11971744278073086,0.12677723524282172,0.09381278268643099,0.0850860122202965,0.12369535953359839,2.194608855370258,-0.21620276983335823,-0.10946717073861535,-0.10001748644309726,-0.19982918027587243,-0.11062404065963456,-0.12326146543990599,1.374631063324034,-1.0821424489857103
420,-0.5460769833752867,-0.5526777367040616,-0.5186837691637489,-0.5365729434919418,-0.5546077036418469,-0.5240244864111891,3.4433815807496333,0.02023408803224012,0.02327891523032072,0.022441141464814962,0.025631797166289626,0.030766971372724217,0.002199114077600041,2.048300364265124,-0.21400971961892595
421,2.023851705837128,1.9681112394594955,1.4763747985401174,2.02643549004986,1.9656468243462892,1.4766247904520007,0.3553622842911144,1.7588462682081536,1.728805193313572,1.2864387433614055,1.7539920335303083,1.7247340257365003,1.2854289729456443,-0.24544139912803148,0.8442302211093274
422,0.48227716236726514,-2.1190202519051025,-2.079535740950643,0.494748691964211,-2.1101556368252736,-2.080824258980021,1.9063884366671267,1.9543591572983212,-1.7416707625835703,-1.6175419826914639,1.9265484483068167,-1.7551291425473985,-1.5918337156542053,-0.17326800414527702,3.529276866076175
423,0.01507087790452498,0.09603394496361582,0.09240050738509975,0.0308134331199169,0.09336694366586602,0.10874630634483762,1.2561277050391921,-0.3179394214678485,-0.15122791386159912,-0.13964844324202275,-0.35850906035810803,-0.12249550928667705,-0.16076867307816833,1.110942262226912,-1.9494494590138192
424,-2.0776246703470678,-2.099045890497088,-2.1393617035143393,-2.0542708936726983,-2.088093789448844,-2.1197844647019903,3.7973087062076716,-2.070908007416094,-1.9193481219009914,-1.9532711629769037,-2.057935640529346,-1.9559763051063794,-1.9724248610463748,2.987785402691491,-1.1676556138072693
425,-0.5759781850399461,-0.47445241296032375,-0.40131554759418187,-0.5782108362486114,-0.48051197555511144,-0.39574622036903073,2.4452357350585494,-0.775171087446401,-0.6596296088362154,-0.5723222718453181,-0.7677284619872783,-0.6492077547306837,-0.5878381968782382,2.059092943958921,-0.47266100818114826
426,-1.738461709188737,-1.8293318172622755,-1.5335083904687687,-1.7512634560224785,-1.8322259224002915,-1.5461776729071228,3.762397275249284,-2.0797445471078935,-2.06164401434282,-1.8784364326730234,-2.102947929988764,-2.048631087438189,-1.8865132383559742,3.153279177156677,-0.43770845216419974
427,1.2223681333145637,0.8161803464454799,0.9360022925419097,1.2323268737473294,0.8613514600383083,0.9172762074928529,0.9168741255158035,1.4311083733937193,0.8638447915269445,0.9352687523900927,1.4428018007135588,0.8617920832012997,0.9609986686394145,-0.042435117284979354,1.357552773979626
428,1.0526043555836724,0.7714819648261309,0.6987635992358247,1.0608844828498845,0.7686552485906674,0.6988279832873828,2.0245712283911272,1.0648396564883043,0.7275679581100216,0.7373959852890672,1.0686850913454091,0.7408022417428407,0.7332735746995057,1.2308213489786277,1.051563147124213
429,-0.13393555599272286,-1.0713683402411216,-1.2252182157205984,-0.1537766263175887,-1.0686325386797277,-1.2080152559016515,2.6051098219979334,1.5635830592854931,0.32777714823119414,0.38620922241563554,1.5407862821173397,0.3446712821685497,0.3622860478728801,0.3258813262953642,1.8732378189502248
430,0.8476025066431211,0.945123948576522,0.9375835471752895,0.8565053535881616,0.9382761105714884,0.9271094967862212,1.4971041065544843,0.6727959005113227,0.7996619405901164,0.786853191177555,0.6206446595646622,0.8439832256898135,0.7502156747446053,0.879024417810665,-0.6529084708080248
431,0.41605873488813594,-0.10988317542935465,-0.11478278046491829,0.41098433295340353,-0.08031439340348027,-0.11017560869327653,1.717744188976613,0.8634434515859647,0.2705327872245646,0.3313569796691265,0.8519970586288229,0.24458907483731512,0.38331700560229887,0.597397002077384,0.7532147131109724
432,-0.680661878499553,-0.7945203143401421,-0.9395344123155496,-0.6987651038964003,-0.7943179875717307,-0.9411310591297474,2.6726923085130516,-1.0043995108137478,-1.8280025788425642,-1.8046060135769852,-0.9954044213959862,-1.8603843194556684,-1.7723092633321749,2.3828080305993335,0.4188313781863864
433,2.44369122081555,1.7504765763688757,1.8169622869902624,2.4425401266356257,1.774932697196257,1.8331814522957879,0.2167415630081551,2.0103565155650074,0.9155371632628069,0.912843116937011,1.9853348273431197,0.9075120417970788,0.9320912832810744,-0.3921279862790928,2.1743980215165557
434,0.48892626864335276,0.4038246396403699,0.39607366122650234,0.4683093429563865,0.39230034019657484,0.37927276317182806,1.6720310851553262,0.2274835631738563,0.028384324736390344,0.02957277212753751,0.2459981043544704,-0.005045497276668166,0.003454036727622453,0.965650612646834,0.7698710501138056
435,0.9274870502713229,0.8034313656349552,0.8500272562007982,0.9404706608783087,0.7917010001750954,0.824408351922535,1.2531184956881838,-0.516939609638792,-1.37259411090242,-1.4963848047220614,-0.4800551253471229,-1.3646364099492423,-1.4146577710632926,1.35892775820394,0.7514082438751599
436,1.0917999423328062,-1.4746347027118902,-1.2440570864587988,1.0950003328355677,-1.4600507992801643,-1.2676255097307847,1.423603023714551,2.3652538935279437,-1.4524476156542518,-1.3102691019303307,2.3636225842336605,-1.5323021541914026,-1.3300032644048119,-0.4144367908151435,3.518763529965946
437,1.4192651680150314,1.2140499312834407,1.3453135441703408,1.4379642929706433,1.234082097909106,1.3603152379304586,0.6838326616597983,0.7864097118027346,0.5287865498641308,0.6100748414885109,0.7702200539205405,0.5353130892925503,0.6576436839421319,0.3935441954478964,0.7277986344291
438,0.6846107130416664,0.18193415559084192,0.16729452356296054,0.6657397512696377,0.18085814547219625,0.1938884825277766,1.3800283211133,1.4547669336505564,0.5154306359556048,0.5301733386522864,1.456018310584356,0.5055510607336927,0.6111980309953822,-0.26243468733310443,1.7153164310113522
439,-0.6319369037815452,-0.5814015324754999,-0.456960080489682,-0.6221397746257494,-0.5914165500789706,-0.46220368062228867,2.507564339357387,-0.5154010978376915,-0.4060142814306116,-0.33021205012624055,-0.49440515964988546,-0.38625673117525483,-0.3136177626823376,1.62784125067799,-1.0352706568211905
440,-2.332309805307112,-2.295185151779685,-1.7468660430314678,-2.3221357890226266,-2.3143745157357,-1.7491858510836171,4.168109917645083,-2.3540251322210466,-2.255992892496989,-1.9076551677841536,-2.2936635752708474,-2.2256655991447167,-1.881245418500693,3.7582368897969647,-1.4035456511686153
441,0.13057462629134423,0.0026079027814197263,0.0023877400639357414,0.1207661501827337,0.0008332722050248243,-0.005855443381235861,1.9616403007218797,0.46375338916178405,0.2256060368472247,0.21522742736126255,0.44791183301492327,0.17831701685897947,0.2211147174846898,0.6823878061531482,0.8371411334847685
442,1.4748419322083626,-0.14540284858020944,-0.12173288952928984,1.479291452440273,-0.13383379099123846,-0.12955399351158228,1.3081738562894425,1.8843973144222361,-0.1073984678282266,-0.09399612005438768,1.8920967581671202,-0.09420052984476508,-0.13377353354021534,0.3495002106930761,2.6183290812499145
443,1.2893065097863246,0.13847277935627392,0.1566791285348043,1.2964357074658126,0.17592119251009414,0.22768650017771147,1.055396827616797,1.7969681105376045,-0.1877003561288706,-0.20351595503636205,1.714556411905784,-0.2141409840497093,-0.24862121537594828,-0.28557986465453966,2.7304581707372018
444,1.640526513770327,0.5980722007332065,0.6271691372170735,1.65504814526069,0.6069622330600895,0.6283460813991334,1.2779913708054478,1.7707608743884191,0.610879066648088,0.6416071980340078,1.7813202406010857,0.6528099739419703,0.6693644719776289,0.15352471288775055,2.096181378420547
445,2.2126302146391637,-0.25046115021357673,-0.2535865357792844,2.224723622287829,-0.22901872911126522,-0.26845018114253727,0.9284289517403774,3.14872315129954,0.07048860525719597,0.07075276913506207,3.1581506422811163,0.04759051112478918,0.08708337498580085,-0.6689911816918558,4.018793164500095
446,1.2277465992316878,0.761301539807051,0.7165729939553176,1.2347996714453784,0.7488399773572492,0.7116343976383467,1.1572952049636633,1.1002324955609557,0.4594934133400914,0.4842839541951551,1.1171122238678566,0.45560735798991653,0.4542266912864917,0.6460798122042528,1.8580003777522327
447,-1.1300104956295356,-1.236969159514288,-1.1588055042430183,-1.142160984590879,-1.216843099546949,-1.1474646713928822,3.4625099235238115,-0.8998621829893515,-1.1462748633474116,-1.1120985488639592,-0.8750120276627196,-1.1328879838272938,-1.069009467354942,2.102425371864213,0.6920121445781434
448,-1.9504281015668323,-2.3220362386383866,-2.225552132606769,-1.9767845350109965,-2.3165732010714994,-2.2184585584785803,5.156366508013224,-0.6532573659996771,-1.0669250992926818,-1.0495338378255983,-0.6405808040966326,-1.0755780447143686,-1.0732805221588275,2.9140524963825447,-0.5838256220798747
449,2.26879966061808,0.37516175853266975,0.3486227295261666,2.2801529813432144,0.3197307395493865,0.3311090082346549,0.6216724836718478,2.531415713702374,0.4220777046115483,0.40921895921789536,2.5531440335156126,0.4303624407774468,0.4051538761116045,-0.27138204077956773,3.0778701115772282
450,1.0036705896755802,0.9267485238076252,0.8401031608785787,1.0365603326663242,0.9120010763286185,0.8351834838611897,2.0687494871467593,0.7328262842364414,0.64377426545852,0.5483794000987968,0.7188216495351879,0.6417417974422923,0.563971774071834,1.5219130803659933,0.43323223499890257
451,-0.6275553311094496,-0.6339545830102551,-0.6531548242085443,-0.6175991477134659,-0.6155643447262613,-0.653845357155493,2.202629712201412,-0.3721232012651077,-0.4207012428668365,-0.44561530535040755,-0.33290670718071574,-0.43367288106211466,-0.4388678499533517,1.5297122742144664,0.188399431466517
452,1.7439339948950336,0.9976027550570327,0.9710071194325967,1.749713696278733,1.0060021338506036,0.9730649701787624,1.7114180854312413,2.1429585667526063,1.1240547469970732,1.1038168644345294,2.144961554513821,1.1120000710509537,1.0810581558164287,0.31276487586058493,2.272898499263684
453,0.11697983275511589,-0.06571211818776354,-0.08726382278556952,0.10920446751775888,-0.07476611122224097,-0.08685526217148276,1.546110973909098,0.7148495073736533,0.3414545448856066,0.43290519595580623,0.7007799859978133,0.3418709603708641,0.4330640583706579,0.46512917849097546,1.3324934601861491
454,0.808049498308235,0.9068044995429108,0.8732144361997239,0.8259926472074667,0.9105686523298931,0.8526328918721002,2.4006573375910896,0.4848240127166227,0.6468854053301876,0.7706711511166304,0.47366333787863285,0.6163364128042116,0.7381664464302835,1.1536436801112127,-0.6699066169696754
455,-0.16517663738356572,-0.4085361771158555,-0.35875058982322866,-0.17736000931327991,-0.39501017211442047,-0.3220083612473576,2.500725405772958,0.0835481067429349,-0.17823033776184924,-0.15319199494255914,0.07221112399179902,-0.15842808492949262,-0.20734998340444452,1.3885666427426073,1.0184619663115668
456,-0.6823372638992513,-1.5088435469721109,-1.4817440274493994,-0.6904487603395977,-1.5120844216040086,-1.4822553099186944,2.819065563003888,0.1581982729938897,-1.248397927583526,-1.1862158749217417,0.15600803463658633,-1.2573858899855301,-1.2035506663273694,1.5004969450776582,1.7692442688510646
457,-2.921742024528317,-2.51395609408981,-2.1491183228444584,-2.9297094826361767,-2.5172142655056975,-2.148024153340012,4.481578263887714,-2.908911296667312,-2.104597642769235,-1.7241387382883575,-2.91697948684014,-2.1154104660290516,-1.7351252718131993,3.8831744033997575,-3.199606499355001
458,0.45726019115901545,-0.2478166717912272,-0.2215922616028872,0.4512472371850245,-0.2562297688123979,-0.2390396529630283,2.2502471236048662,0.9155731368042285,0.41481650546377863,0.35537119284083746,0.9202767200185996,0.3983120329661996,0.36495056706442375,1.015684926352234,0.8979281642448312
459,-1.2522377527880701,-2.1215889623843642,-2.050731694186483,-1.2384814179668269,-2.1102996846435094,-2.041387654140108,3.6069720449747855,-0.47477722442161957,-1.921741945532638,-1.8684911444575192,-0.49101581456862414,-1.9022055516820482,-1.8961538399151818,1.9427979977093803,1.7146528111791677
460,1.7600339438558046,1.6720305375682452,1.676327533885299,1.7568974511276083,1.6659291163091454,1.6561157582581791,1.537124072634462,0.8699255002944749,0.7098084483681855,0.7417730044466969,0.9061297395860697,0.7294641194827395,0.7039355304231831,1.3209050158424123,0.359091602872302
461,1.7764647118680905,1.0631280013529654,1.0306119341716815,1.7862910478872442,1.080116624826465,1.0092571356782623,0.32428203967242836,1.6542086297037397,0.5981227588614806,0.5745564237458268,1.629974516244655,0.5976644155415176,0.5836198021600317,-0.12314431399460068,1.9934534780024977
462,2.963724040333566,2.246750368206409,2.123805833893203,2.9687154269103746,2.232710990612227,2.100622932031368,-0.21516627566384505,1.2617037091952998,-0.16496898570148338,-0.14973995982833008,1.2912747470790331,-0.13192103435085983,-0.16715758813074807,0.24329635966235535,2.007236284477678
463,0.15634676867984698,0.763719878501025,0.6465524945205127,0.1725178815476929,0.7698963447133704,0.6520589014524747,2.2809294814188052,-0.11841828327971438,0.9174566653646992,0.7748268908771292,-0.011502240029280162,0.9219011874195939,0.748471852945967,1.6033390198360762,-1.6313674411309074
464,-0.44654666238408774,-0.5552012589302767,-0.5770163634432701,-0.4482241367909835,-0.5547840147858744,-0.5514216000168864,2.668031904548016,-0.11691016325815563,-0.4582074975788754,-0.4605118978665562,-0.14949871658798528,-0.43974586560221135,-0.49224903005898274,1.3047541467097852,1.211032529465541
465,1.6145286985671146,1.496152877776634,1.3617119759759244,1.6170123020663225,1.4695111323213998,1.372333137973451,0.7428366769094784,1.1039178558874432,0.9413719672171972,0.9734100675604694,1.1186516999246199,0.954549776873254,0.98632312391479,0.14623488529891873,0.32151805391285815
466,-0.7966542557179127,-0.7650629763516162,-0.7090788360926386,-0.7995143187814419,-0.7438403718603932,-0.704835697249441,2.87428713127503,-1.1556421744692034,-1.0948815099139666,-0.9919711480830669,-1.1535925609180768,-1.063831106454615,-1.004160462027731,2.52666159569782,-2.1221269975951955
467,-0.2347073935397051,-0.11625615012740544,-0.11677645770733829,-0.2173899935711807,-0.07730529208302885,-0.1008039972713271,2.257140648533799,-0.8111412281634884,-0.6173359779399207,-0.6328523691747265,-0.8323036133079269,-0.6875024680728247,-0.6155937306087268,1.8879272069739,-0.6255240320039069
468,-1.143272839519559,-1.0643088171179054,-1.1663885535741816,-1.136300768548782,-1.0901366987005878,-1.1578739888060372,2.801140035911189,-0.505058471422961,-0.39604988702830823,-0.4139841161608189,-0.5234468175796256,-0.413511908136977,-0.3956714737155273,1.4705150884425706,-1.015172420890233
469,-0.09842951450674106,-0.08539733639303984,-0.11411657484702141,-0.08623505074541064,-0.07532618457354633,-0.07293341824931368,1.938039346730908,-0.0376895360955421,-0.017849520425863782,-0.02446846486751613,-0.052834958951970955,0.0293528261648251,-0.07776977289034989,1.13363917455613,-0.321303846146831
470,0.4762617276801045,-0.015663017275858875,-0.015817167912811844,0.4569321906722305,-0.03374084121982337,-0.02959527303321619,1.5778487096434541,0.2753985019029405,-0.7913741725224237,-0.8214148442604318,0.24742614451310735,-0.8563038262831997,-0.7964257688457684,0.7744673540913082,1.4781821018312653
471,-0.4652720898332192,-0.44152387836668594,-0.40557161117104457,-0.45814347614044904,-0.4484988102349304,-0.4170489339284427,2.697133939428816,-0.41504019855925917,-0.3337733163161753,-0.3353412587192365,-0.36358564465966464,-0.3607790034930147,-0.3829827896286607,1.4105398293565863,-0.7636323850658482
472,1.2725589022176047,1.2760228605357073,1.428236215809747,1.2604876758301884,1.285557772605225,1.430188161721251,2.006458065817391,1.1119628605457528,1.118204795712999,1.2998963449824061,1.120532187354786,1.1176048572613453,1.2943794957015082,1.3399813026129639,-0.1381504979125675
473,2.62345578360777,0.48351256402222864,0.45056886823050263,2.6474097902478433,0.4775562369251203,0.4525580459457759,0.4089794552683043,2.924635618167121,0.6925691833471125,0.6374119727837491,2.9197449207770556,0.7165496147658597,0.6396402538385595,-0.20706488104973506,3.436059091485501
474,0.43719743843587244,0.43995823339872286,0.5639949166465603,0.42735438271811815,0.43529824702297615,0.5684317614148374,1.641303016391772,-0.1913207860337787,-0.3406195861509206,-0.40623974637801,-0.21667849757381752,-0.32504683454330974,-0.4187110681428302,1.3807873966198294,0.34865430404358566
475,-1.4039859624782205,-1.3654384790156002,-1.2594643437755901,-1.4318803687517296,-1.3678843779718841,-1.2643151139273519,3.440565796104216,-1.0114644832887123,-0.9759466372451558,-0.9752567127323934,-0.9857816989202502,-0.9904306681566762,-1.0436976537494247,2.5543652809664077,0.12160157839582807
476,0.9204222450121428,0.9198814505308291,0.963598524391185,0.911646967984662,0.9132328529902732,0.9711840903112351,1.5934945362492516,0.9380525953160992,0.9725077338225151,1.0263908214957471,0.9335513185383608,0.981695725770248,1.045667609732475,0.9934353785785562,-0.7236994353853519
477,-1.2583967553125623,-1.246916921217394,-1.5679096973532036,-1.243812482316738,-1.2406268407392984,-1.5723089958063694,2.707543636485386,-1.3776038186551647,-1.369777969325207,-1.648616431709253,-1.4264937092674101,-1.3659020350547302,-1.6285162350900608,2.326261635152222,-0.7213977543393135
478,1.547448015666411,1.5781597980873237,1.4232219152194308,1.538958462823595,1.5956605044997971,1.4240819669542524,1.7497075809255695,1.2136392468546904,1.2803161696170282,1.1027857299123247,1.2268921808715045,1.2964527751480026,1.1247570108815617,0.8443307641556923,-0.5161157628470583
479,0.46057586535026734,0.31227304702592873,0.32043718499868745,0.4610464583707215,0.2898259264987645,0.3194119846262912,2.067695340512326,0.41746312795441703,0.16872321456611658,0.1821065421419828,0.4267749199850438,0.15591488673415158,0.14340637066523,1.1591735246387893,0.290332318346173
480,-1.3276807076976844,-1.043288461089246,-1.4194537700653345,-1.3625484601287043,-1.033974129478542,-1.4315429092328056,3.2482753424225104,-1.7298098567509952,-1.5551344587045037,-1.9442228884454975,-1.7232982415034652,-1.5555751016447898,-1.9049652108089856,3.108087271125106,-0.3705405844526174
481,-1.0096455123256487,-0.9270196745688456,-0.8930775794997472,-1.0252361102581453,-0.917142182404247,-0.879194677015194,3.2196125902817143,-1.0353610404487688,-0.9585573850890173,-0.854455279020923,-1.0453925798885078,-0.9508290511708251,-0.8425932799312796,2.4290559965008076,-1.1501550026729754
482,0.06721758878940719,0.2319019901260618,0.24116389405952268,0.06551190320767042,0.2432148419164818,0.276718514474648,2.4188963997578354,-0.9896465328789552,-0.7443442050139775,-0.7626182536582352,-1.0210515239970575,-0.7295124911095665,-0.732577175820873,2.168999483545159,-1.7910636286101347
483,-0.9358594832836462,-0.9294100605641986,-0.873401280552754,-0.9254057675975054,-0.916198797464412,-0.8803481554687038,3.598404584654778,-0.3898601249554409,-0.3307502892205609,-0.367294376008457,-0.4180557029047599,-0.3119659037817993,-0.3829588973109266,2.196675934572591,-0.6297751579120532
484,1.2377935284650394,1.1252659706115782,1.026147763793782,1.2519255349858693,1.1179595261499562,1.019742571567793,1.4272035776503444,1.2523175117233034,1.1181434324657191,1.0873621831776639,1.2835760580429738,1.1440288674227441,1.0724613197573691,0.4875401843497089,0.6505333573189724
485,-1.5335054521788252,-1.6829490210343643,-1.0735983495802779,-1.537381656313848,-1.6588389546863649,-1.0735123134037432,3.672900502966697,-1.117798296886882,-1.216828913250241,-0.97294553943241,-1.1554226806984917,-1.1427821890645506,-0.9389124173406673,2.4458450016287645,-0.05310661164418675
486,0.11529431089629517,0.2971404567628626,0.31459309651864975,0.1195342365196321,0.30773586719300233,0.32579153424454965,2.383620111667155,-0.1136773236065326,0.2539163806763024,0.2712975528019272,-0.1427400444206906,0.2962046476126669,0.302705312574138,1.9160737351319992,-1.0765190004822853
487,3.002186048592438,2.8016366451512305,2.811984937664913,2.9977742173820094,2.8026566848484395,2.790995087461873,-0.3626281001415064,2.958756686684394,2.697698420584101,2.686394033642407,2.960711420164646,2.698436915467165,2.6804458786640186,-1.1289300185949478,1.9152239315384882
488,1.5774495500553938,1.0598590773673489,1.1103743183177204,1.5855896288412177,1.0605805131837573,1.0950100102398617,1.0791479134763682,1.695825725658952,0.892834875764959,0.9891183202838805,1.6525706982606088,0.8600901314255159,0.978724826055251,-0.003910901254174734,1.782274319642871
489,-0.4223600425030443,-1.3357893219392878,-1.3678354057129891,-0.4454972164820472,-1.3537072607248575,-1.314499495039319,2.788535351932248,0.5722587841558566,-0.8452385148667728,-0.8828505292980084,0.6280156373446739,-0.7990945985235637,-0.8343972474162132,0.9218563493917219,2.182184051769118
490,0.3581838065487693,0.12127957557201831,0.1330650342494439,0.38973583540288065,0.1083917063600753,0.14598383252023034,2.0259199425329277,0.4772259829999747,0.11530094333962104,0.12835144504699775,0.3807128766095476,0.03142039875793359,0.10232635804777444,0.9479475403957698,1.0778552677229256
491,0.23899305841893453,-0.2895702439482568,-0.31492827058648687,0.2173449731010579,-0.28826043536478707,-0.3233747142992505,2.454101401734806,0.4042451424072002,-0.2081373230861342,-0.24040089589497618,0.38738313201662933,-0.2117297915183179,-0.24200955889730447,1.563223673147044,1.2769561844943438
492,-0.1519979174008725,-0.3007877950873575,-0.3162327151471379,-0.16147236691424993,-0.33788713057347247,-0.30756172307315977,2.18279760863449,-0.4909668306787317,-0.6676296440602701,-0.7704336842263588,-0.47244032814925574,-0.6861945682660627,-0.7509290348858273,1.350158815764398,0.23981677575820068
493,0.8812773051812428,0.965289178054289,1.1653355296870784,0.8832938644769499,0.9741696313127404,1.159342387439379,2.131334804090223,0.488440429680278,0.5622058024060195,0.6789178816631085,0.4910716992567308,0.5772904023450417,0.6680372215885478,1.0506226253178839,-0.3431160760757532
494,-1.02025813480306,-1.0056223778646638,-1.0139422952861297,-1.0189086488531454,-0.9878169652120568,-1.026679678154561,3.8063579431028263,0.008688267141988858,0.04291469938101712,0.04359539995679493,0.022467923316748795,0.08339507908333534,0.052045206113673505,1.8386799096558688,-0.11010258978329063
495,0.5324708762334899,0.2079222335162734,0.19803886796235057,0.5231793639794075,0.21319847797204464,0.1643963933156482,2.1326656326200446,0.5961509134878679,0.14743712128126546,0.1554828444406291,0.598752957237094,0.15962392182094257,0.14733190523498654,0.8720854343330607,1.2013060742733468
496,-0.5224869407069586,-0.49450843053305915,-0.32292735905135045,-0.5091303753823204,-0.4914170839796767,-0.3206483553715774,2.980871017668352,-0.2651028450131183,-0.34821452580610657,-0.25683739045244663,-0.27507811819826194,-0.3571197493956054,-0.2568388392488518,1.8797341706058213,0.8200768413229811
497,-0.6480016344166233,-0.5520371096082922,-0.682923388873599,-0.655646613552704,-0.5278853657388801,-0.6712743760515596,2.9185838885255726,-1.7486681626327207,-1.8839697879814967,-2.0282213986953277,-1.759117921720765,-1.9449061801652945,-2.0379578605643975,2.8503446887270116,-0.6338761310309949
498,0.09179273403498447,-0.10007218654394,-0.10627445461030038,0.08524831631181128,-0.11367558650471461,-0.09167444786697869,2.39338845739198,0.7224024471931001,0.4735036602004722,0.48974856216867274,0.7130121390292605,0.46373920102382427,0.47291453597470595,0.7527870427022034,0.6004137405548127
499,1.0995825831584014,0.34964246517244424,0.31574259050774167,1.1128003239502122,0.3371718218126356,0.32510280470558295,1.6510834836915609,1.3742993592618375,0.2978410492899126,0.28827099782614923,1.3976726533429462,0.31217813419585433,0.29950400345158823,0.5295919186735714,2.5031849918735514
500,0.21761871758311888,-0.40152531804785124,-0.5224508665382767,0.23345882263088255,-0.38444803732130384,-0.5115864351274255,2.0776919042664583,0.30677082468524564,-0.622892304450258,-0.682205526524587,0.3301025173042392,-0.6152826673771702,-0.6570762437332986,1.4900679896506852,1.791638595295927
501,0.006718887408445411,0.004903111704973074,0.005470188861438104,0.009149000963960794,0.027971348434376042,0.010909061550321947,2.106421176997305,0.03791855346660768,0.03505838297520097,0.03660720553660541,0.03723077910898906,0.045341001251459304,0.04609263077224854,1.4480033391060847,0.03559554427249951
502,-0.047168776710456856,0.03333538795372557,0.03133533405698796,-0.047173042357696114,0.03557687806809282,0.03142430990955231,2.3369340149813946,0.5380349353508364,0.8275626261430411,0.9440391028750608,0.6301265035857706,0.8732394430280492,0.9439673310807654,0.8584344897705255,-1.3397546982023878
503,0.8114948528329159,0.8235588111637886,0.8135849654744011,0.8085630005803008,0.829889737429863,0.7742040281057813,1.0341256640927299,-0.8134013468133952,-0.8112678099380416,-0.8438468217003158,-0.9514278288593351,-0.7674073515969524,-0.7855148428265298,1.5343554128471943,-0.132021384499124
504,-0.23544928833988152,-0.23453002462269168,-0.24468779700918478,-0.22065191197621886,-0.21125130301223732,-0.23052284846505805,2.5880087486136,0.37968398701626166,0.3746622517619467,0.4044331066027167,0.3798353103005348,0.4008840165352218,0.3958757930470997,1.6526907603565566,0.581380689188232
505,0.6449501110389861,0.8084850333179789,0.7652662550158443,0.6391939444402254,0.8268374373963688,0.7636290347112967,1.9589830902883478,-0.4096732058238776,-0.15677761976685894,-0.14730449151192462,-0.41118512854161376,-0.16457633161624385,-0.14079019161750508,1.9183996792266296,-2.2066872235327297
506,-0.7911712304310492,-0.7131476896753933,-0.5816602275499836,-0.7620975007500678,-0.6998204552521735,-0.586831585302032,2.759081981869219,-0.6050359822926051,-0.3731554303898548,-0.2944438170904299,-0.6465295201007795,-0.429798523082593,-0.2715349747013829,1.6032703071503052,-1.3975681883365072
507,0.8369980381322043,0.7053953120471339,0.6628748507490493,0.8471900730358154,0.7067802517288688,0.6697916538743922,1.47230270145783,0.8508424822247105,0.7255656092223557,0.7093279117785165,0.8524351120450313,0.7109076082100758,0.7141343568336543,0.612183396542949,0.3833564470718835
508,0.5618513080862462,0.43306775333582487,0.49072325381745385,0.5473683765445057,0.429290668779915,0.4797123949653994,2.0583739829492558,0.7314736322745099,0.5938417243345624,0.6443882278978553,0.7398196162172052,0.5994315656484619,0.6653667640994348,1.0582983443685117,0.12766959992443577
509,-0.42480854481322977,-0.36894025728283075,-0.3367388374928009,-0.43798844826214095,-0.3600601871189628,-0.3290118444640313,2.72462958235882,-1.1002316345341205,-1.0595435899786358,-1.169429997703873,-1.0401672350914932,-1.0785325008912006,-1.311328951697232,2.2123113910288383,-0.383350981070314
510,1.2434336261991739,-0.7369586026843776,-0.6954367159309689,1.263624969301328,-0.7430161338253811,-0.7013747822107299,1.3943843002176894,2.3125168056797794,-1.528839022901121,-1.2963326580200956,2.3547677865437664,-1.5045149611151085,-1.3088505505875505,-0.30519200941732355,4.296630798031119
511,0.2605909581441059,0.1782649311041483,0.2172208031905536,0.2655344193543195,0.1651322768718973,0.1836510618353442,3.0562337105169095,0.3697836985776055,0.3164548772882891,0.36523543139727155,0.37501599644020955,0.3301939238685881,0.3638702027352363,2.039441090651027,-1.291004387758106
512,1.1934910183779357,0.9170344941326102,0.8809716284714264,1.189942972179209,0.9052404068079302,0.896876897439173,1.886874802935736,1.6306891139067317,1.2575055771079093,1.2389984400257692,1.6398845492428964,1.2646197388717522,1.2373383799413769,0.6148190884023459,1.5229009433440936
513,-0.020538795745965975,-0.0035584409343769148,-0.0038985123646125695,-0.026591782454805275,0.015825698863410502,-2.9386380107914734e-05,2.7268434702657713,-0.1533524465066039,-0.019533161480115843,-0.020551780964043705,-0.205238212175057,-0.036500896468288094,-0.049166734618363316,1.8173355958779729,-1.8948438971747001
514,0.39422481571108275,-0.04626090273455375,-0.048555472686454056,0.38294338016414886,-0.050784923655912924,-0.041530841577086926,2.5282809849178056,0.7108465786952445,0.16879178045023613,0.17946710226172072,0.722039315530643,0.17044480012031477,0.16140129292680586,1.477880020671792,1.5130781044656765
515,0.2650940869581006,0.3697631209143396,0.340292583707356,0.24720320473138788,0.3574956178655829,0.33521719880952383,1.7467608720309642,0.38022450726021406,0.5197812593788073,0.4986931735948248,0.40852661234464516,0.5466208044735121,0.5120975823493467,0.6288770168833208,-0.41580761058620497
516,1.3591988660980274,1.4393812983659875,1.3317297600830917,1.3236418681381144,1.4277691143916982,1.3315372186115668,0.08201942348374237,0.4213122246680113,0.5565095981401513,0.5199126088874977,0.3755058017843147,0.5446445260897476,0.4481472394131437,0.48634777985995414,-0.48201054450792147
517,0.1619014556171813,-0.05151798480658807,-0.053241533130580346,0.1625284866117898,-0.038966953856993634,-0.06877656080036947,2.0782118884503835,0.5030813927262286,0.30150603238568663,0.3066173522979988,0.5378820120445289,0.29779400774728865,0.3139721139548731,0.8580631446154594,0.41280302802985447
518,-0.5569460029424522,-1.0227175860704032,-1.1030428955272025,-0.5533620884031122,-1.0105170583558345,-1.0921962785597659,2.184116812762231,-0.045332282382629624,-0.7399132208456669,-0.8787891024600449,-0.022760377102586077,-0.7552299130919666,-0.8026469535795879,1.054248471437704,1.1892158307409675
519,-0.17620885485501947,-0.3269048165324838,-0.3239597820668325,-0.16345393152073912,-0.352967198786992,-0.2949660867962649,1.9509710329751653,-0.9140190295738299,-1.647690895669142,-1.6279808808406917,-0.9446582140406544,-1.6434118890191731,-1.6240478296223566,1.796227937251554,0.3568432443082431
520,-0.8280994596791155,-1.0842028644990365,-1.044585014199183,-0.8355955855091824,-1.0663435453863377,-1.0555053626136062,3.6930123084131043,-0.5984624483115296,-0.9693243308761056,-0.8869662219451145,-0.5723239167241636,-0.983530578005201,-0.877638232072518,2.145788083007467,0.11375822828968836
521,-0.296022710657362,-0.8049232301068584,-0.7736579115457929,-0.28822736188610526,-0.8049584809828982,-0.7863692692630145,3.352590787287068,-0.10387152871016299,-0.9001920902371805,-0.8839681568119258,-0.10351724062247035,-0.872667426809306,-0.911530065868396,2.3814451295669334,1.5442257278304552
522,-0.604721105358184,-0.763174905378882,-0.6508687260021468,-0.6212872332324555,-0.7742978625549894,-0.632830044765092,2.0791850182676797,0.4330771588790122,0.2238584138932478,0.19646293591482994,0.46079073968442574,0.20929805151483555,0.1920399721301055,0.599975368012854,0.7299601190921818
523,1.1427171429057146,0.9271898702593058,1.0529183492914052,1.1492907985216507,0.8968451114535837,1.0510487289015742,1.1312978304453105,-0.3832530335546199,-1.0655002932424231,-1.1903623231271951,-0.36830147440622546,-0.9593273708465302,-1.297340866380455,1.1054024587119133,0.9767825925385678
524,0.9380528748848918,-0.42098997308049013,-0.4147950569246365,0.9352264765311494,-0.43571498303677814,-0.40864166890666076,1.9823246731529063,2.105427062170298,0.42235176666958696,0.44455758493086495,2.1100890931913128,0.4014865018774807,0.34815453127273194,-0.005033688623483392,2.816703404299048
525,0.6993957349019103,0.17510086881496206,0.18884619462252816,0.6899467657273114,0.17912873994625925,0.2175488154293873,1.6473676773378154,1.0851374479708258,0.350326890772651,0.3930898706733752,1.0831758926207247,0.33967901277483586,0.43482947056351207,0.25008873883879174,1.6606073051805013
526,0.42709804565872017,-0.03631782076467864,-0.03587203260772993,0.44186031217335603,-0.05541709124257354,-0.03818579742814358,1.6212848578134809,1.3911672324495452,0.3348204349741035,0.33316843810547087,1.3863087693281113,0.2774291913201972,0.3319491466095732,0.09523030470458291,1.7652197843106303
527,0.561700765123975,0.6338110632074521,0.6549525822484477,0.537823143238109,0.6481415760588582,0.6468963019849963,2.2295736929195833,0.1910053493822588,0.3333622118423194,0.32344255182579423,0.25007209543758535,0.3255684094167109,0.3575951425632657,1.4658460400497755,-1.1855824192086328
528,0.4508048659950018,0.48242200987319,0.43432211491326683,0.41815684533098324,0.44949939430605024,0.4529302501177086,1.4569586415911417,-1.1952006305985563,-1.1687704501742167,-1.0103309292468177,-1.1994212276584557,-1.1599102990291057,-0.9678014748655139,1.8474644735809105,0.3541198313828233
529,0.28359222253049565,0.3565763597362007,0.43818663860477075,0.28439330642550653,0.35411562928755136,0.43722628894772125,1.555721050386129,-0.33586473971637576,-0.1977240473815787,-0.22885777119289552,-0.33533878218943725,-0.203799001719946,-0.19189683768269683,1.671250991955419,-1.8431499879678503
530,0.6316768952025014,0.6634208979217678,0.8082579738856077,0.6357128535105497,0.6664160943107315,0.8039189204598997,1.2179191618869334,-0.08368975509793265,-0.04976266064144113,-0.0582190841551491,-0.11104257716877804,-0.07555630243798253,-0.1097612572077902,1.1899098212799668,-0.2503164912190528
531,0.21224611977085583,-0.4297448502299809,-0.5133135034322941,0.223027326898646,-0.4396139542467482,-0.5229125213167567,2.453713934315316,0.39527530178282405,-0.16804882282127717,-0.18548784593988446,0.41200845896186283,-0.15477492369127033,-0.19778646448965714,1.388842369965758,0.5257481230344931
532,-0.07974410864533307,-0.2678005792892485,-0.37203585488511703,-0.07177061539892034,-0.27122012190649847,-0.3670797976218508,1.9346308565981674,1.117996688194697,0.9853661054998771,1.1527284715471378,1.1155760800635166,0.9763730781222664,1.1739877404753427,0.4056126069666125,0.7188136884213435
533,0.05434569534306779,-0.45801941333128243,-0.4654638619311075,0.05724311075318157,-0.45663865814416754,-0.48473268190520324,3.005108273739089,0.371793321843655,-0.5814065884697567,-0.4940502253480987,0.3699484971233516,-0.6010909602651592,-0.5010922020702362,1.8379904417019917,2.1390565854877703
534,-0.26005357680935415,-0.4442621190754619,-0.46319661065051887,-0.25742715949320366,-0.44482241811072554,-0.4540534050882741,2.4897739729843704,-0.3988717257363441,-0.7713577461233386,-0.8064281989473013,-0.4031501966238366,-0.7785299965507848,-0.7861123214012293,1.8649166777882866,0.7392852003445699
535,-0.28406665177796014,-0.4591990711030094,-0.44555873285944714,-0.30139763071231074,-0.45539793785798316,-0.41701160649560615,2.5012525368665517,0.06780197954689812,-0.14022977368616218,-0.12740868604657074,0.058551891972848324,-0.13142293013498463,-0.10267210752919215,1.3642056958714373,0.5771144073242515
536,1.809505265755541,0.3937388972944539,0.3463473677876212,1.8220464454653802,0.3842525510273346,0.3477535642791304,0.8166230473603123,2.3787791114543397,0.34908456255704806,0.344191540908527,2.3557603778901903,0.3444978830688959,0.3308283908280639,-0.48808100178094094,3.2545391918507125
537,0.29475987339478105,-0.8878802303282564,-0.9487377516133892,0.29600702014566055,-0.8865629114383378,-0.966430364376269,2.3620138452291597,0.8523071508673699,-0.734799311389825,-0.6883998197529624,0.8475058721543121,-0.7123480366831526,-0.6815812121759353,1.2335175510004923,2.856701648723241
538,0.2898853339201306,-0.14714399304521006,-0.14545886387531268,0.29423372050640645,-0.13252177664755063,-0.1549633747149841,1.7971682322350602,0.5996262518114678,1.3185670681873928e-05,1.3941339035151486e-05,0.5941994350642595,-0.004196303185380624,0.008408184162624344,0.7339545712542922,1.4051541393516505
539,2.8962287662027446,2.174914067964286,2.243169882239849,2.9076059588423493,2.199716452136242,2.2605915195874005,-0.04663713359598627,2.7074013783676967,1.6358527053710532,1.6699896036860609,2.7014083111228406,1.6485395606076563,1.6421023301869648,-0.4009737031789178,2.2289536622704333
540,-1.1018171551258331,-1.117664093737007,-0.9033646726089486,-1.0989960443647213,-1.125273375411677,-0.8994287454729604,3.7464843403536525,-0.6744080985333717,-0.6464713040283082,-0.5624523344342061,-0.6295671600318549,-0.618514621975764,-0.6187428581576224,2.604402000463299,-1.301958280332092
541,-0.5481074434722633,-1.1030203943382522,-1.0538844834476242,-0.5484571408967311,-1.1029280853431167,-1.0558973383639496,3.2387639061965787,0.07514431191807355,-1.500200158665273,-1.6437666334457115,0.08064231597496153,-1.4507404842088234,-1.6604055049754998,1.5463126464865318,1.6796831470801892
542,-0.5804971714520191,-0.8332672939896332,-0.8413600255484872,-0.6007686851273569,-0.8096124468299728,-0.8384286170429186,3.5200504427933974,0.0875947084066946,-0.45558603038945283,-0.4477549567094826,0.10458504004198806,-0.43235504585346235,-0.44644985572998697,1.8153190570743685,0.928578602223367
543,-0.5760063605154272,-0.7020239573164838,-0.6890299465505119,-0.5756408589503063,-0.7115134974847219,-0.6848671475299856,2.4392924801002653,-0.6759674323613373,-0.9080812269368344,-0.8829721486354275,-0.669886227966242,-0.8971766797996421,-0.9192252938800848,1.822431095390067,0.3553411881566599
544,1.6047307800584958,1.6451219985428807,1.5995503975402332,1.620212650429297,1.633045595476847,1.5907506486884826,1.8354377055265905,1.4293586362845823,1.4794143949556662,1.4819211118790667,1.4057925507689546,1.469082526456628,1.4093698195872149,0.7423862546816553,0.2181055284856161
545,2.092926614151131,0.061459803561831665,0.06356294614597979,2.0876305304331946,0.0677218442386677,0.058822988958827024,0.9815502725097126,2.7429425207865035,0.23125842229830174,0.23745026645890402,2.749470230133881,0.2511330249675839,0.16406208932820104,-0.3207966689208537,2.9531541162987933
546,1.6679446274741483,0.8478148486833872,0.8068927304365276,1.7096251586333713,0.835622380081144,0.782798948252067,1.3198251586540088,2.278299698576938,1.1473937992137881,1.2468859604680107,2.2762595391236897,1.1449068042239667,1.1253186265856954,-0.4608965746318129,2.1847851325268675
547,0.13457035281424382,0.3052758442410559,0.24516130355169838,0.11434603792820806,0.2992404556877651,0.24481403769940183,2.0321206853639766,0.3386586142281519,0.6423990313533795,0.6261822795924347,0.3836954147378571,0.6395069099671055,0.6142513258069859,1.123917355037158,-1.1713986536635195
548,1.1693635497816985,1.2189071936845925,1.201957780450429,1.1645621969230753,1.2179419716399025,1.2166820234148086,2.320973420815887,2.097454152442986,2.180627226497302,2.0787413057340793,2.122853542779983,2.1592860037803483,2.0402853729167565,0.4080795879319512,-1.9792762141328133
549,1.2511648415460332,1.3594456678924687,1.4084313276267408,1.2762863881619029,1.3743237842964902,1.3503058785046917,1.0075683243134073,0.9251181762730244,1.0975179999620508,1.2057739054303447,0.9539848100749139,1.059813152583183,1.2658298830112025,0.48426965680615686,-0.37112257832511225
550,0.6591402625244589,-0.3367280873039271,-0.413514038129277,0.6349116793180193,-0.33969652781626086,-0.3689599929719783,1.4291682063885545,1.2710503952699292,-0.16575747007966005,-0.17659199080629492,1.2694857516174114,-0.173338500313957,-0.1541216244283209,0.32951275938595864,2.6960596534247054
551,-1.0223399655007848,-0.9766178614223044,-0.8049140879043721,-1.027227718042222,-0.9771381249868297,-0.8080143065919335,2.8386145431039327,-1.1033192060966375,-1.0091511923411656,-0.8240050493407728,-1.0876886779442756,-1.012635684011005,-0.8180674193745894,1.840862748190793,-1.2025056527810045
552,-0.33344546369802497,-0.40799721768599084,-0.45158121696777387,-0.3382039977038276,-0.39173828128875016,-0.4686294330604467,2.8035538868621788,-0.6707415525061964,-0.7771285032608929,-0.7964617249103202,-0.6904283107058001,-0.8046046233626426,-0.8111235558174754,2.1694701198056054,0.40118265432721667
553,0.477100775213939,-0.07409532708740317,-0.09203499506523936,0.4608275112612552,-0.08955150795163996,-0.11673550302732626,1.5341313886363326,0.5569746940935324,-0.3088176358494927,-0.4163781248633221,0.6022248605951761,-0.3007005192403112,-0.37757346630906924,0.7296102640872953,1.8636126622977887
554,2.0216941439472884,1.382200133881339,1.1249864783133,2.0226441277120166,1.36061566447529,1.1227266416247998,0.5393611851975397,2.3507927363482817,1.510251428754218,1.1922215986526656,2.3312671962379348,1.4803721133202161,1.2071839278027798,-0.36770562245386573,2.018765775755726
555,-0.4112528089412474,-1.0003456604101844,-1.037960619428676,-0.4024020469496957,-1.002272147464322,-1.0624238386196068,2.7731841570309883,-0.07572056563231841,-1.3825735020357628,-1.4001750812473632,-0.09447391645346068,-1.360338929530987,-1.4160054584224808,1.2121211810539827,1.6076940288984185
556,1.9849059861919918,1.9774475523412853,1.790598383729726,1.995269547962744,1.956533478094403,1.7840443855661823,1.0929763141478626,1.7425004654584482,1.7294496533577004,1.5734535154794622,1.7301450401232012,1.72186876605025,1.579670599463881,0.38744836601221777,0.02996751429203942
557,0.818496114619424,0.1146466093355832,0.13377673888483743,0.8256759213310301,0.1323939469899529,0.1238224972726148,1.4836995683175602,0.9158563459249913,0.05243790069027292,0.06819962321868056,0.9253383392386539,0.045684724506562656,0.06148968052150176,0.8373377156161086,1.7287398995044705
558,1.3545716356432853,1.5406448456478454,1.4561632117465686,1.358905412234657,1.542751217909532,1.463592376882868,0.9042588929528225,1.503013316251921,1.7808701427989595,1.676578947302968,1.5040644586715206,1.787646924362393,1.6664056825006128,0.20957615474567168,-0.46422330068017464
559,-0.6787023186719017,-0.6464904167492073,-0.7452602123244043,-0.688504481738953,-0.6536175178482613,-0.7927095571132031,2.454000540865808,-1.2602118091528116,-1.1141237300930373,-1.2759080984657727,-1.2180430554788984,-1.1255469738366908,-1.2858555560259302,2.2215113350724023,-1.2166503721667568
560,0.7843604349012678,-0.5438272809770904,-0.4876121807091479,0.799049549111895,-0.5399832375922452,-0.4810493038846454,1.5371648014984387,1.4771381147294456,-0.33567933434254854,-0.38382531081045257,1.4888093429827203,-0.34261041692023675,-0.3703746012214322,0.3362755170925464,2.119490803597128
561,0.6120924730566452,0.41388840682235273,0.5014503762499914,0.6134703765919376,0.4181872487132306,0.5162596351622097,1.8978578572866525,-0.1309627686974577,-1.0409965897904838,-1.019803649572902,-0.14870598402326382,-1.0497094074317088,-1.048325762142038,1.5715333097555781,1.1030228794649923
562,1.6907034845944464,1.4521574699959099,1.574372184634081,1.7079125667516617,1.4399465115806123,1.5594807625183735,1.159324684197405,1.413494619883528,1.1763006700588792,1.2950106600222413,1.3697398255042368,1.1831719628251638,1.2638618616956967,-0.04018729533565908,0.711789772023422
563,0.3723307978391507,-0.9186692425803732,-0.9546209641128713,0.36954604013989334,-0.9159658574619447,-0.9913650028416144,2.2765007547210248,1.3313535453145957,-0.972198562855442,-1.019402887433806,1.3334259351049926,-0.9419295622057439,-1.0774908110338401,0.629893851409809,3.118286965200077
564,1.1442955738285607,1.1181593195442001,1.0307978670441973,1.1638178546535334,1.1093168376530684,1.0293892916916016,1.5797403831791481,1.294236595080069,1.2584756704733433,1.2083476375133193,1.3296874446066387,1.277863441486243,1.1984013921296406,0.3831604757436962,0.2738205598082263
565,-0.11355298113455024,-1.4240828986424123,-1.3407317352758426,-0.1441524252537598,-1.4120873320092482,-1.334883547365553,2.418877220015948,0.6381185014152582,-1.536215252299268,-1.4803366837906335,0.6573765215730192,-1.5227347955094583,-1.480196401743933,1.0986603903681638,2.861710785683325
566,1.4407455670159917,1.030488826967115,0.7871826385553387,1.443766311441971,1.0307693107695877,0.7816109011201644,0.6573330771848309,0.9991883469020754,0.46047591199755716,0.3477860459502403,1.0027270987988062,0.45548917470098543,0.37401955939124304,0.42679642995536793,1.4140540232887608
567,2.1435122271178386,-0.8189319685876182,-0.8198665564447881,2.1512762083636305,-0.8557399960370337,-0.8316780776962472,1.0574772118081952,3.014026189002425,-0.46210964038241953,-0.47142109558332645,3.0035912744666162,-0.40518360641552437,-0.45337477825944367,-0.4419226725096855,3.2742941541399344
568,-0.3811532158441122,-0.3172391490704365,-0.34932322387246983,-0.3955233690906793,-0.3281388670361255,-0.37045832996665023,2.9482562533642365,-1.1905006902824202,-1.0448512547097009,-1.0998054722082256,-1.163747315144261,-1.0468804691159663,-1.1371451840574744,2.605838681245489,-1.8999336328140581
569,0.6263717946926285,0.49034122371816763,0.500534500787264,0.6301990046259774,0.5002227508598012,0.5136507876879002,1.281494233173646,0.8379319699747977,0.7706781966469252,0.7740387805241533,0.8192608392500843,0.7919837775307275,0.7773577593702223,0.42269660553955823,0.406477783588761
570,-1.1049946519468108,-1.2176707439978154,-1.6643517851529501,-1.0985434154883356,-1.2223583959566755,-1.6974321572702629,3.2953710828233373,-0.7218684988066285,-0.8432056460561554,-0.9898311951693248,-0.7636570466094212,-0.8262731727249101,-0.9785376252244207,2.2404509992637682,0.5437489570659418
571,0.957822922275788,0.07939448765924656,0.07226214703974643,0.9546904908935497,0.0901747799743341,0.07311199347971932,2.00625221846318,0.9436886279145258,-0.17077294450637792,-0.1582835232672886,0.9441239895203916,-0.17012517748072872,-0.11775385877523051,1.5165001938618332,1.8617640001914655
572,-0.7357945124249325,-0.7584385831071685,-0.8109060813283161,-0.7200101965897825,-0.8167282770759817,-0.864819635056161,2.691395439979755,-0.30114757241640966,-0.4868140216459194,-0.5114049063649699,-0.3191584689857564,-0.5302382229826639,-0.521662847131537,1.3678966085617903,0.3306185287555848
573,1.7638550404961792,0.4873450419484484,0.47887750794436684,1.7472476570306676,0.5235093891381853,0.3928818929158951,0.4718749682994977,1.8232879356677256,-0.30650222385576725,-0.3075581893320401,1.8365014370009334,-0.3058502611266184,-0.2796921346160041,-0.4609903098776002,3.0847982236185856
574,-0.4940300795638786,-0.9059815631636787,-0.8292875476113193,-0.4785724325775308,-0.8992903115402919,-0.8343353398498825,2.80642400791891,-0.24386189483452492,-1.5509358220251772,-1.5048458912217682,-0.25887834485809713,-1.5175169196504594,-1.5060817209743624,1.649309263168046,0.8847135447990412
575,-0.004511576721339326,-0.030747134754808,-0.030937418221793987,-0.004973469687650056,-0.01595834681116769,-0.033834422830647394,2.285517605193084,0.11932931726881468,0.14784390878627257,0.1454609041074715,0.11498820293478007,0.15349297664373027,0.14717369306178768,1.2186500928947088,-0.2235768369602285
576,-0.5531333722009691,-0.5003636958400887,-0.44163091406616056,-0.5389812054285242,-0.5032214481623564,-0.4569431007778136,2.462453766715916,0.17750989143974683,0.29966523491268954,0.2951748895074302,0.17954997027101186,0.28862789217760426,0.30763955974013085,0.9540332125516118,-0.713186707866535
577,-1.5751857415083368,-1.5564801895403706,-1.4274113794345442,-1.5774900580252404,-1.5581957064205743,-1.4261811499632433,3.598180548126462,-1.5792865582418485,-1.517198838549727,-1.5548068520620022,-1.5344716465307524,-1.4882702516607598,-1.54429492196896,3.2283969920315765,-1.12420921485263
578,1.57259419107609,1.4500519020083402,1.6644694042773915,1.5439744670419153,1.4509611093683052,1.673534439935528,1.2109089108879942,1.2844608190390094,1.1871423356983624,1.3695181716229534,1.3018823478542,1.1869921253556586,1.370057708746337,0.5697288703897418,0.31755508124873255
579,1.0322672928391663,0.3728645545996282,0.5292770150708417,1.0554610523285692,0.3652853708994955,0.5442476506795266,1.1630179766441655,1.2065001135011575,0.31007027667385767,0.4196012418559491,1.2256523148874936,0.3203739195771126,0.44272038753513115,0.701721230065397,2.435840329119601
580,1.1478162177005224,-0.4327445133731103,-0.466164074708869,1.1489995052708335,-0.39986844628760676,-0.4646095258276203,1.1637058891567218,1.4880126934668718,-1.4518863393401717,-1.340692290696308,1.4912501811669716,-1.5237381051343577,-1.3751042125036406,0.36334545994065637,2.33842853480479
581,0.48319903685515686,0.4453033667530211,0.4656413058330947,0.48991399275374015,0.44378859993622355,0.47165197273987,2.1355515788732156,0.02394123657465901,-0.029821139838084775,-0.029945749823805153,0.0454357824291742,-0.02843225948544742,-0.014691030798056543,1.4623291292091296,0.16863454983887596
582,2.186606690959481,1.6427201118007988,1.8474003001854264,2.1720300275927964,1.6289493631853784,1.845663222974992,0.9736223659956317,2.198156372270184,1.4591066308246703,1.6990823216055186,2.1884075131234164,1.4711313514424857,1.694299765709772,0.2933035139803268,1.4011418723303495
583,-2.538215655530177,-2.313625409065675,-2.2125892461846077,-2.5415090846669317,-2.3100535723927123,-2.207713262659914,4.534528878282364,-3.45598221810759,-3.0150284236428107,-2.1781207946701078,-3.4472078890600426,-3.057563535122669,-2.167781641061512,4.459120368228928,-1.8711179704919576
584,-0.5992397705810871,-0.51828734130619,-0.5248977202946955,-0.5553698145965321,-0.5432411578054278,-0.5252487210130061,2.3056700767016327,-1.6990339607900962,-1.511403371040628,-1.5965972637983634,-1.6825273608990334,-1.5146796202859873,-1.598063028559757,2.5294298128837105,-1.2725784252711263
585,-0.9337910755728228,-0.8393996749775777,-0.696864056194091,-0.9378564811455359,-0.8468189919395468,-0.7031470982165192,3.431889365588419,-1.2192535306197747,-0.863880576237888,-0.8846126208672274,-1.2097565008443834,-0.8310393791407434,-0.7566808283604108,2.4412082659401713,-1.6322150864447043
586,1.7199199446534825,-0.28570072407714464,-0.29170210568182264,1.7347487404936222,-0.27533589367330463,-0.3243697126679057,1.868013439539074,2.0384254037482994,-0.6286128326790772,-0.6131803337272104,2.05693192137882,-0.623809989643419,-0.6005508926081603,0.842081180596161,2.57228137619723
587,-0.13584484689305024,-0.07432115471700684,-0.07854513114197471,-0.1577744656362895,-0.04141384493177792,-0.10258633816772245,2.041818180077411,0.4448508068615591,0.5470057907502549,0.57166065219788,0.44780282791025955,0.5446811538027475,0.5945131806818609,0.7517228123698474,-0.2408964156405801
588,0.3837187318943564,0.4149187685762631,0.4382250853857983,0.3758913365150254,0.40541573608269893,0.43295155238549204,1.6973560130106806,-0.00855978648883513,0.10228580318486999,0.10042139911061368,-0.024142194675226627,0.10955834807632576,0.10183477386929914,1.3188474560802723,-0.8650108280289489
589,-0.11101470245637399,-0.029750550364788533,-0.029738395487499274,-0.10634088497066897,-0.027913737914367326,-0.02609395597242762,2.3207493495900096,0.6269395248703784,0.8293904730670977,0.8014707184963679,0.6267702912652244,0.8201997099119877,0.8001597389437947,0.8476759495972621,-0.9893056080538832
590,-1.1630662786278259,-1.2226563152613896,-1.4749270909912104,-1.1839214497217827,-1.2307468649017537,-1.492773379381068,2.8240600232190634,-0.6366256169900201,-0.7398864661243028,-0.9226024361221186,-0.6576249399036492,-0.784169324749909,-0.868378809945112,1.6981442049920803,0.54905292339457
591,0.8022659410507197,-0.21131781012019846,-0.2343073803993424,0.813143104361706,-0.23352543338490442,-0.229445360108956,1.3483826997079962,1.7797218680345228,0.5858241231096067,0.6460818357261504,1.7699664659391032,0.5573509314750708,0.6474657993166042,-0.0626383040256903,2.57203036232711
592,-0.026268915895679045,-1.2941431134177637,-1.3183049369150714,-0.05472899789636691,-1.259497022934092,-1.3101119919760802,2.252126865142481,0.5305755202542769,-1.2591609728692723,-1.2943266761080547,0.5180922689108224,-1.2709458232295772,-1.314233254455533,1.157528028626108,2.303776007145653
593,-1.148549082249612,-1.1494338216827913,-1.0673457160332802,-1.161956570233769,-1.1887070115289822,-1.0674283199589016,3.436126303063487,-0.550047359473274,-0.6369590976392128,-1.0064191617066962,-0.5514646440568858,-0.6353894943533556,-0.9970962092437676,1.5722686369411025,-0.06072095710483605
594,-0.4107109002361187,-0.7542906034462759,-0.8743721801190881,-0.4342981783656353,-0.7460634366575477,-0.8886118317958271,2.624405379352121,-0.38335690693387653,-1.0899312835315604,-1.3648499740437279,-0.3509768032148604,-1.0561293564696004,-1.3542948099679224,1.780101944637117,0.9745559534236643
595,0.25495013626814345,0.2921023302293634,0.3311547135037927,0.24159642661879915,0.30048225544954826,0.3512082623202174,2.5679531663370163,0.4718916611780178,0.5496265983458949,0.6234509463904498,0.48838226490289416,0.5666358708205365,0.5962668078239997,1.1904373501402528,-1.788419024816803
596,-0.5383354016540617,-1.0647283196300832,-1.1215020163959255,-0.5314167114270649,-1.0769636409775691,-1.0955837343445052,3.309504940191469,0.2782616406827215,-0.6838222374506382,-0.7651452108795991,0.2747450543873889,-0.6883938798792739,-0.7867899225067894,1.7430887405560398,1.077361430659546
597,-0.7214199943920622,-1.2590900982895397,-1.368858333444383,-0.6992836491018177,-1.2716764349544687,-1.3749708195184247,2.699516998878512,-0.5910666970176157,-1.6609374163535988,-1.8381182118002861,-0.5922239592958258,-1.678551502148594,-1.8445139679759974,1.8396710007307733,1.6893964574835647
598,0.034802184121996906,0.08913063580756037,0.07261092587594811,0.0574885462674259,0.10447962504615536,0.05130002855515822,2.628901704998982,0.8699013374150837,1.032982065760176,0.8187400014407967,0.8768648781455919,1.0194127094247205,0.8117691243513065,0.7128266897372907,-1.3008294748038767
599,-0.27963549922370445,-0.29436481141263005,-0.2601922961157952,-0.31643708110644203,-0.29841532233949797,-0.2513053242228791,3.035504475679065,-0.14151063532886476,-0.20276035628881306,-0.16908668984831726,-0.13620275030996604,-0.2174371875507682,-0.17763480398828815,1.929756863900265,0.2492578514976274
600,-1.2982287566107793,-1.5817816870099517,-1.5884637877941912,-1.2630923260626425,-1.5887723555502666,-1.5700798495519688,3.3986049502589872,-0.27908343727699075,-0.7355329858646089,-0.7545069658950521,-0.22277153429930358,-0.7324095440894131,-0.8391678629673802,1.9767680046693972,0.33648777570707356
601,0.45702560761130745,0.574040248097614,0.6025607138825715,0.44226348970888435,0.5621098769763319,0.6080867539890444,1.7891808932466937,0.3484073843446955,0.5373395933130978,0.5720147282464969,0.35586497220211893,0.5902320533707609,0.5700788938794228,1.1131066496254824,-0.3596843459797568
602,0.990128067756862,0.9137691676265169,0.9250754746679308,1.0016262453725309,0.9292788631304185,0.937042123417173,1.2706546274143324,1.0402927116888174,0.9312527183079619,0.89563185862236,1.0618202872691145,0.9506057233905223,0.9040986257813947,0.4704177908065803,0.7885693145592607
603,0.5381125628147918,0.5648975262376628,0.56488935904302,0.5545316018356777,0.5853336845618872,0.5737106494471267,1.479645432629638,-0.20599245892638815,-0.16935082165432772,-0.15762626956604694,-0.17743383352273925,-0.1702917761474788,-0.19842023096123243,1.028337259225211,-0.07087037760841997
604,-0.09595349345991215,-0.13223668313356218,-0.11642571356247874,-0.10459125896314257,-0.11484378071382095,-0.12204537860588295,1.7645860835330789,-0.03354768886866367,-0.0007773741622211343,-0.0007470335364090492,0.013935956178690525,-0.024391365634598698,-0.019810902494236695,1.0275897253427908,-0.7587430023838603
605,-2.0945954350197225,-2.2509108757513014,-1.8984963136125341,-2.0988607791635254,-2.236224863936419,-1.8850414065197647,3.8652308994379063,-1.1637678042076698,-1.5061114254452133,-1.4428300290415215,-1.1187673072280635,-1.4654406453040305,-1.4159707071717902,2.906947586395618,0.09159430814772407
606,-0.16730409223561166,-1.021575362237301,-1.201622773230707,-0.16568169383985915,-0.9977531274946815,-1.2015738188046703,1.4873108678872675,0.3572116818543633,-0.8007069039825397,-1.0184389694284721,0.3646964377069321,-0.7756955685647066,-1.0125409771927896,0.6334991118447485,2.0835281488945987
607,0.08456051543855583,-0.24042775404989508,-0.222790627427088,0.0910861308007718,-0.2122326944787711,-0.2259286689822215,2.1739488286981983,-0.14266354439189113,-0.7668058093893082,-0.6816235094780119,-0.14043113386194866,-0.7758502082242403,-0.6657881352477331,1.685339085373979,1.2446478151482605
608,0.22194437789873847,-0.3616119475307466,-0.3794289255040865,0.19800067499049898,-0.3652909119892451,-0.38324830192265935,1.8782655525527847,0.8997691098756261,-0.3110329537966868,-0.2702705205868528,0.9154777056557639,-0.27831352427220624,-0.24189947743548643,0.7398328868186564,1.976275097719461
609,-1.0469498212510397,-2.0956571990943713,-2.306219294579358,-1.0773451100302087,-2.0846831647828683,-2.3180520613514948,3.900957264382967,-0.4841642442007807,-1.8341325306078191,-1.9705866036337107,-0.4735899111335215,-1.8139143281975865,-1.9674751117315388,2.8533174060753037,1.5981359967285422
610,-0.023733948657694893,-0.09599664199055552,-0.12131482154238818,0.009545537682033717,-0.1447707522825006,-0.15294041833689614,1.9982351404701613,0.23885964951299143,0.16252997373503583,0.21082000274579615,0.25220818644972953,0.24789522269226816,0.17655591027362216,1.1792270776221578,0.46453688098896906
611,-1.206056305571787,-1.3688262721757594,-1.3997508820855962,-1.2209022399308977,-1.3408475506748005,-1.4137117388301803,3.126359561668558,-1.2687440067112874,-2.0011631832529684,-1.968418672831139,-1.2203245185011988,-1.9645545618588998,-1.9807220600496533,2.5876393956672863,0.4670051716953751
612,-1.4044817691263851,-1.3567499055202341,-1.3307192694611016,-1.4227749498266933,-1.345681356397705,-1.3326233286328204,3.290684259496809,-2.252035077469928,-2.0861812861218505,-1.8778435943556118,-2.2757480404548773,-2.0341352662582333,-1.8140657043465143,3.204450469155435,-0.4536575514988136
613,2.569382008425244,2.224197474661595,1.9321584940241305,2.5473180368742288,2.1967446723589976,1.9244609598663542,0.6453716072799797,2.1144067920588934,1.636151476714238,1.7792129362989058,2.148736405879792,1.6711436327299838,1.7794576711841688,0.24306659674324185,1.426587537691791
614,-0.07015758015597898,-0.08518252843586466,-0.08841089288767467,-0.088907443103654,-0.06729286773229201,-0.09686972346384473,2.041844826239773,-0.1489824159619992,-0.18662720572778568,-0.19445599280650175,-0.18125262263676198,-0.17645025839450418,-0.18902379306396877,1.0925065770154283,-0.10715598761554654
615,1.5187170757800132,-1.8576873835387244,-2.088250587145165,1.5232227793584086,-1.8258647283615712,-2.065374622725078,1.1924006486202956,2.7485853253860175,-1.3974547567796383,-1.4538958749635968,2.728129231538082,-1.4414425214830313,-1.4358704624068466,-0.32782855517392795,3.9862070022352523
616,1.9813061538450234,1.692235186697457,1.5585034324250482,2.021256439995322,1.7226270987307497,1.542014911487518,0.13376247634034505,1.615714786021653,0.9665328171696748,0.9003340303710472,1.5370009700887706,1.0129477853965283,0.9319573889600544,-0.352429546672566,1.9599686858804712
617,-0.14366141281318323,0.591041301870322,0.6547389490088098,-0.10238847471646677,0.6333354553025133,0.6911169611336633,1.9714210375490258,-1.308308826596549,-1.000165600101226,-0.9653531127869369,-1.2957086597106295,-0.9447420116829297,-0.9612916144735221,2.4635390962444492,-0.5213728459128505
618,0.9332269507354187,-0.7215704110800182,-0.7269319574465644,0.9415910335915915,-0.7288494806317933,-0.7371106502140428,2.284784211059338,1.7231552385272513,-0.6979812634982844,-0.7754691096965488,1.7117198484036393,-0.6947376114769763,-0.7322285697514841,0.46992486022166063,3.5938208461138896
619,1.0237774345506243,1.012476762330309,0.8804328531883816,1.0093219276882233,1.0157832612714681,0.8873096540340161,1.5125821493257823,0.3627503246591977,0.354964928480931,0.30674461435678757,0.3677893930626274,0.35136721742652466,0.2977279551970727,1.2180940903392408,0.04312167355513748
620,1.5731425786012543,1.5129207992958393,1.398850756584019,1.571810763144196,1.505551392918183,1.3806711464287893,1.68545397619392,1.1810047926133953,1.136355523081995,1.074242102744627,1.1919606618428586,1.1537378049207874,1.0752739345143878,0.9010174018869781,-0.015725186877153872
621,0.03222267781976561,-0.29263725777100763,-0.40501958684799355,0.0200984042522314,-0.2721510751707748,-0.4259999718296341,2.183144833104207,-0.0642454096647085,-0.40094885338288805,-0.48458741634893565,-0.059543270426242606,-0.39935851619690876,-0.5384663267762232,1.376432163678325,0.9062222747796403
622,0.41985376085595444,0.15899170269062268,0.15259435586743195,0.4098409147468758,0.11714209974502415,0.15863092343540244,2.1927827964351367,-0.03610750679448527,-0.5137024347687001,-0.5117782573880434,-0.02826551772470082,-0.5073651242287962,-0.5927977325997608,1.6033760747471915,1.0916774242771186
623,-2.0963419116943554,-2.2696125355824748,-2.4328198293330088,-2.088284222068075,-2.2734004622769537,-2.432232754986426,3.667985689387408,-2.034752840730118,-2.7000081375977705,-2.5191149039042475,-2.0407228848741736,-2.7093894620527537,-2.5066290188572045,2.91893739151622,0.22334148161315462
624,-1.7373756430899296,-1.649736237410079,-1.8640729045360271,-1.744392320937583,-1.6886798624841788,-1.8610042476686848,3.511530626921587,-1.7307934647946714,-1.640853012222372,-1.7696174481525728,-1.667358572921697,-1.6483346845011155,-1.7400828642178603,2.570901365859547,-1.1521717154074507
625,1.087213427156799,0.8141312444270626,0.9072063725744623,1.081686742216582,0.8281556550645286,0.9009585811468036,1.5284133468659544,0.8204959387332132,0.3936580008418066,0.3851431653919726,0.787254913119479,0.34628198288663553,0.42252058493538475,1.1386725001934521,0.533121337942357
626,0.3696832579517535,0.1283917426639948,0.15438632424015528,0.38681590971880897,0.12270101023160047,0.13192622356288494,2.392795724668109,0.6025280618593195,0.23877510744426703,0.23494250613696724,0.6601669836773655,0.1987542032963532,0.19804941374790716,1.336898773742128,0.9053707522343507
627,0.6190170281592232,-0.6499423662014704,-0.7931660745952845,0.6305072166776865,-0.652406159123187,-0.7596568479789888,1.8816792226944705,1.3813482158867605,-0.7021841870688581,-0.8457398974402522,1.344947410369931,-0.6875665540884568,-0.8808244773880068,0.6270824607262343,2.3916176448781776
628,0.3445530227457355,0.3728253279885282,0.4208586494983467,0.34415173630315593,0.3584172555402244,0.42951302838824457,1.9428379844695496,-1.0216990316574097,-1.0508451333316269,-1.0807768062314882,-1.0720411404853825,-0.9971444193598307,-1.0828346812257257,1.8872821191583429,-0.201010811847732
629,0.9618895373697467,0.18069972889024924,0.1621507103133561,0.9612597737450528,0.16170987742108311,0.14901624370641908,1.2431388342813936,1.6507581689488218,0.7120923970894127,0.6101546621403476,1.6445437390185749,0.7333827619246495,0.5947524174196219,-0.18009050381739633,2.0107727460823757
630,0.5333871379782739,-0.8076946183979967,-0.8803871650014982,0.5767156634821203,-0.8060493493720832,-0.8243876406229268,2.1654842443986,0.8624437562589149,-0.45967114586985747,-0.6812093843719539,0.8841317032924068,-0.5100418514799322,-0.7131386488532915,0.843481522637402,2.452485793864594
631,1.8074432849984998,-0.007874893477322526,-0.008887154634114911,1.7926232884023876,-0.002419198611856263,0.0595526929353442,-0.009875807523655364,2.021595027887941,-0.5569978424812826,-0.512865511308641,2.055681291921116,-0.5408176843549337,-0.5260640897048477,-0.5044350029010614,4.541124523527451
632,2.2790163742648013,2.365739845500214,2.636188840911053,2.2811182005211488,2.3708307103835615,2.61584627980839,0.22304127204479238,2.243225748565145,2.378073641930644,2.794348145119,2.2383010631502116,2.379918248712083,2.784571434396761,-0.4392588589324487,-0.49467565462844726
633,0.23926754289575267,0.22671317030803464,0.2667364604471213,0.20141144581110368,0.23743842294536144,0.29363906389875444,1.3506879117742125,0.645143554713552,0.7110104433122395,0.7564609338679762,0.6716461494843183,0.7002978606866564,0.7922130971657715,0.3627515098930098,0.16539502187037378
634,-0.8007229575536169,-1.0138994618205814,-0.7013285307203021,-0.796697103297266,-1.0009991047768145,-0.7004243146335435,2.708847058411556,-0.048626080158581206,-0.47387316415676234,-0.48322483994574444,0.01611903121630423,-0.47324749091854584,-0.44146385773003965,1.536291504416039,0.4747596314540528
635,2.4998238008136875,1.5067912953567653,1.3360643927774085,2.4881760114836213,1.5084222126354192,1.3281194575543165,0.24892764147896854,2.5605502482641223,1.2928425431372046,1.1820591180286424,2.55603619503909,1.2948706748758674,1.1671780184840284,-0.41650553579476013,2.973276686648
636,-0.56962937275244,-0.6927007011283127,-0.7011181563888681,-0.5722312003305691,-0.6914845833786774,-0.7083258586641763,2.106287822851986,-0.3003299560600496,-0.5157412371176965,-0.46228610564961015,-0.27650722263859046,-0.473021597874677,-0.4739948840828896,1.219113084934402,1.1529684539172829
637,-1.3983391628966064,-1.5713963687136259,-1.4201532904107161,-1.3978411445536725,-1.5703563402350047,-1.4134927128938206,4.2594576552629,-1.1094285622188824,-1.3689539894053724,-1.4263378090368297,-1.0900868970207689,-1.372636084689592,-1.411313189775187,4.077182794242599,-1.6703152740665386
638,1.4274741665635946,1.6535322962186572,1.7382855458724564,1.4503578110120887,1.659975967479664,1.7451878758117296,2.4441422601596066,0.8779562350973724,1.240293473596761,1.262082711270407,0.9008544875934881,1.2378644358641493,1.2914577793979756,1.8511426998371507,-1.6470285882431916
639,0.32388388842971005,0.3424294201350031,0.3714028301023362,0.3415558012096902,0.3620273915707612,0.3347512893641732,1.8860984148098774,0.7167268682496927,0.8173284358583919,0.8108985666276709,0.6808164139658867,0.7319918299484189,0.7511596039452941,0.29449526022246364,-0.3907824223927665
640,1.4628637347463047,1.5840937034589326,1.7106661076144578,1.4487535198568202,1.5578309343124006,1.6876947671986855,1.0130285028060226,0.7997777912943455,1.0217596739986199,1.1396849277336476,0.7813554862066792,1.0197411909415737,1.183314932126437,0.7976786022556126,-0.21850975786655444
641,-0.17544562979146983,-0.4756015348442538,-0.5538572027123504,-0.18298616825427158,-0.4705470206136498,-0.5226231627873631,1.999459863262358,0.2517755073150119,-0.1171026476456064,-0.12477914464952776,0.2960549181333953,-0.1316093195023787,-0.12702064869076776,0.9317623161216483,1.6215038809555962
642,0.5533497870333423,0.37477846616202265,0.4766306378608417,0.5605663804535773,0.3664406389913821,0.4788468783703965,1.9979397197301145,-0.03570882327184351,-0.5005891699883075,-0.5650963887861596,-0.0401278067962847,-0.5142943403919555,-0.6142484729989262,1.9225579070296295,1.5524671311062817
643,0.8073296227586217,-0.9683659063655563,-1.00867553447448,0.825573477429133,-0.9466244598073323,-1.027278333352651,1.7363687228676616,1.6944252359723786,-0.39240812852209833,-0.3864488128011789,1.6943352909095686,-0.3571537583844819,-0.35090080002055857,0.2531922780558368,2.2259651164762437
644,-0.08892966537479942,-0.776158405467218,-0.8704400865919101,-0.11009079510176756,-0.7518650346453558,-0.8942624423685753,1.889431679677149,0.8941082717362693,-0.050914975785510345,-0.05797271262824252,0.9237028139392133,-0.03181936413797637,-0.15875161231630291,0.23256393236641698,1.4281792786054168
645,-0.505704852890219,-0.6688044907729274,-0.6415925152652417,-0.490395231698513,-0.6909554815651873,-0.6345655490223898,2.4526604177114297,-0.6953449221757969,-1.0724761383244177,-1.0423165140682908,-0.701471925179484,-1.076121002348493,-1.0424134610732636,1.8747179981761504,0.08431086139026601
646,-0.5124850773737245,-1.1774527569540552,-1.2361444389793115,-0.5004441090739539,-1.194986870169081,-1.223906918323288,2.9405676541271477,0.14725196639685656,-0.9890506431065538,-1.1358736222111556,0.15892975910130216,-1.0412853079156126,-1.137585740339382,1.3369868029915721,1.6246927630804682
647,1.1032269469002016,1.307997006900733,1.3398172564967257,1.0972371833498096,1.3004882887471443,1.3434198873796235,1.3092312111358813,1.4243863524301572,1.6986942955114888,1.6610100485841763,1.441968098121406,1.7119371603406948,1.664146842440881,0.3893537586201323,-1.479317142837281
648,-1.0909114372694229,-1.2464151784630186,-1.1877219406423944,-1.0785119439871242,-1.2328565657567554,-1.1813328887351648,3.7958855686224635,-0.8579580709659311,-1.0527042501715926,-0.9513717848867626,-0.8555482669581471,-1.0720313397156604,-0.9872717982122021,2.385708717603616,0.1656983837808473
649,1.898735798611964,1.1788556297810355,1.2825103162953517,1.8622370707017493,1.1685618025983129,1.2896534751140802,0.08552125951111263,2.1469048372448283,1.0731135312482898,1.1751655803128322,2.21377440384668,1.0325672395096983,1.1701966941692028,-0.8975805485627516,2.6039956129834447
650,1.191546374308242,1.274681916034768,1.2103630066129234,1.1840713226970425,1.2733303461186407,1.2059546406979282,1.9766593928786043,2.3254392767293655,2.5210324700192124,1.9977127586767112,2.3263152902599273,2.5215110589979504,2.000816924309278,-0.18777136944794195,-1.20200771733898
651,0.33324922329571244,-0.15006682633550375,-0.1513642608620138,0.3341822875306144,-0.14062069461907867,-0.14356924612076255,2.0930960037403326,0.44387073209184724,0.014403017695019124,0.015183556754226574,0.4407010817006468,0.012786974310959997,0.023912569184006718,1.2019261233032208,0.8571153569252772
652,0.4453752543741818,-0.27641978013175694,-0.30462021188364197,0.4413067726458599,-0.2720562793790418,-0.3014219874666014,1.56292634436983,0.9394178798089924,0.19524533599395624,0.20414477618595403,0.9551379444199964,0.17105776243106013,0.2015266383189725,0.3810283045492759,1.631421408627935
653,-0.9700704827626139,-0.9027663174693233,-0.7784692330504657,-0.946752350243167,-0.9348514748487423,-0.7753766093393323,3.50136105709226,-1.545734513685432,-1.431703631255658,-1.271916295626613,-1.4910181923306982,-1.5082884239343677,-1.2756094095760793,2.928788787727202,-0.4176615069256524
654,0.40437416088502476,0.4844110402716238,0.5042129607323032,0.4101014499254214,0.4880769703316548,0.4931431735076364,2.0577656638102404,0.3172906243813054,0.4422252270339439,0.462436993958419,0.3305274185750182,0.4326342355662589,0.4954225329210389,1.251126038784794,-1.2985809798922425
655,1.8149505423303465,1.5110136019661222,1.8015781987539654,1.8224802188752705,1.5065369399083657,1.8146445299081673,1.5386491273386682,1.9127487509222907,1.4964629375492737,1.7599949180310266,1.9135954594168512,1.513202621675331,1.7588857053155826,0.1738830116222875,0.8450823675232955
656,1.426021855003542,1.3360771873383548,1.5122339591192344,1.4197707888222024,1.3471647740783284,1.5018671667813441,1.0410128024866518,1.0642543108466838,0.9203583289931667,1.0006421393946743,1.0516926577515466,0.9517479755496815,1.0206372547772653,0.4867595343432986,0.6861024795235637
657,1.070125776330328,1.098481430299831,1.1727459476268494,1.0712235246103756,1.0847510012504127,1.1729506254919717,1.1809199355633848,1.5539329447475534,1.648266622449225,1.6893621668964085,1.5536979498557515,1.662994566661429,1.6896483971477991,0.0880344254246781,-0.8153227375124082
658,0.6807766478604821,0.7802556597333306,0.7268096293160531,0.6541166554229915,0.781617819023323,0.7144445206027813,1.4722090546548847,0.8029539595637863,0.9976551513297879,0.8934606415669212,0.7962281838707175,1.0074163312614142,0.9078135749333734,0.46380725240638426,-1.5240317535034111
659,0.3347141055694545,0.8469889110220143,0.8536611015677026,0.33110748315773875,0.8487798597846037,0.8501779791351705,2.189239856261836,-0.10529816277111877,0.8652522136663162,0.8929267790362241,-0.09109143668551489,0.8741432900565624,0.9398851651329178,1.617185200295578,-2.568111715326854
660,-0.4681996605394951,-0.5540158841383842,-0.555601397195015,-0.47049491926629095,-0.5448189655075351,-0.5614398279142914,3.592782893019122,-0.3515598994062588,-0.4786191034985086,-0.4729949927697553,-0.36810978732798627,-0.45518305113912044,-0.44836512487963875,2.4291204207761425,0.9790083720892796
661,-0.09082450968048685,-0.017338659087149325,-0.017898706668618695,-0.07705223157959852,0.009166396924111897,-0.011224863378052024,2.2610889196354327,0.514090048636434,0.652130499674651,0.7137108236520121,0.49352767099986244,0.6296164152188669,0.686840127970036,0.9198566565899877,-1.2286131856647395
662,-1.8049529734455776,-1.6968388058386095,-1.4649356081714393,-1.8243919676309739,-1.7254405410467013,-1.4753377013545101,3.2311177565556215,-0.9183355418423177,-0.7233409703005862,-0.7660891220974817,-0.9469679621758139,-0.7463482370715986,-0.8076523853700617,1.8486193823513324,-1.7102234570532744
663,1.3619495405019373,0.4139501624349865,0.4287965798532804,1.3678918180793946,0.408329217401952,0.42584270174258637,1.0012087901174043,1.562288087793079,0.043683268165754574,0.04991141550288338,1.567337477000093,0.0075117525595865525,0.10165877030087102,-0.05998238247449213,2.5484123313399696
664,2.075942724959217,1.5122390142641573,1.7213416220234625,2.068559491018954,1.507947735666692,1.7338429653866403,1.2870418880640546,2.3327831396397873,1.6698864429515534,1.8723929125840013,2.3371767493483704,1.6684502921055702,1.8675609252909149,0.35824769496632175,2.8094142965395608
665,-0.34750381110402867,-0.617619902435534,-0.5642192319123897,-0.3528123730357667,-0.5933182541761114,-0.5600092170576346,3.1851187230793885,-0.7692232939017197,-0.7855296728492788,-0.9502203982337161,-0.7652360724480899,-0.7745958237762887,-1.0473954147012736,2.1309676816252217,-0.24488937350594592
666,1.5667883825645024,1.5677246439045636,1.8899879006291733,1.5692005659067967,1.5631616230106045,1.8922464039869666,1.16693489276477,0.8565698909114665,0.8399187841220911,0.9655184556728854,0.8622013759461781,0.8287939133933664,1.0021151605754088,0.8998092865198215,-0.19736829088601068
667,-0.8698442442001841,-0.8548726389292091,-0.9579008830159065,-0.8314379065577663,-0.8149561401335923,-1.0288353023205166,2.6424381957122045,-0.8321445736607365,-0.8227108753902397,-0.9342841027690422,-0.8183232661974347,-0.7447251651973504,-1.00504037961275,2.0893480793249606,-0.014128332918789472
668,-0.31680398291091805,-0.35919404765972357,-0.3422458439177592,-0.2999633074510044,-0.3277956373767173,-0.3431169610901146,2.30913185947898,-0.8048073066211222,-0.7610399694975465,-0.8369698824856205,-0.8031973965449875,-0.7596900028757403,-0.9524097729796037,1.918134304768002,-0.1804024457313079
669,0.027386044338007193,-0.047845542429857904,-0.047143253572923795,0.04462445951550612,-0.03305808316729842,-0.06866770117725039,2.441113517426659,0.5885090325455511,0.49072813781917735,0.5814610479049573,0.6055665050255206,0.47155868913051163,0.551936564958317,0.6984300197177582,0.36055837275827274
670,-0.39937836175125097,-1.3927730177645736,-1.4405376943407247,-0.4011409105615581,-1.4135195894635226,-1.419351676297499,2.9824745298736888,-0.5019230867306808,-1.7025283284519788,-1.7646813413355382,-0.5228580409654395,-1.6949329133833033,-1.791573187608229,2.1284492737995895,1.4400389971983378
671,0.35858381573911097,0.2895519369710376,0.2824933316290226,0.3571706615420872,0.2851306980870684,0.26322233790003297,2.5288855404964146,0.6034028113658443,0.5467221776597753,0.5271573889723464,0.6133729034035825,0.5548969645261205,0.5424954880588154,1.4388051404298858,0.14074083827789421
672,1.1383060702083956,1.2560581461692917,1.3543734618284617,1.1304921635929086,1.251537210259695,1.3604583156643617,1.0340674795215399,-0.9854796097550825,-0.48319286914411164,-0.5062896573389687,-0.917566242488564,-0.4617967063723091,-0.5758297662751465,2.0550044578181854,-1.4055712357578662
673,1.1204472891918624,0.7145743164448825,0.6646509104051891,1.1152428533810854,0.7145844093788266,0.6581666571163187,1.516778828014997,1.4888218767912398,0.9297373697041919,0.8610840336315891,1.5007979034491288,0.9052588679810488,0.892415062642789,0.30072461250882615,1.5674073185223931
674,-1.2082571263364972,-1.0664916564016655,-0.9545011668880747,-1.2320069512581644,-1.10713988574069,-0.9285413987436937,3.5642742790995103,-0.46777643937182406,-0.24651870330197204,-0.23477676182131807,-0.4339173617222386,-0.13852832387322056,-0.23876714865590565,2.1271075054442745,-1.0254230663518145
675,0.9821070565219433,0.921465861168267,0.9577076743839167,0.9874036355823199,0.8975166227600933,0.9504349852540832,1.8596990643272384,1.459217001935625,1.3805938294818392,1.4683957513824564,1.4482921150289463,1.4153526783913468,1.4366809795283335,0.7890150514853106,0.6489261246156877
676,0.3357177948676704,0.4222863697570023,0.412197840079817,0.3234504730408483,0.41220074378804944,0.41239345314929693,2.563117737630025,0.2674742020861177,0.423816670677955,0.4658063781730978,0.23247572087371693,0.40780392242343244,0.5017384366504184,1.5353229186428317,-1.0060532236243218
677,0.7541743466629627,0.6553600295493098,0.7738837136412505,0.7601800306696287,0.6853464010510548,0.7424281669132323,1.3637505451189822,0.519308166399742,0.4207348310920622,0.4592436691491818,0.5043321719113564,0.41235381469555865,0.5066446688862888,0.9341197161077596,0.4232605906713067
678,-0.8483621567311457,-1.2803111601507833,-1.2600702401222934,-0.8391538853501012,-1.2854857308249654,-1.253286066901209,2.8701150458054165,-0.6254357557046534,-1.4150293727336527,-1.5730154800226857,-0.6594497745355826,-1.343477507794307,-1.6921271364236745,1.7373448265845068,0.5900311848785965
679,0.8786772896209191,0.06315262823190244,0.07259623233295265,0.8873943473576269,0.05199339795287416,0.04958855126331814,2.052436569810304,0.8974481096246818,-0.470098402488368,-0.49604118658088103,0.9193696395339719,-0.4483820942612461,-0.5405217012098761,0.7938838751848113,2.2089903349158004
680,-1.7617743942705522,-1.621669741787665,-1.296990648511104,-1.761620010885813,-1.6321378326871896,-1.3043478485745885,3.583887953002332,-3.0290218936689253,-2.6973513673845533,-2.143278742511244,-3.0071126124315377,-2.6591214645639596,-2.135506095430157,4.065237656410075,-1.3126338025785174
681,2.4379656706482815,-0.2023456631482816,-0.20090783528053985,2.4271482840156104,-0.21448910485946357,-0.18185416195433476,0.21952108809008017,3.3831003962556183,-0.3367115917018362,-0.37177709848555524,3.3968147881890127,-0.3401015244348377,-0.39750825642337567,-1.1326065868471595,3.739021286165611
682,0.7590522271996016,0.8121581036493418,0.7498175996376606,0.7529753125735648,0.8208570280837466,0.7368880778165233,1.44918775684805,-0.26345132633792584,-0.20407267577306554,-0.2164769096600085,-0.2597838708972384,-0.2173429090904094,-0.2169739936553578,1.576595441913644,-0.18206284406443604
683,2.1157171616825297,2.1772835658737346,1.9712689411894613,2.103017222749424,2.153527537350188,1.9737935331724383,0.22461942570347573,2.145896726268664,2.2568551428596697,1.8755649673324468,2.1379383135348218,2.241226503190615,1.8653723470163095,-0.7822520214499372,-1.203315055313048
684,-0.09831896263165903,-0.3532954850584471,-0.3670225288102933,-0.12659123437426903,-0.37423555118521323,-0.3813137870251712,2.1029468140357377,-0.24678941262998857,-0.7626703723957787,-0.87481053457811,-0.22510336154306282,-0.7383856032786914,-0.8472891027903766,1.3127870233603858,0.8807814030910385
685,-0.6468619669195551,-0.929020898781,-1.0036592008585918,-0.665066102546186,-0.8752182786717597,-1.0037862942615094,3.0765098470785084,-0.5401327203515045,-1.0743321583231142,-1.3103015270925256,-0.5051190897872746,-1.1396498046041847,-1.3137868429411959,1.706565102496068,1.0097045186615836
686,-0.5698385467112534,-0.7216664574637652,-0.733236794620562,-0.5847174580936687,-0.772157389936326,-0.7118406461094318,2.4011675488353696,-0.32922733584529396,-0.522337962151605,-0.500527967416489,-0.2992119952933987,-0.5453897852472742,-0.5271892614336003,1.6955758512967252,0.4081502046055906
687,-1.1859363112846932,-1.6186847357117637,-1.5062752296125463,-1.2057773694663574,-1.6405548599264734,-1.491483775252371,3.808564206903955,-1.3781424141918102,-2.047535370538695,-2.0716011158309198,-1.375494207662832,-2.0635255305494025,-2.0881731821104395,3.0026874971945183,0.1429654292667176
688,-0.6995800653940165,-1.1630465086376907,-1.1231294843344888,-0.6594633050717194,-1.2010615683793415,-1.154696257630503,2.371145215694987,-0.45747824531532955,-1.3626370920060218,-1.389798404569111,-0.48229188954993724,-1.3648432289946346,-1.4008526920525062,1.6432942878257089,1.460745175229833
689,0.49834729194988153,-0.09288221201409318,-0.09654863184305185,0.5181507704241719,-0.09224636084467125,-0.09409942423773403,2.6503100653400664,0.9456630589681354,0.03906648759799767,0.04321526505967076,0.9547662568675301,0.0849627419654882,0.021806625148836307,0.7119146724819109,1.9068335852205063
690,-0.7124564797812505,-0.4999391331849544,-0.4681384875571275,-0.704919725441629,-0.5022384305146417,-0.3949722656646276,2.6299288268989547,-1.3962507742042773,-1.1028653498631777,-1.159493556848433,-1.4146744010183856,-1.1719209534090844,-1.141920700041939,2.3206074943167185,-2.259240692097985
691,-0.015932715310828446,-0.14492814576817145,-0.1907094481851274,-0.026957467898541268,-0.1349223641313036,-0.17296748391949132,1.786529454065883,0.49492815935802825,0.3481371919731811,0.4569816715176364,0.5510534764005279,0.3075407713691457,0.39511864827560383,0.6305242750770703,0.4281048829280147
692,-0.011862907570205115,-0.3425312122595094,-0.3062904556512986,0.005039585322547226,-0.34032200268568025,-0.30647135316663243,2.791414115320463,0.2003703827992766,-0.35699172810394053,-0.32133195416360116,0.18843322673873178,-0.3192933808563583,-0.3391867809105363,1.6300339020263677,0.5681698564320488
693,0.5668366548027792,0.6478974859051754,0.8840627656360384,0.5286793027639309,0.6645016332586613,0.878765088791005,1.035525574320613,-0.019637266611391577,0.09845873599324034,0.10650659248055815,-0.02487428802817033,0.08398589209054638,0.13874534656699655,0.9825268475662962,-0.9343791194233482
694,-0.29928856402814247,-0.20102821452319403,-0.2487674120977294,-0.30795805379658153,-0.20731026002011743,-0.23741965828005077,2.4581707321143527,-0.615548686510782,-0.49268245834908053,-0.6064317389081947,-0.6365794334509325,-0.472715210128079,-0.6350529930370391,2.0766878629657155,-1.5437122721873573
695,-0.46365377012012077,-1.9121282121496472,-1.953579840867102,-0.44928094915552896,-1.901215539231132,-2.0030417487664636,1.8714681426845707,1.440183341574894,-0.6484601083572212,-0.7339503578482578,1.4338402839870439,-0.6428666053710048,-0.7021094544519341,-0.5074832912937398,2.0722632573212127
696,1.2213194524704158,1.269246743118442,1.3031582209274877,1.211948628223787,1.2902922357916178,1.2882942384433969,1.7965382967474164,1.1010254424504433,1.1820862645482062,1.2092995485812617,1.0991496633509499,1.2066171772924068,1.1972266078827571,0.8366229954154907,-0.897855857839998
697,-1.2467540006640094,-1.2573589430957501,-1.612461794501674,-1.235633829756446,-1.2750432693954339,-1.5983911069390182,3.203376057678207,-0.830190884002348,-0.902464286918694,-1.086983953670373,-0.8220434358845685,-0.8764417924587655,-1.0749364327552475,2.338628158039534,0.5235957131699656
698,-1.2416408616456873,-1.23213600631212,-1.1587471604210469,-1.2281197471712422,-1.2300861771697598,-1.1626993188511838,3.0197067999201006,-1.2686129090359957,-1.4713231643645448,-1.2984769455783307,-1.2886618622981034,-1.5322151157403776,-1.290238945956764,2.0713337840088135,0.7281253527099192
699,0.9778005097637901,0.1278663252398857,0.1352168942768945,0.9681926273234142,0.1285668345657771,0.1413263642420081,1.6754249787871835,0.9056865004273232,-0.38086257525825035,-0.45023718521396544,0.9132844046768389,-0.37760587935825196,-0.4661399428908553,1.1485338583525415,2.366433281851385
700,0.3552530956637949,0.5212549416455798,0.49411562340744136,0.34295356223875123,0.4879479439924401,0.47758770725354766,2.2694368336200323,0.2478646343948717,0.4163723011166946,0.4037263366958728,0.25303986775329956,0.4400240116949138,0.4244758900622965,1.659481750595363,-0.8773934921285095
701,-0.0004432549319162392,-0.04230695588532317,-0.036389800489795635,0.0139075048510055,-0.043700878132866765,-0.0481691895580294,2.2057437553413224,0.5192673081179854,0.49790698393288574,0.43205076114872304,0.5413260934385046,0.48584222812130445,0.42109638322079146,1.0568931446748941,0.32283318703837205
702,0.4485155041468882,0.04739683491217953,0.04772392598967092,0.4447037252714047,0.05264743410348325,0.04741771635480205,2.2611819827110526,0.12590566840268358,-0.5982535717646805,-0.619580324068467,0.12276253031203142,-0.6034912559021111,-0.6116204049607337,1.5773501586175498,0.6554629547004123
703,0.6855835417792342,0.669756233703076,0.7696275708689332,0.6745910721515189,0.6616792501310239,0.7806403440807482,0.726884799252311,0.4665518134861006,0.4347978146241195,0.4649696152272024,0.46835080839811793,0.4004156595136013,0.43874651603579734,0.30633222499335094,0.328872205009123
704,-0.9710446670425986,-0.9126859875291368,-0.9576552657071028,-0.9738440122454682,-0.898612510228881,-0.94947584268141,2.9593075239604034,-0.6308486956597071,-0.4617186259542976,-0.49704525623973644,-0.6303346985367785,-0.46714248538971664,-0.5216968568242238,1.7374256169365165,-1.106127017346756
705,0.44507999812666676,-0.1099276667207575,-0.11660428206079013,0.43877047151909215,-0.11430385744693869,-0.12311564786005164,2.1937363399082273,1.1553590960719469,0.5171177613579685,0.5465139085292445,1.1594719836225282,0.5064889928710558,0.542767853607516,0.8908684817512205,1.4511541255979608
706,0.7583265675631777,0.8743500641006867,0.7490791859284215,0.7528790684200267,0.880868979725027,0.7536959508228377,1.2675429425345421,0.9805347213065014,1.1892696325236165,1.027630056255868,0.9732391052297684,1.1942957397621254,1.0351988676556971,0.14893717466044026,-0.20645882519726816
707,0.47253084776281395,-0.14210111834296302,-0.16036506630257727,0.468897958622444,-0.154801051991793,-0.14855007467534376,2.1508056054142073,-0.05976520701360488,-1.1354128528373508,-1.5234293264783034,-0.05723210799426955,-1.1457309192325646,-1.4880433855221828,1.7654534402631425,0.565864055653406
708,0.8622214646152975,0.0230881457188215,0.02296877092088244,0.8416372284962279,0.013241002786310607,0.021650145012033013,1.9517112386726678,0.8351781275944106,-0.8109681714675873,-0.7934180601391024,0.8189345749853211,-0.6992378976615408,-0.7293434481645005,1.0831473165174843,1.9641946484752433
709,-0.678727514436689,-0.2674299996469615,-0.2851684863227613,-0.6894241853687972,-0.2971215782495824,-0.2656062789960147,3.0507154973472392,-1.4813104046625305,-1.1532602689408307,-1.2692958443713824,-1.5025519136898773,-1.1392097450719916,-1.2452768493095847,3.072653686238549,-0.7919139171636239
710,-0.7464925338609205,-1.276648282035531,-1.3245440478218409,-0.7380474134275709,-1.2678620226408852,-1.3437829065379472,4.428141031151611,-0.8066976105599806,-1.5648207624899015,-1.5683340225748301,-0.8174589121211403,-1.5637086867033623,-1.5617638095516053,3.4520601004025138,2.7562466699801083
711,0.39149588713631844,0.10055354928797888,0.10945363040506406,0.4116510265907866,0.08953058386554043,0.11865842952231788,1.6806431511780344,0.4527570775517855,-0.30629163402788545,-0.32247640974234953,0.4100483652386787,-0.24818957414388593,-0.18389022992229348,0.6431023124049112,1.5116654668168195
712,0.9306423021375396,0.9767690026768693,0.9189231957211743,0.9130623260239916,0.9679178533914291,0.9295727807725054,2.117729329553505,0.7247241389939022,0.9396193248829919,0.9036544290573338,0.7454138421477416,0.9461156669994484,0.9083297589585978,0.9835441392793178,-1.963995210136302
713,0.7003236548700961,0.39040710803359474,0.40646814663150804,0.6900917527048953,0.3938587608185096,0.4048356595904988,1.506363872349581,0.7873069581229335,0.39834087324655615,0.3942234336902952,0.8379020513125095,0.34978897183341684,0.4155706170001831,1.0040554429434683,0.6374586911262153
714,-1.301004322948005,-1.3087617857682035,-1.1879140103927053,-1.2979115616518149,-1.2885106354852416,-1.189522791837508,3.3552319031972506,-1.7948084727148381,-1.8325922303958917,-1.6760863901852288,-1.7698529439865056,-1.8107985890970721,-1.679288753816507,2.736073509478021,-0.010203093401057873
715,-1.326080900911078,-1.5622278379297825,-1.6241055211975866,-1.3339011685750628,-1.5421892218874464,-1.633300846585697,3.559274808182566,-1.8106923869630778,-2.4996924575333277,-2.2498578619207317,-1.8128212062784164,-2.404030365929492,-2.238497395533415,3.20288578711278,0.8891595694021631
716,0.8767456416296828,0.8608247398046274,0.7729145200438533,0.8808584817769424,0.8772519391133603,0.772795887741505,1.7505774329384092,0.7428742721902873,0.7110412583217208,0.6499248834537816,0.7403427254436373,0.699721348727847,0.6546317397345892,0.889812380811719,0.03448870087939119
717,0.5421015654860863,0.5206522591526654,0.6915788340874753,0.5474047080018506,0.5290918442542195,0.6862468401654775,1.5881330541878782,0.37763035571446046,0.34837539783701627,0.46756087970414933,0.3566949686819261,0.3850640909713439,0.48432909217593384,0.9306181270852966,-0.09642642710966745
718,-0.18113523646100385,-0.5495906165378086,-0.4673029674611992,-0.1962077012002253,-0.5337857412775159,-0.4715381499714284,2.842879877585954,-0.775520154984584,-1.478123169312427,-1.3074696763790963,-0.7844556852977058,-1.4523099326529125,-1.3203650607044206,2.409865416296096,0.591012505612827
719,-0.5396940092719782,-0.7953407662918911,-0.8071613588848988,-0.5373879925444492,-0.8062006219556475,-0.8046914674737561,4.549113105895231,-0.4854753001143771,-0.899228782409285,-0.8628273205964747,-0.4711645089212827,-0.9131346671765119,-0.8609890961067014,3.223385667004865,1.2721981770501527
720,-1.8433346429215267,-2.214477047663769,-1.7168616172651825,-1.8484521106477045,-2.1990924993720173,-1.7231032116917866,4.755941575079567,-1.8596501910006586,-2.578057798040793,-1.9582813869971463,-1.8626217566382908,-2.558884532517015,-1.9538319855122135,4.080826307621827,-0.7662486495939865
721,-1.3633135829401979,-1.1331792160050718,-1.2288873443239494,-1.3901450070200918,-1.1471987434558306,-1.2241299837175466,3.8626038827828157,-2.05749351790287,-1.7231758305396387,-1.6743927219126382,-2.0238852243586667,-1.77569702010898,-1.7213674663006897,3.0932680727211697,-1.482408425102432
722,0.3878109375528722,0.23234430492903177,0.22875815714915362,0.3708783841135032,0.22515174636355828,0.2259680984348945,1.495863296725923,0.9065031688427937,0.7498873832829844,0.7616571646662801,0.9133350680303721,0.7330969350843527,0.7595678957233929,0.4686088073614301,0.5186350790498276
723,-0.6044001080978725,-0.6041792183582202,-0.6776759232992416,-0.6043733818460014,-0.604126455996978,-0.6712016582236063,2.31669300634059,-1.6962755980314452,-2.31326097567497,-2.470836632420962,-1.6157183883300752,-2.3086853622530645,-2.4298457987535773,2.9089927448326645,-0.21179953802868928
724,0.4065405664915796,0.2858339924299461,0.2546050952714968,0.4122373844284788,0.2823460935594056,0.26217689633566904,1.5936118100580294,0.9511711253386363,0.8111188671401199,0.741170200293171,0.9192933047945981,0.8210945310026047,0.7350617236529927,0.36034320307971335,0.8911031586273043
725,-0.36741062246037814,-1.1421712181200132,-1.4652500938097228,-0.38018447310283454,-1.1485517809796746,-1.451385595722496,2.0293365967141157,1.430100887083277,-0.0934886233970294,-0.0988235765169693,1.444056065924264,-0.0471934791810395,-0.13172801753541877,-0.11268423127229937,2.0655115985880492
726,0.611007755491762,0.6538560529993572,0.6152117217242173,0.6145415929986392,0.6434029387778989,0.6175560052866851,2.571085162804208,-0.021179817730093704,0.04155708152270642,0.03702103880046714,-0.013610906324849648,0.02441226678495947,0.011817369502247555,1.6682710166368233,-0.3495633720110694
727,0.6300118368954396,0.4584489698594924,0.5287894307407548,0.6362031455530472,0.4345019859988352,0.5327290266062972,2.1676816958403164,1.9576344041372655,1.7735722371969915,2.130128225710942,1.9511195770000893,1.7171653757529548,2.126895970347815,0.1477068912491925,1.4441447207358902
728,1.0344578943857423,1.0700507713073966,1.1516566351574307,1.0305326315430055,1.0864748163866673,1.1332360595772908,1.359411679505626,0.7377216358994885,0.7377906433716269,0.7039667405222969,0.7628762473253473,0.6976179100870136,0.7388573255235855,0.6835240153235583,0.27567351521033123
729,0.9917458786251073,0.48874191347387336,0.5311904921194784,0.976290174544415,0.47809440445584556,0.5371318347948588,1.9833851275872783,0.8475421577851169,0.17199907725743405,0.19482857306026907,0.8599437749657521,0.1558505294599668,0.18790449501719045,1.4812704698636243,0.6318135240355931
730,0.10382163753532658,0.1488644434404375,0.17036128313618448,0.08393827142821622,0.13163911238954779,0.08568540993733148,1.9847923198155197,-0.6303686853595439,-0.6398517292531049,-0.725742697237575,-0.5290291470939368,-0.6604181312662982,-0.6930596636918787,1.5703257502944215,-0.15321943676772387
731,2.602990493528336,-0.27758306913225816,-0.3146372921013391,2.600892516520999,-0.2901199485875333,-0.3092173113778127,1.2565063498028202,3.216379334105868,-0.6089054853717751,-0.722615561634235,3.2174761600571644,-0.6108920734759196,-0.7270494568090788,0.04737546404138399,4.00560749241953
732,-0.6342747937351261,-0.4125683100226238,-0.4678187654982703,-0.5645993071154596,-0.40160900521101756,-0.4747564933770849,2.2561771391800005,-0.7821033972280376,-0.3575879141303116,-0.4828693890641693,-0.7822572640146115,-0.36117339374019225,-0.48170759541080177,1.637360193834972,-0.980065074334971
733,1.3875943215384916,0.8172516753899312,0.864567204562926,1.3814605031589182,0.8099055240602248,0.8562389128191126,1.6326864362897513,1.9746185730734283,1.3877506190664062,1.4729795567917403,1.9933618727411988,1.385060082385009,1.4712782165777731,0.3845054492066426,1.6720375392708093
734,1.809574184476673,1.890224446495137,1.4039526017821478,1.7950488748361806,1.893927613639702,1.3989825785937184,0.33733037326982185,0.433593504184035,0.6051535656616336,0.6046986267597037,0.41843742182248894,0.6007541828869857,0.6091189389388523,0.873756980928654,-0.41840117769322843
735,0.215226142298267,-0.520418951926072,-0.535038582783979,0.2182434435663997,-0.5421699286974612,-0.545710256732509,1.6189287888892656,0.9488612013205451,-0.6016283750701721,-0.6334564825168384,0.9789160866268429,-0.6199449363924231,-0.6485120742057822,0.38577796423055943,1.7081191279668329
736,-0.12028534843984563,-1.2172269609216826,-1.0743000025934577,-0.12965876958836858,-1.2393381465090219,-1.0858698691343058,2.7974123077036315,0.5074922426883743,-1.1004891277229178,-1.0575350925929228,0.4715167705800184,-1.0916401797215394,-1.0665325374238572,1.875954581348932,1.2847231754434383
737,-0.5042188371783536,-0.42884087486254857,-0.43977387987652017,-0.49061613362578627,-0.42317451205933077,-0.4296263764314292,3.1523081491853535,-0.40234195249080706,-0.3276826243911901,-0.3313221880427625,-0.3926002469796059,-0.35413996499990863,-0.3247056516483782,2.2331177482890174,-1.5169270788576343
738,-0.9487958669592506,-1.0242960570035116,-0.9976039281845738,-0.9557900834931214,-1.0428371361995785,-1.0185727987556352,3.5621035793335714,-1.5643292395827517,-1.720885609404943,-1.5719262904409104,-1.5644519193916349,-1.724035881109102,-1.6075781720377216,3.1240893790209747,-0.17652871727993671
739,-1.625554497196463,-1.6598465965736031,-1.664548005856627,-1.6720973576717977,-1.6484571148221867,-1.6960221558651194,3.6732890451981386,-1.2943592867424325,-1.23104628450863,-1.2031937086082471,-1.2649526249070808,-1.2631539989919567,-1.2309349773922291,2.2451475422222664,-0.8977098166513948
740,0.4401986658469429,0.1831927908385117,0.2065006445409892,0.4608308005668153,0.18485280615729466,0.18858200588879104,2.2156662179423563,0.4037307702090712,-0.004590792539588005,-0.005243732721613617,0.4258620418672714,0.022077141022316494,0.05785029370074425,1.6077972059523236,1.5815750461310845
741,0.5225879315573456,-0.7927231605658649,-0.7553325620906309,0.5169650734556644,-0.7417293043024289,-0.7153230823847139,2.7711788578447076,0.579957616630203,-0.9961064836722209,-0.8708862113896421,0.5427708864335338,-1.0141788014455642,-0.9064891369369731,2.203737131489269,1.6010227563985808
742,-1.8848296760455725,-1.3869128996553926,-1.3043885264505939,-1.8828927447074413,-1.3925742339998868,-1.275756263012504,3.296957536076532,-1.0402198912804508,-0.23795594834378145,-0.2161549341776989,-1.0798172405930266,-0.2598934840899833,-0.24227073918986536,1.8878017660570536,-0.6418521949972301
743,0.6445976476710205,0.5957113896197763,1.0212050988585606,0.6269468786997023,0.5890746291004493,1.0310881959419995,2.193835155786067,0.5818829267940913,0.5514938212021834,0.8906179841621316,0.5945642553331262,0.5592557406706029,0.9009632804549821,1.098010921864137,0.1935587674198723
744,-0.8308729513425612,-0.9239370164679471,-0.8739797519687065,-0.8323554206759729,-0.8927828520564111,-0.8451838708153228,2.4561014444575964,-0.5476801558237304,-0.7416606609498203,-0.737245557863793,-0.5432685691363169,-0.7254724430251001,-0.733981444188694,1.6817621997280636,0.6627789778830496
745,0.3966920642592044,0.10171279764773487,0.11262448461558115,0.3781325896282094,0.10855180644141012,0.128062311071894,2.027486991466803,-0.10696392405962955,-0.7414440969614023,-0.7243313029020565,-0.11285683198988533,-0.7425397592329303,-0.7076736722548677,1.8696462740210367,0.5552757805586475
746,3.0656115158832518,2.010099205201763,1.8725353373184204,3.0588416865595627,2.007750696222131,1.871881910360007,-0.10661414815904205,3.276832006143609,2.020984500923714,1.8432702546398303,3.285820841000411,2.035845116027447,1.8653391099751315,-0.6191087712903912,3.202368698396713
747,1.2296192960574965,0.9935822338282699,1.3566156351747591,1.2261240341339856,0.9877172065467106,1.3498121608071612,1.0452812305576857,1.4372744684624816,1.2035637766633769,1.6384730411791248,1.4173194213735665,1.2011939799263127,1.6237329850430844,0.21861398785834812,0.6911260930070352
748,0.4900669813950597,0.5976450029131578,0.5486737008112705,0.4980961406418262,0.6218743436919962,0.5516990744823491,2.004866859601889,0.8572014194103514,1.0121547850967667,0.8913184926296666,0.8087185730351408,1.0496471943877355,0.8928047308838917,0.6006905772535306,-1.6379461440667016
749,-0.4812201503698437,-0.37730775818417905,-0.33839054013319975,-0.5206227746553292,-0.368509294509587,-0.3372178588654257,2.341397552128847,-0.4497272479461159,-0.2627818804048052,-0.24264106047892867,-0.44190294919986306,-0.28497108634638385,-0.2277377006247082,1.6782495269757862,-0.9440961760531664
750,-0.5571631929219499,-0.3943927826466402,-0.38029311743604505,-0.5804439422499851,-0.37183637542008924,-0.37853140524945644,3.081528397706746,-0.31136706384185464,-0.10303224256396444,-0.09816151426180443,-0.34685700827110916,-0.0538700037011724,-0.11247575090065184,1.8699746247281304,-1.2352275543523932
751,1.4444834476854889,1.4519990955725814,1.4490974868208262,1.443709079643499,1.4511624244688412,1.4467847157540126,1.2096858814167069,1.2577284393065407,1.2881904880334598,1.196862277478963,1.2853858388388568,1.2628074865818988,1.197925148921378,0.6734905782788867,-0.9617542589093636
752,0.35822188984084335,0.4900889170312541,0.4850129398285735,0.34362138507941525,0.48871345021921964,0.4745587235158234,1.8887966929839153,0.5618752277258527,0.836788146032293,0.8478620150849058,0.5584056502588944,0.7955372473175806,0.8484178519838872,0.9366508027329405,-0.8471323411958931
753,-0.33988458434914015,-0.36996139763634167,-0.4371595474954991,-0.34163794353282567,-0.36192397305444557,-0.4415954225831757,2.2266511300814646,-0.1335858670358672,-0.19777523400240218,-0.2603710517242418,-0.1462704113012174,-0.17989245931187664,-0.27505712266373394,1.429831207987621,0.5760012482385488
754,2.556769672514604,1.5134351910834594,1.358355833397337,2.5301933733050936,1.4763627429084674,1.340107997637763,0.5479748097970053,2.3689862117817295,1.1367577007472156,1.0420894440154198,2.3377929652157934,1.1568573035104288,1.0285888613029732,-0.1230491257673865,2.7147622576547144
755,2.4563669904654137,0.7656860641188089,0.8357262700424131,2.466800438602152,0.7757741890812084,0.8459533400380235,0.3704289326090093,2.6764104484007665,0.4071173691768466,0.42627037258920925,2.6632021915780513,0.4728462793767927,0.4421250004406081,0.00047258611200130286,2.6273338113589118
756,1.063154696939505,0.3303631005321737,0.44573725295614414,1.047236325927058,0.31968521001263295,0.44106671516907175,1.2960713599764677,0.8813340359423932,-0.7964299987695875,-0.8378301907961067,0.9456874615996973,-0.8116917759166832,-0.8600771907707367,0.9458725299331615,1.7389948419468297
757,0.2748882001450977,0.6919971496800997,0.6535319991426958,0.2625461151446532,0.7010946791071327,0.6501083570849772,2.2359102993114512,0.03395599275215191,0.37451820814783515,0.34627517645018885,0.040511631080691814,0.40674582146097993,0.30297016303626756,1.9816262512032254,0.2644100062053112
758,1.6234065357507748,1.7174217224626418,1.8316048508789033,1.610921193548329,1.7348779911375363,1.8278593445613398,0.5327305062511254,1.8607309753140504,2.0344192195897017,1.8640024413540743,1.8755008473414974,2.030252085850174,1.8574160057039208,-0.3139477200773579,-0.39887982231506075
759,-0.8134830081471867,-0.8971370885121364,-0.913778268104405,-0.7956745590621391,-0.890665763786838,-0.9208655561442947,2.8842873917797283,0.48817387323379546,0.41745951777814855,0.3914639920298168,0.4749672585198124,0.43062926471676116,0.3691990665669912,0.9286645890827754,0.6584177930683316
760,-0.9704239410345532,-0.9726939033479608,-1.0177667854043884,-0.9857000766542865,-0.953044903712377,-1.0177801115220784,3.1853186970676886,-0.9113805528011741,-0.8766746548664989,-0.9011335950633301,-0.9083655310123447,-0.8739271145493056,-0.896490292466558,2.32244569501195,-0.5728000537508507
761,0.5295702306326846,0.4629831726724228,0.6938692524924318,0.533817285687672,0.4467386658807163,0.6833158426486068,1.3310603226259277,0.7394259997191256,0.6822429462992935,0.8363524416668626,0.7084516590375132,0.6874065910049499,0.8693250861392662,0.5189898239012171,0.430119916272423
762,-0.2304025573880496,-0.32837215559647104,-0.3538178239753241,-0.19517163307845253,-0.33376369909015297,-0.37270018673746536,2.5143765027125786,-0.376614643825293,-0.5157279219957965,-0.5797608996738096,-0.353761744250467,-0.49733056057659547,-0.5050497174046084,1.7468193173730102,0.13885631861134612
763,1.6103780238914798,1.7445729747762513,1.638460553501888,1.6133315141573528,1.7579678707851147,1.6182779900423259,0.9174030138246014,1.1203149121254874,1.2241825236575943,1.181117763269888,1.1043615296384877,1.1913835294373978,1.1669035315940994,0.30448442295212025,-0.11425536098694179
764,1.7646115061133836,0.14853856640991522,0.14493740029954214,1.747752244984643,0.13861588096834354,0.16244502372140082,1.7910757114832234,1.5424839607748417,-1.5738444934815883,-1.38725747452048,1.5381168272175731,-1.5237789569889932,-1.4518118067754722,1.1106379461821958,2.4474608265065476
765,-0.12708401939209746,-0.13030572769050972,-0.1189014578760079,-0.12810136627095903,-0.13321499112539462,-0.11968380734402008,2.0047035050381528,-0.10583491902477346,-0.17790751719428066,-0.14660629755856938,-0.09750440088394467,-0.17244021489151795,-0.16393035835669967,1.4643527592310877,0.15337816732364795
766,-0.34946997419489256,-0.9197892974012539,-0.8487654097732252,-0.32925946537548095,-0.934912689214597,-0.8544126088669447,2.6496005399456064,-0.04911312564263488,-1.077686775580138,-1.0545722726138285,-0.07545261355497826,-1.081389126768887,-1.0507649603687261,1.4149864707600615,2.995972848679477
767,0.09861616606284222,0.2361140629261918,0.20175777519347302,0.08617094715626199,0.28373473619767664,0.2337369200202703,2.2147600131096814,-0.13378161198030195,0.040089024215459346,0.031863252231786564,-0.08736820479940426,0.023011287585192615,0.03212898759737764,1.8936525483016873,-0.7261567863983373
768,-1.4643556493631158,-1.6658697282654373,-1.4215422764167231,-1.462724613776941,-1.6601087764059486,-1.396288929808478,3.681993589420697,-0.9242836668571831,-1.3362921631519418,-1.3430962633859236,-0.8771718356793575,-1.3934659699059724,-1.2991373919696636,2.2931384058819066,0.5717680745299781
769,0.45473203350143376,-0.17319349082693758,-0.17748217080143708,0.45080114163769697,-0.1549372597122772,-0.1798958924923676,1.995559348446594,0.2988039745099914,-0.8947469164899643,-0.9020214984340575,0.29758292303086703,-0.9150696947254058,-0.9147339769102972,1.329464290200364,2.09241081165547
770,0.8312065238925198,0.9628257153498263,0.8534297463349488,0.8300707030255313,0.9759291748569872,0.8542157268681847,1.1845788461119304,0.7640081574107769,0.9832224892943935,0.8519420543390732,0.7304382230995916,0.993648925581482,0.835489499298423,0.50595133392664,-0.7007358817938321
771,-0.46555684210229387,-0.6453567281090317,-0.6539268149380809,-0.4565299479698679,-0.6411532844572638,-0.6501086292048696,2.9694140181707795,-0.31703724503822,-0.40804413940323486,-0.39404869019763483,-0.33715872897332994,-0.41509657755429813,-0.39247358470049487,1.9966923767533273,-0.8262993295646418
772,-0.8734393349481058,-0.7781131014457738,-0.7633951592278835,-0.9037001874804826,-0.7871860254247524,-0.7531038675264972,3.3659890098325596,-0.7642306032980115,-0.6355812228361013,-0.7466966308737989,-0.763608100179194,-0.6451540268740069,-0.7134916669359455,2.19796238604114,-0.5779452928333232
773,-0.5563358018244028,-0.3752312673880545,-0.3284858986660268,-0.5483407586676897,-0.34924933439308836,-0.342276980376803,3.0007537235254986,-1.5975256654411456,-1.4303591551281472,-1.0291981626102535,-1.597643777451325,-1.4497337716214198,-0.9974280006210627,3.064983117228161,-1.6713360489734335
774,1.4638710973824975,1.3538836483079695,1.440684866555686,1.4619764536693947,1.3332378606951325,1.4469857262476442,1.6897842243085186,0.8029693482604401,0.491212832453806,0.5297491501889763,0.8431209985595984,0.4687237458022537,0.5364572827940634,1.196843763994571,1.225857907108797
775,1.3593376843993419,-1.657562418966898,-1.7311237288337298,1.3569303114725184,-1.6702139292207687,-1.7004569694575513,1.484708027242891,2.1223410076371207,-1.9868340066610153,-1.7900614220483384,2.1445564846142333,-1.9913326324899208,-1.7719558568912122,0.29087074172006805,3.1568117995792364
776,0.5953802522669688,0.03776047352085678,0.04733741371497113,0.5976447478010213,0.03303822918091382,0.070848484463472,1.5846901195508494,0.3281807901770336,-0.5976974725730871,-0.652440016531631,0.3180404155791182,-0.5573900904165432,-0.6958191903639004,1.2171752437109988,0.8212723137605527
777,0.9749422199843254,-1.0327052642646672,-1.1133197804300872,0.9950483442336424,-1.0016908541069616,-1.0448291997592871,1.729146703942124,1.6023654956596436,-0.5840274943608444,-0.6667432095469671,1.6148454444348495,-0.5793813291350357,-0.6593366400360398,0.5230070883778299,2.7505114360932676
778,1.841362110017236,1.692948011232628,1.2161014547394142,1.8291081547275776,1.6857230718584673,1.221854752401431,1.2253799705153245,1.6721147534201997,1.5021267847410995,1.0350550397513019,1.6701717098757352,1.5061013810843897,1.0339172029516714,0.7529657338506978,0.3442006573557787
779,-0.042398564408717976,0.0219140660605698,0.027519871851624123,-0.05549595076409985,0.006410679083211085,0.02030787670765484,2.4256348038215503,-0.19056909587248144,-0.1707663509394344,-0.22276605091705867,-0.19010754130333427,-0.16103491130324382,-0.21712120873160098,1.6496749703486713,-0.30645604683982836
780,1.7790569404813166,1.725940223744168,1.7691231034492538,1.7735622371380817,1.7239940566373633,1.7764460316479807,0.7833534244155727,1.44101368550059,1.3643846497338197,1.3798893063252724,1.4431720083384354,1.3710465909438638,1.36173310125252,0.29620921998943894,0.21792357662521514
781,2.705292734768056,0.3127211639250711,0.3619399613597717,2.7089197423262754,0.30368708974531705,0.370233214269437,0.6830283362544721,3.2393448013412587,0.4297775918985567,0.42749847533863844,3.228536492272742,0.428573174210243,0.4322458294099,-0.40051931201846486,4.460317785670971
782,-0.8877302561397993,-1.1390774866539128,-1.020712292569752,-0.8956682785015978,-1.0720036885785058,-1.0437217706688284,2.8593569499752647,-0.9122091523563132,-1.30679856942591,-1.3835177270307628,-0.9507237298735178,-1.4036033282063887,-1.2442927749763213,1.8926852703979147,0.21238662907101435
783,-1.1048612540833511,-0.9225263455104553,-1.1304352576377716,-1.0969790138703994,-0.9070827262397669,-1.140364418385001,3.225455938400833,-0.9005603807021009,-0.7236651110456878,-0.8430487785855749,-0.9059820279193634,-0.6984536967413053,-0.849297271647783,1.8573345516312296,-1.1008898933056066
784,-0.79821632372722,-1.7823090605446652,-1.8397158002169245,-0.7942601715437394,-1.7689627519218118,-1.8462661086746504,3.4697617229188134,0.22443237882178022,-0.9420630896840465,-0.9218840654127981,0.22835168741698042,-0.9261763898228469,-0.8908652138827606,1.807408702789455,0.9489273730387837
785,0.18302419632790998,0.10854020343964918,0.1117013841175266,0.202116517082679,0.11054733907325769,0.14103014820076984,2.031560510730384,0.4301361457137563,0.3143130144849081,0.3243648242043963,0.4385426912349296,0.3325507814338828,0.32684736048067903,1.242222003000802,0.8331571012556412
786,-0.12649927544131054,-0.6546492136849537,-0.714307927414458,-0.143613130228996,-0.657674081124518,-0.7200019485183689,2.1823905500715677,0.5411257699752046,-0.6394293719074714,-0.7399682026664239,0.5662739715691048,-0.6594129517032399,-0.7446558926866527,1.0046841984023522,1.2741691731438622
787,-0.39601904425935885,-1.2701260089968154,-1.049742624170763,-0.39702859990200884,-1.2093152088390593,-1.0778572214073254,2.3867260282469673,-0.10923367573121609,-1.2168774390046466,-1.0162265173833933,-0.12281423197132786,-1.1850093295875705,-1.0229633560204467,1.5852952427166602,1.8358233485166664
788,-0.15267387716593428,-0.0228680987203962,-0.03460282975200591,-0.13699705177759286,-0.024069123308083504,-0.05579504188159266,2.015202279270077,0.18083400645520176,0.34084995676408514,0.4653247152148294,0.19112160959354255,0.35978940598554143,0.4544368493746514,1.072012602404426,-0.7048498106591953
789,1.0986522813756416,1.185003365679896,1.1773491244741963,1.0672750778717006,1.119435349324938,1.1838906384370618,0.8926929922992171,0.8881579021704332,1.2230311994107346,1.0802611839725076,0.9676861387695066,1.2795587749373953,1.1128976750695811,0.126060320466298,-1.1749071213302409
790,-1.9004965188197425,-2.2673338997127455,-2.2391854072901314,-1.8805311848410622,-2.266416868418212,-2.2356307794838,3.6711325975806197,-1.3244653781331965,-1.5238598423150371,-1.6425877251227183,-1.3147799013415686,-1.49247869798606,-1.6485334989109148,2.435325720496086,0.36196221169020165
791,1.0924497149986325,1.1148565122187932,1.3080900019660184,1.0889744344957926,1.1025503895056588,1.294649422434038,1.3490822527337758,1.2340157348793193,1.2599191397979315,1.374273539407341,1.2189917007404,1.2429874286738056,1.337206459091741,0.34104624800419775,-0.44087187294839547
792,-1.4255905504909456,-1.3662622976370662,-1.1305029006758323,-1.428738833522156,-1.3671438463950811,-1.1245276617647546,3.3640972322852596,-1.4437055401742516,-1.3676051314639859,-1.1443792363186711,-1.4373084362789776,-1.3513521122396472,-1.1474109626978208,2.7089850921775733,-0.7655711587884322
793,1.8501695269759,1.7901459832528264,1.9971512469214632,1.8559049006877517,1.7884658491063499,1.9932253665930264,1.3853792281307131,0.8482523772652358,0.7227954650975067,0.8194832788573252,0.8729553918183531,0.7477290201808616,0.8005280337939608,1.472979526837007,0.2922653551089459
794,2.5659297484856944,2.7320882838113945,2.746375942143935,2.5706370031232106,2.7272268706503517,2.756034337791803,0.20553295840676186,1.8399872342121053,2.0989472561055713,1.9684409483930558,1.8213224005150193,2.100656811838761,1.9933056783063698,0.20396460331956814,-0.9981669245444725
795,0.5467198981368903,0.6347438258495497,0.8071365275814444,0.5742153382677704,0.6486116034618618,0.8084580848440639,0.624119587519615,0.49196358224911585,0.6415042961324646,0.7363800240378925,0.4744095731591169,0.6508973942350288,0.689109850860054,0.35945280105559724,-0.2598645651427014
796,0.3133809249123549,0.0906952952904722,0.0900006496009098,0.32246972013842473,0.08304673571955584,0.13103940330087074,2.3021789913048867,0.4255290641405326,0.08380105748980786,0.08580575015023104,0.44402845883886866,0.07527914498070551,0.07480336469600002,1.35981534197443,1.1050475877675714
797,0.2669417933154951,0.25536570297670846,0.2681378087263746,0.2672813926432415,0.2638950538794031,0.2757464790258327,2.660908437066217,0.2596217494932287,0.19753787749256202,0.20098610177704446,0.2897210845624557,0.23066050547877034,0.18235958132162278,1.5546496367808302,0.4745782914689027
798,-0.7614325450183231,-0.643669167674922,-0.56502914271316,-0.7620795629263113,-0.6595528636336737,-0.5651285221635175,3.099137852816447,-1.0578074220680613,-1.0815251061993088,-0.8605283723992113,-1.050313175932485,-1.0745145550315471,-0.8830385286166363,2.0432682212941966,-0.1022304112329634
799,-0.7926274560506074,-2.1038303195405956,-1.7531394049152207,-0.7599741147235987,-2.094633334667614,-1.7512665396331115,2.6901946988811964,0.4978496973131789,-1.6112550000037227,-1.4849726050773713,0.46521202770127174,-1.564758944692337,-1.4941093094212012,1.1548479641813365,2.316077051648949
800,0.8073848815646285,0.862450875364114,0.9304451121304218,0.8331319757884356,0.87031779819951,0.9078137100731897,1.270045503520736,0.635035598027701,0.7931948144053975,0.8207581564221613,0.6184357329307995,0.7907710053997311,0.7761094722061611,0.5128529528757998,-1.119874839298634
801,2.2314111918429727,1.4382978515944853,1.5198726056468244,2.2117872204132603,1.4439145801923636,1.5169713070382271,0.39646295424947475,1.4123037227210682,0.04079275020261929,0.03894759838736301,1.395930888369869,0.07493255953776218,0.02744103369942121,-0.0036769428427694327,3.0152268075236095
802,-1.6561889068280893,-1.7273630173397652,-1.6451149109894743,-1.6673697879675975,-1.7603388606382244,-1.6627546424005626,3.6575205919272418,-0.312417735895187,-0.30019171902237096,-0.33610269582806757,-0.34345526287131234,-0.3498421939659652,-0.3709570429303123,1.5850171415664314,-0.4196578618491185
803,-0.02677848080259059,-0.6316650828527705,-0.7631511748589428,-0.02462186365010067,-0.6467900911011645,-0.769527459096036,2.256590997429359,0.8295658683327818,0.01584560129356554,0.01706037531023456,0.81153744630103,0.02224779367249206,0.001611263540362954,0.5052671676610105,2.3025507197404753
804,1.6105040796209475,1.3040872684321019,1.276027570045953,1.6136897523070517,1.3146382579624583,1.2789283937878462,1.227194755062516,1.7768758326141953,1.3961092424951314,1.418922059877139,1.7756302601826592,1.3936787100605863,1.4190601737860806,0.21247318790628272,2.760089293367528
805,1.1816021299908255,0.33690200829049954,0.33851091595520705,1.1824348592117737,0.357932288501971,0.34457040492661256,1.576425603513746,1.5078886448126476,0.3789049688502857,0.4025792904766557,1.5150806055282662,0.39547469924637324,0.37472591130563315,0.5301000261128994,1.9477764217918097
806,0.21417808385543785,0.31117799391435663,0.3551225610330566,0.24725078011558924,0.30051016123640795,0.348739328136658,2.2011282935272045,-0.8664278460313335,-0.7311853096530504,-0.8330977416357285,-0.8804850865882736,-0.7656518553020004,-0.8201487908225353,1.7681135375750061,-0.8810051420132803
807,0.9490658349190266,1.0093314414003938,1.197542645404035,0.9766870253197825,1.0127223927287954,1.2241930492197062,0.9710983012266029,1.139909876527199,1.2510332601768408,1.3062329968780821,1.148992756859746,1.2792731200654883,1.301969480304798,0.004501599525953402,-0.6922295486291877
808,0.8322852025328822,-0.5236421702787714,-0.4708785294495521,0.8301376460117766,-0.5209929054552209,-0.4610783711833808,2.609712416250685,1.5445476776215163,-0.21554280442850743,-0.19515441197040714,1.5498932984537808,-0.2094087134136319,-0.18845213403840386,1.1274812419355136,3.0960704640992716
809,0.4751840160892642,0.4626435284555063,0.5315007467477251,0.457256540120267,0.4765358398612125,0.4832131472920394,2.140095843395352,1.3580458813162568,1.4263207901293127,1.6794700777899194,1.3482779545564203,1.4211262020275501,1.6338581666579224,0.537976751723031,-0.8740636268368561
810,0.3513219599558356,0.4561693398999352,0.5750470041377252,0.3321185246935103,0.4715915669585168,0.5666938885220019,1.2124655398490325,0.23932513155459492,0.4118124175406551,0.5007304038812928,0.24332934511770468,0.4416090559877918,0.50240338374941,0.6751141916872014,-0.21987371501095546
811,0.6572321436319549,0.17136607917342667,0.15043648721035563,0.6658943220156626,0.17179055838578838,0.1607727055217507,1.435106192990706,0.25146398279502735,-1.2966920623651927,-1.2210100734281875,0.22925232631009923,-1.2941386283706415,-1.2310900489204823,1.2801983377070527,2.18018751032538
812,-1.0822494933441866,-1.1800136112213993,-1.1341029332543355,-1.0845630286183616,-1.1834561998823059,-1.136575367652983,2.5805589695063276,-0.9298279055189084,-1.2513241310601788,-1.0708191101978068,-0.9106767861869998,-1.2452217139192303,-1.0643709510725807,2.1162465104014583,1.116990204858905
813,0.3906759224280368,0.3885056231085434,0.43000937986341026,0.36841383216596985,0.4083410010941548,0.47092148160688396,1.4383606001451623,0.639316947885787,0.6979368966012842,0.8550030779933134,0.6382277360878841,0.7037006551095737,0.8507783743959118,0.4167112534758589,-0.03460845950850033
814,-0.12886838755809066,-0.10477448810213133,-0.12102014228279867,-0.15627203165972262,-0.10596943065201812,-0.11494624946298763,2.5482587879028378,0.0968646745069249,0.1375794698835866,0.16131911247902084,0.11736785271117098,0.15041083485273388,0.11247188977288895,1.5023529124020232,-0.461611367483631
815,-0.8178165832795359,-1.4306354650718272,-1.4442792527691,-0.8164190227924242,-1.4182927039181832,-1.4485479937534527,3.1632930510080834,0.11137206826079905,-0.9184718623908286,-1.007010209409038,0.14515721020405506,-0.9963011693001538,-0.9681740946690721,1.2609320577587981,1.361697412972018
816,-1.1117341707179487,-2.412416683577305,-2.0416007260829727,-1.120807296432978,-2.4127402579529966,-2.017955960289141,3.6295366437237964,-0.4191529785111212,-2.255336793313256,-1.8004968041243101,-0.4526943557830805,-2.233889626867761,-1.775420729993251,2.237363487747316,0.5986000361951636
817,0.732583830991186,-0.7887582221438706,-0.7907314898352231,0.7333686848649225,-0.788716525316815,-0.8031286106600543,2.3799154069544075,1.3619952142500795,-0.3810635879739213,-0.36373011889903173,1.3551941144789699,-0.3669488291195176,-0.3636175004540046,1.0146568509106586,2.221052172993402
818,-0.24271313576386955,-0.23271862089291148,-0.23998123726800444,-0.2399536729557108,-0.23262155724459754,-0.22396270935892476,2.2719099738762885,-0.08456272036760482,-0.02118470603139818,-0.022118456131416497,-0.04933503011756088,-0.013945933453343714,-0.02693081974209175,1.0140711242582598,-0.7351507643036524
819,-0.7739892782074541,-1.1682886403467145,-1.0723619142209002,-0.7975907449959798,-1.1818853969939542,-1.0855107434734617,2.414980656673617,-0.6840768679304539,-1.8069053699410564,-1.5967803275111305,-0.7019836631097103,-1.7740891937103436,-1.5718379670367424,1.6998067128892729,0.8881998569432293
820,-0.01868978286939616,0.2131598548532681,0.21795503206476496,-0.009777756458603182,0.26224873928170656,0.2031871364202619,1.877339531994796,-0.9565058614663848,-0.7025301030029492,-0.6644275036241317,-0.9230225780652719,-0.7306237416115006,-0.6685409657951473,1.9807700557316745,-1.2219403183584427
821,1.2787739440946104,0.9821092057383771,1.08843836190526,1.2730595640569131,0.9806251000763989,1.084269235152856,1.4529413533163058,1.3390890716232762,0.9774753107373411,1.1223363324049556,1.333479668266001,0.967384267739308,1.121383030263285,0.779714168743419,1.0228015489167759
822,-0.06842069202087281,-0.22912205774675343,-0.2722358389240921,-0.052447854662308314,-0.2281360231651466,-0.2905011814698495,2.293914976191327,-0.4580810933881539,-0.8095524200153731,-0.9814590050500533,-0.46972251688924843,-0.804900585772937,-0.9671450122521036,1.818786648670235,0.7651666187934686
823,0.17341053904467368,-0.44997350253344337,-0.46950942339304746,0.1406313205782669,-0.46602250345316093,-0.4566917827118229,1.9346126932609409,0.18723355429499788,-0.860546537070178,-0.8986677437971244,0.17684272052444602,-0.8792408838176479,-0.9201287358385618,1.0558832047488471,1.9193545848744067
824,1.9737425071675492,-1.6650260830924601,-1.4944138536993636,1.9754548586779273,-1.6661110962204455,-1.5076254938662164,1.2200654335244947,3.1729527171030667,-0.9236703088369459,-0.8742015445808324,3.1644850769376216,-0.9289036223441725,-0.8544938015720657,-0.5134164384082728,4.677075918063673
825,2.1314825591991773,0.7767376994146654,0.7500489442761799,2.119638516247445,0.7712443508111831,0.7481764678388098,1.582707164177978,1.5793258266774546,-0.40883418543342315,-0.3856189737179519,1.5845261886701927,-0.4262732825663401,-0.4094311703833636,1.1778168186717788,2.2272642770111326
826,-1.4377094807766526,-1.4054680778460713,-1.33638299180184,-1.4450395627646775,-1.3836208196226447,-1.3461739260770094,3.7060520398589185,-1.9880955011244532,-1.9797260496924314,-1.8956862559635015,-1.9535587915462853,-2.037719523125672,-1.903649288287471,3.0866587134645966,-0.2353421613759619
827,0.8709542596885267,-0.0745930969050039,-0.07308387953444682,0.870621065922339,-0.07978710169989273,-0.062041284280725764,1.8542994571348939,1.215229536382996,-0.08386502303179624,-0.0819719858603203,1.2291199844935594,-0.08027920931092089,-0.115423382552155,0.5691192468493117,2.1331043879515583
828,0.6218264322789223,-0.16928196754109462,-0.1868187527455995,0.6178163673813964,-0.1508004165901877,-0.1811400041863062,1.6637527790889646,0.3757841157172728,-0.946308463981269,-1.0947293539018894,0.35878757011181617,-0.9877475178754502,-1.1350232423974218,1.1461299245619339,1.5730379603080158
829,0.7878995329402873,0.003126559236782821,0.00303760308220159,0.8128324903989379,0.0037261188289457506,-0.005232397857089729,1.5259949690165535,1.4580708743936035,0.5054640932634286,0.5511968804219457,1.4337746602842194,0.5157668831557547,0.5367147619177919,0.2571110519388708,2.215931484491713
830,1.0148750086569789,0.6543815748036409,0.6663381775417159,0.9842373073988369,0.6633051588252084,0.6814874000392,1.1582104913300926,0.5511915134405521,-0.14371656541233557,-0.1404213537527192,0.5815912494110662,-0.1519012364081504,-0.14146081410995065,0.7502981062230848,1.7790997602036005
831,0.7962626937855113,0.6400954981089387,0.7299567340574331,0.7864302042360678,0.6374077720615141,0.7288428722552815,1.8782622054512665,0.7847122666234452,0.6279495085428497,0.744776144944398,0.7692473153772192,0.6446239630162761,0.7390640026919938,1.2743308585369064,-0.17158856070848535
832,-1.2090249359834615,-1.1747319122123547,-1.333378030993455,-1.2135101988961996,-1.1827736898172,-1.3416139689058597,2.8175568468677694,-1.1790248487188795,-0.9931760106190198,-1.0685964759023672,-1.094746515064229,-1.03344062142174,-1.1399572991014173,1.7563302146306643,-0.6511486406251472
833,1.509903606161112,1.0716353102376348,1.2986355828039033,1.520589827706673,1.0858122634201517,1.2904024466473034,1.28518632135892,1.0351868175018206,0.3991923651675122,0.4556700438277476,1.038928835568316,0.38305264954260343,0.4628670551752578,0.8644984010768706,1.5323606143239257
834,-1.1120787452007384,-1.2716483075603398,-1.1533621143757404,-1.1175014607899811,-1.2794612432289751,-1.1533907007147814,3.040789419718393,-0.3587044139915799,-0.5997369870025211,-0.603018033359132,-0.35736117095462,-0.6026446698453235,-0.6052220733422583,1.639990395166343,0.5398821640881838
835,0.6231199899998364,0.18236697409274405,0.19178154928686122,0.6320426603106951,0.1814836121105857,0.1930836161255383,1.4752913707905309,0.9088189165321898,0.43355961550981414,0.4653422296873375,0.8827736271135216,0.44177170992863024,0.4611819231055798,0.6474513775937845,0.988641296917127
836,-0.8811312429083333,-0.9373526044543499,-0.9062643460810879,-0.9176785003781074,-0.9620128625731765,-0.9041926365556427,3.0372195561005517,-0.8423796034605894,-0.872674212166018,-0.8243621540587398,-0.8644276868679696,-0.8934398852062525,-0.7685410078351694,1.9556081298459629,-0.4446014503748265
837,1.071225588862468,0.8715738152009255,0.84632047142447,1.0794933680208003,0.8863330565675515,0.8422312501446033,1.9780547976461944,0.8122130752861342,0.4642729386770219,0.4614845777688008,0.7694448131327787,0.44374979000748954,0.4264831416425342,1.1139705420852761,1.1165755255516245
838,0.35231252768847077,-0.38578537034037513,-0.43105220016945756,0.360115086813733,-0.3998249830796229,-0.45540986763594987,3.437316216617803,-0.1706310047933479,-1.5986065132991922,-1.6297921241889108,-0.1757647325935109,-1.5919277326694259,-1.6279496012663135,2.704944778265979,1.9538942412088278
839,-0.0884822863098155,-0.42205783746532133,-0.586282040095945,-0.09121785629067149,-0.4130728046132168,-0.5416370821871739,2.1936760924549836,-0.6307875234315012,-1.2436361248722165,-1.2321652228390678,-0.6389882786200564,-1.3227713462052384,-1.2214638449317583,2.081969265124655,0.6695228309515888
840,1.9836625701944313,0.6943074227115146,0.7438268622690785,1.9838574405693719,0.6797245499552192,0.7685742074912977,1.1879108550544248,2.986914899906184,1.6623265184817042,1.722321748004201,3.000666451062187,1.6501649819699213,1.7285283286952793,-0.6167832004713295,2.9102926972629803
841,1.4141242939579877,0.6549509156728882,0.6951038708477354,1.401251121505065,0.6469615968709789,0.6892367633221791,0.8335343104836737,1.7713350310073548,0.6729767780765975,0.7071421544707956,1.77395503087022,0.6730007056398438,0.7227203630237929,-0.17278980530837756,2.2473503043583194
842,1.879383587752654,1.8645695465784589,1.9294227776357828,1.8724122263119378,1.851336655125454,1.9290097347918622,0.5920613348477558,2.1025324632899838,2.0951978927920605,1.881709735478212,2.0990242719676213,2.1083111668090937,1.8907682463857012,-0.7662643564183849,0.029575529139519895
843,0.5096289700005341,0.42386516184270007,0.49252116183006145,0.5153329770860883,0.4262039429033256,0.48522930681072346,1.3423565407883997,-0.08440523022049905,-0.22833495763611367,-0.23134981060308746,-0.09658281549856494,-0.2546222505813557,-0.14846754139111465,1.5583210165772479,0.3853632447042336
844,2.1236719366729653,2.2119981077796362,1.6879418559633494,2.1264066241888417,2.1966257701753586,1.6912255765263362,1.9363398414154032,1.5653470275782038,1.6860051346407192,1.330831241829607,1.5733981433084836,1.680355830202569,1.3310702709838014,1.1706748016115511,-0.8145852816623163
845,0.5129137600499527,-1.4995639932681908,-1.427698394031138,0.50281130430384,-1.4912344128181358,-1.43110913934201,2.0482504134608486,1.5024626832083063,-2.158013914890968,-1.8137606310550232,1.5507394840891597,-2.117142967433088,-1.7590132532421112,0.28343899013030305,3.3078595608019135
846,0.8521880031604772,0.6665201979622416,0.6684061545496927,0.8758279949362118,0.6645704824038399,0.676911189649226,1.5029707182893273,-0.6457968801934303,-1.0681763947670833,-0.9336122055146764,-0.6651941666953962,-1.1228824990701056,-0.9282162276891431,1.9027580630261718,0.9626200101570523
847,0.2478139088262029,0.18484151451879355,0.18269419224578468,0.23773990738823628,0.19114518204610562,0.19895391598546777,2.0300960129755077,-0.39937546906948174,-0.5452725641534732,-0.5001734882112019,-0.37930609226938544,-0.5372903411130159,-0.5226029188433249,1.5830055521479078,0.4296643609981946
848,1.0187345576480136,0.994052304733484,0.9056760747110354,1.0175312922598343,0.9956684075576142,0.9070254254715816,2.4277498692416852,0.6158662264740894,0.6841263063903604,0.5759868494025467,0.6033109531770694,0.6916734421342833,0.5698117763321033,1.4638813475561325,-0.4941940717554039
849,2.5121732049770547,0.6838593622217816,0.6587648940581494,2.5255598119570815,0.676305791805368,0.6550129781268887,1.1822176092321495,2.392382634668035,0.17910693343360543,0.16923332962916524,2.3953739638577933,0.17652325267958294,0.1886508642218964,0.5562947288883614,3.479066141171407
850,0.7185975223752168,-0.7075342995923619,-0.5732313675223412,0.7236552755920933,-0.6970242826906532,-0.5555454712885253,1.6236396966671192,1.1153097451415765,-1.395087611037587,-1.0637067918532412,1.108521001978587,-1.3866593711239115,-1.0357754860748043,0.4905181835082709,2.38895652654875
851,0.7643611464637922,0.9738034613653116,0.9329235971539078,0.7810919615671814,0.9491790979357935,0.9319669725288754,1.0156703378477114,-0.6345151795170101,-0.2086284311274352,-0.29645827844061234,-0.7153910498236926,-0.09585514634480465,-0.2504655653538483,1.387086384696289,-1.0716907240876061
852,-0.27936014512807916,-0.23745557409221024,-0.2633681202547522,-0.2620082484120299,-0.2328770799326116,-0.2632840961689776,2.0298740499034493,0.35721374850510146,0.3720958658548881,0.4227390960538753,0.3625518856293632,0.3428101655394005,0.41104148106738075,0.6681484155154147,-0.05854148283906938
853,0.439114572442111,0.247740739735999,0.27769078220618604,0.4170806289100488,0.21190859731628753,0.28847605000058124,1.8446715561723146,0.406967225854735,0.12205947787857405,0.13220657101990915,0.3812575261696457,0.17082886145892112,0.08013474253731143,1.3648561685351035,0.3335653529118516
854,0.15897590955800506,-0.6380607363838207,-0.6164762925602295,0.1415781392269761,-0.6547231998868525,-0.6066273911096464,1.5457839133622144,1.033352698885624,0.10831817468265129,0.1041752703391753,0.9927860425308773,0.11549367493906107,0.11495746481566735,0.186132848923103,1.597506286360898
855,-1.1943278598619913,-1.243761591085626,-1.2309790372423142,-1.175211613659113,-1.2440292277895484,-1.2279983558559302,3.1035036937726224,-1.048327108336379,-1.206202762615985,-1.3150327594222755,-1.0608160363494936,-1.2044913332519886,-1.3192444378556172,2.294314553310941,0.17167934926582978
856,1.1587821663296778,0.9282355660218242,0.8715659946637752,1.1763008851718613,0.9415942737487665,0.8871631392078316,1.4514505064574963,1.0362675161293189,0.7327703782488212,0.6310370890956372,1.0737134257020768,0.7235588109646669,0.6377002308928469,0.8149115362081999,0.7281364732070403
857,1.9859817441764251,1.5413154442381953,1.576887030179189,1.958513830057304,1.5431348494148243,1.5814414963705414,0.6781984838856724,2.323910341387326,1.7780163009469925,1.9444040225916148,2.3105054638859333,1.7906064391840795,1.943278685797243,-0.6711201960011784,1.83701989388101
858,-1.2513468444881095,-1.1957699439701792,-1.1602511010264773,-1.2710376803467476,-1.1629548369073237,-1.2073834690843188,3.0808143221019733,-0.8280813618988971,-0.9079933559027173,-0.9051307465181987,-0.857152730322523,-0.8596831751129804,-0.9140654677950943,2.244357548555899,0.1271493161245617
859,-0.4893110328837991,-0.666850939601375,-0.5737803608239729,-0.5008740725477676,-0.6800028118420685,-0.6027620980793958,2.296294302198492,0.20125069849451682,0.051414250889620726,0.04568321320329109,0.19463320898518446,0.0822201488543748,0.011084877963630503,0.8700834822446705,0.21200636741993814
860,1.3355542527192288,1.410866945914599,1.4671105277704126,1.3598387144850497,1.4111979812435964,1.4525628028494624,2.174796956690558,0.9191122180750592,1.050997756451447,1.0771462445181454,0.9115080515882555,1.0650561912177616,1.0587819571352126,1.4736817141425016,-1.6060222333006449
861,3.3186925891573265,2.769236687362012,2.9828430209139243,3.3187087808166678,2.7816511363541903,2.9756448899845998,-0.131193254833257,2.806671876117762,1.7932713841574135,2.0496952228916117,2.850255193471497,1.8014623257297402,2.0301369390470065,-0.9007182324110731,2.6355561595570225
862,0.30737929214374826,0.3390438446793787,0.3685230991628257,0.30665596930656913,0.3593969560449067,0.38498280478532654,1.44360204321808,-0.34959929033092907,-0.2829572638902203,-0.30293219545934685,-0.3855596200687023,-0.26779633727145485,-0.28836010690664304,1.4763092593792304,-0.7991120408378166
863,1.2182829213213382,1.251554266281459,1.257436840374408,1.2145308445092236,1.2710458035939682,1.2572998052538291,2.2113047818723985,0.3634190786866375,0.43834276012323836,0.44481178231649493,0.37203909439125804,0.3925492869115802,0.45504714770567445,1.2076406437851923,-0.6172070403635229
864,0.08404309169220987,0.06275084886833052,0.06575172915062165,0.10928657895595718,0.05555719988026155,0.06271755842983942,1.9871625373535076,0.4315241763003796,0.4350214988034724,0.43685057357861856,0.3954026638419456,0.46006734588296483,0.4726384122347318,1.3043879381235368,-0.06832918176529233
865,-1.2025528819035698,-1.389265395439235,-1.2922389316732295,-1.1805617133318578,-1.3675494838539937,-1.3065745550584995,2.6312198325003324,-1.20345115076279,-1.4938301063268604,-1.632683071226151,-1.2299684970133364,-1.3898005967590403,-1.5980063162474338,2.128308950327006,0.4594222345800703
866,2.182258713668862,2.0409887417228543,2.2958574889617687,2.18520799300536,2.0482643120635804,2.3245458057687824,1.014759105163762,2.5989788528240796,2.41851969182912,2.8454472862199633,2.603056110896858,2.41628453725942,2.84580124211547,-0.1542844557197421,0.5947782358464796
867,0.9851927527881966,0.6511632132569466,0.6455169632465504,0.9834496813450436,0.6573221224112076,0.6454120744702226,1.772305860176943,0.06735590802073814,-0.6791345975249717,-0.7223685103296408,0.03541334006462567,-0.7158109893440525,-0.6890295344602433,1.1681260282158963,1.803162661160396
868,-0.419855165789317,-0.5242156815747226,-0.694361288691958,-0.3861697805219107,-0.5184145782071983,-0.706777694491746,1.579178141773813,-0.471120851588716,-0.5934228195649937,-0.9415069355117586,-0.423433270443897,-0.5345497134562172,-0.9292609642315692,1.101145750113475,0.44358312933630284
869,0.42189228383139243,-0.5125823200771619,-0.6711861417246933,0.42089512325978823,-0.5213476403032349,-0.659292934973544,2.0827608075487665,0.3022869750140324,-0.9858808234856687,-1.3408665124391304,0.31079401966600384,-1.0089668055865637,-1.3583126424812149,1.3484409948116622,1.6994731227887951
870,0.07085380208986972,0.04859949152078679,0.04042393054268554,0.06914026956454013,0.06252032667430911,0.038494708624684064,2.5110947956466,-0.28814995181343367,-0.35964387585614166,-0.319551664087062,-0.300921206507313,-0.326903407191686,-0.2836952423348569,1.7323960251152994,0.33634375684409795
871,0.3680139904274032,0.3222203391690939,0.37931970324935066,0.37388127900264057,0.33340301746826706,0.375241520274562,1.6206457539043229,1.1783690935231892,1.1192694365424447,1.277838381918681,1.1758808076671037,1.1090387352658193,1.2436646937396607,0.31392054151074783,0.3935924709996815
872,-1.4676537675553616,-1.2767740811747086,-1.5847096940372687,-1.4955740644800857,-1.2864836034547145,-1.6354506952085304,3.258494073420035,-0.6523666264426135,-0.49196497974889614,-0.7212459792365989,-0.6055978951988369,-0.4832662012031743,-0.7179819893244548,1.9456652413797952,-0.045280937528375115
873,-0.8855878710425248,-0.9339758639216759,-0.8866279694812566,-0.8718772439761618,-0.9495785603423879,-0.8780557548468592,2.754825652861758,-1.3036406889169008,-1.451014029524214,-1.4511685590481729,-1.3100013768764618,-1.4357654009409082,-1.4546245259548696,2.2635071747888746,-0.3655180829608145
874,-0.026882774260875472,-0.13387636896170862,-0.12215504386239134,-0.041105179475082146,-0.1303873054115495,-0.15630069233035926,2.670261262334199,0.06854565240703525,-0.15655717588390988,-0.14791357970086935,0.058563145744568515,-0.13144983263208457,-0.13402649350256096,1.6179213075263117,0.8053816746180342
875,0.01957265266200075,-0.8647114954773775,-0.8666678207815905,0.020396142487408446,-0.8556462537329428,-0.8963929110043891,3.1063418735387063,0.33657164891846364,-0.9191286536054418,-1.0304760888506255,0.32798333922634404,-0.9012497460166647,-1.0165539558395833,1.6954674872832132,0.8148316020606734
876,-0.939007713177022,-1.6866417155559792,-1.330874057878848,-0.9332215550190841,-1.700558126022321,-1.3146632791773218,2.3765117361253045,0.004940029924894533,-1.7309031295598512,-1.3955359735969837,0.010294281937334487,-1.7634232979136037,-1.4410040305031722,1.2546255788765583,2.15200907322784
877,1.1912220325068266,0.4372055641265524,0.42015629607797667,1.2087428935463065,0.45477557703115096,0.39294217369547624,1.3073832552759663,0.9692144354411247,-0.08884828763006368,-0.0851597963120218,0.9913754690763873,-0.06243477687098973,-0.07780425151501012,0.6845326693395629,1.655343097934835
878,-0.7511137762986133,-0.8421202226172262,-0.6683137230706224,-0.7450311059684401,-0.8373040191903562,-0.6709199119563065,2.610514091217863,0.029498963304819915,-0.019893813814362175,-0.016709036078794377,0.005913644367972873,-0.01879053721762115,-0.024192881477124676,1.3223821137793226,-0.32963729447446605
879,-1.9834040352784545,-1.963232567981947,-1.9259156532636756,-1.98840153764617,-1.9535877655397311,-1.9198763477998955,4.141177920392232,-0.9624095441370543,-1.071201912358879,-1.0743988220289524,-0.9570995623144261,-1.0581012098330165,-1.0723614771409054,2.259300640706847,0.016460642744353444
880,0.14753124391703443,0.3598429341388728,0.38934183468093314,0.13308293960485817,0.32554553299533556,0.40758603283670025,1.8297863867329682,-0.49191967144623344,0.04183129679848468,0.04558310919109403,-0.48698336619350907,0.08261455474297448,0.05946173877791509,1.2080123434516952,-1.4591684090907042
881,-0.33040413640581073,-0.2839244091897741,-0.2596590262597352,-0.34265728134610823,-0.29480256035896946,-0.2313385783255782,2.6967342971517656,0.01853753835811868,0.09209662765641713,0.08653670059644301,0.04827732805216573,0.09701191113318464,0.09814782067910167,1.3238173960372144,-0.35878855604562626
882,0.6291666862178052,0.4403268449731986,0.3808675290339354,0.6307020303443175,0.43394646192386566,0.3664085120118451,1.3997025144888622,0.9358881688060089,0.6515473086829056,0.5749920623047745,0.9746992816118341,0.647766275160964,0.5644857566331991,0.33861566394734427,1.1676455099472751
883,0.7103522512551759,0.4322915005870731,0.43089854263509514,0.7136423949313602,0.42982510203590446,0.44406864171527305,2.0070884247774554,-0.3745061591157323,-1.0494572088042347,-1.1052507962618832,-0.3885607316521725,-1.0230858896720958,-1.1331213791577457,2.0437451353232943,0.6979346462930266
884,-0.21333315892208798,-0.5840863934572346,-0.6230495364655758,-0.20571316672877107,-0.5952570806341029,-0.6332551697287587,4.13123807996006,0.09490611906109497,-0.2106772896876512,-0.23981238016691853,0.0914589014879319,-0.1953905483730718,-0.21620709274719568,2.7137252788748087,0.40120199104191384
885,-1.7446391007592612,-1.6401137947831068,-1.4826983531580173,-1.740260547607503,-1.6409166901343817,-1.4880236659369375,4.185885250273238,-1.5614361973396436,-1.432505444026823,-1.3081101162019748,-1.5848822482160854,-1.4116358394029465,-1.3225900355028035,3.154012678770019,-1.332285027658786
886,0.26333128629819685,0.35368970381910286,0.34586227266506636,0.2684733826943157,0.35221722383511284,0.3499025506391158,2.021680291243176,0.14243026903729852,0.24319370951742758,0.2479498107078734,0.14981328877790462,0.21910706272563715,0.252130852975477,1.2650412201997498,-0.4354327877222568
887,0.46077211037704296,-1.1367704679084114,-1.1951587484503976,0.46599340087522356,-1.1429792217225543,-1.1871425226500056,2.2668534618024787,1.9743647629392829,-0.7344237602156057,-0.7853580615142848,1.9759964122470033,-0.724545871523148,-0.7925028219693919,0.26390073020219046,4.026903599183211
888,-0.8792634592329165,-1.0024580749880894,-1.2496841222408088,-0.87791731773567,-0.9887461322323595,-1.244012442719975,2.9185590994502895,-0.905273263359319,-1.0500520594968619,-1.212885017856559,-0.897587455605648,-1.0655651099235486,-1.1845894683451845,2.2470653735328727,-1.0836184479268476
889,-0.3767362571928066,-1.5291250179978402,-1.0902304223085872,-0.3904939552559342,-1.5242019206624637,-1.0935094466693758,2.450423111915392,0.26845730715498384,-1.5420748812752008,-1.306653188724482,0.2686845451813776,-1.5419262490099321,-1.3202765226534288,1.236101486579532,2.6806551469378266
890,1.4834889409479433,0.8049974013398841,0.8976770221631697,1.4665430757162576,0.791528762890936,0.8922365466665128,1.642945386973245,1.7441315404291766,0.860496078492045,0.963614739862461,1.7469602736030996,0.8702266780985147,0.9757269364482501,0.645287199510257,2.6240604193785595
891,-1.5297228673124086,-1.5783248047986702,-1.4937184424210328,-1.510216064173334,-1.5889883037379928,-1.4941359195346182,4.098500781008522,-1.0748396800975109,-1.3298553633370338,-1.2413089757429796,-1.0680083520993562,-1.3383770479987416,-1.2490082674011214,2.8783770652024367,0.5694877463424257
892,1.093747729922827,0.11683597538539114,0.12395045344323029,1.0791644587882172,0.10272200297150125,0.12643346176218556,1.4416851096957544,1.2461629621131685,-0.11119207165143839,-0.12322341257243369,1.2746922475391622,-0.12415465211688384,-0.08775235942575513,0.6111251707018066,1.839159364592311
893,0.7042021782769502,0.5168932897229026,0.4041739507490369,0.7164952505484701,0.5219288608436633,0.4006021529247388,1.7965629432784018,0.8652597211722469,0.7065209191593905,0.561388870038536,0.8680333230693842,0.7205240226540744,0.5728505679329287,1.2415232256267446,0.44760139216651196
894,0.11326212699863963,-0.0888512538602109,-0.113640329541768,0.08587220418309961,-0.08607146958485101,-0.11966264052622864,3.124859860364172,0.8653232783797584,0.7654515732450098,0.8057799552215748,0.8559852489310262,0.6923100896175959,0.7126785087492914,0.9288760066620234,-0.027977279902561755
895,-1.0304673483299127,-1.2588272263521219,-1.321809183525165,-1.0311299253383497,-1.2924659969754801,-1.343213781342021,3.6640681901498873,-0.631995189255362,-0.9076697811111726,-0.9116219714395749,-0.5879128233665797,-0.9257904683908494,-0.899475134907045,2.5447002568883184,1.4604410945994912
896,0.4927893960257829,0.5435960700287629,0.5599541740894561,0.5161889399874378,0.5566074109901821,0.5626680629256829,2.033742730969299,0.13157115480250942,0.21476248784081645,0.2873371868761868,0.12973980221364703,0.21650483196643855,0.2737419950811058,1.423275780059661,-0.2822694365139887
897,-0.3167248578502651,-0.9919882016636936,-1.0896186422328378,-0.33302701396606305,-1.0110960862276706,-1.1032357887393993,1.6517440431088815,-0.008299462774083503,-0.8681814573548223,-1.1155760704921818,0.021243403241612332,-0.8493739666525411,-1.1278091952843599,1.1184878784485717,1.7724041855107204
898,-0.648501322567958,-0.9632243851278021,-1.0735964504700357,-0.6355255021771921,-0.9607206716913391,-1.0965249566106259,2.6628642557487314,-0.1345783755506811,-0.6193500508230132,-0.7337346382599204,-0.1217873779270998,-0.6388632532309855,-0.6999451689526727,1.3266571943816718,1.2804268962435772
899,0.06842333404817719,-0.5773602535799237,-0.6748852176892169,0.07480496871151675,-0.6109085234484437,-0.6817914532384084,1.872552408098832,0.8724995898924638,-0.20159583141297696,-0.2542229637758879,0.8898428017704111,-0.3061237774219121,-0.10009591657532323,0.6237515694129206,1.5084010719251784
900,1.8269629362092041,0.25005202896083617,0.2647602391954875,1.8392170131092405,0.20898226698135708,0.27425657422454575,1.001460156018357,3.4617024041559943,1.7409964502068105,1.5308308179602352,3.4656579848360383,1.702292814298734,1.5713061870762828,-1.7268079524225388,3.4203011264316636
901,1.6770781458981523,0.2824819443371386,0.28496628588418105,1.6694266336561583,0.31165900116487133,0.28844045965684884,1.134897465596344,2.733087208889101,0.7569782595948199,0.7547651382830812,2.745282328156764,0.7823130587242261,0.7267363772855256,-0.28082462246583395,3.4965357411189446
902,0.7752798933178143,-0.21194713283091463,-0.20839703314191335,0.7917895483473372,-0.223228084718848,-0.21731782567458974,1.3444407378165755,1.8293594147628476,0.6534411113705877,0.6430456783685154,1.8050564245470866,0.6485113744232216,0.6109268488809227,-0.3651091967726741,1.84608606699449
903,0.31591012163486065,0.22024318484892363,0.2568976389930596,0.34277617836814606,0.21113842867657986,0.19370961710758375,1.4795875691738751,-0.36750525469695977,-0.5260195420949112,-0.5036427637427924,-0.3927757061982231,-0.5596682420158486,-0.49481755277503087,1.1877428116578712,0.3741409387753363
904,-0.5297435204484724,-0.6302699914946283,-0.5575051537261679,-0.6039414783611975,-0.6558720070727021,-0.5564127158137615,2.417101037357255,0.06676408128284231,-0.16083165801669672,-0.15993520509310055,0.015793001325440134,-0.0917552136749477,-0.08768655935185878,1.0033493320276217,0.7341923807432535
905,2.2482338205779686,1.278322820080451,1.4274144405393236,2.2532037192285386,1.27317140294645,1.428440026074368,0.6036454887809944,2.09647850968344,0.47792199029663435,0.4931608615668612,2.081094032850183,0.45680015934909074,0.5052191253773111,0.1692772770499626,2.7041792092840966
906,0.8195240318903717,0.7444953988134209,0.8213742892235477,0.8381447812178625,0.739534796865587,0.8068383551575181,1.9538274922307566,1.066837017817758,0.9573207934397174,1.1012581045992174,1.0969490942564508,0.971397979681942,1.14850907527131,0.8252388387791835,0.684684651060626
907,-0.7802394212264249,-0.9392753827945477,-1.1658615308049194,-0.7856449881781604,-0.927624460552293,-1.1740818338668737,2.77738416206327,-0.4106866942130918,-0.7314079120042687,-0.8566573387080076,-0.39437975779408446,-0.7774315605288874,-0.9001864919170453,1.666675441201103,0.5514602386175338
908,-0.4177406148358777,-0.45268851388366116,-0.4067570444278373,-0.41839572707810563,-0.47160448026363105,-0.3648656676753738,2.5495816951520833,-0.6326358920319655,-0.7207816320281009,-0.6669442076962391,-0.6156122110104992,-0.7064020728340734,-0.6940706245621813,1.9257557264053344,-0.19993097359174714
909,1.2443297796922776,0.21477482160200942,0.1959246072760529,1.256892632870331,0.21543366195973146,0.1906639242985277,1.3997946344614158,1.5999651603925227,0.014729747960483024,0.014186580838812631,1.5866229619593144,0.04008811438252847,0.03710167298319386,0.27879728202629955,2.4378458726136554
910,0.06967117779633702,-0.4706544342784045,-0.5083594341134056,0.05758887770672305,-0.46061559281500825,-0.5367747259391438,2.640568940357694,-0.12754650912418772,-1.026561841230146,-1.2287862438217687,-0.10324832163492442,-1.0211153875355254,-1.2033411053655811,1.81271122220071,1.7711845135419833
911,1.3046924592555453,1.1590394618962057,1.1629533979636104,1.2850534246364331,1.1555311890807238,1.1477219103141147,1.7699450546585103,0.9289213539738446,0.7644589061455579,0.8465061815962514,0.9834301491534744,0.7596749545048797,0.855507278857508,0.7341947220270054,0.5977728462320308
912,0.3273231600967486,-0.08451219381033051,-0.0955936046947348,0.30680433968350124,-0.0676363542792686,-0.0974398936862868,2.1239216063201765,0.8882278558329425,0.12055855375416427,0.14381323705704666,0.8752317530638579,0.11363615177230456,0.10991343406879459,0.9151074481767315,1.868484102516909
913,0.4679583717063335,-0.5681175298576904,-0.5464241718853121,0.4378675272920387,-0.5631035666750079,-0.5170733199047755,1.853977495178133,0.6269316873923328,-1.1591578367754116,-1.1814451746966195,0.6208459868517778,-1.074320648569305,-1.173035425742648,1.1292040726143868,1.3693387923362523
914,-1.5382485767288014,-1.8709256190050694,-1.9259932487475182,-1.5417797198016403,-1.8700620687327074,-1.9087136908946762,3.7252822284448484,-1.2807507350548735,-1.8284321812998177,-1.9300564928831982,-1.2967706686530207,-1.8812356114386422,-1.9556080375584783,2.8794496949301007,-0.36320429153507106
915,-1.1534848812909038,-1.2993561741242103,-1.3831167791655725,-1.1464587474266543,-1.2903809476794759,-1.3645570885206977,3.3303688734783687,-0.520650751895079,-0.807558203071389,-0.8911733665806909,-0.49497409876599296,-0.7465899784444704,-0.8880449226412714,2.0972920453492656,0.6710243355450629
916,0.41795414236797296,-0.10669417479495985,-0.11034193437756791,0.41553950121815586,-0.10010352526651556,-0.1256017559231861,1.7455857120608242,0.10794668709650661,-0.9293274525942594,-0.9980326891837682,0.11381620880240065,-0.9166650572688129,-0.9837566527314308,1.1963951539880544,2.67710078196139
917,3.029557931687949,1.3816457493442915,1.3659121438267585,3.0337926633831693,1.3969093306036684,1.3599359363208623,0.15030501676423744,3.17969690586693,0.6969342385290521,0.730118882264081,3.1771013256782648,0.6782309838385346,0.6966141201310403,-0.7382193088746607,3.7507920809143616
918,0.8752858040733962,0.6283116130595078,0.6081857684650241,0.8456830541191719,0.5914027694036623,0.5922213594311188,0.9020352958976636,1.1663920507220848,0.8375748162210761,0.7788001430086763,1.1186972623052673,0.833797898670214,0.7772133670988465,0.13142654446376864,1.5879836300777648
919,0.77179857310397,0.7018357667922857,0.7656590196862803,0.76895113678149,0.7044008623175919,0.7678177428031989,2.363358074908391,0.5354321362176132,0.4194691255964784,0.45276336775131454,0.5362005893285468,0.42127026706135434,0.4468033481916257,1.6192920308382983,0.25160008587163074
920,0.44541488039877225,0.13716143610766876,0.14050527146475242,0.4724105811246917,0.11160342981394616,0.13619312294733688,1.9463886790356446,0.6096008308597298,0.20111054136547893,0.21176506988724605,0.6418805337312222,0.2145907417430043,0.19511648627302086,1.09222210432042,1.6798085075962061
921,-0.9533833447037107,-0.8012473930088625,-0.7549269358850371,-0.9471708100536805,-0.8115530067534886,-0.7512518837195618,2.9226619872826345,-1.7556386915399282,-1.5061678167713926,-1.5989598409733976,-1.701035704124763,-1.4862838527276976,-1.6439316613833894,2.7815578098769063,-1.2522688441513985
922,0.8170012870302479,1.0278433590088576,0.9889506028167686,0.8213005088913963,1.0278570753566438,0.9917603220773346,1.630710503195997,-0.6426614473197069,-0.108592486968379,-0.11414791859463566,-0.6135045238568926,-0.06743117720912128,-0.0990207723920497,1.6379684628198268,-1.7696847725259266
923,-0.6247711074167698,-0.38550068129417425,-0.4519054003833179,-0.6334240891552952,-0.38879316798193764,-0.4847836830313077,2.1866892165526335,-1.0343054173784212,-0.531725463921299,-0.6675683431575145,-0.9628769952754307,-0.5725606586996673,-0.6526291137624015,1.56190717239635,-2.6261744210941846
924,-0.6473125339988932,-0.7330055325168082,-0.583575586151164,-0.6342813331376176,-0.7138545704608186,-0.5836391077900409,2.3384370026502785,0.04092981979728232,-0.18790516141648952,-0.1566308052139316,0.02693559820397968,-0.18877554623113726,-0.16088280395273388,1.3451031355210674,0.6641636708054539
925,-0.49078714977464877,-0.4821175147616829,-0.4722415162129326,-0.5180588896119186,-0.4773377855371576,-0.4695314584162403,1.9953272247000011,-0.06979476445151345,0.006750364777294364,0.007165861185546536,-0.04030276863970343,0.00442091287100406,0.05049027977311647,1.0226849418523014,-0.2638078161425909
926,-0.7679761921441848,-0.6874625911528378,-0.5995509506927661,-0.7664359280477027,-0.6649385748724144,-0.5711834956527688,2.579854091790164,-0.5535378156483368,-0.3471106814724484,-0.3147743158908371,-0.5549722658331318,-0.37109322726683214,-0.32826015155889504,1.585145367810103,-0.3304354073179293
927,-0.540761354750113,-1.7114499176823534,-1.5609485620329604,-0.5424837033473157,-1.7290593615250573,-1.5636973118603412,2.475199309363423,-0.5404428180983087,-2.0224441692487454,-1.7484202074327257,-0.566650110551115,-2.0463716763507236,-1.7593998207914376,2.020772297746957,2.5295318018641546
928,0.29428617558411196,0.29800068933359236,0.31028553929910285,0.269271403270315,0.29862762612575344,0.31798257942946967,2.558514786997035,0.6079969537402828,0.6784962291729839,0.7488635697556799,0.6172807378399506,0.6885478586352978,0.7745381618942376,1.2008221676081996,-1.0245576184094727
929,-0.40870875638950643,-0.19154069317746766,-0.18527564023203216,-0.4150099664238661,-0.19394868672113394,-0.16586240115731657,4.131635910715829,-1.8755267405181026,-1.4575854311082406,-1.7474127319645825,-1.8660657814269612,-1.4677851333918912,-1.732882344371122,3.9909163390390185,-1.321229513324122
930,-1.2136204404357316,-1.430581084890515,-1.1513531447609417,-1.223339306264004,-1.4273758068976952,-1.162394341154897,3.361626034776639,0.5421574579129727,0.4330092704371547,0.4543866505089072,0.5650252904531654,0.4265542307715464,0.48634939162720664,1.4225423036679488,0.4248985314618075
931,2.7828277893860616,1.3129171737848857,1.3192690627079555,2.7840059738947804,1.311481174281341,1.315215496714906,-0.6584205619949053,2.7510463648240813,-0.5805283020043444,-0.5454323461880847,2.7427343977521264,-0.5645949081262372,-0.5665730408576766,-1.2571090397475637,4.3106970335723975
932,-0.8782087962484421,-0.7109894710306183,-0.7227307140929015,-0.857221442123147,-0.7001523119782793,-0.7427808888544748,2.3104745228370374,-0.9246369092257728,-0.640386356160114,-0.6368478275154719,-0.8136193598247999,-0.7388147379419405,-0.5769357756871683,1.5636293130095318,-0.777313696927968
933,0.718709210672548,0.6238316144951995,0.5734235709691514,0.6923489489656518,0.6270825043168966,0.5851320669678409,1.9541677396889128,0.538639071023313,0.408828364429751,0.4180856850744191,0.554500544705861,0.43225092816973465,0.45942811119970295,1.1963745639635468,-0.0002198321643984149
934,0.9136394515034251,0.325978112575027,0.34509288863552123,0.9073177785148642,0.3258980496550997,0.3459500557067044,1.5986294833032941,1.1113982751931661,0.029039536079826934,0.02910464447882238,1.11470159925863,0.04330757066728051,0.09321596643198904,0.5742559775939875,2.1952827892575355
935,0.3476134289583685,-0.8361373996604425,-0.9089189900010978,0.36013700840211227,-0.8706626941685816,-0.903196886461576,1.7289527103684186,1.1639849073350632,-0.8188521816508685,-0.8613180049501067,1.2097674259048734,-0.78574043991917,-0.8589437384452908,0.197319453240051,2.132960677621733
936,-0.5814961491423101,-0.6766909782190093,-0.49706489802432297,-0.5764888504646991,-0.6731458202690835,-0.5122948272819927,4.157080765713339,-0.17960949268300705,-0.4389262223916385,-0.341245717140771,-0.18955509004306453,-0.4805266990196113,-0.3080080384249954,2.8163226029338033,0.28092033880748807
937,-0.05061678162672055,-0.12127147915422494,-0.13301129367838319,-0.06703541549735142,-0.13666708841797828,-0.1323470118277924,1.332438269747071,0.5697028968992486,0.5226880608224859,0.6378354398643337,0.5698819215151355,0.5074978726578975,0.6360451108343584,0.1418778410022496,0.18364056731304224
938,0.4042994832657577,0.4286485087535989,0.4179811968600582,0.3818850512792167,0.4276562686918349,0.40917027394377575,1.9534559932700541,0.5280026048930382,0.6472343124252405,0.5983807628180465,0.5453464112959261,0.6529384006953546,0.6008801812009043,1.136014786991065,-0.9337284554859915
939,0.6267774083147618,0.661841665501063,0.6949198558175236,0.621124080861776,0.6499650329012924,0.6715148664299627,2.3787826071046925,0.1932542774290442,0.23951423461123117,0.25477234110489877,0.20623839371475217,0.23375052199549723,0.2438456871985458,1.4510066782748805,-0.28407763242639794
940,-1.471780666331889,-1.3661322670656653,-1.272901329673815,-1.4725384627592504,-1.3714273922523497,-1.2800260378222605,3.3234589975016484,-1.6662480885148154,-1.4264357499888964,-1.1777222379201866,-1.695249036599837,-1.4219571297323181,-1.1603481842298622,2.8432023322353492,-2.800755576738764
941,0.08788118351225113,0.22463909733344095,0.28221242111372713,0.10317607810231419,0.21153503204766733,0.32213110061632744,1.7242786263917986,0.7720525273860184,1.0207594274022311,1.1473039912121252,0.6891987343853543,1.051234773394375,1.0555294980466512,0.2085697153452431,-1.096118122451339
942,-0.06205998083367336,0.11050847771510622,0.11207688923227989,-0.0334570820526929,0.08170184507875392,0.13831700180733553,2.0365056583110737,-1.3865132259082418,-0.9606804432976472,-0.8235736763873177,-1.369559824072872,-1.0169218680047212,-0.8184886205410952,2.1904796821726995,-2.2369510208804146
943,0.0004413597651770492,-0.022062915432776338,-0.023105215797073777,-0.0031507687188444544,-0.014992934487661976,-0.029892166306588096,3.2707956340611783,-0.1483782322365403,-0.20781916529658465,-0.23275824895858915,-0.14561821738418737,-0.1880569517800775,-0.23691906143579222,2.2310921024997272,-0.2857063227941865
944,-1.148991736591113,-1.6540548148360499,-1.5331076087295725,-1.1603745612992633,-1.6581005353725318,-1.5132957498483584,3.414169677916633,-1.162129774882231,-2.697090006294283,-2.272093782775977,-1.140901416403156,-2.699954037577651,-2.251835261260562,2.779533217353848,1.1499529502501127
945,-0.11800637468213455,-0.712090562361734,-0.7961040055506904,-0.11152948280090615,-0.7121908366179144,-0.7881306952289573,2.6593155947561846,0.1716165817167655,-0.8242785775676352,-0.9751311869182399,0.18333382008608523,-0.8185421266266939,-0.97561772790285,1.292512972118343,2.6936485511926995
946,-0.5230215283865953,-0.8482376987715353,-0.9184281399097529,-0.4935482166113056,-0.8221869711464328,-0.9036737890027873,2.7671764016066804,-0.10151248951432067,-0.6384490945485815,-0.7296695530334171,-0.10234322258055424,-0.6707117836495459,-0.7716767856300465,1.4465450091010956,0.8963394581881409
947,1.1946761837155055,-1.2823044917830053,-1.2650649393553293,1.179533175696347,-1.2849734129436534,-1.2762385704716979,1.0174832618250096,1.8591992829215065,-1.83146274106479,-2.000850116630285,1.8723571724085692,-1.8668386197858249,-1.9621851352338995,0.11804321245153276,2.9093316337468464
948,1.8768620065455472,1.0522807837806376,0.8653280652599024,1.8856346796257022,1.0535185900640558,0.8625770555179477,0.6158794588813864,2.6978161363007147,1.5059516504203996,1.2362087777451372,2.6948398349170843,1.5011952416007097,1.223898907655123,-0.8690774642326179,3.2172603595654428
949,-0.9259160731955077,-0.8542009274148198,-0.6434914358848862,-0.9415184281780933,-0.8399718581591719,-0.6680888066283868,3.089206427541765,-0.45643631256837924,-0.5599502550844142,-0.4612335291803622,-0.4406753104841565,-0.5412803859121479,-0.47915756163244716,1.8780266136731205,0.2677515591407468
950,0.5324178396601702,-0.9453305691707728,-1.0416239292971665,0.5535946192175861,-0.9514284936389985,-1.0614221190437478,1.6710909659034265,1.7016283943323458,-0.847600646420062,-0.945945152113671,1.700564066153169,-0.8419615786481149,-0.9909708626777572,0.0818431874766483,3.16803188840146
951,-0.39770541042047236,-0.8161001168558919,-0.9170435692334846,-0.38380936407834293,-0.7641770378267864,-0.8942715497958915,2.025249414661291,-0.21197546970947567,-0.872003405940707,-0.9771831015015578,-0.16207408628602576,-0.8989262339160649,-0.9903663963942563,1.1671824645134825,1.675456989841308
952,-0.060691831855977145,0.0894086702151575,0.08793191308525049,-0.047958939689854235,0.08362335951859272,0.09876904422079848,2.725920595229227,-1.0959493674460488,-0.8814380749840005,-0.8816283501674274,-1.1133805479628693,-0.880690696330917,-0.8748771702424121,2.6432079880537613,-1.4804698896593929
953,0.38396404781735993,0.029451857604265504,0.028108409144030164,0.3851969252160251,0.04128936412074902,0.042031132252124154,2.0238672793142043,0.4129583044714144,-0.15926021704266352,-0.13990018220405653,0.38212358052771483,-0.1726600818815624,-0.09805778223575784,0.9788361771311503,1.2065812445142226
954,2.025805089124046,1.3410078827855538,1.4530053919265076,2.02200515400476,1.3522358263669447,1.4541866994572714,0.8604027773710354,2.0084495213812072,1.182412453168721,1.1665609398775865,2.011122991459443,1.21202866565669,1.163699775290258,-0.30408744597217957,2.0885806944022103
955,1.92603169997425,2.0152648479949784,1.8046116817697615,1.9238175412141725,2.010440242766207,1.8018612399386844,0.6019375757218979,2.184924790325239,2.3107705601073874,2.0655829184270216,2.176357118723903,2.312257629662226,2.055429128978085,-0.5978578255443959,-1.312110290567279
956,3.0966083270919724,2.020687518257471,2.0592164412267,3.0892934433116586,2.0335989394547247,2.0603239953890595,0.24045564795132462,2.5462462327873423,0.840033656948557,0.8524575484444127,2.5550934625414503,0.8500981108344997,0.8133482724557838,-0.22896942172765503,2.6898230323981336
957,0.05555211375879709,0.015692706265229762,0.018872414322952516,0.03880599588369378,0.006932817054643604,0.003615281953583156,1.6595471426953043,0.13576444212021033,0.09350704173328314,0.1112287885537377,0.1168755440928355,0.10038343405713868,0.13451149273680882,0.97844922138096,0.1293121529126197
958,-0.5168684908006477,-0.34328934693067464,-0.3435894964121569,-0.5385843285919232,-0.3258958795040674,-0.35754448753828455,2.662387173653786,0.23674841447383763,0.44257038573458396,0.45498917205090567,0.2989415241714391,0.3427842915657062,0.47821339258410867,0.9806268481239131,-0.14964227164257698
959,-0.918256448799794,-1.8081856840462183,-1.3920636566036575,-0.8997908570228987,-1.7992976011088917,-1.3818685186806525,3.543570596647936,0.4250519401772598,-0.7789466569509751,-0.7324367042546036,0.46616285035008875,-0.7781183508997567,-0.7372470667613779,1.204784736395026,3.046866472285095
960,-1.0111057829590648,-0.8687704523410954,-0.8643618638180913,-1.0291011351513324,-0.8712227574069,-0.8607304363738226,3.0383287603083446,-0.43435149590096905,-0.19402245017675113,-0.18249055077460313,-0.42119060144156184,-0.220890542921127,-0.21325374195392902,2.0338596418237818,-1.0587554263162875
961,0.0020022742418294424,-1.619401383097262,-1.5497052565179399,0.019276282392942764,-1.5731325743371547,-1.5208364464041648,2.0226944524395924,0.5807281364960138,-2.5580270412992365,-2.4845837305314746,0.579884770268799,-2.618642050493971,-2.43043665498873,0.8931899026975939,2.343434765717768
962,0.6633399524879481,-0.016008076152444366,-0.01751182709768582,0.6606148354511571,-0.026182937244275853,-0.012503885489388397,1.5437995858753475,0.9788403684805503,-0.1899758371204201,-0.22722785620614067,0.9901041996830608,-0.16959805543250883,-0.20892769323373084,0.5865978830129591,1.8762266901362918
963,-1.508840654811502,-1.2932195041366414,-1.1910179040939168,-1.5094480262187433,-1.3248712016358004,-1.1391345720370385,3.163759750693287,-2.1576895559091085,-1.8409682218120151,-1.8412402114476016,-2.152119240196886,-1.8210664347695296,-1.9117213725298403,3.048549978982961,-1.5964249778461048
964,0.15734117355296676,0.10737303781367682,0.1051482613573559,0.1621066723074516,0.11584541568781419,0.0984712915861638,3.3752959313339517,0.06772456132433241,-0.05604158598823908,-0.058063656869417515,0.08219407847402553,-0.08330598054246104,-0.08946419383733818,2.077365250133874,0.44267728852098004
965,-0.12553412450385706,-0.14469111127566753,-0.19563319426282694,-0.11920834736421829,-0.15363994685595703,-0.18821915555997876,1.886729543912051,0.1442947036075919,0.20974868112691925,0.28981518359798847,0.14142660765433165,0.20818182659645537,0.29942348626509885,1.207490753505551,-0.16247528278583337
966,1.7405382915219438,0.7672374003115048,0.8255779287295059,1.7402020624571808,0.8112519578137594,0.8469100437552779,0.8124547731746591,1.9561050604265222,1.0487744819959792,1.1822182162432386,1.9173864952906963,1.1302611293276692,1.158001737725869,-0.11994799617077033,1.9489673305061872
967,1.0907185601397456,1.1204575471467733,1.1353659817557125,1.1064123568467272,1.1210164853113456,1.109355462214008,1.155254720773333,1.1796398465287952,1.245130399362841,1.3884318045792767,1.1825139302444956,1.246702680447413,1.4262280517181025,0.33195072040358914,-0.6816309474182024
968,1.04810387945353,0.16585462231196021,0.14620590586097137,1.0395931272937216,0.17117323805700763,0.17591938977618574,1.1934966494584007,1.723783287249611,-0.012596039263758341,-0.010824648719567119,1.7685966665212325,-0.03795960756518913,0.009263858407699973,-0.3266783475292434,2.487269106521251
969,0.053363100528006,-0.13112917802640653,-0.12262277866826923,0.08635028578884928,-0.11540970579149247,-0.10480475095838103,1.9689211898315169,-0.4178077470996901,-0.933591737916931,-0.8389775506017239,-0.41437417558702155,-0.9584802625393654,-0.8561299386368602,1.6434918331669204,0.4574865490442242
970,-1.3526868153661682,-1.5128464043178427,-1.263603375814642,-1.374281299770542,-1.5115025028039948,-1.2726517793107683,3.554775038969612,-1.932013850452231,-2.2170583043681544,-1.764868101361726,-1.92058242559231,-2.2111032184888213,-1.7664144537697015,3.570683146081413,0.2301319445583643
971,1.0403619543679272,0.8580448851840345,1.2546624483481466,1.053134686999226,0.8622641090394998,1.2555923093376438,0.8579397846637515,0.7487846301948787,0.36254531085356756,0.4802905441276302,0.7549872394245938,0.34890952674699416,0.502740020697555,0.5069646656282473,1.4105972159740292
972,0.638811695403064,0.1557648816663862,0.18189572937001394,0.6294525450154609,0.16921015744121162,0.22761938930161404,0.9995926269009097,0.39191825772079203,-0.6368304047372652,-0.8590882664106445,0.3713678480557898,-0.6677311448543813,-0.7591358086693359,0.6799893224664744,1.294261450371738
973,1.611141950743045,1.6144703228747264,1.6158989354620035,1.6104518874186418,1.6529854806289357,1.6426265188748732,1.8141033562030953,0.4912506154789559,0.4780700239286459,0.44478026998033743,0.47440023917074176,0.4884783461960576,0.47355918227857685,1.4894693217919255,-0.13656524414439694
974,2.1622774347316227,1.3240661363474369,1.2167543862178773,2.162986387442515,1.3238816958128525,1.2208829726545118,0.4095261147859827,2.176177615729658,0.47508368247474564,0.4767097732782012,2.160099723597286,0.46512931863663204,0.4790064745549059,-0.23124665736519123,2.748779768315871
975,-0.5901544110014555,-1.6539247727934387,-1.7779179964005105,-0.5911169062346111,-1.656202132716712,-1.7927016360741572,3.489775546763846,0.4150213527177983,-0.7898171458395016,-0.8844807123155768,0.4069513662979658,-0.7880020921723935,-0.8874335136034074,1.9219857225677826,1.3131606216757619
976,3.1633979582697105,1.7511891296965796,1.8036046216182424,3.1535687614946513,1.7423493451261527,1.7857219868544867,0.014954545252777762,3.464316015948834,1.7514623885644278,1.6863316178709762,3.4646711592619277,1.7843558630749505,1.7270489085787053,-1.2642846774049492,3.3130995631424667
977,1.0806138498853504,0.5972703530456397,0.7031631672994658,1.0691577307282725,0.5668895540426735,0.7124338955204621,1.093188958976784,1.17590730454975,0.4663487549858961,0.5362203530184421,1.186401835747506,0.4556983018593339,0.5547765410574623,0.2749966571393266,1.8956389107391138
978,1.1943512323738106,1.2995807322703177,1.4452609558896434,1.186685665780826,1.2817091417734774,1.4486159219243884,2.2592035063594698,0.6126720142733159,0.8020485393022864,0.8612368027206572,0.6254550134563251,0.8116328867023167,0.8699895158116174,1.7127913202555707,-1.5507339851218491
979,-1.9616185688372614,-1.934143174418171,-1.8203507324837076,-1.9947195150537915,-1.944665931993857,-1.8305467051024007,3.744380157768084,-1.3151323419917287,-1.439478128457472,-1.387404109514045,-1.3507890261467488,-1.4343942442712356,-1.3716401860062946,2.5420605183401364,-0.08749925310426705
980,1.328281763603715,0.9266706718227543,1.0001896656794824,1.3287051219930708,0.9230076133685025,1.0001662153415563,1.4647934516409895,1.569590121442705,1.0335266490174997,1.0753183769373336,1.5666477555053189,1.0165848103261033,1.0859008092899523,0.7041907318103896,2.3802923955672908
981,0.925264911376557,0.8697426740011052,0.9449083241510341,0.9266367296740242,0.8640187843401822,0.9541151167596384,2.0902515648962305,0.6918714007185217,0.5707564612033195,0.5363131574285105,0.6916511881036772,0.5707015889671303,0.5304767394651619,1.2111592905312372,0.8388067398956297
982,1.0791323207856376,0.4999212066718259,0.6311197806483682,1.081742540813301,0.503687473024406,0.6475809330832236,2.147554233608516,1.2993400106115667,0.37568709390696975,0.40347858641878404,1.2971257431500514,0.34320540453237114,0.42770582690296005,1.2514155479547249,1.8007834419210942
983,0.8085334175777029,0.9189464685445629,0.9717327670619688,0.7954884876296544,0.9434069369916644,0.9284153228804011,1.4347635601417321,-0.08228194914830432,0.15218688065529906,0.15222812132770738,0.01057712040823858,0.1933132742801529,0.16218940052843417,1.011183311512268,-1.0141355514461847
984,-0.25833744899420646,-0.12119437117559884,-0.13495119014773396,-0.24204410754636546,-0.11503915498691207,-0.135382665770787,2.5771458178039923,-1.2942395738530101,-0.9876708086389798,-1.0269705950777743,-1.3065091531062265,-1.062491858606579,-0.959059645162593,2.7622159477755566,-0.7400610420237638
985,0.03131637459820403,0.04194412528975118,0.04332366213692184,0.0239248249624747,0.04526194259157091,0.03755620050426837,2.7031805223281618,-1.3391792756936252,-1.3300045613507576,-1.541631974118569,-1.3209546513769777,-1.3112892658867024,-1.4935823015924357,2.634735628227332,-0.23752588470871175
986,1.7929986972906102,1.8941460399271755,1.9940540362152832,1.7928933702660024,1.9688418655611548,1.99575111554287,0.10375484014518421,0.38004471135990725,0.5364493491304961,0.5335645161367027,0.33566126074233804,0.5657010607590877,0.5309658259260929,0.9501600987016938,-1.479962484620546
987,-0.9475081916508749,-0.7886112906704504,-0.8767783850361509,-0.9310919664765047,-0.786982007181877,-0.8776493848689692,3.2516049349756284,-1.197403035487903,-0.8919677819739914,-0.9668723126676445,-1.208968213606727,-0.9037638396475148,-0.9982743924825813,2.3474964163978114,-1.60670089466147
988,0.48475915954261733,-0.8335147139404688,-0.9463720687442113,0.49503167667067527,-0.8084701094865704,-0.955567203345324,1.967632227668803,1.4559895244667909,-0.4724849136313844,-0.45655854117003747,1.4728497638476883,-0.4709066762324028,-0.4339740570559538,0.5773344472023522,2.393435376858115
989,0.19923456488226776,-0.7346864123274234,-0.7065430770217042,0.17779854339183268,-0.7508811465416673,-0.6837203946368602,2.7117170449219863,-0.1824480713015104,-1.6664479594136157,-1.680657006616638,-0.16173632662043552,-1.682520675872762,-1.6896482082717381,2.046895029984383,2.008502183809547
990,0.30483490884396075,0.29997485675177527,0.3884081105911936,0.30649220040735864,0.2579995329174767,0.37240416309533453,2.9943012172326005,0.6160542092107004,0.5974352468340863,0.7572407158145164,0.6341577885309475,0.6014149230696504,0.8055376156310771,1.3933888941588997,0.06726810912303265
991,-1.8719396924171903,-2.359459803510317,-1.9828865432415104,-1.8649431092332243,-2.366236799028209,-1.979828877368804,4.467073908058658,-1.5178686314538579,-2.2730909290156522,-1.8868761334312092,-1.5265961470235487,-2.276491292045502,-1.8863633902622683,3.6807870718205282,1.7226879961306016
992,-0.2819465310239713,-0.8613279411050965,-0.8805922695315616,-0.2776794593242285,-0.889111503037707,-0.8995894303090731,2.7761874055698965,0.03224537502468509,-0.8451723785745482,-0.7313408375552201,0.066087512977272,-0.8639654473686242,-0.7540117977511169,2.1568375539417337,1.4026436706491556
993,0.04422406840775207,0.042551851155834826,0.053627069180358096,0.06070862968729724,0.0283574325692181,0.038015356325033785,1.9865981379332893,-0.6544467949611327,-0.7222357846665972,-0.7174143766756156,-0.6745217255852611,-0.6924893788479085,-0.701039460497806,1.7523819007642762,0.6678630750332812
994,1.168601216012404,0.5875427597778087,0.5603279383772217,1.1562463940951804,0.6164921349046956,0.5355626514257827,1.9139028823229578,0.49326514066271276,-0.6199038534510628,-0.6015031643354785,0.5228584977797671,-0.5660019168031474,-0.6680061111639297,1.7330356612496924,1.325018222751709
995,0.7935599202014867,0.13432800558661276,0.13681544133797302,0.7939990937643925,0.13946806620332913,0.12920411560456477,2.6913590081031367,0.34506146360331375,-0.5165453487458149,-0.5541678440547725,0.33761455717910865,-0.5471411639517221,-0.5263756304698393,2.200560184221617,1.3574740583615932
996,0.4084217685084603,-1.2910796015141606,-1.205134947339111,0.4093541375205318,-1.2932134750557747,-1.2174708611753073,2.591650927759108,1.298950921508231,-0.670665894348343,-0.674565799764279,1.3113630082832446,-0.6606754710973627,-0.6762866386896346,1.0820064153479494,2.7750174730712107
997,-0.6838924708024257,-0.6353640194516457,-0.5792517411855157,-0.6836401852424963,-0.6519814903641413,-0.5718021228903323,3.23193107136008,-0.18882905722233634,-0.2449720903944597,-0.23047247581648345,-0.17808875217940706,-0.24866229679450605,-0.18449374259094456,2.1910894596852373,0.519799024437898
998,0.2285319198759384,0.024751805872123944,0.027265444708917588,0.2477305103007191,0.024556831810332896,0.04435596988775251,2.7264814864964735,0.9429406949855833,0.7312173997406195,0.794046655318405,0.9290171735489042,0.7199380007936831,0.758069627614214,1.3257417265748945,1.2316205759428769
999,-0.09278037829993871,-0.1482544307280624,-0.14280411391914477,-0.08722822637519866,-0.1463886319710371,-0.12098827177682685,2.0300072681433226,-0.3111657902865159,-0.6608559701530952,-0.6677368969814688,-0.3352263451262846,-0.6653840286480458,-0.6738912890326046,1.5222884749418366,0.3585010081852603
1000,1.5068863914686734,1.585822369095771,1.76981495687749,1.5048267264479804,1.5723031345352052,1.7839719509821863,1.4996088861818813,1.4322455900348896,1.4723209159857067,1.6016606753447267,1.450498986806515,1.4801443829157501,1.6232667109485708,0.5513592427726622,0.020908985264718894
1001,0.7801310302875942,0.7960495824816717,0.7633170280969753,0.767623465286209,0.7958706975158585,0.7580366059072602,1.5253883787552058,0.5941225935026418,0.5845754635164276,0.5435832116808911,0.6061185592287739,0.6203219083772864,0.5864525097032328,0.8663760148138451,0.01566794259358975
1002,-0.46436493380715677,-0.22186074097352126,-0.23891708961375654,-0.46561226690141755,-0.22133915878418514,-0.24282111286944696,2.167679545292711,-0.3134864016974198,-0.02726300946653757,-0.027981245824136768,-0.27911400049823654,-0.03933019607477634,-0.04468563005185822,1.5828943851382773,-0.6124872575938485
1003,-1.659578580251004,-1.5469429734977842,-1.3474614679782073,-1.6543274624828315,-1.5584886662999677,-1.3377388886427146,3.6665048273872873,-0.8808614180960688,-0.7083145717568379,-0.6589837705407954,-0.8822337507629441,-0.7031084173384933,-0.6678131263217177,2.277171018348462,-1.1524817372966463
1004,-2.066704529211764,-2.0564279503210185,-2.509098050409414,-2.0662243918270415,-2.06766391729979,-2.4897333127051877,3.4214473001354517,-1.8637073938448059,-1.8085382598086726,-2.318636251839239,-1.8442321963294233,-1.8108205862549682,-2.3241013632811955,2.8322476118235453,-0.5236203742747314
1005,1.7482184830394045,1.7269053398760998,1.8109230419511506,1.7575781524848013,1.7241897047457604,1.8101173092065828,1.3749822898528825,1.0186229478453397,1.0051275670703805,1.0427189461218054,1.0408949522464475,1.017743345279342,1.0544861545800392,1.2581123545062427,-0.4477410895546492
1006,-0.466132380226884,-1.003393828474147,-1.0217201049329907,-0.48001310320254575,-0.8991673595648085,-0.9714080692083604,2.3223812582537295,-0.16993821109664,-0.9385838109849564,-0.9771385506025472,-0.17114124783658607,-0.9684083939361371,-0.9974172686196813,1.3938056040442464,0.454108033381995
1007,-0.952828888692656,-0.8245233405853696,-0.7071994265321807,-0.9364826265282535,-0.8066967156686535,-0.7106104392324601,2.481078561861931,-0.9963629610834697,-0.7953607370506052,-0.6825900320788291,-1.0013356589862135,-0.867400904323794,-0.7032716961806047,2.113411286922036,-0.4571736845348189
1008,0.7754241918678205,0.9867754912675839,0.8136619185040974,0.7883312919754749,0.989715715585963,0.8170504556826603,1.1955363174442035,0.3116475225446611,0.648812821455589,0.5591464380579799,0.30068656286610296,0.6474929931331869,0.5577182087258261,1.1427704651706536,-1.4085018211489244
1009,1.158054167457671,0.13157492591727296,0.1307081343935772,1.1795010782109578,0.12702956205615043,0.12670665833641473,2.9997640656167537,1.4195475811766884,0.17486466494438732,0.1607569521636065,1.4214447048325378,0.18758805951273663,0.1494254292850536,1.865619096761458,2.8960246538274164
1010,0.8649123544862852,-0.5515450091488734,-0.5208608843687879,0.849994993958164,-0.5601445106524237,-0.5286906310999004,2.266618399086243,1.2988322254999853,-0.6330758242856949,-0.6648405683080488,1.3198980617037268,-0.6879855557867323,-0.6362917145256077,0.8325075959520117,2.501543399359477
1011,-0.29038448530587996,-0.8532643675383126,-0.8359259406239647,-0.3076432734680503,-0.8191065233013272,-0.8132724695553963,2.7140909479558935,0.6823902169256238,-0.15105231419226953,-0.16396663044185172,0.6291134693840383,-0.14585036226696613,-0.18317595508505405,0.6971879764497634,1.190969626976505
1012,1.7760331204296713,1.8298190478825855,1.2732679257506045,1.76662363878219,1.8323583958954826,1.277056287372828,0.4287427662162119,1.3302645192459719,1.3705319594291796,0.9552425263248713,1.3391578808789897,1.3714625985850624,0.9730534402908723,-0.34023013176085337,0.30827559092982904
1013,1.2813580939534523,0.43079052894746384,0.44740678813657997,1.292763526724111,0.4171925417158643,0.45618501844819576,1.5654455880103606,1.4963455225270548,0.11230216913863311,0.11488416201257746,1.4618662175523658,0.07897569997508923,0.11852737620030027,0.5614815265191773,1.867660557840198
1014,1.3117598128724066,1.3576397923833272,1.3662499693081347,1.3022354216843188,1.3747991114506741,1.3772555308516956,0.9828120183122103,0.5215526875850098,0.5919571641061713,0.5980095498799587,0.5391321510791293,0.5813869281650141,0.6006151104054395,0.970885426635151,-1.311438631642761
1015,0.201149424134151,0.16544649748821788,0.2376321597488148,0.2088324233344341,0.17279186032650812,0.24497176342385932,2.316381607971944,0.09125396639164576,0.06007085029747796,0.08983832026855772,0.09845680154746571,0.04048524743307696,0.038566158618336614,1.5343400947978467,-0.21265906201925702
1016,0.8951342610491708,0.034611196850050804,0.029453717424530974,0.881722121892794,0.03842934028316622,0.027451591710522905,1.8915264464409915,0.8412718787687635,-0.1007677815012904,-0.09056394036026767,0.855751834821246,-0.13719002588669021,-0.10035118617737655,1.2897722553158026,1.8219583484453385
1017,2.98333775537177,0.3515652350927709,0.3610959910228716,2.9866338483650523,0.34809208796872637,0.34970286459931993,0.17594417625468334,3.7630355909166027,0.4395603359217917,0.4066633041450256,3.7553223443819936,0.4415674047315238,0.4021412546077687,-1.303443088653823,5.202058116904018
1018,0.5644012423535831,0.22820707149427089,0.25685992409083785,0.5763470845787886,0.22353200765292142,0.26330356726710635,2.1916237841913584,1.046049610280745,0.7917331818923317,0.8761565243938257,1.0842430809138526,0.8277580152556104,0.8105905005580605,0.6953113742262687,0.7882221926314883
1019,0.5280968088596479,-0.24374170755569172,-0.3507717290479689,0.5252405483416147,-0.25046258308181435,-0.377926892895013,1.7218900978566325,1.271580335954529,-0.5985857145967928,-0.6824337160098985,1.2469408444983245,-0.6262250547757701,-0.7180256282238017,0.5088753201573867,2.1987999153238067
1020,0.09197678895348628,0.25399778382286986,0.2814187994295926,0.09646461396342706,0.24877626436255681,0.28559629193373165,2.207643931585544,-0.8085279428081728,-0.562686200112816,-0.7229126854689584,-0.7849676559001688,-0.4828492652063889,-0.6762141141910117,1.7111497088660437,-0.8161947587494667
1021,2.5422526826732277,1.305704991447735,1.3371792397591145,2.5442784284300175,1.3000584427161928,1.3291218158196247,0.44808014244729744,2.326317528598207,0.3279228572881028,0.3398364703882254,2.31366700757224,0.36167153090013754,0.3320071169375056,-0.6760856058714576,2.630292988035132
1022,2.1739643027473177,1.5020715142567744,1.4394318775252428,2.182057557117301,1.5094051070154098,1.4361425649299036,1.2079306247829782,2.6164967341983045,1.8409381906913205,1.6915063568173727,2.6221152743478315,1.8397866512442667,1.6943647074166255,-0.28620508179383086,1.7879446530294112
1023,-1.3209840375594661,-1.542470158529635,-1.3318220973088744,-1.3204418919077234,-1.5636680305748396,-1.334360231724691,3.4297483497425136,-1.0939819462247191,-1.3434503696236408,-1.4824829973204041,-1.0146416610596747,-1.3039120502511419,-1.5057324214877388,2.201089038394955,0.37810194073369735
1024,0.042090424406446544,-0.00512368911075994,-0.0050459293419528655,0.04769888275372239,-0.0071080945081289605,0.0062895827052298,2.2404974758098044,-0.3744048774807507,-0.5348038492819263,-0.4996854163389515,-0.3890877265768419,-0.5450619447881667,-0.5068194728570712,2.0589999912684074,0.4113215253564825
1025,-0.6545331153432707,-1.3644973673188656,-1.4242920022016665,-0.6674413014766348,-1.3846402195128387,-1.3718392891637572,3.0157690003133055,-0.2037928937142106,-1.672598279441888,-1.5953363215406124,-0.2920213477654848,-1.583856170889618,-1.5081280163360924,1.680339971547043,1.2521542118293385
1026,-0.8058914249996506,-1.0079791012030805,-0.9676972007220134,-0.8123082781990253,-1.025758302528415,-0.967779160978326,3.198003080263582,-0.08265002631397722,-0.3617403683636058,-0.3584578969067045,-0.086629174767603,-0.3745316794635993,-0.3555385041987504,1.6162374931859902,0.9261811752806854
1027,-0.17553959360666593,-0.23592724944061244,-0.27736528551791917,-0.15083176875251847,-0.26641347918534647,-0.28668086589881236,1.9905699473125116,-0.15074343403717352,-0.10464981665103197,-0.108360615909036,-0.14382503077265876,-0.07495662441588512,-0.11403125503579481,1.3094572046949065,-0.25481429842759146
1028,-0.9760660685714767,-0.8510610727585612,-0.8386355396393781,-0.9676180951414172,-0.8117474009613227,-0.8343105621168944,3.207341043314619,-0.3938568213492442,-0.19575595793411338,-0.22410283910933848,-0.44750575054811054,-0.15066140112881668,-0.3460288397877618,1.6059133754809456,-0.8529935197449133
1029,0.9862618489949833,-0.1791838496033155,-0.19950765058200204,0.9708547466308997,-0.15569420749266072,-0.21718122151603553,2.510738239056206,1.174075042255262,-0.8770615316362083,-0.9470637590172103,1.160039616797166,-0.8765978551845485,-0.9229586357869476,1.5506453571164707,2.2430693169216354
1030,0.29030272453009637,-1.6094467338286014,-1.5467240373854216,0.26748077091953265,-1.5884170336791115,-1.5539562981814565,2.1279990866497123,1.0217392743131715,-2.141918655706936,-2.062758674321483,1.0211756925185551,-2.1121819378141424,-2.0343712211779374,0.7557367940269023,2.62896213191344
1031,0.8084367334509673,0.7391427820727808,0.7636524874317383,0.8047287378342339,0.7673635185812127,0.7675536001795169,1.4785570631581626,-0.2821820516385242,-0.6854117378415737,-0.6889797830741431,-0.2644516624095278,-0.6892978928734944,-0.6054911792317443,1.8155154344524738,0.346268358889472
1032,0.7281453762195373,-0.6560488955915816,-0.6533574406231513,0.7271667841202135,-0.6643434035156639,-0.6480481981016497,2.3251788702041982,1.185501720608237,-0.7221121338475204,-0.7885339882812067,1.1943223774419118,-0.7488532092361225,-0.7962258714535603,1.2181725913660346,2.4864667935709064
1033,2.4915866902286514,2.7397943560121933,2.741283037886886,2.4952603564114133,2.7466135771272597,2.72028355496424,0.9891072007308666,2.0533913383254427,2.3769507414209468,2.3033356064295782,2.0465792473309774,2.4017472516592826,2.2735918239990136,0.28003819821496373,-0.5616116631476767
1034,0.8197164451643201,0.8503751876104623,0.8641514217758883,0.8195650370580929,0.8798925608136807,0.8705037900398652,0.9746955962303119,0.3562288571499516,0.4928868198122806,0.45181144895221576,0.38412042745381675,0.5619498099506116,0.6129483197280249,0.5498716701062861,-0.33485802512658686
1035,1.115369457213454,0.2743936772978411,0.33104770787872384,1.1214644298005645,0.2874264310571507,0.338906914888445,1.351992676777559,1.571174561636528,0.20584071771339865,0.25062361165652935,1.5716251012425357,0.22180351195652367,0.26025257331466223,0.04004652106658767,2.6999806674062192
1036,-1.2055697940937744,-1.236669436285421,-1.1972065387033515,-1.2196321899860425,-1.2470782571824275,-1.1948053713785556,3.6334643687984918,-0.6662475159933962,-0.6410434497216834,-0.6381309607678958,-0.6769334134366405,-0.6609533656496464,-0.615059913519236,2.396513877552841,-0.9124626317492329
1037,-0.3392867148933212,-1.3481278625918613,-1.2324797901903244,-0.3327171469507136,-1.3315383252710338,-1.2239748546272249,3.1010169964793746,0.12092597860302572,-1.257281258478655,-1.1168193277294938,0.13564854042428268,-1.236435973943873,-1.133349179513293,1.9214235219013225,1.4173975597212183
1038,0.8356360013509123,0.7540030487348026,0.7233832647292379,0.8359157499943648,0.7471418842104056,0.7312727110536146,1.533308587063605,0.7883371182542708,0.6363183096251522,0.6310207675869764,0.8108605719003943,0.6447788917699884,0.6456785852045224,0.5520641524969356,0.8860978001031286
1039,0.10152033295498034,-0.0001627384456860022,-0.00016985517336643295,0.08654910496308003,-0.00231417194057486,-0.020256804611429275,2.7344462926308526,-0.09545379027383187,-0.24280676036719973,-0.24734635273770614,-0.07117055595238815,-0.2563604369862149,-0.26085615875393525,2.2134940459317995,-0.0010451023880683114
1040,-0.6895987606064153,-0.7414880801408444,-0.7038023415164084,-0.6763267556969658,-0.7409700807154298,-0.7130182624918093,2.864058760038905,-0.21885617559109485,-0.22033502636946303,-0.19552545337893035,-0.18546653163076124,-0.2225513274682196,-0.17727753878642644,1.709656558867694,-0.4325920801193992
1041,0.729505768396617,0.6369085783810391,0.6386402886173957,0.7242983297425453,0.6452574313068106,0.6334591843003051,1.8476918761017627,0.9015870115639082,0.9261822361142934,0.8388211428956532,0.911040994934029,0.9430257052266425,0.8371771710866065,0.900715458186959,-0.25859068442765265
1042,-0.38399600386833865,-0.7692042755951924,-0.944821832131144,-0.37631536342209143,-0.7591757072593354,-0.9403755381492036,2.7266938907121485,-0.27020271366360227,-0.7901813039584196,-1.0062674248037817,-0.2925443829053308,-0.8164163006968733,-1.0097304916083596,1.8850593280101446,1.2229427603471696
1043,0.7531912693216908,0.30073754712363876,0.28951917396631105,0.7545422281358249,0.2974516203188139,0.2957325302627063,2.335657974498718,1.0081540721558162,0.36740367800395257,0.34894449764087576,1.0062531741047067,0.37307852019121274,0.35136131044372704,1.3192178061518787,1.6342492307130032
1044,-0.45439202302130993,-1.1629061909904552,-1.1051379896776095,-0.44931775836364896,-1.1450248880568625,-1.1096818781262419,2.5342181360014817,0.08438206101972803,-0.9552221442085542,-0.9327637608161189,0.05946650287098367,-0.9654836318569994,-0.9306707715913666,1.1691762306313884,1.2733458370070694
1045,-0.6159372695652338,-0.521031204812385,-0.6778714578509162,-0.6137517168172633,-0.5053850103133215,-0.6921758558054527,2.5272629012448973,-1.1073203651104253,-1.1678519209802312,-1.536521581378465,-1.1581756209597174,-1.1582833507893755,-1.5269070548472854,2.219085863870198,0.3271399414155102
1046,0.9146990690501348,0.802554687486415,0.8318852583379189,0.8955232182843601,0.7865654652186789,0.8253489168710078,1.0721679001092117,0.022672114034834545,-0.25525177076271305,-0.282779297042452,0.0040672411656947505,-0.20950519027774303,-0.28019626734950415,0.878964147874593,1.0406067947222861
1047,0.890031587293949,0.14989943191100727,0.1505231463598173,0.8987539039261041,0.13785033331555163,0.12142323115370002,1.9008527500285541,1.6904038711574243,0.452803987600463,0.44351185030269985,1.6862350384746365,0.39274324613193745,0.43629317994020045,0.16780716432903672,2.2023416221762453
1048,-0.11943397936415695,-0.10456846660028737,-0.10479600253077039,-0.1324181203875739,-0.11332567564786762,-0.10138855197268487,2.5461090627915866,0.09089509168502469,0.1117243519752475,0.11479783535461928,0.08109194985501761,0.1454258721643179,0.12465258292135646,1.7220743717430282,-0.5038192339707497
1049,0.1357046186287301,-0.5081105851801788,-0.663321843159541,0.13472379741183588,-0.5235466897179931,-0.6844800608389632,2.124467349997533,0.8572163814316588,-0.4606306246835582,-0.600402431388456,0.8286013433365675,-0.5042155258583284,-0.6366404245655041,0.785249785549926,1.6476433259087453
1050,0.15191621407897385,-0.10517003227923676,-0.10553279704585804,0.1553907440203428,-0.09637514490472995,-0.10653871256018793,2.183298878586105,0.84422395541429,0.557603978010556,0.5584859211413278,0.8693373841058987,0.5141968771121423,0.5644362650174063,0.8012572371410939,0.9989123036886453
1051,1.3544872258451177,1.5757622155954687,1.1265455159394233,1.3573359468955621,1.5757146759536178,1.1102145590941812,0.5351432374051334,-0.1026604112305491,0.21067706887897675,0.1989978596142105,-0.08296683154182197,0.2675843644283457,0.16975230160753327,1.4806802552404148,-0.6092148060863254
1052,0.9103094019962334,0.46207543859877803,0.5218381120545282,0.9032842966376623,0.4714177656911685,0.5237694191750605,2.3114453886911766,1.079639368395094,0.49472786770216515,0.5829323343838683,1.095069277543034,0.48847936828441685,0.5833217854486772,1.1572206373989808,1.9757247090640275
1053,1.7293002393186485,1.095267126509742,1.063263698258743,1.7227234368244544,1.0948829278858299,1.0550436927531635,1.307467006547115,1.0069714506165983,-0.5080777163799076,-0.4443587545314814,1.00210038680931,-0.4845942305185998,-0.44267641457522333,0.6727194467035981,2.008896872250468
1054,1.3256495224731775,1.2900408244920187,1.4129958268637155,1.311592456849757,1.2805162725295722,1.4047238831735431,1.4936331981360715,1.3489389551186772,1.3181619432547458,1.4628124005413252,1.359789787487029,1.2939160372239336,1.4856876414340163,0.6242096417861825,0.17572506981315128
1055,3.6331078163805093,1.0715118506923262,1.2839273989484443,3.6211943614965514,1.0818295476266477,1.3101472753390724,-0.9054926124842536,3.7194643748615928,0.07214850075770629,0.08153444196298326,3.717606077939544,0.12496053368448239,0.10442245462113918,-1.640574869107845,4.478033213259589
1056,-0.9574780445962565,-0.9385877712199941,-1.4375768943591558,-0.9601645435922112,-0.9337643506017591,-1.4664844200460405,2.576614230008364,-0.5542442471762102,-0.5306389956101162,-0.8306214910824178,-0.5886233053436514,-0.49494462655474847,-0.8246469919690453,1.6412592886923534,-0.38182861719630434
1057,1.0888292827662112,1.1500727042362382,1.2017912217883169,1.1425300389164685,1.1230121465624425,1.185987033421302,0.43793489870889063,1.3907614436985718,1.5035626037536205,1.4593858838689795,1.4046561577082068,1.4211544357487886,1.4586679503579731,-0.595905789372866,-1.3198254324899825
1058,0.5585754127270023,0.5950152999142105,0.5855274596924902,0.5641029995176895,0.5953256924295933,0.581547211227207,1.9104261872770825,-0.9778206127548316,-0.964510159910185,-0.928104719821928,-1.0009113560231353,-1.0105881999799378,-0.9202847216515952,1.9579255211333044,-0.3648140399031365
1059,-0.2487179963275549,-0.26027024827161904,-0.28899777870675675,-0.2687875883231271,-0.2729299772668426,-0.28830274473800194,2.7047273412789483,-0.5650906939233119,-0.6530527987426822,-0.627188938249105,-0.5615461110754152,-0.6983503098167889,-0.5683314892021032,1.9060624599019864,0.06415117005640034
1060,-0.02041623458403917,0.022763528489144626,0.026194962065339698,-0.01732791667393685,0.03602449715346649,0.01855341684675986,2.15083787686613,-1.1242333282899988,-1.2419060262896098,-1.3427893398806712,-1.1113486438791187,-1.2147495234185528,-1.3488597056641924,2.3297357308950333,0.10765538442984322
1061,-0.581130446875495,-1.0919429897236077,-1.1010417636040895,-0.6040347422448558,-1.071934943177566,-1.1131095504601027,2.1881953470449043,-0.8987577910165437,-1.588972007222967,-1.654726539231969,-0.9382585198383451,-1.5820266451297047,-1.674158345607092,2.0282635149800816,1.068762703625844
1062,-0.12832412815699262,-0.09794023882437286,-0.10030894327637135,-0.16722090134760081,-0.07017180618258599,-0.11368885853411474,2.0854379388154114,0.8100616951207242,0.8422751888013785,0.865295934443662,0.7737136968719339,0.8428754088524837,0.8740624875235132,0.33887038139572606,-0.09394425078985257
1063,1.8585837441787894,-0.15330374380203565,-0.14785477360231253,1.8361985820031965,-0.15982278169991107,-0.16834069788487602,1.3112619328049402,2.0345860720112707,-0.3710703167896597,-0.35586582578601944,2.024904153102967,-0.3686507016856882,-0.34218176568598646,0.5255232023344896,3.2348127532053703
1064,0.5932916311056613,0.2787830887989437,0.3146749674520069,0.5835326920985083,0.28756967566403324,0.3021886729281945,2.8831763346761115,0.43262978980053024,0.15980637422229294,0.1810518539269655,0.4387694178236575,0.18670711716752544,0.18421448078826883,2.2550164143712883,0.1785920454379761
1065,1.271069673647967,0.7664900404868439,0.7201984522884988,1.260208033488444,0.76425429262129,0.7135386101531108,1.5522830126001577,0.524738745212892,-0.2779122916078078,-0.2550811380283698,0.5225047858998902,-0.2731934688263562,-0.21944410556606853,1.2306016501799615,1.432480195397112
1066,-0.39910684336258895,-0.5496314159277761,-0.5380327992191867,-0.41096306641528624,-0.5688350765424647,-0.5392382794010334,3.522481998220304,-0.39582076195747734,-0.6230616107613753,-0.5943295954461567,-0.3867549346972341,-0.6269311103104664,-0.5964582704812289,2.7502876628032746,0.29661940026647715
1067,-1.378053393212494,-1.5332080350039685,-1.6028813178683332,-1.3923207134326603,-1.5420646447463247,-1.603596012399767,3.9115239273617175,-1.6392118509633564,-1.9290589700152738,-1.9707199995131082,-1.6540609295169297,-1.9382320080213944,-1.9616409474666778,3.2603352187799968,0.7805280421226366
1068,-0.751091029301498,-1.5481962850190194,-1.4511624277148263,-0.7508507835282967,-1.5504067907500603,-1.4335335932127202,3.0772569516002277,0.47296321118652385,-1.4697966438581676,-1.3877874968295298,0.44955094546828306,-1.4405128253134052,-1.3398081000381967,1.0727584324589037,1.5766398039537557
1069,0.3893219347894665,-0.14450062641804914,-0.15226881793951377,0.38724122402152933,-0.1348721811264666,-0.18404215133056792,1.9164655851894705,0.39130982477713905,-0.34844636475890717,-0.3555594790689723,0.36838175107104154,-0.326363124550991,-0.32807836575701976,1.1173860937817994,1.9289680206647823
1070,-1.4155729527463903,-1.2954997560867083,-1.3767411122453048,-1.4066652726324793,-1.2885949493953408,-1.3689812342238252,3.229196833183634,-1.933665343463592,-1.7409933643667344,-1.4903140808888566,-1.940566869165559,-1.7648841486122673,-1.4598853665880873,2.7761217156436744,-0.8048697435676315
1071,1.383756135202574,1.3770851559749318,1.5573325838839336,1.3670633121351734,1.3765682465339435,1.5808328464226313,1.01964848090607,0.5660126282716103,0.6471850182392319,0.6221720936242826,0.555790662085485,0.6554439869417987,0.6001316098670068,0.685604607692245,-0.3063411298289413
1072,0.20401196065167307,-0.4584732995852977,-0.440677844023759,0.24072412467659388,-0.4809051425385231,-0.4625787012850269,2.38910121375049,0.7579359077200305,-0.3876230471532058,-0.376127952989297,0.7896621430788132,-0.3162264479638042,-0.3845958068126328,1.0495746324910753,1.3040686704124729
1073,-0.39810759828325293,-0.5538470210703611,-0.5193686785655611,-0.4119081287909901,-0.5404703578446173,-0.5303273562297445,2.370964739058366,-0.2969416544260107,-0.5734528698460816,-0.48633061478321576,-0.31688168487878504,-0.537755098814936,-0.45504524043801936,1.433208340848288,0.8244834163852963
1074,-1.7842986287967926,-1.8076681722572292,-2.164699602488658,-1.7764288883862067,-1.7990766529899325,-2.1524455280948263,3.6361982991370914,-2.0952519160044467,-1.9674926627346616,-1.9409226577011034,-2.0882150232012617,-1.9926706020840066,-1.925132564015927,3.303670318724232,-1.7001346891613
1075,0.44176589234459496,0.43839883026893545,0.4319628890005186,0.43698803787141566,0.42854432364750333,0.4399660503797145,2.052577655241335,0.38588554419697113,0.4350748808927781,0.43013783467604116,0.38790893676084576,0.41936651052661894,0.4301792730858967,1.3200571440184845,-0.6611559971229863
1076,2.0749657641235597,1.9419897938961594,1.6566331782283348,2.1026350072504094,1.9386419038778062,1.6563183567465027,-0.4050357190286542,0.7770250292298856,0.4517645278019327,0.41466696028361794,0.702177808843431,0.35451675109580844,0.44784934655384206,0.46259893212964864,0.6575880096310912
1077,1.8890033628727019,-0.36522962786894764,-0.3504981655917524,1.8883031948982716,-0.36272193381657347,-0.35587411020940346,0.9388141589871055,2.238217838095744,-0.855488970064599,-0.856304354941278,2.224777830364559,-0.8855678724583746,-0.810000584699997,-0.04034281749779033,3.046317621415172
1078,1.5039104654297546,1.6735730246014955,1.8264313878779552,1.5135638306469188,1.684067106473945,1.8345503219348704,0.5650763091424366,1.6641609628668301,1.8122239957802775,1.9755281613295346,1.6485931196875359,1.802229785692135,1.9774855756471952,-0.1609297595434379,-0.14743625159082047
1079,0.3182751805593908,-0.38430951075285597,-0.4449372636489361,0.3034615671395709,-0.38336093141339633,-0.43241590877865244,1.7226256418768544,0.8854701270020232,-0.6922540070522336,-0.7212919586362279,0.9045702040279922,-0.7257404994558447,-0.7299180856390131,1.0914724599060606,2.053810513030238
1080,-0.7030762166225168,-0.892742656012068,-0.8593419333372838,-0.6932851057750284,-0.8470964059606789,-0.8738269009838556,3.108767435140732,-1.0015326221537877,-1.2982298475501712,-1.1615668930820817,-1.0234742980039795,-1.2441668967023325,-1.1188517483482174,2.5325103067205563,0.3181351590614506
1081,-0.36081872542319066,-0.3997029485488491,-0.4405785461023715,-0.37688593069257165,-0.40007238357312186,-0.43227867327838393,2.4090613383322297,0.18459543175574222,0.15937464218713515,0.16200439509787748,0.16371754820324239,0.18150521603314626,0.12595157573153642,1.2831092015457293,0.01957062140076875
1082,-0.12650728185851515,-0.6167420328731376,-0.5864331835345313,-0.10928385060525389,-0.6245746544818541,-0.5806232005686008,2.4797278204196638,-0.1851873753567051,-0.9775788813432446,-0.9490042314434967,-0.2067011023612973,-0.9762822043170554,-0.9457306642650671,1.6992954850359578,1.6648106340003195
1083,-0.42233672456535254,-1.2985942703699478,-1.3575722547293625,-0.4254946501831918,-1.3045958009596794,-1.3700599597645065,2.837047253457647,1.2313765708654805,-0.11050150617278474,-0.12229029055520872,1.22316942103428,-0.1270544387351674,-0.1606668353015987,0.5974160359527486,1.8796038223577545
1084,2.3334249870758117,2.117591021042434,1.853921245388956,2.318328432474304,2.1156264143613734,1.8619779826211251,0.07051378926869428,2.703262869368614,2.4230303022802753,2.0470134282477748,2.703911034237514,2.422469157119533,2.032007742181244,-1.200491146226965,1.729644379446511
1085,-2.0800677989538876,-2.2181153285981603,-2.2101328614049844,-2.0917123927999928,-2.229294021466468,-2.212705064126286,4.113555278770178,-2.10424507923723,-2.323333885475365,-2.3429786388243508,-2.0911380177699077,-2.3200749618269843,-2.3220589642127956,3.109026675246937,0.048029294832330906
1086,-0.3393733004676804,-0.4522148099062342,-0.47495796810739976,-0.324626350046679,-0.4184770942742961,-0.4933980149212782,2.4660442963827993,0.05118560953819655,-0.09880637132011698,-0.1094093897591079,0.08669865247661208,-0.08260852329076983,-0.13270175869242326,1.220784444423034,0.32091973721226474
1087,-0.30809305008506743,-0.7151423808545259,-0.6246325044759009,-0.2915042831670414,-0.7051016765198286,-0.6081766512561569,2.5492069806009794,0.5168506987930348,-0.25667804453548815,-0.2558430571373688,0.5033786717406626,-0.21511669405246311,-0.28233227635391484,0.671128144322277,1.2606812020803049
1088,0.9265007127975302,0.04370510187654407,0.043379453996688334,0.9312136530156228,0.032867008269532996,0.03200486590308668,2.6020711091507027,0.7257025714178316,-0.7892329250718477,-0.7657348101540279,0.7072018193335821,-0.786114034066954,-0.7521867642828475,1.5428192995785726,2.071511229370101
1089,1.2188594609088863,0.9180580980732652,1.1006525267761713,1.2410443177889077,0.930373187128225,1.0550013987397768,1.5390224491838056,1.0395937850308499,0.5704270988519493,0.6294413451993092,1.0483601096444022,0.5270787438252028,0.6166125819211256,0.7866684334678671,0.9129695180146412
1090,0.9270729195623949,0.44651365399039056,0.5643491683361084,0.9593190618985328,0.45908713778881705,0.5338110481946828,1.456809522168575,1.4073192351480426,0.8039042395184638,0.9552150737623538,1.4480757925254275,0.8030845523758386,0.9336013569227177,0.26996618801553973,1.576499569282618
1091,1.1311025638247738,-0.48773399046016674,-0.46476296855950433,1.1215148865703228,-0.4663511029318912,-0.42977593297279165,2.241932446102618,1.4785986734936858,-0.3740693714743259,-0.38670699565130223,1.4369698005311229,-0.3879093949255066,-0.37302985254489923,0.6107275386476738,2.7523374759349735
1092,-0.6399214618719675,-2.027646952767264,-1.7848086234391787,-0.5988775784460942,-2.0070099417079077,-1.7650966463273121,2.2574573638793765,0.24727146592677526,-2.0308711362710468,-2.104867224871402,0.24271691711991136,-2.03912643003874,-2.2064731743033845,1.1669385630457405,1.9645152166845725
1093,0.7090760370074931,0.43529888066833494,0.375688139283352,0.7007843365152506,0.43503569807758696,0.38524278608925006,1.5844112743722698,0.9021782948722177,0.5723431671730621,0.4593979202926716,0.877767441756311,0.5518000679481526,0.454116739291705,0.5236069454055999,0.9134478265324343
1094,0.983535466437162,0.8106588212832687,0.7473794046213045,0.9515644442200548,0.8316461098425748,0.7308059586139856,1.0448531222849762,1.1415918216426753,0.9005364926172343,0.7252110239362873,1.180931096642311,0.8920689425821452,0.7392692635420295,0.22154626770753028,2.1776106327994498
1095,1.6218707434427442,1.7576717613076263,1.5466758553310131,1.617017258245282,1.7608063475673996,1.5223220147211987,0.5500223863760579,1.0678171830057863,1.340091169374017,1.4513830400912144,1.0698581523113027,1.340748251990544,1.444019285939515,0.5844270770091348,-1.2208904186160996
1096,-2.1533365170081464,-2.0611650890080417,-1.8324139260176968,-2.1943366633670736,-2.0999098402661036,-1.8700626955816566,3.947537935504237,-1.3128246548322065,-1.1909819953824814,-1.213641429731492,-1.2795698117393652,-1.187030692798638,-1.192643485519504,2.353079679634814,-0.9761498567432845
1097,0.4086664508071574,0.04656254932193145,0.04551376269903556,0.4078547401578791,0.0689881644943043,0.04573027857152763,2.0526978268920923,1.1124438675963486,0.7898302220555241,0.750106480900203,1.1158088039231435,0.793468572755292,0.7350322119818162,0.6808219935623484,0.9935497872428267
1098,1.7256183974294732,1.0216796156520507,1.2289612582543346,1.7202634948109026,1.0131496988369266,1.213685488095495,0.9297113428877011,2.5996518303382627,2.015648723717826,2.373491915662475,2.56537462875473,2.0145339572665675,2.3266339187963734,-0.5059409931470238,1.2833972092321995
1099,1.9633432214402988,1.013890332964733,1.0790570370462078,1.981375249287592,1.0114961371221898,1.0342276663617416,0.42278478292217275,1.9485113350984022,0.1810669599033099,0.19220936626719604,2.0008082462515664,0.2152640093699818,0.1719323063130817,-0.2893466735827876,2.190192064681719
1100,-0.8745332465331345,-0.919122225086365,-0.9373023394818542,-0.8762910062661724,-0.9316809896379914,-0.9405613592865463,3.4911983487964626,-0.6319793711981101,-0.6421670621072609,-0.6842376396990835,-0.6615245911037955,-0.6267860403829347,-0.6561625159304426,2.3334958771459386,-0.5052633153869068
1101,1.2645592800271386,1.2607623380859254,1.1563456967024883,1.2794556292004873,1.258988622182605,1.1550441842244608,2.1053230156108618,1.042082921578987,1.061654701998832,1.0004008075744397,1.0171290648986406,1.0459668917031861,1.0167535417936975,1.251425399092956,0.12768168278961536
1102,0.03691711622204456,-0.39444279162841267,-0.33284571072969593,0.015286278700568813,-0.43300110462810387,-0.3218179240167538,1.7323472517178242,0.402719442524581,-0.6307400513666322,-0.5861286902773101,0.37225014510006516,-0.6793310904137506,-0.601703801737398,1.0408070837838272,1.6937748556575032
1103,0.08138470667266946,-0.1493360752731283,-0.1465289214958393,0.0949381078105934,-0.15972030468957638,-0.14898188174257349,2.167736495022648,0.4000138476210743,0.029733981522061827,0.03175323196541231,0.3596122097036144,0.039136921166785396,0.027010974966210098,1.0663182739152441,0.6140684147597693
1104,-1.012261003881954,-1.9553266083851668,-1.8164051065243119,-1.028913815496841,-1.9490972180027166,-1.8213034850737657,2.9927085462839074,-0.31293243616933053,-1.46744555933669,-1.3454841726510116,-0.2931800424384259,-1.4980425702156446,-1.3410792725927596,1.7422753163619669,1.5093470299991154
1105,0.2962189443379855,0.29836001468132467,0.3047739887563954,0.29423322669000773,0.3611340239509989,0.329154554772277,1.5223771858724238,0.23239742115732182,0.24224781366530773,0.25384260815040977,0.2654161052235591,0.23798414118217168,0.22336537124448344,1.0071697699367717,-0.3386230257028144
1106,-0.08244797502933919,-0.14902619300016468,-0.16946914741337327,-0.0667096787482435,-0.12620156910375277,-0.1839128281728921,2.00428456169975,0.4273474840288349,0.4688045526769686,0.5221176308745907,0.4136428251054107,0.46329226064709367,0.5832964658100293,0.7636616813754282,0.05530286208836745
1107,-1.4492564518085227,-1.265202951907216,-1.3078054135786252,-1.4113009165547012,-1.2147463535184144,-1.3107653012999798,4.056098454325198,-1.0999030140616604,-0.7810092468840896,-0.8235714180933605,-1.1182470538713432,-0.7752340185827449,-0.7786056030619476,2.3755492588590257,-1.180308048121997
1108,0.8737950852302936,1.006663221596699,1.049346784856376,0.8716871166941577,0.9923169832894648,1.0292619238527423,1.6807034485787324,0.7375923126279353,1.0423498831863067,0.9799797947704927,0.7632902821131796,1.004735829772045,0.9710732748828591,0.5563828592818727,-0.9707948164000022
1109,-0.24552490484620712,-0.7696018931022337,-0.8676703996868462,-0.2520174291448641,-0.7500585726175283,-0.8537681605903917,2.451865090386337,0.37811203736317206,-0.5953308522027452,-0.6727093998688662,0.3111355734854467,-0.5804390237328041,-0.687074768230799,1.1820450425380402,2.202518151855868
1110,-0.9615693075354238,-1.2479320062120223,-1.291056080947175,-0.9692653489761055,-1.2518851423886381,-1.264516641845926,3.0188147040071214,-0.5979805099337591,-1.0701598147776705,-0.9544510423891827,-0.5745803792283752,-1.08115082724535,-0.9918621539624172,1.9333647159654863,0.9527005681185791
1111,1.1990081030871214,1.3974390943709984,1.6542750896211704,1.1913257435925437,1.382337968074527,1.66722994777382,0.6962159916212989,0.4981387199013376,0.8287450054069608,0.9449932286783375,0.4707875502533806,0.8749558417502111,1.025285251574981,0.5612000588973285,-1.463355647153464
1112,-1.7186983354307621,-1.6657053833113629,-1.5380753888293743,-1.7040951338706505,-1.6940339632310868,-1.5430543893687536,4.048431063443054,-2.2385586141385008,-2.025424047450635,-1.8930739376003216,-2.2533270976480533,-1.9993339021793044,-1.9465456698172547,3.4434395730228147,-2.434805180199616
1113,0.08128080668802248,-1.05663052568338,-0.8876293970590953,0.08408903655953348,-1.053093071998812,-0.8917098939073331,1.6480614851779734,0.6460902621712187,-1.1358674386862349,-0.9604020175722566,0.6453319837745934,-1.1428415579434557,-0.9741857209675314,0.6790113446505639,4.286845603533951
1114,0.7735323483317973,0.9363364666703293,0.9921348778833047,0.7636612843610312,0.9068432444288503,0.9948509923672153,1.3932978347761942,0.15749018231561587,0.36361638890148956,0.3639674558473795,0.14980813805000687,0.35665721302242664,0.4317064355007195,0.9495874284170419,-0.2844535184328071
1115,0.39110475994585514,0.2811671712584931,0.2623085819094685,0.39165521918304047,0.2932743083551107,0.2624286080767888,1.6946552884010235,0.12239987781263073,-0.273710048952427,-0.2262974887939542,0.16756208531117778,-0.23457728641779685,-0.17817643586289014,1.1205749128925648,1.26610438528806
1116,1.2304491520889562,-0.21039815913524654,-0.24846179944847874,1.216169786496797,-0.21110625117033022,-0.2283719284508073,1.292644956736995,1.813966580847539,-0.07445527667225887,-0.07811899155905105,1.8303488854847234,-0.04055906951089015,-0.06715634946730166,0.2420468621339288,2.7818858841888527
1117,-1.481112744959399,-1.9002194522681288,-1.7194842004046804,-1.4911172648134152,-1.9169017693676846,-1.748767209729228,3.3474928041367766,-0.3235429157082852,-0.8268707218835704,-0.7946808527996194,-0.33005529169623293,-0.776777340421719,-0.7853924706162099,1.473844555479541,0.6476464707335686
1118,0.16201607028086612,0.19178941396762758,0.18784629831450583,0.1657341302868616,0.16372804152810977,0.19484851912998666,2.1808501399339733,0.330919470913223,0.3504597346125437,0.3386476937865779,0.36991272309173434,0.3442789917474018,0.38065138068386645,1.2839675944123232,0.07158592696749717
1119,-1.2912611700463321,-1.3245999468008898,-1.0312887733749045,-1.2889875746818553,-1.3279342736199011,-1.0334160128170213,3.940593017009794,-0.5700942419427177,-0.5741795545748243,-0.6921964820702492,-0.5699982487991958,-0.5741245566958482,-0.6968307064967444,2.5659389259090415,-1.6906754252274423
1120,-0.4461765373123552,-0.5894198147853426,-0.6239474794545018,-0.4645215187961033,-0.5828123854513357,-0.6252337139203312,2.398193298446192,-0.39612023619205045,-0.839314313001234,-0.8321220798232006,-0.40538105772959476,-0.8009350589338039,-0.8399411356385587,1.3620396823356973,0.6853700334482988
1121,0.2101497080342301,0.2902313083572329,0.34741406983615936,0.23045298672981884,0.2865682251242589,0.32015350695007583,1.812437368329402,-0.9910808886053032,-1.0066505757743076,-1.1946049969992425,-0.9285810700014595,-1.0031090315565456,-1.2259932194443464,2.1395124269668684,0.1323839665019337
1122,1.1911130216618302,0.6153090357612218,0.7158495434196612,1.1711794240444395,0.5974913118300396,0.6696543141404855,1.6516162040994469,1.2911292385533983,0.6301110613835987,0.9117021048703231,1.282590257080275,0.6193353214577973,0.9392970855166469,0.4611346000284645,1.1886666947215447
1123,2.2406484017150956,2.162662264309124,1.8064295683629557,2.2277284248254805,2.152713862302106,1.8071741771162522,0.4432032195669445,1.7879040258776417,1.7032691775282196,1.605271667266507,1.7828351546031476,1.6935551665938309,1.6051526510633143,-0.10143895284195549,0.7538895016271544
1124,0.7013804926147003,0.7416167360991391,0.9039719697752877,0.7168778539134135,0.7573045189955273,0.9164583985812976,1.7337689183015743,0.16500305164717197,0.24984466106996472,0.3445723066667986,0.14589807293276483,0.24775254185310966,0.3488064464768319,0.9934298368451305,-1.2142087274632065
1125,1.7211439593973499,1.2413088590352868,1.106960280393892,1.7265685621796518,1.2456952385709594,1.1115158872657815,1.4394322789981362,1.687809081654371,1.0007555905995054,0.9157919096443724,1.6628072351788608,1.0355154075454245,0.9284146275249625,0.6314234333668761,1.6955963663434472
1126,0.877764487376002,0.8838906669018162,1.0269522921109933,0.8946583773214647,0.8878793273510718,1.0333749512847956,1.6601208816830348,0.5386480095909796,0.6292474297286369,0.696582241951636,0.5342482797169006,0.6067575072897368,0.6935150037634661,0.9931887899889315,-0.7522452301553146
1127,1.985067181471231,-0.39616021820693686,-0.387365583755674,1.9783445309348422,-0.40382937043828643,-0.4011103796057042,1.3988240079202046,2.6038408202369028,-0.4171425887283965,-0.39179545709638697,2.5897525528872634,-0.4035501992502389,-0.37432512517741434,-0.008940162558622644,4.095934490056819
1128,-0.667003981973715,0.21421942786731588,0.20530890762004222,-0.6556229305258856,0.2143547778970489,0.19088385385423762,3.2444743231965982,-1.0556591549480092,-0.16297336107139992,-0.158485706425513,-1.0650592827368681,-0.18126509771940458,-0.15890924845453167,2.803313736362713,-0.8612727930671018
1129,2.17050921491885,2.246992513247487,2.1137857906012085,2.1721851170119093,2.245833727816828,2.115884746243993,1.4469841649936623,1.6012571683163568,1.7051550377734828,1.6887818344183139,1.6039307489319912,1.70334986812703,1.6834740636813275,0.7708789385533752,-1.6210323830065076
1130,-0.343954693432404,-0.45024850668713373,-0.38523786617148353,-0.3560640549247895,-0.45669796736342094,-0.39966454494036896,3.4676247717682678,-0.11292354711093451,-0.1996330238666573,-0.1640953732539395,-0.0998412766603531,-0.16596756064766965,-0.1499403402129493,2.3232838304533585,-0.14154370971898633
1131,1.6431907112872222,1.4939334147977785,1.3443375997318772,1.6504594881266423,1.4913964331140788,1.3313018534744328,1.275034971964607,1.6421668278001746,1.426323315377626,1.1460764489764295,1.6232533951822037,1.4301632202781254,1.1412539474490402,0.34541208678415275,0.9681280461301015
1132,-1.4300510528610768,-1.4028499518613047,-1.3636019339328536,-1.4377973564680548,-1.3724232755445505,-1.3838833724083515,3.9004724109809263,-1.4818718867737926,-1.3321389810770572,-1.2178230115375368,-1.442657557805789,-1.3737977529475578,-1.2484784705644976,2.659210054928656,-1.3258180428950734
1133,1.7636449154555038,1.1983192953583837,1.0539987187838236,1.776466873790704,1.1611822842289667,1.0381151393169281,1.0380653468446708,1.741704799395697,1.1019568303305463,1.0244598804545668,1.8248850587480832,1.1222911867955956,0.9524410974978063,-0.28266407482974953,1.7219508014742086
1134,-2.199948087751069,-3.3777219889999426,-2.5815659826870605,-2.2094836550577033,-3.3679828428115446,-2.5587848067083123,4.024991728949284,-0.1653795360543095,-2.2145159945489343,-1.901195370048131,-0.17487658810926887,-2.2099243330325264,-1.9212578223198502,1.4288095322002874,2.451005483655397
1135,0.1216951479986746,0.10874527914655974,0.1318036933051774,0.1196990471578787,0.0926260647572072,0.14970206951757212,2.9179674659588066,-0.454474071525292,-0.4489163159581968,-0.49486343239081976,-0.524109747758904,-0.44541220664751024,-0.49214779175379186,1.8057198754847614,-0.6299239573181988
1136,1.5929181993345092,1.3061313486966881,1.2744925242591734,1.6024548372547114,1.289714902720797,1.2739967619593313,0.9741707003716795,1.0481867958166209,0.6680549094241559,0.624312153068143,1.0699444753429463,0.7044102861749133,0.6266289267832637,0.4923533372665192,0.9539650751598044
1137,-1.0777996885928551,-1.1447194954310647,-1.1081084662349898,-1.05198270415013,-1.1213083777157795,-1.1035266641831945,3.0147850746436795,-0.9413947794158092,-1.2395625411908626,-1.1681030132095653,-0.8880328559449644,-1.2536038692836844,-1.1510118634495248,2.0488262965448367,0.14556252695554486
1138,-0.09477977324273101,-0.1208965007891728,-0.12344042220258086,-0.07551747046492747,-0.13867916348914944,-0.12401815735847242,2.489662157901555,-0.1739533959784995,-0.38952120519770883,-0.3554393175255316,-0.19356188596540289,-0.403388219176603,-0.3717246084111046,1.6209328557797391,-0.2284458391855767
1139,2.0238806029582928,0.055351524527057015,0.06203673228114633,2.0192753984919234,0.04532372801515638,0.06061021814747314,1.3289626045172998,2.1974393709639357,-0.49115073747270493,-0.5468962582881908,2.212272639381232,-0.4822475246580296,-0.5535947182937591,0.36156054226236284,4.236792754927
1140,0.6524088689311135,0.6181012496359584,0.6712125060950582,0.638539545293037,0.6351495766876698,0.6703882531144846,1.639396664271386,0.3417798492930492,0.2870638054944273,0.29969708846639176,0.3528132206170581,0.23315484843398138,0.25734221353699294,1.0078668898189307,0.02799156521197492
1141,-1.111643832087261,-0.8318677823589027,-0.8924297578632716,-1.123439244284042,-0.8100877625262239,-0.8885473509109516,3.9772068194201577,-1.512238631372508,-1.1995635751702869,-1.1745890531195537,-1.4892289726612464,-1.1347730710107553,-1.181875463090044,2.808718331920258,-1.2296700576018202
1142,-0.22532310903226205,-0.1923566321038936,-0.1869326447283313,-0.2154868694443876,-0.15599901138596442,-0.13820822387242315,2.343782704095609,-1.564479843209296,-1.4851896728519314,-1.4234746976704946,-1.6207113526718107,-1.4263468098276981,-1.3062579587623149,2.5602188770972805,-0.5966111485724903
1143,-2.1975502961734943,-2.3165510371910236,-1.860079341882617,-2.1826078388525385,-2.305185016399427,-1.877389001041854,4.589048940757765,-1.7001009537459835,-1.8723627975041155,-1.5945806530385673,-1.7089407026237582,-1.8680283650317506,-1.602472198600619,3.4530392668801513,0.2580732118469115
1144,0.7439317261359185,0.37758622354492405,0.351936513748247,0.7375130452757066,0.39123970702128447,0.345446961233423,1.6422537592787352,0.3760382991707279,-0.04849935668509274,-0.0462987728857288,0.3923708387946782,-0.013700690060043473,-0.05864409372212934,1.2397492765922549,1.425857193873648
1145,0.7881587569319897,0.4502381213790551,0.4619663115265386,0.78041809489624,0.4415073446024202,0.45024078697808195,1.4158565745873006,-0.1500208942142587,-0.8542564927288439,-0.803542772938041,-0.17160139082960787,-0.8889946438264653,-0.808170957758789,1.5945066471336802,1.210121854773749
1146,3.266230959131323,3.209403625363641,3.1511220314273216,3.2591919571103416,3.2103179996868945,3.157883785999906,-1.0270681502859995,2.843531408024434,2.711547511455554,2.831027068536003,2.8491193675495237,2.7007207177652277,2.8319794105704665,-1.3113785391030104,1.7664112902363325
1147,-0.31358301373065434,-0.28036474251933985,-0.21339108441633495,-0.3188522525050425,-0.29393262932354,-0.2126092320765768,2.5733180294894287,-0.18105362694932378,-0.09439763867199982,-0.07259812835458582,-0.19406382800602587,-0.10832765361468992,-0.02756014883331762,1.58975011191709,-0.8740450306925451
1148,-0.3953228057346416,-0.644794830404185,-0.7033705478473634,-0.3686281944490253,-0.6485926157049601,-0.7073755691798811,2.497127922075722,-0.06402562595515318,-0.45991851065514133,-0.44213862317647923,-0.009574370915444554,-0.42883996641480454,-0.45808834184352837,1.7545132046997878,1.4428520469658064
1149,1.3267257026242556,0.7159045974044952,0.7951549044312377,1.3402253767274972,0.7433939858980764,0.8000267480104326,0.7937637293049592,1.5294308848183953,0.6622011521493754,0.7688168051308109,1.4918828983591945,0.640203860276346,0.6606810740443687,-0.16291391464274302,2.3559946803881884
1150,1.9205914529832995,1.4414065570130399,1.586045638559584,1.9075849667486737,1.411127422826717,1.6132791966426807,0.9371785805487469,1.5851883885401317,1.1245386919135971,1.1926229558486896,1.5456977697533476,1.1375046401601243,1.2164586204130745,0.14900410741295594,1.3194124412716914
1151,-0.755877537294606,-0.5110728707677076,-0.47127559080529013,-0.7518211206408166,-0.5230673599992008,-0.4681913456978533,2.8368484515387316,0.0856927771930341,0.804463457034718,0.77595252056253,0.04512756733005072,0.7807798618645768,0.8187616626144635,1.3786087844161459,-0.38578818494241235
1152,-0.5048374301941128,-0.8321646062341465,-0.8078083181135869,-0.5336905294282174,-0.7978526283926828,-0.8319256744198779,2.386962278455948,-0.43611379228790553,-1.2485141120286785,-1.3770872123135405,-0.4594363618242197,-1.1951987910308328,-1.3661092306102798,1.4699768578111996,1.0885866360148722
1153,-0.6407249375603619,-0.47232068423498513,-0.48371180557470056,-0.6298356608225761,-0.4567560746733176,-0.5025207623243116,2.0785228716249153,-0.17797120142270437,0.06826785208355547,0.06740284691927854,-0.1744807158395286,0.10345908545112353,0.04933396040356537,1.1691221923765596,-0.3205645391495328
1154,0.5570205335715134,0.7143627918962369,0.8094805436688687,0.5460720204624896,0.7174423582841105,0.8127558800376613,1.2279550180528536,0.7441444530542973,0.9116786135587048,0.9661350408724115,0.7695172706080367,0.872678279769452,0.9365128359620771,0.6371354578862102,-0.16464178047614103
1155,0.4671001107914243,0.20594232824002434,0.18738794004424947,0.45179583471300755,0.1981146719459791,0.20481765851865297,2.184004661661505,0.4191670490384211,-0.4090032447203974,-0.41817287008408793,0.4578990974329916,-0.47397269622250193,-0.39509492690553355,1.2287153968505027,1.8190665764098732
1156,-0.12156661481956399,-0.30530592813542545,-0.2897516603767846,-0.1229054791343971,-0.3203751235044579,-0.31772525866049095,2.148677706739513,0.2271975627713422,-0.2801832122345545,-0.2614730517263589,0.17864541089175515,-0.2616373318002098,-0.19120326728271134,0.5207692392341635,0.8511312211331679
1157,0.0030894533693804705,0.1147423860879752,0.12331517631725904,0.023768091995636068,0.10691853214870391,0.13366588886437578,1.826830723131468,-0.44597161953633074,-0.2686113999095547,-0.28942396255443065,-0.4568238480893126,-0.22703575725882957,-0.3153165305179992,1.4125877103497126,-1.1150341189313269
1158,-0.7275305313716637,-0.8677137758236779,-0.7974558440467235,-0.7242567190915993,-0.8784156797660195,-0.8116435247705647,3.767473092552195,-1.2029821786750046,-1.4542377969127047,-1.2631514377583994,-1.1860109373161452,-1.4256834102856364,-1.2616787720265323,2.8267426607491433,1.060154778189001
1159,2.2895283784930665,-0.573089187694559,-0.5004896834470689,2.287653682289743,-0.6210521090114215,-0.5062600920370007,0.24429124202138475,3.230953639968464,-0.191021523195936,-0.1857719363593227,3.216764629888803,-0.23327068438870616,-0.18673321665325518,-1.131564311449405,4.438707514039421
1160,3.2401738501418205,0.3978392746636373,0.3698617743731583,3.2268446720465787,0.4081886241674041,0.3712478832616009,-0.13691623262986707,3.96915475933064,0.20826342878203866,0.20935810093188592,3.944521691381673,0.23375967509924342,0.2413029577703946,-1.4453636275093906,4.923764908680354
1161,-2.2702490891788347,-2.1514484152722906,-2.1908454970891516,-2.320039008551225,-2.209949156919683,-2.0977217131116057,4.18567220267593,-1.652146864900656,-1.3593455919438977,-1.5157358850513896,-1.601375698573134,-1.5159996048934155,-1.5852695233286633,2.454766545022578,-1.0950002297792574
1162,-1.8350074303470931,-1.8037193339707924,-1.9284730526193066,-1.8538381903485799,-1.8093912461657846,-1.91637954234505,3.472018270590986,-0.9997039102756864,-0.9449138451163012,-0.9802154893227909,-0.9915437435244652,-0.9341639906984889,-0.9845944132659328,1.9776593292846882,-0.6282888245979243
1163,0.27573423150017384,-0.14751887026099392,-0.20497302714903098,0.3048238159989515,-0.15127669687779682,-0.20019955182007032,1.6781351895440142,0.5611270070903694,-0.190786756334863,-0.24764952153928155,0.5795826709446912,-0.21156374257339766,-0.2434414572641205,0.9649487087934642,1.3162088291332694
1164,0.4116860577485127,-0.20011657697918322,-0.22074255947950217,0.41254034595343725,-0.22936587720759996,-0.18909388960841816,1.9409751258058308,0.8718938843292436,0.014766667116053213,0.017019446545555397,0.8830290682480181,0.02422944698629313,0.038993351972965676,0.5589627361324148,1.8200377691390996
1165,0.3034215576943162,0.0882505108689214,0.09127033989720772,0.30689180798765464,0.10099424368347797,0.08587862337669552,2.0403362765203616,-0.40742894553542397,-1.2930627760554507,-1.0349770000604206,-0.38662600693110755,-1.3522692923246562,-1.0311318202031714,1.9255780690102833,1.1744006421465598
1166,-1.0707539186001367,-1.5229826163898832,-1.3605500421046781,-1.0308186427898045,-1.5840092547137623,-1.372455840756731,2.6557464377127764,-0.49061771719333386,-1.1229260832808379,-1.0805764037486745,-0.5657313523151158,-1.17133240450317,-1.0991308467169125,1.5932460837091786,0.09329804674467732
1167,-0.6459023113360829,-0.5359411014000722,-0.5674611640121593,-0.6526903304165218,-0.5524907084926305,-0.563991865797489,2.673794433567762,-1.3676267885099975,-0.7845079189863036,-0.8387085648455123,-1.3684939787060357,-0.7764388529218,-0.8804550066330271,2.0899165755638243,-1.7892885582487361
1168,-0.8761653811455633,-0.799165438441656,-0.8490861891122677,-0.8595985048964291,-0.7814242778004893,-0.8538815447285961,3.0002794420499774,-1.2354861628896994,-1.0880469929423984,-1.0699031570020479,-1.2050169648155098,-1.0590569075054241,-1.0912905129082333,2.6330755246255206,-1.1867126183856407
1169,0.21997867267040508,0.26121395224977345,0.3658241388626674,0.219352423247018,0.2664132382201168,0.36725032709564376,1.6216842320035927,-0.2840385624673039,-0.20859172390103436,-0.25455172749766486,-0.2888371480578287,-0.2267548626697383,-0.25892019336018596,1.5353100547314278,-0.744630845602875
1170,-1.2510811114303546,-1.2302159334435172,-1.2479960589901236,-1.2615676212094302,-1.2576181027310132,-1.2558847306445047,2.794912835485386,-0.7287691892438841,-0.6408123566213864,-0.6901714857861586,-0.7593777255185092,-0.686633828973825,-0.7004118446767852,1.9825652453467202,-0.6681975911449293
1171,0.6934529633606474,0.48229190221084084,0.5430578119355828,0.678878714549514,0.47044186812281447,0.5466597489732561,2.3285092690114157,1.286100463630239,1.0169532476803385,1.1430709979663616,1.2758739053633568,1.0125605680455885,1.1515179260925827,0.5910145941191944,0.8749637226482158
1172,0.17178308365191874,-0.5697966540713806,-0.590238358859461,0.18862931671019995,-0.5857525315021743,-0.5818411966046214,2.518954532546274,0.44418469137383665,-0.6578483802271069,-0.6802634195831844,0.45057967884623684,-0.6440554084988982,-0.6961227398263269,1.4170656186873356,2.4034087509907214
1173,0.8913458967660787,0.8735526553376309,0.8535932136792576,0.8906388648997595,0.8938696104596556,0.8580528277325158,2.313035004984728,0.2851022492111666,0.3415582133526205,0.34050976336398525,0.2810475022432615,0.34958957768379945,0.357755273190515,1.7194599909083625,-0.836584796584568
1174,-0.8076616636568764,-0.6331499313468958,-0.7179877300990951,-0.827556464229656,-0.6442643183042098,-0.6959477769197889,2.801883904140245,-0.9974224063959212,-0.6758876032095122,-0.6959619088324192,-1.0136107954628484,-0.6654856024106702,-0.6944883862029704,2.3393359966289022,-0.6901283336741348
1175,0.6209938756168855,-0.1440079358869291,-0.15861847934844522,0.6196673471381112,-0.14381386389115802,-0.16954086975817156,1.6224599041471437,1.8613973798995505,0.5061084701691575,0.5764048078842955,1.8963945598165963,0.5435728392262854,0.5602546405785092,-0.19944781165498407,2.462309646045477
1176,-0.9850735449445316,-0.8150516434191385,-0.8006644400884577,-0.9801207192483639,-0.8244752053126976,-0.8040864132668473,3.942327836028107,-1.2554090179544752,-0.9896269981676438,-0.8791652232625067,-1.2737177534340725,-0.9479504857814149,-0.8901927487194812,3.019039871254515,-2.1859963313649504
1177,1.096305428883007,1.1376544423392296,1.2758202531043945,1.1058959754584352,1.1375811876745894,1.2871792930220491,1.891731809197163,1.205985537110308,1.2885802317923154,1.4468145167062798,1.2150545907591475,1.2765709351990295,1.4594024591715697,0.7122768543985089,-0.5087566732486328
1178,1.4247512098299167,0.6994238579630806,0.6944224568697959,1.4277769841092987,0.688271393614678,0.7008597848785865,1.6712885043395165,2.2895165359387013,1.2241140823458256,1.248440338313053,2.2958470951541607,1.2472996659346691,1.2517864729238266,-0.14727997269553153,2.580864128061755
1179,1.0400342736759385,0.6715840242513588,0.6447168938616419,1.022497783519543,0.6757758340028119,0.6585133838559352,2.656197960118879,-0.5409645031517867,-1.3170025176482165,-1.2165808084791838,-0.5437937012718707,-1.2959984386446892,-1.2087780744338348,2.8877904050480563,-0.013613377609287871
1180,0.8729027339967921,1.048291225339345,1.2792366009315341,0.8728008232654606,1.0623309948397939,1.2909320986117978,1.1869357936814957,0.957573284179672,1.2052305730093735,1.347662315919196,0.960928992210724,1.2145879283484617,1.3236938919649075,0.5226624226965065,-0.8040575269647743
1181,-1.2028007292129739,-1.266227113632751,-1.3861067895843515,-1.2093461614593175,-1.2457761909271292,-1.3771176460178214,3.448771803480349,-0.9156712508275214,-0.7086646668166259,-0.6389461239466746,-0.8692295866350442,-0.7048477130285757,-0.5739325179119364,2.1963763523984037,-1.5384208424263497
1182,0.30565965214289625,-0.001335033121962511,-0.0013655856002747343,0.28259284023599424,0.006237493379509775,-0.005835810027432036,2.2836037607829662,-0.2623281420822172,-0.9403321568277553,-0.8651119696454744,-0.27686209294200115,-0.8657041841630828,-0.9070405587038837,2.2880673621463243,0.9863380503585225
1183,-0.15087525252906003,-0.20618043218055893,-0.22452655257469847,-0.16626975755694792,-0.16707525596074654,-0.23427566766423474,2.0914688494500395,-0.662059491666184,-1.080170276157331,-1.2589559481662103,-0.6777167953048285,-1.0392365618097943,-1.2704610061745725,1.7134513891406522,0.8116608594390659
1184,-0.48731395962214646,-0.3064349132177576,-0.3119575244613132,-0.4755663789616617,-0.3311603354738495,-0.3068348776956731,2.801466620928584,-0.7951988063419281,-0.4871856326268498,-0.5300871318452474,-0.7607804735371323,-0.49363709493936614,-0.4778256498545179,1.965007419818426,-0.8712389125923832
1185,-1.62973414713176,-1.7053884868723264,-1.4232872400065673,-1.616629659141787,-1.7146924115557296,-1.432307416030967,3.965448907363813,-1.5925388579585824,-1.8086690341305234,-1.5152934864871992,-1.6370429657500618,-1.799599884759937,-1.513440843678563,3.1317604929734713,-0.06514276609842451
1186,-0.6090125374378274,-0.7300150235829563,-0.9318308134486764,-0.6314836618102301,-0.7046438484674106,-0.9446784660279779,2.8493318829162773,-0.4019776061687874,-0.6419045968677849,-0.7834573319872539,-0.41169142686426197,-0.5987955406592883,-0.7775360096084762,2.201018293456274,-0.007366223910649083
1187,0.43929963682297085,0.3268450271098914,0.34704572974272313,0.42799759857232766,0.31587251793099236,0.32918128389242096,1.24377587796669,0.10601773789519058,-0.03824877787198696,-0.04520403767768644,0.04351334668253684,-0.003296603991916856,-0.07762805859627384,1.1247110938154108,0.7097099946203574
1188,0.7391432827488154,0.8339849786625575,0.7510792484495189,0.7349770465375528,0.8158661215933041,0.7415846487932037,0.7954715563597214,0.36488841230770724,0.5101409875986495,0.5373305871323365,0.4067025061955663,0.5149221853600761,0.5748627827086326,0.5406358076607505,-0.5631419153469616
1189,-1.2386416911138423,-1.313974972467992,-1.204327874389203,-1.2551267400128812,-1.31560774884389,-1.1723368092055588,3.567457018760943,-1.383326073365812,-1.7589717640804874,-1.7458973595816485,-1.3684159459640626,-1.7600186592229294,-1.7480463216150617,3.0564019314025357,-0.06009559427968706
1190,0.12438987436897485,0.1872383743070542,0.16536079423433947,0.12650154577539113,0.170380483904769,0.14047117469122458,2.1186722288551105,0.8446447402140149,0.9894946040930034,0.9753574373425622,0.8384929356198844,1.0130098303083297,0.9632163812092951,0.605468396722288,-0.684536184445897
1191,-2.002171566707951,-2.1880900125047824,-2.4159794172136935,-1.9948143967951484,-2.171032095562411,-2.4071724074213514,3.7778142569386612,-1.4077463713182625,-1.784604156929616,-1.8973761829254858,-1.3879369410435347,-1.793152260299147,-1.8761237570902678,2.375558651164252,0.25247240818723066
1192,-0.12529124313207018,-0.14113609425357737,-0.18949468308571074,-0.11546661329094905,-0.1506743087200627,-0.18274254818315597,2.6109399384589698,-0.17816500561323903,-0.18283276739497878,-0.29342235151155,-0.17475086072990845,-0.1831571096843585,-0.2999293476427035,1.7262035510107274,0.3981592869798126
1193,-0.17755125847742856,-0.2865488537318742,-0.30088813098222644,-0.16974298566950616,-0.2800915098959919,-0.31741026031025293,3.077725946640187,0.12388865431183675,0.022099922449424346,0.020451891846732184,0.11365926157346065,0.05485946891032072,0.034730793305409687,1.7668980013600541,0.23644243619571284
1194,1.232627274144907,0.5644536729016728,0.4542808541626277,1.2258693308636854,0.5383349373019546,0.4474068073816332,1.5981200956538184,1.1271810062371177,0.0939549768995504,0.0844998151840617,1.2053349243934792,0.08012125376977454,0.09048450577666392,0.8654906681976313,1.8614925145082155
1195,1.632083864021542,1.4728161340580062,1.5703677412976582,1.6354351592257899,1.4602704934919886,1.5632649426811809,1.19640380491743,1.6605622680165044,1.5294774766049875,1.5156300158886784,1.6574602560759233,1.5626943959356738,1.5057893803249267,0.41747378843582794,1.014221233213998
1196,1.7128215078520885,0.8178197609880036,0.9717913676704821,1.7055933122378664,0.8029856971671611,0.9754049225606192,1.3513029956223614,1.8337494021487017,0.003456378808317674,0.003648268821157011,1.831277088105031,0.010656048485163425,-0.03192344987802405,0.09443380690503389,2.579430466544661
1197,0.3271732072146448,0.43868254690321684,0.40586993733174503,0.36813170841137016,0.45035936803933324,0.3843240460731525,1.4105058126811543,1.2284437052272565,1.3237094974673373,1.154512639303626,1.1894035429130005,1.2873407645805217,1.161543702580401,-0.2615181264275527,-0.08209785986071003
1198,0.42229045388917763,0.41068946650906046,0.44816000367061765,0.42886414787919486,0.42119625646969366,0.45797801524453235,1.9059241499119213,0.6430313353375717,0.6418873744661645,0.6655239939545551,0.6390435502812891,0.6382278901741032,0.6656498828817382,1.1670305963543801,-0.09001950734299494
1199,-0.43627492454233613,-1.0867306391513594,-1.1055029060486472,-0.4513950938352062,-1.1213250532571637,-1.0946547105624613,2.587086708062692,-0.516048812949356,-1.6958831535858159,-1.6600382990520859,-0.49520382235441024,-1.7506827209869342,-1.6560140162208796,1.8463008491780777,0.9630595930816521
1200,0.8349370720290544,-0.6782140258209077,-0.676036927902834,0.8760459583823104,-0.6812153081232768,-0.7000376587635099,1.4453043954479943,1.3661412576058394,-1.3348953001390829,-1.3372702694126408,1.3606025420809116,-1.3154624496108462,-1.407650268318176,0.23792788037253035,2.6022979253927643
1201,-2.6108626167701887,-2.6510044596525004,-2.4854272424265424,-2.6115446931586828,-2.6729556735275284,-2.4781293712232033,4.787414050595084,-2.145007114959205,-2.09182160697796,-1.9504297301835725,-2.1075104548551193,-2.1092256307621597,-1.921456925695478,3.0858307279670507,-0.6966863179420659
1202,1.955504958562248,0.9517745475748142,1.0169045166335686,1.9368530032299445,0.9314377180025626,1.02221681649477,0.6757307178504687,1.972020533764145,0.6169639628873861,0.6221873703675768,1.9755461277758977,0.6058853475370486,0.6606346558859559,-0.07920001268211897,2.0598144582136864
1203,-0.060838154390365884,-0.011287164431921189,-0.009964067989907927,-0.07162304298879703,-0.09155431712349005,-0.020967298513156603,2.3432322727397716,0.38040306148237213,0.4700773465876627,0.4405880857913223,0.37464974058400563,0.41735080479459474,0.3871449705269506,1.0884058687308653,-0.6989065529194451
1204,0.3069484154964292,0.23539727102803384,0.34127250793369723,0.3055932017529185,0.2341994165958164,0.3636181763755475,1.924613850235753,0.6874454648698545,0.5676731899497133,0.8666387912145365,0.6686257169847258,0.5557611238115474,0.8498881078402223,0.596980920249454,0.693723130746524
1205,1.2801654362241917,1.4950480089197387,1.3241155055872103,1.281179526046206,1.4937934822150167,1.3343591458681356,1.6878209417864856,1.1887915743212882,1.428779993474864,1.2801563921389298,1.169488907689914,1.436542211428432,1.2769526257418922,0.8463135433638125,-0.8028390413537689
1206,-0.10634479097879015,-0.5432041906959422,-0.5253984004295009,-0.1042335063090676,-0.5288405795918206,-0.5106110854461239,3.1601283117838017,0.5905868812737898,0.21816638747157868,0.2206610678819879,0.5745848603340158,0.21389749453177515,0.18707798538089968,1.5653049948477926,0.3765866275226568
1207,1.067775770010182,0.5663755748589319,0.667740671968816,1.0725175011020087,0.5555929678252046,0.6733776600057022,1.3855694690057,1.640120573203501,1.0173577823005953,1.165509555553655,1.6542490471669549,1.014727557216034,1.1409479139627743,-0.027651647387579113,1.973872661875037
1208,-0.6497707992355193,-0.5464392055573887,-0.5177325938561544,-0.6478331399767875,-0.5331145987006499,-0.5158733632237233,2.85852471125082,-0.6775252418858737,-0.4590225949039502,-0.5202335014824517,-0.6341103004144083,-0.46241397915508176,-0.5144734737622656,1.6583436648887682,-0.9535999843965034
1209,-1.2527238898424988,-1.2325723779099156,-1.289987982366261,-1.254485232830942,-1.2594502575078006,-1.3176098701367058,3.36526422104951,-0.8496374151368192,-0.8927619410261053,-0.9380227627323827,-0.8087069756451004,-0.8783280307512943,-0.9850021496203876,2.2695273471504236,-0.09290702679272068
1210,0.5095794513778273,0.49069349988700367,0.4466426154173211,0.5065434613641382,0.5001251107351027,0.4401528602786369,2.6652360234432932,0.2916278047398722,0.2956811220383395,0.23314261948460277,0.2776747380915594,0.306853977551337,0.21619155994446654,2.2517894262580676,-1.165285336526237
1211,1.5874771142763866,1.508160508924972,1.4138527759497144,1.5958525657756744,1.5090481517890266,1.4251777837331183,0.8004113426034579,1.0334422778250094,0.9944264124331351,0.8937362618203153,1.0643318381627074,0.9847909662051342,0.9131532944438372,0.31617950438300896,0.7621512482532561
1212,-0.46828103486704836,-0.415425812238643,-0.5478989353787191,-0.4681647387516502,-0.4349108223169165,-0.5253816790347011,2.0695382878502,-0.12961932742309987,-0.07047475661518443,-0.08677493564245871,-0.17749130066901156,-0.09222507412098366,-0.11779999217737366,1.2434228240498255,-0.2243944741831386
1213,1.3673095745729282,0.6339533215090871,0.6653663193083844,1.3688569623894917,0.6560748068591942,0.6591404173653482,1.0182123607836915,1.119193930395365,0.07065024347382062,0.07327368598768094,1.0881774338685557,0.057210595501972356,0.05267083824560971,0.3096720089130485,2.108692947256962
1214,0.049064659359195496,0.05315990092598461,0.062348767265979564,0.04377398522766261,0.018243245547844258,0.07593617526283958,2.5103250331818376,0.6272123704745359,0.7048903092840116,0.7099371439082975,0.6355945623771894,0.6825905921065218,0.6670659562112219,0.796130650358971,-0.5211504185739038
1215,-0.5290661803828662,-0.6627846261188443,-0.8037765296744017,-0.529497121369057,-0.6653187883706464,-0.8117639920644377,2.6973760586217796,-0.25930790652109403,-0.569621793650684,-0.685121112714645,-0.29718812210118756,-0.5905211664420269,-0.7044414678554877,1.7591003984726155,0.6089472291277684
1216,1.4060431994312725,1.3015058588416806,1.3988849209439989,1.400958701628157,1.2892767658611144,1.4052314003397888,1.521116643138979,1.2971226429247713,1.198742259104429,1.2843074189424502,1.3021410202853616,1.208556935850879,1.2680758496613347,0.8522311771641634,0.26703131583598727
1217,0.2806053551684456,-0.35409943119196535,-0.4240691433625307,0.28916201564766053,-0.3306132747551898,-0.4593101684970505,1.4929756014232702,1.1508002834714,-0.17640821750724323,-0.17639901588123985,1.1366592593072922,-0.15248520703995108,-0.25571619231297144,0.5451549285027671,1.3115716333025902
1218,-1.647234981790409,-1.7196819781230168,-1.8631477540757475,-1.6573029935285726,-1.7087284487320338,-1.840219752059656,4.100081131027929,-1.9355978175778847,-2.0682500104320427,-2.018910894720367,-1.9368410417512703,-2.023387270211704,-2.022595457190302,3.458328960616867,-0.5240919551075907
1219,0.9818367270333394,-0.2036231454927674,-0.2380257247301887,0.9895928434721752,-0.23316001632377245,-0.21824662808015022,1.547123218275241,2.2926961003738913,0.30820071180692565,0.3201147961290656,2.296109410909009,0.343250622108827,0.32004875014169026,-0.06251638687005051,2.4980077843937756
1220,1.1871784447457525,-0.07513107427916062,-0.077293897855641,1.1973073782395054,-0.07993225706262667,-0.07081288904927784,1.1885607122874657,1.930413028891621,0.18436555546148536,0.1898472569119546,1.9152769962055567,0.18575327253069424,0.1606611834521476,-0.04310571962385846,2.4716420648918525
1221,-0.35271057347890755,-0.26050165853840684,-0.24378051143187884,-0.3442976190158977,-0.25360889046217966,-0.24441864813370665,2.1948716389378675,-0.9202775218021693,-0.8011959434166057,-0.7566950966850087,-0.892173345004606,-0.7924940608469744,-0.7213836137102696,1.9718564079800063,-0.6635330445093658
1222,1.2305418231266965,1.302894027874686,1.0335795942201718,1.2362885730037851,1.2845544970318576,1.029696908830833,0.2756612858410106,0.8732067506248101,1.0115724486748077,1.16530755053294,0.8208235395434031,1.0165177623035984,1.180443769314864,0.18810875923003054,-1.1223613199342706
1223,0.9090639598661608,0.12971397005982419,0.1433203168752284,0.8863289709841113,0.13425774179185565,0.12924829482947298,1.7115089238580177,0.16234598137005124,-1.2522055585161564,-1.2214111656886646,0.13027649711167882,-1.1595450963209575,-1.2435540455473906,0.9762508598724163,1.876201399470307
1224,-2.5250399453708394,-2.6864118028100767,-1.6120130337141167,-2.506597522927902,-2.6997075426759296,-1.6018380062438835,5.229064485841873,-2.1009928827727453,-2.130906763256779,-1.5186777592394987,-2.1245050582280816,-2.1296270178756616,-1.5018633719708507,4.461346238042971,-0.9020655669198527
1225,-0.040943540229268355,-0.31792498798972063,-0.38750805229320495,-0.03505694365910313,-0.30883054345757344,-0.3755679731385528,3.0214284880898132,0.47555840204147193,-0.002125391505847266,-0.002359430382636074,0.4398325336796391,-0.03820979165446976,-0.03208168696755404,1.823167551552671,1.266971762729688
1226,-0.6009946049938776,-0.5887544035968525,-0.6397896175896826,-0.6069207953924345,-0.5964804034870297,-0.6620698454985625,2.5424709493362156,-0.2392395386065215,-0.18643426459466758,-0.20245543641926073,-0.2910450953965908,-0.22765318433270468,-0.13760322307117695,1.4628312173678821,-1.2726362478520479
1227,0.9193397844706941,0.33082422924565846,0.32523449324610315,0.9297454160752053,0.3203802607599394,0.3517750688789773,1.7012001074790353,1.078449101999193,0.430045727401729,0.44244917111310683,1.0788050844990682,0.35472838403254187,0.3971731131570447,0.5781312399452259,1.2676810524055089
1228,0.6405555224969062,0.5865425221221902,0.6708074761525541,0.6380990555503824,0.5777676695062989,0.6782783228554266,1.5382241006718247,0.5843788492313879,0.49589485806228706,0.45577079512003915,0.6249873458020743,0.5343435666199283,0.4769066420446349,0.6098237740744666,0.5445927395056879
1229,1.8179803650929773,1.828156725304514,1.9232530887542454,1.8298743918829006,1.8269234306520172,1.9235086057049804,0.5683191456404778,1.6707622404973923,1.6657088120269634,1.773939337127854,1.6715973493234533,1.6372872745115143,1.7729071193248338,-0.06502737621670242,-0.09335686441606934
1230,1.3716271940063032,1.358227805471364,1.4022575138749245,1.365125385136879,1.375607810045854,1.3932634448491668,1.7362687837363036,0.7370470357720715,0.27289400455082446,0.3133934146559474,0.7426437859469933,0.3366917637866534,0.33494849370207497,0.7850357593040267,1.305228626124945
1231,-0.31807917829768734,-0.8740455483000926,-0.7679914704472219,-0.30463402533498146,-0.8846648134319757,-0.7682297602178502,3.577305536674066,-1.0104838022879252,-1.727707402964938,-1.4729386507089919,-1.0088031133301705,-1.6845107724910446,-1.444531047632492,2.9431726485734107,-0.3829756140008091
1232,0.924429148273856,0.3729332968686019,0.4668594270325562,0.9337027238448103,0.37819751086129894,0.47120713675699694,2.420441562734149,1.1005009771122647,0.391021583693744,0.4702611019345751,1.0849193737464358,0.3847316969543991,0.48132084895159694,1.3135787815422846,1.9790642335815516
1233,0.7469422581834501,0.7952084271808425,0.7433672306161131,0.7359014355863404,0.7948510411838591,0.7384150637119026,1.328147812521832,-0.1823156580744682,-0.09358955569316248,-0.09608719746883924,-0.24561564769798447,-0.1362965486433422,-0.0871559680386691,1.179423086083706,-1.1259489891077394
1234,1.393772119843076,1.5819332618035078,1.949853581681691,1.4163291284057073,1.5694863394805436,1.9440478994686958,0.6786323840511453,0.7953746551943551,1.0627530902399214,1.2071104276062634,0.7931508891879279,1.0805806725203855,1.221304345744041,0.47212038025418024,-0.8648306816681424
1235,0.33843136580150845,0.6101856794793423,0.6664598849718337,0.32351948763590727,0.5936861980103126,0.6235467704995714,2.4096760381261615,0.5127175583095815,0.8376095344458188,0.9221248199628294,0.5445775144398706,0.8042705237365485,0.9335875109946966,1.3381470656888164,-0.8516345410781375
1236,-0.00028184792165655224,-0.6459068176012833,-0.5985879334324682,-0.006057259569565732,-0.6533256878867112,-0.59564483396694,3.543468329770604,-0.6169141026600272,-1.2068615686352187,-1.0185319991488158,-0.6158066400833708,-1.2185064860539878,-1.0218467915301102,2.6979812174611335,-0.31279112025941364
1237,-0.3611425658300091,-0.4580239639859301,-0.45876089411049725,-0.35924912919561447,-0.4357432455044514,-0.42445730736578946,3.20082978596985,-0.1559487885926643,-0.2324727151661267,-0.24701398812677078,-0.14509487751249647,-0.20972302319858038,-0.2226276701030781,2.447674462412194,-0.12848478934980231
1238,-0.33091201446802126,-0.6174340633297758,-0.6734933895564525,-0.3379730840389179,-0.6232901452139467,-0.6786720694890646,2.3211419624231024,0.22330235959580552,-0.10151136071930213,-0.10415778456576456,0.2361898249491278,-0.09212650136894435,-0.10688003195954236,1.1807981445799536,0.7812917586696573
1239,0.3698344834550197,0.2963561854267801,0.28563023338213656,0.35694924971062797,0.26708436275261804,0.25879042621735,2.276299333052667,-1.5036676258081931,-1.9868244177492547,-1.6359877223769652,-1.5216111260122485,-1.9645631291584882,-1.6416878961369838,2.835340153346774,-0.0006283690720348205
1240,-0.022496142604974508,-0.04432448318078451,-0.04690539909044296,-0.01639887406737616,-0.03111964227229829,-0.05901916793812203,2.776419900442567,-0.28076412364587483,-0.16641305915882929,-0.16917759120736894,-0.27987732407137167,-0.268449097508625,-0.21114083837599565,2.028790285773588,-0.6424341989136133
1241,1.0213897660815903,0.7687692780400198,0.8494048559107774,1.0230820048258258,0.7617948664903825,0.8691127619926062,1.7140965363658627,1.1842369206531609,0.9105599408476213,1.028897248893915,1.1728827859863034,0.9321711415300008,0.9901221334249952,0.7189548884617256,0.22907016571822764
1242,1.592787382606477,0.9531118870044663,1.0118417729267593,1.5821251297300676,0.9772254998659275,1.026622873663158,0.917287366091995,1.4341999177270728,0.4220948174288332,0.45028894210649034,1.424411504318675,0.4200138959851745,0.4510760516464693,0.1370260170461351,2.0187654056359534
1243,1.1763297392579128,0.6895358611002566,0.7525540140983988,1.187430211576409,0.7002177542993054,0.7623797375641372,1.363084264667438,0.8700835704196569,0.04355915759129119,0.042544367340666744,0.8666212517831141,0.03606557012035875,0.062014441551668596,1.0966508790444294,1.7270211199628875
1244,2.8998960770566162,1.3082444681169265,1.3014772765137237,2.880271675639179,1.3175670675009548,1.3081669768135415,-0.09414682492189935,3.2131558572888115,0.8472420016613519,0.9621574965832029,3.2124380806894184,0.8857557194649442,0.9280827519360194,-1.3981392254282763,3.276477631668539
1245,1.7654752116691115,1.0743186587161553,0.8421569258895193,1.7695226713414192,1.0737892422191797,0.8372678872205636,0.43362042327904077,1.401503265255533,0.07207770996514662,0.07493050122872454,1.417075804823558,0.07048469769417566,0.08907972068766475,0.016421595560999886,2.5719348420180315
1246,0.42663389641061755,0.3915245479432676,0.46438524329630304,0.43414378011477933,0.3892238687432151,0.4565701521860026,2.017090696352837,0.7695814886641523,0.7797939763561893,0.8960407618689514,0.7283998181650844,0.7866670064582851,0.8958587572860882,0.798626522631887,-0.25656469835927825
1247,-0.23852313557207325,-0.6960241678221102,-0.7467581688074806,-0.25499625357442063,-0.70695914639925,-0.7707770847502617,2.777458243991036,-0.13356493917342258,-0.8051431000686778,-0.8700253861173881,-0.1638478789790848,-0.779533364310239,-0.8504853433090149,2.0607529421702564,0.5056494909326694
1248,-1.9018586824873447,-1.835384371897042,-1.8351723311029593,-1.9028126454281928,-1.844692361878983,-1.8431596699709847,4.492679528599778,-1.9562258502749972,-1.869081685662384,-1.8682629730434344,-1.9618200954166076,-1.8618923072985034,-1.8782959663926806,3.597762037440308,-0.8192712532869283
1249,0.6926960219170872,0.0588746724902764,0.04583688791319593,0.6635238497396888,0.029246775204125247,0.04601219488823644,1.6296376374915085,-0.07683691678847039,-1.1099172257306456,-0.944485445009283,-0.07554370498654503,-1.0751116651597155,-0.942398188862193,1.523230233514156,2.2725220074708785
1250,0.5431974114599976,0.3556574027359913,0.3806041716191111,0.5072381026482359,0.3444088591962638,0.39562166547704364,1.4838602953934459,0.6207609662871049,0.362270598598877,0.3948646198586348,0.6482885491259879,0.4014534995720335,0.39657429987596887,0.6576141152337323,0.6402328663315529
1251,-0.9105136296152755,-1.183416902715718,-0.9487026765155061,-0.946973461056206,-1.2023722960808323,-0.9661731562764101,2.373081479757811,-0.1711800188437027,-0.7253711116950492,-0.6813607842910364,-0.19820098307685785,-0.7365877632876366,-0.6904508660842723,1.124235076574296,1.543783171464965
1252,2.261823260317214,1.8386493558628207,1.7412425710472412,2.272143414298281,1.8492774355181039,1.7513889503639533,1.2385355033810486,1.1970247692848144,0.4466889072217541,0.44177279348948517,1.1900715393114156,0.42433015677106445,0.44102330102525844,0.8383292594717412,1.1278864996517353
1253,-0.9019523161876255,-1.2065431929980965,-1.2362775019234222,-0.891319214288102,-1.190857540187994,-1.2173115997009896,3.601782056770745,-0.3715607618220799,-0.7214401247623485,-0.7508261713686895,-0.37272178549947466,-0.7494695133302128,-0.7570637279358293,2.2293310684293473,0.7734679078233322
1254,-0.5807816569011606,-1.110668095402687,-1.0436989585293868,-0.6052141569004206,-1.0500683340089274,-1.0629852672124067,2.914918410662244,-0.01333978024985748,-0.4298212654160154,-0.3977295561586383,-0.03185340806241934,-0.3871686597924966,-0.37957822239952,1.370050261964403,0.5236656516038377
1255,0.520504335700784,0.5855672678443229,0.5597545359700855,0.5379105457025136,0.580450496003892,0.5812236304548496,1.935049154783926,0.3800276947101935,0.4758980315313878,0.46458180763605206,0.37151655110380905,0.4341079896276783,0.4786722691849258,1.2590338042621423,-0.5859464188634365
1256,0.8793681338977143,0.8575116987195167,1.1175294811637395,0.8658370397138961,0.8357346493821856,1.1039133435379123,1.189229412082077,1.153854639540474,1.2138386948273727,1.3516166939364482,1.1495308018662156,1.2180041534215778,1.3427270706828436,0.5726047255571846,0.12816004334591263
1257,-1.0490297418739012,-1.8635038629748193,-1.1768365295838286,-1.047726448199528,-1.8739948311307653,-1.173738294350526,3.079615561854347,0.6364099871292475,-0.45429205348042323,-0.3702438263888489,0.6509104661477818,-0.4547775054719692,-0.36703059933073123,1.16086120301298,3.3307709609519285
1258,-1.5548344095549564,-1.5735727716797336,-1.576041280368394,-1.5528196373158134,-1.6067307860795133,-1.6196458386665369,3.5452153757778597,-0.373435620326016,-0.3678781824229246,-0.3800034108041595,-0.35808680615492583,-0.3828800587975435,-0.2873485451394637,1.7932498638657757,-0.10745326318978615
1259,1.6004502765644313,-1.1337116155089513,-1.1728638902066808,1.585840780707704,-1.1323744855360403,-1.190450412380423,0.8190365655654672,2.71084732884409,-1.0517461559623098,-1.1809496362066447,2.7478482289159074,-1.0376054064658977,-1.1251871154009114,-0.7826978985214639,3.0945102711490455
1260,-0.17163231558717978,-0.38197494993844633,-0.3747944245015694,-0.20061661972828773,-0.37672966359193355,-0.3528820418547846,2.716269497901148,-0.21974521644275613,-0.6561850723638173,-0.5642966760092603,-0.24615144168598108,-0.6698723456931107,-0.5417993034100729,1.8962677270464214,0.5840507757836838
1261,-1.0026658332932339,-0.9814140605859184,-1.085879706853681,-1.0109126755722138,-0.974616849753955,-1.1006420462678679,3.206618985680755,-0.42317372183193147,-0.3814131801084465,-0.38923846601443185,-0.41910800744545174,-0.36920964723360594,-0.40508288891749195,1.7784256807464913,-0.8502001240808977
1262,-1.7276396432621082,-2.0211667586426767,-2.0422038218274134,-1.7225088792613257,-2.050279461670326,-2.036639485993057,3.6381549825238184,-0.9264028167680871,-1.3471740621081578,-1.473309373916053,-0.9912219384647688,-1.3575048242848324,-1.444539436742455,2.069320063529186,0.4274095777164695
1263,0.1383238763779846,0.2417793322784108,0.2712890300586222,0.1252683707346009,0.23268916511250826,0.2944404633185339,2.601665601963852,-0.3300785860456273,-0.17016432435253748,-0.19899533879387465,-0.32320754454918543,-0.16344698769987864,-0.21761886483743964,1.612056168870087,-0.7952375780580907
1264,-0.20621443616285873,-0.8391901397826449,-0.7957193984218437,-0.19490291388406564,-0.8503742192438701,-0.7846510936896409,2.6737882953655925,-0.6283236247455838,-1.9425391807761967,-1.793523914101918,-0.6005096495524971,-1.8147541558450917,-1.7592949486932663,1.6998755279186695,1.664804130263208
1265,1.3305225434033687,1.134449310686767,1.2135333935882815,1.326795367998959,1.1212442403606082,1.2084334707394297,0.8281428762608998,1.336250727631894,1.1055540281851426,1.2371488347771251,1.3447820985813594,1.0860581817161814,1.275481982989037,0.313166160159847,1.2918636802160892
1266,0.5559043481331138,-0.5588327443216488,-0.4852165310239245,0.5655992352673481,-0.5674477363240148,-0.4833579763611712,2.558610073075821,1.028171273168623,-0.057747565087659644,-0.05002724286025152,1.0225777063124504,-0.046988340742488456,-0.037528737001687934,1.125551127205579,1.401073326938466
1267,0.4232197504100482,0.1495908024020532,0.15956046556213085,0.42550024137671777,0.14771933235885443,0.1622251419186889,1.286251555580016,0.09013095065908443,-0.43558103281619187,-0.48505624137995423,0.039406252237622855,-0.4175421105708779,-0.4574886904595182,0.5929014694033188,0.9805429694686665
1268,0.11980453753468254,-0.43699977203014057,-0.4813410065771828,0.11553403573527078,-0.42672187468621076,-0.4730029398468838,2.387947978352914,1.2316863585760194,0.38940768069244025,0.4151798902899863,1.223033287524525,0.4353572554829195,0.4881350817645934,0.4018274322978775,1.569203437179476
1269,1.979793466446081,1.9917897291145457,2.2889466779550833,1.98551608106242,1.9845361646486546,2.298543224978045,1.0022408171254298,1.4142334482868337,1.40314303043571,1.508914800380292,1.4012471474463968,1.4049865912760913,1.5114492831979656,0.6896893237396843,-0.12723678745532138
1270,0.7950582920405075,0.003309527100361472,0.0035557412758395737,0.8138684009567427,-0.03369299090892024,-0.04139221023367332,1.8920997786967906,1.3150215256726214,0.16976596537346408,0.19940233501844135,1.2861424133345893,0.1847710322321447,0.16480851183422798,0.54882409615793,1.8791104587501666
1271,-0.6526832667141623,-0.6617132500815591,-0.7915992110146705,-0.64702589628433,-0.6813478502578556,-0.7833632350959343,3.322333463661663,-0.8462072066101789,-0.8112183147140819,-0.9654957298593125,-0.841470930802811,-0.8168239176072635,-0.9659148039419644,2.495045081372583,-2.224023654463287
1272,-0.2985079746389388,-0.247190280717215,-0.27443601723183614,-0.30640150448737474,-0.24947533636655597,-0.2765698543436604,2.7959756347207914,0.3198692021683171,0.4138711268387146,0.4452632094056107,0.2924942160038304,0.44414664276232213,0.4289015281501437,1.5286502068281285,-1.477484045117115
1273,1.7285321270683052,1.3543340222525795,1.3198627658970425,1.7184249310729796,1.3497576987042046,1.3245217977058066,0.6454960474134859,1.9721556773192037,1.2759271431034471,1.3581204244816547,1.9669834842735938,1.3164445646027425,1.365815715360215,-0.1535058796485677,2.8208852207909656
1274,1.1414874449570398,1.1566503883967822,0.9913686524693813,1.154918789258767,1.1493454998575725,0.9865235447272662,1.7381165246270964,0.27594401317705197,0.27646919099135775,0.27474598261538075,0.2524381262944773,0.2227447378792193,0.229565167119312,1.6827694546513678,-0.5341286056504146
1275,3.368417541247895,2.7788645074526217,2.2273170691701227,3.3639237316713335,2.7592727170854525,2.218974646735557,-0.7969497810783942,2.739305408040825,1.754733240442592,1.7193527687238754,2.744612939195242,1.7650137761247018,1.7227176354546347,-0.9875555813039721,2.877486583070876
1276,-0.6285387878202027,-1.1548213222114443,-0.9145856551648777,-0.6184054461111048,-1.1486847499455335,-0.9142969072205638,2.3162431106900097,0.16805489508544602,-1.2205393434512795,-1.0524691447124137,0.1397839521848731,-1.2237221750483818,-1.0377816914936975,1.0906231548752945,2.0213121688719062
1277,-0.06746117374057686,0.027691454611873605,0.027224778796533042,-0.0610766180300422,0.049962358073183215,-0.0038144239856131167,2.539364243340715,0.5021934932864132,0.7631750906565685,0.6892697723116213,0.46244317517362526,0.7865557064049462,0.6660687413532207,0.8298840017533731,-1.2878641131460753
1278,0.2799093281972473,-0.10734020321073506,-0.09311146079382893,0.2847141604043075,-0.07885125935991245,-0.11164827371753956,1.6313523570760362,0.7925678579170317,0.385535137205763,0.3533282639024088,0.8000194862776828,0.44618061291091693,0.3763418335652075,0.4065095843172879,1.1598202138474971
1279,1.0067417402519976,0.9920920046479967,0.9092717858704158,1.0049287025839588,0.9936826799878441,0.9174595801415235,1.4701474276142235,1.164482227142663,1.168716393251142,1.1697858341142635,1.2506289794272287,1.2312446770030092,1.1493746332203263,0.8440122923658548,-0.05557648616271778
1280,-0.29746424759751505,-0.3003246562698605,-0.36951408350411175,-0.28232922138877076,-0.28328904967660357,-0.4037760554804919,2.8785329391842427,-0.07462390927846835,-0.0569637578301528,-0.07447978887084909,-0.11140089847753114,-0.05172659237156502,-0.08262925356372158,1.4937934248792704,-0.9190835183869289
1281,-0.4980018121369356,-0.44472202259655996,-0.4427605753929389,-0.5146155211074763,-0.4687559437154442,-0.41610848685485063,2.5562210464324258,-0.7931278031798257,-0.6972822948991332,-0.6792338704039542,-0.7829514090325395,-0.7408531396258463,-0.7357444852764008,1.522819166804659,-0.8993568998389095
1282,1.349189198816341,0.9083036682733695,0.9667074248583418,1.3539213634251983,0.9139027724241364,0.9756232980468567,0.5568287203210144,0.9723019567326888,0.026171062965767208,0.02655678312657633,0.9595409605551936,0.06281232600540132,0.018244373272585056,0.5725133979560391,2.223075144012863
1283,-0.12886210594502778,0.015435071722385663,0.017439912075429876,-0.13171033580642486,-0.003431921779969728,0.02445445280075463,2.3137532674081323,0.11521502147868426,0.2439725324668284,0.2823562300538649,0.11255012839440215,0.27182701915825,0.2855820309004755,1.1702990600437781,-0.11502081285882466
1284,3.3602227546917174,0.986240704506202,0.9872877007196666,3.361376727958901,0.9726853906629775,0.9983979311198727,0.30352871480492527,4.706520786270367,1.3405385773380618,1.4948183018542143,4.706777502509901,1.3744895287022798,1.494282048547988,-2.0948705143488757,4.8238097860918465
1285,0.3638548904786381,0.5382964593567011,0.5292321506418576,0.37355549620235745,0.5354929198150866,0.5511092726153028,2.2462194310637504,0.11983892914128176,0.36855313580724497,0.42515116929922075,0.13980023936827737,0.40482896047151357,0.4648324303694325,1.5867238416526817,-0.36683595152797327
1286,-0.039727236600892855,-0.10135848146581344,-0.11561302438543303,-0.03855867555848746,-0.10317051616141468,-0.11478853716346636,2.783722881118888,0.11532130279483888,0.09537916119039103,0.10594277443730649,0.12009839742571404,0.09791384732166496,0.12594944494956614,1.553789249573947,-0.3357166436412685
1287,-0.15510018261477085,-0.16835298553258887,-0.18593658597415463,-0.16522339236674397,-0.15881450952852566,-0.16652837242140758,1.5479524731248648,-0.49068254009753115,-0.5300233076799871,-0.5953111724093615,-0.4833821918639245,-0.5376789111697882,-0.6016114244740214,1.2476471297152614,0.6282420349060475
1288,-0.3436251581670047,-0.4582384473829734,-0.48585142022121175,-0.3471217627184026,-0.45385210346256866,-0.4756455780118788,2.1658045781041007,0.33153689397614505,0.10997276858917263,0.12471979861130214,0.3249389739106792,0.1398666584857129,0.15026100612348878,0.8683606621302282,1.3337719649364574
1289,-1.6829575692121432,-1.6398148435320696,-1.4982055049382061,-1.645240937209992,-1.623538659734514,-1.496868518225865,3.433280076664569,-0.7608224894216865,-0.571920076111023,-0.5757825744922431,-0.7570596861248479,-0.503526175021405,-0.589036266609822,2.108097858290929,-2.08786439884915
1290,0.030100430726019693,-0.02983787518242676,-0.03190461705156543,0.03402745185027863,0.0006304842641744695,-0.02101248289970719,2.1323468092953717,0.12720359153545455,-0.008622562776222554,-0.009468721953741845,0.15217839154688415,0.028641356438557627,-0.045843747804165176,1.1597921611988027,0.7176753820840669
1291,-0.22128723529300687,-0.24089586786998568,-0.24302893427125652,-0.21322367228915165,-0.22691303850185832,-0.24162057605753728,2.2872371814262364,-0.22520417099460555,-0.24912668168260022,-0.26726599920052924,-0.22828249508664378,-0.23921002956322407,-0.25960183821016436,1.6388369361229154,0.0008709420163766512
1292,0.5406149555456611,-0.0599081989513212,-0.058773533833045496,0.526757820412667,-0.05412442690640935,-0.0629868419535218,2.051779071572992,1.5576461650073141,0.8045928523755227,0.800793694599026,1.5500204191390745,0.8071696109197666,0.7689265736472072,0.20942524549655328,1.572781083157949
1293,1.5779812069381276,-0.7325387243048572,-0.6532850365460693,1.569367760698546,-0.6944737068012963,-0.6505476479259591,1.020455562080789,2.2445057081757827,-0.6220919578769851,-0.573558840124748,2.233049429353326,-0.6138541276078087,-0.5276149230496248,-0.009923303391788542,3.662929990282844
1294,2.1126549918938746,2.1357709086053758,2.2025454772550805,2.1122693399115766,2.1348646925701757,2.203310977251743,-0.09752899593201585,2.28602734673223,2.3141073349472756,2.3101016606449587,2.285069767164497,2.288148742631341,2.2969707799018253,-0.7363370187395695,0.13863872725477958
1295,-0.8545068085549705,-1.0370338086993767,-1.0207296510186277,-0.87426386378939,-1.029015803490665,-1.0171440386134427,3.0447832206853964,-0.6427296256344515,-0.8108550558859088,-0.7294069047383681,-0.6260744989480547,-0.8165901550239418,-0.7049900769041739,2.261800174076722,-0.4453146489740018
1296,-1.0687906543991113,-1.8400825250636421,-1.8376660158292155,-1.0890906757899133,-1.819517797593109,-1.8656702612998808,3.468007432305649,-0.37125706714518963,-0.9129504050067074,-0.9106195054502297,-0.37249593834307787,-0.9224202747468767,-0.9268806620826914,2.1092278778184914,0.06577667957415662
1297,1.2776562197649364,1.2725990601885853,1.4238174105562187,1.2812977500207605,1.2663046970457357,1.4095514212678517,1.1836760179608923,1.3315296010737827,1.4731377415336435,1.3413251694869506,1.3272525968392117,1.4779074075204872,1.3374478069945779,0.10326299736181994,-0.15973584073237848
1298,0.31582251867404176,0.3073932378324686,0.2783011670685865,0.35368325357499564,0.29595179835986646,0.22627351299082574,1.460544720337904,0.2649273542478992,0.24194945816279548,0.22404525724148924,0.29612972024485384,0.28749633264496033,0.2738583856925355,0.7640498135108217,0.13451994995484567
1299,0.9187008807307222,1.0763451702841218,1.2318725534488006,0.9167599245643604,1.070049636628429,1.2289436095400017,1.3648228261024158,0.6423376978240356,0.840468701649576,0.9366890235229861,0.6678332638860892,0.8434774181940897,0.9328025396978541,0.8371750242278967,-1.4726538169189152
1300,0.12709126369888382,-0.27343279481032795,-0.28044250455036074,0.13830263081608524,-0.2736339360370316,-0.2597726211829996,2.6195415137978646,0.32556435212592966,-0.21815647480451003,-0.21490585906245854,0.3075629566667042,-0.24166302415600768,-0.20446838268226505,1.773758691926156,1.6639382937831575
1301,-0.2757540234719376,-0.3380418176815102,-0.31620943369825716,-0.2761830624211934,-0.3502350436427804,-0.3199474923725317,2.7118271915123042,-0.031139415004959526,-0.12242316361589771,-0.11048379916498441,-0.018909655170424,-0.09102819116156466,-0.09049287254542727,1.711196461110696,0.38875481973303333
1302,-1.3581611931410924,-1.653526376868699,-1.557499775772681,-1.3502818899587028,-1.6638620975722747,-1.555510792276016,2.900489134176992,-0.6661810889030755,-1.4291293239004814,-1.4594030085444285,-0.6966662970224256,-1.4559196625320616,-1.4503577841012005,1.9953328263295214,0.9673205071437496
1303,-1.3746547210679998,-1.0582240560472864,-1.0260729591427993,-1.3863222427310034,-1.0510641682953479,-1.0123333000969796,4.035557494521788,-1.2927492498640072,-0.7284681651060848,-0.6865277831610553,-1.3079977784850767,-0.7426494615900244,-0.681941274072722,2.7969096189066276,-1.8442927567977574
1304,-0.3402689437716871,-0.24085989721895773,-0.23943877004020672,-0.3570079078552402,-0.237852042421743,-0.2667243517234108,2.137314362614227,-0.4226373620438953,-0.25718967067737597,-0.24446982793202138,-0.409324826218196,-0.30660626040816075,-0.1827681150817234,1.7024492683554147,-0.7997199539287119
1305,-0.0458773539595469,-0.2868371693011561,-0.2809773247245995,-0.02971069026564163,-0.2841068596541099,-0.2734428385320866,2.4637957267357327,0.1597908450905347,-0.13413823661614355,-0.14461423625139685,0.18493397275195617,-0.15634325358909243,-0.16563229543078412,1.3321759692158823,0.8127928441638117
1306,0.6346119901372336,-0.4858394597445538,-0.5433334660368926,0.6445567493138306,-0.5200804459352323,-0.5570955102980393,1.673567684849365,1.3889871364017512,0.13531492151029514,0.14237452891387195,1.4142661263401348,0.15583322169239971,0.1724402380376466,0.13391892618786608,1.8024384952100274
1307,-2.0448562595352144,-2.3922045660852196,-2.3986720837601916,-2.036831054988079,-2.393253287565738,-2.3953593917259655,5.127719480375336,-1.475219840218673,-1.970734209311056,-1.9485106974333317,-1.4861576157218777,-1.9558005498415898,-1.9445579196033396,3.8932979633167903,0.8125662589348873
1308,-0.7385294598215792,-1.1213888379035988,-1.019368170228089,-0.7431051587874509,-1.1292727310162005,-1.0573369460891557,2.5098145993378425,-0.8803065311337213,-1.323382765822888,-1.1824319751635786,-0.8774625522285764,-1.275684908778943,-1.166912959548591,1.6895341796183307,0.9840353674881559
1309,1.3530243887845361,1.5014676832080938,1.8678891675301093,1.3846004944182435,1.5346702139705266,1.8624747476498145,1.4726584701940415,1.531472095011353,1.8459050611702759,2.393994984373919,1.5343602395920253,1.8766044446842989,2.3921085842716994,0.5152554175622728,0.5685247846309133
1310,0.7379322348233445,0.23010864512923282,0.2753379245855502,0.7313652809215293,0.23182330409761512,0.27675735268149987,2.2416656710444895,-0.06921985090150526,-0.8760098944456959,-1.0532915196999646,-0.08435062140942348,-0.8538561934626278,-1.0493393905623598,1.8144424920260809,0.9315256347008045
1311,0.42509237007051254,-0.17948737192199135,-0.18272979041006515,0.39464340546213017,-0.20198429223821773,-0.20098764146721218,1.555858357788496,0.3209989777704943,-1.616744694241764,-1.5472226531132756,0.32986821455943033,-1.5296778658132417,-1.495121386694779,0.551667161307554,1.7151917397274492
1312,0.7220531286808576,0.6706689454071036,0.8332427894475902,0.7080938694755411,0.6898904639110186,0.8513213997609219,2.142163327413581,0.8558754448323085,0.8943638327007927,1.0616974777594794,0.827778431986206,0.8591972404265232,1.0387570501756367,0.5449449645664098,0.2936824479918803
1313,0.8789367946025766,0.9212157362542578,0.9413738427612176,0.8624274583131883,0.932303673089461,0.9568879945897475,1.105919043265394,0.02944614185398961,0.12068277366172295,0.12821283740694467,0.016145101206365937,0.1074627824229348,0.1296862782479923,1.0213059163307026,-0.33797267686833693
1314,1.4952415557580963,-0.05489622098554077,-0.0600374624337502,1.476580372860843,-0.052820682042131285,-0.04526553270763083,0.70390750752782,1.5913292736689026,-0.43387017890310514,-0.4772227643024494,1.6132230111659482,-0.446333287969577,-0.4329219130657937,0.18347706208201842,3.0608566708273632
1315,0.3274079415407004,0.48238030090208234,0.5765953040897817,0.31171130671053376,0.45393713007324743,0.5517996614639229,1.685026838720506,0.5981964054703625,0.7958328640984865,1.0811264394114921,0.5483016064710716,0.8254088367549792,1.0576316408963722,0.4225768402946843,-0.6773390231093269
1316,1.7635994750877413,1.818982972043355,1.9797337905126176,1.7739970809106786,1.8298134873448313,2.007754877163238,0.324400698591554,1.0627033559979964,1.1413028035700794,1.506988323078792,1.0684130259157514,1.1887915056741931,1.4908447917691234,0.06902639926742644,-0.28429384893375065
1317,-0.10760114978665945,-0.30257598740466723,-0.4818124662052374,-0.11198857254557011,-0.3231955802831568,-0.47761301397965755,1.6727325049755126,-0.365459641786585,-0.8793367689731707,-1.0045208081635342,-0.39792504802692336,-0.8737478518050691,-0.9107514466430846,1.0752510070429324,0.9190826218973788
1318,-0.01754833188753697,-0.13059014483364137,-0.13108153209260728,-0.005367843585291335,-0.11691323516788586,-0.1253447570190446,3.2662180338556603,-0.06076627912906254,-0.20230741821181283,-0.2095463421220158,-0.07966456621969221,-0.21107000749166144,-0.21794479828042138,2.3962998756719176,0.8910719488461345
1319,0.02739023181488862,0.08958087737530489,0.08534571254709991,0.045038827762273484,0.11395279025472171,0.06898941312791666,2.8251349225158338,-0.6162560395297152,-0.5616403136726097,-0.5568350864647663,-0.6289152695886328,-0.6123177515129751,-0.5867074941123077,2.5304465631849524,-0.3990075330783243
1320,0.45704639516598466,0.19786944993901986,0.22001125909579836,0.4564921329057464,0.22687576922896444,0.22000676441774705,1.2881771605544767,0.7942245147440297,0.4322628079547516,0.53028496877886,0.8079738707845873,0.44126269769344734,0.5648715608585588,0.19007842905854033,1.0965549557935448
1321,-0.27842997279296766,-0.7837297799861466,-0.8470653634852348,-0.3036246355775297,-0.7779119320029542,-0.8404266893334554,2.4556228941121683,0.4403264489095576,-0.06004014570559515,-0.07220770951201712,0.45834415548703383,-0.08479174467901353,0.0013443691429333752,1.141394527022704,0.7445841078364488
1322,0.5159624371575101,-0.0647969167798905,-0.06045651233777062,0.5204508781217996,-0.05635772002100021,-0.0593010741022537,2.289121496303722,0.8657694445661078,0.32302543715182336,0.34188536156244936,0.8878445762269779,0.3527340743929379,0.37300494404430273,1.5120122948726824,0.9794817375284272
1323,2.0454219221266308,0.8627157703125379,0.8616104870612309,2.0542400703909545,0.8761042647235235,0.8687048075603009,0.41024100602495417,2.2798859997577585,0.26017526118207085,0.26175225142461195,2.289872722878944,0.2903529777340978,0.25125420015170996,-0.2977249894404015,2.851858404877733
1324,0.45465952010133626,0.09047596444970157,0.07627426174763048,0.4594681543026868,0.08412001028757896,0.06065848703472994,1.4120157531443709,0.08217057533200846,-0.48170743381302955,-0.38034020152091286,0.07377001355635515,-0.4778992002580073,-0.38565154117090994,1.022084143142476,1.8274214714235724
1325,0.042824106573012936,0.05438346440907408,0.05726155377786294,0.05528771036599909,0.02910862435949605,0.07039365371724896,2.1464937245627254,-0.6599382250682554,-0.8422853349431387,-0.816934484309679,-0.7018842858861994,-0.8959131229442212,-0.7185070185194303,2.177952238218025,0.2860141151195314
1326,-0.566812707078824,-0.49552615246881615,-0.45712738216753873,-0.5953007281712324,-0.470007743914742,-0.47459315168311805,2.5258800600779883,-1.4728511323240139,-1.604627149063384,-1.3873714738794845,-1.4561195755694099,-1.5643458108379562,-1.409505727308309,2.5254357900992477,0.07851593619597072
1327,-0.007801582455718634,0.18711147186091923,0.19692142955620778,-0.0025592551650574576,0.17636705861227397,0.19833855307553122,2.376801087485859,-0.7374702020684226,-0.32731874158345775,-0.35259334026383227,-0.772539090886771,-0.33687867143063005,-0.3643311523150353,2.2473215407991822,-0.7955517528004082
1328,-0.4269953808875874,-0.3188596806253172,-0.2933199993897711,-0.44332906485302226,-0.30555049324592287,-0.2991078765556346,2.7373028857705073,-1.5662280697427764,-1.3477113421902753,-1.186658793347867,-1.5441904962716473,-1.3741042077227756,-1.1445095182929654,3.1345442499807388,-0.9449546461903011
1329,0.60549843618617,0.5064272430116211,0.4823891833795737,0.5854869725897152,0.4856840430030498,0.4706146085257993,1.9881772717353798,0.6334267345426154,0.18046615588746787,0.2058537104745583,0.6407991760559852,0.19963766517977993,0.1627130357958781,1.019885915496063,1.2282823511000271
1330,0.4799393962355525,-0.6234306189068747,-0.635316356222017,0.47375033510456344,-0.6122537869912312,-0.6406029454524129,1.9336160616302938,1.3779568412549177,-0.042240363595419356,-0.04003256140208785,1.3991267126842344,-0.07081088462149084,-0.03660483086089711,0.6789580688574156,2.1022679808571927
1331,-0.31252741207061746,-0.26584436739291073,-0.2571874738641717,-0.2914636650781068,-0.277718594501118,-0.27454941090510254,2.2035816946239506,0.12374974990371675,0.21801224393944865,0.21257399277464348,0.12184473041267063,0.20367287822462374,0.19103821420612438,1.266241232371263,-0.8305688471153487
1332,0.5448488300904315,0.3912413552706477,0.36947204543704,0.5401160750833319,0.38965598373505334,0.38543236888101795,1.395892901554248,1.37762259273534,1.2447303146519328,1.124598144357867,1.3867900924605219,1.241811449054769,1.1123371097375767,0.006031499968138165,0.937171618889569
1333,1.836506391016681,1.9295850359544784,1.9727179938051032,1.8360434088904278,1.9115188116815,1.97040911029839,0.6768704648617835,1.8943377612186196,2.0984592778161333,2.0414931483513508,1.8956551721248307,2.103595489369199,2.05612912552024,-0.22336853852125188,-0.8320721225221142
1334,0.29435390276976703,-0.2979260310344074,-0.3248806414088878,0.28058280628400484,-0.30114081676616106,-0.3112188928888882,1.8319689943482296,0.35035933930351215,-0.4423086890366738,-0.4451220560801635,0.33652457500135485,-0.4297763671827591,-0.4171060083191036,1.2988718198810878,1.8121046816821567
1335,-0.14254830589695244,-0.580788406462612,-0.5453692372507022,-0.14893028213899956,-0.6205682312060957,-0.522399573351753,2.615216829821893,0.8384069308322775,0.17263691653626254,0.18155577679776605,0.8166105752478829,0.14739091912757615,0.1602402397047501,1.110301408074156,1.2082757922088265
1336,-1.4106005684227922,-1.7264121933105494,-1.7351456472363638,-1.4102368255322817,-1.7040857799223275,-1.7173661086260528,3.0689577981622485,-1.466135277421548,-2.428258195935166,-2.4286806170632516,-1.5015079627522314,-2.4165654997979993,-2.4785519248053034,2.4817836199613708,0.7602946511078109
1337,-0.9254339534935608,-1.4289108261355334,-1.424861033589784,-0.923803329549625,-1.4292391835450227,-1.433828613703105,3.1298457993817217,-0.7804731942225063,-1.546941455964733,-1.646931227668056,-0.7703454425887948,-1.5527988859641415,-1.5738547760964825,2.0787648974271384,0.6322884248940995
1338,-0.8584705481281591,-0.7820998969915479,-0.7501788138268084,-0.8596212886256321,-0.7801253984351103,-0.7672112953225115,3.2131934503297503,-0.5250423370067618,-0.4168278700165442,-0.39419689091088383,-0.5347595150836179,-0.4116342466251383,-0.3724181611458648,2.42692761337713,-0.6794217443784024
1339,-0.7979944497283623,-0.8077556635021407,-0.8658529796510682,-0.7991124617145268,-0.8084048195653359,-0.8631275564103927,3.3464783682608603,0.00805201906726626,0.0831201115024612,0.08689962369571821,-0.019830462058838993,0.09752216486312365,0.09538910566317356,2.0135297494679274,-1.0810725931625602
1340,0.7663752678685933,0.3220531340539813,0.4172099045930159,0.7791194892454089,0.3177098888424929,0.43357922547023514,2.765905838359766,0.4204913974910913,-0.1734953466647476,-0.2225470211580214,0.4280193042192368,-0.2163681335884568,-0.24205152044082653,1.7541067831695476,1.1053613462462706
1341,-0.1182574996426711,-0.4907526922626572,-0.48363839898368627,-0.10406679085368908,-0.48903596300706775,-0.48228980887098666,2.7696645616362625,0.6847553106471093,0.07871148950338971,0.0801097491626998,0.689511515693437,0.08775454370807133,0.0922546022980069,1.227643328822675,1.6751212475909627
1342,0.1091248540203617,-0.5527699314335373,-0.5736131405154116,0.08991565782802596,-0.5380875668329191,-0.5722884150825807,1.9923233619861862,1.0329842000797957,-0.13905866229807548,-0.13322356190743517,1.0227049593476272,-0.1635302862759648,-0.05704702607444108,0.0926990617124511,1.56815232122269
1343,2.4787215746276816,2.2244017899031583,2.179193644481673,2.4845720633644306,2.244619052875386,2.190323758565988,1.1916853079563092,1.7717766728084345,1.5328060423107677,1.6254954621773592,1.7827955964727038,1.5405129359900236,1.635835462721584,0.5342156222248235,1.1002102635392055
1344,-1.1425912581923867,-1.6779500091798094,-1.775360286706513,-1.172536051639337,-1.6838025318048828,-1.73895211803229,3.479598847529948,-0.6444512088539763,-2.09670891814151,-1.952729992450507,-0.6195021118482192,-2.1649855183730446,-1.958960537885171,2.0618929948526232,0.8040532321608213
1345,1.1489055957476657,0.8601295715036307,1.156859574184545,1.147976001305525,0.8575364204857467,1.141136892271575,2.2153415452630667,0.891573024440263,0.44516876188834875,0.5409694436262705,0.8879090716879138,0.4489977407313089,0.5297321762557614,1.3395441038931808,1.6566949480076414
1346,-0.717285021161854,-0.6985366431879995,-0.7637040967709816,-0.6867256587958943,-0.7279099666034741,-0.7308918709596446,2.7549597237524823,-0.33349610044836264,-0.3052809274281835,-0.3316093981471583,-0.342541988807246,-0.27741985189421653,-0.3709196220798488,1.6300742696637927,-0.4320231300369221
1347,2.018922031330956,1.961425065911065,1.9608621177397174,2.0231801856573632,1.980147693084972,1.9336836281514007,0.880395597621075,1.9594832967901479,1.933827795675359,1.8579409292843378,1.971426163965551,1.956409823245833,1.845999928337027,0.102493620358158,0.6587577472529764
1348,0.9080005090018973,0.9021426231891513,1.1084367138084734,0.8922915743877122,0.8929880134250266,1.0927875376563556,1.4390269480135178,0.34493817718435704,0.3775761043329388,0.43585937344391146,0.3407696179438139,0.3462702867820523,0.3999225544928329,1.053100244648886,-0.889613487424948
1349,-0.24108874850880765,-0.12371874902743597,-0.11825394900428744,-0.2409398235927671,-0.13496581205157884,-0.130398193932955,2.185543688388405,0.12366597031891599,0.33808975064802305,0.31034945726272184,0.14699782872424816,0.3783146600206842,0.2939055418794,1.0602521601744577,-0.5520533500167796
1350,-1.7325184317986553,-2.248094340907826,-1.4653035485705779,-1.7384835810912915,-2.2368232808456296,-1.4693832296691798,4.733474944392229,-1.242889821927082,-1.6075399189891304,-1.2425322930522886,-1.2484876017716973,-1.6180377170757214,-1.255859545206662,3.7197917715004953,-0.38082630767000625
1351,-0.6015574147119699,-1.705882436970727,-1.701194554124573,-0.5671118297513694,-1.6972114652140908,-1.6889182186685605,3.222504912890296,0.290745191263277,-0.990497274883814,-1.0642177369792822,0.3161201704230458,-0.9950280180775015,-1.0526390158458543,1.548380350800767,1.5906120038115983
1352,-0.35272381636882444,-0.328205866918154,-0.3337400736967505,-0.3442233138783272,-0.32364913966586517,-0.31670865343137866,3.0034893595844196,-1.4481952754923497,-1.4089923204110177,-1.533470432185492,-1.441664689671951,-1.3891822565053522,-1.5326298756763108,2.9000067759735537,-0.7267938583595388
1353,-1.0608518418515283,-1.2181397600061072,-1.4849967957754626,-1.0583342194659167,-1.2058912227692307,-1.472214113268288,2.8738751021919895,-1.3699844189916457,-1.6002035546091484,-1.7626823943787289,-1.3939287343677114,-1.5748535609988956,-1.7748278342643646,2.184141590300173,0.48951530672876453
1354,0.252519397472903,0.31672032990844035,0.31476119516619755,0.2642612515492464,0.31387848335815394,0.3467543958129728,2.0547784484861693,-0.1656367614098884,-0.05653669663937384,-0.05400617763351262,-0.1640340226177343,-0.07979667574639583,-0.06696340750924858,1.478379180386481,-0.6085499480155782
1355,0.5529922935208821,0.47089455663544477,0.43872298222556844,0.5481193711789399,0.46962383419042364,0.438616621239963,1.4822771453687866,1.072836916941421,0.9892433102970248,0.8538022564304663,1.0839142459778683,0.988294239159837,0.8426498863310092,0.3363936032455812,0.13674158304413475
1356,0.039688391279806584,-0.574331807395689,-0.7471993556213811,0.025054955165128717,-0.5608835699325891,-0.7438206391402276,2.1608898206187312,0.3628447257276215,-0.27288572190087823,-0.30235058428453215,0.3874393099398163,-0.2610995067441942,-0.22939968544805248,1.573417984615966,0.7582303469623968
1357,-0.7978628681340136,-0.6969809846520476,-0.6433308048491058,-0.8203508104360435,-0.6937980321006197,-0.631203510757797,3.7441025907833745,-1.4096441446361407,-1.3437774719122528,-1.0956878688061873,-1.4320680937381796,-1.3309633233521856,-1.0930485689489244,3.902456652122589,-3.5598098341241284
1358,1.1527951712091997,1.0138734260666555,0.9187945091596154,1.1346540488839585,0.9959716509840163,0.8782816806032625,1.2392892175835997,1.4626385323751063,1.3544458580754157,1.269402723504753,1.4818206829565408,1.3875532639087085,1.2468978831610897,0.4705482860188555,0.31620188985137443
1359,0.12743612884023256,-0.36333924900245085,-0.37569102653006,0.13722325040947722,-0.35311754234942494,-0.373261774752232,2.2580529203262882,0.21619857116519603,-0.3946173007082457,-0.39343125756418934,0.22526307390364003,-0.3786011540384561,-0.3670710066247832,1.5718910408977573,1.3635277520905247
1360,-0.8711920108609725,-0.7870979477838123,-0.7281242024674083,-0.8646579681602923,-0.7713467089510779,-0.7494047816107234,3.11770111412578,-0.8181686115475756,-0.7161628170686667,-0.656727140607037,-0.8403993388167597,-0.7371358324855476,-0.6272086080910241,2.5716298057410123,-1.751136099667735
1361,-0.6473608831923481,-0.9248872101668132,-0.8314310939958663,-0.6442076881756079,-0.9190983943407637,-0.8397562439231198,3.2230992624172154,0.19197822618734373,-0.17089421285155765,-0.17277276467377575,0.20689662351606156,-0.19755775347785456,-0.20004540379785263,1.6377921043465684,0.7626826057121203
1362,1.0728544128107327,1.1888311950608734,1.3044339974846269,1.0829706398666972,1.1593672148614007,1.306177986726487,1.7183957158972278,0.29444161117907736,0.43615329729616176,0.42583041172806924,0.2543102212916243,0.4328815979151598,0.4165229568450991,1.3565034043898685,-1.4078464384604994
1363,0.2855180288853881,-0.10506483806095701,-0.09060807045866348,0.2818615439901602,-0.11429537496850647,-0.08865901926232035,2.2505789968062553,0.06250734062092801,-0.6304731793398322,-0.5629350809408293,0.0896043710736583,-0.6309654089082621,-0.5128704418764117,1.5902600401255347,1.6658182472780396
1364,-0.7787596856988601,-0.6381870904673754,-0.591892943198318,-0.7627535913624413,-0.6325933327423097,-0.5581888935304711,3.112222586055491,-0.36793610308301034,-0.012513618580972637,-0.013516708812226946,-0.4022724086329653,0.07161799655048146,-0.020043015872972275,1.752505592170836,-0.95425912275201
1365,-1.3396662813246263,-1.5826221000134522,-1.2081735236692641,-1.3241990151619736,-1.5770107903928903,-1.2339094832573378,3.7392128843903105,-1.0165947772429096,-1.2972019507098702,-1.012743282766058,-0.978012081847476,-1.2942212841584901,-0.9931933442720279,2.767257654330354,-0.18055115099317406
1366,-0.9833364181396503,-1.2251251949310493,-1.1736276013471656,-0.9872540377354492,-1.2088256699111057,-1.1829473240504846,3.0270400665870487,-1.036694778871525,-1.7354009372546382,-1.4330470231667025,-1.0518077219849091,-1.7088631063542739,-1.3995469358854382,2.268279286433676,1.5834203581581383
1367,-0.312697445340837,-0.2246397890694822,-0.24710988540503828,-0.30131318218388364,-0.21566250513372656,-0.2703545489785393,2.727054244083713,-0.10424285433846947,0.09200890685505977,0.09527097804710939,-0.06810989283405096,0.07475563839320666,0.10190085242041225,1.7310356191420566,-2.288998946526947
1368,1.48804828764884,1.4126197343027234,1.4419508840722193,1.488045230643603,1.4120969986517904,1.457402886111252,1.5956505368128915,0.6531028568908295,0.2500038083122549,0.2589825271140247,0.6103297284418416,0.3001033176060889,0.2610272038174115,1.5205923841882585,0.6168192642028991
1369,-0.8915040151534197,-0.434377640381973,-0.4311149764227368,-0.8911198934647202,-0.41856569186852943,-0.39865716658398437,2.5747997004932954,-0.3690718637466859,0.47935384127462743,0.515980994123703,-0.3894423419970878,0.44634132927781184,0.5206468126116717,1.358214008754944,-2.54030876868488
1370,-0.8747024816140994,-0.852044224158296,-0.8122664226443804,-0.9049276490921414,-0.8456162643208418,-0.765088558864021,2.4448638137427854,-0.699510185348038,-1.177880402912215,-1.2249254770909346,-0.7204038164786897,-1.1703411737170806,-1.2480228751598221,1.2901938634601695,0.16249663849843035
1371,1.8631941040904272,2.0294237183901855,1.7135411495508854,1.8544300100254465,2.0282790066578764,1.7130276509608393,0.6834605394131898,0.48560623564169086,0.6378776820046755,0.5754302201834328,0.48040172159771377,0.6110397247171936,0.550427172379876,1.5332066057511424,-0.8978616963638166
1372,-2.053837138716354,-2.3596154685737845,-2.140835396205844,-2.02451948215213,-2.340107595566403,-2.150221470285301,4.25527056852556,-1.1864723974797853,-1.5580439829011987,-1.4896203338448257,-1.177939922835702,-1.5265492817337085,-1.4969970317047694,2.77584515927853,1.3348758585312863
1373,-0.7122084038919824,-0.5529582385100672,-0.46744765943308825,-0.6786138316733992,-0.5878603095762318,-0.5060780155397003,3.1790045883350073,-0.6248410997419053,-0.49196427328062853,-0.4880973584295508,-0.5997275350044423,-0.5014073724674848,-0.4877649810755487,1.7999724198360207,-0.9994495336358574
1374,0.09652237525416207,0.07656115015193132,0.07881837327804131,0.11352145548277477,0.09327753402817579,0.07185468747849752,1.76672949372635,-0.6343205826612671,-0.6980461417383647,-0.7012876284033787,-0.6756817934168688,-0.7626704873248392,-0.7757924129856814,1.5163422439748129,0.09899143621158528
1375,1.7245018692679466,1.683458870034562,1.6362046125025205,1.7172926893318305,1.7063774349016168,1.6335846674783816,0.5086000449013405,1.817538120674295,1.7999444371123525,1.7117099799336895,1.828336902805026,1.8091435649174679,1.7209162688572737,-0.05904107545492226,0.1395523620402557
1376,-1.097681631102772,-1.5691541370212048,-1.6045148805234393,-1.0764142910425882,-1.5501174502962256,-1.592075973226227,2.9628427220743987,0.12726331480311107,-0.49285966076685817,-0.6030949977282363,0.011081235533725383,-0.46374214517565543,-0.678379132132231,0.8826094311825385,1.480893198235591
1377,1.4323084485902564,-0.12911226728720057,-0.15089981994278556,1.426123932578821,-0.12964065553688742,-0.15469678098358125,1.8685947427007197,2.5958302555057093,0.4690435783612607,0.5572667767521222,2.5913541003062566,0.4684125131427865,0.55564636390094,0.24535521842390745,2.5227293261170747
1378,-1.0235883713580443,-1.1882410291632246,-1.3763176413971214,-1.0484405034401765,-1.180239993504252,-1.3905352961893431,3.749568358182953,0.441143488182841,0.24328236102606357,0.26747954096172055,0.41020648925677705,0.2313488623722472,0.24958060703292018,1.5620583460366773,0.5264259321951366
1379,-0.6003284826622893,-1.0811376697048467,-0.9622282150150608,-0.5818616968251591,-1.0710042063786376,-0.9633061892092762,3.2231985429946874,-0.328491256835914,-1.146103564215194,-1.0457573434821867,-0.3379996825442261,-1.0865130026764156,-1.0651940210216655,2.155672300322348,1.1795438937611207
1380,0.2983328211233647,-0.1481088911043787,-0.1360299659297548,0.31494224365098356,-0.1540538837155254,-0.13161977368755295,1.8728737228146306,0.37033920740306886,-0.2510053049948932,-0.2553878665145826,0.3505633487280824,-0.2659306425028518,-0.2760855449824451,1.0005038418214476,1.663779027123136
1381,0.30164814931499123,0.45053898807534515,0.5323576604306443,0.28991668577437957,0.4540150076433312,0.5396343797421573,1.6173279337020436,0.7919568477771546,1.0298910539923474,1.2263048580257152,0.8317022006586787,0.9759498895152474,1.2366970847055658,0.5523381246750433,-0.20854895027250328
1382,-0.7861108874267874,-0.7072780422949301,-0.626134540458145,-0.7838572453583957,-0.7075046146464421,-0.6148379272716813,2.854933811787444,0.3617674431831253,0.48698031050072416,0.4857818081556173,0.32439771236913045,0.44666382823195055,0.5065624324253548,0.9325844275010183,-0.8946460201251833
1383,0.7186881610513701,0.7789934485469547,0.7965075065221525,0.6996952442179994,0.7731029937336259,0.7787117244132906,1.65047413741826,0.37923861332107994,0.4646235746260827,0.4696975439328761,0.3449706728808757,0.418699439761272,0.4944284919564038,1.3110604389506288,0.15088751637457246
1384,0.2986770248049153,-1.1873712109747816,-1.1510716858624068,0.2888462259021051,-1.1714625684076283,-1.150909483023726,2.8254282040262586,0.9586967783831513,-1.0692473534098148,-1.1880165454497356,0.9113250975670644,-1.0539033363355768,-1.2440122551501875,1.4597199364970144,1.6664957876407986
1385,2.3955914295867333,0.36885760481269114,0.36521058645859805,2.398581973354759,0.3647622310007966,0.36977062989415066,0.2962712701719075,2.9961398481247454,0.08377285765990948,0.08495762262450271,3.0070938413129618,0.11392770447112129,0.08488202389101521,-0.9468713209909482,4.012984849298593
1386,1.3941978803564534,0.26699870757329786,0.2070703490309597,1.4057151015252436,0.2947513097371335,0.1857254043922891,2.5102994151388893,1.9218832712388614,0.7295872151350477,0.5114071786788046,1.9309218524383218,0.7336709979559353,0.5040451022159557,0.7070971814570924,2.8599675885485314
1387,0.4983614859581144,0.6147404263244253,0.5690861865853015,0.5035902583981149,0.6215822533077057,0.5836634479846994,1.4160223996916368,0.19175842639201438,0.48041878738665456,0.46786945328536395,0.2035588515879411,0.44887446725276164,0.4916443407206358,0.8029804283288539,-0.5263551729848747
1388,0.771197400950431,-0.5877311899292559,-0.7001258490206345,0.7897503374717314,-0.5538366322132445,-0.6818942764263358,1.454682503282138,1.2637643654482205,-0.6970529364741844,-0.7937642494251144,1.275368265501796,-0.641091453672336,-0.7657259328927332,0.3815384173195089,2.484642328676396
1389,-1.7375171722896123,-1.5475573656233206,-1.6082185457533476,-1.743890313686323,-1.5567038278935619,-1.6423268159696842,3.7175589373184907,-0.9113311632642783,-0.6936357332192914,-0.764863589294634,-0.9211716172346097,-0.7607801643086971,-0.7645707727646338,2.004298775402597,-0.9203278924461372
1390,-1.1999239203886385,-1.2819582065423798,-1.4292571128634854,-1.1843469784149256,-1.278411325677638,-1.4209974639589342,3.0730558732733764,-0.5894302697734918,-0.9222315555351396,-1.0686307862185334,-0.5913357429495264,-0.9064430776815087,-1.018568521800552,1.8658406404743977,-0.01906894919888482
1391,-0.6425527893995243,-0.6485856563600979,-0.7902800274932751,-0.634635222168561,-0.6521659989249755,-0.81465918562577,2.066332653527659,-1.2806265571936195,-1.3093028757410674,-1.2948303775166974,-1.2439610887804078,-1.3227778314513936,-1.248245952620918,2.161612693983821,-0.28927403185906436
1392,0.6436065567255933,0.535724044296753,0.5802242853184009,0.650704044788045,0.5107302696915168,0.5887674791020827,1.1430988553944361,0.7708695441565537,0.6415418158521323,0.7233881820553605,0.7613501169465093,0.6705213007083919,0.7598009089022324,0.3461937739830196,0.3510898518209416
1393,-0.14117710847132117,-1.0893014388814186,-1.0608784829188886,-0.15722419135089297,-1.0862485979116463,-1.0603806615691456,2.2749888966083254,0.46091279218767306,-0.8643142065088244,-0.8331924397325972,0.43823900162788276,-0.8933778666469893,-0.8235596849038097,1.0206092991174907,1.9836330160559108
1394,-0.37448569739674076,-0.5546917089993166,-0.4917372023647936,-0.3787552349899064,-0.5302540459314324,-0.5015483507191115,1.9899199366394276,-0.08542375950188076,-0.3367004225880723,-0.29998768536768067,-0.10831435138852129,-0.34696139674147136,-0.3472826121339369,0.9682360937937013,0.20802948776635777
1395,1.5758761126507261,-2.050070916778525,-1.8146723402701554,1.5804194965010951,-2.0474522257959773,-1.7898279218653286,1.1324320221598356,2.8722394086130003,-2.2507948179146227,-1.8137701741147896,2.867046780575255,-2.295376942506213,-1.8540850019115842,-0.36447251066492714,4.5097587350016894
1396,0.178514384891692,0.13897492979969003,0.13922461854877569,0.19578653188292058,0.1473921816962063,0.15667210969411724,1.6350523051668608,-0.27620177358171016,-0.24537566067748723,-0.2862010568565211,-0.30138558568820256,-0.24087165947076608,-0.36409521682302587,1.043110186657271,-0.23036384346489644
1397,-1.3514983142854629,-1.1460483530557077,-1.320756870046506,-1.3636598652710894,-1.1518490972652042,-1.3195424149363246,3.238570859533948,-1.549332628115162,-1.357597825942738,-1.4476559924656596,-1.5791987796967206,-1.3973801476644427,-1.491995919077813,2.695477343633805,-0.6284288925191468
1398,0.5870304692487968,0.547637434093691,0.5560656278072904,0.5350370611535749,0.5168796791574864,0.5496808166096852,1.5318871758514094,0.6516335581314713,0.6041841915840598,0.6983791262968745,0.6383264307273169,0.6157225534138051,0.693834799748687,0.8087152084185281,0.20079137534735927
1399,-1.0620755264420816,-1.0902600041408053,-0.8699919326505768,-1.0525447163905715,-1.1005004425449993,-0.866312246683825,3.070614677308574,-0.9932667778265122,-1.147570588623562,-0.8428708909104846,-0.9605289931621842,-1.1357553524803699,-0.843383586857975,2.4527375502784166,-0.01561562914799017
1400,-0.2312719585599369,-0.15128332560112207,-0.17060153966815128,-0.2263723698663771,-0.18070997124967939,-0.20147912811748464,1.944347468052284,-0.37870819142363576,-0.2754725963757831,-0.3340628057430248,-0.39161966688553446,-0.25907957509875224,-0.2589087364922448,1.3139583416777447,-0.38177521329510733
1401,1.203953948651335,0.867923586086496,0.7269035654654318,1.207423024689624,0.8460161908240578,0.7155036599950143,1.0933699044137808,1.591407486667512,1.217344354324768,1.093314483651523,1.5750225552234183,1.2044823883063545,1.0709308565371753,-0.10567800648300998,1.3303088012861235
1402,1.1377421328757231,0.3901084902741817,0.4199196796672577,1.1624531829447615,0.37797395310594384,0.42173515830732744,1.221999161386016,1.111895774627482,-0.007422836023642086,-0.008591693551795716,1.1191185730988849,-0.029765328427326754,-0.038616202498251775,0.6305099224807581,1.8072575874532206
1403,-0.11603439522141547,-0.12664959987906554,-0.13516656281784695,-0.11107662153444293,-0.12938240337846624,-0.10978136563713263,2.6772574583473334,0.5685194032475113,0.5833378226667837,0.5920511807763146,0.591605735317261,0.5707424273744386,0.5549326393266846,1.0807401187756174,-0.5077215214944688
1404,0.08418882129563464,-0.1795032771957911,-0.19123548421678413,0.07456038643652886,-0.1466022222313299,-0.16359232394141948,2.3441048856617264,0.038697749383942964,-0.627936130024108,-0.7459188997829468,0.08038500644199027,-0.6271662049582365,-0.735277268391281,1.556758626077018,0.7334045925507066
1405,1.782104306330714,1.854548043625935,1.9074751542674337,1.7881397706762527,1.8655505753181583,1.9025990700834168,0.7078609619953771,0.9401464493387056,0.984899809807647,1.021996055451168,0.926145836510261,0.9658125317912359,0.9909464180278887,0.6608462995960407,-0.19331981311957924
1406,-0.9542000002121233,-1.321036693735368,-1.1469822707854556,-0.9577390973036997,-1.3675826149605015,-1.139756892828802,3.0857683111385468,0.6946622897915447,0.28166678015182556,0.2710584019375689,0.675121340809028,0.33593505975442933,0.2537019691139435,0.7870103839555113,1.0719860898717337
1407,-0.7699680769672762,-1.0342300986748103,-1.1148463805209394,-0.7759195012116816,-1.0318680590772538,-1.122655566378337,3.3405590020589218,-0.791089410660187,-1.2360495291226041,-1.281694181229263,-0.7848352657609823,-1.2727804212979954,-1.2758414727363516,2.633457176550006,-0.07366053932007127
1408,0.6503083539848672,0.8289887414250543,0.7687806479712308,0.6435242924724027,0.8158954198044294,0.7638233019420987,1.942150551230173,1.3554392086814377,1.635800769782945,1.5388501944777946,1.3600409009820815,1.628680687484363,1.5309412943328122,0.2515944837899721,-2.1123741807352223
1409,1.6501794506008642,0.7206136777242687,0.7167189424817656,1.6459971466130854,0.721508176467679,0.7097375508983433,1.8252141515589615,1.854853745052384,0.8814006977738836,0.8804950123448179,1.8545914233956045,0.8669308600491894,0.8810949178552409,0.9956694640497621,1.6869610702177422
1410,-1.246470304213502,-1.3535493367089029,-1.241347320642224,-1.241085116098693,-1.348139292860598,-1.2415522525631486,2.9722025328522763,-1.309744285301314,-1.5176598314111223,-1.366919487339035,-1.297240997115994,-1.5203453565413354,-1.3705513521053272,2.638904621765179,0.3118452565006432
1411,1.390740461537378,-0.6325227186193492,-0.6392267700481817,1.3955271527014779,-0.6366188700554395,-0.61967847733292,1.1541148985045968,1.9105917741903753,-1.435464819748527,-1.4616636423333738,1.9286474801644484,-1.3805541951293618,-1.4400252119650867,-0.050981765679576636,3.3086705760419903
1412,-0.3118654712829888,-0.9321843469648128,-0.8840042992822469,-0.3242544292141762,-0.9323806131569106,-0.8806160688010704,2.7063797406604944,0.21735448681445182,-0.41479492925622485,-0.4374891471385148,0.24477705340759592,-0.45431465159456813,-0.4557853415877781,1.3705015055479954,1.103795626271428
1413,-0.061359095599188854,-0.0240427696012067,-0.020194803697671668,-0.0523370239906187,-0.020972528576301455,-0.020985889252714635,2.4382978320656443,-0.12340039357613891,-0.06475093334463822,-0.06019812952487434,-0.12616405737166025,-0.07990084909654187,-0.0613746048793592,1.5759301911153927,-0.3715249476405828
1414,1.209307878891151,1.0289821224348836,1.2141584298995807,1.2043185216930687,1.0497526546831848,1.2209543481878802,1.592296453506897,1.1960609903275414,1.0270320800753985,1.3235276059926053,1.2248437308640805,1.08433671157936,1.3394589451360737,0.6365469385877912,0.7002338988287444
1415,-0.47015323270555404,-1.2795618489244225,-1.1919269392855072,-0.48776714157922624,-1.2770692649350188,-1.1696918797713394,2.724936229110902,0.5126265762360642,-0.5438462766214098,-0.5604264307735792,0.5097392347252457,-0.5658666425709546,-0.5616739320233884,1.0564631595755827,1.483962029738345
1416,0.7116781160364716,-0.6557566540285925,-0.6065024920167782,0.7159723935417797,-0.6556508305990972,-0.5962370172574102,2.5071854647513,0.7516578009670504,-1.3518114921195155,-1.225535848503701,0.7548296918978628,-1.360985216948594,-1.232468876808923,1.7365264528716857,3.301602684864793
1417,-0.3806387581675616,-0.3238233413838688,-0.4110550894262836,-0.38280369397612135,-0.35322902605946077,-0.40281065663707444,2.2175973218705485,0.3711331411232491,0.44909279943148966,0.5576176889724342,0.3573110608808631,0.4465990651770264,0.5205269721058903,1.0023392114674732,-1.0486910491665655
1418,0.5027220670500423,-0.2707290484664366,-0.2575312958486078,0.4968496074112531,-0.26878334523055497,-0.25018249552402894,2.0629787049688684,0.6885401481011143,-0.22973181387611488,-0.1925411305745908,0.696973378598328,-0.21167956962308368,-0.18404323488753582,1.160581419430489,1.645378825648473
1419,-0.1702909807414338,-0.06469902659032224,-0.06082422341405416,-0.16151628494231096,-0.06320850369235832,-0.043346734771319805,2.263801799145981,-0.9471930856123874,-0.8630196578382253,-0.6625374646602827,-0.9685351236100845,-0.8651168924828966,-0.6610542710233676,2.0243029894340037,-1.5520494175651558
1420,-0.5636225711438951,-0.6287210883407394,-0.6779540595589203,-0.5215827391470599,-0.6035282476715661,-0.7063689417388245,3.272985185257442,-0.36403868131181255,-0.47288753458358473,-0.5668137690781847,-0.2937384536569669,-0.5293797619321335,-0.563316525817416,1.6109510537176976,0.09575964114119837
1421,0.017313360068655113,-0.37650426710511553,-0.4285633532172385,0.024596345785088753,-0.3899806279418223,-0.4356800098290548,2.09648708246202,-0.23867720561773673,-1.4681666318176714,-1.4907039297885085,-0.26471512759318616,-1.4503194146459544,-1.5157551170423131,1.848450710533741,1.098489817315576
1422,3.227207086992642,3.011490779344364,3.1211858077992725,3.2269519837087994,2.9999096688181437,3.1102994215596342,-0.40008033194786335,3.245033720659637,3.038215509714254,2.897925078710966,3.2472419087150333,3.0417024484580377,2.867813488030616,-1.2420008494380985,1.3158369963015548
1423,-0.3270510301232822,-0.21400573234628179,-0.17879401998203753,-0.3091702515374828,-0.23906513377820737,-0.19648078147127995,2.4205200277448657,-0.1646525834045544,-0.08645167171768384,-0.0855187040519512,-0.20674937657085984,-0.061024715655663635,-0.09742119561926363,1.34678538424721,-0.11597954653422572
1424,0.9802801565330413,-0.8156626178414815,-0.7117434607762626,0.9675795919843879,-0.8133918094826166,-0.7070991146240337,2.3810155608359485,1.3059862605222967,-1.6040649665976041,-1.1768083881428406,1.3049687456939671,-1.6093409962264993,-1.1775508555365042,1.1912957647212372,2.494568375022805
1425,0.27716420382102236,-0.8886607542475088,-0.9627301588192403,0.2743378483671067,-0.9061714278031527,-0.9498672488797432,2.2674226112905513,1.6303374967495423,0.3768348422307529,0.37466758728069216,1.6257649877578082,0.41147315095428355,0.38421270713010475,0.3669159096171935,2.0677505530336138
1426,1.1644145107076023,1.2724250122962872,1.196137124179172,1.1763919464176351,1.2523882612176431,1.181121092790233,1.5499372180549595,0.3059532218606013,0.537437076128828,0.504203538896707,0.354919764932351,0.5395196124156532,0.5354342655327642,1.2263682417065611,-1.3048337302658632
1427,0.6190837460662437,0.6552653468703382,0.6870565847143759,0.6276738601970616,0.6528149819884812,0.6848773813887539,2.224622473400728,0.9306377317879337,1.0162067671933401,1.0941619636585531,0.9446429430939179,1.014528078179106,1.0837558820125432,0.9620233770195248,-1.2313597263409135
1428,-1.2553522768482577,-1.2670205534285466,-1.3828114015320625,-1.2407061197285887,-1.2626293771584143,-1.3943850670360642,3.402377332576934,-0.814008881637343,-0.820688683672183,-0.8772100625828712,-0.8137378072247897,-0.776987052739297,-0.938624911115679,2.014211716986034,0.06888504972787349
1429,0.2887038847418054,-0.16336548691351568,-0.1780354007745306,0.28701022879919935,-0.15554223512812224,-0.21103259595335788,1.7601733329666374,0.2985801538826482,-0.6061661029521046,-0.6728111119851522,0.20800547160480745,-0.7786386188586396,-0.6875549692712795,0.8987282851286343,0.9658685372803351
1430,1.5101208339202266,1.376311049646776,1.7601734236834339,1.5086234956603122,1.3692195259899365,1.7682916059891691,0.6446517291767396,1.2238483023147375,1.0067222766845674,1.266273135809773,1.21571127291342,1.0526489195947326,1.2819035575222857,0.2684174033179399,0.8785609396407451
1431,-1.015127064313582,-1.256862536044156,-1.350233623237051,-1.0505839842472484,-1.2703845019251305,-1.3364348606691379,3.2394902250374558,-0.6130738371920724,-1.002184875042037,-0.9805127978516599,-0.6185499115851442,-0.9814621770032584,-0.9611617877186903,2.07139795070674,0.7908259057682253
1432,1.7650007848029827,0.19014713018722684,0.1878427799106816,1.7783769857361982,0.18360712811216554,0.19539529563705169,0.8804755766844513,1.9992637932626214,-0.24163517880710111,-0.23190112283764508,2.0363312695573264,-0.22450706827463604,-0.23616458541717508,-0.10286325017800205,2.8934628508111824
1433,-0.9337584941219194,-1.6455884210524439,-1.897659002056274,-0.9285000094918701,-1.6529282417744795,-1.8923187488262425,3.1273963015068067,-0.054334636484140594,-0.9583788480780224,-0.9835313347600114,0.0027195969877934364,-0.9825962718952365,-0.9769248144108181,1.9201910816476784,1.639244943170759
1434,-0.6517161466170117,-0.9588867573940107,-0.9237646590859041,-0.6476339193316736,-0.9720017835647058,-0.9230589671078256,3.4017480955152846,-0.4795041493106103,-0.9155618203197093,-0.8638959275656507,-0.4687360036647629,-0.9065913499872126,-0.859117593321558,2.656557123027853,1.8585670747521377
1435,0.6260884803646144,0.4075953735408095,0.45533343377676394,0.6447598667189058,0.4225794639439024,0.4631420808462339,2.1567740095562993,0.3743736180618313,0.012649548282003783,0.013712057014284568,0.36345647507896517,-0.04578134947141428,0.03540095538514836,1.2890792923185783,0.48816856236766326
1436,-0.9730870741523434,-1.2994319389624909,-1.2849228458510351,-0.9929242125169887,-1.2981693373828271,-1.2882097742367014,2.5617994459822326,-0.7046837125809732,-1.2101129220587985,-1.117524578071394,-0.6972449274350325,-1.2168625992192128,-1.0896973096581812,1.7710699927239857,1.023793417567283
1437,0.21526019461096893,-0.7987541577458303,-0.7952719394716641,0.23198888869375214,-0.8433415941705067,-0.7828771425495581,2.402478511372574,0.37539303691660963,-1.5144543607244576,-1.501525606025277,0.36572597771538784,-1.5017886285845052,-1.482184419795019,1.3039219771284147,1.9251866423372046
1438,-0.08897335782738437,-0.11549382383719946,-0.10891761987474664,-0.08519279789695383,-0.10588100767705685,-0.11620566915788678,2.4264084212517796,-0.7933121711455731,-1.027970384244673,-1.1930464506544745,-0.7817495515979564,-1.036609035390307,-1.1739780835442686,2.315836562923237,0.6752392115707571
1439,0.16532432506346612,0.12968772937604606,0.12640147473081859,0.1531340719534546,0.11928699320377743,0.16364820688184709,2.287880308416341,-0.4483332090775335,-0.4682470404800219,-0.47825903193886077,-0.4475515511034072,-0.4680322674405591,-0.40022387397534553,2.139349684746546,-0.14834206426600505
1440,0.42039964581738076,0.4645303950345803,0.5858879836921321,0.4184340662972642,0.46525526936095457,0.5943686855081961,1.1111095138741587,-0.0885690041070447,-0.06102534152620404,-0.06139933540657091,-0.07474411974618797,-0.09232337909062374,-0.03442500188528084,1.2750386735943031,0.02809424177762235
1441,-1.6743818271765605,-1.6364414563508518,-1.4890676919000345,-1.6845703885780328,-1.6200343337794563,-1.458231917073758,3.6970200867451464,-1.3095061390873963,-1.2012945597471083,-0.9857410417460966,-1.2984280012827447,-1.194055016876834,-0.9671579586906699,2.5279794423122457,-0.3315593665186704
1442,1.6234121218131274,1.3810341551811196,1.2568940123249714,1.6103332733425144,1.384848718930766,1.2573268372558044,0.6885094438463861,1.2825377313873427,0.8516261279014865,0.7649250394401977,1.292780208887018,0.8438623213982122,0.7407272406207212,0.4327739417669963,1.6623080465056677
1443,-0.5066231885341898,-0.3018881682655546,-0.2965514197790119,-0.5168774628198002,-0.3197688062726904,-0.2997545975699058,2.8175198895947187,-0.4429668605577841,0.002604793103644012,0.0027475450332161864,-0.47088852702324163,0.002378909506347262,0.009643482909822695,1.6125127625134963,-1.1741984292934868
1444,1.062575227980282,0.8828782720581201,0.8458026995953741,1.074033063770969,0.8781918856963559,0.8570770571448755,1.0311070778999125,0.312571275405447,-0.3922845423281178,-0.3787552891115948,0.32354821567068626,-0.38518106607973357,-0.37499562434554834,0.9238704878561412,1.0391325443180948
1445,0.30477480426916936,-0.38100035649929553,-0.35530801262072426,0.30479344124816155,-0.3942697767182624,-0.380981699632409,2.9605980953748405,0.5438220887698323,-0.3613041378024755,-0.33935268444424005,0.546012411464654,-0.3780204609388172,-0.35007102643300403,1.8298270782011696,0.9913133340557561
1446,0.7129385604939125,0.5778326792389329,0.6748066038999365,0.7084171849929606,0.5607426756644058,0.6822021723678391,1.0647784899218475,0.6627586703783158,0.44387101614641067,0.5591519227717913,0.6519578469070461,0.4544169847386855,0.5774940749252374,0.29166221123170083,1.2446562943781794
1447,0.8392370104944646,0.8800238264348451,0.9038378183367287,0.9120773835398194,0.9221239831444844,0.9142700451639101,1.2758197218873781,0.6400947774477045,0.752853945399197,0.7509328005899714,0.6243161606844809,0.797100551949865,0.7952083522698271,0.8038240575611395,-0.35897932940565114
1448,-0.2959594365504011,-0.46162350531761165,-0.43549254409575405,-0.36705164457728234,-0.4557867742975477,-0.47970547082587633,2.6427086109283384,-0.3476963381786049,-0.5430156021124266,-0.5534744049210206,-0.4006843419645994,-0.5422937324831228,-0.5562718837676333,1.6980931259913148,0.3304763000047409
1449,0.3261944423329984,0.44420233834753026,0.38292338294011613,0.3226950342339264,0.457467335848136,0.3779184484876261,1.8426810487438032,0.4042106988809482,0.6245255827524591,0.6743058373968207,0.4007632652585784,0.5994611398778253,0.6747218971991993,1.119408305434094,-1.8835094077564432
1450,0.2014615588917536,0.28593215952356404,0.36938904053070715,0.1912828803046082,0.29793176938797133,0.39008968523163556,1.816664311214817,0.583272618440212,0.7300647234319787,0.9850203954263399,0.5403605823830463,0.7017302221441263,0.9563089448435483,0.8344127806747106,-2.0711577886502885
1451,-0.702463547624962,-0.6609564363021968,-0.6857334015892297,-0.7280413856254616,-0.6542662461191472,-0.6884979878254038,3.394150188404722,-0.7989481322293869,-0.7169081011120405,-0.711319447056622,-0.7701099057828021,-0.7144123119510545,-0.7031435251383003,2.744933442284697,-1.2253396542021755
1452,1.4034760281257979,1.4395608648654397,1.562066816543587,1.4292716410478825,1.4341739741003114,1.559285038420325,0.6524227707550238,1.327809588096235,1.3838459684951572,1.5227741860353206,1.3183928132517446,1.4364429207167506,1.5001607014273632,0.2602896621816692,-0.40345118392788126
1453,1.1876117363586733,1.340396314198902,1.3234246927071853,1.2123005116211762,1.3075848565435664,1.3299738178613651,1.2494201766461868,0.43673546774905186,0.6546646327431602,0.6379307093619588,0.4217830519551732,0.6225344524125574,0.5948687208830042,1.0406663892595829,-1.3781013904933697
1454,0.19135089794926735,0.5477021125921695,0.5644641578911503,0.20565109766297873,0.5555521265131695,0.5781293924699556,2.1076678859822864,-0.12049807401681302,0.6036090245325552,0.6670971031696714,-0.08631796555833397,0.5933433343960552,0.7042675005568415,1.3949535660978722,-0.9701891233343449
1455,1.76327148191537,1.9882543565217399,1.7993703329853095,1.7720233480844756,1.9898502506161158,1.794876451230062,0.379805357189738,1.7319524159122213,2.055689859783251,1.8319087577482376,1.7188019725506136,2.073105895495335,1.8580756623043042,-0.3588267469148688,-1.182905492599291
1456,-0.00168647021943518,-0.48304508972804144,-0.5062067887177035,-0.011992350367971381,-0.47233745837347557,-0.5013091558255328,2.3340732005348848,0.33144952664229504,-0.5244612833089545,-0.5545490798820798,0.3428950371300226,-0.5444645930829846,-0.5598704410392473,1.3392381381458074,0.9630241599809355
1457,0.47713746531668894,-0.356777034146206,-0.38077316781349346,0.4751423892570657,-0.35112837399342833,-0.3677667156649935,2.199185609460494,0.9339545320909556,-0.34527426231144626,-0.37407906778663275,0.9485387660143344,-0.34822668735617995,-0.36654551137910146,1.0893815331115406,2.5471552376007596
1458,0.7449301637051542,0.4135863146832184,0.45426792932669824,0.7596022784545606,0.3931276326805272,0.44879619673789867,1.8941672663906723,1.0868605953362402,0.6079896296129402,0.6866520498171143,1.0847737146050402,0.5829760340414025,0.6812600429246194,0.5211484323531016,1.4735601807738177
1459,0.08731561084389713,0.003072653251155629,0.0029031345087125434,0.11620530655980603,-0.02098817479728495,-0.026211569949852496,1.9376681417141242,0.26350354259783776,0.15972009730656941,0.15473597468134137,0.23977054719993998,0.0888634737732724,0.08942401245925125,1.1572747508968972,0.23114299102235947
1460,0.11901754425873022,-0.533894622172189,-0.5305938972562003,0.12270562288133434,-0.5279887621131728,-0.5252139770217459,1.8539094389501685,0.29234052999218846,-0.663654541935853,-0.6524782876192473,0.2840971731793502,-0.6944413466695138,-0.6632597417500138,0.948621512007381,1.5977357669220285
1461,0.37937297118973284,-0.15585798187695346,-0.15623862590293808,0.38127236341433196,-0.10929739860833984,-0.13789369331570958,1.2505773525243398,1.058507544935195,0.2087105697333239,0.18967446382609401,1.036312812828452,0.13767759364497703,0.2322254948972817,-0.14502956660173982,2.359562547071729
1462,-2.1252678593608247,-2.1685859268278724,-1.977067758360616,-2.1114326365273755,-2.173905574133263,-1.971907342191988,4.474936548035629,-2.1358975696331006,-2.26364448417945,-1.8290826586562605,-2.131847947200488,-2.236890545708786,-1.8181951242873868,3.778744710720325,0.02581454344202037
1463,-0.8523863487470991,-0.6766717394717311,-0.4868126209988294,-0.8368447172143001,-0.6795532637542245,-0.48329539457240484,2.8053009673416462,-1.0928058404298289,-0.782775121603087,-0.6211967355447472,-1.0834064757899997,-0.7986213530251444,-0.6382391580365617,2.1546132865501524,-0.6604156500132649
1464,1.191451964027768,-0.3545107049849684,-0.3505104259269305,1.1927563144286404,-0.3770743568409516,-0.33586135455905836,1.6139888110799527,2.574703642377442,0.8483974371157781,0.8572723974742351,2.557210488211016,0.8279304981447512,0.8423365794077402,-0.4266920140501128,3.4261992316484444
1465,-1.3099891074899108,-0.971064011079042,-0.8370037734811824,-1.3077431908009083,-0.9534992525775562,-0.8397345736998079,2.8147939972299025,-1.5066434352637752,-1.085037360162065,-0.7849933229915537,-1.5263097704241424,-1.040435824433339,-0.7996759796864734,2.2780134456478502,-1.2969964894969142
1466,-0.6552910175222706,-1.61570286695144,-1.5185694396231109,-0.6443241569156027,-1.6363450480217683,-1.5189745231626035,2.5445694796106184,0.5523270548460112,-2.8727808112381408,-2.342128234811354,0.5553142421505121,-2.7996121872206685,-2.3662449723381247,1.311757824629863,2.605888229441751
1467,-0.4938560935185779,-1.1111048097818694,-0.9891450229361196,-0.4921528874589302,-1.1401368453526604,-0.9457785865494774,2.4224745660170486,-0.03480698874947872,-1.0802981885577267,-0.9680052461771393,-0.05790160085408674,-1.085936378418453,-0.9596033377710524,1.4055409049504743,1.5475894858756947
1468,-0.8765857832097743,-1.554311129294879,-1.5977960027196594,-0.8774740119562793,-1.5625979222127742,-1.6006124792161582,3.036977235579071,-0.23647044581702267,-1.2288670935505632,-1.238881235831994,-0.22778431472231586,-1.1925734210286627,-1.2564832878964205,1.6040042171710416,0.556418071269102
1469,1.3219950997790637,-0.36889841966898995,-0.39750081004696136,1.326358503799087,-0.3810357441638465,-0.37993399234224207,2.596635525222856,1.514531582618432,-1.105836781761801,-1.1910882960118923,1.518932406873195,-1.1051118875269978,-1.1805705404078244,1.0725602064882351,3.6773213570482537
1470,1.1181206634850518,1.1609368384528758,1.276227110646082,1.139731235570617,1.1894089281770859,1.270101900363096,1.2463448808722999,0.7833677207928875,0.8606358165402231,0.9959806104032212,0.7969596874260175,0.8907675906427684,1.016716265843648,0.7790398148562931,-0.13339002668505215
1471,-1.3901800830291735,-1.5342057391968582,-1.393575697414776,-1.388500518475974,-1.5255002042593315,-1.3717195656558727,3.79734158722289,-1.406325381507258,-1.7944805830086177,-1.5088269588511463,-1.395036749090958,-1.7160265681706575,-1.4690320278926063,2.7216310628499802,0.643661614277806
1472,0.9756164603977736,0.7860289172629972,0.8095153897105625,0.998298279576038,0.7881504686878538,0.8068007314901912,1.7665424899283717,1.4676460884139817,1.1884510095169658,1.1656522899931772,1.4382018453629115,1.20315755485995,1.1896039415583037,0.6189479558574238,0.764755327372834
1473,-0.8675279175528413,-1.3503886270656298,-1.453647311016655,-0.8748131774897414,-1.3455212687045102,-1.4454235759375096,2.9361296287818726,-0.32658250369244435,-1.3454217330019511,-1.3573935095738379,-0.31283502131759783,-1.3463411627322184,-1.3691939379069584,2.1288086724886948,1.8483052011626278
1474,1.1573305341893187,1.209040150790976,1.607216335930362,1.164247055070518,1.2040672149367893,1.5903256685025937,0.3071831176311871,1.2610822987150894,1.3439775643387872,1.585723311449106,1.2596736317038297,1.3304374821526266,1.5897379870818567,-0.12236546940748673,-1.810177483893396
1475,-1.37068897484547,-1.6430375178073593,-0.9574702534181637,-1.3749178330090759,-1.6401149825086618,-0.9619164285153228,2.9419682577402755,-0.8283002682656622,-1.6142107648433481,-1.2128381548583305,-0.8308339960076662,-1.6645485196532888,-1.1884368862015473,2.2655764529963354,1.128525995088297
1476,0.8520323252909479,0.12714212152212181,0.13391544142681136,0.8440817956474483,0.12383188486617523,0.13499689153238661,2.0415358383517406,0.7827813304354766,-0.2511745150417776,-0.2623701880493958,0.7917644534631378,-0.2390519818158824,-0.23463217154931404,1.617166788574898,2.0192153202848373
1477,0.6811563981978327,0.6718397894736456,0.7915516949030184,0.6648558772315815,0.6872294116216532,0.7615421523449546,1.8143527788319618,0.1094405916292754,0.11771889951676474,0.12430587418066542,0.09943976942882889,0.16614901062046186,0.09004130180859905,1.224709229704677,-0.32260454304010955
1478,-1.2021447892716242,-1.7037489301725863,-1.5401932180823688,-1.2021859296887338,-1.7133931280947445,-1.5317769078482233,3.305708451477572,-0.754426897987072,-1.5065684136539423,-1.261307623162,-0.7624580931883613,-1.5377932340159082,-1.2754905057400885,2.4793340550636374,1.321336021473845
1479,2.1783221685400878,1.869286999120914,1.6755700468840784,2.1707913975493938,1.876486451866723,1.6709896854701014,0.1955718033659475,1.9616212748197137,1.47554588264605,1.422325136805845,1.9649993531004228,1.5003715604819763,1.4494902807579013,0.05869749093713974,1.9734840349900478
1480,0.22213981805282454,0.198998320629726,0.16844488660859078,0.21536849589251725,0.19774673730649983,0.18515049755167765,2.5824455387208975,2.0679650315637494,2.1201525691986722,1.7939800199952238,2.066235669887746,2.120206778178325,1.791169354475307,0.005988125806298579,-0.8342500828181555
1481,-0.5726626582411735,-0.5241319579608118,-0.5674072020299142,-0.5647892802684927,-0.513007324074242,-0.5493106706555121,2.4728845594027646,0.021056807229235655,0.10355711141829503,0.11285351279318201,0.01006161259226279,0.10388712466719649,0.09437685668248384,1.3071948471911015,-0.7459562125306501
1482,-1.1110000572428649,-2.124928248330334,-2.1734156455485323,-1.11377124995541,-2.1163018806908327,-2.152964636606114,3.1151836045558374,-0.12903190740306406,-1.228860617202941,-1.2353326768671673,-0.0981251459303698,-1.2316226166016637,-1.1895778190846908,1.5828793505788343,1.7521630288329892
1483,1.0368168779446854,0.8324796961573439,0.8288194250646584,1.0535814010718425,0.8310605839087586,0.8157271828376049,1.309357899024041,1.0300848206458475,0.7964442139250042,0.7206174942613178,0.9955974779197136,0.7943883900824659,0.7219490436212179,0.6810757478894067,1.0228103470234484
1484,2.717503698300717,1.1337461169172063,1.1622476746284893,2.7205338697978365,1.1405733836296867,1.1384687463016439,0.5776162903991205,3.0654431879669892,1.3985374358544762,1.4759175252877008,3.0666103292250364,1.3990381751601138,1.4631703255287813,-0.3261910955905113,2.9592516936326367
1485,-0.044465916408146004,-0.490745167777038,-0.4956029792960438,-0.020870324495313987,-0.49157131606026655,-0.4765810318420542,2.2427174874493594,0.5825159888625806,-0.22596046987129212,-0.21832066379446324,0.5968040404379026,-0.2155805422234318,-0.21205217367626317,0.9215478612106341,2.2288867939445796
1486,0.12904777875632212,0.29406420403400874,0.36891489850683623,0.15425507487112333,0.30592094696494737,0.37426268046509104,1.6372979195055595,-0.3336027532844231,0.29557790589726857,0.38727724183199913,-0.35278937370285246,0.29752299633670354,0.3353852776344263,1.8329625979677318,-0.7246174057922352
1487,-1.4549595409003575,-1.583647125659481,-1.5943427987020595,-1.4692176017432506,-1.5274008132671268,-1.5674661489393331,3.5412178633867253,-0.7570508818375807,-1.0197165311758034,-1.077231050209508,-0.7026082656699397,-0.9105356496354938,-1.1292943735512007,1.912419831323791,0.5829575339714386
1488,-0.5780221355468721,-0.5048747992914167,-0.4858171028025783,-0.5597809754645727,-0.4861278587731511,-0.477629974891224,2.7147337262912936,-1.1171309460499361,-0.9693348991675588,-0.8387407868727285,-1.135095583921094,-0.9893514248049216,-0.8537105975485707,2.338259486081793,-2.3856067641453618
1489,1.223567142685865,0.9115553880511764,0.9683512797890642,1.2279623543170395,0.9257775788628695,0.9644665065936111,1.5857576232178547,1.1137305069561951,0.8532390024523336,0.9173579430415885,1.1340040278634749,0.8631761599268063,0.9047513998881239,0.8473332012473472,1.0271889673897612
1490,-0.41457507298932156,-0.48480084263649437,-0.4911533516554229,-0.41202333429545007,-0.49686825921548955,-0.4917969825149268,2.490342267102863,-0.547683005985708,-0.5880655816290423,-0.6327916251557837,-0.5240997176850355,-0.6011640875638347,-0.6798198405211707,1.830613644960557,-0.1249758074548236
1491,0.08960885106522397,-0.8447692366662337,-0.9774399153210176,0.09571756403162586,-0.8397614990827361,-0.9950490377620046,2.394473183789959,0.3421605326576577,-1.2517825199993606,-1.4367730085525605,0.3789176616264841,-1.2257993466258177,-1.4725961582582188,1.3556496907906865,2.1866099747488166
1492,1.2689207143847834,1.310492048149219,1.7293832430546818,1.2788125123780112,1.3087174910879362,1.7255780058961148,0.8009588748558181,0.9671653216904025,1.0190152757983446,1.2968420699007166,0.9482327937972048,1.0161951030727692,1.2714431837775337,0.4361345034558991,-0.18946458119113269
1493,-0.28612969169844665,-1.0487680754551094,-1.0852744539992942,-0.3034662502337152,-1.0249887855205437,-1.0904437802052747,2.133490659330562,0.11317956944362556,-0.9839951609529924,-1.212255660657849,0.12179298127571479,-1.039977015201006,-1.158541708486265,1.2942698296701145,1.5064579115104892
1494,-0.004810984513120701,0.07395409067256656,0.08229990011811072,0.010655681988600488,0.09635662265171564,0.11612163540984412,2.2237520272453186,0.4387920669573717,0.5722770254564342,0.6083901363390022,0.37727269043478395,0.6110068953448015,0.4722172035359025,1.0249182988378793,-0.6092184314730192
1495,2.0532060352703074,0.2269948214025026,0.21801527950058663,2.0536420416192684,0.21110110874359297,0.21628219991615238,0.6553497892975443,2.2943616248893757,-0.7104154746155724,-0.7146559564403905,2.329343082278459,-0.6902969164933279,-0.7762178437963653,-0.1815464655842377,2.9314408396064735
1496,0.4013582391293322,-0.005753669187333993,-0.005998449403390026,0.3805720997179551,-0.046074674205207534,-0.02702315955502427,2.3627720688442846,0.04869477079955905,-0.5541048397712168,-0.5652649640874556,0.03996288912080018,-0.5592841151556691,-0.6094161016024601,1.7197510655050392,0.8723065502193498
1497,-0.9563545559964561,-0.9394022004087546,-1.1810321188384716,-0.9853982587158401,-0.9811266850335398,-1.2184453566262612,2.438673250613516,-1.1094369572497937,-1.3171451969162278,-1.54307141873693,-1.0743533334421835,-1.282182170037323,-1.3236949743027107,1.9377737528864722,-0.0335029472680978
1498,-0.0881408722310613,-0.4581583793626167,-0.47677110826589636,-0.0661147308158331,-0.4638858650826154,-0.4897314514973381,2.345729999560732,0.06163874484354385,-0.7063839434032608,-0.6287649301869859,0.061032379794260815,-0.7078142754625478,-0.6232460696013347,1.009461977360326,1.3197412532519432
1499,-0.8464609407838368,-0.9234596518174195,-0.9054754336118623,-0.8592659858893985,-0.9655141251290387,-0.9177553276643302,3.0904278590208665,-0.8551794522304813,-0.585198734519453,-0.6388312790186135,-0.8879977200517709,-0.536595163830282,-0.5662891171695605,1.8901624783072726,-0.4555798892760023
1500,1.4065712948852933,-1.1493742553225292,-1.2755468495574007,1.3810741410000928,-1.1316524102267995,-1.2720169945246267,0.932877149679559,2.3330125851166277,-1.298577233624018,-1.4849076476514336,2.3527532414372043,-1.2776891858422317,-1.3110320329790421,-0.2995643395925066,3.6204894122224727
1501,0.025598622478138235,-0.000542025433418292,-0.0006047748146141828,0.03162510813899281,-0.046857075309723786,0.047735142797790446,1.927793284235728,0.45944887245365956,0.4102493012569423,0.4653045770007868,0.43586872830628987,0.36559908411030956,0.42510659834941855,0.9146930400113897,0.13481448196564813
1502,-0.43821070125463263,-0.1673836339173939,-0.19667815719118267,-0.455600348698015,-0.1801014915767776,-0.19263603272087615,2.054974347985165,-0.5021987587349113,-0.07405872568001483,-0.07812864617422541,-0.5437462896626007,-0.06193608028998194,-0.09397944719918995,1.761685747521256,-0.9372367137970716
1503,-0.7944097623925223,-2.149317889349312,-1.7925148929918993,-0.7997707215068792,-2.1331057248713305,-1.7854759044006512,3.7636526389119034,0.017408643780751368,-2.273337442572453,-2.0069409925836834,0.030417133126557763,-2.2531397660293515,-2.01470938329686,2.2842062830554397,2.370811541763668
1504,0.3515631125677687,-0.10296483077562056,-0.10259998814145446,0.34109080621237897,-0.0851579464112571,-0.09959908264351665,1.782412728246499,1.1659476353349367,0.5160796254146482,0.5402475347389031,1.1441376849989284,0.5438608340746386,0.5412610525722935,0.255107456099475,1.6706073017294378
1505,-0.09120538615355403,-0.06763660703574367,-0.06442432126569385,-0.09489967121589994,-0.05377123262098546,-0.08529621719847402,3.0333588369360722,0.27286243470287885,0.37106290901010586,0.33441280630143755,0.2216539759567047,0.3422850571167797,0.2921903762312972,1.1864136836561183,-0.5592842881450042
1506,-1.373246705125785,-1.2882758830702241,-1.1197741967198955,-1.373029519047307,-1.291087829460229,-1.0860747356703675,3.080677093267507,-1.0079481615326633,-1.0416359342727373,-0.8323023241625703,-1.0318753267661394,-1.0359080294267502,-0.823283775405499,2.1828960438409766,-0.8418761425413991
1507,0.47502992360410484,0.2866950868891983,0.2985339411594419,0.5286832304645089,0.2996469290121896,0.2954854114926542,1.9272649034478002,1.268297100391939,1.0839688124083247,1.1178676773591187,1.1774705196909758,1.1170619159438422,1.1301437174401026,0.3215082232887046,0.8907402989061752
1508,1.2038454194141859,1.2956738445762812,1.2257806101181286,1.1727710867626624,1.2530050451799903,1.2342245359820945,1.3844541839078952,0.4866614271000348,0.4527792376925206,0.4231916350467268,0.5433792708984615,0.43017004306014217,0.4569458325376066,1.627447374048663,-0.1503981576924272
1509,-1.4842943385681302,-1.6470009816918216,-1.7079775632149505,-1.4601605102566129,-1.6496784871448107,-1.7213544898133886,3.191599529490482,-1.0696029103839042,-1.5096730613581355,-1.595609890445149,-0.9906999337401873,-1.4999737687497103,-1.579174795713628,2.061650570246699,0.3142917937590153
1510,1.234639998902007,0.20405180259236855,0.19226484376305134,1.255858399358507,0.1974603238862219,0.20912638496243915,1.436864656019521,1.3353807599613459,-0.08377587821622624,-0.08188942280105789,1.3371214312402224,-0.0858633664067213,-0.07693291057095854,0.5023607848937515,2.2240903772979874
1511,1.9411822702501025,0.9105971322692935,0.9086413419130652,1.9497922614611298,0.9300100705077715,0.8990900011786964,0.7937921287325145,2.2030665486213112,0.6764132065578488,0.670094962574859,2.2080884765544773,0.6639688478796756,0.6728264623677898,-0.06069724264690978,2.3541907184009983
1512,0.05330884989732014,-1.2250126215856136,-1.445056824135023,0.05590033992045257,-1.2259322262365189,-1.4572812647904114,2.882494590166714,0.8349880053787507,-0.9276672880797052,-1.2395560710830165,0.8388227081987898,-0.9297284367505606,-1.2106458512228135,1.3587279091011257,2.651957932418571
1513,0.22394669268608647,0.2839849982391836,0.38626799801244954,0.22392679761670942,0.3037882630499152,0.37793807293606596,2.04087102688029,0.6189084763691073,0.6319991778017969,0.8094664295208644,0.6126242778233053,0.5980661571843344,0.8437220998665993,0.9341375520952614,-0.4023434117605709
1514,-1.4377970037371235,-1.2763358586080717,-1.3059197389033306,-1.4136989344780786,-1.2545022686560177,-1.2832357800767793,3.314985214346831,-0.268929905521996,-0.005662002425334302,-0.005292528668697066,-0.3229064025289693,0.03073369480008766,0.022190530736608646,1.4081519263553985,-1.0926760747621338
1515,0.8405086908574247,0.8697091226630629,0.9613831846424694,0.8382114501774774,0.868834965533821,0.964456743418139,2.4326339008564406,0.7979861532171696,0.8753266070129693,0.9659779121988762,0.7820950604401776,0.9010577078389563,0.9646574996684768,1.4781945712917186,-1.126842579423156
1516,-1.3590844835878033,-1.380321142772588,-1.475990274114489,-1.3639516377352592,-1.4248479104900567,-1.4849201832482666,3.1010850873346696,-0.9106686777122337,-0.9665021457552309,-1.0378120833935853,-0.9120699871518209,-0.9760320733337644,-0.9759753555451276,2.152137050473632,-0.06642656268668941
1517,-2.4800662273932392,-2.3846139184651993,-2.560724556224602,-2.4833527120288257,-2.404308216056952,-2.5472229550177303,4.315970989825244,-2.742839403454972,-2.6435379327385644,-2.7026104284635823,-2.70988236044603,-2.668920627269751,-2.6096478472408866,3.604568704812731,-0.958591734426072
1518,2.5300357374144893,1.0643783531703581,1.1937914126232942,2.5289112194548933,1.07879481950257,1.1936631301631322,0.26073832649516715,2.3774498425187423,-0.6798830739078703,-0.6785212399513154,2.3615925061702745,-0.6477261855964618,-0.6553479838780985,-0.3259179256361866,3.1912183522334603
1519,0.9088074437357118,0.8784466099551356,0.7692418381295343,0.9292207010673785,0.8902590278367558,0.766536771095216,1.758960327957895,0.7106005806832691,0.6784194810074234,0.615733772258325,0.7298516620966164,0.688734821285142,0.648094387061767,1.280861554174377,-0.2532928917608317
1520,-1.825296442329324,-1.8499098552813584,-1.723032111685856,-1.8262451667291857,-1.9007576790900853,-1.70565363711372,3.5118029663466492,-1.3146048902956744,-1.3491639501430104,-1.3334693560398296,-1.3215303719988676,-1.3501075486034577,-1.3438619562844412,2.300142279574977,0.10392434308737035
1521,1.2790910871161363,0.6057123519362474,0.8417214077430211,1.2700311515894758,0.612987051362468,0.8296706731724636,1.550374253933728,1.3241372461522816,0.4940397662998663,0.6841774845484628,1.3177191475090053,0.5016418205636471,0.6742443728907663,0.9057860748784727,2.2633277377119674
1522,-1.2610180447657657,-1.5937507489857299,-1.7489523236272129,-1.2068739380467903,-1.5483376902218764,-1.7226834611805317,2.8988874820799357,-0.7045377380141197,-1.435376451970494,-1.805616350801959,-0.62248576715663,-1.4044417434820298,-1.8988814896569852,1.7529925945564522,0.15720762859837883
1523,0.6376836596600495,0.5211355295685854,0.5891389206747477,0.6400186486651712,0.517648957294079,0.6005801207328748,2.6685625019753174,0.6491323449994157,0.5194011602094885,0.5959893834628027,0.613742208770802,0.5535344127492209,0.5953084734534082,1.6559344865106613,-0.28005734085629985
1524,1.4665856836372688,1.4691006279567715,1.660993663958905,1.4795644452450627,1.4810497477840219,1.6519200608200713,1.577980422899995,1.08021111225249,1.0724046929310738,1.1782931429421524,1.0714864240547306,1.056700646738432,1.1880933185294411,1.1142728798736212,-0.04219369647623054
1525,1.4800862823608498,1.4713556453211785,1.8908380224876808,1.475352142531202,1.4742903602473971,1.888192195425943,1.0833563790925316,0.9779993338192396,0.9870390228872983,1.070606142193781,0.9977558116405418,0.9566506971339284,1.059475735570423,0.4712341428325824,-0.029564580812849777
1526,-1.5048827561205373,-1.521027743790939,-1.2215227746029031,-1.5001662314101454,-1.5258820530612762,-1.209045988727126,2.731442469769087,-1.199393773872429,-1.1559647652293341,-0.9303293427590911,-1.2399703480694848,-1.1530407029245522,-0.9233454477095767,1.9114769232826059,-1.2798055891188347
1527,-0.8062456004001776,-0.715823213041406,-0.7973296733433989,-0.7824710338238628,-0.7056144997615917,-0.7724976804450221,2.7280006792358926,-0.37874441932260355,-0.07687640496282461,-0.08533004861030648,-0.3917133672713526,-0.09700447154095408,-0.12522773882730642,1.4033596156842414,-0.7278663707105373
1528,-0.8985741501636251,-0.9207455380280638,-1.010245290754625,-0.8970558724262253,-0.9197933608258573,-0.9877938588080938,3.032972252555487,-2.086352782860028,-2.102911171592811,-2.137480931448122,-2.068448526976951,-2.0881676766115103,-2.1622421253321242,3.1359311391196654,-0.7861344427904247
1529,0.5066006470634313,0.5250883763325135,0.5122821589106782,0.5030885004959055,0.5126039225086435,0.49643024825639204,2.282844762486357,-0.47591459251800944,-0.4603630730669484,-0.4349388234535046,-0.4608764522375815,-0.47306287442967776,-0.4349158555771885,2.1669786455178106,-0.6849590827860021
1530,0.5171296700492871,0.5880273772291675,0.5415401021801749,0.5291226190604392,0.598579515622374,0.5476627548065413,2.3080627896081887,0.8008086373276014,0.917484881052399,0.8224655655556034,0.7867142883540624,0.8907114307701214,0.835445458917472,1.176782578726605,-0.8117027004975975
1531,-0.73200368939662,-1.2224714225954036,-1.1982205045677583,-0.754300635852071,-1.2286159129391754,-1.2009662483113788,3.3726465494029125,-0.6496865923514299,-1.3723444323162408,-1.357377433674075,-0.6742234622031331,-1.3879084541293987,-1.3599047233688653,2.5767167796525543,1.1384291342411148
1532,-0.16932967919524083,-0.6042004338232079,-0.6845451387786776,-0.16429552810922157,-0.629757829266295,-0.6680126137074316,2.654491451813516,0.28003429097091526,-0.45831904047481153,-0.47017880066197476,0.2790957027275065,-0.5034833852038283,-0.46021727957442987,1.136859132222858,1.4081441051634793
1533,-0.10890486629835316,0.026027114801356097,0.023924303205497703,-0.11767352047364815,0.06844254370614336,-1.6853721902784803e-05,1.4842163798461263,-0.6429489418175429,-0.43616983762441974,-0.4797618200110523,-0.666934623755314,-0.4412596194075437,-0.4917592804810266,1.389122505489455,-0.3302583680078053
1534,0.8483371156458459,-0.14543430276178995,-0.1422905246826783,0.8548793204355383,-0.15495068081551303,-0.16362266894993982,1.911604930589256,1.6797745209308403,0.38505231905158693,0.412870415395617,1.6639128055921202,0.4261149030291483,0.3741512355373533,0.3498081731420967,2.449120773117345
1535,-1.2360454329159947,-1.3309824949091502,-1.3748260042769647,-1.2185634917219352,-1.3495797655057993,-1.3389185705657263,2.854993585915309,-0.5354360381800529,-0.7219328839583768,-0.7633787780633875,-0.6044264566596959,-0.689750912149421,-0.7456444983517452,1.5352655997386704,0.42965741593729095
1536,-0.38887828374269395,-0.9026394531655417,-1.2101367052261116,-0.36752280475618787,-0.8892342497198797,-1.214798837928484,2.8941096722632444,0.09264260524235844,-0.323913044994924,-0.40151940875792547,0.07173120369708544,-0.3530775828862087,-0.4224614186714174,1.4231803769231468,0.41239125697115314
1537,2.287246846366904,0.6170779605566544,0.6421786653808697,2.293199646141034,0.6098202845390186,0.6370192005434775,0.12314999454972374,2.521075733747291,0.0699730875276588,0.07486797497171183,2.500218227135705,0.08034207825187459,0.04934605500304327,-0.6342926347309491,3.7689286867368947
1538,-0.2156658721233718,-0.31065739846417945,-0.2963954283672343,-0.2258607356520288,-0.2962427834045052,-0.3025592714967868,3.1329848696929052,0.15310642699196958,0.06704516497112384,0.06567121909484437,0.13770085498893078,0.07026670595032349,0.08795446729692674,1.2406941832080576,0.34857459621859266
1539,0.2661466169129986,0.44248627245192496,0.43457674959932663,0.29085916116716076,0.45899609610414277,0.4288283677736856,2.0762762414912586,1.1654651934040894,1.425641218598309,1.2415971449174825,1.149127167726421,1.4303601008966784,1.2551886736954367,0.3261814509693461,-2.287587557490789
1540,0.39299287389350435,0.3679357228132611,0.39227922500255347,0.35945438363181226,0.34294571775622884,0.3814648381937775,2.166695462045146,-0.06123840970098056,-0.12445631802438345,-0.14361025734505986,-0.07027927090940575,-0.12717781745830406,-0.12477807915641119,1.7164532243472077,-0.13802524799748053
1541,0.565085342028672,0.5452632853852831,0.7188346706281321,0.5648114861203237,0.5588627342738763,0.7290605964885148,1.6705597623391022,1.1895970537618743,1.208733770781251,1.594002179146516,1.1732335477985179,1.2154614534061043,1.6053163551131322,0.5781580793784148,0.20306894065763204
1542,-0.3527349805201975,-0.41059863365393856,-0.40166688021397157,-0.3700057518999764,-0.45070005507294275,-0.42058315838596644,3.108427865358925,-1.5370951311300118,-1.4276572786476998,-1.3919752605640094,-1.550498975920722,-1.414741929681266,-1.379134073935148,2.6251888887918224,-0.3724821124359812
1543,2.562499772595147,1.1715970907388353,1.0322295364727614,2.5744193970048936,1.149355882507382,1.0180439228597602,-0.03104088519709864,2.784078447523823,0.8363039327582585,0.7588231744981895,2.787147671498623,0.8516778699605237,0.7802704095558856,-0.9260851437367421,3.293188057777549
1544,1.2210584617265363,-0.46236724250538236,-0.4395829956806037,1.1757795132804538,-0.4692422663580277,-0.4612302272017092,0.7401342083517576,2.1628278245688453,-0.5428639999464562,-0.4806242822642811,2.1365939565110414,-0.542043998430839,-0.4842919766695948,-0.5192912577781961,3.7820146641000103
1545,0.769441168337475,-0.07488056322084144,-0.07726266382162021,0.7874001112931334,-0.06075491307892208,-0.07702257430818472,2.6107689820503777,1.2339860817741564,0.1354838766967213,0.14728167186324953,1.2114753879800932,0.10239265706347417,0.1692308596257267,1.411283269244207,2.1309464318964366
1546,0.8877120813603561,-0.4348641336478324,-0.5467956269247138,0.8502593045852012,-0.40003212477998346,-0.5839165561216223,2.0310146658610577,1.520080227223229,-0.04134906072363041,-0.04998857850797269,1.5104167037811937,-0.031525171955626666,0.034276420558891164,0.8600834687421224,2.0479318700761526
1547,0.41552936184161116,0.43665096594424185,0.36546013719477893,0.43027643488910583,0.43315337241223506,0.3657192887306275,2.542466450616472,0.26194364538102594,0.30406616850875895,0.2545797714402448,0.2538912903819246,0.2998617193927452,0.2542487461599909,1.99385535567315,-1.0758220594629158
1548,1.0019426631548798,0.2646230447044893,0.29409685626907905,1.0217378253638534,0.2522855019965325,0.29516593000742347,1.5263975603445266,1.2583863377273745,0.26483739913284804,0.25799409473294466,1.2500363153382814,0.2324360034631404,0.2568138240104482,0.5274652627325008,1.7972647755433284
1549,-1.1864272972910856,-1.1062880102055128,-1.2912355266939188,-1.1397859859931236,-1.0890907595632304,-1.2912028903000876,3.3488326831803046,-1.2044613204224162,-1.2988626345136225,-1.472648332629432,-1.187002004026569,-1.3178586050085752,-1.46401202288419,2.8158601803910583,-0.9833786072919776
1550,0.7822239891671878,1.1801475320095347,1.2226536679920814,0.7653213895216955,1.1853656595001458,1.2194590023135203,1.0759742979375178,1.0142568160412075,1.8487720099962568,1.996698612145867,1.0365563129461948,1.8347701646279608,1.9752624694526209,0.2687055983313482,-0.6406081188262315
1551,0.934968422104925,0.9449973929813074,1.015222522264826,0.9353597952654278,0.9400708422582077,1.0191582993215778,1.4048600359583998,0.9060350512510528,0.973343708029057,0.9762347619643993,0.8883574395902424,0.9685978700704163,0.9592240216518889,0.7212250241709597,-0.02253121593639047
1552,0.25840742559750457,0.017444302725215615,0.014812832268411269,0.2598763373653046,-0.009065246164989663,-0.004306686678215927,2.4586015757349413,-0.5063334481651082,-0.9553420238935838,-1.0195567913068844,-0.5598431752058761,-0.9012308115988843,-0.9467467189228155,2.0056049385497263,0.657153315816589
1553,-0.2537494463463142,-0.3821061541120038,-0.33251452027371475,-0.26507925935146104,-0.3370532535315243,-0.3235467548269742,2.566834813637854,0.2600475748063933,0.03313464392508264,0.027399434273503928,0.27938239802578546,0.052448027326658264,0.017714305416732936,1.3063952166847823,0.42583610924631027
1554,-0.10031206188195936,-0.12031556323221945,-0.11560517858577495,-0.0936973711666719,-0.11813888649033008,-0.10911681652784404,2.55794479108053,-0.35601739595034226,-0.37290863732138363,-0.33800532847782033,-0.3303074048898129,-0.3582270324351941,-0.3416125591803153,1.9579971235301172,-0.7273637109794923
1555,-0.5807015038663592,-0.5509227320690994,-0.4803701701395679,-0.5981363420471757,-0.5763136825227935,-0.47204206045104524,2.989833621016803,-1.1912237247947346,-1.1185662072535505,-1.0512102410375395,-1.1695950279608156,-1.1380603427090623,-1.0658060695169824,2.453862762370503,-0.5993418643136886
1556,-1.0450809346970626,-1.133880806086737,-1.2841256178637788,-1.0336120930542558,-1.1427161171627382,-1.2920159266678843,3.9473727921909174,-1.064208742817598,-1.549690643044408,-1.793115186715619,-1.0619883306383207,-1.513357171710321,-1.8202861179695393,2.9230536345258686,-0.17801285253511964
1557,-0.3285636155761871,-0.9577287235620306,-0.9399991796539122,-0.3277497540282885,-0.9603370506304179,-0.9087465683343916,3.1257731914666227,0.6177007344646644,-0.4073832191003629,-0.43505693600898615,0.6074617370566382,-0.44381898402121545,-0.42339333333854084,1.2876211324135791,1.6415043767788444
1558,-0.009283801370601271,0.03023223660434017,0.036100888325778645,-0.06096867427599241,-0.0006063502479314966,0.029454286902009214,2.103192149718811,-0.7241590984527685,-0.6729510565295799,-0.6780350495429504,-0.6794497542152369,-0.6628777597261029,-0.5935493017902811,2.5738255586284007,-0.3222161491506621
1559,2.0222060998764486,1.6690265522301215,1.826682710814601,2.0432756942684365,1.6559262242009354,1.836537652039059,0.7149096343479439,2.1364470851261887,1.6498516926840932,1.7007503806343556,2.1541441144379347,1.6518668813901343,1.6599703080837638,-0.3639358969339248,1.9950391205234848
1560,-1.1115896055052623,-1.1094075230836309,-1.146205610931029,-1.1252529649563379,-1.123801533427231,-1.134224797169751,3.761673439307965,-1.0067183048199564,-1.1526539994288487,-1.088503408705653,-0.9924483191818418,-1.151783587130409,-1.0933159070129599,2.85351726779345,0.9414522901348922
1561,-0.784783334237218,-1.2109699586310778,-1.5566335505947533,-0.8129598182249932,-1.2162672129924939,-1.5515152462143027,2.7661081410263804,-0.6807238466739365,-1.7017941364152933,-1.8591050248499255,-0.6673935844474677,-1.68088564747965,-1.8528033701482671,2.4745453816041167,1.3570408877832854
1562,0.8055051236126929,-0.19150273923687314,-0.18908708652477343,0.8231085204831444,-0.19024808487920164,-0.21175855109184577,1.7036094431978235,1.7367627167192468,-0.2625598681252469,-0.2776774698934492,1.752774968159228,-0.25596890396989735,-0.27396390646149527,-0.18176068454987052,3.2146384759824973
1563,1.7390899501621602,1.8116120518419414,2.145932790221523,1.7451142435255689,1.796302391156555,2.1781985182707735,1.0134326770882394,1.353444029211485,1.4816909587511065,1.6711383414638723,1.366910746663094,1.4517473031621237,1.6739239826318155,0.3819823248140837,0.428949195056592
1564,-0.7391660376642712,-0.7483452691673247,-0.7433794353905349,-0.7361416047854616,-0.7370186059549505,-0.7333359006022341,3.0879946327035577,-1.0960230772480681,-1.1506885525906885,-1.164329264734044,-1.1022874408283707,-1.1284711292510552,-1.160638765064312,2.3481216161107805,-0.5565662713490886
1565,3.4865091375944828,0.07617156397682215,0.08573105875306217,3.4983387996649236,0.06686238370409463,0.10481463484171351,-0.09970868485991691,4.260203232618221,-0.09182703501952508,-0.10115034991697477,4.255127792167194,-0.1270070985365402,-0.08097566091510375,-1.2609013922728594,5.637681601403798
1566,-0.8792662175156231,-1.2072018334620764,-1.2397469009142352,-0.8772292270369185,-1.2100030569248286,-1.2430810213130379,2.839481982910576,-0.3774199465345209,-1.1100026758532755,-0.9642174400087251,-0.37153612356044935,-1.100494101911126,-0.98124319647819,1.6712142062898414,1.414695781445615
1567,1.292192417307649,0.431077704624011,0.4363590036895489,1.2905795177151143,0.4384263134076362,0.44565072546075785,1.075560664212942,1.6916635814853904,0.5739075465174788,0.5926426994442574,1.6874844794193127,0.5946961974442136,0.6139477656533734,0.11885056430823857,1.7853416989280195
1568,2.179151413903641,0.598869097848733,0.5648191725689482,2.167414414436793,0.6272368566736882,0.5803579742916137,0.32445031603735164,1.9637499379481775,-0.7973635034482874,-0.8206125197228293,1.9355696539748446,-0.7795835071570333,-0.8190120011647225,-0.5275635522026337,3.0357974792873894
1569,1.1038607153093265,0.29972887197358805,0.3964773800126071,1.1094871986510864,0.28801451791923455,0.3850250328163637,1.7335652973518259,1.7480235917116032,0.6608915093596941,0.8275185240703313,1.7628939413686242,0.6668287057429297,0.8192676393818474,0.511644119913006,2.697158721628825
1570,0.07613723094987498,-0.13299973837979623,-0.13003057234991788,0.09983907920470474,-0.11756643510350073,-0.12471608866178135,2.3806940778666963,0.4342422412348789,0.05104420433397793,0.05042869619974991,0.4442222203455939,0.05090228997074129,0.054174302949523544,1.0490683180071678,1.3030038065700416
1571,-0.13114524058135718,-1.376718533677479,-1.134693335736122,-0.12061195123040398,-1.399655889583092,-1.120659614227568,2.6496560828101505,1.2789185859574317,-0.24137027267528172,-0.19172325189501138,1.280885962731231,-0.25349624688950007,-0.17056189964632967,0.7662474120012294,2.872168196789225
1572,-0.9896337511046609,-1.1217190089315003,-0.855151073585588,-0.9738431687128192,-1.1339166536261414,-0.8588452733155206,3.037903804136524,0.5980048433704731,0.5231366789680986,0.5305557717784176,0.5804236725318734,0.47433064180876466,0.5240124052198969,1.1132037130514798,0.22879272800755426
1573,-0.22334730048218837,-0.21563688534985356,-0.23991521761939158,-0.24884311284929148,-0.22636926786212788,-0.28002276628154954,2.8864500123085057,-0.10137095699727518,0.015942596275114466,0.019234714125894732,-0.08179417490387085,0.07237063678610689,0.007459146077940848,1.4837461443339344,-0.08934255398870221
1574,1.1274072626906562,1.0950496731527473,1.0521468832037375,1.1127046286032183,1.0902306861168094,1.0562966004261776,1.19520146145842,1.1967509237142693,1.1580860142011453,1.0841949209853319,1.213597847225517,1.1434598506700853,1.0702837847525584,0.619274440659803,0.26109164184329986
1575,1.7565444502509249,1.518979810269378,1.577226936748547,1.7610037639063094,1.5170700013202312,1.579366924336613,1.2943882754968195,1.0668871594812175,0.7968896160141533,0.8986719197583786,1.070658065595931,0.7982733918095107,0.8922386209138237,1.1299832160987875,0.16390458729507992
1576,-0.6813116086241294,-0.5299714926315868,-0.5490860337480737,-0.6542128666092867,-0.48629889681158034,-0.5759808586134064,2.449698043640927,-0.2786664085522403,-0.0010157931296201318,-0.0010866765832763402,-0.2956264062169651,-0.0015460675451346296,0.016497707095803824,1.4504373760664737,-1.042103050456672
1577,1.529148228175262,1.2378330675129763,1.1325574512667116,1.5434301884770905,1.2361709802513066,1.1410314859472217,2.4666194853512184,1.422870067559454,1.0992708595173635,0.9940036128583603,1.4111489801825343,1.0905227648376064,0.9971843335220463,1.9272595937253638,0.9661262203247615
1578,2.149830368526852,1.7906657346335906,1.8081723025132934,2.1421114648928024,1.7860149966917351,1.8226556994751706,0.8509004196545582,1.6836757150566455,1.300891536371739,1.3371616465410094,1.6912347302599666,1.325199777419134,1.3371808087580912,0.3194577233344072,0.7520846657560817
1579,-0.7001942187715477,-0.7058858683668188,-0.6761406833747398,-0.6989857315284415,-0.7186105968133524,-0.6660683107811093,2.7650269099210893,-0.46580537080639367,-0.4743165059786115,-0.44293795901052846,-0.5062956599072391,-0.47026833236849896,-0.4398805944179336,1.660676841964617,-0.08992331560276372
1580,0.36222678029000205,0.2589461134196761,0.2817011482960477,0.36816210775600433,0.2656181305917223,0.2759840151730085,2.0425070434215242,-0.5096543096365513,-0.7092062721600892,-0.7636707256203581,-0.4929389107194221,-0.7039678200073315,-0.7874746208424781,2.1888537210677743,0.6989093155756856
1581,1.2954647356049498,1.6003720499738339,1.5063887596858303,1.2768221238255275,1.6297580082202685,1.558126048971962,0.269344360584831,1.70671696295778,2.192726214751154,1.8414381776427242,1.6954493751755912,2.239834870393277,1.7840495259403206,-0.838246845864439,-1.7538188552347924
1582,-0.022942095733831838,0.12124478071591631,0.13943945352172038,-0.03038782227638942,0.12248146610732577,0.12690331885004427,2.233377523818321,-0.2361498594455385,-0.02590335946639211,-0.030354127677386808,-0.2605020984259725,-0.0028509250682462336,-0.051801038294662864,1.362347203764329,-0.7713942995721764
1583,-0.8568608642273129,-0.7743384592692752,-0.9054649480848543,-0.8538591178624813,-0.7526611818882775,-0.8907354488387955,3.0062051555954237,-0.8913971877613975,-0.7293403878852006,-0.8966888160154713,-0.8818960140844634,-0.7193917009335334,-0.9264425955902597,2.352686670298183,-0.6701166450774779
1584,-1.697558682218856,-2.357864610734738,-1.8624466037418717,-1.696098848708597,-2.377039260651044,-1.8532510470456582,4.64134547059577,-0.9034187424171659,-2.553075504731831,-2.101590197334629,-0.8947343499139526,-2.553302843405612,-2.11258662094568,3.2045994214936635,2.6596362545125753
1585,-0.6259597515073344,-1.0181863253657306,-1.053351968242945,-0.631734596943213,-1.0256499907556855,-1.0578908671982956,1.9553722911586024,-0.9401691973361735,-1.41482403787932,-1.139058950022422,-0.9484795708819773,-1.4136670050667857,-1.151163043138495,1.8053411304364604,1.191833749174963
1586,0.46873157728779236,-0.16819494845522392,-0.1733376447504965,0.4535954396818549,-0.17654666956150647,-0.16903734902382272,2.333074113652984,0.709987119699725,-0.4862505781583496,-0.45933581559950337,0.6781835388426835,-0.5043549669396536,-0.42084287624115624,1.1581289058394755,1.9179688690783163
1587,-0.08335909249900597,-1.5352540779390829,-1.5942606910426933,-0.08530396660374108,-1.5452393646402844,-1.6167628021505795,2.285049741074661,0.43379811569842197,-1.3241958470580042,-1.5074050534420151,0.45512501326719174,-1.312928390149232,-1.4866319989808097,1.1306944045914826,2.2184248888329234
1588,-1.4977329261899173,-1.7715069711891889,-1.8479493041827428,-1.50435531553351,-1.7408594296174411,-1.8279025959432196,3.864301669100836,-0.5334020610847834,-0.9143905571130643,-0.9513519063471244,-0.5054713416944445,-0.90257723845326,-0.9456030389174386,2.318680291094653,0.7706872990477508
1589,-1.2545589683998022,-1.018401128958226,-0.9899437271051736,-1.255689454962243,-1.0325907645825745,-0.9624965531663923,2.9701690856283753,-0.6373105885716798,-0.3536532547859279,-0.3241386745776823,-0.634543462619847,-0.29973607894726634,-0.31833304263123946,1.8459766263741049,-2.4267191293969455
1590,-1.4412268635121905,-1.8725952427620438,-1.8000336946321502,-1.4353412104971965,-1.8799201331955553,-1.8127997902397146,3.5339222416178253,-0.924515765226032,-1.650398069484423,-1.4991424004687206,-0.9337552534956955,-1.6568880849840621,-1.5205786241678558,1.9931022680835337,0.8125031341107366
1591,1.1498027814869218,0.653558744574395,0.8752271813726654,1.1568809498270989,0.6872271456040614,0.9347795906882915,1.3260539561264046,1.34696261003768,0.625596003581982,0.831317864459899,1.3838265384128663,0.6279124999028047,0.8057477014165368,0.3903951903189799,2.2527575028885507
1592,-1.5208546552587365,-1.1942381844024963,-1.2180029359964133,-1.5302048652702256,-1.1647864349619863,-1.1888571740316576,3.481040970693436,-1.0457508510399522,-0.2469237686431245,-0.2500592346078915,-1.1144422907852125,-0.2299884327712509,-0.3009290516382032,2.4130679484146556,-1.3723623920853854
1593,0.5053323393398684,0.5256795508286476,0.649327034750293,0.49211522948744024,0.527905904574194,0.656844249846191,1.3354676548577207,-0.35081393913538,-0.35256858403111274,-0.36937443229264844,-0.37174559674422697,-0.34734680202165985,-0.40848460464705094,1.1752695957029822,-0.10206913475553657
1594,-0.8427929837601331,-0.8798457073690918,-0.7877341965835563,-0.8393684680244515,-0.877310570165527,-0.7835023634179759,2.0972085194592403,-0.9992086761415502,-1.044481070658884,-1.0749683196773716,-1.0284459131359842,-1.0431424328073904,-1.0757533273110196,1.9310677219579626,0.08845493278059752
1595,0.696403924440619,0.6474972363004187,0.6152534239503346,0.7005066745386407,0.6458139462601548,0.6129971760744417,1.316932494290641,0.26643457748974836,0.2103496137977882,0.2215760028022775,0.26713060810162004,0.1739308142666385,0.24429064810557125,0.8343660630878768,0.09880108672541375
1596,-0.9191070978360071,-0.8872025814979315,-0.8678387604471487,-0.9407218065980961,-0.9097430162345507,-0.8511313501561006,4.199109609344799,-1.7653637782049407,-1.8012010438080914,-1.5928056950663791,-1.7614484331206859,-1.780524626309375,-1.6250006327564606,3.179476484422889,-0.7510005193926106
1597,0.5689026936463001,0.5741008361500829,0.5961191424857867,0.5678869698297202,0.5943874809205091,0.6081382282321043,2.0294994256837886,-0.19539035865628543,-0.2804036278540526,-0.28618771955480554,-0.17745282594628278,-0.24377355983816285,-0.2734950754860327,1.7660877569029996,0.31321215532169605
1598,-0.7775935365607345,-0.8576920411671595,-0.8498395096865338,-0.8319251223378757,-0.8709341111330151,-0.8942827893539931,2.839053911812534,-0.31157174607444615,-0.37389673837729415,-0.3558052347354848,-0.26199126411085294,-0.27725730285235045,-0.28820079314353025,1.7826833916547538,-0.20625495760908405
1599,-0.37265015100247967,-0.3881015987279158,-0.3163378200642735,-0.3749058148394542,-0.360740571744308,-0.325466665687679,2.29192002701306,-0.6869559919139081,-0.6617812387685227,-0.5172460382505957,-0.6821812375026565,-0.6479788644081563,-0.5199392681056144,1.6771610176216667,-0.926666665319917
1600,-0.1755823859974849,-0.24692684150100888,-0.24687406654651756,-0.17307386300363845,-0.2355346050452094,-0.2535973609304662,3.833387301730582,-1.0512568305902124,-1.0687640762567179,-1.025718749536904,-1.0555312642890546,-1.0686553049035947,-0.9866117818788113,3.4137648801720846,-0.4921242607454875
1601,-0.8421562764526668,-0.9171553559557931,-0.7416608727041147,-0.8276931756160365,-0.8926020440591511,-0.7391170467175221,3.03944086907226,0.6700923061108213,0.576706319131022,0.5713162330609205,0.6437388542934434,0.5330558135026396,0.5687005665838171,0.6247244468313214,0.48877635952015963
1602,-0.5043420275922817,-0.4560149375271154,-0.5110772321072257,-0.48345171824039285,-0.476282755971559,-0.4877408299275742,2.9919659915239225,-0.4050718406755168,-0.32341202107636824,-0.4021574621298649,-0.38863103079471945,-0.31710103525305944,-0.41014490294557576,2.1738912964420636,-0.8386503929720444
1603,-0.43582329108272816,-0.3619665314958738,-0.32081367699695346,-0.4409575050828901,-0.3584142330365704,-0.2950436274919902,2.8179652604187595,-1.0315896359320529,-0.9208270639632313,-0.9763180933224591,-1.0564824552265626,-0.9395247638707281,-0.9492152172741064,2.048229982620329,-0.37927330380881197
1604,1.9608088139732511,1.7608097655288177,1.8996976275242607,1.9470644165970814,1.7624865409936143,1.8805864013036504,0.7367656301273344,1.233213576425961,0.8450004479721089,0.950268429978594,1.2334086702064118,0.8684382011667139,0.9744240486675851,0.5830169252939229,1.6267796243652377
1605,-0.2760924322280825,-0.251242913430358,-0.2455165823194071,-0.27694857744644646,-0.2746664374195756,-0.2336271362469575,2.189835961995517,0.22333185901062172,0.32411515909414296,0.3311154436168861,0.2202389060839124,0.2858381278756693,0.30031615543764867,0.8573331947378835,-0.6769936330298892
1606,0.47980634020556134,0.25721589183125754,0.28036704298632953,0.4992913340344211,0.2241385465355551,0.2826541907668235,1.7756127643088488,0.44258814523792334,0.039412332463775616,0.03641455025279271,0.4256142672182058,0.05400925265572166,0.028837623437515895,0.823966655120644,0.987278336468171
1607,-0.9442767334996577,-0.8280646302485537,-0.8228963248537047,-0.9629624018568107,-0.8224997778286299,-0.8125561557936973,2.8165278006993284,-0.08712195517790484,0.0040617174435283255,0.004031235607633164,-0.06439158360626483,-0.01966911991276643,-0.03322409230913206,1.5194032155035095,-0.2941680602594966
1608,2.009835310414133,1.5525572673520025,1.807676127758622,1.9989744853145237,1.5566313734182147,1.787259132133123,0.11055313163083566,1.3494751577897863,0.30735450251230073,0.3065759294912286,1.334678860632786,0.26688198941409397,0.3573700837417546,0.3346177949846209,1.4129627599520744
1609,-0.3342830166638532,-0.180284162298326,-0.16681261570809805,-0.3426148796104679,-0.18897223127791518,-0.15317677820206388,2.443126286368134,-0.5634413314984482,-0.23163275191544497,-0.26431988367965986,-0.5785468859791216,-0.2723501250725366,-0.27430743956646214,1.4652676812439587,-1.3370013916792627
1610,1.020953932813188,0.8913356646957802,1.1798736108133159,1.0304649028195567,0.8495555274280189,1.1989101103339401,2.02710950116268,0.7064142138969913,0.6356730590991708,0.7510545211259342,0.7291604618818441,0.6692004116425976,0.7273724001423816,1.3857008280775267,-0.35507871898087195
1611,-0.5975256251545895,-0.6611611093170046,-0.736788736721986,-0.60989720522749,-0.6929828970858504,-0.7438903204586611,2.516933980787821,-0.9253196309780745,-1.1036899366868944,-1.2152268063080993,-0.8707791318965102,-1.0349509080288681,-1.2461278579604105,1.888299548594946,-0.1352632530292419
1612,0.4560991101125024,0.44119447494225983,0.44851733961805396,0.43970415869660817,0.42797177262636926,0.448357908048391,2.1565060710505155,1.0914037745777614,1.118295389748132,1.025033295573619,1.1316531852409522,1.1102006115070255,1.0112191252978218,0.754591103222554,-0.12543441292047428
1613,-0.6047575541048179,-0.7108215344753828,-0.6739727953884559,-0.5791170465095733,-0.7100966843500804,-0.676818110729025,2.623927297763054,-0.13325992947521972,-0.4828213350357264,-0.4319623279727412,-0.1159655175344129,-0.4883972116505017,-0.45780155098935393,1.4094530035051482,0.642412927985202
1614,-0.4350402537671203,-0.4343564069465287,-0.3839045075182184,-0.460041557500015,-0.4052393693417367,-0.39814447975793454,2.5598693862118242,-0.4141102970750102,-0.39694966666788917,-0.38529588301310624,-0.4292283018169442,-0.376535501958161,-0.35931196123872167,1.6811089921032503,-0.6968980874559919
1615,0.7313846005888861,0.48043646205336404,0.7124754629839072,0.738671435608547,0.4777401758740309,0.7008844198216924,1.348081151436209,0.6279239029914638,-0.34001818195967487,-0.42052773696394957,0.6038528640816223,-0.3532338516559085,-0.3667405989717804,0.6999102839160655,1.9106296379228174
1616,0.24489229866446965,-1.0717226262797321,-1.1883909379360154,0.264039604732805,-1.0767363141384445,-1.1949317668792077,2.092387343570286,0.9020448064349028,-0.9986757825074911,-1.0471917076251416,0.9117636207617016,-0.9956162728594777,-0.9974422300121818,0.7839819390438019,2.283753201835591
1617,3.299032408195084,1.5955688335838498,1.3995316053955298,3.3005893329281224,1.5967803509684553,1.3914508548635975,-0.14088623252931812,3.565791055329424,1.4594581945010445,1.2652433955495463,3.55740717083467,1.4737663234972513,1.258445894477049,-0.8938590884381364,3.719024801620252
1618,-0.17270248791500709,-0.1102619040554662,-0.11257822971438129,-0.13776847412278928,-0.08778262670353615,-0.11265199077692427,2.1422438138603708,0.21715576645969212,0.33731275577429204,0.34771736138101567,0.27716705130704855,0.35242856816854123,0.33895285371339284,1.0331997608257484,-1.0351885533162353
1619,-0.8701857596891972,-0.7177953072960048,-0.8110161019391224,-0.8742767441352401,-0.7621799199521361,-0.7859867356536574,3.012168374762748,0.2792113441970245,0.5178878210288165,0.5255009663598414,0.26675152812256114,0.4852963990009955,0.5387006456339761,1.1736771610994314,-0.3226338499917992
1620,-0.18636629158225504,-0.12481857575016694,-0.11773201897704386,-0.20201905017873353,-0.11270534231724709,-0.14607776303553038,2.421618757316448,-0.3438735175809738,-0.19999926784231353,-0.1890946202389735,-0.3056000864464214,-0.2417503130113632,-0.1725071111562735,1.3901530231106343,-0.44479580607800384
1621,-0.42443252842656587,-1.160994547774656,-1.1310266866711425,-0.41849139427030163,-1.1612965402773245,-1.146667910305768,2.0451894479624944,-0.049340629661002194,-1.5847666458691763,-1.3901859189503247,-0.045662415876603545,-1.5903000378415448,-1.3802816663841888,1.1317883877520691,1.9115916243262085
1622,0.13451982850950603,0.38953069271609947,0.47085130296577554,0.18515698861723298,0.39885616917418876,0.482541971905054,2.1360878408557573,-0.1452338188875329,0.23585167467602244,0.29068117563320556,-0.12035551893913753,0.2400445301734388,0.2650457948317143,1.5697841833086874,-0.6622927578265425
1623,0.15906281736075903,-0.27825763431267,-0.2634916695337778,0.1518520806629904,-0.2873413672785026,-0.27490390510282114,2.288715295220674,0.4010917405032895,-0.07133721153524004,-0.06951641788683667,0.43628356278359753,-0.06590901881764799,-0.06414900466284681,1.2024683478465443,0.48288595505467036
1624,-1.165206305916412,-2.1835149557828415,-1.9831338200926856,-1.201146657356779,-2.1969232475171334,-1.9885324191352702,3.1611179197129573,0.18545783079398923,-1.121306842551071,-1.113355290387189,0.20243160180078668,-1.1533117803018538,-1.0522831077095922,1.5139081927250861,1.4381440745998701
1625,-0.019242542615674367,-0.4666071432925731,-0.45398424751113325,-0.03769957205131268,-0.4501061413923595,-0.4630782013023321,2.443068820126399,-0.24678352601738135,-0.7830909373374371,-0.7543107521343743,-0.24400524330996554,-0.7864363902131026,-0.7763910126747599,2.034120777024173,0.8148977946821382
1626,0.34878662970987717,-0.3057754053258399,-0.28837974115545634,0.3199868529095582,-0.32089543719357905,-0.2697554432966993,2.4245203678806817,0.945053383853874,0.2829298444285478,0.2714844341922824,0.9412588279179126,0.2351243783478904,0.24275030408250284,1.1541330295373637,1.4984556514113179
1627,0.6554165744204273,0.5075263534035007,0.4965155708527906,0.6680804705830526,0.4880911390033928,0.492123405129857,1.565596991565569,0.744831869882568,0.5803682333503558,0.512664825977371,0.73634940374011,0.5774376841652827,0.5141215957614258,0.716906934120541,0.7579531567727419
1628,0.8621201773246733,0.320104874047007,0.34041344998493667,0.854921926489242,0.34066442598709734,0.37341995246461435,1.4928865968951464,0.9118884932547066,0.27938127932179424,0.3377164924696498,0.9065258716917455,0.26574201330380837,0.31204634123471475,0.6171475314495909,1.7403902273013439
1629,-1.1765274545741369,-2.2918044688275483,-1.793395821356911,-1.1723813249881856,-2.2966418358307523,-1.791048448059812,2.983144631172694,-0.8653545731384513,-2.4288639457341388,-1.8550670810424,-0.854566758830501,-2.4252284894949807,-1.8651132190132473,2.133555369698893,3.2456310143782856
1630,-1.3682988570050143,-1.201367548196062,-1.0429562606725356,-1.3587544260758144,-1.2036761756544518,-1.048092426618257,3.03592853075397,-1.7048612533149725,-1.4952136762527728,-1.1902102760753592,-1.7249829224329538,-1.4742111734134455,-1.179158999383157,2.792452968169927,-2.0161168692770635
1631,-2.4437210907101967,-2.4378405015165354,-1.4033420424127827,-2.445768468348332,-2.436818964967763,-1.3992529813277355,3.994891114704335,-2.466174265057605,-2.523427481464363,-1.6014199826473554,-2.4706179603721,-2.5183947422623327,-1.6094927171657714,3.667338072327202,0.019224713982112143
1632,1.0496604674887817,0.6290311048906381,0.6897148039548788,1.0620593648252572,0.6389563917766382,0.6904899409257674,0.8119331885828128,1.4971106644233323,0.9174091253535838,1.0190180178049282,1.510816658774503,0.9152845546292926,1.0079944070293607,-0.1548488487637648,2.0984392335875
1633,-0.19173350694361743,-0.4104529393471445,-0.4751577704412374,-0.20463560942265263,-0.4181938657546457,-0.42758580776390503,2.4506130434496662,-0.6182029801452246,-1.0184427293581813,-1.0765142864267552,-0.727446857430156,-1.042710422878914,-1.1140198559278878,1.6774368480159667,1.0290272063594212
1634,-1.2571882535902066,-1.2356124544295246,-1.261061316242875,-1.2122028422999922,-1.2147173759104004,-1.2749219599510744,2.979905752178774,-1.1596239554714798,-1.1255783160999315,-1.112967150069192,-1.109065586962725,-1.1758099314472648,-1.0684195103979228,2.0724092161822885,-0.6430859083273438
1635,0.9455345615698585,0.9334017199001328,1.0610941385309305,0.9426137194792171,0.9492539398095736,1.065185594181924,1.7346034529257834,1.2929670246780423,1.2722404961204228,1.4906689025271864,1.2978179922863688,1.267728736592486,1.4973706383402825,0.6983377610619681,0.035347852473684535
1636,0.7635478581468135,0.9603975274708838,0.9494519685238296,0.7767787508957634,0.9655055956634925,0.9522566376647853,2.512495225292354,-0.05188142860020398,0.391304574808885,0.39954062354926884,-0.0313309199564106,0.4237992891350027,0.36060670734640593,1.7599069270832386,-1.8445886655533135
1637,-2.219084424978404,-2.253017531418148,-2.270352636201308,-2.18735295372838,-2.1959141181765527,-2.2639596487615274,4.237353976641357,-2.133178444548376,-1.9522964804871414,-2.0492991337304844,-2.0577679048115227,-1.9302929419780894,-1.9880522845103952,3.272700052933368,-0.7547829948813016
1638,-0.5113076548335148,-0.14342559199043584,-0.1411839736889984,-0.5400407077445294,-0.14415461517867167,-0.14230752931961616,2.493424925050405,0.2800567509142118,0.6896508893712395,0.743018085078622,0.316736117899142,0.7699297989121421,0.714635840235725,1.1220926373506726,-1.6343782390207215
1639,1.6788269281124413,1.0421258766413217,0.9689067318717396,1.6767939802067118,1.0280849426832503,0.953571790995141,1.6703184531881752,2.2707039111522485,1.4629297922493085,1.4031677811533418,2.2674544586170557,1.4879583130213474,1.4064505646106376,0.3060832254904951,1.832855407849292
1640,0.2049073788618638,-1.8109002506653356,-1.77875376477577,0.18064699149806274,-1.7798423248593553,-1.742101382277744,1.8923783654555204,1.3214314997166634,-1.8854886585931658,-1.9290185872749452,1.3251065672355455,-1.9399155185814687,-1.964168790890876,0.08979953706096899,2.6838121817689458
1641,0.32796526750271915,0.028660399666462135,0.03184989972197264,0.338517023328695,0.03813743304794761,0.03600409968336832,1.176159784411793,1.1534883634977242,0.73167400503927,0.8049612571728019,1.1421583185991,0.7398107172329508,0.8183155649873354,-0.16863929097908245,1.1760087370711316
1642,-1.2261494756755744,-1.3848514964403784,-1.3240990474500012,-1.209769223457375,-1.3925528488601182,-1.3087552819172286,3.3385708115700594,-1.472826448753482,-1.827470715038758,-1.863643582690586,-1.4329651019438299,-1.8650917669515144,-1.8682748705094618,2.4503457117102094,0.6589820053138835
1643,0.6053324971190993,0.3383784822137122,0.32156505957379783,0.5994223517131562,0.331255902332773,0.3175021520787733,1.583594503727941,0.3928170506587367,-0.11512329526376486,-0.11345094145354293,0.3971118333812737,-0.10381010463291705,-0.10786682439678336,1.1699020353172798,1.1542061993917228
1644,0.7423300502740534,1.0421165168994373,1.0842864918381534,0.7502760671838389,1.035905899810079,1.0820217724625927,2.036896455216376,0.2857639631368952,0.7290975485600972,0.7281037903323168,0.2906414919007969,0.7301214315646545,0.7003084920675477,1.3690265215271553,-0.9709564963526477
1645,1.0337764013578135,0.9717336790061727,1.148212670147545,1.0336298103102564,0.9927521072058674,1.1383405427320632,0.8930582080696688,1.301733082263271,1.240004643738518,1.4725328098110195,1.2981777637530667,1.2322970999227125,1.4467972431192044,-0.17561447457471202,0.7511793318321465
1646,-0.6158453757530986,-0.6834669416189026,-0.7396204980250699,-0.6233249752942759,-0.7073419546597062,-0.7177672702194119,2.776708399412313,-0.9574236609078343,-1.167135979299475,-1.406227166232855,-0.9156993900595181,-1.1979457444519213,-1.421909952883268,1.8686891244511759,0.246251852990877
1647,2.0061001660951105,1.79065926778335,1.9806592256490096,1.9606432161088458,1.7607226619722123,1.9662949699240182,0.8057578810943736,2.2218506263724374,1.889142538799609,2.033242569015686,2.182768257994376,1.8768746811853783,2.0650503757753667,-0.29386841649137346,1.6096410864643993
1648,0.16860220787090613,-0.11584589654670632,-0.13508760347149495,0.16805900697678805,-0.09295331305625741,-0.14276459130540847,2.3544473506247856,0.04341873880435232,-0.5000766758358876,-0.5238359141658793,0.01992211897961037,-0.4743359638144832,-0.5031715279425065,1.8588197668719926,1.5630652673837497
1649,0.5067799361211452,0.4486501908029361,0.39887219492794096,0.4808919906648458,0.4486891891741293,0.3917581521525988,2.055259589528883,0.94594658501131,0.8855025931644013,0.7687980244230647,0.9214040520251934,0.8472819359721414,0.7836039850031435,0.8562380800197871,0.6930979083829636
1650,0.3958251023795498,0.3226551671833449,0.3145659821858416,0.39564648003434255,0.3130555823058086,0.35192461022596805,2.1541155315586518,-0.05159908492207745,-0.11579773892921802,-0.13370367801854327,-0.010458739449868385,-0.10282677052805374,-0.21956237873116405,1.3012267002963307,0.09585870115360555
1651,-2.6000663960501416,-2.7535913469519455,-2.1478604297136696,-2.6047490970874865,-2.783748720359962,-2.166979574229644,3.9537482186944817,-1.7380139018215677,-1.916387781200188,-1.4723634777196257,-1.745734197240762,-1.884567829975165,-1.470338102254468,2.4816344399601102,-0.26257048768494085
1652,-1.4109089417189238,-1.188099037919784,-1.528519867628511,-1.419591920457575,-1.1968475386441153,-1.5270837179007162,3.1064613877408838,-0.9060305834505262,-0.6659974496746622,-0.7050949319412553,-0.9126460323572254,-0.661546103517784,-0.7142540714121095,2.0886955860493557,-0.5954095553891624
1653,-1.9645572126082333,-1.8279977282702544,-1.65373015835656,-1.9724698250155137,-1.8790378054865988,-1.6432211052036367,4.064445036455209,-1.8002506802519045,-1.651882470583276,-1.6091100149040083,-1.825047478041972,-1.630126627615958,-1.607148168355099,3.3595608990019428,-0.4268629494735156
1654,-1.391739963108925,-1.5754635668901444,-1.1091556218082408,-1.3936455551223426,-1.559466420657961,-1.1101868702738888,2.919117159851455,0.13027709796676595,-0.27015537787151195,-0.23651549008360595,0.12209788081795175,-0.2773334575655989,-0.18310675132169185,1.4789271477499195,0.5876047512371819
1655,-1.3364752116814296,-1.1207442817897877,-1.2055403223967904,-1.3431483407106157,-1.1256089726728349,-1.2047590361876528,3.101590466107661,-1.348010553675114,-1.0409908550125764,-1.0430091822221543,-1.3899510818408907,-1.1181099103129455,-1.1045473469960114,2.2000601447638553,-1.363031922673102
1656,0.8028201345842644,-0.477813590795696,-0.4991664529880537,0.8237820496154116,-0.4780890237323916,-0.5049127129891288,2.099396144617658,1.4691884181501527,-0.35730607691153676,-0.4146558501637229,1.4923936750508473,-0.35309836174419207,-0.40657406345216796,0.6756456988345919,3.1080458791326326
1657,1.0400459352392828,0.7490709297226971,0.9954732960880707,1.045807965568103,0.7366584202570812,1.0177784588633956,2.2620318706341735,0.758725715629402,0.2021235331850639,0.23677053669682724,0.7628223101986441,0.23474972346124112,0.2161755897463755,1.6788208080691243,1.0564264417467244
1658,-0.8343500375477642,-0.8805638698194492,-0.8163797287869842,-0.8249377637321342,-0.9069165583976431,-0.8359340618198708,3.050145400347932,-0.34998156651382184,-0.30747448884256345,-0.2960382339144083,-0.35035095596040633,-0.2905198246034409,-0.3372627712549649,1.8747162167867533,-0.30491602375285004
1659,-2.1158312227224174,-2.062948932380247,-1.8758340054054015,-2.1220542166208833,-2.0844500829578325,-1.9020827291449147,4.223638855781616,-1.914102000142313,-2.0262880673948986,-2.0846687297059487,-1.9326892694439421,-2.0636834662723014,-2.119781677317879,3.4042622189899503,-0.37700843582700566
1660,1.0497481807475593,0.22430149855461212,0.26818868984703004,1.0316595031736275,0.2217925187629624,0.2656421231361204,1.9395696117792853,1.447852800301285,0.3791297522191505,0.43286319622586794,1.4431036262098882,0.37399708783919605,0.4298842294723669,1.1152027381236624,2.1485921137558077
1661,1.5916127415149923,1.767507741120752,1.70290142638346,1.6016185736978337,1.7762725793991252,1.6961251093707745,0.6130950001458433,1.2538183300561263,1.4640207282692097,1.5048471364482696,1.2867436100543517,1.4322834481654116,1.4986968556314204,0.1643775161295743,-0.6315910672790633
1662,1.0432842794690498,0.46757149733956377,0.39635062518272973,1.0247926713176725,0.43775467883737856,0.38274635381975425,2.087311134956362,1.0348707425680908,0.21698950890720284,0.19975121731763712,1.0194831187189608,0.23098325499182437,0.19663122103694572,1.0439247458007384,1.6175966820638028
1663,0.03203112308710249,0.0826174117663262,0.10030092496596932,0.03754882646117708,0.061347181554297636,0.0932839749761107,2.523330519053848,-0.5776565630698277,-0.48165876752292885,-0.5445754774795606,-0.6112607952323422,-0.4664906617808922,-0.448695201220236,2.018047014742093,-0.7187197383884811
1664,2.2762612316650714,0.8668053200906024,0.9707432194724246,2.277257235422916,0.8675016256928959,0.9717165180451838,0.46593443056982364,2.2595933603745872,0.41448526907754146,0.4974894955390014,2.259050771180374,0.43188350252522106,0.5235610527051525,-0.18521606240099295,3.1376636925699395
1665,-0.2293227162925777,-0.3877340175595792,-0.45994565849121943,-0.21587853938078203,-0.3588950435521565,-0.4678164976572637,2.7638474949182674,-0.07384245071975917,-0.25587491898659354,-0.29138226926154565,-0.0863674966215082,-0.2848745473858931,-0.2881461923613427,1.889316281411963,0.5403179117566355
1666,2.6981060680958047,0.33327031233942256,0.3383514293600001,2.702568416183972,0.30613785709078756,0.33544885396269086,0.17678961721274986,3.215041938053979,0.44558359556512195,0.4766920784254903,3.23488899677937,0.46319582576223245,0.5003839267826213,-0.8051803871839261,3.7985184446241425
1667,1.664220704847863,1.6468064534842197,1.6842975792318318,1.6856270825952564,1.6457443414121697,1.697469068161181,1.3265646853035256,1.4282261301148187,1.4562413693216945,1.464101186552427,1.4132451067970524,1.459742995246575,1.4755653077422424,0.30321593094712623,-0.0075368680973857
1668,-0.750549530968757,-0.6804251818993743,-0.7640608756120234,-0.7359884001171089,-0.6743665935671944,-0.7433706740310041,2.7665963583610913,-0.20276895941954196,-0.07914061442986661,-0.08492191483592099,-0.22807496643730274,-0.07807683451689469,-0.10445632073701464,1.5041707420645256,-1.0192310050767954
1669,-0.5745761221233265,-1.1380408665387671,-1.1154171554404697,-0.5764241876639761,-1.1150119624494856,-1.1067809739367727,2.4585278532578196,0.009648513678401575,-0.8363978620901229,-0.8155307694187087,0.0010150417457671951,-0.8507161683641912,-0.8094026513061587,1.3616861122277788,1.5511290720829733
1670,-0.37394683803878387,-0.4164074312530083,-0.5447707047461532,-0.3744777207336666,-0.3992517515214986,-0.5409118000820604,2.429166544451691,-0.1537774957708058,-0.33185597641054826,-0.387473854460229,-0.15058759638211405,-0.30928875681734636,-0.3871386855010306,2.1212384451377897,-0.3256294407834486
1671,-0.09879668811775995,-0.28179097192843483,-0.27596537968618967,-0.07687925754267946,-0.24549767266995423,-0.2738334422617862,3.2369180000344904,0.4139239355624689,0.20548936901960227,0.21345963350856295,0.4256870628113912,0.20943664560050684,0.2100357338126675,1.754644165351784,0.2061828642010685
1672,0.08052754919041859,-0.20277744268125453,-0.21375182102757484,0.06695913626364372,-0.20376758522422,-0.23143275678377961,2.2515434489811788,0.26192160660350666,-0.3109584741988081,-0.33113245364268434,0.27024519996805785,-0.3084851103102415,-0.36618786707640466,1.3518214050816215,0.7388562367811995
1673,-1.2419989662325812,-1.5333226741987196,-1.8031911914092256,-1.2598215144076026,-1.616877010104295,-1.8030133259551173,3.1215114812399434,-0.511280912852598,-1.4174038999391851,-1.467034647551586,-0.5236127665194399,-1.5811611956265184,-1.3416689620374338,1.9310071994201148,0.30791768297556693
1674,0.1704325411472702,-0.6870971586683778,-0.5978722860528588,0.17156350805519613,-0.679907580055107,-0.585349902926502,3.239095513304094,0.7059052037928304,-0.6252767457239644,-0.5623023669544033,0.7042851527465647,-0.6316066621852675,-0.5862183790465715,1.6888723667287149,1.3132348409869352
1675,-1.1454479957087824,-1.0388203950011177,-1.2337068065353427,-1.1475933664092568,-1.0316692726494916,-1.2183911828499994,3.0353184609664496,-2.342004854804712,-2.0330150205592163,-2.054110269675173,-2.295257519363433,-2.0540017316496924,-2.0535891245351654,3.4044912686876088,-0.6225868942669052
1676,0.1405414830080748,-0.03570557220742654,-0.03985557152952811,0.13880031175992544,-0.052566448484187435,-0.041736244096842456,1.8651562611274475,-0.2164321247775289,-0.48775882334298987,-0.5135622816990248,-0.20668128899118174,-0.5099014251448607,-0.5000910446451462,1.6503140345427347,0.6545793742481989
1677,-0.16683270729294294,-0.42034284056530974,-0.41135500541331493,-0.1647439865218137,-0.4265174058851072,-0.41053819629542476,4.375434186598777,0.2705129627431789,-0.08154764760207124,-0.07581004690419905,0.2732139918364666,-0.0921126783704989,-0.09343936623232348,2.8636874268057064,1.567080048284466
1678,0.2375094245521575,0.03173942768037829,0.042983364533333894,0.21083155519797137,0.03517866536148739,0.050216114891927774,1.4761228394846535,0.3885480311398353,0.0056545265906490375,0.008794528189362272,0.36948689900497655,0.02578189133194759,-0.0018125805599670994,0.6129788356194592,1.771817374449436
1679,1.4657520251421738,0.9317589867520234,1.2919859834836067,1.467390461448765,0.9369580867764782,1.2859752990162814,2.066127428457076,1.531925112226506,0.876576178153704,1.127575883493881,1.5362698218566573,0.8682816777949285,1.116607237982745,1.2174016642517476,1.1604472173649234
1680,0.5087707201163117,0.3499153267124192,0.3876984742232085,0.5131436440960933,0.3497955235152746,0.3869712045843452,2.0017523673238635,0.6054119310447981,0.3448055619787199,0.3425453549488375,0.6340444636197813,0.36913612121927775,0.38128202753914786,0.7738352144538996,0.7692511412202646
1681,1.094483510928319,1.0232716235658355,0.9847890099847327,1.0786464626036654,1.0423226875480711,1.0219972219359146,1.5350092566123172,1.2427239774288417,1.0936558283638018,0.9941103563754871,1.207249596617549,1.072046980858311,0.9529887116945892,0.4778733666886612,1.2817841009441098
1682,2.1676683189225154,1.8676359548018209,1.947149038337729,2.16229503673141,1.8562716913981692,1.9427343691086025,0.7661682170217431,1.8730941130214804,1.5459743625822573,1.6703134733611233,1.8572583631714077,1.5544098686001657,1.6625389552043284,0.06480441388395242,1.2329091302030437
1683,1.3577117635669922,1.4017976532742649,1.5992080756558076,1.3810616220064105,1.3456454259730524,1.646085426938079,1.3739013008413734,0.7357533437411928,0.778316402657197,0.9246484550682302,0.7380044455657432,0.7876260342892435,1.0006987851311324,0.9712342025927219,-0.22913320843930007
1684,-1.258727688705832,-1.339752344429137,-1.4509377653295714,-1.3007211705334025,-1.3420281672846501,-1.4491091816409514,2.6683541242334967,-0.6950109287828791,-0.7998849452164428,-0.725883112559238,-0.7070801410557974,-0.8121114470488361,-0.749603932482733,1.8197339959550396,0.4522105850570073
1685,1.084322809927022,-0.3276092494815594,-0.33115525768367854,1.0919908568114816,-0.33817600902961403,-0.277030020814832,1.8378164904941012,1.4389142020341499,-0.6210643690813685,-0.6152439166774185,1.4352688590672367,-0.5929216583314676,-0.674651091179112,0.8024907780170016,1.8224769463684072
1686,2.140898835652801,1.6292998734056645,1.7347379505343727,2.114438549238545,1.6525847553340964,1.7214561111162885,0.7048080683406415,2.1876799810215917,1.5690257697722727,1.8107233377506204,2.2089614157792234,1.5688539651327076,1.8292384906174932,-0.24983558773341366,2.003924892371846
1687,0.08306590728417669,-0.8932922147683529,-0.8337533706711656,0.06553487249291491,-0.9051845969763654,-0.8318792128512442,2.922737657550901,0.2538434160167836,-1.02974364453865,-1.0039001636724896,0.25073657175354974,-1.0410757532078947,-0.9816744174683886,2.277600103214397,1.8695622872804751
1688,0.21117956591377565,0.1316681071721017,0.1369055695225205,0.21212623796814645,0.12743367406225095,0.10770877986652659,2.6226203360821767,0.5869181026959077,0.9794437079600374,1.0736171533304595,0.569270092605511,0.9648672921627337,1.107743455471999,1.1261994910394504,-0.385072839276561
1689,-2.1609111340222267,-2.332781477158509,-2.1576569168276194,-2.1658062431438534,-2.3313442390340016,-2.1664127900419397,4.186865975993877,-1.4229969860217992,-1.2975387140023729,-1.2839214900454088,-1.3901085550108827,-1.3103566457722609,-1.2816699377771161,2.7595124074053126,-0.7682134784668859
1690,2.2981783500712725,2.151721292577092,2.271375916524143,2.254501566840336,2.155228025226822,2.404022225899081,0.47986481049119706,2.093930258627552,2.08681839677368,2.169262406811503,2.1330447025845913,2.0503549428961874,2.1171170327369593,-0.2582714456620391,0.9677124638292666
1691,0.8447639262262275,0.8371382535263466,0.8764732131526947,0.8371674051033451,0.8513930793254231,0.895850193930044,1.877882060696876,1.299335865718579,1.3327941550475226,1.3389962764483767,1.3293460611214027,1.3642930743414952,1.3613255069242038,0.8370716516459644,-0.5301877997782442
1692,-0.21992301380331966,0.26222828444808394,0.26709490571793026,-0.19283500924200708,0.26000681543810006,0.25744530859808257,2.017000538467051,-0.3379540063843764,0.44742611167197854,0.4502191828771601,-0.3212548672304101,0.359766197377352,0.4007981993822121,1.5807773074696403,-2.4872101470609054
1693,1.0491873571668326,1.194409853723459,1.4912109943135234,1.0505005108672458,1.1733027580107724,1.5129401029059875,0.724678203319987,0.830459278755794,1.070667431850984,1.3791230197099849,0.8364808094738861,1.0986681022291749,1.3386166924645848,0.41457197162118187,-0.7143415039058734
1694,-0.26352669402576384,-0.07765185213024717,-0.08023797174206782,-0.26929626736446927,-0.08156988335467036,-0.08236480623480492,2.733519624736284,-0.3262750135710516,0.3450089762500555,0.3432160353542467,-0.3444719205803809,0.3277227505320254,0.29808562897009877,2.017394598959656,-0.47929728300164215
1695,-1.1784502645345445,-1.1914292899495662,-1.267429888335055,-1.1697482209217056,-1.2026324989846489,-1.2500620190695326,3.4744153130434516,-1.6151558163581927,-1.8271756935307661,-1.7448739708621877,-1.6713949852444818,-1.859008009389845,-1.8270148178785188,2.7949754177137183,-0.3556309320482528
1696,-0.3295141503789981,-0.32253256324481566,-0.25132631826301927,-0.34064578211908275,-0.31861131886056737,-0.25678743370740315,3.076803266440755,0.6071725738061575,0.7660572572772847,0.7350668854252913,0.6123043085225612,0.7685918096805373,0.7453543730941887,1.4524747647632816,-0.8890075579404549
1697,0.8460713071686715,0.9277078985650691,0.920520326182031,0.9067697934591403,0.9548092694741926,0.8657130683464505,1.5111422930714131,0.01656150654216424,0.06680485009148807,0.06920261679088655,0.043423527284334386,-0.028669390310113736,0.13658981789791938,1.0101274318948512,-0.38374902296031105
1698,0.3665635321144757,0.7505414796771994,0.8928271442814453,0.3943465615854245,0.7405372636924988,0.891439490736361,2.062715590408812,0.9381482047925267,1.3744977006693386,1.4844919572064306,0.9641653473841164,1.3711943981181105,1.4990744305486239,0.8098726586404357,-1.2914767734961383
1699,-1.9217488928423112,-1.7469493647359862,-1.8186098374389121,-1.9110141930278628,-1.7415483372481328,-1.8055400856099038,3.938259858842023,-3.076478096617938,-2.9677369046073587,-2.989100211257695,-3.0293325998834733,-2.882545849432415,-2.988444676321173,4.075902754810798,-2.140270345050579
1700,0.023122115091265976,-0.021396020300175636,-0.02303342885642273,0.029190645013705465,-0.010054039811372642,-0.016673402453226294,1.8755001138718157,-0.8351307716138764,-0.9785054692635967,-1.0342003849929686,-0.8662325192565049,-0.9725530245679934,-1.057056033012226,1.6033383820398306,0.2749690204331665
1701,-0.4735630982146645,-0.5461535301598253,-0.49994596273495284,-0.4684284042673114,-0.5618438008165648,-0.510132556176139,2.3842570066631135,-0.3351328948780319,-0.3974724506414148,-0.4023214894870476,-0.3404183854306184,-0.39844556861357466,-0.37696519387800964,1.1957031132730342,0.07006872782530485
1702,1.7269748860057577,1.9165950120036142,1.7597966604116395,1.7550500599443142,1.9192455975374296,1.76185065139205,0.6222485521409818,1.1640970339603744,1.401158319033015,1.5405347951070263,1.1363623623309254,1.4072405206237653,1.5308187990936177,0.23172992190866717,-1.098085474147762
1703,1.3069871066103698,1.1170151261444785,1.5812004006030194,1.3114246977265722,1.1250330802320174,1.5784062281783307,1.0269241674332565,1.0365407017382238,0.7477879948991056,0.9495396425689169,0.9762529301266515,0.7368311910014016,0.9395313956499044,0.6783748313852677,0.4930364781302816
1704,-0.7647186099713785,0.0156870352714191,0.014761749489466593,-0.768014986339655,0.015089330361957113,0.0220495808771505,2.9463468895988276,-0.5322191315867641,0.3489491756016103,0.31055986689873954,-0.560964798727075,0.34208300659847807,0.3094185066761706,2.3143682715486973,-0.6138820512781216
1705,0.23503012910830345,0.0959729163863673,0.10375371335830985,0.22511211713741092,0.12243687857285139,0.10664209387592664,1.8113046732390443,0.0867265047766131,-0.07670695809261942,-0.07462055850851691,0.10911830761603751,-0.05916290794275402,-0.04221589114197559,1.204237359680641,0.8071224527917313
1706,0.5791567405904235,-0.5415335319982444,-0.5209411155624378,0.5688026537234345,-0.516331277288694,-0.5171358487483214,2.524402690164016,0.8948727033181261,-0.5980224052126533,-0.6192372741987485,0.9190723880761085,-0.6243142935027949,-0.6310496550350663,1.2937912877070068,1.7271200762418937
1707,-0.5396232731808597,-0.5845914301715017,-0.5779604351901498,-0.5493116769401689,-0.6054976942189579,-0.5859176107262881,3.76936317424664,0.06885540955935741,0.029191028255472293,0.02700514441984543,0.08090137771161308,0.035035691032836935,0.02752031242613916,2.8184394842054505,-0.3733633694820761
1708,1.7793586182923369,0.2751421310485316,0.26406604104685205,1.7606609796830732,0.27909296785671145,0.29095944835459336,1.2471998822922863,2.134871194585373,0.6628327941451253,0.6298728213626771,2.1478586259612142,0.6553990879464378,0.6022337604678745,0.2940724258946369,2.161246815099477
1709,-0.06374125626005422,-0.08522892621126255,-0.05740559187346174,-0.05166925085340386,-0.08041832638121088,-0.0535499400179324,3.272330178042517,-0.19590728493555898,-0.17639850548904154,-0.1308008860850542,-0.20320061042451396,-0.2039844498481796,-0.15071382444329984,2.192638185814354,-1.0399465537083756
1710,-0.10095450691151031,-0.45473602658678647,-0.3972201430393093,-0.09781506342769163,-0.4724968614424319,-0.4070522505002079,1.6875883198670714,0.40525165702702315,-0.35969660328465275,-0.327114904337496,0.4658011869451661,-0.42478529539730076,-0.3802559391531481,0.4368759822240206,1.2818723053085628
1711,-1.6111814930394273,-1.7184586872004788,-1.1337370283644725,-1.612234247459756,-1.71819233274734,-1.1269701169517097,3.1545114278619604,-0.701657196061696,-0.9919678714193948,-0.9975086933786156,-0.6506267048438513,-0.9284359635022266,-1.0098548450998348,1.904832026289548,0.5396747594281197
1712,-1.0622050738750184,-1.131865113512877,-1.0264564957592572,-1.0652463512447676,-1.1293163836091402,-1.0089519876904904,2.790804739864309,-1.255405663560359,-1.5507633662460605,-1.4949303088585006,-1.2713903494220056,-1.5446353143552911,-1.4821355263459843,2.3273632155401427,-0.006126087220127069
1713,-0.022934773021728125,-0.8045682313832317,-0.70484447652443,-0.022375890649430123,-0.7999811447753102,-0.7115992779305989,2.937889682905497,0.24053286172894128,-0.8675929994120737,-0.7225977275180607,0.23505889046769904,-0.8667116422043136,-0.7042412585772659,2.229075179897931,1.910671314058851
1714,-1.113778628610385,-1.3491666312677886,-1.3441661696634868,-1.1035405033444337,-1.36540101497255,-1.3527593887027536,4.4672267250486,-1.2379620401682336,-1.457956339276726,-1.4645104307650443,-1.2331725584024331,-1.4603583561010136,-1.4792083749253446,3.782655412857562,0.4735717992938088
1715,-0.6719246856733471,-0.473899767664294,-0.529162021241422,-0.6386034973562787,-0.4592731351148821,-0.4990258623408653,2.4063824264234217,-1.1606564081055812,-0.8585097678277606,-1.0313502731755202,-1.1959496909619316,-0.8687500879451912,-1.0523511736857312,2.066630891439672,-0.7271822414883451
1716,0.5407063948341777,0.1748797816829387,0.18399940552056412,0.5548451785193975,0.16115956658285888,0.246799329957645,1.6115097475074434,0.40271159453314626,-0.6619205559865016,-0.8167425001205045,0.48813373938204113,-0.6725983406124164,-0.9583165549153909,0.877133726611205,1.3467613576921948
1717,-0.36758429254287084,-0.3103597861948051,-0.31704880222289467,-0.3858514189236699,-0.3117960820511381,-0.2999523755270973,2.6774742930644653,0.22572669335623927,0.34917832507304863,0.3868425592413882,0.2281480028691406,0.3820193328684944,0.3521360171477406,0.8972996658504606,-0.46033516107982814
1718,0.5282574800407185,0.6897874041745128,0.6702856478178018,0.5312829634696432,0.6975389824951926,0.6720972321031993,1.8439238644435494,0.7948467297096568,1.314331957281135,1.3173833234560395,0.8282487120318612,1.3239869936215676,1.308651459863618,0.5413161791816506,-0.7844865772699467
1719,0.7212033561153545,0.8047801616522666,0.7401087067804758,0.7305278840451118,0.8128057630340891,0.7446498287478375,2.3072982709172023,0.9534289788101201,1.0208594860734044,0.853980798343305,0.9549042679559495,1.0064374382927184,0.8649946523061054,1.3980262927224631,0.6673886413682714
1720,1.86768634930234,-0.487785505596966,-0.5350611414574363,1.8567081081618748,-0.4928465442557478,-0.5172281293767652,1.2742567628500283,2.6795669597639744,0.1297081867007409,0.1491539778870595,2.6848873555874313,0.07763267031065249,0.11489751624187643,-0.2216840807299152,2.6504662350337695
1721,0.3978559445639588,0.45792700970127237,0.44979569137206954,0.4003069520575675,0.47498460390142444,0.43632873269901107,2.450107142931868,0.23689533933630444,0.34955374934105793,0.34692373794834325,0.2552634699153511,0.36811375140910707,0.33041806252435385,1.9095553157881082,0.19424190261172564
1722,2.2157390988471466,2.2415651853460177,2.206293608445231,2.2242216522400744,2.235418063437211,2.226784233133023,1.1362253085628444,2.291364674616932,2.3445718210397026,2.4196476649709413,2.322950172397977,2.3364825530964874,2.42960365363761,-0.0010485721219692778,-0.7685930711001593
1723,-1.2374719477943532,-0.9713957863811999,-0.899348139560111,-1.2572921743188807,-0.9752865519351491,-0.9274057828713022,3.367517002983385,-0.9822502679572409,-0.7383617909294433,-0.6894753757036629,-0.9512400188192128,-0.7421017659337279,-0.675492080497619,2.2803244802944773,-0.9881862813408743
1724,0.14119275645882773,0.2559567817112173,0.24134170698177962,0.13492215674111824,0.21583697006687827,0.27648445565503854,2.3666406737364007,-0.2989009033922969,-0.179559616671951,-0.1838528841993615,-0.2662928438392998,-0.15158542801843375,-0.23159203672569692,1.7333725507531583,-1.1637481174737823
1725,2.6957015704015106,1.4039130525735417,1.5168799695562807,2.7044449569683473,1.395432900249305,1.518520477844793,0.41904375965844265,3.1237060291890466,1.8549509245165483,1.9221958349826715,3.132499203983744,1.8969088182459335,1.920615669749923,-0.46827330543822887,2.8180835174518637
1726,-0.6337409012749025,-0.5690423094313555,-0.5711500367498705,-0.639952350758156,-0.5732458227341785,-0.5691159346750173,3.1780017807243537,-0.8926835066799542,-0.9637681812266873,-0.9176145613529635,-0.8781030705266655,-0.9882142203293055,-0.9126495477736143,2.879216063171884,-1.1547476040720668
1727,0.0699453327834935,-0.6417797431438842,-0.6630408483757243,0.07535677234101355,-0.6410901198600147,-0.6722177126882163,3.026706779868225,-0.7213389083101828,-1.9491369683661877,-1.6556165454514902,-0.7433612214677116,-1.9590558111391159,-1.6467207343644645,2.3090768483273503,0.7888269960566342
1728,-0.039890205611505414,-1.1484503594922393,-0.9278865257428305,-0.04191764910422331,-1.1510281892114105,-0.9291180005906394,2.5567851845463316,0.5084662737154061,-2.321537624300747,-1.7441799662794695,0.5088242176530736,-2.3294625038158614,-1.7487217184289043,1.3983980673698364,3.3887517740479396
1729,-0.32389690623128725,-0.15118047827109635,-0.18411591996525464,-0.32363902453256194,-0.17614656301200515,-0.16395742663569926,2.6300262443423184,-0.7552568412839815,-0.5478088630498188,-0.5991700565345771,-0.8194440760950664,-0.545809009298669,-0.6212339311818802,2.466772458117802,-1.368571538331788
1730,-0.7472232310865891,-0.5842554388722627,-0.6449867651706092,-0.7468373727437755,-0.5775030789428457,-0.643208137525771,3.101241427328171,-1.3935204340571423,-1.048455696856025,-0.9422423192988209,-1.3866841111964137,-1.011471082297519,-0.945393575255322,2.544777360603767,-1.1821110381501811
1731,0.2537812557769561,0.005113773917986788,0.005139529394800457,0.24318689237090932,0.019757618679800592,0.005861761689210162,2.030713703529536,-0.18264474113653306,-0.8305067216914929,-0.698858849733016,-0.20150081976957418,-0.8383353343988093,-0.708372248439089,1.6764856115257678,0.7753137745094868
1732,1.3491318461052686,1.3384458803956505,1.387802683195563,1.3593060767621248,1.3532016535842024,1.3945365640686127,0.5974634940671212,1.0022915051329333,1.0212061936524457,1.1158890097672078,1.026362394991963,1.045046856114895,1.114316894080688,0.2759109895534254,0.03897222404518043
1733,-0.6939553216968011,-0.8323742988744509,-0.6655602309918304,-0.6821613611894568,-0.839166006234308,-0.6644715413569972,3.587099604812498,-0.14414075004148208,-0.1716436015894167,-0.1526032362185092,-0.1434899490739986,-0.1744921700437301,-0.15410937792001014,2.1190578220623832,-0.3607885778439617
1734,-0.005734031820889506,-0.376784984017548,-0.36013905639693794,0.004364420534968441,-0.3883483231353838,-0.36829446218334366,2.14113466901798,-0.8594241663362695,-1.7932190483925428,-1.7631264161117646,-0.8480336337734027,-1.8070610456367326,-1.7692050308461662,1.963903116914392,0.9840095576089132
1735,-0.39922693375645585,-0.30502340599802236,-0.34835021737336336,-0.3888662318490217,-0.3012678460869484,-0.3139454653723096,2.3281300050713107,-0.7049684697242812,-0.5505549772951857,-0.6018930154553022,-0.635090698522739,-0.5708643395912398,-0.6567046282320439,1.9895507930921097,-0.9473383885542063
1736,-0.6653376988596892,-0.788055628309104,-1.0042304883368514,-0.681387457986764,-0.7798958149066058,-1.0147261994854322,2.7527491905000145,-0.48596643295362846,-0.6477314799609655,-0.8809576422821631,-0.5006123809103047,-0.6596215245719086,-0.8944922263247288,2.1242731205169383,0.8205905893126895
1737,-0.7100431875008814,-0.5495754129367725,-0.708891150563263,-0.7096163443052754,-0.5556338539701128,-0.6815796571912774,2.1966424388094175,-1.5433970916025883,-1.2361703833122937,-1.843783577894832,-1.577683151844932,-1.238167445957464,-1.8254184277070808,2.183459883393612,-1.1850499328738684
1738,0.03551097881805786,0.01748814548436116,0.01872755831892107,0.04862130974633925,0.027409133948599354,0.03969837670909612,2.1547666780324044,0.045752479720533396,0.06270668199409796,0.06775570071522959,0.04564298108986718,0.03894318905517145,0.08426513765187556,1.5337494717879832,-0.15937039605155962
1739,1.451605206244409,1.1814470515170583,1.1926677560452075,1.445720049684813,1.1749976506373565,1.1719292314565366,1.1627787100416207,1.4902738874444443,1.1304423944245818,1.1409075031878466,1.5339214974607867,1.133604101401987,1.120728807279009,0.34332256607241596,1.249470830013685
1740,-1.0131306496123087,-0.8307203326921481,-0.992812780261607,-1.0044161572906471,-0.8354613475124213,-1.0246303322794055,2.6934024540201795,-0.815195522232405,-0.519918164559229,-0.6644594047899093,-0.8012905671092002,-0.5339498313363621,-0.654622472222376,1.6461358010297238,-1.047189679588708
1741,0.5694827125488535,-0.39399134312153555,-0.36275874375809436,0.5774310168744435,-0.3913714462174681,-0.349288801507082,1.5556091515241803,0.6765712006000458,-0.39895058700193226,-0.45706660866279003,0.6680709782443686,-0.4173014958008132,-0.4709383575663232,0.7864215239668085,2.2797584605679817
1742,-0.08782872674402363,0.16581407322943098,0.17540799474570554,-0.10219884163397484,0.14974125992573925,0.1721085564443874,2.295520697990711,-1.166998163430463,-0.7568093167582932,-0.7246724335479756,-1.1114765524648007,-0.7520972996776898,-0.7045415772866632,2.3106714790619822,-2.3233589521277245
1743,-0.9474765240084411,-1.0416418949835435,-0.9321840503545287,-0.9485616426836416,-1.0704077057727874,-0.9330835002524178,3.0744726290855287,-0.14209317279452865,-1.5815344421247688,-1.4474143441134646,-0.13245093625138685,-1.5713319731928106,-1.4289482528714623,1.8771487083334963,0.6927637002449684
1744,0.9555198952798444,-0.11061342648879023,-0.1069955535195779,0.954824210002266,-0.10705635400887022,-0.09524648849784344,1.6632307973100846,1.7109515921866298,0.001767884432128611,0.001886882918686027,1.702951216628822,-0.004088736059867536,-0.01792834455171619,-0.030091033319785392,2.9867318999046844
1745,0.8610379519393441,0.737597539486671,0.7257911373351198,0.8528807537220929,0.7309851454387578,0.7635301147398198,1.484444942677882,1.325834308067377,1.2277825578027026,1.309539925338947,1.3392161831893046,1.1745161163264288,1.292654655589646,-0.005135062271354097,0.22782344707589874
1746,1.4739040658229545,1.3262809150807848,1.3426240149279147,1.4686389535318434,1.3178780497541631,1.3422585045326956,0.6602842118491764,0.5145401867241846,0.16440299277657455,0.17035973255363362,0.5219661512149194,0.15224385819001449,0.20568633917271595,0.6603801930970865,0.8627480321197628
1747,-0.6366593505662568,-1.7156134079226524,-1.8358766954446064,-0.6244246835890923,-1.7220556889745762,-1.8189947667438782,2.524169419227609,0.610615404493563,-1.2990853532800153,-1.4283330430723045,0.6374094875028162,-1.2830328844576642,-1.3713900628939484,0.8239640293530932,2.3461964714186214
1748,-1.4078220936208876,-1.5171168133085011,-1.1953939800962787,-1.4111381129863092,-1.5218385218874955,-1.192085577378154,2.627412849612426,-1.0360750076012497,-1.2738956071755732,-1.0089220528113798,-1.0011468107846806,-1.2985811410473458,-1.0018327389434603,2.0545074488120205,1.4467986172005398
1749,0.9649631249802149,0.5878888441699257,0.6184263844453539,0.9676277669650136,0.5942960126132967,0.652457959228396,1.9057807494831542,0.9682923060408221,0.4904853357159652,0.5034307276556858,0.9400894355402309,0.44957802923403084,0.48071241744803517,0.9212806162508035,0.7163081717854601
1750,0.6769250559940183,0.6842318714693273,0.7984416334867197,0.6697015339427403,0.6735099162602063,0.7799297584307125,1.9513355552041542,0.33912320777964833,0.4642900428916136,0.5445199773840618,0.34311927591633284,0.4568723324631521,0.5371675416319476,1.0813522733221026,-1.2187863049879446
1751,0.5398186786388408,0.32707585045780596,0.4102848166092333,0.5201640016062915,0.30882082438069575,0.41660180486888077,1.707636017637531,1.0363301801215108,0.7355509997058678,0.9232609216744238,1.0315248060263105,0.7155894912167816,0.9534151936087472,0.678298190809115,0.847359321938613
1752,-0.28199852146486526,-0.23943940862588817,-0.23862693603001817,-0.2843923432757669,-0.22136520921354838,-0.24065823993954932,2.6321652298688525,-0.21607146015043954,-0.12962948361578838,-0.12675298091889495,-0.22901918442413519,-0.14824676668696718,-0.08694777146975119,1.866650071208533,-0.9407851073865935
1753,-1.6555034329910718,-1.752904270722245,-1.8381251568450783,-1.660095305741368,-1.762505342891031,-1.875318055061439,3.5725157179041074,-0.9425619343584689,-1.1368468499257127,-1.1183998224820595,-0.9726813623719544,-1.111538602133472,-1.1651084388531283,1.8527432857731156,0.3000425696779052
1754,-0.5515884795848017,-0.6956741369659081,-0.7068080744799343,-0.5349214347076453,-0.6832424634398059,-0.7048969052178606,2.8825182540278287,-1.3000863585724385,-1.5608785353634083,-1.7533569041263617,-1.3069324122582267,-1.5599674170972202,-1.74489186616411,2.555495327409024,-0.30906247036646434
1755,-0.40109383467580667,-0.36712393696854606,-0.28361147658863006,-0.40238726561474303,-0.3605499238819272,-0.2851569140124692,3.826185332005088,-1.3413249021842852,-1.2776688290370866,-1.0082201793463461,-1.3237764289974703,-1.3208858555468173,-0.9946139695943246,2.509481633089076,-0.8013557654892027
1756,0.5874609588168641,0.46571636353880874,0.46079582391245405,0.579472640962074,0.46594432517979695,0.461244166567601,3.7495189617319853,-0.5796156984564572,-0.6987944174225507,-0.6996391693155529,-0.5448636652512986,-0.701324844716966,-0.6696304691782385,3.2352490097155098,-0.32406543840951835
1757,-0.7948158110667578,-0.6583869446279186,-0.6851832584454371,-0.7804336164595047,-0.6541565743885022,-0.6756653512812193,2.163832581756556,-0.47690957414181384,-0.2607577196199671,-0.27697788949039065,-0.5054482556497265,-0.20571255444447822,-0.25012303776665307,1.4806118069617822,-0.9662717989078282
1758,1.7671795943825879,1.4389109990800706,1.5027561336384476,1.7707644655710744,1.4537170939362833,1.5070943006086595,0.5988399740690863,1.7696136105355367,1.1693546154811665,1.2069226932030646,1.7813452504945442,1.1403700562193622,1.2036230629401214,-0.1149820886416852,1.558591643345775
1759,-1.3268708005977976,-1.0123727705722796,-1.0419590829235321,-1.363151978895969,-1.044505810767314,-1.0487834180292177,2.9440319717030112,-0.9960844039129166,-0.3995202096203276,-0.3809526456026417,-0.9992552643610991,-0.40728129693356274,-0.39795772965487813,1.7908447538474401,-2.1136129797484955
1760,-1.5030236954630931,-1.8465074996896857,-1.7476458732458822,-1.4894251164081993,-1.884949289149042,-1.7285953341789377,3.6205671122752356,-1.0032107167510924,-1.6674089215854018,-1.6191597423481452,-0.9896409200128079,-1.653343329398549,-1.6425396085338233,2.43290635857879,0.8158425561019877
1761,-0.7503307258440604,-0.5896223566258798,-0.5577225163970017,-0.7456332117311368,-0.5748659537686789,-0.5651547210240363,3.399116601439619,-1.5143848134205595,-1.5507076155501063,-1.5132821938653895,-1.5403294635978266,-1.5429399386387657,-1.559587850473783,2.738083351587211,-0.013047066535490605
1762,-0.8108192544011734,-0.6172264724530682,-0.6351945811240538,-0.8099587694015012,-0.6374244278685418,-0.6298234719662008,2.719241306747843,-0.13116461280288363,0.20055034610225028,0.22393087843844622,-0.1294075237633928,0.1755119332082263,0.23139730027219618,1.632670479113395,-1.562958752475008
1763,2.7662237762375277,0.39589836694535185,0.4210089140023432,2.7765626664919516,0.3778884552872303,0.4096211582394127,0.8570360535874345,3.477264104333561,0.5989900782026176,0.6939295336518604,3.5062299050709482,0.5933556004285941,0.6835924858309446,-0.5365803087220801,4.120518416729546
1764,0.9145867493819775,-0.018377516754142585,-0.01767891155396427,0.9132286630596164,-0.028877708970786876,-0.02341210167966165,1.470759732572113,1.5140820684334142,0.5193802498183592,0.6229983424351706,1.4925859900684748,0.508435778689945,0.6315301473948874,0.19865600688424395,2.182466701401988
1765,1.7391647828000636,2.0021393052306022,2.0975497576230144,1.728665347513184,2.0174706924851353,2.1120789429218862,0.878664521297919,1.605529144050187,2.028741966296553,2.0014924082150753,1.6094548101765076,2.0162668403829525,2.006722547489257,0.07431167932750934,-0.36053190672710095
1766,1.6029571025662364,0.6431062826726023,0.6440956444424644,1.6152755786320683,0.6562349383263618,0.6500888072737159,0.8603267176650033,2.052094764328472,0.7382820787186946,0.7910806174630631,2.0569478922153426,0.7394732310680963,0.798329186148991,-0.21033473940740968,2.450051224839815
1767,2.1069073063576735,0.802196635986698,0.8897885317973044,2.1113836388593503,0.8052099059869409,0.8856221234823547,1.0692217351037108,2.7706704804354927,1.3214248177083383,1.4951630603810822,2.771495974186278,1.3385262452457698,1.503030178783584,-0.07860161836724121,2.8467537410475825
1768,2.1255976479115186,1.945958907254221,1.8957040099134252,2.1224486007729113,1.939273694738237,1.894326037294383,0.7091249751383559,2.180926725427149,1.8638134712524872,2.0639527521399845,2.165440883477696,1.8699822283011884,2.0575439527296475,-0.2399684551880463,1.9293565575675988
1769,-0.0852148243369837,-1.0314477409561231,-0.786039660488093,-0.08790329722278167,-1.0236228620461647,-0.8016872301865927,2.52632974815057,0.6880035128466541,-0.6200933245810016,-0.5859869571713177,0.6644959706485547,-0.5909477836972238,-0.5819238055145458,1.1864038388209854,1.7677974490586041
1770,-0.3384490221333457,-0.1972891922033741,-0.2271953777151227,-0.36798584674489676,-0.22029252929892934,-0.2413846397698884,2.132478405335949,-0.4144280223043925,-0.2632560353907565,-0.31021639412532787,-0.4055863975163071,-0.2673526621319525,-0.2918837464266954,1.8367182040749133,-0.26571114236656435
1771,-1.1121982200049751,-1.1536246202685998,-1.0172909501117933,-1.1078348594776959,-1.1472525817140773,-1.0074322478962103,3.2333903751784616,-2.532406160712623,-3.1415155543974076,-2.934713779650947,-2.532247775650852,-3.1784420687359884,-2.9459477969864114,3.2061203452293663,-0.023814275990362326
1772,-1.2393889965193783,-1.2426293632876175,-1.2491521922454196,-1.2435021679657747,-1.2091757937007832,-1.2370960351093732,3.2822657581764156,-0.6772175255994421,-0.8102099902496886,-0.8534959457396543,-0.6328013792439492,-0.7929247008511218,-0.9071635724220775,2.0404642859496365,-0.25553911576520455
1773,1.006345288547564,0.9222347653923059,0.8847057474506349,1.009884693476056,0.9297653851226148,0.8929727410147406,1.4964595115787995,1.1387994371804075,1.0475991363393147,1.0161245516916713,1.1527315510516563,1.0400085379976975,1.0031315891063306,0.9061220701009775,-0.45765692260586865
1774,-0.24052305453436046,-0.20682881813269827,-0.1846009783628195,-0.2358028343989936,-0.1787517665572455,-0.1898348815758393,2.05382655327396,-0.30674268842961333,-0.2693877321409962,-0.24511843119310092,-0.30587303582685643,-0.320077670954508,-0.2169133359275605,1.2012648291788603,0.019412481712834998
1775,0.4258601083656951,1.6042333070912695,1.6332343315306665,0.42216759464281345,1.6025063743184753,1.6501797193352572,1.6777394425807433,0.7485449544760183,2.325580693831197,2.312853671885197,0.7362384768530078,2.285439565153103,2.3081187323579115,0.9027928474581383,-1.5023605177028654
1776,-1.6961456438491356,-1.846382593540515,-1.7865876817308164,-1.7113695493924486,-1.8333604279775373,-1.7908809678891355,3.4473062356891058,-1.205553802677905,-1.539032479880862,-1.5247384841776388,-1.3199662833687469,-1.588895671310952,-1.5367336544843484,2.2786625264516434,0.6742806555710726
1777,1.156539556547905,0.7989673953501608,0.8072976098651006,1.1752710773160369,0.7848286674895897,0.8070120203498148,0.9499973331171656,1.1728605408201416,0.7101181810072323,0.7199948049628917,1.1935080174881236,0.7183358967268672,0.7261720713729798,0.37635768056683433,1.6715802888321556
1778,2.0169757867804305,1.7191794717460145,1.5340609276992296,1.997488780394204,1.6979353335898602,1.5368863320246398,0.11851829600529395,1.9548910691475145,1.551553830836984,1.4768971862528502,1.9872452921165698,1.497075617534142,1.4646749530632965,-0.3411447306717576,2.079231769639584
1779,0.5127959855673121,0.49682317814279187,0.4928213114703927,0.516441687288942,0.49860792075038124,0.48507328061644484,1.6766186815915907,0.6406261222248563,0.6982015285618054,0.6140870974953964,0.6571363196409536,0.665165115579584,0.6462279892416201,0.7722763108240543,-0.15131257676676368
1780,-0.398152395839291,-0.40348599133237995,-0.46574203694617805,-0.40613320427740596,-0.4121526432901846,-0.44438320418720895,2.9659834267371736,-0.267173507223284,-0.24527040528739233,-0.27739436937656403,-0.23906534315191882,-0.2582193630486837,-0.2794157986702686,2.1034280091738324,-0.7458811207147582
1781,-0.3763477189945356,-0.3986514073271073,-0.38772213043203085,-0.34598768916426115,-0.39708560653106134,-0.3860279906075663,2.7167299931135136,-0.4738887576817638,-0.5642565221075705,-0.5861129679705458,-0.41131032571887216,-0.5967701852037846,-0.6030479749794873,2.0913340340457647,-0.11804427668404455
1782,-0.685890151920717,-1.3942947837027848,-1.353881809937962,-0.7014104522728615,-1.3992102046880432,-1.3435557513914125,3.3746219691340813,-0.21815952465668303,-0.9259179569767554,-0.8848840497123637,-0.2290448395719062,-0.9513152878921364,-0.8646561941648151,1.9375034677726874,0.4817037764610974
1783,-1.2906589667983672,-1.4010670316834812,-1.2352446335932477,-1.2925716903764095,-1.3683152674830406,-1.2370080254237286,3.2941051267425916,-0.2847061584600115,-0.3977105452268566,-0.37231566387482734,-0.2744258060535889,-0.42008094431798304,-0.37213810306951806,1.582486037363502,0.18696353713268826
1784,-1.4918731586472311,-1.4644021051822318,-1.2903091668800681,-1.4811625727201518,-1.4618438122033994,-1.3084133485456733,2.9187340515285896,-1.710002272645041,-1.640195446904801,-1.400998368624312,-1.701018661964269,-1.5997539083236019,-1.4057469627693124,2.3106558720476236,-0.8608007953192301
1785,0.9736194270351359,0.9218308344456844,0.9355470000121985,0.9264784092519793,0.9106535914510799,0.8984996201904196,1.5502814669571476,1.2077389300182153,1.3149373850489974,1.3642835903193427,1.1278629538430816,1.3474992878919994,1.4456779239909086,0.5334263857083748,0.29354031923901774
1786,-1.5812477589177825,-1.385999536442567,-1.3779108863568181,-1.5614134637856252,-1.3083513693833588,-1.4208141051251584,3.73732919475803,-1.5543262531270763,-1.1979123857848395,-1.221938146225431,-1.5085807631753048,-1.15586400378781,-1.258016067977898,2.6360054895591905,-0.8941485021960833
1787,0.5014159374425379,0.5991987851333872,0.6074434997923377,0.4942236918570589,0.5855443177008627,0.5941356519674434,1.7929535460729,0.24099811686326336,0.40513821562177355,0.4302970645986447,0.22484250994693547,0.42520620611531035,0.4142491587754409,1.1983428641305305,-2.233197788306535
1788,0.9097467963752534,0.5370902374762315,0.5566803996080141,0.9309636419591609,0.5467573504248726,0.5504533572104064,1.3746406223071503,0.5803137950561469,-0.022489581329704945,-0.02655732865867002,0.5812840176137534,-0.06338004922487557,-0.015585726006686578,0.9055176562081007,1.246886352967241
1789,-1.447614987894261,-1.536633700800912,-1.3251258819082743,-1.4952789885703122,-1.5370579815300391,-1.3168845184612914,3.141385403392446,-1.1062610374472466,-1.4714993588580327,-1.376410091571481,-1.0846862386408842,-1.5337102462492374,-1.3894000009635192,2.4573979191113526,0.15982537374816871
1790,0.134840871715203,-0.25047053347979653,-0.19972087263140395,0.1609859376774579,-0.253266459987023,-0.20328554145575825,2.0894759660116193,1.3318860558922343,0.6145280298759046,0.6088129237742806,1.3301543635950046,0.5775522354699152,0.6012715572026136,0.009268065202036895,2.096145251764478
1791,1.5706143935807537,1.2453843182939264,1.2544410957342393,1.568191262901849,1.2357830889071164,1.2410326613753644,1.1932700253891024,0.9225741531161084,0.3797029892013295,0.4017568871530112,0.9109820229483397,0.36940860497098393,0.43109634082907655,1.0547019403086262,1.260202533548993
1792,1.00970152254068,0.8844566652775279,0.9703767582519363,1.0222697070936433,0.8876050666520062,0.9977529028825015,1.6282714505454008,0.9071490982732967,0.76558308159013,0.9425957552544886,0.9361318088874664,0.7771102083143349,0.933248060829245,1.087654335160916,0.353623486231473
1793,1.3502271796193774,0.217935150784779,0.24299493661098295,1.3482932036598712,0.2156002133059925,0.24401117424158061,1.2243368389015559,1.0738422878651037,-1.1216756760550814,-1.371227246925816,1.072246289513319,-1.131251498871515,-1.3631543438450484,0.7051891094649511,2.1613547204130557
1794,0.48192129090323194,-1.457286085361128,-1.5414288503317795,0.4831832431780189,-1.4681033859001051,-1.5152145303167674,2.2148704783714868,2.2039974796524326,-0.3047104706280378,-0.31442903523711146,2.1805800573288736,-0.2787134853413057,-0.2991132252873857,0.023109581199694758,3.3629360852356793
1795,0.5059588743087123,0.2017122531456869,0.20017172501391442,0.513344119858965,0.23875771835087636,0.20168689579896226,2.99024278647036,1.0967836814788245,0.9020487497429721,0.9126748974169895,1.0908924052157418,0.91366653055044,0.8657662852071344,1.5065179363739416,-0.05339208366764812
1796,-0.4352806179453428,-0.44180890068857165,-0.4757234306145005,-0.4449108539267027,-0.4357824752309954,-0.48522165629938996,2.403704614757956,-1.2048607908697422,-1.3451481329412658,-1.3037382323181823,-1.1344132175241268,-1.310381798918942,-1.3128197347254704,2.189495798659423,0.13285333991890955
1797,-0.0849343237847907,-0.10443122497443205,-0.1073256153917644,-0.07180127497079293,-0.06021431008660032,-0.06251324242415203,2.026740118246769,-1.5105099601091114,-1.5669869424948466,-1.7652072934214547,-1.6343074237964434,-1.5878193333929413,-1.7784714453576247,2.425527556203705,0.0033868336565294668
1798,0.4752864056692061,0.60944471278439,0.5924180136332041,0.46134401253214835,0.6074293039608277,0.5982868474583183,1.7680994219748727,-0.06638298587171093,0.16898472481589563,0.16180611257779604,-0.054988307399282746,0.1532882928984658,0.1709270911548326,1.3854781874467512,-1.138352514430725
1799,0.4316754093595308,-0.052945340516532845,-0.04875625945424002,0.40605964230517066,-0.09063880229926284,-0.09775470931315046,1.874935521068046,0.08062941590103918,-0.744757892305016,-0.7458645198879309,0.046216011907504954,-0.7308269582858337,-0.765983228896971,1.2850736648814054,1.9573211669703157
1800,-0.7182748953601721,-0.579237255259199,-0.5926180647653034,-0.705348823358415,-0.5719685533892386,-0.602673472516906,3.1577856494920966,-0.12202959122111479,0.09671035700234631,0.0943313978887223,-0.12303893344917127,0.11142807812250023,0.09934644460476445,2.05164820963209,-0.032379279294462555
1801,0.7879309466280253,-0.8604411208084599,-1.0107025392277882,0.7958904560781381,-0.855256714969,-1.034756425409344,2.114429059038032,2.0219779608313253,-0.2449394529340024,-0.293198072743271,2.010384276243168,-0.2056740505541008,-0.2672588506004794,0.27902013105796863,3.003310213826847
1802,1.2038357012467085,0.006686334404536012,0.007031938210602887,1.1866735499453278,-0.016066348494099044,0.02758856397746866,1.0506600046479035,1.8794537656161245,0.4239623885298545,0.45563714738750644,1.8651296856505233,0.4450824465642565,0.3757764333642278,-0.0587195519629386,1.8792224450415906
1803,-1.7079334728058089,-1.6402953879591862,-1.4074942985291932,-1.7212001932927012,-1.6282740026564453,-1.4007614775425359,4.208990415740683,-1.9266331301875266,-1.7928987578578464,-1.4474656916771405,-1.9010674789332975,-1.7438354460951417,-1.44426193839734,3.291521032265911,-1.460885957296773
1804,-0.24847254925830453,-0.2071561993185848,-0.22394601473286044,-0.2372875508984097,-0.19961315727979617,-0.2469295170313352,2.814928199620077,-0.08272478825384066,-0.14356641955958926,-0.15305876203413135,-0.07288191128217196,-0.16306923097886789,-0.17102848974176105,1.8490883438843826,-0.20370534665119286
1805,0.10025610057426455,0.1801589241776666,0.1959008778359137,0.11186150972705783,0.20245030099808717,0.1726075752754784,1.42407905150767,-1.2290822139664028,-0.9629430131727725,-1.025801689691101,-1.2487539706089006,-1.0526733607657868,-0.9459287012089183,1.9519507115375325,-0.9143537619812259
1806,0.4731795442405216,-1.1938802733783171,-0.9797368863660596,0.4640257830245076,-1.1974451011840008,-0.9793941033062442,2.4781285312844044,1.0659291029546183,-1.3379658309792875,-1.1392664790538944,1.0589663934872626,-1.3538015975784214,-1.1335105375908052,1.1020721271847327,3.337847523304482
1807,1.722210965102613,1.6879125624487314,1.8538482569546015,1.7132924304812704,1.6983919818272148,1.8604729478359616,1.1616296722974702,2.1283690393694665,2.09112237762401,2.243046129888463,2.126569399715884,2.115615256494911,2.235292251615362,-0.1170774762566143,-0.27871356443700496
1808,-1.4073172626102446,-1.2890811580301975,-1.1752645092458665,-1.4057528425997308,-1.275881583887595,-1.1768420761069653,3.111402216229114,-1.7197901246249048,-1.5425098250005818,-1.401159142287298,-1.7526756150582479,-1.519708622010956,-1.422255436721637,2.592594814324147,-2.3868784148280757
1809,-1.1303716635782093,-1.202370442108809,-1.0335357895185322,-1.1551350086872292,-1.233807827762878,-1.0387957300680308,2.5247453435673037,-0.4614917387564952,-0.6175935198643928,-0.5351220637302615,-0.49394107978443674,-0.639479360054921,-0.5780133984819172,1.3862883947457203,0.21254278942174226
1810,-1.5084393605368354,-1.5716886197735929,-1.4388525276788722,-1.521290908446267,-1.5470107058778697,-1.4384853551256325,3.2583155084559476,-0.6588764403980221,-0.7258077795737605,-0.674484757843566,-0.6030495514371476,-0.7375086523879675,-0.7048720920258461,1.615927378275131,0.07600305101565977
1811,-0.41043317042232397,-0.25092865949875465,-0.3422668586415161,-0.39516978285677,-0.22049744888538672,-0.3165584770544504,2.1650013267275403,-1.1183600513450966,-0.9218517830397371,-1.0817320351922202,-1.096280697579677,-0.9870521098293129,-1.1194602135852245,2.0817374515329474,-0.12090213780056226
1812,0.5418560662429117,0.3990887870870013,0.45712210230581163,0.5599510360287825,0.39854175875075776,0.44833437908182155,2.7714726709157347,0.4306259729549497,0.29340178904061076,0.3337414805572296,0.43694596548369136,0.29633363686969844,0.3921039140336076,1.690031857388919,-0.15703885782885693
1813,0.45913529775974643,0.4001958271002145,0.28267156992523906,0.48014356658948926,0.38855185596083563,0.28589313052413884,1.3898832000942143,0.5463509969643773,0.5518646959299861,0.4341764294842054,0.5153858169020058,0.5435902130021149,0.4447244190793505,0.6370287302855059,0.5447976599612265
1814,0.493268218781049,0.06951206718001147,0.0693113091105224,0.4863443281588603,0.06900888230012489,0.07132891240750604,2.199392611181962,0.6254691944977269,0.04752051928524761,0.04876213103811766,0.6250618197184128,0.050816668502114776,0.08818030332685321,1.401144743458582,1.0144560991546514
1815,-1.6452742933252278,-1.5374600228663922,-1.2725866675057538,-1.6215297284012373,-1.54116234883959,-1.2732998460826463,3.8723635470730327,-1.6487893609844992,-1.5185741387591418,-1.3081178269720226,-1.6595257102126808,-1.538080195545203,-1.2691854017976925,3.1845279132351005,-1.332764517429529
1816,-0.5398457648380535,-0.6702928567574759,-0.6551668342311313,-0.5482270743373304,-0.6427375504784829,-0.6359980689319655,2.310325704663178,0.7299204745377759,0.38270317955292293,0.3750552442996055,0.7076221020972688,0.3838198795996607,0.40667484102193896,0.6827460611918611,0.9670871640172892
1817,0.18110392290729516,-0.9698349589326802,-0.941281276787127,0.21664559899529592,-0.9694599810363588,-0.9535425576436759,2.104442847583368,1.0013052582021826,-0.5205174189332793,-0.5039242745331307,1.0002726880003552,-0.5016603557797039,-0.4845226901850019,0.5147185496641062,1.9125132919449641
1818,-0.8100178968001589,-1.2132796398477166,-1.6876761870786654,-0.8289765324088015,-1.2291533650212276,-1.7127201689440135,2.8017173730906944,-0.2814428757485662,-0.9354829445265623,-1.018034476960159,-0.26279933917895515,-0.9190282402906067,-0.9971281252629667,1.5899265223852315,0.7173661780504308
1819,-0.5424900479637386,-0.4492418352829727,-0.4160556877981244,-0.5413903218220159,-0.4656417008178927,-0.4406261040056897,2.772389217861937,-0.6505679716296392,-0.4708827811318643,-0.42535879237484725,-0.6271499848992201,-0.46136257939939307,-0.46759665802692874,1.8454875572519258,-0.6382590354476384
1820,1.2608270116568179,1.30378243753396,1.544165204469781,1.2730898885053232,1.3088171378056521,1.5356326073260462,2.0969673650692355,1.1720896554527245,1.198663574389323,1.4335954903317454,1.1780779080223267,1.1946945527902917,1.4430516743463524,1.3423656274831626,-0.06782869376661854
1821,0.09003058316253992,0.3225515913706537,0.3120158986726808,0.08727400637223534,0.339414218864909,0.3067488660687721,2.625014939263085,-0.46862542584557293,-0.08829798591228269,-0.08646549727827432,-0.5055862948598072,-0.08117115675133794,-0.09920517985326636,2.2152977498386575,-0.5064812634746321
1822,1.1454207561114536,0.7991906190950309,0.7059377645436745,1.1648026681773411,0.7852730768527039,0.7042024368066099,1.8341209247082713,1.7035533707188966,1.1694067828264545,1.1447427705599615,1.714975188220981,1.179142236020816,1.1527096028677952,0.18572295385867202,1.1052084057155214
1823,-0.5887745073764967,-0.4823858293910094,-0.5585433585633564,-0.6214320156270359,-0.4702015819967608,-0.5160105653972823,2.7688032568082295,0.25097977682547573,0.4016651506905314,0.4520091736307285,0.27021564959414635,0.41144638680744605,0.4596605999464746,1.2786345423836278,-0.9496898302004254
1824,0.5817143691419215,0.2571755284431035,0.27286316677699235,0.5710942161611664,0.26340885388518265,0.27421988546209103,1.8134002279811208,1.3283487300755161,0.6974155576709611,0.7540399424453242,1.355226056601058,0.6810055180003858,0.7531870420439518,0.44405328209768546,1.6401978252369809
1825,-0.8797018454886247,-0.9527921444243397,-0.9750046770209239,-0.868022911425069,-0.945582870792619,-0.9972571941436478,2.8528732419897493,-0.6992062740430909,-0.8155860848576125,-0.8007814946236166,-0.7383483677561526,-0.849296403143168,-0.8204045485867505,1.8810162703319546,-0.21826996270002488
1826,-0.5903486107959985,-1.0726599183841536,-1.195437340300803,-0.5989705581340553,-1.0837677952763047,-1.18021116314184,3.9133599706036293,-0.5094866476477178,-1.3089994340379056,-1.5002179673115603,-0.556094785046434,-1.3511484649204322,-1.507136485025088,2.015204154941273,1.169531497844821
1827,-1.0648585744835475,-1.5559217621866066,-1.4649570921114472,-1.0678046224476012,-1.5141357937211692,-1.4848280093875315,3.0631117993091226,-0.7684950403475692,-1.4946087663116145,-1.5097095513730774,-0.771146148212191,-1.4286802419484985,-1.4743494232025238,1.8772985376117595,0.9078827853325669
1828,1.0905402843155032,1.2314724862698665,1.1556219587050918,1.084269463942279,1.2443209291891106,1.1462509320895091,1.5402909382105368,0.9499693126179329,1.1848731321967498,1.146267245673358,0.9464755545476976,1.1847783517486847,1.1281314663145996,0.5468847349622873,-1.026497260646696
1829,-0.023064033943555846,-0.12369325876298153,-0.10270818298939474,-0.0013256780634291138,-0.12396614809690437,-0.11382668154225728,2.450327138914129,0.6372378478934625,0.5331339258394536,0.5298810516537287,0.6395283782807503,0.5082532549867351,0.5621838791700392,1.2142132586721508,0.14759359637621355
1830,0.4307451959769134,0.4692671312741612,0.5280698287422226,0.42205591558131555,0.4783013014304862,0.5369076577199281,1.7942750471777744,0.8706406348655569,0.9212554987385602,0.908727140159469,0.8713730903384221,0.9119105757447099,0.9088914070776261,0.8159189952582349,-0.4470287873566924
1831,-1.187188039895132,-1.4545376555517966,-1.480033334423572,-1.1782231945804398,-1.4696904378816604,-1.4550914910795074,3.0790563885928974,-1.818448679024456,-2.33125575906172,-2.401937597434737,-1.8239805739268042,-2.348571868285587,-2.3951283027154426,2.8769747684992453,0.6954034396950495
1832,-1.1228354920189254,-1.2883654966948408,-1.4283963930908172,-1.1042805484132248,-1.2755120934271653,-1.4145287569180898,2.967257752716393,-1.126589282847955,-1.5147899623584657,-1.7861711484679499,-1.1435614747317868,-1.5335082339823145,-1.815168196978827,2.075182659056267,0.6536099449692818
1833,-0.47529024681595694,-0.5654347410966012,-0.7487187049021257,-0.46395758749614807,-0.5787061472455322,-0.7723487111923605,2.4899909101885522,-1.3627019120284982,-1.5119007661606583,-1.7238966929747468,-1.3303248877177736,-1.4926967354721796,-1.7036017174706084,2.4667163940234857,0.36488712100639786
1834,0.06107565154247085,-0.037364127835590226,-0.04574096649090219,0.0635015084651782,-0.05109869170054195,-0.036276055291905585,2.6143799060764787,0.047023260823420045,-0.06286303073336702,-0.07985254230780542,0.07559606596649612,-0.08381316586502777,-0.07143136299722072,1.8703663109787068,-0.3281207849777671
1835,0.539929860332847,0.5436390885841264,0.5910319910033248,0.5216154997153774,0.5473443607793984,0.5867463487139162,1.8585698487468847,1.5105803063784664,1.507935718793495,1.7454374456310116,1.4944956309951123,1.523274136941249,1.7341386773915675,0.37007392914399895,0.023997718150392748
1836,0.5686312565919938,-0.7398753702403911,-0.711421603236417,0.5645418965599119,-0.727416964752216,-0.7091221571314633,2.457043253484185,1.691748018432193,-0.23859413371502033,-0.23779859627857505,1.721960545764496,-0.22155534285829184,-0.21299770033951382,1.1133959014804398,2.2086155089537374
1837,-0.599478956395072,-1.0355388265726595,-1.1406267986676515,-0.6081116594411441,-1.035713256950429,-1.1338829590034776,3.0292400330249976,0.1227306911693993,-0.860882862495578,-0.9976020101735429,0.1506333910132448,-0.866873835805238,-1.0325875290513966,1.9133406572310456,1.94356912740383
1838,1.702450321806202,0.2085340527523611,0.21506005809023168,1.7087310765973507,0.21065049241488523,0.2248839335065745,2.5104880908485248,1.5275966468913358,-0.2845294066188652,-0.31106399303675364,1.524969580613231,-0.2945960973581049,-0.29713222010632007,1.7522245589351633,2.340956308668386
1839,-0.6209134082926097,-0.3600889602612119,-0.3738054053765459,-0.6284492273376189,-0.3377571051816219,-0.40174721215222015,2.709644099620793,-0.5060598339210334,-0.13795192367181033,-0.12890779591804016,-0.5160626491182835,-0.1490887005946211,-0.16206413017395588,1.9354452963293236,-0.8228548154146217
1840,-0.05949353331592149,0.18719419149212776,0.19665583958125488,-0.07344769254794767,0.18389402675377056,0.21105705549665305,2.4433232968395204,-3.0898280246595813,-2.599781318293056,-2.225299213576193,-3.140265500946389,-2.5418823070518464,-2.2351377704152195,3.7861373089358676,-2.0582953273507414
1841,-1.341238175364401,-1.2722850974978333,-1.3883464359268078,-1.3473185080129197,-1.2689038402913613,-1.4049100417582392,2.978356006185326,-1.1166487819850615,-0.9647326018633053,-1.0807030157334008,-1.1788804867390952,-0.8567430783570876,-1.089988584332402,2.077998294014866,-1.0982397223097307
1842,0.6244816048472422,0.7345246732619207,0.7259665149768846,0.6281259149251368,0.7357835567468639,0.750285378846771,2.188669463419849,0.08094279802220719,0.22245507348875365,0.22431770892068606,0.05336863679261872,0.22843778363214431,0.23403146286184187,1.606430808234071,-0.7849532075604827
1843,-0.5849992547486722,-0.8702209167290311,-1.0611976102022396,-0.6283629873454627,-0.8745335432774103,-1.0579786448455084,2.21379128678665,-0.6324847429908944,-1.0895754943388067,-1.312465840005846,-0.6046770325843488,-1.0943963470351403,-1.3732351930375104,1.9350923175848282,0.19498124094250344
1844,-1.0092436651191319,-0.7933725540454376,-0.7906083950378043,-0.9992465138877281,-0.8016878143080407,-0.7979819714497873,2.6226129960743645,-1.0276014271912444,-0.5995586856814439,-0.5645804225127273,-0.9919565566627014,-0.5716717429583532,-0.6078841566396034,1.9323498815615539,-1.390052484761544
1845,0.23417206332019816,0.3112894149069119,0.32469034482793496,0.23335192452549566,0.30537228896312785,0.3324472203047926,1.7482599657648281,-1.0401900533967607,-0.8287559498748844,-0.8264244761214707,-1.0040016118962987,-0.7948206708435653,-0.7896304550442325,1.7120839348352956,-0.4310382181870364
1846,2.7571485583373043,1.2637361610494866,1.4865178749821297,2.743738757451717,1.2592768135351289,1.5142208304482505,-0.5883754907802282,3.114297402133473,0.7758992549485796,0.8590838425005313,3.0584247420424107,0.7969863353500253,0.7246640712037368,-1.442153032747644,3.255376669992609
1847,0.7517522449149919,0.3060503095141621,0.2782966915765208,0.7517414696543591,0.2810444875369102,0.27422227250209263,1.3632963424956142,0.53911051112516,-0.4430382711799742,-0.48468777354921844,0.5614596454326911,-0.4558846690492607,-0.48623247953406784,0.7174901009134426,1.325856559707234
1848,-2.092420595558977,-2.010307133460824,-2.3289566225179237,-2.0853876299163066,-2.0170744053695433,-2.3381045725206517,3.5499854091189245,-1.8642815699246156,-2.0973021602133968,-1.9460763444600604,-1.8552860519806535,-2.082064190831094,-1.8952903040922815,2.6187503444807296,0.006848700499937018
1849,1.2677941313095862,1.1735633721365282,1.6804138521923087,1.2640481877227252,1.1581664389715556,1.67484481784739,1.8442533159898102,1.3794245927704782,1.2616197018812585,1.5743188395439396,1.383441745192719,1.2679687297011693,1.568163676152334,0.8282879314503928,0.5991801056812335
1850,-0.1916356465083382,-0.2239139970469593,-0.24126273809175777,-0.18065540582128095,-0.2083567483284379,-0.23031494094978744,2.5101099614598423,-0.07675714436025888,-0.12589047894750358,-0.13724840364983162,-0.10046792456626874,-0.11737044588402325,-0.170291899723871,1.4197479605552155,-0.25136714467798577
1851,-1.6261118060132942,-1.4568060756599843,-1.5441548271999805,-1.611919576982956,-1.4398933470098236,-1.5596789556058936,3.358004066131127,-1.1840944982951478,-0.9266123583719066,-1.0065663575691777,-1.1913755054829327,-0.9938917685726006,-1.0016063331874854,2.1859037262074446,-1.5750132776747423
1852,1.3385258704474863,1.353163879083697,1.324043974351947,1.3497787655550295,1.3489479993261657,1.3252760645623836,1.163051170335277,0.06233867965979547,0.07752401650291058,0.07713276177786849,0.025605939654648937,0.06397055421206654,0.0758648838187458,1.4300797877708953,-0.6206806194800452
1853,0.5450663159537963,0.6280062752245046,0.47089235015702835,0.5336221644768735,0.6196573201954318,0.48762752170517193,1.6306709399682326,-1.3267174094616028,-1.283731766024973,-1.100489229657355,-1.3413962195882827,-1.2409953935003648,-1.0928752347999282,2.6923896915215373,-0.35317319869414765
1854,0.4253424383966018,0.5908160742589057,0.7274197104900587,0.4115092340475721,0.5468875666328042,0.7286855170402563,2.2527043964492384,-0.40037000505212217,-0.3360053047241119,-0.4096189290375496,-0.41101974388784784,-0.34956153293642633,-0.46263333600475437,2.161773939128868,-0.9292362771063425
1855,1.4356154885504357,1.2020869170454689,1.2214912125955582,1.4399649656801132,1.2082210288656108,1.2084073193064933,1.8342694214067623,1.4111147244801983,1.2122287039179156,1.1681975680299974,1.4028527824396664,1.2263047231015543,1.16000099311258,1.0937054732872116,0.590880178988785
1856,0.818852707443454,0.96422783665673,1.0015246394551538,0.8115818729872155,0.9627270023354615,1.0079541082745003,1.7499843288429762,-0.24220730244621233,-0.016860710554321215,-0.019375284545780913,-0.2068233496098762,-0.023990192768976213,-0.05249784314450749,1.794281278315312,-1.8551779768147003
1857,1.8006365831404352,1.5892865585385776,1.5417106235984426,1.8215644029893319,1.593347078912147,1.5424660057547446,0.7482488952633973,2.249213865507496,1.9915028687587089,1.8623204379973208,2.2504656884106575,1.995087835596991,1.8628413573519198,-0.23105629537264483,1.7206387440866346
1858,0.48412176412347896,1.0717641776593558,1.002520661123184,0.4910287008243344,1.0676584272213032,1.0076183311815021,2.224908255640501,0.29790288906165713,1.1245251241330374,1.038701643882935,0.28390135469182814,1.1195942391069513,1.0304761397705005,1.7522420642095495,-1.5969882124064023
1859,-0.8639092388696424,-0.868884497438476,-0.9443340428215425,-0.8793316866517239,-0.870794081732544,-0.9529697200404318,3.132310746833948,-0.508254548785727,-0.5153782307414337,-0.5072218446898842,-0.4798743246923343,-0.5093544952821227,-0.5212343817471875,2.3308142710841633,-0.1346824641946228
1860,1.6802291488077612,0.8637918854718409,0.8799450038302911,1.659703566720422,0.8756001326344671,0.8962195401101348,1.7758370577523113,1.3328795327405554,0.37001516409091567,0.38733270410761245,1.3028131333697885,0.3893737266780025,0.40047704061022654,1.1385785926253134,2.135596296723924
1861,0.44186602387047436,-0.14507665724835583,-0.14249841186769557,0.42704218133164523,-0.1653191192005177,-0.13465472395554526,1.9246359574211425,1.0638323419408087,0.08134967733367456,0.07950807183992195,1.0532535562104075,0.09673913067896182,0.04796806976304252,0.8281796405331388,2.1848373297997403
1862,0.9160487954689918,0.7284444675510859,0.7586285181435083,0.9029503830867261,0.7292181412290881,0.7597133409106943,1.289343959972879,-0.05568452351003807,-0.622072033275136,-0.6480465308488058,-0.14563503858328244,-0.5307131709877402,-0.7492549334224663,1.211190310162647,0.8787621778538615
1863,1.0721046261984362,-0.4953185579777607,-0.5332239972945717,1.0445722788530314,-0.505664304603218,-0.5680295673945848,1.0591843787327604,1.8874280446396472,0.35167640714383447,0.3755663705565399,1.8772915574028695,0.38744153720672775,0.30710232038333846,-0.1745200395924453,3.438089414269906
1864,-0.24701948679024413,-0.4630700896224095,-0.3996788024260903,-0.2746212971612537,-0.48151470407722474,-0.4026548937822012,2.25210960492046,0.1363229260661538,-0.3256626636085074,-0.3025842615834798,0.15462303163360783,-0.36890517834188713,-0.33077441658912743,1.151075525573359,0.9242560714888699
1865,0.4606554157562604,-0.13816050227219878,-0.13487820273628465,0.4642757608758862,-0.14725613950903596,-0.128102448309078,1.8136617571764821,0.7442066224744761,-0.11131282823666788,-0.1049142324982811,0.7284675986702062,-0.07939521158080515,-0.06673045611445484,0.7815552549289136,1.3943879581517833
1866,0.9173670544202283,1.1460951051471768,0.9456233756791859,0.9144503701423148,1.1155994434478174,0.9374313996362514,0.9418153996198309,1.1666735916154987,1.46877562678315,1.2504854641863503,1.1758230306976092,1.4511728784524867,1.2609614668648153,0.03200599480560325,-0.3856401342610147
1867,-1.011306049907635,-2.147482765015346,-1.408031658419255,-1.015052217853585,-2.146409884047047,-1.4035514235975137,3.6966507848889076,0.1804482260069419,-1.2365638040674531,-0.8727503786733002,0.16226178392116208,-1.246987866313925,-0.863633295787436,2.061530242954325,2.9422919229905267
1868,-0.4735384767224532,-0.33448216477597636,-0.32228353364086476,-0.5276573800366455,-0.361458472601724,-0.3348488829573313,2.6792345646195113,0.035617447747709745,0.24866072696142802,0.22613390407224726,0.0449326836963957,0.2698669983865182,0.26276485089314383,1.4240352768511586,-0.7083356260926146
1869,1.979371000605579,1.7709229889699192,1.8192581161621255,1.973719066627925,1.7601021678570559,1.8160106284988144,-0.09370464208042632,1.8376126675660986,1.520405185021942,1.605070561269747,1.8247249072978415,1.5130042868200988,1.6153881405597565,-0.2835405574352902,1.8663281189680883
1870,-0.02312289535173463,-0.5573318138088653,-0.5477211682678753,0.005028216766304039,-0.5562863543847714,-0.5604501941393959,2.511620108147636,0.6975267928205527,-0.037667952439579926,-0.03737575322479896,0.6817392611271574,-0.042722009103532875,-0.030207807922724057,1.3332819716452229,1.4263768746370395
1871,2.2378553586161063,1.4566811195507348,1.7661097397944945,2.2388452762894087,1.4629780658826745,1.7608517454382853,0.6020758643248737,2.515621124925395,1.606952352598063,1.7168225471717036,2.523809144833067,1.592802773275089,1.7251562815601356,-0.20104609346104865,2.9315241714484417
1872,-0.038207468130471704,-0.12015059347111848,-0.11880072606155469,-0.011930824345056393,-0.16924290944173626,-0.1201566993914886,2.443303984851458,0.2802476973014096,0.22208066113012678,0.20935649703909331,0.2780849282824401,0.24319552772913425,0.22700405788972455,1.2260599267379135,0.19363827417870116
1873,3.3170493322636974,1.1844365198891886,1.3242189514993357,3.320255712837076,1.1989438262760064,1.3332811418639778,0.09289075882921088,3.7337075194533798,1.3704216792906456,1.4077676412941884,3.7775169615036903,1.3148851067310536,1.4510343302547342,-1.0872059603029,4.505021941874134
1874,-1.0506040118619873,-1.0271633407493213,-1.0187364067446616,-1.0415511305830514,-1.0336892442059538,-1.019457815048185,2.913157115283045,-1.453770289760338,-1.4055258407748752,-1.354598689891706,-1.4592589371570828,-1.4052560039397965,-1.3532202563288562,2.4352865638298895,-1.5914778626206822
1875,0.3741354382350948,0.3184258627400915,0.2798740131810748,0.3803052023810116,0.31248607607214446,0.2528218222516969,2.237676721053036,0.3327769443697131,0.23114511087685172,0.1950084135469937,0.3275331487631642,0.2301287087065771,0.15512489531260742,1.5826367672701511,0.3136962657357777
1876,0.12580516780270934,-0.026927522140567935,-0.03271540828250457,0.11797218605318845,-0.0478002195896613,-0.0020638633944396936,1.8741399755322885,0.32700965880878263,0.15880593247029656,0.20706043060689833,0.3392174065164772,0.206650457861037,0.24060927451076067,0.7977016086728198,0.4800814606166073
1877,2.963014116535606,2.3290030311288463,2.589371336194883,2.967552510554922,2.3449726939993982,2.5981090268820317,0.37967576098648576,1.8867044268232125,0.7495536175329204,0.916573295030562,1.861369564551529,0.7350679159670706,0.8778880049524437,0.3583212551733928,2.194458100593648
1878,0.7576865022146168,0.694213644761607,0.7493675552286356,0.7511334826786878,0.7014034358435428,0.7220524546683129,2.3772132640997077,0.791773132152915,0.6733583428630247,0.7493956163593071,0.8153227900146229,0.6904837602380917,0.7534207910116848,1.4464973527343195,0.31430587378263636
1879,0.15328545005807878,-0.9104837675259397,-0.9202062371336571,0.17111545982378099,-0.944419992769022,-0.9358911587835349,1.8891271610631035,0.8943819386646139,-0.4911929563712225,-0.5687319754897606,0.897751730483623,-0.4636519788630102,-0.5814559702514036,0.4477355138003984,2.4873131751322783
1880,-1.2777560272106425,-1.3674378868166546,-1.0510049454459567,-1.2778098929283705,-1.3788828392073087,-1.0483728476160252,3.1178954976103266,-0.8899358792971531,-1.1004831749252975,-0.8369433534985494,-0.8607015647495371,-1.0559428522837118,-0.8413026907596537,2.379726684571794,0.7639445473675168
1881,-1.2007839934828266,-1.253863327330867,-1.2729684226877918,-1.1973910306634925,-1.2152719195467874,-1.254337104098235,3.7234814579655837,-0.7057526544284185,-0.7227366195313917,-0.7232177809175483,-0.7200462169544566,-0.7506267451737196,-0.7474875260482456,2.5075171342755627,-0.08715379260041664
1882,-2.0064714041576632,-2.0694686655378804,-2.1750094926554935,-2.0265227863585653,-2.0721454476311125,-2.1777892273916324,3.866164973483683,-1.5531833536046502,-1.5958813307228548,-1.5581503801493155,-1.5693608317845384,-1.5667136782467732,-1.5544242892289653,2.637595070364113,-0.8799440804572682
1883,-0.19226659998105494,-0.1788907595707306,-0.22501677129034117,-0.18174091776270768,-0.16639771927386013,-0.23036271631254693,2.614826778323631,-0.2985287060048281,-0.23538080394471633,-0.25697938628303846,-0.2727909171262838,-0.26176303559473124,-0.2867163952541159,1.9805292850957972,-0.9393088506247621
1884,-0.3977028153833762,-0.07519355623054241,-0.08027671222272335,-0.4021877707270859,-0.09037742416085748,-0.07971725484233443,2.737441497461008,-1.4297648739355928,-0.7249976419486942,-0.6794074958006192,-1.4132259856688791,-0.6877574712196358,-0.6986890298732157,2.5756161791971044,-1.2049670004221964
1885,0.7351902165090286,0.6781003992668431,0.6467255596052709,0.7196569044189062,0.6674183512646117,0.6578761193291296,2.0183057093455057,0.5875209844978914,0.5636800687520965,0.5415931571425505,0.5795371928691567,0.5699434046325283,0.5338968245940247,1.2734828900844035,-0.6698908261178034
1886,-0.9818537366823733,-1.0785494509244107,-0.9802822118148096,-0.9592647814478269,-1.0434021585739326,-0.987310942758175,2.790859516880578,-1.0431977187427837,-1.7450913922720914,-1.481289911125271,-1.0684443564923571,-1.7333068330449566,-1.4923107255963983,1.9384953528341402,0.4039116644875528
1887,0.9251991323443661,1.0326816842118989,1.2137724224736897,0.9402291512776177,1.0481536553084612,1.1964341468595387,1.5240602261841463,-0.0989385218270283,0.11077537460073544,0.12211520335138308,-0.04854140811785049,0.10554020969818795,0.1679952455932643,1.4815844194457086,-0.707881434426724
1888,0.1347657856877815,0.1774756884621811,0.1901486804452813,0.11355796603437636,0.1859004552362057,0.1997507302311676,2.486753828653451,-0.28858125260105966,-0.1901870926521674,-0.20185820612371044,-0.25220708089945,-0.21638156780076664,-0.1931196092534163,1.856448577407004,-1.5173405950819354
1889,-0.0994317065157898,-0.4590494460129285,-0.4180939847154211,-0.06547881372070849,-0.446144958075195,-0.4162867944624397,2.1459822018755434,-0.24870449102733425,-0.6327041270691858,-0.6023667574978839,-0.2574837366713736,-0.6871664912374225,-0.6114625792388158,1.5906620252448347,0.3258953129038299
1890,1.1067066654455509,1.145421518558929,1.1455249078126772,1.1469597045547408,1.155289083441332,1.118009776624594,1.2834700681673936,1.635658309184235,1.7177522304465822,1.696722386682229,1.7055840242237887,1.8017277773723086,1.7256512464499785,-0.17704142755340455,-0.2333623375527146
1891,-0.9188747779654755,-0.7846327677055197,-0.7724413330323584,-0.9339266888129996,-0.803756956991426,-0.7947095127970824,2.910546437971458,-0.25571064552230405,0.01515046082957423,0.015056166691857102,-0.21814684686911473,0.028495074398620566,-0.029064237633473825,1.7405976433076054,-0.813907838644986
1892,-0.30721544664223027,-2.257346783456118,-2.0438708971586825,-0.3148889609645765,-2.207912937584294,-2.0321209007478953,2.842435330763987,0.6990888246440297,-2.179778668218039,-1.9257403177933619,0.6974289754208556,-2.290099687666147,-1.9515854844416345,1.328718775845378,2.508421225324981
1893,1.2494676518664505,1.1967667112874008,1.0635610768251023,1.2452607562266627,1.194402367786653,1.0585900430348092,1.553792095231874,1.0525715378501175,1.0509721280444573,0.9522477999530192,1.0633642467738529,1.0492765897208949,0.9418716685520839,0.9553913141333269,-0.6773794997468752
1894,0.25209899488792353,0.21262004085994407,0.21920714112078235,0.25474710891997715,0.21857950959456382,0.2355522300936806,3.263181221657049,0.5234837860179804,0.4416575319387111,0.484101358494997,0.5166477296853976,0.4565624516150375,0.473112761013029,2.2905220201058896,0.5136004620292922
1895,-0.20129649802994606,-0.7010649151762163,-0.6484311087257258,-0.19920281086969946,-0.7016099628249287,-0.6449630907320972,1.8599090092412656,0.31028282508488475,-0.26593526050860467,-0.25825043794272967,0.33790543375896565,-0.2963826605786048,-0.21984934505308684,1.0113180953685723,0.5100615009571494
1896,-0.5600679706780256,-0.24505791434113366,-0.2743650470108473,-0.5573600324351997,-0.2532406356064916,-0.23894211243993999,2.6892609646174512,-0.8188610008347738,-0.3781756761166947,-0.42499166175928466,-0.7897818843722395,-0.37408968183718894,-0.4042109425961147,2.2836278263550196,-2.153966378766404
1897,1.4432854063070284,-2.0926778114091142,-1.9550464943027388,1.4389811187338084,-2.1013200223054183,-1.9505439042200112,1.2302656425358245,3.065009311029236,-2.2162010397903673,-1.765915288776322,3.081833307938962,-2.1750454053495303,-1.7921143934598998,-0.8747863452364494,4.540757186524345
1898,-0.6139461521945173,-0.6008845316719619,-0.6170623032031527,-0.6169832643832948,-0.6202558686374633,-0.6167629402209411,2.9561904857664185,-1.462191802748867,-1.4258854699158183,-1.204213131548335,-1.4768776369269108,-1.431913716683037,-1.2257667461177055,2.9643693739725854,-1.9630386837563631
1899,0.6583785186429171,0.48632329745443753,0.48424231265364726,0.6361202136499535,0.5040556229373082,0.455840498392786,0.7122217149424863,0.8469293753340859,0.5561195400428736,0.5490664668067644,0.8988400182988743,0.5289533226398097,0.5607972565729762,0.11802489628814151,1.4775846904577166
1900,-0.48231634081519964,-0.7370591578087767,-0.8846480964119179,-0.4457408015052666,-0.6831407460344106,-0.8628086358690402,2.8609818858014724,-0.7306648519711452,-1.1962133376194586,-1.4428630419216364,-0.6910245079669899,-1.1854995908761812,-1.463774146660064,2.3361754090357594,1.3062355236548606
1901,0.16234780257407225,0.19944234130169325,0.233088379346469,0.1906697077059753,0.19950403604868894,0.25309442185970527,2.183400315925302,0.05508619550957135,0.22527077771983653,0.25810630068431184,0.03765482959368766,0.25706937767597327,0.22748306316304942,1.4269163377575094,-1.2380134425390554
1902,-0.7873021696187689,-1.0556550956404729,-0.85186659349837,-0.7856009760978893,-1.086125139260401,-0.8648722404083131,3.2547582249568974,0.05078824501395301,-0.20836967182450877,-0.18281729035460825,0.06965519505553562,-0.20274285133799783,-0.13337781580969513,1.6833095464680237,0.07441987228965959
1903,0.06707937197786537,-0.019998981993222368,-0.019165806767031616,0.06105911217538292,-0.027890444930556178,-0.022564505384241085,2.682249760400686,-0.17292834762178025,-0.27803477826003553,-0.2665879561036238,-0.16551530988890337,-0.2995353932335089,-0.260778498942531,2.051041233552832,0.1112696447877287
1904,1.9024727491178945,0.2692041065400048,0.2704088003912244,1.9037175269349855,0.2729511629464222,0.27903717679369355,0.48206181156570477,3.318629703007858,1.4406226054923135,1.4488279656408982,3.3102266369631566,1.4169298188080834,1.4349534064390612,-1.5480425715189996,3.581143850318675
1905,-0.9993698716803433,-0.8953466685074971,-1.0082438930180635,-1.0536651419536271,-0.8964031097495092,-1.0016737740577146,2.54203972867814,-0.8635995862866691,-0.5749817669515982,-0.6373726267790124,-0.8963527431103618,-0.5839833959884767,-0.6398770397913646,1.6293750307254058,-1.7404467195584616
1906,0.01331296476093243,-1.0936440016964153,-1.1586623671919154,-0.0095296453108986,-1.1314221094551846,-1.165307044974979,2.1942692267352806,1.3974944816035597,0.12096605965241995,0.12365736235736538,1.353978218526963,0.17714132973474783,0.16095370514713594,0.29419903489788285,1.9999556152261204
1907,-0.15568833295743373,-0.059380741700487724,-0.06441020731176286,-0.1293524607888736,-0.08347074987509867,-0.06926040430869182,1.9349073125872978,0.00506484350367181,0.12730085535231517,0.15955125261186756,-0.018806440581285232,0.14228724946589533,0.1899332202666389,1.0386777348236553,-0.6821063228050079
1908,-0.19942358365834523,-0.4874876168402533,-0.437572663836983,-0.2103288142852813,-0.5061678019441207,-0.44946620690757644,3.021271293996691,-1.694796018105104,-2.057773691623198,-1.6872055282437848,-1.665575979254809,-2.0314582227655356,-1.693130083565856,3.480399795599076,1.3526426765272093
1909,2.526266115638449,2.5018050745043814,2.4648595238644178,2.5433107101664536,2.496392426085334,2.4612473810602586,0.9507661234714297,1.9967303486147705,1.933853640161576,1.815329401121548,1.9987459778708,1.9433292766225367,1.8001579185689693,0.4051909269382879,0.5586854026344936
1910,0.541248383978618,0.6331803753227857,0.590945989178379,0.5299399020755924,0.648572402557633,0.5828748906988412,1.5433087348892198,0.5535638018726138,0.6755409447643018,0.6528132977343244,0.5461399887420738,0.6811948535370114,0.6462587052755814,0.6230978533040896,-0.37230909636036763
1911,-0.2164833000515144,-0.05113060444346749,-0.04715671886548627,-0.22915353039015413,-0.06291798464044322,-0.06313736018489097,2.6924244494257965,0.18805776159022164,0.5189871179347744,0.5448693269825754,0.1496594819368619,0.5424895425769259,0.5370625616456997,1.0175282425497174,-0.908993945504821
1912,-0.35951299764462347,-0.4375439635202708,-0.4653903259200261,-0.34731948616565017,-0.4463497137757324,-0.4469046778540863,2.2025282879203454,-0.5712167994184911,-0.893909740244855,-0.8527255730052189,-0.49216614873086273,-0.915224377758772,-0.9850211160633473,1.4406144486116665,0.9593616784775899
1913,-0.17069399372296704,-0.16104111856503053,-0.20520839133854235,-0.14988855099681253,-0.14503465737026974,-0.22219473769483006,2.1947417769639435,-0.3771836824280269,-0.34853550826934343,-0.41399042384013796,-0.3984117434039864,-0.4122330911873058,-0.44503892677434476,1.7165485766939284,-0.15482937343013323
1914,-1.4783166194515829,-1.876858007920765,-1.3644087208701567,-1.4468463912308813,-1.9057029796466998,-1.3735802299752877,3.5233546722459623,-0.4610875633092387,-0.9123181405762563,-0.7085925319670037,-0.41283327368341827,-0.8867374451933707,-0.7147554333855138,1.970847399995485,0.4001492620910653
1915,3.4894436238571664,2.2188929015541823,1.9937889646845515,3.4972143273866894,2.2209592296900458,1.9888984208609128,-0.24332574235564383,3.3245879099857465,1.4681082109416144,1.365568775996502,3.3401570155397575,1.456505922007857,1.337649846956407,-1.4095280224949671,3.6834530115656134
1916,1.3025037088978733,1.0620824702338367,1.1347374160235586,1.3030496712332313,1.0492028124573223,1.1450898608323692,1.432839414444049,1.430982944622242,0.920987378803259,0.9248177011972477,1.4151323193994798,0.8852787356227924,0.9446374708953951,0.021155477681253886,2.107446178089031
1917,-0.14284516853290516,-0.17090073901009276,-0.2324838493811291,-0.16214963072158467,-0.1667732976813296,-0.25342344086176904,1.9591794705866425,0.4124058095151727,0.3581068349529088,0.40785281909849685,0.4082942665408065,0.36014739877536683,0.4097794952770181,1.0069192515093242,0.32126821577559184
1918,-0.5499787527499099,-2.14366130293837,-1.6063466484035924,-0.5438706545286371,-2.157947567930797,-1.602486853615589,2.9372933529052148,0.26598448463410373,-3.198448794877201,-2.7374081458725597,0.28228765801745814,-3.148837689246217,-2.719928601082356,1.688515490195474,2.3429047755936723
1919,0.7526054087758753,0.2566864717892895,0.3145800412181416,0.7692153817256646,0.24820665801007363,0.330499682004583,1.9528848338269764,0.8246971700481053,0.27789931288066,0.3459117023619654,0.8217883939559861,0.3291491661907372,0.33526623236874803,1.2222444528290841,1.090615446323223
1920,-0.335354454629833,-0.19988558138626378,-0.24942752725338094,-0.35320996703324054,-0.20408353900090653,-0.17486223269974066,2.428093473205368,-0.5009498191132624,-0.2995367303166922,-0.37017728408290135,-0.48027623246598294,-0.2128811448057566,-0.29704749547974474,2.0563462492791538,-1.1514851144352887
1921,0.08961590314348188,0.2840964701379466,0.29355658360279924,0.0889774361881423,0.26159128520393476,0.2571965912656824,2.3243897321856357,-0.7457925599193639,-0.4164234843393229,-0.4407203407147639,-0.695121536477018,-0.3995031071381994,-0.500297638654838,2.071072640735536,-1.5718153288949317
1922,-0.9932616855803531,-0.8721245542983641,-0.8134150077565244,-1.0065299333955398,-0.8741961009122643,-0.7952246784078837,2.6355358077666264,-0.5279817536879485,-0.2547401052550612,-0.24677926305448328,-0.5393138061957969,-0.23042301649430388,-0.26008804145640974,1.5554799872144915,-0.9400761524846556
1923,-0.13735223217416834,-0.18259010135495793,-0.1534694853409712,-0.15334022989448765,-0.16757754089866436,-0.1465025124605161,1.731791350320124,-0.03893581348416368,-0.1459465967715031,-0.13614414943917189,-0.07329322630067096,-0.21949430041149184,-0.09252218936775511,0.7873595392859075,0.431070103510906
1924,1.361210685734614,0.029690719653095072,0.029273191166587918,1.3702861468220384,0.05939707610934437,0.05262638244939429,1.7207842908162372,2.1489639552392483,0.15843322964166456,0.15306618579599235,2.153266462256207,0.09383144711762527,0.13723079696925608,0.07668518543183914,2.5716123379775686
1925,0.9773219185245595,0.6643122668248379,0.7475213684491214,0.9717351696865748,0.6572662801819591,0.7587633203663033,2.092411339643744,0.1995343431174262,-0.38256525404226066,-0.4583095554980043,0.20358643103901722,-0.37886421201265774,-0.48347957074667064,1.8217093449945698,0.959505847797163
1926,1.9943009244538226,2.222281239600704,1.8643402083582656,1.998640145573227,2.22772050845631,1.8537425363971767,0.7273941523855029,1.60293912939004,1.882988865769515,1.696889139238039,1.6367399933711877,1.8837336807738756,1.7127939093007845,0.4733075958870569,0.06710236672603064
1927,-0.24251791914030504,-0.8286913489165512,-0.927491156960968,-0.24290640518583656,-0.8276689829997521,-0.9424953332359445,1.8916218759157812,0.8883949372552764,0.201844373862875,0.21145991940487885,0.8635623481027441,0.18649503392831016,0.20251345721572292,0.4734143136611493,1.3794766373518186
1928,0.10606515764705934,0.08662400261404642,0.09632682661471648,0.10722230172276373,0.050445120908606846,0.07081694477891588,2.5911270568803566,-0.035807294768323485,-0.14208853791556555,-0.15793894787839172,-0.0384585476330897,-0.15498907971397946,-0.17534041470596284,1.7300245710640982,0.12629527345431424
1929,0.04855950788676328,0.12698207812182447,0.13117665403319492,0.03442105821024266,0.12046955228775956,0.1346297643028537,2.0070582567182296,0.26847043537173143,0.3976146796641498,0.42319899466645006,0.2136844788043915,0.3589128712300574,0.4282195554072879,0.8200268489779777,-0.23091269763434144
1930,-0.43013608902074824,-0.3762054109887941,-0.3753880036652711,-0.42846004431877643,-0.39530932271746466,-0.3752369137375013,2.824512739328866,-1.3361330214661191,-1.194236925289485,-1.1535640428925817,-1.3519202407746316,-1.197067086337947,-1.1712470785223688,2.407881782798829,-1.0300206751568342
1931,0.7993843290080918,0.5286393010640731,0.4474892933585839,0.7846984719320549,0.5385895485233102,0.45860660836748707,1.5341894115141945,0.9023765863524059,0.5131275859740063,0.4297006102118798,0.8985323806535455,0.4871075861825897,0.4212914515520434,0.7510989482568919,1.4644373749596566
1932,1.4459937163991596,1.0819988881543603,0.9159092470526691,1.4539730807764857,1.083865300727879,0.9106501422396279,1.2756753302092123,1.0174000329572543,0.16851921464421393,0.1487572531214256,1.017764456899259,0.1283139308275192,0.1679169779514834,0.9939392680171545,1.7664470966809778
1933,0.157719255558123,-0.24418220021309103,-0.34499154708906515,0.15393791351842973,-0.30222778120237703,-0.3385534381731756,1.7271715395489307,0.6567112622331613,-0.21819466713211325,-0.33151084347481896,0.6413629680578299,-0.2039521285665114,-0.37610583181879403,0.8149274772298781,1.4570303934352196
1934,-0.16958599099833122,-0.17012884117177532,-0.16073651951115445,-0.20121731205677093,-0.17072816604159555,-0.15379975533223827,2.3669108671601484,-0.08749115795421371,-0.07174792721728099,-0.06698612761337867,-0.09324150423445698,-0.12924970275789577,-0.07172727547615544,1.7380208195786457,0.2210009909504032
1935,-0.3849206820741415,-0.4109027903601983,-0.38400619862810104,-0.3842760173273989,-0.41917528528518905,-0.3912961559722898,2.6735032294811503,-0.27155489491366896,-0.4433235007552181,-0.43909939541040316,-0.24912715622498224,-0.4319159182372068,-0.4243884216439326,1.437697702159383,0.3269650716241952
1936,-1.242652421815875,-0.8911077882760923,-0.9338215521437326,-1.2149185656938888,-0.9001820721194826,-0.963532533956302,3.0988758320864602,-1.1044306145727092,-0.5019991199466527,-0.5226249819103395,-1.1559914473501438,-0.47596038982323513,-0.5017432205066653,2.088340639298878,-1.7105745984477432
1937,-0.5088959433491972,-0.4900593925792068,-0.4603511623071853,-0.48418531526033015,-0.5052391324293433,-0.4741851514438181,2.822106866331858,-0.631923531966359,-0.5378552418347278,-0.5497130869536028,-0.6379905840983371,-0.6052472555085473,-0.5547837264115949,1.866853552189301,-0.36006988550968266
1938,1.0822106471653785,0.18324983941696713,0.18862261666852287,1.0792793520849746,0.17093216980876857,0.18456449656021334,1.635150544781378,1.9362415411025808,0.7477989626259018,0.7732780135492671,1.9291604039495172,0.8091368135755445,0.7750662122436716,0.14456174710413328,2.3598784267050754
1939,0.40074994547212606,-1.9568827018773987,-2.0945547309525483,0.42764123999764864,-1.9633999595924145,-2.075520054719362,1.7051913524085978,1.0869005523094306,-1.8410352314262883,-1.9001286417287822,0.9845574800921001,-1.7954337215647251,-1.9249968494729155,0.5318742700233157,2.05089946727411
1940,0.800285849451978,-0.3065311213680915,-0.30294705344727124,0.7811916255269843,-0.3180272412902291,-0.30213828813357707,2.123345535037634,1.5175032471117669,-0.5050985116651809,-0.499670128772407,1.5027302471939856,-0.5132185578442398,-0.42729057577496565,0.6622350912003635,2.8886040785032874
1941,1.2636878582582889,1.2275907500694374,1.5285200270809536,1.2529876994602964,1.244823001461277,1.5501889398597732,1.2756782046287114,1.5169457030549656,1.4766823224065202,1.5159685468150441,1.4939059212426098,1.5311882035393483,1.5802778681750096,0.27453262535042505,0.27533819467418
1942,-0.6192548591615697,-0.8060926906439636,-0.847013569546772,-0.6267509985088527,-0.7994846393304442,-0.8608732973246322,3.215778013102574,-0.7402001984173606,-1.2893248205461143,-1.2664049262651476,-0.7368634117514128,-1.2978523155326456,-1.2893849975075897,2.180770713121727,0.7946881858651876
1943,-0.7220545749565799,-0.699695137806954,-0.8581653131505353,-0.6995230672325836,-0.7248650794887816,-0.8424097013316832,2.2078857801750553,-1.2319091882027695,-1.205248277304412,-1.3617665731994462,-1.26063465011508,-1.2022495157441409,-1.3105045610700676,1.6564307575207298,-0.20291488831057153
1944,0.16339847572568933,0.044644179605052514,0.043656002586176315,0.16684277708614761,0.04788175438498703,0.04266742580832395,3.0451894177007977,-0.6760038588905267,-0.8581249155709552,-0.8286983035472094,-0.6618922873868318,-0.8586315515662104,-0.8284438622305615,2.487040006987314,0.34273251906413116
1945,1.2166129380350488,1.251883882984301,1.2620932897631778,1.2035653897996168,1.2651306344807283,1.2550511858761286,1.0722712485473742,0.4198158058418767,0.459055057595991,0.4498653168226653,0.4169051277864306,0.4486643847080334,0.4772997962214642,0.6942770263195136,-0.191302844381232
1946,-0.07105814591585231,-0.1927736600392942,-0.1906531754497853,-0.06502509583165082,-0.22893296598980276,-0.21987894022986648,2.1652112112753357,0.6921182300555859,0.4891590712443868,0.5255198808630883,0.6778193812325269,0.4671902870856417,0.5103023560266087,0.5766990420984803,0.7036011855760032
1947,0.6807579247885736,0.7095429403878355,0.8905168916179979,0.6960624927945116,0.7053693060847415,0.8960823236094176,1.480496223230871,0.6349364650175063,0.6846713366208926,0.8396924951717971,0.6354022290260929,0.6917998362285409,0.8902241845347141,0.8975443231166732,-1.1862903155476874
1948,-1.2094721322911226,-1.534036421352361,-1.3581057596091899,-1.1998235135460273,-1.5337143752141484,-1.3461650385671855,2.7193522644509276,-1.351303216946053,-1.7414129690304123,-1.536475871945278,-1.3700664995349114,-1.7330743219732663,-1.558164485113685,2.41787604737924,0.6196446858298652
1949,0.06088471567445517,-0.3356996645859971,-0.3605769831886423,0.05746336639656716,-0.3507648907691537,-0.38305159973629815,1.9030569971204807,0.3301268463826437,-0.3450108873501078,-0.3734774173213711,0.35670558590736906,-0.359583935880759,-0.3863211687914643,0.9036111821974757,1.5817706382140433
1950,0.4318282544770587,0.22355036747652363,0.1837200375470627,0.416705042304447,0.22541401361574176,0.18790942232471025,1.6308592363877152,0.040054301314669416,-0.25130054409592695,-0.20253635308715856,0.01825164175161916,-0.2225798830103197,-0.20357090587349308,1.160564820911245,0.7863968231265234
1951,-1.8717549963444822,-2.105413035456842,-1.6395986334190547,-1.877140656096616,-2.104951018273836,-1.6412016052164446,3.3659673558832632,-1.1375702380336878,-1.76983209501917,-1.2639008068665705,-1.1390096309376583,-1.760146840161981,-1.2473451440983483,2.111202886508118,1.2729822615436155
1952,0.5560983151850777,0.47247177532338436,0.5008389268469123,0.5630540120471088,0.46953848949840665,0.49381807782070775,2.166805791291045,0.9065649021830058,0.8069187631167426,0.7973106986499983,0.9066387183920528,0.7807893335281173,0.7880443331300931,1.4766347906689268,0.48882006710530734
1953,-1.7965151565355548,-2.1160305043301317,-1.6635624524659949,-1.7604770090184716,-2.156176748940977,-1.6545055855684347,3.9622695098667378,-0.8783696890861066,-1.3765977191551153,-1.3103662676248269,-0.9051229457747209,-1.352378212789589,-1.329359479564202,2.425062290415838,0.530444530648107
1954,-0.807876362316383,-0.6431016470246365,-0.5744968261919324,-0.7956034813165928,-0.6685390961899136,-0.570482793481858,2.5327335013615957,-0.2163912048354631,0.09352395330070373,0.08521161404263189,-0.23336661826539734,0.15435335770683972,0.103128902704144,1.2476731393644886,-0.6910686285068792
1955,1.4192617336580424,0.7512670921568729,0.657250541622501,1.403888434966761,0.7568726378146173,0.6571796754287351,1.2695014547838859,1.5782248825658163,0.8751268632358672,0.8476027370037409,1.5688598629456207,0.8815374317108127,0.8366193248565802,0.4545331840008842,1.7489764594437325
1956,1.5527356031872126,0.9916084085691929,1.0023850146364275,1.543020489327056,0.9701554267014921,1.0213072165812802,1.257982255158993,1.6185548447980214,0.42931057459069705,0.41416350063252694,1.6094490544352287,0.3877900972864931,0.4171966314774374,-0.32129001913835464,2.7345231359611897
1957,-0.3773558094001376,-0.36725250506397666,-0.3633041047849479,-0.34962796084541514,-0.3670931799396427,-0.3654780517240408,2.9006001500925658,-0.6553989961597579,-0.6634909442956605,-0.6552843027634478,-0.6617095236844602,-0.7072548046673428,-0.6103857171371564,2.2045092361494474,-0.4611902794795456
1958,-1.103171808883101,-1.2481059591622066,-1.5801465966467996,-1.1192932833930929,-1.2428746160865525,-1.5500210066732656,2.8239631186198815,-0.5008654306457658,-0.708015580132575,-0.8509541017110932,-0.4877955941321644,-0.6811007402134877,-0.8688360805943578,1.9262730706370643,0.1347391357836899
1959,1.2406955215629556,-0.9876375891388924,-0.926360170407414,1.2539020717908962,-1.0051302141103318,-0.9387547360668274,2.1505261095372536,1.7321655039712958,-1.382571795508037,-1.2681410842994782,1.7420595942757873,-1.3683061937831236,-1.2793862204409625,0.8899739759834017,2.4779063941811597
1960,0.4422230994798435,0.22005155910831206,0.1987116998721697,0.4388268296708573,0.23051664165267127,0.1777994278514992,1.858399035288212,0.055219068176126054,-0.2525346769379303,-0.2204355091979312,0.06834846908105516,-0.2916658699966205,-0.21612568619650452,1.4108543188130427,0.8482195289723589
1961,0.3020124592879628,0.17318142990295088,0.12909394983409755,0.33155778615449566,0.1734688632114107,0.11816424901566246,2.0059932319969884,0.8450102576805324,0.8120629529722108,0.5867656075672352,0.8624361785045085,0.8133811066736155,0.5875123063788614,0.7331580858538005,0.22913289381825902
1962,-0.7149243984657481,-0.5268101338084675,-0.5150380369389702,-0.712653466738105,-0.5269175693829087,-0.5030322424060968,2.5411481961039972,-0.7168714645829104,-0.39634241842065937,-0.3547884087725661,-0.7329584735327799,-0.4026605171240521,-0.3552462534979655,1.6960657470003788,-1.420090813435175
1963,-1.5225241102000384,-1.4053519310027276,-1.2141442468312666,-1.5151192719279796,-1.4175920920072,-1.2372016570851614,3.4375618126078558,-1.9901819067601774,-1.8697247831203643,-1.5797247200815618,-1.9711280648613305,-1.838670134337568,-1.5454481375907465,2.7639865412644133,-1.080704509079254
1964,0.8470616302029348,-0.10380333999204981,-0.09537467014300169,0.8425179236166943,-0.06109184995987889,-0.11243608098498437,2.3123016223951276,1.2346349763690334,0.03636108334972088,0.03252949294084103,1.2826570023392256,0.060054697284947674,0.02615853632949135,1.2737350033926218,2.487713314628265
1965,1.0959379495749049,1.0734050165173872,1.235250130238404,1.0914992670791077,1.0621836044493578,1.2264278277793546,3.4181405732979417,0.983101286267759,1.1065301635191682,1.2743198784517984,0.9811261862090868,1.1235815713799315,1.2880720698786199,0.6607586230629747,-0.7786138080968658
1966,1.4366370354267304,0.543664688572247,0.4448842501134652,1.4459793582332885,0.538379127097605,0.4602668865514397,0.9925619186959066,1.3622670167610382,0.21597087995898134,0.19326527461946877,1.354660558949869,0.23030337585618918,0.1931280420468864,0.5390466025117834,1.8939717853167273
1967,-2.1711117637566963,-2.309820046274677,-1.8586297336657014,-2.1844857654083967,-2.3036132122091146,-1.8495789924636543,3.5078235587118134,-1.689693624411748,-1.9050558504233437,-1.6316419301715541,-1.6463630350386664,-1.8918149223136655,-1.610878071643877,2.672709930421609,0.6102063641656199
1968,-1.2519658189051899,-1.2406075025371288,-1.0824215780211872,-1.266434133356801,-1.2386665546436528,-1.0606241430902221,3.4138758963302585,-0.7812067344053176,-0.7437102482525288,-0.6911112041027474,-0.7754213876279835,-0.7441610112048508,-0.7029122625556002,2.35253269781011,-0.5621575640964854
1969,0.39517227046430875,0.44731337415150507,0.3533143068355468,0.38522052925718664,0.4550645690544296,0.3459223477096113,2.28656559710716,-0.31518670761889883,-0.23515478833204487,-0.18238677532576889,-0.296664273396296,-0.21786407427677637,-0.17158237633702605,1.9841284248682463,-0.74144981779149
1970,2.9336202793426964,1.7098879842854626,1.6014884195203791,2.935598835945408,1.7106885159810326,1.631206104888771,0.5369683839063347,3.562643396660299,2.213404183769641,2.1534102230010177,3.5539167685131368,2.197785181956449,2.151332360491917,-1.2140598820285746,2.9603064114625615
1971,1.1480045479112135,1.1672875012012998,1.0775038821818457,1.1498710857611538,1.1697627727455826,1.0740278927922349,0.744369986654417,1.6334216908724226,1.6726844333916546,1.6092298397778186,1.6674001400863463,1.6797089014281588,1.5707555585866084,-0.37020518785659334,-0.04596815392315339
1972,2.550002270898953,0.6001871052375987,0.5597433396141115,2.5534108323252767,0.6026131054000662,0.5494701482077788,-0.3329850063602238,3.0657032778559694,0.6278627478554223,0.6066222193962575,3.0536995358205785,0.6160531491170641,0.6218387910182948,-1.3618778949682155,3.7639974798669384
1973,0.2643968275762669,-0.05469988395546684,-0.05236164055337164,0.25384996144124844,-0.07292067136783631,-0.06311257868796888,2.0369558863129864,0.9868968313967994,0.564504465053563,0.5482127089860208,0.9574868161822117,0.5362329232062999,0.5524373942716607,0.44565524476403906,1.2918425775121412
1974,0.43020148319289053,0.3034720467030258,0.4006344572634269,0.43646398102250133,0.29006092337972283,0.38917307258019324,1.5598448196469572,0.0957552839836746,-0.1319180730222375,-0.17124099039059787,0.10587791164856136,-0.15466324546008745,-0.1287098455194397,1.1427150206245476,0.785054762108902
1975,-1.0539861888782345,-1.1049001196335901,-1.1660989873170846,-1.0550213430727815,-1.113647655435521,-1.154555091744939,2.836438544741066,-0.8086910200384095,-0.8787122854298419,-0.8773240798701553,-0.8498692912858169,-0.8823501053689724,-0.8802599812123115,2.1725960482561595,0.0077556416258983095
1976,0.1232955174930698,-0.6111191102835921,-0.6404223889446753,0.13022521287992847,-0.6018280054034402,-0.6341820899300892,2.2419508762388407,0.28310760710287786,-1.012461822120093,-1.2314339637514036,0.3149832092404639,-1.0157458324656283,-1.2305848103219008,1.3489734798166575,1.927384648178818
1977,1.2057303512207531,-0.13314337382912111,-0.13426904475456805,1.2051951149510054,-0.17209272476351622,-0.13357831602720152,1.3414866501918052,1.8054187842521023,-0.00712770582201824,-0.006472577902756266,1.8095549126148611,0.010000225164063308,0.013751766510924935,-0.06914382045881784,2.7542318726345068
1978,-0.6348137608683334,-0.5845351935164805,-0.5659947074359226,-0.6102739421269233,-0.588433725188107,-0.5554320448002218,3.083100955800413,-1.6393164795822526,-1.537601971181223,-1.422264740872874,-1.617668344462717,-1.544569657594571,-1.4115853958362976,2.587047771807323,-1.3117881949681298
1979,0.29775864694384496,-1.081693308147229,-1.1324126007280657,0.30399737796395243,-1.0836501143255035,-1.1386976316878652,2.773210169958699,1.2575149037521987,-0.6485009239871292,-0.6210518949469693,1.2592647776137746,-0.6437387637720191,-0.6172036369214274,1.408548504786664,3.254311061353221
1980,1.2932444989745357,1.3243956672512267,1.428963726040454,1.2723329238909817,1.3071561933456866,1.4342481193191217,2.4723944248529155,0.713601576742707,0.7545584509497585,0.814298439324028,0.697222763605373,0.7398959918861405,0.8281767777069597,1.5287752699789554,-0.5596847152344163
1981,1.2390629284654078,1.3292691101401581,1.661714416620069,1.2589619322642396,1.3339821479622493,1.6800491032519347,0.8080737982168522,-0.30386325213365484,-0.08001297304849449,-0.08946234808505647,-0.35890136669160044,-0.02073002924870984,-0.10836710751419634,1.265008524975847,-0.9648532987268714
1982,-1.8138245095397432,-1.8532147194819475,-1.6137613663330512,-1.7972162706245065,-1.874583798592211,-1.6065600214578428,3.766052884355659,-1.5467834003130174,-1.6793553039401754,-1.6772282262433025,-1.5222355619563517,-1.67190954186879,-1.702717633112251,2.714172034652776,0.15424208942393575
1983,-1.6166640875337819,-1.5868867619923375,-1.5785777291101126,-1.641007099621616,-1.6081099899764102,-1.5401827370301802,4.109493659101841,-1.680383108263697,-1.5746468324610041,-1.4640093397858307,-1.7236230024635357,-1.6095788039439372,-1.5242778341798457,3.0196925402156714,-1.0399260620535484
1984,0.09484556276698256,-0.08160227343344302,-0.08447864007150335,0.08466433108815044,-0.06304855418607125,-0.07753706566714472,2.9338926416544497,0.24874809507614426,0.04278068206183265,0.04790461657269019,0.26637259346378483,0.04389136132946904,0.03922603718380396,1.8278786467661599,1.3074768811639785
1985,0.18901275843720883,-0.6624515884240312,-0.8618149744822101,0.17968086582889434,-0.686380992913619,-0.8938680596188946,1.6742700634250751,0.9062787948021929,-0.30186046775201847,-0.39172458633347274,0.8654616685706706,-0.3125817959595441,-0.4082321618509952,0.503594334538022,2.1088443468388887
1986,-0.5432689347300907,-0.4917925342207529,-0.4746819225508536,-0.5187788224549683,-0.5455901352806674,-0.418780237122659,1.8851742764503745,-0.4873566395624749,-0.38835539561781746,-0.4340420323478978,-0.484760317835735,-0.34151135893026835,-0.45436211554259365,1.4092428748477215,-1.1026507731354154
1987,0.019350379071915266,0.0261672626417484,0.031089631888747644,0.021225095275229162,0.012436424186445963,0.042349216614170175,2.072554351180897,0.37599449112805405,0.407633051928318,0.5208719769681118,0.37398709307559447,0.38689800272964114,0.5180640945963865,1.029285229839119,-1.0929489247665873
1988,0.37224562912898007,-0.2259091109948697,-0.2421117482589236,0.3893769158779394,-0.186626462719272,-0.2954765645517652,1.4920610216085117,1.2317675765159768,0.2197329412577351,0.21151650688818072,1.265867420258624,0.14662968181233157,0.1618995788098941,0.1056349214643018,1.928660089348619
1989,1.0703176629240299,0.41725407230527517,0.3812763549483107,1.0604842171824425,0.4144209966033981,0.3777305246402061,1.3916812514959207,0.7708049267323147,-0.6045634852652375,-0.6235389429693292,0.7558878006657299,-0.5890703183717642,-0.6469107931403599,0.9735871455147392,2.023830859269582
1990,-2.752296764319244,-2.5231272261383406,-2.663379241495444,-2.737909394559816,-2.530307781958694,-2.6288275197326665,4.154396414745803,-2.061917157444723,-1.6386765448079623,-1.5828941956676874,-2.0198076943472527,-1.6515151621771793,-1.5854021385491794,3.185467529987449,-1.3751051505738312
1991,2.133211397105923,0.6200410929975245,0.6573631597813386,2.148764024545334,0.6289546154203669,0.6491790015611011,0.6921315259723471,2.380159561828818,-0.29052315936969436,-0.3107688462334847,2.3549030342574215,-0.29036068964443174,-0.17775765628387993,-0.437613077421433,3.5697279212679343
1992,-1.6728288121183865,-1.8767122709172874,-1.8452356470059879,-1.6582823960254207,-1.869496457617838,-1.863213320948484,3.855088454107555,-0.8871417802014194,-1.4448450384611942,-1.8268116594979045,-0.9126351905580102,-1.4620301928384425,-1.8447974421895663,2.829274689003662,0.8025930750442913
1993,1.6493750966719238,1.5453290293411295,1.6481347556327783,1.631838027367342,1.532655335658359,1.6571950982646968,1.3639567243950816,1.8299257485234592,1.726426128681132,1.9031443289741619,1.84363844337981,1.7207804957725428,1.9298753065341443,0.3618239137449713,0.5322399338312451
1994,-1.1576036275407826,-1.0777322560197045,-1.0066827853322335,-1.178989374261844,-1.085731706644413,-0.9952961001054955,3.471828332392794,-0.7497561469601546,-0.6767344164142289,-0.6596369626285812,-0.738272574044274,-0.6971525830417772,-0.7118154600778057,2.4335278694520923,-0.4815924426105726
1995,2.241498736449951,-0.47448592567496156,-0.5134615101692332,2.2514871341924603,-0.45692732140947023,-0.5173925619122055,0.5650127862975294,4.004139703944176,-2.190290769740193,-2.1797319819691423,4.020446884998057,-2.139555167550716,-2.198125384020286,-2.4176907857829146,5.477895945042052
1996,-0.7070396571263772,-1.353166209145787,-1.6339420428285647,-0.7291976968814616,-1.3622886417290463,-1.6229386271074877,2.9405064410365984,-0.009216262376303954,-0.6480429662579085,-0.7472222597215584,-0.06752155148269832,-0.6849957213162512,-0.7468605389940376,1.4706954786137472,1.4871986150044942
1997,0.039544007785429075,-0.2592951176947339,-0.3419161774276832,0.04759358304514335,-0.26408236735264806,-0.3461535673837022,1.8594920465733928,0.5657937250630173,0.13193134133644707,0.16655699055878517,0.5530504383952357,0.12528628723616134,0.18821644214902009,0.8698290406310424,1.8012640431451685
1998,-0.5939323809427471,-0.5340426778271121,-0.5766865023989587,-0.5937248957114698,-0.50712434847727,-0.6107229970773818,2.511837139797876,-1.1667015026652656,-0.9502664033156802,-1.0760667422581653,-1.265115124035321,-1.0379612859347507,-1.163834210466743,2.426457562816988,-1.287529094172119
1999,-1.4226995475774527,-1.5777749614412644,-1.560538579778026,-1.4448225065531068,-1.6089532369906336,-1.5422369553410036,3.136340393610789,-1.8300209729497345,-2.4055557209757157,-2.1724273875898445,-1.824595100516386,-2.3858574818267453,-2.1786796187619104,2.7025607627397763,-0.08187115833783445
