rep,ridge_cw_zero,ridge_cw_mean,ridge_cw_mean_nw,ridge_wcw_zero,ridge_wcw_mean,ridge_wcw_mean_nw,ridge_dm_zero,elastic_net_cw_zero,elastic_net_cw_mean,elastic_net_cw_mean_nw,elastic_net_wcw_zero,elastic_net_wcw_mean,elastic_net_wcw_mean_nw,elastic_net_dm_zero,mean_cw_zero
0,2.488570475318745,2.4479405172080484,2.4641545541177514,2.4738455104616595,2.443271415823253,2.4666188996288287,0.2615036695121936,3.4815298140294844,3.4134112230793945,3.4063267488040685,3.474124619138701,3.401586702333001,3.4070308887527636,-1.3586608520972125,1.125354410574842
1,3.7734500203940966,3.953911709528084,3.394499138001455,3.767491888937895,3.9464255969914217,3.3884663355192783,-0.8642928753088424,4.407097802674199,4.602125962935272,3.8948932093276887,4.382352709262397,4.6141460791477025,3.910214005772488,-2.398723546454113,-0.6158779977439008
2,0.8472768502299439,0.6435789410220876,0.5650557581879626,0.8442494100944831,0.6338903255061148,0.5621016231236236,1.3984642268728207,1.736044899798575,1.7313792853513204,1.4659244475503945,1.7447940055931708,1.6928262433089487,1.4345521842845137,-0.4072503318888564,0.8169128548350284
3,4.073390837853447,3.1562948157702175,3.593219308266442,4.075033590152748,3.158148260750688,3.6095535905875638,-0.32190915872982473,4.438163678988935,3.4541842186461924,4.228623348152671,4.431970412170451,3.448212404868327,4.219017965877643,-1.6124262105153822,2.684945861386934
4,3.5803174216595126,3.6214303239777443,3.4372492624472435,3.570474627392985,3.615939762298359,3.4471586632418587,-1.1599032450592301,4.119717172645063,4.210233445763422,3.919783730213048,4.125783855286267,4.209196281919409,3.9262895654116265,-2.2585387880965735,-0.11522722066784016
5,3.054139429718765,3.0993843040819185,2.9867327963417667,3.0505378523583615,3.0922425152818165,2.9706636654420593,-0.2785220026598813,3.1490555200618324,3.211227602083854,3.239144685552125,3.149572406249317,3.227984720285542,3.2368129107445855,-1.7099629768513604,0.1246917495701346
6,3.4143665892537793,3.22634095149358,3.746943742009982,3.4164454573942784,3.223410203614322,3.744260608351712,-0.4798995188294793,3.6912609579889835,3.4884451147891804,3.7118077132137914,3.688913024248708,3.493702752426899,3.712263933712812,-1.8941371416107977,1.484515817770058
7,3.566349220488468,3.645178405836167,3.8153675735475456,3.569017920825586,3.6402520668691873,3.8087702430389068,-0.47303492868760516,3.7196888753317325,3.817874089368546,3.887828643805084,3.7103664704164743,3.8364856555907156,3.820547274450238,-1.2043215489002248,-0.5120920938811176
8,2.2465043272609115,2.1935143481195483,2.215921671275713,2.248005136003163,2.190272617386442,2.206167563588932,0.8171695289307593,2.0271352831367855,2.023269529879758,1.9225276968359581,2.0154690761585363,2.032960507532982,1.9370747221026616,0.05673124026358395,0.5035373487854076
9,1.768622503964392,1.3421179639596397,1.3822995749550542,1.783036863099275,1.3096924878546625,1.3712581028055688,1.0263592067091627,2.9727684983565164,2.347610722144206,2.53616173826325,2.968986903695673,2.345610065593435,2.514524769022018,-1.034356461443872,1.923220880976006
10,2.0739124008801966,2.1418811748767563,2.05284560166622,2.100622299092032,2.139139605755852,2.040611634245072,1.0613959626673326,1.8337116256167836,1.9035343400780116,1.57472791684546,1.815681805944813,1.9204592175449071,1.5726699592828806,0.029972548167502812,-1.6468681350520826
11,3.7904701379081254,3.868185657235016,3.7843390053522854,3.783530007218521,3.85361681098021,3.7836394086547482,-1.0380941142370048,3.92770294528338,4.019316728413119,3.8462471340293556,3.9239849913811296,4.022708098594837,3.8545269709451295,-1.9633126839280097,-0.2121118501066436
12,4.408819435470925,4.338937815579665,4.031756482368399,4.409314963870282,4.359917575688081,4.041437932313283,-1.446626245440083,5.091646553524283,5.027561995802263,4.615718316799915,5.101316551491011,5.040819508941756,4.618804414624494,-2.834995920359684,0.26642737387757465
13,1.4615353503267874,1.519302607335843,1.4102930510683223,1.4772196899981211,1.542400292789148,1.425929028056684,1.6957465829378247,1.1091611926067606,1.050221667850544,1.0209079458195633,1.1284807870249476,1.0549901848332575,1.0371437825797285,0.8985241744408065,0.39773194040926635
14,3.882173396848535,3.7944465506844596,3.2024323649048427,3.881312928752286,3.795516385792136,3.204208281110969,-1.1600965459592145,3.952487907253007,3.8769940720989733,3.2457121605081394,3.9621822844264645,3.880385038924745,3.2488628548909575,-1.8556932644543571,0.761493117850644
15,3.7795209529903016,3.1126056488164706,2.778479201214102,3.769592057089468,3.102852027866326,2.7784094459620223,-0.9237253561832602,3.7820123638371332,2.984778151860343,2.943240623061821,3.7992980028629963,2.981454429697064,2.9445466981930783,-1.9796633341265033,1.779574002923629
16,1.9803578267549153,2.0052398489238,1.9038770185231257,1.98410406544527,2.0073639672977266,1.9004866114776648,0.5903823715771435,1.9351771144108674,2.090491069204419,2.1144434435221946,1.9319171793015033,2.097830965548499,2.1024371387105116,-0.33376658885602567,0.37646590241647365
17,0.97125770760725,1.0401732751620125,1.028417721069105,0.9594264774429138,1.023430337132669,1.0331198528799528,1.1002887936288028,1.9206566944452448,2.1710515535093204,2.1869780761057798,1.9109922276900542,2.177651506218683,2.176770608426836,-0.8300290003895251,-0.013787281447233903
18,3.6603887949934837,3.7740341063736813,3.273547081717555,3.6640569977102677,3.7724689231976103,3.270984655295282,-0.10025681245274566,4.026757543634749,4.213113978899664,3.928873236903301,4.01862416891467,4.208465117379192,3.938143705687058,-1.5608828455736858,-0.7988120139788467
19,1.4523523314178466,1.744587334452122,1.7812010601068327,1.4507831376263707,1.7432116188672417,1.7742244167753765,1.008155977731607,1.9613365722383302,2.3146812305783118,2.292499986881323,1.958933610964051,2.313173051012892,2.300163051554403,-0.3270151711217542,-1.027189745891654
20,2.6073724590289276,2.046702549212119,1.9086852412201225,2.594887483367667,2.0256985274947703,1.925440274647184,0.6753288479470134,2.5829914919706662,1.88746405861587,1.8258999365110573,2.5797105505766416,1.8788124611201558,1.8734912837692583,-0.02081208673687729,1.6687327109466181
21,2.114702317071179,1.9737088320036276,1.8554928561009933,2.1084758819773497,1.9808349332427873,1.854667082065159,0.7275296658647561,2.9786557631374384,2.890951095748682,2.933305687287324,2.9780323864814315,2.8923469084961684,2.9430089888017084,-1.1821794146603555,0.8786742678962172
22,1.3875245881057283,1.5607718904722931,1.3538571887618374,1.4055742075589694,1.5443959427702496,1.3464363366198748,1.177300022643212,1.191320300073591,1.343317581141972,1.035239912779425,1.2121557918811605,1.3821309068911334,1.0179521080600158,0.5089163945947067,-0.23320307218665354
23,3.476333498432397,3.0509909033684774,2.7441154804047003,3.4797923765242715,3.04725930137446,2.747791073915325,-0.3766815870028729,3.6745542731385306,3.299313839328947,2.9487432000286837,3.680978369967008,3.304838375006938,2.953662906656826,-1.1267383875270496,1.262490628595322
24,4.023070055280696,3.0858957258942086,2.994489684201727,4.014528565926322,3.0841004024026546,2.995179604672229,-0.18137175353741286,4.754089935122802,3.607772171071128,3.4793792463827553,4.769101247779081,3.608572516160399,3.4845886626824956,-1.7409838485393307,3.4049844779597644
25,2.2100196914173056,2.2372590100931733,2.230970088506508,2.2073758889116615,2.2715049539428533,2.2215837046096345,0.01650903580147489,2.456325083836618,2.5040094739432677,2.3160282244393584,2.4570586245363004,2.5079998178495817,2.333486515982347,-1.2283651964394946,-0.5557866442665158
26,3.9078895542766467,3.3081760142992453,2.8061216988274835,3.9104825015632003,3.313412551960734,2.806242824756653,-1.716927133052179,4.467786684874173,3.7277463811769076,3.0547904276182556,4.465183663896762,3.7129019501187734,3.0369131019934312,-2.8366432452162944,3.848754593860324
27,2.8347679657688065,2.8202157636736795,2.8611183628413115,2.841152366359049,2.820151558101694,2.8571495616431304,-0.06881315446536067,3.3348110241573368,3.3462406785208256,3.395509187293818,3.3313385915970866,3.351057100901624,3.402478746223941,-1.140240089287515,-0.17299840250837525
28,2.9246003053357,2.9780756400250925,3.206482206953296,2.9251055393466063,2.978473600701107,3.211832467823208,-0.1309188716662644,3.1528816744607577,3.2137449239218605,3.6213350073496637,3.1499818246150735,3.214228662017495,3.607784036918962,-0.9720077924041439,-0.4934515783655068
29,2.426440211330117,2.593577519908494,2.9806339411207916,2.4191014939408935,2.5854223721402443,2.9853014858800897,-0.5660687975151883,2.6969018159660565,2.948752038114129,3.4907047871861723,2.7028332164660944,2.9424446634461687,3.5073413430381444,-1.5464995220418456,-2.086147600927727
30,3.327353364454411,3.3687499056057533,2.911847727420665,3.336956507065493,3.3775608166113136,2.907145372589066,-1.0026539734860094,3.684324264203183,3.731816155084348,3.243340500539337,3.6816432058425415,3.736579933482237,3.2476604611081674,-1.9484210665043051,-0.9573362296074016
31,3.4337770272070736,3.480632533789645,3.8795741348975445,3.4469111160095998,3.4832427086468774,3.8834552618245626,-1.0357881584492645,3.8020066044980583,3.8540174969654055,4.174743891946892,3.797516191365534,3.8522477221264966,4.17962822905074,-2.0217086972368725,-0.45844479862210713
32,3.5010720489814267,3.466895762332383,3.0745544524685986,3.492427471938332,3.4628046931298946,3.0759639908065237,-1.1868971210416803,3.875639934951661,3.8326021066833684,3.435919846114331,3.877453105140743,3.8418572698044575,3.4346259721664794,-2.1260066453406936,0.17588218368066671
33,3.890773849039229,3.8497449616297446,3.421529116170749,3.8878938465423905,3.8436323645807144,3.4187233272113993,-0.8706107795097746,3.8569236621656815,3.867237246356557,3.4935016278350983,3.8401501338392627,3.8805304648459,3.4916276167071976,-1.6944357311174638,0.8807693354765752
34,2.1527903524270355,2.229622388850095,2.489127410281692,2.1548098067952464,2.2403018720548222,2.49204164239326,-0.1939890416378868,2.4018580627614545,2.4961686863745505,2.5716189365200925,2.3881106705631523,2.494524564776929,2.577986107748373,-1.0872494453990287,-1.214240118949548
35,2.5038403328633034,2.049683353248974,2.0047804921248855,2.503610387834629,2.0773909591837927,1.9977258310923058,0.2802526951040626,3.601112933026741,3.1594001674052197,3.294478811319793,3.6094389392984874,3.1780958932357852,3.3558844179899783,-1.2756363499226822,1.7500996466313459
36,3.313294899114739,1.3365710348378497,1.4429005173447986,3.306771092087135,1.3343390521896714,1.444786953392126,0.018177332681890486,4.728952314861625,2.5422990164882475,2.8265101563493746,4.727544586086257,2.5447612115010383,2.822819247603976,-2.1198659137590843,5.138524311591742
37,2.7418478264361275,2.2101303431288413,2.33199517648914,2.744105678659161,2.2129322736868886,2.3387418045910096,0.7015039890248037,3.1673202258278583,2.6732330433912974,2.7455060506046793,3.1643646289662826,2.6887222185526145,2.732338388216998,-0.7287183718576742,1.9470703911620153
38,1.0391111924031151,0.8137898254712562,0.6695251038607232,1.0406894266646036,0.8348215749289751,0.6334800171604924,1.816612970137107,1.807208603355096,1.8215297945983042,1.4238734814778526,1.837325400577482,1.7936389052983706,1.3812273605818197,0.2766614071803445,0.7285030892113417
39,3.012173689973273,2.883110862156083,3.1933103133785345,3.0018406611634973,2.8953043069762017,3.184109170469604,-0.5100346944599964,2.724757662637152,2.5981507146221468,2.8352899793715074,2.72364877568842,2.620318273712671,2.8274766091479364,-1.1471555753538125,1.6321716373828656
40,4.206444539088772,3.4751072768703137,3.572468343935409,4.212742190446172,3.4615373887392926,3.576909542087927,-1.1674052498673637,4.055888136124834,3.2824646274591713,3.4128613609678844,4.056098655993454,3.282903004046813,3.4193294402429975,-1.660594974329441,2.810374591622487
41,1.1841045402119579,1.4098810880247334,1.2250425945527803,1.1976944679811314,1.42207629052558,1.2330661756185515,1.5577798948386818,2.122050762469643,2.4565531708201593,2.2505359809201715,2.0992163283555896,2.45166591258512,2.2503699743574295,-0.016228926755041288,-2.005176122334004
42,2.7602374858011127,2.84659167037048,3.2883110916232647,2.7704275105017806,2.829009140184415,3.2871013183283693,0.56196344917863,4.06105535811433,4.151327258357966,4.035992934390297,4.055776634068742,4.164624438294194,4.037477612396846,-1.7197018697839148,-0.06052192857736042
43,3.4246746587393795,3.4954106509115945,3.5979732835496625,3.4237046625904037,3.497337499478317,3.5995209662810215,0.06078746175887987,3.724568125132851,3.842190477972949,3.9914771271081033,3.716724069960841,3.8333802300673403,3.994178759734544,-0.9333577789353529,-1.1024424461359181
44,3.907996887329007,3.5062479507950153,2.989677215908903,3.9148285961069864,3.5123546311884946,2.9872098954970587,-1.3693909526084596,4.279740923635044,3.930665842685528,3.4564915151192546,4.303768352388647,3.925983896265599,3.4731119161223702,-2.296963465994948,2.842583317776885
45,3.3821911338881385,3.042235974311615,2.753821613497941,3.3561286680353137,3.0427424670395897,2.777195736717033,0.2829559485738959,4.151073800042472,3.9770349871843074,3.657923092576359,4.134693007616236,3.9791018413677324,3.638962315399357,-1.2009593063590402,1.6133791069960324
46,2.8318864780972834,2.3491291815497797,2.16384725379874,2.821407035730675,2.3514825491803606,2.160251851548578,-0.4003117496674466,3.9768072804854704,3.4427773266118247,3.185116770148766,3.9827818021603467,3.4337150650826085,3.189976326013993,-1.9941824424218602,1.3787939643563545
47,5.622444370875308,4.819021268400819,4.499152615103292,5.617258789655043,4.804638695683497,4.484964141036714,-2.447540486056982,5.503844808019652,4.72038437274412,4.496555715171204,5.50804816820238,4.709860643900229,4.508835823991683,-2.7984733780599362,2.9976643686960034
48,2.781699485098456,1.7482690240049503,1.638222501919777,2.784924251111238,1.75319977095566,1.6434742604628463,0.8847709387363989,3.929152810868597,2.657389698923687,2.3525599209699863,3.924847895251281,2.6556507551890625,2.3498474758242356,-0.843072546415108,2.823742270122006
49,1.5627076024108044,1.6853468247543903,1.905375961271939,1.5614846480933111,1.680308139037497,1.9044092707748184,1.1128520249184306,2.01524070763927,2.163372556447872,2.4061930627219166,1.9989883819652403,2.1741546061098496,2.4135035973248926,-0.08990262323286805,-1.9766486741995017
50,2.7419667555511325,2.6712144724200577,2.782877748422312,2.7408113041433966,2.6701146391209325,2.7794516921019,0.2388857977984748,3.0929107407290424,2.984206121312688,3.177094502799494,3.0919666478655734,2.986946526137099,3.1836061468180334,-0.9440209499913204,0.37120030599544085
51,3.2982505776046747,3.2565319960586763,3.642189450131631,3.3010046880362984,3.253955877306301,3.6522450630718883,0.20865997520384483,3.4850198738513294,3.5223897109212956,4.023358894662068,3.4701473393886384,3.5194830500053067,4.0205925287961515,-0.8525371472465308,0.4324048571519002
52,3.8278485050357576,2.7346545601099197,2.7412837141094526,3.8211718411614424,2.722199737408642,2.7431856984594347,-0.9728431528562623,4.532415923016706,3.446661557628555,3.388572699211028,4.536369244921531,3.424215260110219,3.389237446021199,-2.220362992897025,3.33150326484264
53,3.8521283121339316,3.9279133955126584,3.9908966106631003,3.841936684146997,3.9179680664652485,3.9895546047912664,-1.1725660230477901,3.83279441012465,3.925764151785933,3.9113656933264918,3.8261253360674408,3.9236912372057575,3.916043399256171,-2.191043912756058,-1.803972615121872
54,1.7705642210367862,1.8677774151246385,1.824124198421158,1.7701272301300282,1.8685479054059715,1.8083919431623658,0.7214701154423689,2.131987518783386,2.286790352754282,2.30232076298938,2.142413132201424,2.2932554465430224,2.3067055954574562,-0.49455538605040034,-0.804855511828912
55,3.9003071417553787,3.9790171405244803,3.832465555187196,3.905621087895596,3.9726807963739623,3.816133269149085,-0.5298644416603141,4.136801286931996,4.240648141168154,4.163451175270178,4.153732520545542,4.251462153343436,4.166108924527004,-1.1283798401916703,-1.130968796876646
56,2.9010714270200597,2.999513606386323,2.9029718493994188,2.9051317670658783,3.001858313069838,2.8931193930982517,-0.47812280922083084,3.1309752135764075,3.250993994960997,3.033580489265535,3.12059505196181,3.237367975511605,3.0200789654362596,-1.4298415346923532,0.36642769684234344
57,3.641099243142164,3.5808335068079415,4.344554205902648,3.6391380298782527,3.577983036661456,4.338235474297329,-1.5263605227793997,3.7260985046917323,3.66175669317894,4.118332316659664,3.720541535609481,3.657840820809453,4.120138460324961,-2.1158152593113866,1.0567912252925755
58,3.103753093500176,2.4621825835637217,2.3296920785923403,3.1079875702535547,2.4395657620636797,2.3338866769415727,-0.7546163743600738,2.822757236840659,1.9633254368225377,1.8943096549302516,2.826088103951746,1.9766040152493227,1.8784864732164086,-1.289287253962416,2.2361661457314024
59,2.512637469329415,2.657800384400392,2.664049199562002,2.524587962876054,2.6514265635948653,2.6470823013729032,0.40828309793188605,3.5520034755714076,3.783295290689124,3.5532460873080693,3.562123070527476,3.769937468546039,3.5589536426725608,-1.5948183977208377,-2.042658885530394
60,3.3545752940719837,3.5499160694968883,3.6416504136659746,3.3399073563606994,3.543841768666869,3.6444915520344803,-0.3077779427706706,3.922861867543406,4.223840306088018,4.165119754080391,3.9288922558653754,4.244860938818414,4.163561239363933,-1.7826589869829705,-0.354291425781504
61,3.9618185240174943,4.080185374132597,4.221442279673536,3.9603618675257675,4.071699470550966,4.225967899582747,-1.0520692234918465,3.806088368737037,3.9852097423774606,4.425401623359632,3.801029162418805,3.9923051669335754,4.424658742712584,-1.886953665956769,-2.929450351259217
62,4.858894879687903,4.15472585666805,4.542709228240429,4.861816902091186,4.1554277088191744,4.543477480970095,-1.7082686253016497,5.201420191150102,4.301720208633601,5.218378631135977,5.204571468701699,4.307314646462386,5.205747731695747,-2.6205715480811618,3.200818513575397
63,3.962903086438613,3.3339733522097306,2.9684246034427355,3.960812437183302,3.326046186841869,2.970503727386941,-1.2900561811538098,4.415939992690773,3.5785288240027873,3.286103623103742,4.403379521583896,3.583266400918174,3.2961382824197423,-2.1852539442553973,2.155084537092017
64,3.2644792686720554,2.077827158096389,2.3430194112969596,3.261933661928695,2.082152857447839,2.3239769919047464,-0.04615948837154527,3.860528235792372,2.6292653254617973,3.1412751053549197,3.8716199544839154,2.643788744019698,3.1669648240571746,-1.056845247319015,3.0484909578643915
65,1.8009949542298833,2.009498311926466,2.1211313522315467,1.8059585790199426,2.013892862901527,2.1165370856370864,0.6581757292026892,1.8329777692576046,1.9671251826716512,2.254811312833775,1.8402518722354073,1.9771430743057319,2.247549899534142,0.15954710727432686,-0.017685281722321925
66,3.373603416370364,3.3726557464406652,3.3269987154242395,3.3581781990308697,3.379772076179276,3.328421283665188,-0.41581264653452393,3.5495567815130755,3.5175442319214456,3.492842117193156,3.5456949563312428,3.5139909356308405,3.4880264537414027,-1.4450837670928975,0.010754782267252553
67,3.4925602947350427,3.5720279847709446,4.128134964023526,3.4942150905541123,3.5768723458806377,4.139285627984442,-0.9143296109471918,3.408636138069406,3.50211250068517,3.921468884502279,3.4149966543804724,3.4976613050090286,3.9124742079090664,-1.501552198355397,-0.36897871308207436
68,3.3987085025696255,2.8639580319499753,2.8834851231542005,3.4038610850010373,2.860541466143007,2.8816796690052704,-0.5846551529832364,3.771387642325034,3.225090214047415,3.1480750561070843,3.7765614565824315,3.2282906975324948,3.14093400550989,-1.8074352345452167,2.316685662841016
69,3.55713686472408,3.633105203320281,3.429373983781587,3.5673364694293386,3.635289399187569,3.436536379797329,-0.18526879784111694,3.452346838572168,3.5233650444547324,3.206194108170657,3.468262805866724,3.517570962839903,3.210375069012181,-0.8219393126503204,-0.7167242108235584
70,4.230217244365281,3.3336930598479344,3.251698364001013,4.243280886432269,3.334709411251054,3.2576621372840213,-0.8887018507836865,4.712342819064955,3.6512924720616495,3.47778620866571,4.70076261305825,3.6450557661361196,3.48372847345775,-2.493537061812129,2.8817129903888143
71,3.523507879003765,3.4360707597296747,3.2547800353184613,3.5335897475990183,3.4375537744978972,3.249167073578741,-0.4239602171458875,4.521282223723696,4.4315266524526,4.010995101918404,4.520035769704606,4.429932430448355,4.022492042615576,-2.023271111140504,0.6961129895634629
72,5.06563831856324,5.012730358866171,4.296305938780907,5.067177689667493,5.011085564204208,4.297299048518762,-0.8479558630555604,5.754769444125092,5.900813800562918,4.904580435607503,5.754964770117093,5.8973773056296395,4.900214721684982,-2.4857509896808114,1.0322514294907086
73,3.916490380143705,3.722801008295304,4.20604068474287,3.9135724133559,3.7091624089895974,4.198675920376315,-0.8568021829924481,4.120491192904822,3.9495439883074956,4.165543720266764,4.124948234501916,3.945621381504332,4.174126311696884,-1.8597702238312444,1.0776074286473325
74,2.6235131630454216,2.506773000859731,2.3752846047006453,2.6291136352311417,2.5074918844077625,2.3955658426910804,0.8187064998232335,3.4342810904217314,3.2751900969809875,3.1137896557903373,3.4494907153913523,3.295750935849559,3.0772612960406036,-0.6919950557368192,0.7536222265489161
75,0.37865560026330664,-0.03148068542935213,-0.030087408171300668,0.37698941505009964,-0.008876707825801102,-0.004319123970245018,2.4534500239527377,1.2009157795106344,0.8836327194051217,0.9160934851737441,1.2076326795723147,0.8983960019210053,0.9253410448315975,1.046869426690102,1.1879082190021137
76,3.900726580297131,3.570798739126462,3.1247619959743242,3.9082961171533217,3.572361974522617,3.1268376552180683,-0.07085500551091667,4.070453724857181,3.72109998119019,3.4402951129211417,4.0730127677707575,3.7220397303709483,3.4360431431734537,-1.3486239504470865,1.5813621294388713
77,1.653118856901176,1.4533925035816426,1.500372215887674,1.6375326107209274,1.4462740834917391,1.5057806087118657,1.4578701520381243,2.4386127967166997,2.2739079234178856,2.6480095941010426,2.4281568837818166,2.274135663814638,2.651695079797711,-0.6954157346284374,0.6729908274537812
78,1.8541917521253404,1.9736528116892165,1.9166346242206234,1.8577004588480257,1.9731952584039394,1.9219399345095054,0.6979216167665214,1.844541650596938,1.974368076978057,1.9641838243137286,1.8473532199644602,1.9615792699496992,1.9644068163085406,0.1378636552356827,-1.320722751169533
79,4.362551597176059,3.698784251300417,3.2846261596331923,4.357744288394013,3.7006128395408786,3.296548922077294,-0.47989861661650524,4.985456372939033,4.2653443670007904,3.7049523257647525,4.9731530248927545,4.277676186890706,3.7050840377822647,-1.3862887543509104,2.658050122745758
80,4.099538538830814,3.5422638100132646,3.761193554689985,4.085009460426194,3.5476781298227786,3.774357677415392,-0.0649858505180354,4.1534806821827255,3.5708912933367607,3.898451590825804,4.147723339114818,3.5602684939788634,3.8885782912858313,-0.5905160402485874,2.4252846879307985
81,4.633840346803089,4.68553706903264,4.45970662669443,4.626294363769416,4.678165478302375,4.462081940645253,-1.5884003410482659,4.459077473254392,4.5207389521079655,4.2436430676480725,4.460236490481615,4.533506865036534,4.248381036456776,-2.050834190185881,1.1396009435091514
82,3.0811655052021907,2.9669507506493584,2.9212320422778664,3.0859049202185442,2.960813506643511,2.9093472637908357,-0.14308606714520986,3.3173742472291368,3.1989035111251973,2.9799055784770836,3.310430651914773,3.1676446934644273,2.964662802994359,-0.8519437953446689,0.7492193442489508
83,5.069992402787203,4.871243708573119,4.597057826815762,5.052515309664748,4.87270243661402,4.585455521738192,-1.4974520912315217,4.8419722865910195,4.6348850355498685,4.2108812380222505,4.8220248611755885,4.629741937149714,4.196746127739672,-2.525571933799341,1.0004289418537902
84,2.5635199485180333,2.3839349101436147,2.3474209639907473,2.539730175700239,2.3642617554357717,2.3382374468662674,-0.31969095792685465,2.576204672963229,2.360121014597649,2.29806626837242,2.5549106666234533,2.337039368066224,2.2985249691529197,-0.9609395666588881,1.3793585986070434
85,1.908753092526623,2.0255785974758282,1.7992573566667744,1.8936499734769012,2.0169111258130648,1.8019884178852692,-0.06742686413052801,2.006214273019796,2.1998870507857555,2.093899830006274,2.0036097195537543,2.2095081601417035,2.099739855273272,-0.7435092187601156,0.06258687443825106
86,3.3323505246994576,3.317112590589588,3.2293356046082278,3.3300029888561307,3.3082796170393767,3.215875498618898,-0.1914643722333769,3.453269300551335,3.503965643718209,3.493664862972552,3.4475749864868637,3.5180606746258216,3.508174032749135,-1.2150143898309294,0.28299978735770437
87,2.13421088507531,1.5929450616484726,1.4226282192562363,2.139673404582809,1.582181369606589,1.4225197298673586,0.9716558042225674,2.7101216489505067,2.007339198475101,2.1296901385286593,2.7114468304125503,2.0011782992632927,2.109762520498704,-0.8103459569834047,2.382522954992289
88,2.887378053139525,2.971606039212501,3.486757081465412,2.883595161581973,2.98327890055078,3.506362665435192,-0.5012096555410251,3.5847224014010024,3.6936950670431496,4.120818596921122,3.5849110425384088,3.700989078420358,4.112772513191229,-1.7946536621422093,-1.5154265301809082
89,3.5483508066655034,3.613398236903513,3.4198073511679485,3.554958553443913,3.620544263173164,3.43109707755937,-0.9992931422863833,3.307379441280933,3.355186904330944,3.3550330079163606,3.298477660146646,3.3534540175857153,3.35124838963112,-1.617004398931783,-0.04099265766454701
90,2.1067156437969445,2.0208501364185723,2.1799999031370323,2.0966747808760453,2.012149751463254,2.1662907051391977,0.7644228985926994,2.9080930065626878,3.0224061128461397,3.1622041256276128,2.916153106039846,3.0429053018332737,3.1585309289774712,-1.0184824655916775,0.28137363320126124
91,1.8147198049677948,1.696618637354212,1.8444038478847524,1.8231175197155713,1.690752727790984,1.8449460156524302,0.6524837417602392,2.1215823311709636,1.9828562656358304,2.1612461026403085,2.1248272623097924,1.9551064553662345,2.138002414988763,-0.4814927404234314,1.116068513383605
92,2.759460225583417,2.915934891499599,2.946614289266606,2.7703521079645324,2.9195635709775556,2.93916287907994,0.7734242144027565,2.495276581639644,2.6680945893798507,2.788790622524496,2.4951824162698353,2.6577402611141636,2.779109229015568,0.2481549667972538,0.6818841553130286
93,3.73061299946698,3.6914953008582967,3.7146968496718746,3.736128860410445,3.7002954540974176,3.718264837351478,-0.6044098889190671,4.291339397761567,4.248477332331034,4.261357553646696,4.288924618350556,4.251463148718391,4.273542199225001,-1.5460002391759249,1.349335081247817
94,2.7901032004826583,2.6079119760755782,2.490931351417791,2.788862145103621,2.6026024419486387,2.487941902140621,0.2719772463689124,3.01542336220986,2.652148614252719,2.626827502053628,3.008967493873811,2.6618288920843427,2.6182056569617247,-0.3991065970191653,0.9320099016309141
95,3.7361726388174334,3.6083609263256444,3.7182694173656503,3.7441649152770218,3.596860227480191,3.7137384005333334,-1.0762891936317307,3.5938155193545027,3.4245769389050573,3.0474165635195636,3.5870347983511373,3.442518128386968,3.0506835207349434,-1.9239803534301991,0.7561142816949944
96,1.7045841511289195,1.4231647171242725,1.5541064064669277,1.715105506694192,1.4272114038994208,1.5704824943436257,0.3184119919421636,2.2384433185222026,1.9244758277499487,2.246274227169885,2.214626252816742,1.9335769431751058,2.234633715301152,-0.7788906634362119,1.0840278566703112
97,5.327425435878031,4.890341575307026,4.975838737245968,5.329428680145385,4.889249510061437,4.969635148309805,-2.0069491244888384,5.739102107466214,5.274428974655973,5.283317444055142,5.758560448120741,5.273107163579108,5.269073219703282,-3.2438840214163025,3.1133645143085746
98,3.525999876683402,3.6998548672136953,3.2398369483179734,3.5371984768016222,3.699951814334738,3.2445794938731436,-1.1071940927543122,3.5254447476456625,3.7385023454804776,3.5674990577257875,3.5340780194503205,3.738628561610852,3.5675202437520177,-2.03372785927102,-1.0740675095879055
99,3.498037261704902,3.1068456667429043,3.70103862392877,3.4874114813506933,3.107356021896705,3.708039707852938,-0.8233867451186853,3.7115029352685327,3.287094006221896,3.7593907067480545,3.720800950846164,3.2896781323180564,3.742966480661104,-1.5238343494443771,2.4372087876673825
100,3.811286670088746,3.730409027105667,4.267427636793502,3.8159064348920846,3.7223919043733145,4.269022109551316,-1.3242819556895882,4.613755384601248,4.54236889457636,5.259038390387028,4.626074734547032,4.5360544750950655,5.262987436800468,-2.608666110123789,0.384178421196749
101,3.487553673676536,3.3784746912933152,2.8254551262574603,3.4856152564993303,3.386294347798684,2.826823209343625,-1.1859626065633169,3.587862442737867,3.448278682833848,2.936944634402754,3.587020877960004,3.444900282087639,2.9280185906134912,-1.7365130885425322,2.1243540077521486
102,3.1627922891574465,2.9578012168550973,2.3755552284974835,3.1593517394693023,2.9576423022662097,2.379469913661132,-0.7519490444660107,3.503351197085702,3.2464760592170765,2.8692469468743695,3.5130240475035146,3.231506929538867,2.8720395883574272,-1.546081629227576,2.1081733755893595
103,4.123152181988551,4.129425864378362,4.282271505399868,4.133274257543913,4.118176599176494,4.276022365068696,-1.2014450376647794,4.634530780098589,4.638380954443247,5.05512955649781,4.627713349471033,4.639515695213112,5.047366875952953,-2.1921165961236255,0.6345675472205402
104,3.7578054083348396,3.5508154600133612,3.156625632425786,3.7577317545851985,3.557382729092432,3.15664683919887,-0.4640052696737085,4.658243016999599,4.419717767271376,3.62679766544049,4.6715770520632445,4.420116438249069,3.62489316293538,-2.7667324505481528,2.0890684242670443
105,3.503156690771361,3.422966178757973,3.0277556267009818,3.501458384886413,3.4118830901370516,3.028730649927743,-0.016409097141390726,3.846229013162575,3.879116266343087,3.4754399241622775,3.853796174951783,3.8801640205947017,3.4765557514691348,-1.2001439187761385,1.3494100643220135
106,1.523569706248259,1.3463210278908422,1.4536755660631968,1.5122472001803047,1.3455498105628727,1.461747169596441,1.0900935248351449,2.249924360223223,2.062276055152335,2.119449258540212,2.2234920590959675,2.07896669625338,2.1129119795104443,-0.6638464363607813,0.8757674729649014
107,3.8207791617673603,3.6376025323439105,3.27910107312123,3.816792396388546,3.6412725749388963,3.2799786258326944,-1.4262614889578524,4.092532722705488,3.878702431116729,3.4907415149951415,4.0994930219076835,3.8855369293511846,3.5033205941030756,-2.146405900767517,1.1173599264891108
108,1.850767235230379,1.8117810847739686,1.495205200499307,1.8756237529884279,1.8041501235312787,1.4998545196902417,0.6975551070958421,1.9708573546358266,2.029430918202126,1.6591188788298676,1.9891136365932662,2.061165800371856,1.6401822027941313,-0.2853615744396042,0.8425403729103881
109,2.440587533575875,2.7396724475919387,2.4720998395334846,2.447593952070089,2.741641422099613,2.4639508851329084,0.14326134798076406,3.2292563216428896,3.5865192266761374,3.1756857339283204,3.233533834993569,3.577084552401367,3.1769502127867097,-1.0470825556161372,-0.04775951603734657
110,2.5179677028130873,2.7940703417054973,2.3577630216407095,2.545680305840871,2.7544865684003597,2.363875033211831,0.533305959111386,1.613433318285227,2.0617450283443075,1.7911910242706919,1.737053055401097,2.0670182837542077,1.838893161781618,-0.3588509974353101,-1.0111697623505949
111,3.194517001229336,3.179615715591471,3.6233868037617665,3.1958197860597655,3.181642324084355,3.6202631509299565,0.2074087912506554,3.0555700491360396,3.059794430502005,3.120603507356943,3.0536384499773455,3.071276387830297,3.1375025014897258,-1.045745084446856,0.7473778049758346
112,3.3658999082801135,3.1784636018329455,2.5367194570309555,3.3616888098985602,3.183324259832076,2.5314438977192837,-0.7086437392489696,4.048992152259874,3.8884982550417653,2.8560638699136107,4.044661222219878,3.8947518680902045,2.8654590757784755,-2.2359191079870673,1.5692037020894245
113,4.015322729378467,3.671636727421814,3.4729675532533846,4.015418643041125,3.6720744691017493,3.4827028106020785,-0.842498682936268,4.4889968301114065,4.133258936097344,3.8749201872963313,4.474400031195588,4.1219435372802185,3.867786712783396,-2.0281165794823264,2.0921569554289463
114,4.6017219158757525,4.289370612483875,3.947807242544289,4.601012394390023,4.288666681246889,3.9460291611821545,-1.46073629101587,4.993138163556227,4.6519283227554356,4.442555452822834,4.992415642841878,4.651501562167797,4.453320622112922,-2.5596161369012926,1.7057536581775246
115,4.5774278311769345,4.569299090932833,4.267427618251597,4.577877202844014,4.573052037834387,4.2652401389192365,-1.294226857588579,4.770941057174604,4.768718471751997,4.445886121169138,4.766740981864173,4.765556961572025,4.448549410761765,-2.325249029354848,0.961646135354611
116,5.07014506913555,3.934922716484679,3.3309256708857866,5.073324293350996,3.9294617623648906,3.3194745936887147,-1.3759154957248345,5.692545990064938,4.47083883156657,3.713830600581208,5.691177007063405,4.469117984279612,3.7152307164166523,-2.637043436374346,4.497436853929243
117,3.6187809804865076,3.604988476804706,3.430759937297978,3.616934747327687,3.6167223343000696,3.4314450779245984,-0.5532952900445415,4.11139762505554,4.096349009725043,3.9027721947124037,4.115946643398058,4.087921083715327,3.8994634331233997,-1.5938529285266534,0.5164928109293153
118,-0.6859246828380484,-0.7222100108142367,-0.47854212622371123,-0.6674838768387219,-0.7347489818628211,-0.49964293580849495,3.5723083268903566,-0.20626330805664655,-0.07421181849072318,-0.051898969360368474,-0.21742020563313638,-0.06882979941188123,-0.05793549176428679,2.129648169946332,-1.500107205797621
119,3.941220271355302,3.780239347561986,3.643685660475349,3.9331880679206357,3.7840923116587013,3.6466199236256713,-0.48635264335233536,4.273740105103687,4.135434456929779,4.036288388910529,4.2710821923560465,4.137244938830193,4.037740191541624,-1.3812812743526015,0.8854122818491597
120,2.7391551081358467,2.764640931687097,3.6349853779196954,2.7386645311800235,2.765557233264007,3.6333106360785425,0.016395200050239842,2.8778491604373975,2.915500260306128,3.8013477117568417,2.876925708196607,2.918966382707576,3.8020938739783885,-0.7751800824049293,0.9215278049352194
121,0.7747279063304969,0.77767651846647,0.8123831252785174,0.7968495779518477,0.7433860616729767,0.8068964565284482,2.2924322343915757,0.914258444630617,1.0451062836860665,1.170938662207673,0.9079525761175447,1.028711684031868,1.2262732806669565,0.8471308715814734,-0.8578048029260688
122,3.0163327866982623,2.935141739067551,2.6947382011020786,3.0123688315772243,2.9323440496269897,2.686882108674966,-0.10513344917768115,2.246857237751248,2.1418352410553885,1.9860273608596488,2.2426895119049663,2.137824980983698,1.9790149657338258,-0.21768418087297187,0.933396390642674
123,3.013593712012419,2.5276387058835157,2.4159559559179615,3.011944728619231,2.5266489977378663,2.416558467399318,-0.5611758822267913,3.236034984054372,2.628100053941863,2.643392258505088,3.2414101852161847,2.6404071690005795,2.6435282363302055,-1.3687716890818313,2.5199226876177816
124,3.7894299923203,3.263051317709317,2.744170522525219,3.7822584923716547,3.2712370202503784,2.7400337840721165,-0.7672742537999195,4.691947606190199,4.348240679184462,3.6035680464446465,4.696274406435166,4.344893779048932,3.6124743723925943,-2.355785686652224,2.2161587259502213
125,1.437862959540943,0.7951232888938232,0.8613381224518398,1.4443732972019465,0.7698444676653518,0.8457673262909843,1.0847475608869879,2.65669525984706,1.7103406590202899,1.6453840281619512,2.6708747784741513,1.6921437541610067,1.684509983958547,-0.9968722877641945,1.942793889335932
126,3.1152940634146353,3.1701327058757087,3.17187624401488,3.125712274693098,3.178259084800828,3.1609863504357385,-0.28660400748433895,3.0412323060949418,3.147931857942997,3.0188966785881957,3.049881562808792,3.146818814963887,3.001290135851987,-0.874557051612207,-0.45716726404769026
127,4.973954378762656,4.538955612231412,4.544330272869514,4.967185240077912,4.535867055399172,4.545098004174484,-1.8534396088943863,5.303437048598347,4.832706614671585,4.948163458834722,5.303059479984644,4.828329448159117,4.942687526519113,-2.9777187309421373,2.3662231417702015
128,3.21885345592121,1.6189358737037465,1.4891670926223393,3.205486556273103,1.6061470783939316,1.4881030733675533,-0.4293216809214506,4.058794120568256,2.3387527767595904,2.308266274997351,4.096362199605617,2.335509103100971,2.32833978043763,-1.757918594687006,3.799595492441464
129,0.06066754734748923,0.0803682010418222,0.07182189528654831,0.04474802282465821,0.08664791000858911,0.06457049406300723,2.9533998622205724,1.5925752436797969,1.8347996539902858,1.6415461383958243,1.571545757697219,1.8555642453581729,1.5909249571961885,0.17684867162880652,-0.9485128395498046
130,2.9287107411414564,2.3364390166001137,2.188547505757325,2.9303385108998823,2.3346145203999393,2.1913825202247486,0.17779822995232866,2.725037209625347,1.9361082157520375,1.954510313820433,2.7194795132397553,1.9360279098563695,1.961215202519209,-0.47162460061152905,2.5123993237522315
131,5.080722827449591,5.0272107410513245,4.686486004808511,5.0727073558780145,5.028638499508028,4.68123100814353,-1.741758436078337,5.381246817184337,5.346623120612751,4.848843448715012,5.380377956908382,5.343834985468047,4.849059964940198,-2.6004870696189184,0.05621200413080487
132,1.9688166227327901,2.0197988226600385,1.8092098459280022,1.96863153902074,2.0280567284450863,1.8108841922053223,1.6269183806054468,3.939685703755005,4.192945436875057,4.133196963838585,3.934678814899537,4.1900008242603155,4.120659818412927,-1.5125370498143587,-0.7694880869271981
133,5.943009180496741,3.975807316395541,3.7994118590669053,5.950447115868747,3.9842524651400137,3.8031630411252735,-2.124414040394021,6.393053206646866,4.237328738716778,4.219130059909906,6.399985851400514,4.2361233336900845,4.215623226300901,-3.0198324912464796,5.844031861658176
134,3.5998506955842107,2.5670264143751638,2.8690744913668724,3.6014076020924577,2.5864020343216887,2.8764567724221033,0.15381194819880933,4.732737278227373,3.636822958661736,3.786306856292864,4.732019584470648,3.653222170811525,3.7834434810938973,-2.0172532218930352,3.2387453033897593
135,2.5547477296794048,2.304294785340787,2.556703619722088,2.5498707090626533,2.2904339712906174,2.557077439498353,0.10721445588962107,3.4529580640162774,3.1151962281107854,3.1882879222479197,3.4511847885464184,3.122950463027235,3.1726630364858446,-1.334283841257824,1.3602238345016524
136,2.8721142111283324,2.885287530632269,2.744216476399228,2.8778734610428427,2.8954922169911335,2.7480977243538307,-0.42063048712511997,2.6891535246460645,2.7134462678070084,2.7035393777312544,2.6951683419631927,2.708123847172442,2.699636868473464,-1.0902492040431337,-1.1209088791771809
137,4.959331456086781,4.297985086149462,4.4206627850935565,4.953903342474538,4.28864299200902,4.423444883436004,-0.5020184544882073,5.220682723038894,4.496421011649647,4.638941355882524,5.215008855809412,4.49923485766795,4.639195021248337,-1.530887666847903,2.3889254087901284
138,3.7579249294477957,3.417485483021684,3.0396719259822587,3.750689807950351,3.41664583014865,3.0413755389582176,-1.3860597214093697,4.04591853421708,3.64643243348742,3.3091365516566555,4.041793731366985,3.648974629200344,3.3279696263574454,-2.150481844231863,2.3964393280698024
139,3.608065414424449,3.495015067933103,3.1043098217572704,3.6098776429138932,3.503931914049111,3.099311519913088,-1.6567034652658343,3.794818005364505,3.668824146896374,3.176438012849925,3.8106953019275958,3.652114081360533,3.180945741565264,-2.332744355524372,0.7891094804642003
140,2.5196462123701164,2.6093559192198907,2.783436178226312,2.5034025867647722,2.6109265367049477,2.7804247265658426,0.3314992294510811,3.276946663318041,3.3987855750789264,3.369747078640922,3.279932139424354,3.379347848729452,3.317956262606488,-1.0120251095470514,-2.1698770142341237
141,2.8532970271140203,2.882118961580499,3.477418042219447,2.855203748101327,2.8881477218625027,3.482509973579802,-0.13401207492125966,3.4012468048422813,3.4383098428715253,4.084716067108852,3.4005802783832673,3.440492069542022,4.092953222147374,-1.2396287347113604,0.01000564867929766
142,4.652935792515696,4.092365607472659,4.314838342270538,4.654412356351119,4.083690382375111,4.322959615810092,-2.3035827934012847,4.972914924633798,4.313081786156167,4.815198266051188,4.972329422394464,4.303453606138695,4.832959216181636,-3.1522442616144843,3.4710235402337286
143,1.8702498874014788,1.849378212222461,1.631343104915299,1.8768081422657374,1.846675190828054,1.623280791119205,0.31785478901133346,1.7797663224202396,1.7587359775293407,1.4415214209593672,1.7604114806725977,1.7654207561664679,1.4385721818195742,-0.16027326626191915,0.4500683578997419
144,4.762015568551771,3.018115393045579,2.9468356775868805,4.762740120931881,3.018778073363188,2.943244827194567,-1.4026305435289037,5.537181565593621,3.704974344105714,3.6389274504430396,5.540644916867316,3.7161467041551433,3.6489007061184653,-2.4433553447895946,5.095535845147147
145,4.500083421971387,4.529477047200328,4.1672138730692,4.498652446110847,4.527763021889847,4.169786186226203,-1.5048576409516494,4.822984346685115,4.82205018062035,4.603742347679159,4.829482703461473,4.823861544095022,4.624127500124333,-2.733087840958417,1.5242976037105727
146,2.851164143460084,2.738449309220283,2.826872214839704,2.852252938740552,2.739726241138024,2.8307253813809905,-0.7577774796230418,3.177904603180583,3.1113463798550858,3.29601530127705,3.1789927186530895,3.1278694456371716,3.301786654386759,-1.7853558360008759,0.06996734890561429
147,3.9331294243035484,3.4023227261552313,3.340388898151831,3.935059824702891,3.409114852557555,3.3434500311703594,-0.649875234860558,4.352156630325472,3.841259602598499,3.863974279545402,4.341826396170411,3.842127357417965,3.868348254113176,-1.678306108585472,2.5012866518452
148,3.7832446935249417,3.649733943081142,3.6006541758857775,3.7938482160235196,3.676976391539918,3.6052876196882897,-0.29983851179960697,3.8586535905920094,3.7119416514302412,3.667161092002487,3.859177719802675,3.7237784010597723,3.6451760926408636,-0.9012477497527573,1.5041668893165547
149,2.8029781361200485,1.7705088787465542,1.6266959061282686,2.8090210745872852,1.758919130927889,1.6289840170627785,0.8916006056701203,3.5074450811424733,2.281628345369733,2.126840810642028,3.517092769767238,2.2754817851155957,2.12531397666173,-0.9461217344916447,2.7905279886402634
150,3.7669928867881395,3.0998709535078772,3.233302205736968,3.765210296156999,3.092234489642494,3.215309824768037,-0.3884455832166941,3.858379642199106,3.1411169897205955,3.2500366086245798,3.861043194501772,3.140498529487506,3.2443302959855735,-1.0282775191635798,2.2035571656044
151,4.265313676316168,2.6603725302299277,2.4873883404821164,4.25792861449763,2.644620276588186,2.4879903615736834,-0.23815746389043418,4.914866396157993,3.071986209690764,3.110969101636078,4.912919956704418,3.0618565082231957,3.1108267532083564,-2.2007936364585605,4.594553791968031
152,3.0033715824289136,3.1797636736127886,3.031805043586116,3.0106898349518145,3.1842019795580896,3.0273768038383566,0.22615119808097775,3.1259530340043233,3.393756131386972,2.987862075747266,3.105327147309406,3.389005814782359,2.997370603697812,-1.4127260090376323,-0.10161906008700995
153,0.9759413149254931,1.0203154259000125,1.1966240619224846,0.980024760326645,1.0492431332299483,1.1712286472727647,1.5928757879071014,1.2164079622551627,1.3077381699638158,1.5058062205504534,1.229483629729955,1.3628195053081944,1.4920716715525124,-0.009234556760236462,-1.0633469329527203
154,4.44703124887832,3.9177035018873134,4.22964187339082,4.441217538717831,3.910111344002478,4.255239216154709,-1.9456239957928847,4.570907105720824,4.058963355861167,3.9130538807122393,4.571048305340898,4.070806159052629,3.9130043415321345,-2.921648619144396,3.2670188738135324
155,6.226821894888829,3.70506118544134,3.6889133176546403,6.2242743449777125,3.7066272386097423,3.6851493907404973,-2.00300923769984,6.751390343394319,4.163206113586704,4.025560337800519,6.749926811672251,4.167007700524769,4.0177737165973,-3.1851614177534766,6.877377424996975
156,3.7062114130607156,3.6228435691257665,3.8290990682842185,3.693070717241196,3.6310970404267984,3.8330911006108854,-0.6804836767076304,3.7201431542902808,3.6929713567016096,4.166796542327589,3.7270926864682514,3.7059184270386822,4.15294068125106,-1.3185943960382316,0.4032983377909553
157,2.0479027122506936,2.1492181910529435,1.6590556599850876,2.0459939915300844,2.1668128603913135,1.6581849532082196,0.30398153652228527,2.2857179050525436,2.407998519808945,1.983687958465558,2.286139490079905,2.408357399336437,1.9824804697837255,-0.5499503199583918,-0.46333683381046836
158,1.3925667377951363,0.7056613221151526,0.6268511230921514,1.4135324475351814,0.7381795099680061,0.6434170079145508,0.783810635748939,1.6391889487353255,0.812285361060036,0.7972527677428589,1.6066823818886276,0.8579713823739301,0.8347697547340105,-0.08359495724778938,2.4574591109207526
159,3.607132931757791,3.680907899053559,3.2479473475723553,3.6080728809571645,3.6897719985778434,3.245844244326302,-0.4402660473884103,3.7824296519738505,4.000940241429909,3.801722472113133,3.783673054984555,3.990708008640718,3.8020896243371443,-1.4792896317570017,0.5368199048212372
160,4.031573628662799,4.125876612862945,3.6961255510155397,4.043588306051174,4.122290222848007,3.700342455652138,-0.7801859605549033,4.561800073422735,4.688230122796124,4.127904082391766,4.561869666616213,4.6962679396151605,4.117964717974881,-1.773125078317183,-1.577087629875633
161,4.005840754848899,2.9002917634363667,2.562397323303108,4.008435090848638,2.899924175206391,2.5596976128838973,-0.9146438005307296,4.8431457324503295,3.590600645999052,3.1939538432748686,4.839331768816099,3.5927088945602894,3.1863606019659154,-2.2136851362360206,4.467845605426978
162,4.02188198982133,4.046113677690163,3.660374856167052,4.023139879296104,4.064215119887284,3.657349895193602,-0.9472081497379248,4.328428264917251,4.365196662511036,4.262119313648625,4.339782111738832,4.345361204620829,4.277104582279419,-1.818110852564338,-0.6557378974526799
163,1.539070459150532,1.3146198272432814,1.3614887405909653,1.5262351006998005,1.3000797421406611,1.3616218930657946,1.3097538874888965,2.9316550995965205,2.6727375084125176,2.6345475374556404,2.9282624138927416,2.694639847464898,2.6220111393445844,-0.9693731591870669,1.2762678903163374
164,4.452291359483501,4.480220840587678,4.193619065461868,4.4563160144909295,4.485065701601936,4.188666733887858,-1.6846309777983592,4.947318008180376,4.981138249169862,4.67443760690184,4.940994552361312,4.9806270937784065,4.673462267767563,-2.6975832747390944,-0.002188731926112507
165,2.271444249692808,2.3718477440940764,2.6048505352741183,2.2726800630612836,2.367155260902149,2.5902625697067867,-0.1271990031742044,2.8316037122734423,2.9655315438724443,3.2762419657408817,2.8228946890333604,2.960562542987806,3.2641320624471812,-1.2885368532529748,-1.6847108123838372
166,1.357892480828594,1.1150131975561184,0.8931571031333478,1.369722841246011,1.0999434789742557,0.8842118024970492,1.5946537083942336,2.782437804341457,2.4945710787566173,2.324158622774771,2.7658695063778223,2.487456355935401,2.355648429585911,-0.3153519599345539,1.4711275525083154
167,3.760857864329247,3.766579620712254,3.8471709593411485,3.7474686904165564,3.767920212587702,3.847114267878517,-1.2032422873517976,3.496802829272028,3.4588233022256425,3.4806330775890557,3.506796669164296,3.4496310199276836,3.5014331771261347,-2.1134496420186615,0.6737671137619065
168,2.6763397021141895,2.5427556211169495,2.4302142197673415,2.6738657110336033,2.532706825298932,2.423861886439038,0.4009408925339557,3.2142498967522277,3.0989198387187074,2.8366812048535124,3.212184298190503,3.0971245835611456,2.834700887174429,-1.2705309947326915,0.6323342421612168
169,1.9180479624545064,1.867367425858476,1.796732417204837,1.9215173636507954,1.8796405271605738,1.7834568673871556,0.5868484304479731,2.8512250376602224,2.7892861894659613,2.6888957339695576,2.8726994978133593,2.8076779402658323,2.6510730923730574,-0.8006332350184919,0.41042996087453576
170,5.271028695923193,3.776394566872723,3.962122195296081,5.26957062788023,3.774122193317254,3.9625018670719907,-1.3393340056728291,6.220710352717001,4.490163481616033,4.579631157459552,6.2119757072951005,4.4927266000774635,4.579590718991652,-3.338508607806951,4.151268000765771
171,3.8970979036768063,4.195671557981305,3.8529049282360277,3.901479948907169,4.185041055179266,3.8503153756518214,-1.2972775951392983,4.517026237287484,4.905915804527692,4.434924083099279,4.520963495137709,4.896407399528992,4.428426826770647,-2.8362490722754816,-0.05783641217050009
172,3.4009652871144143,3.7272562721010303,3.2308748111861716,3.4014307963377712,3.7339819457059975,3.2367541641368955,-0.5483263674593886,3.5670428455573253,4.265715167599119,3.7755465720893104,3.575542653889636,4.250963369651589,3.7791446480721866,-1.6768490230499533,-0.22880223468188282
173,2.205682792106085,2.279081883033963,1.7548079383852777,2.2087107379238815,2.295425493945225,1.754979906660552,-0.2693701481344632,2.6603079532491187,2.7713846425128037,2.3746759615843454,2.6696865576703663,2.778713947529624,2.378809054205675,-1.4246942373680491,-0.7399693394587978
174,3.3966617234053214,3.5260547250447494,3.242595319189905,3.404713245619045,3.513715953651756,3.2432182580887057,-0.6189996333440326,3.353766495825201,3.502065423592165,3.5345662878914426,3.348337997500872,3.503995588659817,3.501917299942669,-1.231984422926594,-0.8617556899211657
175,3.874021126104592,2.919268092810276,2.9142574661857235,3.874813350978097,2.9161796379242255,2.9189651547233955,-1.3704881726662974,4.579717146602979,3.579525924882145,3.5239047398156833,4.589787362820322,3.562516058699516,3.519654955308133,-2.7711185224865633,2.9715972376787723
176,3.2328951442720317,2.6947002856463356,3.0422209990310125,3.25146515485661,2.6934844551434027,3.03058916468835,-0.8870528665897713,3.3240378528751164,2.707211773490129,3.0831900479462218,3.3205212578691574,2.7113314233736516,3.072811617326096,-1.7385011296768875,3.1235767711928353
177,5.164670106630479,5.253287075419691,4.7045461594579745,5.161536709027346,5.246994147143656,4.7037628396793005,-1.599180075400379,5.81699412803121,6.012546983291234,5.803120588565221,5.824650514877227,6.000059766722537,5.800104358308134,-3.2726269565106096,0.4097701808160076
178,2.727631910931892,2.744548138965593,2.40750825335115,2.723818684759291,2.7410481453172144,2.4036009154784526,-0.9047747344804228,3.015278761914359,3.047876191864756,2.6426946605778636,3.0257665953562625,3.06504032169748,2.6379506858673363,-1.8420243578062707,-1.1105295681933915
179,2.644051881644072,2.6671423813223947,2.8598833380352464,2.6597206004561045,2.679912210569924,2.856693287339089,-0.2571828352666824,2.680430003457165,2.698987304193311,3.152193652834293,2.6932856479087635,2.697418919902401,3.15247915163653,-1.4012998562935564,-0.4099167165412931
180,1.779006309498059,1.9184075226594717,1.6567692387888058,1.7967095164915043,1.933460250592565,1.6168674615452105,0.8155260404201647,1.9868300552262859,2.2372506181977156,2.0021383706384435,2.002546853090647,2.237175694715666,2.0070401908777438,-0.6816455866818212,-0.8128148758885719
181,2.920058467180725,2.8036378775806083,2.5835489829134057,2.910425191977722,2.7954175456706047,2.583439410079604,0.04473092125378585,3.090390351106567,2.9672775334612975,2.752099274939713,3.072613546306128,2.9592840113775543,2.760400727210532,-0.9617405251327872,1.059424431839057
182,3.471572061542621,3.544981559176075,3.811342205365067,3.4763492450684126,3.544546749371859,3.8074231616963323,-1.1391748217208126,4.149577253015891,4.246642703228527,4.194134028049112,4.144645153082105,4.256162642372134,4.184218970137186,-2.482355367332995,-1.611347191795514
183,4.829765337716743,5.13618330091819,3.9904474979918043,4.835939345399489,5.136905355862958,3.99457180163459,-0.3422621731376635,4.527297332254006,4.91088772690878,3.960415453434937,4.521850206403461,4.914370041643586,3.958121465088753,-0.7363663148885258,-1.0205246245939228
184,3.048482504205695,2.8356885223509445,3.0540215625004263,3.0435323120856013,2.835735980435548,3.0598223025138163,0.06394742597548042,3.4472604802602094,3.324443331074125,3.0575833071568295,3.413252528454084,3.343974205140574,3.027967255910189,-1.542478760747412,1.0018078449899488
185,3.0524801258698093,3.063581877073856,3.374579910806526,3.04574241716859,3.0792211515488845,3.3711116037245965,-1.0808088118011094,3.3478693476983996,3.3801697138956097,3.3565420942985043,3.3627803268043293,3.363760359721913,3.3625457683512696,-2.1026703215929037,-0.015351659793647603
186,2.990165764747829,2.7293876322300763,2.6939237844978434,3.009851826062618,2.7276177649479467,2.6937839628030233,-0.039803502110350254,2.7441100179621314,2.4575872572346698,2.6157887717579658,2.734643509985183,2.451706352497751,2.616690240899999,-0.7709371124447446,1.2512183317485024
187,3.0968437463504728,2.5892189000947616,2.4440004976131564,3.0951175020909436,2.5885602701018406,2.447188016254195,-0.0530349161755513,3.911408397642985,3.3365033189095827,2.98922491173819,3.8945481054791715,3.3495575099981614,2.9845900809089767,-1.8680387055853342,2.214905493930409
188,5.045994663831454,4.795252755955888,3.9195489535553962,5.053426767737789,4.790447552624377,3.9245148078620207,-1.3850629349506538,5.244485434988507,4.985964837167102,4.077189131542618,5.243348131050842,4.992150328952832,4.085662309195445,-2.1391132192882014,1.1028003644164435
189,1.9944004200480863,1.6585229988260108,1.5065921651407355,1.9868505269740806,1.6536302015800182,1.5022646447787966,1.5195140236687608,2.4935864794731892,2.1859690463529913,1.9624236404936146,2.487547057451582,2.1911364112706018,1.960134109281415,0.30293518580167367,1.2965116257357088
190,2.9636038182472517,2.829219126091234,2.7166162614461498,2.951339587220804,2.836096469272491,2.7187185111173853,-0.147516917763185,3.2740955102992695,3.0845490049407305,2.9109979889183943,3.2760215366642775,3.0807405965354646,2.8334621871667265,-1.3846672209931343,1.4591630404050342
191,4.008276579535283,4.042823147072225,3.8799334742895044,4.02527785163927,4.041655753884666,3.8929666548415547,-0.12247750401850489,4.360203804889902,4.392740646649412,3.9705198711740017,4.363548807694713,4.38598965734209,3.983651711846912,-1.1209092880573943,-0.5623247755112966
192,3.3307189470103626,3.4382833479706,2.871363966879971,3.318427572194788,3.439805456877461,2.867495467752886,-0.9897276612835867,3.499561103908617,3.6496414476593797,3.244548930001846,3.499673926344677,3.660598077973783,3.24833920756719,-1.7582054780833931,-2.6478032245338374
193,3.791361221768964,2.940857428932886,3.1687584987908597,3.7957652387313296,2.949082121133813,3.1768316094290183,-0.36176702707442454,3.953582060484326,2.981639278845737,3.3164986921925874,3.953658790715844,2.992247534363365,3.3079974164331265,-1.7110608516622992,2.793149894595527
194,1.7837004109803984,1.561988118493234,1.5841158164988698,1.7622883979455222,1.5695583972183174,1.596488791187549,0.659729069107796,2.258240362083534,2.0694415373881636,2.1954758211857484,2.279832572765818,2.0756948276816236,2.1934279144886513,-0.4869938947360418,0.8324890902374281
195,2.844588775373895,2.66032347403938,2.54582238897855,2.8279463634947315,2.663842157697456,2.547306220776977,-0.4326084825699987,2.339856233196333,2.142990927454679,2.240400286024319,2.3288833143923804,2.11862035134937,2.254751182480543,-0.995788036650725,1.6570268121613094
196,2.8838636553108628,2.7373939256230435,2.47209575312176,2.8909706955506715,2.7327273671522114,2.449347166575752,0.4051870728123088,3.1355634792995897,3.0310070671861666,2.795431078194296,3.12264481945,3.0330970392437346,2.8064026327699496,-1.0070458634069923,0.6364187975651026
197,3.314055461032053,2.848775457053612,2.8325446351907164,3.3141725681847385,2.8563871244877226,2.8345415161007055,-0.5635948743843636,3.8903927851524425,3.4277848475270543,3.4336298040175928,3.8884584365479227,3.4337927460128848,3.43686968970494,-1.956863539125664,2.69728892916213
198,1.2665950021017933,1.1364703472896902,1.1491908907620125,1.2638588345741437,1.1311111316875768,1.1428168435648471,0.9097190927069657,1.704065689652733,1.5581821504227216,1.5550099634490393,1.7068776656178766,1.5564049442482553,1.5464354745126045,-0.4619481375841034,0.9997900301456932
199,1.0641880959127108,1.0276725224824164,1.0694317492355363,1.0548824851331509,1.0278644544690303,1.0667247094889403,1.8557165923496166,1.7334214583819134,1.7525117050160708,1.7089440036872465,1.7438804811131354,1.7343466914764964,1.6992719579391182,0.4968236706770868,-0.630459862488628
200,1.5554983154129138,1.098735448627241,1.0300859809942584,1.5577288672598735,1.111164103366247,1.0381168432058157,1.7878977149215745,1.6082451825028579,1.410938248903801,1.3244969126509687,1.6047455452553547,1.442630097081924,1.3261351816742286,0.6721621882244433,1.2475233321397399
201,4.177267486328823,3.702877657598223,3.1672494038623276,4.181879162285356,3.7098175431040996,3.1675693853120004,-1.0532648754877962,4.360152440764944,3.8441934131769315,3.3754703885839374,4.367694004077067,3.8452668574508397,3.3795838807967464,-1.9810400310666265,2.4658972464251336
202,3.4323144185526977,3.2946054498924346,3.290421500061911,3.438597592160638,3.290129081403074,3.2866599120387185,-0.37003213110018895,3.982145834030296,3.7494608610153453,3.5349396914430997,3.986866566861275,3.742139746276992,3.5392593955113996,-1.7843317004805124,0.9495723589722311
203,2.9716042458502825,2.8723981443407784,3.1152356939000074,2.975716606087678,2.8738616444172034,3.111497655700151,-0.4746013609440615,3.396852940186113,3.2598478326853657,3.7734720318244577,3.405344188158169,3.2515786869685943,3.7847020333807984,-1.4591174310644097,0.5602801498460653
204,4.333415534022222,3.9427276246132887,3.8180428746923614,4.328697169963833,3.937640766333043,3.820661092477811,0.5674356991831061,4.462869205396603,4.064229563212755,3.9437205719383477,4.46325086578619,4.048453973423937,3.9438733959685255,-0.11457604339812032,2.275717427908639
205,3.1519941602388357,3.1221220754642576,2.5320304170001275,3.182191537620064,3.112641448651,2.5662295813001563,-0.6032540352565505,3.2526420623625776,3.2746712891519643,2.709869452357461,3.2545455234557594,3.2764244056827088,2.7355759658782577,-1.5637530818447785,1.2312057719147909
206,2.682249082545049,2.282664001084158,2.369937525037052,2.6913935971863956,2.283666428444335,2.3620297731955637,0.1495716249600192,2.9493276432256397,2.4188949391300913,2.9091782395547336,2.950790100263999,2.427223239607141,2.8992165956817533,-1.0209500595874508,2.2942897987725357
207,2.064601781881521,2.119575158460416,1.8513290268582308,2.0604934185247816,2.137395412550645,1.861869411003652,1.2281882705873897,3.382945227568213,3.5404539215850694,3.3630347040072883,3.3750327554730752,3.5231949525994146,3.262433862727655,-0.9352440201209811,0.1437563182384972
208,3.2951853276715477,3.177592118174417,3.070579422310128,3.2924157735965243,3.1658894340707344,3.0664844745890902,-0.9158668409218949,3.6186777932980085,3.4671691194253356,3.475787106460862,3.611832250838709,3.464241551233624,3.474176088012512,-1.744659699193504,1.2381824786394948
209,2.9341640684512593,2.812553563342077,2.7227723634702485,2.9336890099144424,2.815672157644076,2.719948504005767,0.04418367949179356,3.0581503779779,2.9395896805522717,2.7830810358417555,3.0575726552659908,2.925153004444053,2.7563000948750784,-0.8322410981777254,1.1051834933869775
210,0.7589212559986704,0.6810073546159505,0.9058147437843332,0.7736235038340019,0.7052591495523928,0.9290870843696198,1.960802334668805,1.2087487190299273,1.1559802722269017,1.3100653838475311,1.2155740942423776,1.1829833686404314,1.3363313772618368,0.38928284717532996,0.45701609970432655
211,3.3254666151795185,3.263098262813337,2.496259239732682,3.3311224837780906,3.2602076597734935,2.494000975357062,-0.8040523875396068,3.680874577181023,3.6258364998750245,2.9284636403518447,3.6705595747948747,3.6262074809108995,2.9252327377472436,-1.737332376072658,1.6879427668034914
212,3.0983402782369525,3.4552930690424963,3.1580918629535777,3.089298987772892,3.462080568282815,3.1500608232737597,-0.42777082834155894,3.831455566439845,4.237373114973628,3.8261905082113565,3.8244705617647625,4.226553312174114,3.8193459223550823,-2.0715528829098253,-1.4070679993076844
213,3.0407448752670785,3.0514256443059695,3.4367527332891727,3.0442504858279142,3.0287940458310785,3.433770680267128,-0.5024614744127157,3.230802050579399,3.242881467586054,3.5306477957808915,3.2220880629597737,3.246502714822987,3.5512544357927247,-1.4960974552305308,0.23199036169887016
214,2.214317531464616,1.1396980035835524,1.2487053366310445,2.2267094021955494,1.1433671537012244,1.2440136569698448,0.7675544282910057,2.9642825565351743,1.639801891778939,1.818054522116695,2.964686229981575,1.6048348334549485,1.8286297932579376,-0.559723722116816,2.829171310603579
215,4.677762752402053,4.793967754439481,4.218555583373776,4.678298054559168,4.782441339561292,4.2168063289032816,-1.7873532397981622,4.677741590518578,4.766517317785645,4.251926171606481,4.679538076670142,4.767286690656918,4.247033849496895,-2.476208262946991,0.8650129958032916
216,2.4280833831556525,1.4841655525041135,1.570077054738963,2.420379022194183,1.490456029494806,1.5719313208612773,0.40762846668659675,2.8829509471371937,1.5813835939477043,1.5805525525372865,2.8694301806807525,1.5586279641769964,1.5798374402984372,-0.8271320649172608,3.3042932777514498
217,2.6411280551062144,2.2689842686324084,2.441268855165652,2.6535692990907496,2.285519572877659,2.4407404398294386,-0.35761479791161127,3.497058498603283,3.111706507821047,2.800258691792894,3.49190790961432,3.1086628920663637,2.7971916907715153,-2.164386926485057,2.5875422420986625
218,1.4060705752506124,1.3751392276988945,1.2618262020354094,1.4125698281047587,1.369942288470093,1.2793908708725352,0.5514760049240025,1.3295042838663451,1.244391438498968,1.0990903487579566,1.3175155925819777,1.2279309295363623,1.1503453953991922,0.06141752253431918,0.7204814487892195
219,2.1623248653785185,2.1675295457872497,2.1389843466853273,2.172345366923585,2.1882064361941143,2.168087560497692,0.6633347815584953,2.90034466282102,3.0634870090050854,3.054593751136546,2.9079644150631423,3.0515458411111904,3.0345504722371803,-0.8299509691497726,-0.1545131174764717
220,1.4793727922005364,1.5358414796974436,1.4839737660054466,1.4562165543414747,1.5460474357944385,1.5390161213124522,1.1487225126887242,2.5921950879216022,2.715174540870585,2.742733322032444,2.604309640242678,2.697138068653473,2.774677752959584,-0.5930322271001676,-0.30834520805256277
221,3.1994117148713026,3.416721895057256,2.9747112029739413,3.2061687555060816,3.425234381223707,2.9851728962830553,-1.0442182601717311,3.080303598764721,3.294967492950281,2.9229267661076395,3.078627043186481,3.304009102318653,2.9207264958046912,-1.8450215216104207,-1.1942503593480578
222,-0.49115249756096474,-0.5028369100483296,-0.3962928986898373,-0.4888746709880249,-0.5040103834151238,-0.3874976129428432,2.511779333480254,0.6284602334811268,0.7205021148823922,0.594604215089074,0.6278227303214957,0.7055203714435371,0.6054640025224168,1.0272798015322218,-1.0833366367792165
223,3.998366366982265,3.917582853855197,3.5311799204090546,3.999288519819761,3.9153219529756305,3.5196766016012035,-1.4173985750527636,4.206512837971576,4.123461915617181,3.807076176053747,4.2032859679754395,4.125318240764808,3.8081125795473048,-2.637007245413288,1.9882328276659653
224,1.5749911316007656,1.486103896651165,1.3092647369242967,1.5767190002405362,1.4893894295825065,1.3159723659833056,2.9608869210010695,2.587404228632087,3.0391654267167967,3.616855318805757,2.578474465587397,3.0386276504404397,3.621804706115211,0.2120435700341455,0.14883015672191421
225,2.5506008121100203,2.529133068354332,2.6721940332184464,2.5617680656434647,2.54519228220353,2.6615940558155438,0.07545264257032348,2.875099221395875,2.8452212976815914,2.9343881013683335,2.863807701278754,2.85704963528359,2.925986055545697,-1.2958573178452089,0.18485649404430723
226,-1.0750244418090895,-1.0515482324779954,-1.16354414943714,-1.059138591376573,-1.0486333920276905,-1.1622651369134112,2.954112682113036,-0.1686505235041409,-0.012111145510717998,-0.013819558548139139,-0.1635039411793242,0.0025893659807071402,-0.03898650174341618,1.009395909194097,-0.4153633584945697
227,1.844926826658136,1.800742082024371,2.1347094154320194,1.8611251250934804,1.8053024002320603,2.1449115501093403,1.2149924329199597,1.216338252871044,1.1628460553497402,1.3110722091469553,1.1955957585501007,1.1997915274311708,1.3651685307123305,0.6053352286977697,-0.1333185114782441
228,3.4374324586491465,2.9514044136972526,3.1462398223726304,3.4374700821519744,2.9483260783749703,3.1501760211991194,0.6184870762508412,4.2117615788870895,3.708504372233627,4.034616401662923,4.208994499171777,3.708288260480643,4.021637341156734,-0.9591801807522299,2.0313467143145734
229,3.7205573894128543,3.306704810607912,3.487637919523443,3.7133771918912477,3.306094925460107,3.476806050512853,-0.5511727912822953,4.127438853557054,3.67213686515799,3.92959423496761,4.128186114508024,3.6701832666625576,3.9363890420698104,-1.3171252110329588,1.981595071191731
230,3.1349424679363103,3.423551808781799,3.2153965070229105,3.1266058826822998,3.4187134835514095,3.2184046783140507,-0.06084529636106273,3.10453743811055,3.5033109743190836,3.1464608520580843,3.1067252528044067,3.5084555049805353,3.1450362218881773,-0.6867349552653633,-1.4115977489863454
231,3.88152456425575,3.9280976250502144,4.052722058108736,3.8865001848950507,3.9189794837182257,4.086626970084294,-0.4484746730544043,4.569471320313378,4.590360042185707,4.874102387103538,4.564517626861251,4.590788848577404,4.878686568886205,-1.7864550553136778,0.06228595054956968
232,1.4756835862752595,1.4446346124285618,1.5369446890638723,1.5055875349012235,1.4460489770812288,1.5261858510834956,0.7201619434087755,2.311006538512508,2.362757067154507,2.3658803253260157,2.310819150836745,2.3330521125289367,2.3617864638199193,-0.9729033227094326,0.37874196074072
233,2.687027104019026,2.5628774807883397,2.8797234832487817,2.6843475519659137,2.565929348448295,2.884166356320591,0.1372777613100841,3.289125613611483,3.2375575134675953,3.706319024798607,3.2808218468066994,3.2302373399219206,3.7180613824373094,-0.940754188911748,0.7871698773406474
234,3.7010212537767595,3.0326917792815875,2.685079896294906,3.6806196034265475,3.0488158306933535,2.6849986098728413,-0.8208735041661928,3.316796069785376,2.635161688032073,2.4396749208539896,3.3058602120815563,2.648114277536073,2.450713663821519,-0.6382065960257823,2.4090154096225542
235,2.7185808908004687,2.7621499085055925,2.544234451888703,2.719294580431844,2.759471108178098,2.537471227189186,0.03778767056313347,3.0079518190020003,3.0637185442116923,2.995255599832987,3.014240570863631,3.0493874139544945,3.0041655788040966,-0.9699034215246833,-0.5195913634778211
236,1.9176550801715437,1.661799823889911,1.7284513889393092,1.9246952426109387,1.6509044032313824,1.7297313036025754,-0.017017201071423682,2.1534898110854117,1.870792711612658,1.8899890983056844,2.1605446820764755,1.8886962021861338,1.9060245217179255,-0.8930078521942708,1.7551849789319003
237,4.276032263498003,4.507096174799647,4.0052338984028575,4.271438522832541,4.503064581272538,3.993247348727633,-1.4392249325592548,4.6403872356838125,4.9835202598713995,4.439616062857015,4.634311628362283,4.99908085639251,4.446893293473045,-2.716103062914298,-0.7498320731522011
238,5.527136135353876,4.728511124260163,4.18798108527414,5.531911785233603,4.7251715369022325,4.191932219235036,-1.7354588984339987,6.234614616936334,5.316694644762699,4.585669955187907,6.237455278429084,5.323107701804993,4.5911665737305185,-3.076218336824341,3.4107115784896735
239,3.563453974668814,3.6669568586779615,2.848704486632561,3.5542809559710444,3.6609975174059675,2.8534728856755054,-2.1194428694224263,3.845456036347352,3.9606971075031554,3.179085454693847,3.842989645420328,3.944838827764816,3.1836867797250075,-2.7677484898002405,-2.8754841563811855
240,2.1013473624104955,1.4283842265002147,1.4903388911904216,2.087528324590509,1.4111839237187145,1.4955109719608792,0.9600917285374386,2.167254739728011,1.2419953853092778,1.2605461693874584,2.1885728877377613,1.1783530299669394,1.3029356059850652,-0.40240943296009496,2.4140052134714103
241,5.221172980632788,5.059910409474819,4.9644972573645045,5.226573105784509,5.042745044507942,4.967410916266725,-1.2741294262265301,5.7203168949701935,5.577559915205417,5.697450834023958,5.742328981396396,5.584621148519102,5.709775670246042,-2.51623580773122,1.557474980336642
242,2.8998670684047756,2.9941673692622786,2.8466502019189504,2.8953638684784804,3.0135817189886307,2.848556246720422,-0.19351802180778963,2.4124843054718075,2.539239576236096,2.536618052387977,2.4112644718481984,2.5362132898275926,2.535441438773979,-0.6846754482200264,-1.8491547034305926
243,-0.5120889508205649,-0.6600428244014586,-0.5952585783840405,-0.512759007750047,-0.6428975964845912,-0.5942818563905387,2.377065441732508,0.5730726516055067,0.36470546754954203,0.3444257348766173,0.5720367789513592,0.35922758339212985,0.3401229676930653,0.5262802496110415,0.7516427375923915
244,4.013048807041195,3.686285826015841,2.7896395350599703,4.010444292920161,3.6837490577606338,2.7914497659978097,-0.47568760386399744,4.488084734166537,4.113398065843657,3.138270814363016,4.4960235385159955,4.1075289605450145,3.145951101908463,-1.5204421897453022,1.6879077219377723
245,1.0147034496390885,0.8218514756758216,0.7691110669902413,1.0088542272715733,0.816433208085031,0.7716511089408604,1.2314165070900818,1.8181044344866721,1.5909327853923703,1.423339938022402,1.81364726429782,1.590126912582281,1.4241043280210803,-0.24966707403014998,0.8690439620756164
246,3.7059679299144452,3.7682447157702126,3.8831008464309824,3.7177069932989206,3.7604095256755365,3.8816079046883067,-0.15394670136307412,3.862303747411896,3.9355742085171608,3.9970393428708486,3.8638481323903067,3.9395431033421615,4.002332270904923,-1.3646213727788163,0.7606635685948745
247,2.5130911582856137,2.2429613004021762,2.238370166669902,2.496704154698637,2.2476087466879267,2.2346811617087377,-0.4949096077650188,3.2893369314811345,2.926522687603984,2.9416901593359057,3.310593335254173,2.919140100242114,2.920101348979322,-1.9297769743761268,1.8914906108946878
248,2.1789991461341867,2.614981630723836,2.0671817096073686,2.169955292243945,2.606791073051482,2.0701568705902584,0.6441768346290216,3.2187366517916294,4.267360488170035,3.949813373880803,3.2038948554481617,4.274232440631437,3.953866593648718,-1.0770774675979455,-1.2017409805676507
249,4.369299097048797,3.3659706728734453,3.489638920304402,4.368698918662509,3.360625780903427,3.4882667711168924,-1.0720943843531758,5.3842789660083215,4.328972157202711,4.698489608290039,5.3756225234754345,4.3123126928181765,4.705855368549432,-2.692149001860403,3.4443891816351244
250,3.411175452333097,2.488090040162327,2.351139319447513,3.4058153062803624,2.4954967404754687,2.347220159802258,-0.14086939520617525,4.010183004488108,3.10029170857321,2.9522498301308278,3.995802194433971,3.099066097176631,2.9497992055900686,-1.5115873122195425,2.776474457716579
251,3.55385296068937,2.5663386162659543,2.289996345833465,3.5510888988613107,2.5754792111417695,2.282588851439869,-0.4864149282036367,4.474188437027797,3.5320871866482038,3.2500420498930755,4.453773749993813,3.513196223704119,3.238083930058835,-1.6170592034597062,3.4970365555051646
252,2.4631537445248486,2.53807019400386,2.719629889258019,2.4614785495358618,2.5275094777306553,2.72032484746908,0.46986572163616214,3.363811099172959,3.438993336035447,3.4783815861066643,3.365108349766346,3.4383407210044914,3.4746269176344513,-1.107728115299898,-1.1054802362114164
253,2.7930710549419713,2.516074775163471,2.651624981275524,2.8018284059708316,2.51717034471742,2.681154340075037,-0.4920768929976659,3.064536286804319,2.7868950949781532,3.0526363102798455,3.0754251965595647,2.794254172178993,3.0778153288042427,-1.5557187154688226,1.88538736568001
254,3.1637340259234414,3.1884053623857036,3.3590060071741363,3.157740723829408,3.1895011125699786,3.359303027341636,0.3177617497239558,2.7055982615316623,2.7234112222744518,3.0912432512060657,2.713930735568392,2.721863297418971,3.077991042182954,-0.27505751480657037,-0.6215831438434394
255,1.1328137693772617,1.0836112773415834,1.0579712127573693,1.1246228539398302,1.0696758928863865,1.0896348892864813,1.513455134831896,2.945241125144517,2.9078181400075844,2.9915091412927226,2.9364982812392513,2.8843999527742232,2.924985484582733,-0.9679733066213173,0.27753897519077236
256,3.581313212845331,3.6210857436733854,3.732052698423206,3.5721465402592627,3.6283240141745914,3.7355287867499385,-0.5867146165341401,3.90213396906226,3.969979035261993,4.098032809108234,3.8977790568799584,3.978006926288133,4.086559560177723,-1.6571795781953322,-0.6984327006788383
257,2.387656179941397,2.432434869671405,2.433377890440087,2.383033884618088,2.420424293018359,2.448323384924298,0.24342154734524304,2.5558291182211246,2.574935566592179,2.7378543743444523,2.57430004223028,2.595636394744768,2.740272019271471,-0.7611185612234176,0.09770374345567752
258,3.171220904077908,2.803652803633914,2.6018474815941754,3.169116695847655,2.788178759215061,2.5985290647977735,-1.4740610728273678,3.0014001487426376,2.6031550106401813,2.444338087633659,3.008411311451555,2.6220371770149367,2.4481241064623176,-1.8873521441235754,2.6048094957209496
259,2.5742935772849544,2.5284696072765116,2.2224271292572286,2.5652182492935895,2.5278004787760775,2.221282086467439,-0.6010966060415904,2.9433947574943207,2.876227581606963,2.517069910294768,2.9288446770770924,2.870590400126306,2.5165227563909927,-1.4500065548417056,0.8866042580548388
260,2.226079016023569,2.180058248601911,2.4875365432132384,2.226201192068023,2.173622247514944,2.478462479355281,1.1029139226004954,2.280627004630517,2.2222730699577413,2.6924604504798713,2.27933828839557,2.218871924405545,2.6949309702622286,0.5867407148372423,0.22851676544641863
261,2.395988002893275,2.4717760781551323,2.0766471509901803,2.3959790815422903,2.4715670615596363,2.0935325204306703,0.050403521954933375,2.8313662606592884,2.9278222204191615,2.535406067863868,2.807404144389242,2.908992413975706,2.5140465484262164,-0.9501172146758654,-0.8036353751789452
262,3.4100877202331006,2.7951134293510584,2.550651508907259,3.398610421407914,2.791592604231305,2.549919655252812,0.7323044787386606,3.3096588211383238,2.59095260635928,2.390914059810137,3.316481598683949,2.5835308057632065,2.391253065269302,-0.36715480259511407,2.4071531866189617
263,3.1130148625123546,2.97700137216641,2.6501439911392404,3.1183671170415894,2.977517300834625,2.647356523301841,-0.45712356229085566,3.1846468487714055,2.9880856835796226,2.7255836434942564,3.1934430953615527,2.9617850018183445,2.737520978314318,-1.364395743485861,1.2861471576291457
264,2.760871833290809,2.2943044540811273,2.2570097648822474,2.7527930023249234,2.2974471527870546,2.251028770175697,0.45909050276508706,3.4096759742435365,3.0071048390957036,2.9296013431585357,3.4113133887461253,3.006360700987575,2.9260711973277487,-0.658492584996351,1.9657513005659726
265,3.354487936491205,2.7989859226838236,2.3588253668008496,3.3423564672129045,2.7881250508455837,2.3619725419197746,-0.17534451406545465,4.276829509852262,3.6146649011133376,3.147876758856947,4.262932497396158,3.6293011916801046,3.154063749520091,-1.7414275958359817,1.7813075509751004
266,0.8737789458828337,0.7686054936587625,0.7138247149182846,0.8861999849837799,0.7709416155626571,0.7326711269527528,1.9571438949656292,1.520746558414859,1.3377598247068356,1.168501744056449,1.5290516301844719,1.283291388124916,1.1594163013143164,0.36859321619853386,1.0220112740047864
267,3.039542475069927,3.1100396246970066,2.7079816167334734,3.0419341362392633,3.1017497128905194,2.7026942523134054,0.26475901332250845,3.1732338394200044,3.2646906275469747,3.0609221908835855,3.177668083996575,3.2664705264979617,3.06511727403879,-1.1617745984266457,-1.7168051448308659
268,2.780073720156752,2.605527345012027,2.7656439253481224,2.780391619260951,2.5998176080712976,2.768061297981464,0.8141179428325399,3.5527200269778882,3.2615184495621308,3.26867648647348,3.5591378204901587,3.2535144591509666,3.271655507031933,-0.8380822565325896,2.4282791318583343
269,1.5318867229763549,1.4120884278140877,1.2260907560984922,1.5015930951695056,1.3863509233117324,1.1972069414437272,0.9931353695948292,2.5380405574670726,2.3969218877717786,2.114819536369118,2.495179916250941,2.399482332388583,2.0539408633546037,-0.7789172231889356,1.3286618249816446
270,4.246887457289779,4.3059515892593,3.7481214646739796,4.2355013066521785,4.2974955144189675,3.7553698934965922,-2.1796085642079177,4.104648981256693,4.160810998475684,3.3914617228761625,4.105680404034703,4.1700204630648425,3.3892613828508935,-2.701887713559379,-1.8989865592856336
271,3.031512036073034,2.758441091218846,2.619328018810593,3.028335143245234,2.771342422310217,2.6534796100176274,-0.346157360951702,3.131546263670564,2.837011920699304,2.6075490486155317,3.111009701879456,2.8415297806657223,2.6510288584817987,-1.0969841888759282,2.020896831316465
272,0.5441494104250675,0.5791461247825204,0.4862977200583025,0.5423300606967353,0.5721476441438395,0.47954030018701377,1.78882833010462,1.5090854828404665,1.540704451588566,1.4822224961051464,1.5028261452400347,1.5484384183049753,1.4846451771699083,-0.29503803289808767,-0.7206354703667652
273,2.1358585932190475,1.6164650056735845,1.4601141724838151,2.135687487713131,1.6214903839325272,1.4635248037438775,1.0418487437774013,3.408673603446219,2.7992250904383837,2.577706141268311,3.4198623406731654,2.806464519678153,2.577554393239869,-1.367600206348588,2.248823417548045
274,3.3176564954086536,3.5396551835730707,3.8674502358278113,3.3145369468924755,3.5372665200145286,3.8731575366142668,-0.9191355921993388,3.532645584457351,3.8444571989001055,4.8833407671855,3.5362569991209596,3.838077125899493,4.86466651211626,-1.8081059553036296,-2.653376133146389
275,3.324496446896013,3.0425509084304996,2.6862606799270243,3.3270361482703494,3.0387570447539924,2.6934139041929486,0.18600030178144358,3.7854343121527934,3.4926287781354226,3.092135476144374,3.7850653535936303,3.4923931130713517,3.087981832198756,-1.0270969399517311,1.644287263317724
276,3.0790239278214417,3.0475595716205075,2.800597519670136,3.072553759731283,3.056860061104211,2.79120439366622,0.3523105095597006,3.527648599784187,3.6201130943679964,3.3427157301140324,3.523546541673191,3.6228779199968586,3.3474114078946844,-1.0972100738413313,0.3994876651493958
277,2.7353921166058903,2.6951499342104746,2.4936629896269373,2.737750395468458,2.7001011709868488,2.478388869578029,-0.19009282920332746,2.769090125968707,2.8281124595264213,2.664088875901685,2.775344353997229,2.82199716415675,2.669671086802869,-0.936934271937647,-0.9635017771330566
278,2.18103693325538,1.731052578848859,1.4662330937138726,2.1747275046770564,1.728653301145812,1.4523658592397999,0.7253811456214164,2.4635731916694867,2.051256658984593,1.836036253669716,2.4617588710169342,2.043824550937501,1.8526323155792124,-0.29188540788395895,1.5736545688472918
279,3.156239928991598,2.5019200731572013,2.4531745734476402,3.1563687048861317,2.5083474317707064,2.445037006608117,-0.6708112819314848,3.5876821965692915,2.9570594400860384,3.0331674682454297,3.597303544801306,2.973736167663531,3.03268538908802,-1.7135722207595607,2.3897977462594064
280,1.6187956082073363,1.8178831733964014,1.8245634210986403,1.6226333407178797,1.8234587203904582,1.824514758039305,1.1233230459378314,1.9869564360104341,2.2569279664156854,2.4394458484943993,1.9901598068252522,2.2385187822425303,2.4411373870451194,0.030332525701075527,-1.2877412145110225
281,1.8228262846386156,1.895697815241866,2.0541315204400195,1.819941428196826,1.8887310218534983,2.05797450846874,0.27852471138171797,2.4326633895774252,2.5217472669646623,2.553230316267345,2.4234377789179278,2.533972807236856,2.541744306927249,-0.8562004017161475,-1.1015078010691697
282,1.3976477840836954,1.2982908358763423,1.53412108272587,1.4361275496704666,1.2853713931071649,1.4729508217740077,0.7493569316802421,1.6216510490168925,1.4570545182778294,1.6550973661166375,1.6383720889118807,1.4557837770514377,1.6388729763929244,0.04742586048457744,0.9852738633382209
283,4.375512335459979,3.5826281233815944,3.239795406369319,4.373360997785454,3.5861618336223198,3.2430995740206283,-1.3830548132086653,4.387552536562818,3.428703089295811,3.0513122844500633,4.378044503001145,3.420532240133072,3.059087136036358,-2.2732287103531,3.8796347481964086
284,4.12262693596287,3.941088267048671,3.6410627101503485,4.12166803757245,3.9359909699029547,3.6396051949979205,-1.1685099576934324,4.5606769193657,4.401597293412107,4.096155825895097,4.564984880701708,4.402353810687184,4.102615228041165,-2.37324539348169,1.4612467601775798
285,3.1339805570086043,3.0961761705780146,3.6560059640686764,3.136075818903744,3.0926567208291567,3.659668761308861,-0.7534857533669328,3.3921012488689106,3.3413355765285697,3.5701260331960896,3.392633115546869,3.3395177962288503,3.58679486937058,-1.6626344429495175,0.6693257108536687
286,3.4460112937760248,3.045892276437986,3.079260036855266,3.4510824416426056,3.042281156126665,3.101744584675555,-0.8625628455920448,3.7768276757188826,3.4301209350978814,3.4625522446769006,3.753864172606721,3.4389693682227214,3.450600935582714,-2.0065247660146217,1.3754700676188072
287,3.62380798208775,3.398373576715426,2.922505140695024,3.6377987142851573,3.4242288126654006,2.900282842601708,0.07037132995866771,3.6103748233261523,3.4502420220178887,2.986368467847742,3.61263893156779,3.4417626021199648,2.9867665163871444,-0.41874768096549553,0.8657045147704351
288,1.53401819585069,1.5605193427239028,1.6290855506640651,1.5383484351128356,1.5732703371289471,1.6185871913422751,1.0369154095255317,1.2307512211712266,1.4637973381906464,1.481697558505174,1.2240195949270503,1.47487565492924,1.4962855661128334,-0.07662899537557762,-0.5001787677444605
289,3.252472961889572,3.4194182247892124,3.138628047257634,3.2637892836793037,3.4241502731988067,3.142296258183494,0.14990243916372512,4.19876020419786,4.377941124550864,3.790923303837904,4.19765950615097,4.377322307766752,3.804706696861596,-2.1996850998460538,-0.5554073118325312
290,3.6134359108711664,3.2179745939115163,2.9193123460402965,3.6237386859246254,3.216599317084989,2.9247957423321966,-1.4562040229020297,4.118824322926098,3.6954775736915964,3.2568915674030587,4.115380050770249,3.6933065152644957,3.2645586576835477,-2.317025909641912,2.922546987128584
291,2.0746510070984208,2.1352111136115868,2.095151685496134,2.0920673514358312,2.1400312917406747,2.0488477615296854,0.5767348884815697,1.5347046086698186,1.6106132868365735,1.4264744232582645,1.5606740124191938,1.6151431671432344,1.4193521628308232,0.22329978082873,-0.8555415574809532
292,2.297416896075052,2.2955790916210304,2.4449709302835845,2.289133820230896,2.2893702788193178,2.4532608609451385,1.250536210241104,2.6475013259393836,2.6492672283143963,2.937932557284703,2.64475233076672,2.6501267916059486,2.9368512485167506,-0.07249642141890278,1.3087078337445166
293,3.3407454167131805,3.3647549157908867,3.2804682360722004,3.3417768802913903,3.364266227634379,3.278191182603766,-0.9628319866276264,3.2377607072879897,3.267377457123097,3.2658370164350745,3.2408510249082534,3.2666503757056558,3.276524437744172,-1.472197237166867,-0.995228312948634
294,4.32134379944793,4.3202795923336,4.044309527055814,4.3055695377793315,4.332185793065729,4.034433454584298,-0.9592817199996029,4.6324248389171885,4.709686429127847,4.318916067193682,4.623279580259553,4.709475802250622,4.312621326716716,-2.209632249504029,-0.16760780024296268
295,2.724648366035389,2.8049568618137406,3.1311433227125294,2.718575428805445,2.809168406077358,3.1310317865929003,-0.4034166423089722,2.9291715955269884,3.014338848089987,3.4397242093973457,2.9236837739185413,3.021371835578257,3.430519800855697,-0.9504293732829746,-0.19760941656764253
296,3.2733058346751163,3.187571555314752,3.2613825742140565,3.2731084458177886,3.1911947068417215,3.2579114348627685,-0.638296819202085,3.602980327091111,3.4920517505065116,3.4912186653404964,3.6074080301859155,3.494111036575928,3.486982122822556,-1.497435894562098,1.4121262219576505
297,2.6022425903577617,2.894784621635485,2.523679531234391,2.5987684574855736,2.894355613049149,2.5281349631385748,-0.14746231592947132,2.710843936258614,3.036304587909334,2.600528849000258,2.703633156069197,3.031460525951854,2.600309700865621,-0.8776628760732003,-0.6529789711636961
298,2.6684503553652803,2.642379315299339,2.243823578807825,2.664658800328184,2.6383609688157086,2.2542866965323385,0.31827345302366133,3.3210560211730487,3.3582938418243016,2.789602674954823,3.3168658641470237,3.352074504609893,2.8011386087491026,-0.908850287378123,0.8656588140134224
299,2.896697890183295,2.8748016441036532,2.7053352590827378,2.895101808662373,2.85338350603458,2.692701855555901,-0.3384970451552648,3.6654368948845124,3.6991966217387047,3.532775249588459,3.6469167388702304,3.7206781598254066,3.5003246503720553,-1.5621764682637873,0.35678787050322197
300,2.8425783153644684,2.8084541185287715,2.7522584314978884,2.838222053408309,2.8086096396561038,2.7645987604025977,0.5589958633596017,2.6087771523351155,2.5188394919097457,2.4715098771119504,2.6136651937651,2.5108838362563812,2.503099115608532,-0.32214186004808576,0.45548843174046383
301,3.2420758680499744,3.2989739165431877,3.2242399376729485,3.249598857627212,3.291022442633767,3.2402138204128956,-0.040389570041792756,2.9038763129810357,2.945476379495195,3.163115838847968,2.9128740955867847,2.9358742880281206,3.149956538331365,-0.25366501758891974,-0.18593385206692337
302,2.133074901295454,2.0641350611183418,2.3890060354525287,2.1271771754940083,2.0612540440735767,2.386155277914251,0.06717098577375974,2.752414088309658,2.6908502379335544,3.11940034757189,2.764028751237545,2.6841920761581517,3.118510629740725,-0.9975024562468908,0.4845745445678448
303,3.289452593366435,3.5426587159146616,3.5776389514803264,3.287615784451713,3.5402636220610586,3.576788279667281,0.04011150351822812,3.809727472509871,4.188604250282893,4.310478300484349,3.8107533744371898,4.195574094387598,4.306430000258154,-1.1459739317127524,0.5657329075023997
304,4.213299841371023,3.97017007064995,4.281588851338345,4.21007146326041,3.969154209687604,4.274355419561907,-1.528189671098522,4.32614237389802,4.014353310612574,4.1963757895946925,4.321999239958105,4.019491501194293,4.200521251498082,-1.7468882386210036,2.280396292643315
305,1.9968066488430136,1.0541479555575275,1.2711606143948306,1.999466359032055,1.044139615893765,1.331463790227744,0.9045992456996246,2.312585130993016,1.2379000713494595,1.3979887827630622,2.3461097160157585,1.2023010311410183,1.319714438983148,-0.46746098947489373,2.1179661621474013
306,4.593492374989934,4.712493643134957,4.284445125730068,4.604377429582114,4.706201115121706,4.281249964926493,-1.6481139005931906,4.618676987606465,4.756050975425905,4.3263030758457095,4.623778857578635,4.762551913932885,4.3268977209187796,-2.283189205176292,1.5688061796530208
307,5.31035888374944,2.7733797058014393,2.9013107208355886,5.316698275452734,2.7886141914046645,2.8968337320220656,-0.9718566357470326,5.5422999910720305,2.986896551357842,3.105805702058243,5.5433551277396775,2.9726460840213096,3.096535079578494,-1.7810272729125798,5.063913286413894
308,2.241728247972974,1.8277813635279834,2.1429649722682913,2.239339755926543,1.8350880611888287,2.1403211774369235,-0.3754738983514988,2.6274416432521033,2.093566629451117,2.5348639554257413,2.6306705519535045,2.101834680541066,2.5383516679781044,-1.0259692647894627,2.6606013274291644
309,0.14432109019544076,0.028323696928787407,0.028550817255893993,0.14757632108431837,0.034357416214014315,0.031505673303737436,1.9183774888753344,1.396679643695549,1.2409007060993127,1.2285102071749427,1.455006337942984,1.2473856615346703,1.2502723181610471,0.07510321541964292,0.6388855519912626
310,3.1955997371536893,3.2033577944970215,3.363269617513353,3.1889149941492634,3.2029172620008532,3.366096777917334,-0.5094475657387111,3.5007632416485595,3.500807780878058,3.5504333415748164,3.5040264920831605,3.499704425422449,3.5488249243477075,-1.5675978394078953,-0.20916406921685954
311,0.9899574653688981,0.6810198881841973,0.6418491677627247,0.9920761475556648,0.7040516640118385,0.6412424925077445,1.6120921837728412,1.966647283986724,1.6127116248707012,1.5507149344559243,1.9695674821745355,1.5807139413779858,1.548902524540439,0.016989038030569458,1.9296680851914347
312,4.221236940226568,4.002153799058076,4.032179397702928,4.223943516045558,4.000411636304484,4.042871498771751,-0.7533982599357522,4.986135135582528,4.874672812285977,4.920891793917077,4.982438994331569,4.867594024619305,4.916358590167864,-2.20181454851947,1.3542840475661981
313,1.4805018452661438,1.4355052630631548,1.1872746293277794,1.4849905436608475,1.432360020596994,1.1862791805877728,1.4167600409142063,3.409709316101559,3.446117814925577,3.2792951054346826,3.4209196236943553,3.446655345651531,3.2798016645853814,-1.56238355113441,-0.4266901687470471
314,2.6035242700599412,2.4075218729200127,2.2114857524651503,2.6093582101404413,2.4135342799413344,2.2105526567524567,-0.24735518233988543,2.8210680057744235,2.651392800107743,2.6785539072016435,2.8069941302936345,2.668409896272697,2.693774321212289,-1.0554137006377953,0.9576288659364809
315,4.6056895873582695,4.648677165140998,4.400046196214298,4.601814399787346,4.6414632104349165,4.405241917231171,-0.5172043415052457,4.605541950227633,4.759187131525466,4.456062197268609,4.612057452050518,4.759824066281715,4.4680538297457035,-1.1263246229038535,0.8542934447450528
316,2.405550411374249,2.5455718240495995,2.4199678798599233,2.4088586339787277,2.566981111628713,2.4481976349084853,-0.028031741463015465,2.4318528965882082,2.61294191643497,2.5413740672042757,2.4268771494597168,2.6018927607668165,2.5299682932005245,-0.8367097537949494,-1.915446841868198
317,3.4723158374299383,3.5193226203412467,3.3811382616434575,3.469679178379485,3.525021868033868,3.3703080347538386,-0.2647277864105702,3.8577150165797907,3.9140352100544487,3.715571197104203,3.8458184521719665,3.9097024404587204,3.729403869773112,-1.6264096105878825,-0.31925493797497156
318,2.131841216685433,1.9615460009312662,1.9531562707977301,2.132110302391972,1.9534930527307786,1.943184666982514,0.49920345298514146,2.940467116369971,2.799458699239691,2.7347758142126626,2.9392970065079265,2.796304383261277,2.7425925985769277,-0.8116385423850498,0.7392090966100183
319,3.608897308812212,3.0061396450762476,2.9012976625628872,3.5885120180829935,3.0291745250024187,2.893774477719204,0.2259892010888679,3.6038355005576825,2.9185188510200577,2.8123365787709633,3.6013285279033687,2.907649135304396,2.810310467018547,-1.3594751467188184,2.768029299009644
320,3.8186774402672006,4.0292604591315,4.084190305915304,3.818887788617369,4.026483589409845,4.0878072449465135,-1.1275140502746277,4.044984339965915,4.295176333082696,4.487378384776779,4.0506058656698585,4.292791343436786,4.486245781308403,-1.9078159463202269,-1.3210932345043562
321,2.6172572018840423,2.318478079728282,2.4497782179041416,2.6214958913608646,2.3204076206045627,2.4496114693469715,-0.5785316685976648,2.8662330320548315,2.516612107469715,2.54825943164998,2.8638671477283832,2.5238776386604966,2.5630659818164703,-1.4446431375161923,2.1603895608245822
322,4.475928693135411,4.113156972466132,4.307337377865255,4.45954993377686,4.111748788017025,4.309027317523456,-1.1593797929931842,4.911638780279705,4.502602266595891,4.584398073311596,4.908008133757852,4.49297484515685,4.581677245841709,-2.318205690272154,2.2635445752055725
323,4.318260001551251,4.335908352953634,3.7268004321723285,4.318834661644891,4.3395276812114325,3.735873156619677,-1.646396919641839,4.4339772737001555,4.470089142191522,3.864183571537592,4.4359094701528985,4.477974868426301,3.8633818020125283,-2.346316885768263,-0.7826576480779976
324,2.288150314163573,0.8099303151484618,0.7407972450648718,2.2940799862981316,0.7977329128494437,0.7502127236468548,1.3171061785701856,2.9718776949807917,1.7271808916313935,1.8131024221418772,2.9790748321016967,1.7392574794980646,1.805222862440161,-0.37766113402706625,2.3014057659278366
325,1.9833842669347586,2.1786975717259547,2.2080930219215196,1.9783884284780446,2.1902009044505424,2.1936826646251157,0.6189636180262211,2.8361184081065294,3.0809907197040585,3.1077191744044224,2.8325358191601695,3.0937214148732197,3.1059416189031865,-1.0651817777625705,-1.7458354964029492
326,6.041036864045159,4.6742784934198625,4.42001860147446,6.03615337625905,4.6825433735469595,4.423804982210289,-2.452722215501842,6.37293302755379,4.9100161943527185,4.734090673234567,6.3689774577117975,4.924827530665573,4.7338780647510275,-3.574460858856793,4.3720173914867555
327,3.4285785587684416,3.1373642233670904,3.116862207295201,3.442413149391999,3.139492822738747,3.1165282071702745,-0.27575427908315325,3.6735476344380387,3.2764659729127947,3.2511935091295805,3.6867649833809413,3.281081729258079,3.255481318029099,-1.3263697300624158,1.604476785416813
328,3.3434408138399614,3.279316942929918,3.101741385479559,3.3452312501161963,3.2782867119324552,3.1046571296464096,-0.1604689423199403,3.5745621316166796,3.5229968326979777,3.3136669076623133,3.586381139910375,3.5191399027667054,3.3154662007715925,-1.1468349420054815,0.10962550815557116
329,1.7859631116055807,1.694780991566386,1.506993016546832,1.792443754866683,1.701547398288703,1.5073878146185113,1.2933842406412612,2.592620609522995,2.437563437500865,2.145005617185227,2.5956742633686156,2.4139691455117545,2.167602505740361,-0.3348306984003572,0.6391865356960994
330,3.211811442246722,3.274275065109576,3.4767375632091513,3.1995863604369346,3.269554264454195,3.479700835698566,-0.4043753140333514,3.315146368801331,3.4323619116458617,3.5599119694791295,3.3541788257320206,3.41902061199335,3.5485233309555966,-1.7089896734448975,-1.0697421605439115
331,1.9758512782181885,1.9481424785504269,1.7896952673302797,1.9696919986138113,1.9675146556754024,1.777243559083808,1.073961778447815,2.945053618189492,2.8747791395043834,2.769209192932982,2.9451896964806066,2.881102479783454,2.7764681672141376,-0.6939087434969154,1.132546848664002
332,3.0726429129735755,3.3649163203347627,3.3344564967948114,3.0676415338708374,3.3760809370717477,3.3358324745078534,0.7654998859737081,2.655525740741425,3.109075701285391,3.447628387250422,2.649987090139507,3.103040564588913,3.4487033766855193,-0.3203198562218806,-1.7247677655329774
333,2.298639106316998,2.3301527331598275,2.21608474742546,2.283600315069085,2.3172415242250066,2.194425345646439,0.39629681277059675,3.0461982742892824,3.1001383760595616,2.8636551312499994,3.049026969289481,3.1008961561624417,2.844390553717267,-1.144136158380178,-0.4900015476151594
334,1.6870999328120375,1.802637884762904,1.7903559220961736,1.6764443877624398,1.8159106541235364,1.8015082660041999,0.8006695116942995,1.6297228907640084,1.7989694524794004,1.8531341975411941,1.6270572907938055,1.8071402144475084,1.8807673481539184,-0.21986393246905564,-0.8002313625803128
335,1.744165371599405,1.8150384492792462,1.8363595522636877,1.734735190843194,1.814785246052171,1.8397395798022649,0.3068777087008613,1.906039413431706,2.006554560859728,2.081545694070982,1.9062026091793491,2.008094177898784,2.0792610531560896,-0.34578887216905335,-0.8127436935703876
336,4.945739820882218,2.479667681557707,2.619580675383902,4.9352943765661985,2.494405555945849,2.6342702311600434,-2.030290741575597,5.856614318882596,3.3703061580159073,3.1728531315276363,5.9204978336445295,3.3352134567835785,3.198379565095975,-3.2828140595368316,4.993750915026545
337,2.4494044673859845,2.4330750768270697,2.4423557778684293,2.447710051174351,2.449970488608238,2.433122322221453,-0.6669486583858679,2.7934142207612083,2.8127665816176592,2.5355867068163738,2.790232074265849,2.819288356728574,2.5266993017712767,-1.5918801179536304,0.633491514457559
338,2.407537715541962,2.336766430699778,2.1537507113164076,2.395019431587138,2.3516437027696027,2.2235507965098678,0.35954190963325255,2.735183603630884,2.648040343710005,2.437556315271302,2.7269177899729224,2.6896571058312864,2.4283206300593436,-0.5364150211397118,0.7210622562849457
339,2.2384760045501833,1.916669751385525,1.878483895074566,2.2071535685094807,1.9079854309916713,1.9017651159066116,0.5193007641205849,2.031697571675307,1.535018840722316,1.5730908891501696,2.043487133934092,1.550932039510764,1.550946846357733,-0.11136034650964889,1.1887272036754133
340,3.9997845274141874,3.667336564015591,3.577792192381555,3.9985294736339467,3.6649214667843366,3.574186465442735,-0.8875820242802567,4.2317091508897935,4.0153656673560585,3.8246561642274224,4.229434184039048,4.016267125370276,3.8262627165495653,-1.6541354582912278,1.8132799481258481
341,4.876304723364132,4.690188163435398,4.953547064252856,4.87876090496371,4.672783136486686,4.956698948533545,-1.7870710718671516,4.408343366295336,4.222887201561883,4.360681856444564,4.41503166445767,4.218215750197674,4.34876229172239,-2.301045284564157,1.7136791354723968
342,-0.5073978260259809,-0.3716301125625193,-0.3996253913099845,-0.5174251173137742,-0.37265958787206366,-0.3721838421044005,2.5230578802906876,-0.26187707324794113,-0.02461535584678926,-0.02817729749569883,-0.2784847254832464,-0.045359250418735335,-0.09694180659791647,1.3547356375183317,-1.7923235801853383
343,0.39150150815149115,0.6266298703889424,0.6095327750376918,0.4023625559943026,0.6293457590671806,0.6292744187956996,1.5451322296153391,1.2379547149692662,1.574074481357039,1.716782411407736,1.2687933341174722,1.5777760861556738,1.6995190719345594,-0.07505821599805916,-1.194028185300418
344,6.004329199803988,5.463250391297676,5.269363891227598,5.999048818780672,5.466413797818597,5.271831560873432,-2.4870279209507324,6.125071895017165,5.493235663226891,5.475095240346983,6.131931462027138,5.49776515939987,5.48020887302277,-3.1319565731465997,3.474355775840146
345,1.7241111698069531,1.2795790457712675,1.2364225119816032,1.7228171442691478,1.2940197239367637,1.2453380091977142,1.0608698010045428,2.095544794077102,1.565977898280219,1.5476847033777041,2.125671058763962,1.5851565982671878,1.5531115308605856,-0.11500722709389342,1.4541452219743929
346,3.998533865054037,2.6777741757494233,2.4031096003231074,3.999273449139581,2.6668849667211387,2.395561503401453,-0.3772593794657804,4.270597322106679,2.786226312557947,2.526073133531736,4.25902899949647,2.7944330601641605,2.5275952756213473,-1.4550830807772255,3.3591687022251744
347,-0.10159130329637069,-0.32679352154677593,-0.2875591127967741,-0.10921927322220557,-0.34955646599359175,-0.2888727508982833,3.5837613581919405,0.049314219008267865,0.07808610811069384,0.06664111726906886,0.04003303015167882,0.09840518376846716,0.07051973040767165,2.210063493739387,-0.3386042113011175
348,2.6986258647181387,2.792217000621149,2.5650444290435486,2.6885273084953996,2.823129778337489,2.5455630750161915,0.8705391072710442,2.320858255084432,2.4461143461757646,2.2940225758823596,2.3256514778064448,2.481996528537382,2.2941585795352792,-0.008184357991652565,-1.947388587018857
349,4.779432978495749,4.642507723390546,5.0032163705364505,4.783279217302873,4.646655812448509,5.011732182772075,-1.2053110850622268,5.3277770675322165,5.164740875778667,5.861979283795744,5.3176372610173726,5.166166789987883,5.859259545292694,-2.9610002832112343,1.6749087557621993
350,4.419399632395161,3.570445312411366,3.7053591062848317,4.420422531069179,3.5718965515733587,3.699533138960934,-1.0080075529047943,5.356281808006466,4.5062402265455495,4.582774840542433,5.359648120628133,4.488211130425075,4.5813480797835435,-2.8706754341995384,3.418062789019235
351,3.118087248406353,2.7872163651116946,2.171050950080307,3.115485791632827,2.7950422036986304,2.162965030117602,0.15565878461345795,2.8987447811856892,2.5311933682150523,2.1673281813807637,2.8994633159323797,2.532700724195475,2.1641516505147935,-0.6141737677065285,1.2241867140900395
352,4.13554199591784,4.124984099871095,3.930703727370086,4.143579076735979,4.113594937844043,3.9335484610129305,-1.5737930048722624,4.8161615033001395,4.904221598637732,4.591380919112916,4.818823130549643,4.910238379239966,4.595966362858855,-2.8802779540230627,0.6578987834238487
353,-1.5276648339134573,-1.5135825041282627,-1.8301202843364466,-1.5075879824219351,-1.5178140616075384,-1.815657308326446,3.276089668017106,-0.48007734608308356,-0.35699766643323516,-0.40023950262259056,-0.49684430538513136,-0.37934879303190167,-0.4018964737366919,1.5788861936000242,-0.40877902882390615
354,4.573482770423233,4.368798504402953,4.165408005808934,4.574440215574947,4.3808556575444575,4.170984511940528,-0.9176561960256435,5.283380767341823,5.152561627921144,4.909480716205836,5.284985554343943,5.155615822652069,4.910824138576575,-2.7464513223365854,1.430821589099677
355,2.865758194206081,2.8733776301549008,2.907728405753216,2.8783141568111983,2.8730852357157226,2.876108581021475,-0.5318584749085656,3.276297886961218,3.2796322437267045,3.3172094746535596,3.2866355408045624,3.2733548013216076,3.315666522896054,-1.8962051243597413,-0.09507265483346031
356,1.0120906038865747,1.0308716516656489,0.9915030630770876,1.0400857467501645,1.0392335315128798,1.0146923006761448,3.374180083190246,2.9740511135672274,2.9965120257481908,3.4785580590407066,2.9920312913069793,3.012753200431339,3.473435230431476,-0.45129985200929323,0.10865080643694174
357,1.4927651176460766,1.4572899173495493,1.4532147129918758,1.4917305837359842,1.4771518180677108,1.4637845528822184,1.2617892689065417,2.094204851905995,2.0273778799969366,1.8881634882059033,2.0922006589926108,2.015924130034315,1.8980535655021105,-0.41099894512650925,0.5054290357633537
358,2.4812309529067966,1.7254324298344792,1.7084807283024523,2.478549960422495,1.7291295033970755,1.715915978171851,1.0950615179559613,3.366120913682506,2.614380352765938,2.448584864801934,3.354222010466909,2.6377052156277263,2.4379701625281953,-1.2637593623200747,1.7192929787679951
359,4.770336339555983,4.274446094748627,4.178462156846936,4.766847946645695,4.275487633321154,4.178155308682861,-1.417388489952502,4.676259777924648,4.170378534351045,4.10778162175215,4.6758251412003755,4.170413045010987,4.1095713516014065,-1.8822511598912475,2.9551451032842553
360,4.3959518449610995,4.559047535873396,3.941528096036267,4.40078892241049,4.556809331140453,3.9313485939237878,-0.927545886205015,4.908632106997052,5.327246288660703,4.967107099149117,4.912137031169826,5.349003454659587,4.966530649283773,-2.0282310830608457,0.17907017335226513
361,1.3785498017915698,1.4678598619763108,1.4082226023495463,1.3758272091850217,1.4682718378362285,1.4062688665785106,0.5106494333654872,1.9398653495511202,2.0489612925732685,1.8768176167683726,1.9458955918085192,2.030250602188281,1.883065394620175,-0.8380983322722242,-1.2588419794682706
362,4.212851049005285,4.037339773742815,3.375852321158469,4.215291329515511,4.048506116932172,3.378608695269738,-0.47324825641560425,4.612556686943663,4.607587656991569,4.00494382548303,4.629168701022555,4.610997455058094,4.0009111476103785,-1.4462798079970711,0.6826163868679699
363,3.613230172579344,3.6965370993746633,3.663511409349376,3.6118708140822102,3.694791408449902,3.6727725197261014,-0.9688529792823791,3.6983195882266156,3.7917456320597074,3.7795021211949265,3.7057617469453232,3.7892358494160048,3.7785039080851224,-1.488779042677903,-0.7758545005515619
364,1.987629386851566,2.036517930608994,1.8477664489417516,1.9661397534334861,2.045023548626778,1.8630925636054512,0.5049979031164645,2.851876888927118,2.9180640899164065,2.544907706377324,2.854328863133947,2.938573110797642,2.619872903125252,-0.8944653320312339,-1.115400490458865
365,2.035482887532187,2.0589289093214864,1.774108948249303,2.010004681605348,2.0652182928678253,1.7584512490717965,-0.16329673769202455,2.699635238689764,2.764732195521699,2.5474941465026273,2.6988980820594555,2.753212165292767,2.531800677262103,-1.60145531760986,-0.17674872294886745
366,3.032394582394053,3.3729620473028072,3.678829547222007,3.0389475312863006,3.3639760904425398,3.6747128287108697,0.11110217639455836,3.3536511316778115,3.7509986346200126,4.068560324873125,3.3493299055795465,3.751728121922917,4.069674912651614,-0.7639519983583833,-1.419988899272722
367,3.6113945742153932,3.412937181999058,3.37090197401892,3.619616593485072,3.425932030119377,3.370862052819391,-0.16268030429426752,4.37233017360251,4.163331631303887,4.12866305477373,4.365800637815457,4.165896905265708,4.1277678443055645,-1.3258225815844267,1.5206162707426762
368,3.5966227740742864,3.6076801695357794,3.593598733073947,3.600228959424108,3.597627281831033,3.5915077837453313,-1.193090305430076,3.674761189264922,3.687763528439534,3.73696615641008,3.673214472851023,3.6978617383653236,3.7347121668725953,-2.1698292276132336,-0.4974288367098951
369,2.759659036602747,2.825555527183805,2.353266525301804,2.742906276606454,2.825235879470017,2.3544645519709624,0.2753863983063783,3.929642671163023,4.113129121753571,3.6206906472673452,3.9257358789242156,4.105838341817849,3.6229437988874595,-2.1879298590577196,0.2566933084404955
370,2.895684841835103,1.5901642347144969,1.4442210061007266,2.883685251391546,1.5810524142303897,1.4423470943043692,0.294177790312361,3.322487601501132,2.581712795852247,2.327485667808272,3.3218435233669594,2.574270485381899,2.3117893393465265,-1.070000197814027,2.073351074876864
371,2.375714701949664,2.344688637565738,2.555757221999441,2.3848847114754657,2.337384273834076,2.562487154592043,0.5118080871229584,3.0346153315257838,2.996943531352926,3.432025928027047,3.027707809494716,3.008851324586317,3.41776018796884,-0.577269706140023,0.8236766153136112
372,1.302497987834195,1.2531362513251985,1.2118541887978962,1.306567973120414,1.2474594009955466,1.2114027127333944,1.1328021185884574,2.099124421627787,2.004483055652345,1.9964546600619106,2.096103771928431,1.9999636683168738,2.0045477685236426,0.156526248768225,0.7043644422995818
373,5.178605444437791,4.626910668921725,4.656764087762544,5.169524277196858,4.624069088694685,4.649549609006081,-1.465648453658696,5.514219443254934,4.963929905148828,5.034879564836436,5.508259409596226,4.964972886234058,5.025724520366154,-2.2350005827132615,2.739707250769848
374,2.5345901313303405,2.5841791666951797,1.981054706054862,2.538159380123143,2.5948155936689874,1.9767051048609707,0.6270704183484359,2.4934889721949802,2.517446605985647,2.0205733208136056,2.5019835700329525,2.5146817175834295,2.019397608866838,-0.14480020722227338,-0.46273742773790627
375,3.8177880731147114,3.840807542321538,4.134090079983298,3.822682200023953,3.8433558184954184,4.135968627216339,-0.7791737741445092,4.285249213124814,4.305469000678337,4.515701161588938,4.290926740525497,4.2926265626459434,4.509858444410351,-2.0012737424557043,-0.6421282452877178
376,1.3341499767800877,-0.31467736333660534,-0.2839654458580117,1.3386952531667953,-0.31312855336258444,-0.29769377956219706,1.202864177414366,3.8736134149965213,1.8557691306395863,1.9682760499979726,3.8956520828356545,1.85808166125766,1.961872156935193,-2.0764861216125063,3.880804726867746
377,2.197170528438843,1.6630748018513724,1.7030613067446685,2.2024116168130474,1.654764545673638,1.7171695192388021,1.4470986969845754,1.1477706965007506,0.3245465127296902,0.35556174013865866,1.1527944517390636,0.32581595695909665,0.36023973282319083,1.420331759747721,1.4545323105188506
378,4.140321572773916,3.977454372928678,3.7525574153085697,4.14145855742671,3.970382783979874,3.7560841966147973,0.07991037153938838,4.022705299066833,3.8227758927954416,3.620256026589071,4.012257279464778,3.8227044212286163,3.6198969048286362,-0.6992737371683257,1.251885193104465
379,5.013901610411902,4.708605684981627,5.00452548792487,5.008741931152645,4.709201509392604,4.992594695763424,-1.2774414684910107,5.220370934343509,4.8821516800559595,5.241735598955931,5.191647748124252,4.881970038737099,5.246470945387896,-2.1014429613682393,1.7634292421038087
380,-0.5859816560557127,-0.8272075425787252,-0.5605015711825211,-0.5850059030198506,-0.8268693551648082,-0.5710571105667884,3.1701489854085705,0.9464396444480259,1.0202876519014248,1.0117163607045283,0.9344558688302613,1.0074647250187219,1.0156422372198155,0.5508294020656649,-0.1693637465964249
381,3.7894409056194376,3.7702181334680906,4.146062442238654,3.7710495698976794,3.769857388950515,4.153955276938175,-0.686625813136045,3.2205963919320424,3.1981098482581993,3.4638697653769497,3.224353431089631,3.200753835729091,3.46710102382097,-1.6491244531598541,0.03489634928646892
382,1.196916226352848,1.3888216748892017,1.2296615981927912,1.2048091906476726,1.3789216284416044,1.2270483269027899,1.332289077194927,2.2846414567643114,2.5720296928348483,2.2334567177123827,2.3009108371535674,2.567985768206711,2.2359418404903515,-0.7552556270995971,-1.405969936567698
383,2.906421669525438,2.034507336488967,1.704653977581443,2.9113354197418655,2.0261097538986705,1.7064081116411034,-0.15105566978055107,3.3300702720773496,2.3603262214303395,2.136898594570998,3.331724546972708,2.356907092551588,2.121893324603626,-1.4512891775527423,3.1014354969354256
384,3.0069627107737387,3.202911625167412,2.860605152708823,2.9842775828255936,3.215917837336559,2.8611107550912154,0.6041831198612312,3.031091345736367,3.3116104527763115,2.7961947561607206,3.052630381053399,3.304520290139523,2.8113064524597506,-0.37106775152367893,-1.4741247891599059
385,4.274021270683431,2.968670814496156,2.9314010511404507,4.277398124712759,2.9727203459573124,2.929764549607254,-0.7732050620706106,4.564812733402397,3.1318056656829514,3.1269678822715363,4.56959314874169,3.136889919114435,3.1284151640405438,-1.5107391816039424,5.191038525600748
386,4.912015582563924,4.943441594347386,4.117527788910331,4.914461223982927,4.940002252410422,4.111748101273217,-1.6173665622937279,4.881896704089283,4.919189574780358,4.053007484329814,4.888209283685763,4.916666854756257,4.061190891720491,-2.1624346275644,-0.21632465863756437
387,1.0910631580184849,1.108964466911811,0.9065254440843307,1.089105364047074,1.1023183449268945,0.9120614694331254,2.325825556951874,2.4958635658326775,2.5040593632859554,2.1345764997447576,2.507187001847322,2.4996911231756993,2.11840584624637,0.25402887837034527,-0.23728920017356067
388,3.3676420629765014,3.418673231701913,3.2603979084625028,3.3653601858238757,3.4319720938494354,3.2617719373362077,-1.371989506391594,3.2191427977132774,3.2941155838207345,3.214812051985316,3.2073285678348493,3.2967416159391663,3.2082396153492665,-1.711478432728558,-1.707674491618438
389,3.195479527360594,3.071949336820477,3.1428477256170777,3.1822881225756037,3.062470478425282,3.1406665064743935,-0.720631779500253,3.446899811091941,3.3040014462675322,3.2610226883175017,3.4274016948346158,3.2938028303590285,3.2476218144102074,-1.6007173966532304,1.6032536432402766
390,0.43579363075867406,0.4375632218643359,0.4294511006226864,0.4449248797556933,0.422519666981947,0.42244240332833755,2.0254434204889407,1.2562539386648315,1.3563066878014007,1.2653176756109492,1.261124493665675,1.332254457362191,1.2671437526213618,0.0658047965404408,-0.2534563311861314
391,2.753272845349696,2.7965458042802513,2.8219967953748273,2.7451079340059694,2.7925158160156323,2.8216023578471523,0.27470878649873515,2.971910805163135,3.0631229806696645,2.872742481987451,2.95613550871207,3.0574708316648658,2.87249766047723,-1.10451128932703,-0.27715392476421263
392,4.721016823185159,2.545509992406538,2.36621324146419,4.730977806535532,2.537942164250109,2.3660104652968044,-1.4408318901529533,4.8756126134864095,2.057565007265792,1.9403846143650196,4.881611471377859,2.058972359301612,1.9319484283257675,-2.4401057179247783,4.980027866842115
393,2.8753117965417405,2.9131656657008893,2.903233098629846,2.875643929750429,2.9060742016575367,2.9066889976618686,-0.6464597205487645,3.198899040350592,3.250711744995096,3.1541044373601093,3.2157160412283186,3.253375330530959,3.1483720465315823,-1.7003014461060062,-1.5847647350503007
394,2.6170002565631605,2.4888460799055534,2.6422957436147176,2.608102672247932,2.489879245802078,2.6424565062113894,0.06713829337291294,2.914085103582811,2.7659707386996835,2.9556502053963776,2.9062092267203865,2.76983569057206,2.958954332927318,-1.1528020745688112,0.9524191481516885
395,2.2562139541545188,1.9881197430086415,1.9606335648904378,2.2703313241356304,1.997270788485619,1.9515404771213993,0.3049533905040933,2.3599342904449565,2.078855262441518,2.1806549098365893,2.3593312306178955,2.089273690603634,2.1615209825104067,-0.3124630315673486,1.3704549641578447
396,1.4167366041321343,1.5647970207119224,1.591823171743047,1.3970218461250745,1.5599187124449765,1.578334049641846,1.0464649175600296,1.642094076965798,1.8097521580293139,1.8830645660665704,1.6459752895577189,1.8054373730652975,1.8865461917111377,-0.07064525117644242,-0.6676945172284742
397,2.369522301904592,2.2730542122212545,2.2767607504737253,2.361126994708214,2.286001087437292,2.298025319261663,0.31218730206623174,2.712871334802563,2.580048950756646,2.763733554134852,2.709610012207352,2.5866153420835896,2.7569642225508093,-0.9175853546124711,0.9032912996659451
398,1.8581458463690061,1.9768742426804302,1.8245099074557345,1.8594284850401923,1.981489937237841,1.8160221847800313,0.7280163460453818,2.365363371244711,2.535241438865734,2.2610068622947166,2.3541515240213973,2.5437324932782923,2.2572104975468337,-0.6152981188572219,-1.3480659335230618
399,2.9353462846684053,2.497912104016705,2.6240485917556033,2.9345331246722473,2.495486929105917,2.6401042404894,0.09318659161596302,3.776342428318078,3.4154620292930455,3.3308395675258713,3.781290948823672,3.420080925717595,3.3165173487492328,-1.4901327977811376,1.844996875701255
400,2.4905822892133336,2.364264633165763,1.8099547066550634,2.4750725974264927,2.3622187500289895,1.8089751613818976,-0.7048584944200454,2.7078083712366503,2.5560466194976588,2.033463491013377,2.7037803081459075,2.563957859671351,2.027515502077811,-1.508554825218991,1.42469732565668
401,0.7814118601264085,0.5912998592744659,0.6010686460997271,0.7781232916367776,0.5760213965622036,0.6223480702196587,1.8973045284120342,1.6262288666194649,1.5647670130717095,1.5463051909256917,1.6407983781591733,1.554018109588294,1.5552575198211906,0.15350085859104207,0.4311453053638513
402,3.9007719526478013,3.8608434174696753,3.2189028726181386,3.898600925170473,3.875744842491603,3.203559196309393,-1.0197057399432994,4.11216851446803,4.106291345790896,3.4944783304203653,4.100595691565326,4.089504063258987,3.522613322899372,-1.8354417584136946,0.6656333374741009
403,3.312916737881673,3.279119660213557,3.4255133081912397,3.308471926746351,3.277241321882418,3.4335606496718825,0.30403472911578183,4.011497103427031,3.988477127048925,4.269160623584044,4.01770835322057,3.99055779725236,4.258949038430621,-1.0331303334347275,0.285426238959292
404,3.764383394689094,3.7775855082619567,3.372960993888604,3.7715114174975013,3.7891010232552302,3.369206125843886,-1.5156185081673181,3.684028216135573,3.712173444290606,3.162753969935418,3.6939463264792316,3.7223854431576933,3.1638094563542087,-2.261585420624631,0.011438826199306865
405,2.707025175245198,2.740122758252208,2.630192090824166,2.6998145464305763,2.7403684426957335,2.6299973177101346,0.70426857899738,3.4739310735149,3.635751062144891,3.413950239997201,3.466419907394722,3.642188099772895,3.4047097762149123,-0.9755858604047223,0.13948707597139604
406,0.17297650290944805,-0.0029477286875794614,-0.0025220004429659577,0.19028394638754292,-0.020401729093249082,0.011392320341228397,2.018935509377255,0.3060402318316393,0.05916370400701916,0.05157716979505606,0.3332970670820235,-0.014540061156480981,0.06318456455371445,0.8225810207905596,0.715190569529606
407,2.506086442169694,2.5029978629795098,2.202923673444265,2.505693758461454,2.497739870915917,2.1977753366917487,0.5151083055044254,3.2040455079072996,3.2036899635804272,2.9085030638546794,3.2044183814100786,3.208005497465801,2.9018544680975094,-0.8235451077419516,-0.1035637768893837
408,1.6739671048133875,1.4042379311373634,1.3281886595935157,1.7050195583798595,1.3770286279333783,1.3656950086286874,1.5208382174562332,2.4239725368908402,2.3655304218950457,2.50868422679897,2.4160593399159263,2.344823467115273,2.5206030342835297,-0.8853834559996621,-0.04059441259935684
409,3.8811810137601803,3.245759621110265,2.9605448660398794,3.8875896369025433,3.2352085351358997,2.9566883577996164,-0.7567035687878311,4.655135854437942,3.7829005649712166,3.788434894358283,4.659294813717631,3.773086165498925,3.793361511870781,-2.450842656766161,2.287267674153604
410,1.633288791671158,1.6663435583292816,1.7977480972693989,1.6303272147342238,1.6818423010123749,1.8101456192457919,0.8613818376431067,2.173221101017137,2.258104602622942,2.5383099564371148,2.176120700464899,2.288373668729505,2.540533467465014,-0.18307911990820108,0.762682797236502
411,4.310628046245841,4.433005920028189,4.0659492599667155,4.313568136108491,4.42912987822451,4.075784075731009,-0.9790236575598554,4.623572242127013,4.7174193166365965,4.481545416715573,4.624898179548486,4.7208717179762205,4.47374657226088,-2.187536598560378,-0.6586854178932954
412,3.7354654655652753,3.729891983290172,3.406254332182106,3.715650259048766,3.7342954800413537,3.404006622525192,-0.10286941872527117,4.4444006707017145,4.3986987458259135,3.9313047650153337,4.417546355454723,4.4111561850995,3.92952793314592,-2.0065848642176,0.3892512876598366
413,4.31892588823265,4.217761964410466,4.55679371029145,4.309340214250602,4.227191390844282,4.544790195138501,-1.2448982447979935,4.817238828858645,4.726788855462368,5.290859726194948,4.830258761543873,4.730746010732723,5.285855830104086,-2.430959664940622,1.158000117682469
414,2.5317318356800564,2.6534352304790385,2.7553519277938143,2.539377492581141,2.663292279304114,2.7562895902560673,0.3888201980934257,2.5970889406687503,2.7619728878823606,2.990288299721871,2.5861962214440095,2.7489300453902348,2.9978155972094993,-0.18282492120392355,-0.5230507117698269
415,2.5464300170067693,2.7104201151079512,2.668567547847611,2.555156044346481,2.70808467422613,2.6779448069015825,-0.052874680313058434,2.880590616877642,3.079632590405131,3.1191997885633294,2.901451716888062,3.0619774475331494,3.120839463163582,-1.0135139086831,-2.300555015643985
416,4.742619436322598,4.637814340720382,3.78551725233415,4.748891807045859,4.638128882753012,3.790363943801007,-1.68579957280672,5.707447628547071,5.740641975363772,4.775272914224685,5.709173487160184,5.7525293426528075,4.777602618597581,-3.2766217241653326,0.9650924676753686
417,3.321936457122523,3.2763376253772236,3.7430531982701876,3.3136149959086536,3.2746206738820756,3.7452278859187946,-0.5850282717539855,3.593418674305515,3.5458825444658384,3.857043420789803,3.5921250320661176,3.5495208420967588,3.8637912290245366,-1.911959213931756,0.3747119018423507
418,3.5674244471179275,3.5622094907990465,3.5198740599715292,3.5664191331601645,3.5585295615239287,3.5492016657555334,-1.2879387965872717,4.445172014577274,4.440543202413398,4.462262106006646,4.433713485421249,4.4326983667462105,4.481548194615445,-2.2710091778028265,0.21423727913130922
419,2.1728040988657624,2.2510365963198637,2.0968818814432932,2.189139670583327,2.2262389176596327,2.105163247676155,-0.44798610568803254,2.295444487634468,2.4595961968542834,2.34840185057404,2.3137611296550187,2.449086154577926,2.335945138194208,-1.4229850372953807,-1.0784366789685023
420,2.2306437477693657,2.1161914345404162,1.887935252338345,2.227035428951914,2.10563864894527,1.8809916110059308,1.2065481513231475,2.483599610243234,2.4855683159944792,2.3075481398018756,2.4771907618118587,2.479847490086973,2.295103449018131,-0.13044979765935472,0.30223847938464543
421,4.283478651029282,3.905053262709335,3.32541126693834,4.282424527350603,3.8977707379322246,3.330750914037273,-1.9690301130549583,4.243957152170638,3.844846210002395,3.379553027428351,4.245121101952337,3.8404694584210106,3.387293124634257,-2.3601076177998985,3.2219288567538467
422,3.884984087682138,2.49705090268729,2.392310995811083,3.8866761522093216,2.4977906429202363,2.395061662813705,0.06730304940666064,4.94192977549728,3.400506603002568,3.481498784626782,4.93134515069777,3.3979810503051495,3.486200966663599,-1.6499935758934716,3.963375057729426
423,3.8598801057581724,3.941337358934174,3.8233799936742185,3.864917892326127,3.937447105108209,3.8310192338256854,-0.7595345295289455,4.411424291056792,4.718366058103712,4.668843314691829,4.399129039981582,4.727389905757957,4.662333440885508,-2.183643095778766,-0.04233276999316911
424,2.708069903232362,2.7585292258875325,2.6875369902431805,2.7163941888805203,2.7607939162406776,2.693295357029932,-0.3830941937489579,3.0239450201796885,3.085726846163929,3.204645406905077,3.0251223528482623,3.079237583654512,3.1976779838541565,-1.592943444524251,-1.1559354841096812
425,3.0953875414605863,2.880731318970576,2.8217449222013014,3.0974771947826834,2.8849725812313767,2.8230440866893467,-0.25937353966881144,3.4987933946964174,3.320626919961527,3.4218006145088884,3.483902035213795,3.325819189271999,3.429438580005917,-1.7048488424892843,1.2025052918715968
426,0.8362087083490617,0.7789581358966511,0.7393429589409775,0.8249710425145474,0.7736218572206233,0.7380205489262017,1.4556616452613702,0.8838760170186275,0.8338327379390987,0.8772596213939817,0.8692051057519735,0.840650810407953,0.9087936210016626,0.4905763844027998,0.456456815201138
427,4.514171798724687,4.199756938401382,4.0487640490753085,4.519759181658486,4.204172582833778,4.046423035010482,-1.1593208291517105,4.269098127084489,3.8387918928503186,4.161012797398427,4.28134569451583,3.8317346896174427,4.1818445814559615,-2.092492363738174,2.3555054726834967
428,3.3136658191530826,3.300086473901459,2.7853328261676498,3.3228194048767468,3.2962171597305296,2.7813978366983805,-0.5476564180369985,3.0860614062476595,3.104852949508548,3.0420033743098194,3.0864023998392933,3.111567791084981,3.043393667820163,-1.0027947901627405,-0.28309639795834324
429,4.028155005883538,3.9236746502634166,3.7670582140676316,4.021638238400955,3.917973034505194,3.76518616736328,-1.8146198172541814,4.835048682498382,4.735958270592633,4.366771813748048,4.83694409699468,4.737517206397116,4.3592008510074525,-3.1284318939950904,1.1670605332819906
430,2.445250828979972,2.2584958271005866,2.1968494927431528,2.4502158801083773,2.249293694899443,2.1901630931069622,0.6510056426215872,2.9325910365850505,2.683358447386024,2.664674352747343,2.9048385316324605,2.690192492178765,2.64363005120188,-0.3216532924778687,1.519342117148876
431,2.764855378286978,2.190813142879677,2.0774695716352833,2.751526431368518,2.193692198576145,2.071081073542443,0.08935096891893314,3.127579292822551,2.7681734809919565,2.6325489190347717,3.117159508046037,2.751054645108543,2.6357343555445345,-1.1558939033406062,1.765910910625784
432,3.4205328293994515,3.2562951192851455,3.1838706922304696,3.4229863852725657,3.2586580049483103,3.1822057429482835,-0.12857655985047514,4.3352414571342255,4.2707250023117,4.064340220175169,4.330643167003439,4.258043958380534,4.063222121800208,-1.8650592645733188,1.2227952643845035
433,3.056010802705735,2.7153130162820465,3.114489142685268,3.0649678480087763,2.7271238742919706,3.1569609421378697,-0.5222787484295214,3.2347625370884376,2.86545438060186,3.684215574654527,3.236734796692106,2.848260242247377,3.813539957027313,-1.8068567068749355,1.8702108824519637
434,2.5654337884182734,2.4979994121606546,2.5427267311858,2.566379990838743,2.4898631050449085,2.5108055282108492,0.049729505504879284,3.4904561553223834,3.461259014229189,3.520255889193018,3.4978086469459315,3.435442510188655,3.4522796723533173,-1.800653759068084,0.6582372256815943
435,4.25575849738159,4.232003307018453,3.6274678705745282,4.263490009039241,4.226684378715006,3.6232424170404522,-1.5889010937793928,4.550455232216505,4.518806885755493,3.788824137221223,4.556738438855071,4.521355927686607,3.8068825679743257,-2.6044673081053715,-0.7848046635703841
436,3.922168785362149,2.457361499098475,2.6680926433636434,3.9285783930698828,2.4584950194660196,2.670320189118065,-0.770310381854084,5.010187607400871,3.3267548884730918,3.9655615572680993,5.015188739301743,3.3095384712146916,3.955865966964367,-2.527884076787273,3.9162741845528823
437,4.408613657165301,4.332170175785402,4.449718244830519,4.41137715989309,4.34199833705837,4.465012512297447,-1.3779675239335338,4.313642252959104,4.243214614413385,4.613094664067418,4.303611493890792,4.23997349375222,4.634725300823362,-2.0316484188249486,0.6466426043797993
438,3.8774247494428726,3.438338632075621,3.250300999640065,3.8725436917032403,3.4362889371575487,3.266692573181469,0.04626540661928692,4.626794458431063,4.061859318801132,3.6063724314128685,4.6275189540707355,4.054031636822959,3.6310617005458297,-1.6374020493872004,2.3239045045112925
439,2.0442904427359703,2.0269868332359864,1.7755619294687894,2.0488260242349146,2.0287968102195464,1.7730964021136755,0.2480158781693251,3.046079595373396,3.033090313753165,2.6383225033039213,3.0542672673014573,3.031231625891092,2.636532226388632,-2.006583196259453,0.5046621131625825
440,1.8059546201176804,1.916816880941446,1.9997900299811724,1.8066190859320939,1.910765404091737,1.9803747603613642,0.5305996006778587,2.6167255223097348,2.759082140308267,2.835617876034856,2.628463627035638,2.767782463696934,2.8552651093385935,-1.0984119496934608,-0.9660375526984333
441,4.3710619124599654,4.169742962422328,3.6687527813587453,4.374602771802025,4.164206248546174,3.663108807962582,-1.3555326741533937,4.460859277575057,4.227277941806065,3.84283845584458,4.4569509268667185,4.221178868297863,3.8452690285618423,-2.289106386128776,1.5033497907601803
442,4.039847356261747,3.6490108890451047,3.6407976204696118,4.040646568216214,3.6642418308359765,3.6397458719682807,-0.7945663814116282,4.936969575979701,4.6899838148043225,4.729627761131449,4.940124277331538,4.702767832068462,4.726363066049069,-2.307780537034258,2.129227369680942
443,4.1212900342094905,3.721799641966978,3.988241171388798,4.135954205782974,3.7393819577690532,4.042339574703972,-0.47238598127451226,4.315142464117128,3.8682746139267357,3.9031171695001907,4.294878775015447,3.867489920559242,3.877569987582246,-1.761933535251052,2.5997124753013523
444,1.7204964364506905,0.789983468822854,0.6367907591681653,1.7236176219509582,0.7804283363377826,0.6311582042611866,1.1219898999259992,2.214450810205349,1.1520911687412139,0.9428578145918506,2.1975160700689433,1.1821909744586812,0.9720122835684444,-0.07520901598087708,2.609751655849511
445,4.231225466718644,2.9129556973087065,2.9793387545310326,4.232166492236635,2.9295231742365897,2.9655161898931692,-1.0028892190571248,4.663796881537262,3.2922687063399865,3.1619669113309596,4.669745636557607,3.2933992184250607,3.168681140787998,-1.9627554598077759,3.876725340488694
446,3.4534714491259355,3.3760304125689977,3.0852784949542937,3.4554469572934097,3.373216006790922,3.091031454327112,-2.1111638235491976,3.3962240002741098,3.291791960706592,3.3153238003074486,3.4006421018355417,3.293311634035895,3.3212533471705754,-2.4676826487399266,1.896949627389473
447,2.9467218025450355,3.0618345771774163,2.77324072656429,2.9335046837240437,3.065268875451144,2.782752674308057,0.45741916048868364,3.2440013782173276,3.3982024064797334,3.2394564086534774,3.263315945047985,3.3922829114676456,3.2704439084267087,-0.9700745378815441,-1.2996946616279053
448,0.1708028125623565,0.7032332612883739,0.6892460048275181,0.1476067545769876,0.7027127644188629,0.6795412527994527,2.3168016141453833,-0.25900743549188526,0.328767198756076,0.392608996072943,-0.2312583668643074,0.34955218177565234,0.3537501112053856,1.7663686539851775,-0.48177002669744673
449,4.12856291148495,3.54601448877353,3.2817805126062987,4.13388562779887,3.533823414345539,3.2790418623574107,-1.7447227688723121,4.52385007947609,3.8758149203400643,3.6318661534864876,4.527410649930155,3.8765690260135046,3.6262723510186077,-2.297811803555823,2.673819089797899
450,2.6370532385616223,2.3205761075315285,2.428630172456618,2.648894215112592,2.317899579205496,2.4253182512756744,-0.20078944635772097,3.21909250461756,2.8820238451624194,3.0742709049995494,3.2058847189063955,2.872131311186518,3.07246287328088,-1.1518372099553373,2.3500852215309704
451,2.621934124782137,2.9139055684863155,2.9499936028162583,2.6257242463698476,2.9216877808917245,2.938718784921977,0.2889403446606479,2.8009501450034664,3.1300467651943498,3.074204174000343,2.8262424716417445,3.1330629769236973,3.067214129022817,-0.2257322364078409,-1.9783816818396769
452,2.782357987489207,2.4814500748524857,2.6578996519008875,2.790176785003282,2.492135112571876,2.6562114649136435,0.16262877009619062,3.226287672390983,3.0418757992035985,3.477594683385138,3.2212295492729672,3.0335488440720826,3.475730947938594,-1.0001209190322888,1.3170030201319982
453,3.0444780383607792,2.6565671101064785,2.7332074498603007,3.0411693486877516,2.6498374093870725,2.7302187853058126,-0.020019151504629216,3.78331438372167,3.416390282843195,3.096687227802427,3.781066272021616,3.4213030512976226,3.0981437061362254,-2.1186180549443745,2.3649649337746688
454,0.8801841752217783,1.019573904126207,1.108178067638086,0.9039980026624753,1.0206221439364629,1.0981557246365625,1.4048806383995298,0.8288137361172273,0.9583195847853416,1.0212677225004578,0.8211221806472585,0.9330796202978902,1.0044424003607673,0.5349196061896109,-0.39177650381935386
455,1.4286742119298925,1.2649517273707267,1.205929574991597,1.4188140527950184,1.2739483168705492,1.223841550181876,1.1106008707899806,2.0534587646227958,1.869293906329286,1.9604275250778616,2.042696234961036,1.887616803093737,1.9385466182806408,-0.20343201413776582,1.219399389195758
456,2.846575375297642,2.3662830716812286,2.290879454448833,2.840419735205077,2.368741005039662,2.2885665395573,-0.06603396540917415,3.9262487530895576,3.567234644507557,3.2943439722886616,3.920857448886213,3.550391943122884,3.2874932972773614,-1.8749358788744241,1.8384438224849382
457,1.399924309103546,1.8601746850662095,2.0614637844677666,1.3605787422117597,1.8169325796726457,2.06404168674783,0.580500306283433,2.172214161836309,2.783498793359398,3.1654028837596195,2.2039505378289133,2.814903972908505,3.0906126713871456,-0.9298662809155602,-2.3355815559443585
458,5.273269637117437,4.9742304328834805,4.251028139952164,5.262265783315831,4.974345369046656,4.253545201655234,-1.7873387230290494,5.751504189757847,5.536639397681308,4.627263527940034,5.749252165106682,5.530602637082891,4.623056654373414,-2.8701187667887376,1.9798404577425488
459,2.810004734694211,1.933379879760916,1.7215171324072713,2.815639893842379,1.9401361195103666,1.714720896919513,-0.051642089292164906,3.6753616515952396,2.601424999079326,2.384951904385205,3.6674951422035362,2.6201219782469813,2.3727997229715014,-1.7818958077936324,2.7301792520309243
460,3.6784610875691057,2.8947764125564044,2.975159598628095,3.6651893851430213,2.8979163219115818,2.973185857006783,-0.4197662147046493,4.114717250466541,3.27485141312864,3.3861942335940256,4.127488865522383,3.2828878832812984,3.395433573947247,-1.8990841262452196,2.4637648574473405
461,2.836083489482383,2.5907548638967848,2.570610523890108,2.842436985436978,2.5963898481046073,2.561348278754704,0.31949563343101317,3.037597639590699,2.8499913799661725,2.824250961923468,3.03214636986155,2.8589750150296696,2.8221293445473057,-1.1174390400097147,1.8425666186183434
462,4.577772161004851,4.040263854059662,3.309580067512347,4.585619797130721,4.036146057302,3.3005333283507663,-1.6332173544631277,4.923495982640743,4.4481774972765695,3.911893262206559,4.925773092276672,4.457248457668457,3.912351758164508,-2.598718097024003,2.627430360790077
463,4.185135200961912,4.433684121343765,3.1235862603175666,4.188974086627579,4.441562955951956,3.1187803448940694,-1.6737430995652345,4.028405122433729,4.309736212872612,3.4743139532000575,4.050660343652567,4.311211390858323,3.4809044900895247,-2.1099964901435198,-1.4944658371640371
464,2.3958032477979923,2.314470068132144,2.3860694628869656,2.3852946139616016,2.315326450821209,2.3965626680395657,0.22026673048850653,3.413020695809352,3.3848960562244708,3.7420625320014005,3.402613011201256,3.3832838681433874,3.741239958121845,-1.8967430041058284,0.8906113618937616
465,2.543303712177148,2.707879642320253,2.3712966468137737,2.549111884379929,2.6945961291069094,2.368407213289251,0.4121951226482542,2.515872037755061,2.705919194272842,2.5958028701044182,2.5226398792539184,2.706763186312799,2.597133518307764,-0.74283347029988,-0.33316323785528346
466,0.5628192647859318,0.7022356632553871,0.655907759857103,0.561218584646252,0.722643310193663,0.6610688658870973,1.7031539709139432,0.7026128068669947,0.9989451951539894,0.9846566880050077,0.7003234575620779,1.03308752108153,0.9884743140986382,0.5906909409912313,-0.9509419971566706
467,2.6144218388747804,2.6823417784594175,2.4772941251416074,2.6205390466001397,2.699175350967653,2.4692164287156846,-0.6740543867932973,2.0685529799313414,2.1490801533794577,2.0647729892336857,2.0684174471494043,2.125103693708729,2.0569143725377215,-1.2150309760159699,-1.544790351592162
468,3.257496936531692,3.3231344735575292,3.7015928657561363,3.256694084703783,3.316983223472075,3.69655748532868,-0.5689060645539628,3.4988251297534854,3.5626305589322254,3.215094589629962,3.4874162334955296,3.567686635285067,3.2244907131071994,-1.9570774909861075,-1.2965261950966154
469,1.8040653951664751,1.8533172261663062,2.1996281799770827,1.809074399253505,1.8548760740790655,2.2279197336250287,0.7262273924495519,1.8916291860650698,1.943023489797518,2.2319522671582357,1.8857114336196783,1.9848785927890389,2.175689559802987,-0.5802782737091882,-0.24681250269134825
470,2.2541976740052947,1.930278877496757,1.7110857149447514,2.25153423729802,1.9309304167450876,1.7098863614355453,0.4423329994579649,3.3076777512171915,2.9337424412966726,2.6457982000193194,3.302945917803804,2.9227629227400773,2.649392790016015,-1.3567335177420365,2.214220119815709
471,4.398670713246773,4.485074601529863,4.230893585463796,4.405121772806815,4.4827429829886025,4.228129110257063,-1.4964691049414884,5.462551218571696,5.582196434129335,5.212458746710875,5.476515437077295,5.586782509007415,5.2002346089553235,-3.283049119806071,-2.270482647213062
472,3.50666452621626,3.3672620158925985,3.207732333460115,3.5018675575170164,3.3725725519087244,3.208834476545059,-0.31745700817182587,4.031536508364439,3.897521453046948,3.786727026184526,4.045824651252983,3.8961066808947677,3.792829368562061,-1.8027197863972586,0.9097346139992466
473,6.148060148424505,4.592440894521762,4.493238171827364,6.156484849734549,4.58607706054342,4.502217233456635,-1.9230155012372732,6.631347663086571,4.924264556793809,4.758945986305051,6.6360350148454765,4.927665323025465,4.7636208322734035,-2.6858097530466334,3.812959603428168
474,1.003382230907616,0.9469385920500936,0.9081261686379525,0.994461220136251,0.9463719892419276,0.9123300195560402,1.855289456485906,1.2449866298728955,1.2151884758744378,1.1918149978756771,1.234219686586908,1.220955823716619,1.1878218462526782,0.9824754103303454,0.49718626683306605
475,2.8776802781038726,2.492640792527854,3.040527550957826,2.852218545745836,2.4875912039918333,3.005634185409368,-0.23517738264474158,3.3001154204216046,2.8623959043352474,3.3715393669045537,3.3160227274568133,2.8651387481682526,3.346679828100512,-1.19328958198717,2.5198536929245523
476,3.952400268080898,3.8322768433525463,3.624234578059046,3.9370883586631438,3.8277968189377902,3.6325441957002584,-0.7967937174996442,4.143353221280085,3.9783359508004796,4.250892756226585,4.144576678440109,3.9898948079719725,4.25311091072335,-2.138760295251519,0.8982263610896498
477,1.9285564196520777,2.0477139298789213,1.8628620721569806,1.9431857629911569,2.051565960416687,1.8832801832489154,0.8034412049427484,2.9937005221961877,3.1307078365496883,3.081022626843008,2.966021335591518,3.1372855912984994,3.1127365033109564,-1.0947945342905674,-0.9769225034706751
478,3.880998988405624,4.019038150131163,4.062616840079928,3.869770339982514,4.02666359516288,4.061346967195505,-1.2452804279002772,3.348515000068102,3.5277140036615,3.705189114010528,3.3635848837217264,3.537249040861787,3.691830311617487,-1.9297639077120234,-0.9579413411963705
479,2.2050758036531177,2.3655971089114427,2.295225472088237,2.210717745252986,2.3516382297307095,2.3059549657144056,0.5689891755242081,3.159808616261746,3.5044696673670734,3.2202768005426967,3.1779677484258935,3.4956616792762825,3.212976645149237,-1.1491848778338052,-0.22211094816181903
480,0.41046601619968776,0.7686504543983517,0.8592418923761235,0.3946537055229335,0.7739320176399033,0.8470772243475532,1.5691550795892903,0.6574415360959935,1.0508492761092567,1.2120502764340706,0.6580189904164337,1.0479220025421485,1.2446311603529647,0.9608438557327109,-1.55727984668552
481,4.1299883996773605,4.132695570889389,3.9180233308401715,4.119547177104885,4.138450457061519,3.9179841957679393,-1.882546387341456,4.576431716817953,4.62222431283779,4.24462334781662,4.569776290188514,4.619190472322701,4.256585668686869,-3.138960331788052,0.8111689764502173
482,4.234221260242885,4.396206580083169,4.412925360065694,4.229480747115158,4.399616955697448,4.42573049282618,-0.9299164969817019,4.584536680567761,4.817464583898147,4.866223803255103,4.550592456798814,4.825396069634668,4.879851381756957,-2.1633059720401375,-1.4785246953179463
483,-0.20418874798533657,-0.1282713093741418,-0.10777189183370535,-0.19579280664670165,-0.12275138450919897,-0.11111312294536695,2.1874389957325007,1.2721646136231952,1.509888640602171,1.3824479182854734,1.2362509759352127,1.53606602368496,1.3699298854772297,0.11100576347730466,-1.2717007517880414
484,4.707472613727005,4.072703221876512,3.9437341178792975,4.711632187844008,4.07009800794293,3.939343024246967,-0.9354877719403694,5.223029033654321,4.537475175395269,4.214490295542075,5.229613463100492,4.547135340164171,4.211665894225972,-2.087884595858779,2.8456873708255657
485,-1.7209597345659198,-1.5777905548939806,-1.505630054065095,-1.7146737205992388,-1.5563846678491897,-1.4947879794459906,3.736923948024574,-1.4038144422316678,-1.1635922192329153,-1.2128735161888882,-1.440008996198225,-1.100769887568549,-1.1790594894125113,2.8152107883068656,-1.6060454352445948
486,3.8241527353289135,4.406189675610535,4.1281261900436315,3.8211918757720214,4.416703450730302,4.128005054056522,-0.2752235413289814,4.296822041494796,5.027275837708583,4.630567007950388,4.2843887486587375,5.042251465665006,4.634550021743944,-1.8513055855565692,-1.4906637373632512
487,4.3170614241246055,4.06386179814833,4.5672993990353286,4.318650362324174,4.056888081775914,4.543072603737246,-2.005065837530871,4.483844129047192,4.234874662085236,4.577366741403917,4.4893897780713115,4.2434492977951646,4.586911577526275,-2.681288205685996,2.6128920972975287
488,2.724191197544996,2.661407796475965,2.7963046451457196,2.7260102429312925,2.658906951818609,2.7969613040139394,0.22574515728133152,2.8634231316266385,2.797123662756381,2.9724786790836135,2.863500368836189,2.7966686890382575,2.9674774911500856,-0.7699118205064893,0.5883200356687892
489,2.0839930978185497,1.6053561607450781,1.721964518347899,2.082878679713308,1.6015724375425124,1.7229415638207652,-0.15091813898738335,2.3039604325855247,1.6974197800873285,1.9514273117264316,2.3134210491001306,1.7095397752790167,1.9520578630275576,-0.9393672246735679,3.063895510820806
490,4.725568387885929,4.445210033207969,4.591857758325566,4.742520561401394,4.436195647013662,4.584934910153081,-1.8740199465705474,4.250041941517635,3.7164962538358433,4.28641238736941,4.211898924917486,3.6937587440198683,4.268879332449965,-2.3657612548542972,2.6469746005335653
491,1.4535962568590517,0.8928556197414541,0.8672086785977768,1.4302643238242225,0.9040127032419787,0.8661749675312176,2.0233165188731697,2.142263762027799,1.6649893877370043,1.5603965083113074,2.138274589428741,1.6512967240407894,1.559789533680293,0.49319253775795524,1.2626380807606985
492,1.8376362011414638,1.711100001781586,1.4765426281096476,1.827314614783531,1.7012499943713002,1.4798991743201504,0.9086353001470775,2.5690699827875956,2.495726838331866,2.0699223610387842,2.5678278659370264,2.486228447421506,2.0704447115655644,-0.8431133029764694,0.12083970224399176
493,2.484895216585306,2.5735311597369797,2.3600909524449385,2.4819548271953042,2.5826175831780853,2.3594132595392963,1.120976299143705,4.037720970448851,4.186206496170935,3.8557901507743524,4.038154311225127,4.186690850920353,3.8511208351168267,-1.649467705426776,-1.33706230035816
494,3.577039454549065,3.520664114257884,3.201214293275874,3.5707833647483556,3.5285209019926516,3.195734469431033,-1.0803229745568221,4.53169817912113,4.564854219102824,4.01613433252155,4.528035916243117,4.574298307528214,4.013598265239251,-2.7719001016632667,0.8926678629583013
495,5.599999222650148,5.441210591751989,5.724296314865555,5.594952442107003,5.439569293131796,5.716092042747315,-1.7537377940046266,5.853011536540865,5.591427328794051,5.85267432756331,5.854715309004916,5.589792323014509,5.854349752572856,-3.2189190952112074,1.8251163064720406
496,3.141873600334505,3.198767945135214,3.013322206705492,3.147941853497158,3.1921379795202136,3.0108944904582655,0.21433151430061767,3.8312172863585627,3.905611767390681,3.580514890707977,3.825636628811069,3.9050927210021658,3.5798912685951594,-1.3188224026010256,-0.30195537562521846
497,0.3861281117595642,0.49367335738347795,0.6474761933604184,0.3825896822340167,0.50386044588025,0.6476464750213458,2.6681896177820748,1.1289897038109378,1.2896490479009528,1.488867971702838,1.1186780031279617,1.2615707638929254,1.4877806339528912,0.5866015969700968,-1.2926837081799536
498,2.159022864098492,1.9096247536186262,1.8734676974781153,2.159877824494139,1.9031744404417064,1.883651828240858,0.8989160162296002,2.430234485880542,2.110151310670244,2.072172886017795,2.4220142667526896,2.109415105954652,2.0567173975017474,-0.6367343251402753,1.5872332339209392
499,2.1813452037282817,2.2115409414284137,2.0006277646314308,2.1850646074360265,2.2003887835641778,2.0078739321048658,0.4150940572564629,2.2242438692237836,2.4226136698778102,2.3515303546405315,2.2162794958507788,2.4524951447082395,2.342713723481849,-1.2369881595267804,0.4081809821459124
