rep,ridge_cw_zero,ridge_cw_mean,ridge_cw_mean_nw,ridge_wcw_zero,ridge_wcw_mean,ridge_wcw_mean_nw,ridge_dm_zero,elastic_net_cw_zero,elastic_net_cw_mean,elastic_net_cw_mean_nw,elastic_net_wcw_zero,elastic_net_wcw_mean,elastic_net_wcw_mean_nw,elastic_net_dm_zero,mean_cw_zero
0,2.8411008856747433,2.273015186381084,2.154335315718416,2.8253486886807724,2.2728701432031237,2.159643531586618,-0.1416087818292012,2.9059830100174753,2.1568877639389803,1.9881677894163943,2.8481190966599765,2.1593572329234445,2.0079181513681,-1.2632261050325149,1.9767268198714765
1,3.420857624144356,3.222366323165083,2.8487772826957176,3.4207808576309287,3.2164434273715146,2.843982917602545,0.05177628052778585,1.3556949950006487,0.685243510110398,0.6297297896029148,1.3587974495297659,0.6212688115275409,0.6647632010851735,0.8767394831683015,1.1260320599472697
2,2.0392199996460625,2.2267537972974916,1.9726660144712456,2.045842044306868,2.2268654359570603,1.983443070217982,1.170067490206739,2.3498122520396354,2.67622911668242,2.323457063620627,2.346819157214348,2.6527402141572174,2.34192295942743,-0.5297614631717587,-0.2630511165798714
3,0.9191406845471285,0.4884317747266967,0.5833684459706427,0.9365530708422111,0.48881165093003026,0.5802653564443719,1.1527010185135351,0.5765726415834617,-0.370794900069378,-0.3828225371994557,0.5306555517021067,-0.46662766993664345,-0.37233105280051526,0.8976208677862356,0.9785690181557443
4,1.4391928276594217,1.08497209547501,1.150721670246267,1.4367401665499868,1.078135330113822,1.1360580568687424,1.1127673022345899,1.56817894998792,1.0319769010187674,0.9229968252188138,1.5900783386580988,1.0037202002041057,0.9192378086676092,-0.12835224259412226,1.7219291088519852
5,3.201181506008907,2.6877308308953873,2.6233586313420036,3.2013299675381632,2.6849455020229374,2.6253846602451554,-0.7898110593267917,2.527466541638638,1.6682294280127001,1.5495674077933503,2.519034661274492,1.6815704747679607,1.5405300950337075,-0.9256904539291553,2.147015448319202
6,1.7428149745645645,1.704192009653801,1.9430201866699748,1.739842321944174,1.6904297775376462,1.9296586050313587,0.7973003671579929,2.0168136801768792,1.9972862370447768,2.265970691956071,2.05005678456052,2.0214058779510156,2.2382399984026966,-0.5279808195060011,0.6966050158386002
7,2.070576954708736,2.1059822286028282,1.9410693944810964,2.102040982433913,2.1040716464064952,1.9460343478009936,-0.12534417547529458,1.995477953204457,2.06303088364299,1.9133464391383814,1.997183525699157,2.0267755922229935,1.9105401150149377,-0.7447079844627241,-1.0023044621408734
8,1.737456258490124,1.817155324920674,1.7042102159984946,1.735768329206793,1.811348101876801,1.6977344256581781,1.2187944656617669,1.171496588588592,1.239700424469246,1.081393551239973,1.1514385696346094,1.2502140610357255,1.0967032300162296,0.7169519611767806,-0.2742779693932009
9,0.4609823137140936,-0.08280607213244123,-0.07468523663257541,0.4486923011517231,-0.08863748722163405,-0.08298688146292875,1.887645469392422,1.0782631218330725,0.3478954307124551,0.2833860152046715,1.0576692033071882,0.3568992128456297,0.2864115416410112,0.6462072808451268,1.443051227995934
10,3.1395107538700375,3.249571844097537,2.648976707496908,3.1262749129896052,3.2610762157975115,2.658599573267273,-1.2690841499483547,2.048963026131263,2.148150782129871,1.991312100640955,2.0330618756931167,2.149385880463026,1.9802672557296357,-1.0537142038528284,-0.3097915191512296
11,2.8364516188714237,2.816752255701984,2.2947539899915035,2.8488134869894823,2.8006401866677813,2.2973644594632323,-0.5004500205950958,2.5442398433026727,2.4743763038964195,2.092967943230812,2.532622778936117,2.465122235741324,2.089466879992797,-0.9682941014613283,0.8906624879259163
12,1.1192163752566189,0.8667281273896749,1.1497898874696442,1.1098294563517677,0.8459644805716334,1.165587765502741,1.29234863064874,1.9903748535306498,1.2408731597636036,1.2912922534956242,1.9945214980247135,1.2168896849065622,1.3022435770727343,-0.18216450228416778,1.4519070068589168
13,0.45707826898943016,0.3780457734760656,0.4625313727591342,0.4706471891943241,0.40718790938963495,0.48662978356893594,1.38557230031944,0.6521370047962509,0.298050163237538,0.4083332060397011,0.6632412200546413,0.27580778795853017,0.49088740645726486,0.42705861853892213,0.8537671330548338
14,0.7487065846656495,-0.2620059735194505,-0.2789672977068743,0.7450097934932146,-0.2835970046406149,-0.2483398139486529,1.2494266785582169,1.3404164545670283,-0.27018846793240237,-0.2633341512718037,1.274935708041479,-0.18629936627568483,-0.2670540242202444,0.36537596373325876,1.885138256401465
15,0.5857558156038196,0.27840934285987334,0.341268090171879,0.5775156124310321,0.276137259231096,0.3506751514187899,1.3414207251700283,0.5518152156214574,-0.23406993148417762,-0.25205687834766277,0.5654753729953784,-0.19911226592618042,-0.3080541848356284,0.5417219351795145,1.3316780080713244
16,2.4701069122960257,2.510563727997253,2.563505714818071,2.49012269922262,2.4849944185447215,2.5610940209434188,-0.1852209099074447,2.123378873288604,2.2137660999805946,2.198858345669171,2.083527463613828,2.222102926912097,2.20401137012893,-0.6202102058649612,0.8939576688685085
17,1.987175007636136,1.8673042583643666,2.0911763214524584,1.9826726251130313,1.8660480843726233,2.095847188912583,0.5139556331152506,1.9464980264968892,1.8353567009895142,1.7821581086590683,1.9773971615558756,1.8357401508383193,1.7768047491402938,-0.44299921850887947,1.0006672557695877
18,0.07104479511758832,0.1332384423287077,0.17025738236309573,0.07190247156618831,0.12912409664341462,0.16951207690554704,2.2196078163868984,-0.2590905475189583,-1.0871423520002321,-1.1210534527928437,-0.25406088930790705,-1.076175476770424,-1.1190156446264232,2.386227250523318,-0.10178256724170694
19,0.7832490730775141,0.688261217096043,0.8136775516457266,0.7889022202352325,0.6808595744887428,0.8075680548587819,1.6400105695288782,0.7003820749764892,0.5363079921406625,0.638855598165403,0.6966276107325869,0.5383272732090737,0.6195876765292242,1.00072347520315,0.5009762228966117
20,1.199160484028919,0.15338165752348823,0.17033018958906296,1.1991177867017329,0.15498728206786133,0.17785365514515647,1.3921746194825002,2.19778265540829,-0.11395496526177146,-0.1138200589883799,2.1919999819043485,-0.11166816330284626,-0.08311388364111448,-0.3854430736338177,2.5692139144494934
21,2.0905746922970083,2.1579275236265536,2.1671271968879062,2.080394011023384,2.1724354848062637,2.152609309186412,0.5369482908145864,1.484982873790092,1.558864304495764,1.459294024549565,1.490193344574993,1.5458063504397366,1.4672262669669194,-0.025525835242383478,0.12207670211098091
22,1.4048479124603883,1.1676375611437007,1.1552720418521267,1.4013257481324977,1.172563870483501,1.169464365854778,1.7092987674227176,2.031234172800596,2.040892319829132,1.9282625322813454,2.0270127584945734,2.0426826913153855,1.9043306609240354,0.4666572719928315,0.39244041767352733
23,1.5036264698003463,1.0101037463842961,1.201539035644228,1.4965188745204097,1.0045052074155383,1.1926537274388016,1.4704044323460368,0.9351353398001708,-0.27369795773995315,-0.3118933488949876,0.9376004755215417,-0.28273392738371655,-0.3253675140066112,0.8551824517221204,2.0690955229584507
24,1.681861154256223,1.7951394124244582,2.01207589795805,1.689194522900627,1.800325075651604,2.0238366321180647,0.24678563025677888,1.2555303260273023,1.4121595262513835,1.5482473935072314,1.2538695763269168,1.4046685960103085,1.539024251582608,-0.005413390536814265,-0.6399899847365392
25,1.2639388235642208,1.2742428824107288,1.4877725517550164,1.2897925909169043,1.2717597898492239,1.4904775732933937,1.5336871094859612,1.2147535034895918,1.2601974798378466,1.1044689397280874,1.1828087480061609,1.2533605475724852,1.1282330041533843,0.10322154870344771,-0.04802140107997829
26,3.0062374010583537,2.6814356307499736,2.273193291086063,3.0155642297813867,2.676531169618471,2.2754678624657605,-0.6976842423550244,2.328023767279372,1.9167247462264525,1.7611561709642007,2.3086812672469,1.9511486953474018,1.7772647268643575,-0.5603648620823818,1.0581887930409801
27,0.5086206692208919,0.37407433804318074,0.462498955922637,0.5101697123840674,0.37709440257160975,0.46315671111045426,1.6734361518211305,-0.3537145405715133,-0.8340449856170874,-0.9250761073675626,-0.3176812131567696,-0.8014418328892706,-0.9184627962085884,1.057804415606304,0.4393426067003134
28,1.2837291985719372,1.464500502630164,1.1797095229284706,1.270443088092735,1.4831782504750963,1.1810687450449493,0.93255169443449,0.3895807819945791,0.7915436798101709,0.6927771940634267,0.42114268840882996,0.7969699504502333,0.6958662917391368,0.6075859182577932,-0.591947800921188
29,1.885008024833393,1.1937938599666233,1.4671090075243052,1.8851641513582282,1.1919969732798767,1.478177925966181,0.8901986087893984,2.675639931606585,1.7790239564841464,2.0204626730606097,2.6753879198259827,1.7852406870494162,2.0210154176137656,-0.7342499993620465,2.699891617886341
30,1.4648211307684949,0.3860970720082839,0.378928485738467,1.4663541475181618,0.3921808796174191,0.38050502796101754,1.1789095020550995,2.0201518722647456,0.42577925404002426,0.42203614559817115,2.0249390407944245,0.4344476455236528,0.4309265544246327,-0.07191139027518405,2.6778645903002367
31,-0.07166623048430405,0.02589377844062248,0.0314968503654044,-0.06853667262621087,0.01523457526708072,-0.012749870467730462,1.8535146157490001,-0.395890034009459,-0.13504875658179577,-0.1449721634366541,-0.37401533217523936,-0.17879240401851343,-0.1767677607395751,1.4798717131789345,-0.4997713392134619
32,2.0966023485269307,2.0112686078171214,1.9022210326784803,2.0796506530934216,2.0109403528169576,1.909672917996126,0.38190380372192706,1.6341581643417846,1.3641206481672994,1.3568655601536783,1.6091254005723903,1.3506781114213515,1.3409958347806303,-0.014559774878099447,0.9588460811620177
33,1.6985977347442391,1.7105525125627223,2.1823591898593464,1.6890014355750225,1.717738178893186,2.175801568223407,0.4284199040729301,2.858902999764984,3.0458654931260813,2.6558826627120764,2.8593053901475343,3.061382177876509,2.65586774678647,-1.5326134241277418,0.1650590570504006
34,0.011244444301487192,-0.40495154865851585,-0.3805975975421936,0.02097607916263636,-0.399295990928177,-0.35833009219201445,1.976778485273033,0.6339100670194873,-0.2987021763953058,-0.27390392861304086,0.6000024814883946,-0.33026868695537565,-0.21075759898124194,0.7126718540070884,1.8881155708668007
35,2.025498710275118,1.6976772876975073,1.8209862307759226,2.0291950355956625,1.6926511954270382,1.8253274418721843,1.3845885138327896,1.5728287058256398,0.613504361706724,0.6518501275937114,1.5689457634416053,0.6720811006545202,0.6530898178414533,0.49412911782402713,1.4886977351742827
36,2.0019521422155133,1.6814446430280323,1.8693489021298038,1.9988698130613733,1.6764157666633688,1.8745269951328802,1.2492583999093783,1.83886136170429,1.5165077523170254,1.717447988634728,1.8279636458886461,1.5071429526407019,1.7262551667892931,0.24326433983198098,0.8658748456275499
37,-0.4546964191389835,-0.436310258132327,-0.47959804165306724,-0.45472241475331177,-0.4300447364993407,-0.47446209161314995,1.9500546563420433,-0.7638290311182739,-0.6474622788583511,-0.6069231052970833,-0.7594129324243297,-0.6680424345552406,-0.6193026579408257,1.4353212016912809,-0.5980193510696482
38,2.776886732570143,2.8388293714498354,2.251320626961536,2.77456759166263,2.837212564677552,2.2449530249263687,1.3163125969979355,2.5670831519767705,2.6504472336045057,2.0769132383634026,2.5757773540802598,2.646196567332443,2.0726617057261336,-0.1625108957491586,-1.6918989022822264
39,2.148066554328231,1.0008386554540716,1.0537406257028537,2.1438398199569844,1.0014098882258045,1.0672114434397524,0.7777575312778666,1.9182740976655177,-0.5073265716378093,-0.5081521472521366,1.9190538100605317,-0.5337166461739291,-0.46945312535896006,-0.3022429784999448,2.5666895557177973
40,4.456774903045343,4.502305563625065,3.4198647093455796,4.448578379864798,4.509453775494621,3.419921333974154,-2.0946836684615557,3.7077877478499213,3.728929347823335,3.006257670449688,3.6928578955802815,3.734485381932555,3.022279418921211,-2.1380364123342592,-0.21069900771578423
41,1.7774230738944448,1.79804068618814,1.8689828195654872,1.7832966492092723,1.7993101447953554,1.8629606094613653,0.8487329075795013,1.697471108324773,1.725019333509328,1.7173202250831205,1.7003257522134123,1.6912259250872859,1.7083644172164272,-0.32847972766685624,-0.085286186706965
42,0.3779490939351513,0.11439993549726252,0.11555582752044731,0.38492001840059087,0.0996251806580004,0.11761227344289281,1.5729500916280212,-0.029289973361477272,-0.8779796202992372,-0.8515935805505664,-0.052676154424622645,-0.8971986155045819,-0.8432877039792642,1.042306308507364,0.8528501586520693
43,1.1874924230267787,0.44672772133562083,0.7260956567964592,1.206486131798681,0.4488060689566717,0.7446945321637093,1.0249966440222764,1.5579365391336497,-0.9657355668187163,-0.9429491077714868,1.5018527973133944,-0.8924850016142577,-1.0002733236054735,-0.11377596928179307,2.2637713374753834
44,2.193598135494583,1.59748121427979,1.5802218233801288,2.1891105728431035,1.5912218908434153,1.578576223704487,0.7439115539905228,1.8435323641124093,0.5568922431853607,0.6007324670342176,1.8445452389514476,0.5635150135198695,0.5949682638058436,-0.49954623137957205,1.9662188395169042
45,2.7390484947816227,2.6998033953931677,2.7944652814687863,2.7543679663516594,2.699046140925794,2.7963742055409893,-0.17016358020924166,2.472897751612648,2.415618151889606,2.231768954336699,2.4358509503094665,2.449898378825402,2.2411539530895728,-1.1943791301847453,0.7555476160843129
46,1.3149892191218258,1.0909940280808743,1.1441029432530008,1.3129143901853848,1.088203273803461,1.1317118298439643,1.5118112876548202,0.9013651317937516,0.590768770611487,0.6710706488757714,0.8983426503487785,0.6003712797572421,0.6523108293787426,0.8197749968572635,0.9323389353281102
47,2.1468948699901715,1.3410208592615183,1.2806198649080993,2.177545683482762,1.3264108256291105,1.2926455194667907,0.4755484389042985,2.022649293914865,0.05554176659315681,0.06199172092839103,1.9829993484534267,0.060263765900437645,0.039793544623589194,-0.18914462299384527,2.2316880924699727
48,1.112177123336803,1.309804695766404,1.4763947285553898,1.1031584849238822,1.3073645922454489,1.4825500765042658,1.3425009285606078,0.43499021331455995,0.9718621284122401,1.1150474548665659,0.45979877211305914,0.9261112166119352,1.090668907356068,0.5926383708557295,-1.1919754773833033
49,3.4390258431622294,3.469646043958583,3.0358775391888613,3.470154158930842,3.476531512536307,3.0352663257203267,-1.035631414323992,2.2609812358722063,2.322909813032191,2.204448585729779,2.2644583378601584,2.3558187406196147,2.216684544800673,-0.9231540823461512,-0.8225667436545286
50,0.16039778487052495,-0.5733511708520654,-0.5415980935516655,0.17240255434053026,-0.5665951501339251,-0.5555405957929116,1.6852678151528362,1.213907937921137,0.0011091119199603265,0.001249003052734041,1.1961005982060045,0.0059115459559653015,-0.016263349747092776,-0.21789848979840115,2.208928711700265
51,1.4951367041097914,1.6462493897782247,1.7913652317324462,1.4966117535568697,1.651637408419785,1.806974584142429,0.7373395147723414,2.0563698438402325,2.343697386228036,2.351016184354666,2.054781273347126,2.3484499774416765,2.345599607473264,-0.6931307510254284,-0.1724074001594576
52,1.589072098610824,1.158452768137372,1.2075667859054842,1.5927294083244714,1.1690224376879406,1.2029127076634327,1.9211562250721852,1.5586993725752865,1.1922245621641325,1.2606253449290197,1.542646275677074,1.1923814700258841,1.2579959287371967,0.732291927584585,1.4680227777213497
53,1.9839345892115348,1.0734914489706358,1.269024062764141,1.9779429428680433,1.0777901681871949,1.2621361211418471,0.8415113214188799,1.7422944305041654,0.03140475007845597,0.03802672891163123,1.7524401454316771,0.021648153185626632,0.027320200208952847,0.09774210213527544,3.4481394532102168
54,1.9767147991246339,1.3598730646880173,1.3376417287437863,1.978210838573641,1.3585187505386542,1.321249028491825,1.1121783210324574,1.9888132209723368,1.0978334629101179,1.0973528393383,1.9896486861402078,1.1017630097784694,1.0885192821531466,-0.1964474988157666,1.8472784295778577
55,2.354137508705666,2.1893956472755307,2.0468180574308854,2.3637868275630693,2.175754336704432,2.0604339107933667,0.10981134862223213,2.5685439651468776,2.351042256656247,2.505820575249642,2.573221463086616,2.3530694936524017,2.5068896737753983,-0.9011982854430928,0.8446665988464357
56,1.4948337833368726,1.1322552174336584,1.1156089963908995,1.5106729203546891,1.1447804704696818,1.114087142337866,1.1563707941947168,1.6031042093589027,1.0566520424855324,1.0586060188603519,1.5880698166893181,1.0292883436449891,1.0520252760772177,0.00020015970521122312,1.7369023331457805
57,1.305898551305471,1.3221771547433752,1.248128676673213,1.317066668901489,1.3033771154970075,1.2349948393041112,1.2699941541692277,-0.24408864801366176,-0.3692527863183498,-0.38181610347807743,-0.26307603662884904,-0.31083312775921124,-0.38804805042671264,1.1820183996891123,0.30698412912443135
58,2.60991334768567,2.522758648694437,1.9946513229139544,2.6018389389604835,2.5271262858262307,1.993378740686879,-1.1519889830802041,2.3256937395030124,2.2113575098253473,1.7908433771059318,2.350985996776485,2.2048767543020515,1.786982766548487,-1.330727901419651,0.9471165512215084
59,1.8063326175178076,1.5752053517520317,1.5648114794800545,1.808386458039836,1.5837241717950121,1.55862486085595,1.1579360040771651,1.782831519678296,1.4079078865046335,1.3605194037316142,1.78225870242593,1.4263290371060913,1.3405530554268235,0.2567490965566898,1.3181808912352486
60,1.5705457837988555,1.681102041308948,1.6581159093847442,1.5651648620217091,1.6856998674666945,1.6491791335234558,0.43130368531641344,1.3611673461032239,1.466526913663989,1.4968912665706342,1.3540048702887768,1.4799996252744807,1.4890695221177581,0.17955326156549362,-0.020740337652734194
61,1.1645784872347165,1.2127989639067864,1.5080875871977475,1.1695123734781236,1.2004196650361156,1.5073822005297826,0.8563554521140045,-0.4631619395176311,-0.5540515422262463,-0.6220508989972977,-0.43602284428299504,-0.5457007643683852,-0.6261881792263445,1.1340469111805662,-0.033356580181436286
62,1.4818595722054455,0.3230096702604681,0.29451487992486713,1.4905978270323221,0.336901952195227,0.3023445371115892,0.7028324105446584,2.245809486238545,0.4192036408340441,0.39758968877504663,2.1943268501241215,0.39554808220448606,0.34974277546791355,-0.5452642928044776,2.3582202664183547
63,2.498969510145008,2.4637044463495386,2.3417713575137764,2.499152756043491,2.458657636831817,2.3392359354694374,0.19715043044137634,2.7117853554561453,2.962424420036811,2.6751124977178935,2.707128506419607,2.9364567146758667,2.698225989191933,-1.050154236147923,0.5829968948509506
64,0.17489107042447816,-0.009684657600621994,-0.012022618121051794,0.18235315140484215,-0.00037278657108001233,0.0003855192854275643,2.2126347260760704,0.2765863618769574,-0.14444216114311673,-0.15658256392900058,0.29713403940083566,-0.13679948790760588,-0.1923526550647114,1.0799338006256096,0.7641455291610396
65,2.4382555910406047,2.3673266050192465,2.1891208156333,2.431793212184894,2.358622141556137,2.200262066786587,-0.10962613718205093,2.2694725309136334,2.191244353259464,2.1740267577139134,2.236216725900306,2.1771402954098087,2.1505595475898898,-1.064773969535533,0.8706964067835069
66,0.3777549231749377,0.13187458518342307,0.1440441779761361,0.3731770152405196,0.13414687838778772,0.14278493994189984,2.4962626974702253,0.34729213282721905,-0.3029475200382299,-0.31781655621509625,0.3314955666779538,-0.30110517896516603,-0.31379859400278864,1.0658156840509585,1.0297296071171331
67,1.414636228929865,1.4493131154387604,1.5853421795190576,1.41938512724213,1.4663288983423275,1.5919620445918488,0.7730056827085169,1.243850280257179,1.3177635735682216,1.5389124498441755,1.2757744126021173,1.3205549206674263,1.5025169734864945,0.25230101250687276,0.0985412127163207
68,2.501712325408415,2.7989026588318495,2.487417821036314,2.5139894927106186,2.8115527852568643,2.4936332198937734,0.14130363915398003,1.5042296204775485,1.8348794854044173,1.7480955944322134,1.509493757330635,1.8458630315250895,1.7416048267069675,0.06566735746829276,-2.4020483455431667
69,1.57163521618815,1.8408945158954846,2.036361862569402,1.5625386217942132,1.8310829619422127,2.0237432832004676,0.6911321569062936,1.578004564335242,2.129852922709805,2.279312321391455,1.5889748179374417,2.1327567520637882,2.294782332624965,0.10250704120587692,-0.20922883630846698
70,0.6013822021137782,-0.4074896034359091,-0.45095106911400373,0.6080127875871136,-0.407227708083211,-0.45264469240073346,2.0745628295574696,1.9465188325845195,-0.8585781335405449,-0.8742277948009568,1.952287590271308,-0.8191940120551401,-0.8920547276675482,-0.2818654555220722,2.7669263507584647
71,3.1429267144975994,1.9816443336961624,1.8199492275891662,3.1750914144849305,1.9716337778951347,1.8246746753107084,-0.2738239950182396,3.0160237516305286,0.8549358868992559,0.8113526443229155,3.0019423474373026,0.7837670597952457,0.7587518759390475,-1.4544626747373202,3.013148559765318
72,2.557065924654394,2.264763569419572,2.4532154041312424,2.5502541630835824,2.264845140256321,2.4562801089569657,-0.10674814572342309,2.6000802158516496,2.222511585947112,2.2906578170808585,2.620968265312364,2.202209762587628,2.265042862055195,-1.1686705921601506,1.6467884496290612
73,2.1246008588394845,1.9946829094280518,2.032367422139503,2.130497336176789,1.9895091040366795,2.030030814095683,0.32409830299635517,1.4416149916697516,1.1873369270931264,1.277217926771872,1.4576560009742152,1.1775008448465731,1.2989868691743423,-0.021439970443520858,1.2277509357793592
74,1.201078708064429,0.9071433400400033,0.9948346142627493,1.2130847695605784,0.9030579940950242,0.9990103713055147,1.3393130699998865,1.1862130166731533,0.30136666173164245,0.31809991287933226,1.2071921213616443,0.3945055401576249,0.36114481549095945,0.2939093685351301,1.3575587184728815
75,1.5424680043566132,1.1967025206565545,1.016464223677678,1.5459441187473282,1.189699847163955,1.018874503203039,0.8120339950939363,2.111502479800159,1.6724764297040353,1.4020203572446743,2.1091908911870507,1.6714571707942683,1.3947042145774071,-0.3280479564542076,1.5875243098642622
76,0.7281055814871602,0.8070307115968182,0.9590331416818966,0.7227866323159823,0.8245734566036311,0.9543588353252327,1.7438749277575298,0.2644273746529325,0.5290700977753799,0.48587455462999346,0.2994729239300439,0.5378802396264991,0.5392244980171337,1.100662092235796,-0.8723485300378451
77,0.7007420507111164,0.7564351054534957,0.7433631705866854,0.7091687479914011,0.7705512127836494,0.7471868651107384,1.129949096761601,0.5556962532240686,0.7047750164375247,0.7263353832130648,0.5644308419832534,0.7107226116701967,0.7336890308273313,0.35343843797662744,-0.6087687843286574
78,1.1213604506004016,0.9176612659781469,1.0249527071520992,1.1261099262502172,0.9105834815711877,1.0235705820387075,1.4001644524933101,0.11059534150214886,-0.5275223896926201,-0.5020006606624385,0.05060196513123793,-0.520227921173689,-0.46746726311249387,0.9040731094367029,0.8456595370681496
79,1.1823418701530948,1.1861186678351239,1.342554350910878,1.1846027449356231,1.1866587356888656,1.341612058686364,1.7212166609187032,0.7757907210691749,0.8730632438114844,0.9755631860623292,0.784839286293975,0.8986606033003982,0.9663316410862741,0.5582121533086429,-0.29514769009063063
80,1.5521022021142117,1.7238758401878125,2.0038081212440466,1.5463120393748557,1.7252926446511492,2.007772550185547,1.8094750410523546,0.07466225020412079,0.37840382103531195,0.4192542743635361,0.1507363051276417,0.36496830683127973,0.41187225222461243,2.0083321742520677,-1.4324773020589054
81,1.4413837616164915,1.4201721578280089,1.3061621089997457,1.4391676797792763,1.4173952308121094,1.3073656369919524,0.9865772220938925,1.2693270171899464,1.323161195655673,1.1291918351319254,1.2573494951331594,1.3318019156182777,1.1002630389578625,0.23444828921371608,0.017593503401559244
82,1.657121482286246,0.614360526859794,0.5834540228252649,1.6561908462301131,0.6264986175069798,0.5844011503784708,1.916969114081945,1.6505155123551896,-0.4968936590059533,-0.48107049388411893,1.6534832508242516,-0.5223801804263392,-0.4544661443616957,0.059962372471689784,2.5139036807793222
83,1.819633613421615,1.8491609184884488,1.8245215518145572,1.808356766764667,1.8281792079468082,1.824431010098547,0.7838797550868872,1.236595675585534,1.3691825334648589,1.5174765158970251,1.2285110067056737,1.3636883873344232,1.5216204789431351,0.17414813089027387,-0.8652447666093099
84,1.933074680601177,1.944903890400436,1.622998755410926,1.9219880139144234,1.9373069270374328,1.6257219939279026,0.8699014500561769,2.0053793326359095,1.9278469946622694,1.8503923285871704,2.0023187668189797,1.9202792420061023,1.8402032122211416,-0.05414311154161466,0.22750457879125724
85,1.9826688027993955,2.000564743503156,1.9871183990383077,1.9900916297562663,1.992296014756236,1.9871228857729126,1.9585957959122866,0.6556773799812011,0.7032018694096148,0.7410249757604983,0.6632771565989959,0.6952245207549793,0.7441650460247367,1.4220347606707062,-0.558255206503117
86,-0.49185530221939766,-2.087300922279802,-1.8983131637439734,-0.4912673828504243,-2.0950978618397027,-1.8901301588901127,2.702510834742619,0.9987898759456499,-1.2953027317032602,-1.1802104944968372,0.9916133147428052,-1.297182296049844,-1.174930312766514,0.5140372369474635,2.9500771138883377
87,2.92612725999816,2.7636690388351925,3.067232138072356,2.9335216681868053,2.7669343196220026,3.065269959283299,-0.49425416734367533,2.691918207137286,2.569502826061066,2.9918332735948368,2.7033896225979293,2.5725496079201307,2.982485745270864,-1.0244174188579245,1.3699101760258732
88,1.6991167983821782,0.9687897158039638,1.0773835284946924,1.6956899540498735,0.9849351708034283,1.099887746297152,0.594754299288729,2.2546305337855235,0.9966047485032393,0.956223140481635,2.2183922576899895,1.0331799765330192,0.9555210121706208,-0.8770155964632989,2.4306019372414207
89,2.615172214310955,2.644400356065881,2.077308856864156,2.6255016931824446,2.650621104585772,2.075641685183617,-0.4875189617579046,2.2764697403774403,2.324365939667971,1.9240911807886367,2.2305492205033244,2.3179324946901882,1.9200485654669128,-0.9355055589871959,0.3274164937329837
90,2.5540918471945937,2.505191127271226,2.374235179632302,2.535607034955331,2.5050227607139615,2.3614304522471414,-0.4790076715192618,1.8313530513424898,1.7330075902602948,1.5939024156906427,1.8364251082709595,1.7031572115213867,1.5983455007784337,-0.7728753431803105,0.6607767722101837
91,0.7908462300637247,-0.8217527364376687,-0.6123679895006864,0.7909174828139802,-0.8190744373107852,-0.6060526291829662,1.9171259462293002,1.4172241857259888,-1.2049088172971179,-0.9068973554709268,1.4137052740756004,-1.2044313652219,-0.9069969237721589,0.6583033090130275,2.91804613252368
92,3.148952523289855,3.1090230155590373,2.4863333288219533,3.147864512995962,3.1114012074832527,2.4872081409927946,0.350011154721069,3.2638017551072904,3.286733087531651,2.83921512631585,3.253657290754351,3.2988463958856062,2.8404256708199824,-0.8348767369642757,0.27451772201361635
93,0.8823972241154526,0.7427005438452212,0.7906289187504056,0.8826478619387541,0.7525628937160697,0.7882374231372906,0.8995717745791877,0.46042691140447367,0.19024084988982698,0.19559337407284394,0.48756384272323633,0.1812760346190937,0.18303851974295865,0.41472456086160975,1.0450296755450958
94,3.878038291438124,4.0312692241448485,3.1946277908055265,3.8778589901869487,4.0390895165514475,3.1955963020968627,-1.3596244262551025,3.687026119082486,3.8811222551290165,3.007673343465904,3.6895903248669746,3.8573835591089236,3.0145809340962297,-2.2258335226039874,-2.1726984343037765
95,2.6946355382316796,2.7211623926769786,2.651651675050031,2.6907133487367445,2.7242172116181664,2.6466205271352687,-0.019756067163551785,2.7226274196759195,2.812647411975301,2.97514906633542,2.6991459683458583,2.82670319819071,2.969697578702166,-1.0444660671586292,-0.7070357374365832
96,0.956555733990327,0.49538147424179124,0.5617487091640718,0.9431047856437442,0.49305618449874267,0.5776697661339038,1.4111865319702304,1.1706613681880746,0.1997274078682021,0.21928518467374963,1.167030280279572,0.2086909727756532,0.2432216232579572,0.3867998322985733,1.4998703664326347
97,2.55851005340426,2.7699356712075645,2.5453452019416605,2.5493820494782296,2.774158385095839,2.540735538314718,0.4202577159221648,1.8747044304605893,2.2176241026347245,1.9177858894024082,1.8823427701959998,2.1737348797111973,1.917638893193678,-0.5029736315575091,-1.199792869935117
98,1.093925933218336,1.195324136440675,1.2918819699981983,1.0842916155391698,1.203479345862203,1.3058577798861035,1.3507802871579706,0.9372048234408085,1.1406243105787348,1.2275446177489489,0.9167958158668263,1.157867055257958,1.226391377365171,0.37143420085285545,-1.4122365677969972
99,2.2554887757694146,2.2514385622992816,2.3970487843137875,2.256040345735497,2.2396620603560287,2.3945126862900383,0.9549182377100738,1.6777191571442736,1.682660466861899,1.7205832271578791,1.696301639265314,1.6632335534133607,1.7264759889685253,0.3081366772469775,-0.21632143460068617
100,2.655641148192217,2.7872687848084667,2.7886113889894593,2.663569635337208,2.782298136420921,2.783950393768953,0.5213774169791712,2.167551642197205,2.5841696428422996,2.574659968717765,2.163016612473818,2.5441045805805946,2.6005646690325475,-0.1291340041521327,0.6657060343901228
101,2.013059382324094,1.8937576518824875,1.5041292594398565,2.0189896579755384,1.893832880648864,1.5024619252342766,1.1665210904727497,2.01495445275285,1.8458481561939852,1.5307894325992246,2.021705708549011,1.8431535632174787,1.5370295631439796,0.14791620163216967,1.213452782361518
102,0.7972345775821646,0.6135745531252994,0.5796645524147213,0.7880975603969033,0.6264088439357942,0.5652906580977839,2.149896713210603,0.8949281001522257,0.7009768963862778,0.6849110983476439,0.8927033064913732,0.6983401030153381,0.6945743440526292,0.7615908321967892,0.9361209813974176
103,2.3825561631300767,0.4713068461969748,0.53017076439426,2.35470219484131,0.4702734283690226,0.5606792092905488,0.7728144494522821,3.293609490391691,0.8276981412526997,1.043190144671837,3.28238397227898,0.8535408523867535,0.9783342461891882,-0.856029958370644,3.134114981426263
104,2.291462434142731,2.228975931770935,2.3000679556942414,2.2895474915859415,2.228179883596632,2.3081810054557894,1.0636751665885664,2.0137554642314717,1.9899619039612189,2.0068907205231206,1.9903689301737022,1.9810740841460488,2.015464885180022,-0.24655310733316402,1.02091805188861
105,0.3607232297922486,0.37778721103648794,0.42625616760797025,0.37251825869658467,0.36700629926137573,0.4320325407994937,1.9406627273618238,-0.07468382180294782,-0.07345092796860132,-0.08448545836378565,-0.07088186921538739,-0.08055883732265609,-0.10284186150688644,1.3030588265578131,-0.07348674381137177
106,1.8002921782904475,1.5826525060445336,1.4850342576252007,1.7873047766681553,1.5878495531824415,1.4834190679238848,0.580633189892532,2.2359555822794603,1.6996352918115736,1.3706766647965898,2.2512249817662786,1.726106141942256,1.3507251240200244,-0.8772170936104927,1.770779700521971
107,1.5270667035736905,1.4630306643536735,1.3292962690439172,1.5512157134288511,1.4632316061592736,1.3311931539971256,0.9826447991304906,1.262045692136726,1.233866432716209,1.2127807061801765,1.2788307454013865,1.2833490593119607,1.2552666749339383,0.31267564958101507,0.03337188655482425
108,0.8342423174385813,-0.058508811531331834,-0.06384575291327006,0.8249209546087872,-0.06729107271926457,-0.05936248150581359,1.5274756968524354,0.9676816634183132,-0.435599834064215,-0.5092567374783584,0.9584605291778011,-0.4224748827093876,-0.5313542607490354,0.46620392531039445,2.8821139895827206
109,1.7525387984038514,1.8498272949624186,2.2630153800484174,1.7588929570877834,1.845287879990996,2.254342805868353,0.8890902413910873,0.43095307783661874,0.9566120125764622,0.9851580463829318,0.4681528531166561,0.967088821732715,0.9864827800719962,0.780492463443609,-1.7141206199706764
110,1.8663257282210282,1.881263311588578,1.5527769513411538,1.8674479461172881,1.8791536578820311,1.5550020294165234,1.1572352421974168,1.7981088871404183,1.8653167886043638,1.4417713100881238,1.80698857103488,1.8611124293672232,1.436784676692397,0.044524035034576054,-0.468376873016545
111,2.201093932905412,2.214855567877589,2.122115890393673,2.2103190280529335,2.2304582273130618,2.1252858622262902,0.20039933137849636,1.0376196495185595,1.2313738746649536,1.4173476391458828,1.0010433946219888,1.2770427960703714,1.4072157344046414,0.1962936109488476,-0.18721079721637485
112,0.7806377194044442,0.8415747372641257,0.7714511934953411,0.7669492215504051,0.8283162981920373,0.775296274347674,1.7418097771139303,-0.7865191918137674,-0.757062804029131,-0.813447739202288,-0.7885611445221289,-0.7419704756246496,-0.8347715065860063,2.258243238626195,-0.6328220863281427
113,1.2656888122308432,1.2987199307244819,1.4379538698874141,1.2697681133002863,1.3102217270582006,1.4527897689771303,1.2590120417001305,0.7888778735237549,0.8722752051036762,0.9214029195025127,0.8031680680070703,0.8594049151985799,0.9457491402844888,0.5107300524747791,-0.7241455404850988
114,2.3932996635249344,2.4322068933701897,1.7632936036157214,2.3861268443833348,2.4270062729785904,1.7619317053567194,0.08836943752858738,1.9509884235648194,2.033709153238486,1.494245028631395,1.95782313777712,2.0176662875802815,1.4921266191872635,-0.6125428492817362,-1.2851203351350335
115,2.564560595765884,2.7173212408800045,2.549178067775568,2.5386274427956255,2.7227304996642907,2.544389223123945,-0.7503343016343137,1.9239203073528888,2.0361904405806106,1.9918703851009654,1.8971882556164115,2.042314568019237,1.9871057623006603,-0.6436690259513134,0.26087102557934766
116,2.57194016535478,2.6462747028822755,2.28901705859317,2.5607569890694277,2.642663295706032,2.28755995081588,0.038319911657736495,2.5543591505172603,2.715970286553467,2.3121647030065344,2.5562422477668303,2.7044888466247516,2.314114489251358,-0.7897229783868337,-0.7240098360680909
117,2.1270235420942236,2.1947401475120185,2.8095219308005817,2.1349183825906946,2.1702473327854808,2.814243119632895,0.8280069953327698,1.7842709694608394,1.9172373623988492,2.3792951384660093,1.7573656284663204,1.8822712779462043,2.4086652060683758,-0.13168012789934685,-0.3204530090723946
118,-1.319791824389097,-1.4945512979985198,-1.7323853846792268,-1.3175871333593354,-1.504895100153827,-1.721288478370226,3.292029229659211,-0.9255023453321324,-1.0818277568617167,-1.2896405479734177,-0.9355438296563572,-1.0820058023302133,-1.2899197073927382,1.8195144041117417,-0.010088995344610578
119,3.2892753333614495,3.2876534551759184,3.135996863441906,3.2940921222829402,3.2962731733732507,3.123076161333525,-0.24620933732981276,3.110276796961479,3.161493126398942,3.167291800235774,3.1074688324240953,3.159315042140272,3.175088925411642,-1.11613570940428,0.3253931686811884
120,1.9471118916723213,1.7046516843419401,1.6031987972277943,1.95635329318993,1.7047786412469383,1.6034508353163361,0.5516917015823408,1.0677462101718171,0.528698732260952,0.613035443889896,1.0012318841657575,0.49630121182930864,0.6270581779157813,0.6194350503798202,1.240859794530752
121,0.1479655946691769,-0.24581276132331895,-0.2529396160364237,0.09905904027420522,-0.25663377928395553,-0.2870668415993177,2.212027547141045,-0.2722958176566226,-1.3767361539405616,-1.3974849504913498,-0.25701465590055694,-1.306668476453151,-1.3131579922233156,1.7123914180694384,1.1645682093485088
122,1.36783940848103,1.4209746609973692,1.4022865228052406,1.3682692139883934,1.4253216826402426,1.3903420844990373,0.5335752571834751,1.2630092746803427,1.3758337990565572,1.3547129952272348,1.2763595316181342,1.35009660410481,1.3748381021578475,-0.1789174014922287,-0.547857976113198
123,1.4960440016146745,1.5771661381478237,1.5859674082246238,1.4970504585381046,1.5705828691572705,1.5931759232930314,2.5240447874732306,0.7097554280409558,0.7748315918784431,0.7986652414221229,0.6997366270834433,0.7805093857072539,0.8058971372582341,1.8646673222075887,-0.8645652371643271
124,2.673015511452607,2.5994354185507964,2.3030208315858314,2.67233848323312,2.5967515557365393,2.3081234598183964,0.7321741009539782,2.5427099464799667,2.4041265494352544,2.126899927216804,2.5418154947299927,2.405186407755569,2.122481851755323,-0.3305799577948514,1.217197219866919
125,0.42816106297006273,0.34842707802242884,0.37656528193573074,0.38340226588551923,0.31590521175903835,0.3883815289258991,1.6821166223382618,-0.48039881080477603,-0.7131263555085914,-0.7757187254942094,-0.4978586766950029,-0.6553791900188958,-0.7320879029193484,1.5887811610341236,0.06040695548052821
126,0.162416852555732,-0.03807557026304036,-0.0444173339729864,0.1544833280608147,-0.022000752966687583,-0.03362426817751456,2.384664558323443,1.2935526765612908,1.1057321652904648,1.2583677394617694,1.246694276607964,1.1151839788527655,1.2608247129094825,0.17916871439131246,0.8327107246616601
127,2.8240842289505204,2.119611914727473,2.41998891881105,2.8164090820064556,2.1303635642648477,2.4283955399239803,-0.2312736328868985,1.9546929432167999,0.10143683756028586,0.0977398262415146,1.9467759175953152,0.05435376293013407,0.14722404704589437,-0.44611433596286015,2.7570090533524363
128,0.7936881563317776,0.3188472612916981,0.3688946840305974,0.7994975141172507,0.3215681066483935,0.37458247741218065,1.906856018731674,0.6846689166960445,-0.09247781743027077,-0.09328171178356685,0.6936993462512863,-0.06518877630553298,-0.07697466171292265,0.6720215375189545,1.77177628416787
129,1.1024631843397756,0.703620883789747,0.691126627225064,1.0893141841286407,0.7124232987587621,0.6748085137759156,1.4144668553820021,0.33306042592906854,-0.9258103573740282,-0.9934780338098999,0.350659223851783,-0.9025981494631159,-1.0381606814698099,0.9268865444054463,1.2902349642121884
130,2.382638087866002,1.9845789440024266,2.281784441139083,2.3679001896118548,2.009686776855911,2.278062603834261,0.47331043612492835,0.6841312885194071,-0.40507785649794964,-0.48697938038982036,0.7234616184179226,-0.452447931522641,-0.4243593332556035,1.2546506727055324,1.3639446586879396
131,2.162795168145168,1.9194475722889224,2.196766409541507,2.1550404212776977,1.9270204774215491,2.186199716169449,0.15995357051600778,1.5612961143217328,1.2373528911626857,1.4334837825165876,1.561244329109958,1.249209938270862,1.4189897560478093,-0.39262198793753667,1.1798625408749652
132,-0.2305691465771838,-0.3371155942373837,-0.32794977423777805,-0.21722113614897268,-0.3414033971324603,-0.3382131406946446,2.1012376824374663,-0.5838814687333157,-0.871489089158299,-0.8250882393827776,-0.5625215047372678,-0.9132985821808292,-0.8384433127405548,1.3856143584803375,0.6829347594954376
133,2.5565214951266904,2.1667369636730576,1.6992025043991035,2.565672020994477,2.1722232049690553,1.7152364468524883,-0.4799133742880721,2.0206946190085184,1.3009461754016824,1.1529117727138622,2.0402943358588987,1.287348460775807,1.1471215093473024,-0.836621302830287,1.875128977839084
134,0.4718208242754969,0.44985157306678303,0.46225268236019595,0.47234169028814604,0.45143281428007004,0.46511582349126845,2.6729275354532027,0.5790203167995328,0.6053990117165823,0.5985251558971779,0.5658286415963389,0.6245308702163614,0.6135788432248845,0.8792385691859785,-0.33568646813649944
135,1.8911677852495443,2.00507403159316,1.7496533069206288,1.9247464016435623,2.0081736681672018,1.7498736861266186,-0.3171316963536335,1.711992552882882,1.9243174065543105,1.9333941164152846,1.7618586109374867,1.9043077297016717,1.9284038025998338,-0.7207956623595309,-1.1844639066587686
136,2.2942653256416414,0.15295873762378648,0.17270241659302224,2.2992069366776597,0.1382116121618182,0.16679469084317705,0.3333177607610173,2.897463741017597,0.0943891751639363,0.10750891545582641,2.9095816484802612,0.086994326784606,0.10660697966120998,-0.7468393374214722,3.613205131051931
137,2.871206132755639,2.821488687122424,2.5756948316493093,2.8855836325066386,2.823182970682225,2.5741106459967455,-0.6866834534731538,2.310374248842018,2.2542863467912224,1.9564600061849828,2.3414440132736165,2.2833488540094673,1.952362458966741,-1.0599620913514152,0.5523887585645847
138,2.7977539933192963,2.670308238192028,2.958163961111791,2.797020428235257,2.665889016546663,2.963283988289824,-0.3695442718212061,0.6507718745006082,-0.1551068409568508,-0.13893029296310758,0.601833966389831,-0.13271655986469713,-0.12748186331303096,0.36582971442116596,1.4457938844486222
139,1.0539734609601181,0.8734200834067919,1.0624647553572701,1.049340064509346,0.866536841381593,1.0780491683467675,0.6164730554581082,0.583203985532508,0.03251142068644144,0.03271319105851566,0.5887494533723647,0.07819619554986064,0.0236869254598416,0.18422105293748978,1.1974768225509564
140,3.2130527465533696,3.0102636564268783,2.4687875713744902,3.220522419239615,3.0031888410946546,2.4638361782836378,-1.7787755185744307,2.7475660025851933,2.4434718842402425,2.121209472087289,2.754699104854636,2.4291180483223966,2.1286402040775965,-1.7945824609335372,1.565273129776391
141,2.718285948699574,2.4716097076548253,2.493158528811075,2.693500068193966,2.459335060282525,2.491307876647855,-0.6914680297121363,2.308878344068447,1.7142014472501907,1.5624352081954138,2.328917989600013,1.6715544545300232,1.5359296578918509,-0.8274464171324305,1.8976730762438077
142,1.8984903936119935,0.9846726100520576,1.0701726048574651,1.923665343523451,0.9921572193396263,1.0975048940604133,1.4635011038555696,2.0960988075975,1.0660606830049286,1.2208597582428231,2.0774430304880256,1.0829076809294709,1.2175415485659826,0.4531328602843749,1.9499338469518466
143,-0.05096242646230232,-0.235821810527389,-0.2887242776696554,-0.059778858040727065,-0.2514257222072784,-0.2824328975325783,2.415293176482864,0.859224593294907,0.014855286506998945,0.016600196731688867,0.8892132430204442,0.034217384705590666,-0.0003523431448875046,0.3147405894310852,1.4059103354282625
144,2.1972731246116104,1.9536299221717057,2.084859926917078,2.1917532268469455,1.940199973023137,2.089947732151173,0.4499750998043271,1.5373348749571203,1.2705442859189935,1.270907851151273,1.5045429933290884,1.3064764103874134,1.2907728996254209,-0.2001385769131737,0.8675715927851564
145,0.40503784299544354,0.4470135262515229,0.4489075212512775,0.3908281653566141,0.45794096946550583,0.4461930805768087,2.663801117717361,-0.07259904510253519,0.03212812475342008,0.03201478587211676,-0.060319330509926286,0.019065368032317807,0.04880136922548574,1.7191428853368662,-0.19252156554563246
146,2.4855411403823364,1.6940779692085226,1.6536632533189757,2.4819761249419847,1.6904476736559888,1.6348179637233364,0.1713492885382004,2.467879107750686,1.395476872196999,1.4514515401243573,2.467325783391228,1.3852874089455127,1.4560442362817796,-0.827813575139611,2.164304115258607
147,2.7194635246839156,2.8439568618166713,2.411887353894416,2.7074415810114365,2.8386901602599983,2.4079257826603375,0.7999134104779495,2.1825105609439324,2.476043363618786,2.1056168085786413,2.1762569594100505,2.476660972995789,2.098760836575733,-0.2531275160785895,-1.5292855925380757
148,2.34846400350635,2.3170279792959754,2.349077799917286,2.3427950716549324,2.319990052462307,2.359148449676743,-0.11908060868363132,2.1809607233857067,2.1427214779774224,2.180445639312601,2.1914314486097046,2.159703741816599,2.182393077549771,-0.9993919081531608,0.07451919906070933
149,3.29306977514388,2.6227569917085622,2.3269273828979373,3.297349522747455,2.6121158811542555,2.3210644890466856,-0.5030876945892891,3.4011769820689186,2.5216401536773807,2.2440254526262957,3.3871316828462272,2.5097346447225695,2.24328840585713,-1.5270136610776277,3.6145446674311814
150,1.1929270373853567,0.7921916417297414,0.7503316367297109,1.197942799095732,0.8000858110165371,0.7511451956316793,1.3145913537494889,1.0897628081519428,0.6039429385272833,0.5891941671247914,1.0945708740401312,0.5897884355059316,0.614951295675383,0.36781011903179317,0.9983354547710152
151,3.19005807659544,2.7005179977045746,2.4325398725173226,3.204684255951793,2.7028389953576157,2.431778638162542,-0.2428813172507255,3.2389828358568535,2.5692562379507673,2.2979476899022777,3.2573212972851664,2.590819381537412,2.299318111756804,-1.2131380581317335,1.7222953125970557
152,0.2450585696191245,-0.04952807973448564,-0.05623851784002625,0.24228715713032792,-0.05944814036442455,-0.039283102499264914,1.4322111084770188,0.320984041399577,-0.39580461703225417,-0.4749188929792946,0.3034065185096597,-0.4635202021539602,-0.4292411889764351,0.9015637778592537,0.7043189985379406
153,3.1250020587901766,3.234195915503746,3.1138134516385625,3.1286975639253916,3.220057362889902,3.1208874383092096,-0.9364022413331292,2.7463308901305368,2.9341246908108487,2.834919969517367,2.7772340428391122,2.9538831781296873,2.828041364383174,-1.4089525965008056,-0.9320886374080855
154,1.5536443552766233,1.3099039382655262,1.190792644190916,1.567409905884408,1.3068283980657318,1.1886426597542312,1.6826860681277918,1.5692674338798405,1.276567661883327,1.1969982526801433,1.556363438147988,1.293620198088518,1.207000492154143,0.6833379289551105,1.2339941919327428
155,2.107865266398706,2.1632146126672263,1.9908171094235507,2.1049098257204135,2.143813720941377,1.9913150602518168,0.15857281666718204,2.1431905880535873,2.231168232604805,2.146668598553922,2.1484791251110718,2.2525308808294513,2.147469146423864,-0.851198051690676,-0.47393306470988616
156,-0.2241468439583583,-0.9528690602521391,-1.2027556967267072,-0.2274564236295705,-0.9536356100677265,-1.2050583057239617,2.728846860756989,0.4339212144709976,-0.9453286152466737,-1.107430631589295,0.446107816423135,-0.9598195478142817,-1.0968421291644592,1.0235156421735663,1.4410919870560233
157,1.7457852878370173,0.660621596751009,0.5955647278545781,1.7454453686878952,0.6638337962084689,0.6083892191919731,1.422057689530618,2.0806955485479843,0.40883807771283204,0.4097388255056053,2.086399328439762,0.3968374523005205,0.3788778539071621,0.011954659818481372,2.2668595543925183
158,1.7184026268196384,0.7756096721619162,0.7868414714437683,1.7360246133794965,0.7859143762310805,0.7851290593313272,0.9511897860377573,1.9488997544598328,0.4417753993143914,0.5281328758884754,1.941298884247566,0.45144985384495107,0.5274503068088661,0.04201956405974658,3.228864602303695
159,1.8053763126601388,1.8610103622517928,1.7363435757702819,1.7979063714964538,1.8477471468382232,1.7255491756721066,0.09819664119277942,1.332760960073766,1.7148866501316644,1.5904261455441326,1.3553562697672659,1.6489945820032392,1.542088391136997,-0.30305470678778557,-0.395342767205385
160,3.005920273351415,3.072089898829362,2.418890121344282,2.992597776627062,3.0699004158384233,2.4169014099539026,0.011405679118667663,2.6278219539552543,2.7335724020647327,2.2788977513440623,2.614992436068349,2.7456806058573373,2.275170503938648,-0.6991206574851767,-1.3650403082209381
161,0.8824649021845088,0.9681707147823231,1.2629298319728615,0.8874811238627757,0.9734806904841037,1.2526245825309033,1.1299995808499816,1.252222529191834,1.4289000626311168,1.677269027774719,1.232581346818847,1.4304577516585657,1.6850657686265509,-0.004756660806321471,-2.529004657260479
162,1.7865951474960053,1.8046227076372146,1.8695274516254126,1.8054060510770626,1.8052526457634568,1.8873403841081497,1.0269809792264846,0.9351543686025705,0.9529159464709359,0.8864268211909595,0.9396738897080261,0.9875002906814652,0.8767815537264099,0.4436919405869572,0.047470559340451204
163,0.953000723937749,0.6956483358092901,0.5833056239958676,0.9443094667522528,0.6873731542818595,0.578496729539319,1.1544061855861862,0.5378310710055897,0.11390571908794185,0.09914995302447822,0.516420832147292,-0.006324987343269078,0.07903565311322448,1.0320643098025866,0.37851882976655227
164,2.7717055948253337,2.902553362263926,2.6625671806873346,2.773971791849685,2.8896002541049737,2.6587406198816264,-0.8041535771781373,2.590226392754093,2.807758278438208,2.516431374240428,2.592850053556073,2.7885888254015967,2.5102790026572865,-1.3944365608325067,-1.0846927093944276
165,2.6017822781904063,2.506184958170825,2.3014763725711376,2.5897502268317742,2.500572393666492,2.2988403743849224,-0.003034519587824435,2.250563715551056,2.1575661351745987,2.0197899966059323,2.2720980829098516,2.147030260712396,2.0118276026372857,-0.4777962848178804,0.761221120410626
166,3.1013687597002826,2.6616374346502187,2.4641710769134084,3.0854222325227916,2.6698138013349024,2.4572352655720926,-0.19571812236019603,3.155425775707656,2.4381474645652443,2.2395850525531653,3.149447402816561,2.427100425044742,2.2639840925032217,-1.5201666624308712,2.402947996518601
167,-0.622289719293709,-0.7585663960524693,-0.7296565173937432,-0.6234795438347791,-0.7509646203643136,-0.7525742995927389,2.352096150996337,-1.3467173362179354,-1.9305169645083557,-1.4979596226153715,-1.3945009054802204,-1.9194999608637873,-1.4867189666482779,2.2305958286608902,0.13645882810144713
168,0.8445662363947387,0.7091224223584728,0.7731650313339786,0.8418306065649728,0.6828604482819087,0.7692372476424404,0.8470887943991664,-0.0689653731171559,-0.6024746191095006,-0.6054343345627972,-0.01504225900371361,-0.6091303328121084,-0.5389567358795733,1.1457672987935592,0.46928796659789657
169,2.4492998341971846,2.4713061549888113,1.9620185783785016,2.45473169206204,2.470837600800817,1.9625982142158713,-0.6093022575865114,1.6503773042873617,1.7153158408662739,1.4972385459503645,1.681206933563337,1.6916345383648244,1.4797217286900486,-0.7184039515049608,-0.4545120671857551
170,0.9390132286948365,0.6809727728571401,0.699044021853579,0.9290340178644305,0.6772193224112443,0.6748745238187108,1.3648487651553867,0.6434437961805265,0.2988952023676539,0.2767494560893019,0.6142795132279326,0.3073680608092525,0.22795409805756733,0.6678964907067668,0.6339019275036499
171,-0.14645284747972323,-0.5677138420356226,-0.582974420044413,-0.1561952213381222,-0.5744741373635084,-0.6028503124544836,2.209091684780545,0.2668182896910128,-0.8149828254861832,-0.7386721407444924,0.27785271336142064,-0.8541356038320682,-0.7366435792675353,0.8737824423795238,1.446985592862661
172,1.8495410436271968,1.8062579226045061,1.605504338722333,1.8527563536673675,1.8123930485100026,1.6040662332511606,0.4110750046875076,1.175451420273497,1.115137670459981,1.2541694266800585,1.1253125570134983,1.1122665461842758,1.3018866221561336,0.023291123260681,0.20374942313413852
173,-0.21173511845759607,-1.0634221817334346,-1.164267582328872,-0.22318320421470506,-1.0662983297350073,-1.1676672266526407,2.859563142835305,1.2542695545005196,-0.5642463631052803,-0.6424692090671127,1.2575189951409957,-0.546588941918291,-0.6242305018611172,0.747878447557938,2.0096924210803535
174,2.2060077039917347,2.076683852422485,2.042987471018559,2.1994347388304063,2.0759327510930663,2.0429381594944513,1.0100397656608862,1.89800646739373,1.613897474806622,1.5364284786289033,1.9103573491413086,1.6257781989572173,1.5223761207115871,-0.416123889436863,1.5051236040899791
175,0.09612183091340692,0.4343909298163764,0.44023407799894726,0.08609315827483532,0.39758088504205297,0.43486750240163174,1.9734301569197255,-0.6601217372176442,0.013707586588943,0.014846402895303172,-0.6942081907220498,0.01566597250226153,-0.019098267692538883,1.5311159109485064,-1.0637968487890865
176,2.6693394808714683,2.36806284352966,2.438276464419436,2.650858835684674,2.3575740116967085,2.455435039927832,-0.3672510897604238,2.008435622884593,1.3359396369477985,1.355388744902944,1.9861260069351265,1.354211191288671,1.3266966455543152,-0.3052517196400311,1.4881355648501349
177,2.0201571263167724,0.648391830383895,0.6384636889423151,2.035018920642878,0.6593688319801516,0.6532318405831918,0.5183553049291704,2.776668802047332,0.42542542290951885,0.4026511044335647,2.776942077852909,0.43308072141967985,0.40535067042990236,-1.0902499862756565,3.5223869004220014
178,0.6409853292490766,0.840520132264684,0.8464119375306564,0.640842140529947,0.8351483471407498,0.8595691335436757,1.5640764824713194,0.1631122058753661,0.6176835078597411,0.6122922455618249,0.16781954139895777,0.6027422688536079,0.6181347764342632,0.7609738529921679,-0.25024915676667636
179,0.9727711552626074,0.8265843489255448,0.8592749372934179,0.968809692893224,0.8275057054844543,0.8606622751234179,1.9043684103495833,0.6173599007032563,0.4483534642904803,0.4617318866471154,0.6120854925774721,0.44540156758802124,0.46988383406850937,1.044652304001731,0.3827380840513427
180,1.960225739186168,0.7551118284507603,0.955680241620726,1.9494598344973775,0.749441947970981,0.9574853970356938,0.4567906306062042,2.7435490187541007,0.573188537073903,0.6257777084492405,2.761082390794833,0.5624582231843073,0.6251745511053304,-1.1653680006370015,3.4445569339979594
181,2.0577052524852726,2.2486763595426824,2.5923061685262114,2.04287610943758,2.235694865780539,2.5942464319695806,-0.09842508551667596,1.248057162628102,1.4836573868100493,1.6284829004744241,1.2504928844468202,1.4781018276178115,1.6436964158656842,-0.0603283079785299,-0.34016367489076504
182,1.4569145526290301,1.3350964799649894,1.420787095316539,1.448028506515083,1.3241010362346128,1.4133972040602771,1.1519936127612096,1.4015168665101942,1.489729896267804,1.578264606256895,1.4131789408374542,1.4666880785886278,1.5163312935701394,-0.3338474500706655,0.10776910358473178
183,1.4674149733052042,1.2246682376479376,1.1588317846302756,1.479770382603742,1.223666398482743,1.1715477952018385,1.3778575499339134,0.5715825992848826,0.07217131756856072,0.07026920104045647,0.5499053095921771,0.06518829317009363,0.05365369929874827,0.6564685628858881,1.1143652825005015
184,1.88155272086736,1.2206322317120881,1.281148140502528,1.883687974308416,1.2238974940544862,1.2815211855487088,0.7947005818779801,2.015850957889285,0.5555836500216256,0.5685626828177996,2.0092586659244165,0.6022245223544374,0.5729725339108076,-0.06588998950077836,2.0960733999183185
185,2.018389668181367,1.7683243695001354,2.003637428334348,2.0537923594017826,1.7888095855979007,2.006295037132455,0.2004021835220044,1.4717398488008153,1.098193308760455,1.0992009784779284,1.4318607409250168,1.1306856862034858,1.1000031765065477,-0.31904968872095996,1.2686853114840504
186,-0.26998217983665523,0.009020758173189945,0.008939526798399672,-0.27844539663479806,-0.013382969483270344,0.0050583402719262816,1.9765527806806775,-0.6423943418028014,-0.16754549040919786,-0.18674622984672198,-0.6697488974025971,-0.1709967833039698,-0.1960327522621679,1.419513717973968,-1.5785687885592443
187,0.14531310206455214,-0.46783875357636256,-0.5259056029831818,0.14256589132877784,-0.46222482116129415,-0.5293486526638699,2.589844634591408,0.3523924463411564,-1.035726134298926,-1.1159276696619032,0.35870272036454853,-1.0150066825280761,-1.1052097385245767,1.2122953765868805,2.036602716043742
188,2.0123861950549116,2.069258043736173,2.0580858920283944,2.0075728800068866,2.053209575925231,2.065661920280878,0.3592888813150827,1.5188978205063564,1.3985988135568448,1.3520641455952978,1.5312942978314579,1.4044197826588325,1.3827613578504563,-0.1709047311013268,0.8539978489368223
189,2.5734312721676673,1.6780545334520611,1.4556717778549588,2.5722703546138894,1.6801835398026759,1.460001421228528,-0.05152938954010273,2.4970381382372167,1.3674814991032178,1.2992668468528616,2.5184639123746484,1.3817715874909298,1.2932934675382812,-0.6838241014912643,3.4235118236952413
190,1.8154151171490438,1.170760415416879,1.2523988913102313,1.8148380015799954,1.169583365864037,1.2452550601373313,0.6700417720785854,1.808529730512096,0.18653018960270534,0.2064456811437978,1.8045120876510075,0.15437644480942067,0.24387508344158118,-0.2408907634683437,2.3032144803311088
191,1.1553345043356598,1.0958892935728992,1.3178580254623284,1.1598452500307082,1.0740529497403106,1.3184156252718788,1.8094853222354692,0.4112229744883056,0.3721716253867994,0.4778615673492305,0.40736705004989515,0.37470638297497444,0.47394979187395775,1.005465295168684,-0.49018232464037437
192,2.8892429542112446,2.543271062720603,2.132422223213275,2.8892515418960913,2.543375928280005,2.1381322603673216,-0.3155682841427019,2.1285511277951037,1.672057195326405,1.5754370870856458,2.1286453167535164,1.691065631928112,1.579714998614939,-0.3609875395169801,1.5084456117682583
193,1.1237601780893955,0.6995814998377531,0.7354993782288447,1.1211810670349502,0.723219301784031,0.7092685772493238,1.045463664785544,1.9019189213383245,1.3441600426585227,1.2965236821897046,1.8448914387502393,1.3201193128023396,1.2830866370453946,-0.6089903312859787,1.9316377340799562
194,0.8573559334830976,0.35330721218506794,0.3556587607736169,0.8550877270092971,0.3645530283108377,0.3348737836472801,1.7753247329138744,0.6469874064104014,-0.32731308713139606,-0.31831566206156264,0.6442069743481098,-0.32271647989172686,-0.24190702954576868,0.8728767215780857,1.7155073344540612
195,1.2142440730739024,1.2002172682747987,1.3132163652576228,1.2289479897321136,1.2063690696892226,1.3192174828969165,0.9207307802776706,0.3699088465712318,0.271392821143499,0.3037925971243894,0.3910377551349498,0.30703457689986347,0.29373294181621645,0.7182653369761578,0.5499937752123678
196,0.5798069599879263,0.8823296706843698,0.8634086261173466,0.5629993488923212,0.8769225612150605,0.8425018318900296,1.744190712904507,0.14811385491791773,0.648696049086406,0.6751448198078754,0.17778552372488488,0.6520696199149896,0.6852276143530597,1.3743927851392674,-2.0295376528286573
197,3.062289327657036,2.5101759509038164,2.6350895413139894,3.0585443076935097,2.4925116618549334,2.631514185364795,-0.5118263605664258,3.430912653323185,2.325863121249117,2.150513546013006,3.428095187437837,2.3075771878746036,2.146601580705298,-2.0005641436379435,3.9953402416206183
198,3.0190053476125,3.0437589965838994,2.3922351553159036,3.00110304766342,3.038337086216436,2.3916393530091047,-0.9451743067182476,2.7200531750934025,2.7563971721450096,2.2790527385568433,2.691058066753175,2.7632214774876718,2.2800282841156307,-1.3554368294699182,0.3277208332810719
199,2.2593819634219114,1.6861574884269581,1.8275359119096537,2.240013677018575,1.698206700239608,1.8293297505830284,0.2494352195002237,1.8068232223387446,0.6104570219027071,0.7088791196670072,1.788722391205038,0.5927410055928924,0.6894112287311357,0.06324792813270232,1.9744936834865976
200,2.021278670648721,1.9267696363967133,1.978254619812773,2.0294139888688485,1.9355404764776536,1.9845065460885074,0.7295065299598547,0.8653198426252025,0.6595299827854115,0.7202977751407658,0.8935640401135112,0.6990456066824349,0.730720248416701,1.0435040450982809,0.4912982715941319
201,1.848327993015936,1.7245547693384122,1.6491264311301874,1.844290261636861,1.7160947818039964,1.6493838453544096,1.165235620739028,1.8081437727801846,1.6110173031131496,1.5690078542464663,1.8135141477570427,1.627293130448063,1.5678491721339292,-0.012105627313743924,1.2515653531192346
202,1.8449924399107593,1.8882844606708724,1.6844660044001758,1.8437718979733047,1.8904088177944005,1.685917390763047,1.2163699647006614,1.4655278952938517,1.581358356342368,1.3071378260596662,1.4730141811374386,1.6244591670928112,1.3112394275945658,0.2676303593619957,-0.4685877336950181
203,1.513077903852527,1.628091751869684,1.805216412602299,1.5084106863102693,1.6604880807747053,1.8001761374233212,0.3441902165032713,0.9919755273853347,1.3043887204833453,1.5161172973270025,0.9806942116042878,1.2619752297651539,1.5233634606438653,-0.07111610592695417,-0.2820699229055464
204,0.18173273861897324,-0.4110581892289512,-0.39026735924521055,0.1753204401298478,-0.39698075065158417,-0.4279035154860663,1.8516953930925493,0.9205205337892209,-0.4454620894133807,-0.40400785029542224,0.9352925924502951,-0.37044234405725984,-0.38166498862527903,0.30248041277275756,1.6135500020361813
205,1.0923261719200903,0.9538158715049498,0.9746931776324816,1.0885842464206985,0.956421059345629,0.9725237154124354,1.9781399733695273,1.0690389767560864,0.9503799900147745,1.0203558388634009,1.0614794375932974,0.9472999934750217,1.01855378772268,0.7166535404515464,0.352042046360755
206,2.5704927061074745,1.044272672188147,1.3034628609597596,2.598636721148423,1.040815010496869,1.295135142601058,-0.09791966886220448,3.1533063348246038,0.9939640605923262,1.2190938907091697,3.1410408275130086,0.9641351955122953,1.215633964087656,-1.3495225759652816,4.2545768751261726
207,3.1286004198103683,3.207091287741692,2.5691227119904436,3.1612876818965683,3.20842447358421,2.5772585798084076,-1.40840271763399,1.9035316218875262,2.0818187526793595,1.7687572475002604,1.9136669602621128,2.0301721322860278,1.7654757032441182,-1.039409706916536,-0.39380781804633497
208,1.712582374035423,0.7308652635676226,0.8452488008543461,1.7086680656645288,0.7282270975580046,0.8516169510092535,1.789448699816392,2.1567579355129793,0.7941164362197181,0.6979949970573446,2.174469580965892,0.8257384594865457,0.6862507197028322,0.6096239711783634,2.5140429958637776
209,1.7173936671022645,1.6878459703020856,1.6844996053594838,1.7223621854746471,1.6903523976588994,1.6699580303649706,1.3620150238997628,1.8735814769993984,1.8152785373071956,1.8375287965517357,1.8767706537157396,1.8201993503235236,1.8451746124161832,0.31154151736474595,0.8039792153124455
210,2.5495114304796727,2.7004333084654037,2.2491381096569594,2.549568973124314,2.694688882712801,2.2575975984926018,-0.06714947314722301,2.131334865015947,2.3533165207710645,2.0323643970882643,2.1515545052787686,2.3474489139842833,2.039748518404034,-0.7374369403360805,-0.7255241372984629
211,1.9743529743295913,2.101778761244838,2.195001945331084,1.9766531659843443,2.0998738449094643,2.1803927102398073,0.14992802755177384,1.5942899987399515,1.8589239729650966,1.9957769145382938,1.5844665826543647,1.853964007244496,1.9925025943532413,-0.2532071637278245,0.25464064536469244
212,1.2883389812683306,1.1186694692835828,1.2994970343234349,1.290940252244511,1.1188478786452236,1.275184414518425,0.564055815602876,0.5595534521209404,0.21189232077772807,0.28457289331130214,0.5131655526339837,0.20688898363698774,0.334614587953963,0.45508643289736755,1.2113549755035662
213,0.7877309193360109,0.5796702722311475,0.59571771145145,0.7675870441528133,0.5783403974764899,0.5622131163132807,1.358807027318716,0.3920384169986284,-0.14767906882776008,-0.15006177734421022,0.39118696077116905,-0.19640626553470786,-0.17816809223758487,0.9297567902987844,0.7155336819197077
214,2.1669203620718083,1.3870019565919898,1.2768065461290776,2.177985181675563,1.4078841778783133,1.2955060363553799,1.0383765054009682,2.0862766625694733,1.1403240350940513,1.1027508608829415,2.1064605216270476,1.1244029075737116,1.1138254258632287,-0.18764493394832743,2.0527157248441883
215,1.600359382289322,0.7129669837337104,0.6943009271127667,1.5867482986870487,0.7179690255716864,0.7024859539414141,1.467881083144539,1.258167503089086,-0.1272851859291458,-0.12031004415122563,1.2671406403815313,-0.09875303480193987,-0.1401518607205098,0.6637089171340566,1.7790224329538908
216,0.5769473163187238,0.04059480383657722,0.04245436392816677,0.5782985206077831,0.05080581154792109,0.04810673769867184,2.5600796005055666,0.6569982401279449,-0.11784057107565402,-0.13769826353672895,0.6476652368251649,-0.10846998472369053,-0.10765593000599583,1.6483799115759266,0.7070004313957943
217,1.2414297639613088,1.2265689751787512,1.2820894995166243,1.2393189788604693,1.227835198716822,1.2955281526007612,0.8895976839895469,1.0884067722746376,1.0957179976533673,1.2001273721100139,1.0626336321283207,1.0981441228895952,1.2031342627754003,-0.1290520304426445,0.3967976904230825
218,2.1406279678164157,2.1390220094085444,1.8458294457653597,2.1467211339453978,2.1496908572615805,1.8481881106319977,0.5775903016771788,2.192811047420937,2.2658268563610027,1.66790038021183,2.168632522065753,2.2642708091600965,1.6738766942640924,-0.7921067143520106,-0.23082129566350956
219,3.4501859829187356,3.3888544393083833,2.8722092762832734,3.4568170976963573,3.384052213658095,2.871927593798439,-0.124185101404268,3.3620034772768035,3.297557995306745,2.808267143593742,3.3629909985737414,3.2744011017582375,2.8103518110257664,-1.4436202565451197,-0.22152618268819585
220,2.5228526773237,2.5977735098024834,2.3090688525195593,2.52526795033635,2.594779377006636,2.3112003529772975,0.5061040599707033,2.6487225127457017,2.80494776194187,2.4689274282273903,2.634722396231137,2.8084009830389576,2.48019320886455,-0.5477687857726701,-1.6520096839111873
221,0.8911546751923336,0.3003261559558398,0.3340906705457732,0.9060697145471581,0.3078758162587942,0.3237595522861287,1.4594336371851104,0.6033899883178487,-0.7179886623132764,-0.8189531084721762,0.5851543501200692,-0.6626019176574931,-0.8264466192962017,0.7588439406503267,1.0095572694191834
222,2.318277767040851,2.6451785452634207,2.4668223890054333,2.3145359738356617,2.6474603856242798,2.4632822228319884,1.5277819504142505,1.9327316407833988,2.370478354239211,2.2901328515702564,1.9294245955956135,2.391474655584937,2.2777751926878826,0.6891317935094305,-1.4701232236484814
223,2.5484521127728748,2.5283061033729792,2.44330068947189,2.5258937420092256,2.5392748162727035,2.4367560107980246,-0.03565909951911297,1.8946185172901961,1.7363185343875331,1.8220606597217497,1.922071662959024,1.7404667758000547,1.8522931208693296,-0.40469416073153147,0.9685497607257073
224,3.8291756686277716,2.381496330595099,2.1231085198931146,3.8236698480967592,2.372720265010281,2.116657160169061,0.0027907126334599025,3.8883828242410203,2.1937348162940187,2.1612672830844493,3.889542503966374,2.187887021599981,2.1658101097049403,-1.332072280555288,3.3307416443465323
225,1.3354790264090008,1.396165832678328,1.2682728061333766,1.3451986440209256,1.3964159656425208,1.2615939131332357,1.9949063938598064,0.7863438030596992,0.9329813106100036,0.8300672869698925,0.7868815453444363,0.9491139457726884,0.8391079744429283,1.0885160234778248,-0.92403125368687
226,3.0369703882414405,2.957896332482634,2.28182239971255,3.0296115124542706,2.9661917455466194,2.2876546543609964,0.2703625637675782,2.743435909907006,2.6884397500253576,2.168152631915183,2.717905838905774,2.691937581437343,2.1850376099094575,-0.6288247397360665,0.2796704617199643
227,1.095634522092464,0.8098838628833589,0.960386415307655,1.0971469739622748,0.8241820948856121,0.9643661480920065,0.8551086969868404,0.6595730175866577,0.07588926121469859,0.07814778549940753,0.6645347962813758,0.06107857150884764,0.08528624793350754,0.5456708288127895,1.1257651724774427
228,0.7004763551084562,0.3542025104640049,0.2956216048033271,0.6993180290631374,0.3584040992645479,0.2996965835167943,1.9206145518376483,1.6831922112552633,1.302860835426652,1.0724550334677057,1.6481091422418743,1.2798369902321467,1.0699033222998169,-0.12672401426544044,1.1536575819402266
229,0.5556580443406831,0.17278118580438742,0.18342327902213168,0.5554066088491358,0.164859635031894,0.17428665534784304,2.420022315278079,0.7232142752803661,-1.3026475157800579,-1.3223392485987588,0.7308497516611009,-1.2881250992846776,-1.3016322677861796,1.7067087263595337,1.7741808989741663
230,-2.580265535816841,-3.0520007642699647,-2.5989652708118127,-2.602172416007161,-3.078014241394294,-2.597901553548136,4.787308763147103,-0.946742348446401,-1.7742704555386952,-1.5225436356119577,-0.9653129979207324,-1.761769813824774,-1.5634355895292895,2.415293946961393,0.4483083245871858
231,1.0855147824065898,0.6334391182129697,0.8284360550724728,1.0910945451025673,0.6354694329714758,0.8305193877609547,1.911988080644979,0.06457953181855854,-0.9739757838158445,-1.0045849728114291,0.07508581141951298,-0.9400641845083118,-1.0087539966980434,1.6088106075495927,1.5107023020263461
232,0.5503458556261984,-0.22134098019470497,-0.21595183880438387,0.5394959754949687,-0.22114416033839832,-0.2169499122798151,1.9466592660362698,0.86743794427408,-0.8672311470161874,-0.9262603692538357,0.8671067204991928,-0.862441125808904,-0.9281732487737255,0.34243453928972134,1.8744197803994496
233,2.0104515205754163,1.4130819272975919,1.334766154813976,2.012483862884577,1.406144117702009,1.330757571554413,1.4349013371646206,1.71511045730976,0.396891724055839,0.429072482461426,1.6882444860396892,0.3871789847224738,0.437929881479058,-0.4071498922279823,2.335464208457802
234,1.1663986570425184,1.1052564478078895,1.2154437885892297,1.1834889827753887,1.1109613149245203,1.2068999971235335,0.7458834248454667,1.243098185829246,1.3027990146169255,1.4190346311263944,1.2372613094921565,1.3558276739271629,1.479255302822269,-0.4045371387276122,0.22998144715612429
235,3.9345856704952866,3.892057808912353,2.9701299527353164,3.9223346676691975,3.891842129686875,2.977532972325854,-0.709050503318195,3.8598672441420323,3.8550869896673063,2.883684887863405,3.845891888601241,3.8394763679026367,2.8932239585836426,-2.0800762214699637,-0.006625943051279921
236,1.3503735583100571,1.4175736138803434,1.1179267655060345,1.3556212845023816,1.4150942891121179,1.1232338931873895,1.923703482975023,0.19285636652905153,0.23168159168798788,0.20821900722340334,0.19930914014740791,0.2304027993108856,0.20739622752076758,1.9532697281567581,0.30621848548817143
237,2.0309770159625904,1.9922261598213309,2.081701587913272,2.037016473450883,2.0023477348933936,2.084273813561243,0.2986862240295777,1.9808870852712719,1.9494254007728409,1.9314648318664571,2.005629541634398,1.9553633065792537,1.9274192079880217,-0.6849703540047966,0.3981728648293077
238,-0.5663450128457017,-0.5397233945813641,-0.5498841978787113,-0.5933089915388433,-0.5283736949057766,-0.5617407413120523,2.5143242124383685,-0.6625109182049604,-0.4691039955852587,-0.5295611566073994,-0.673315167542583,-0.4988862650702837,-0.4694047945591838,1.2917970060904564,-1.0988614898792117
239,1.19761912481914,0.916487452940088,0.889456330982167,1.1773414388948789,0.897248720753349,0.8901794121521196,1.076465821296361,0.7176884804012702,0.12271693923988623,0.15194746033725395,0.7283061638958818,0.1489995106516066,0.11108418500200641,0.47656714063165295,1.2595727640161003
240,-0.4733431243245231,-0.626972835232724,-0.6776368522133424,-0.4758389040069342,-0.6225515709560719,-0.6710239700981567,2.5033662256830382,-0.6931199431897493,-0.8816412006253034,-0.9630111572845634,-0.6938100140446278,-0.8644252270572562,-0.967457099516067,1.7376189696207742,-0.41653991477065555
241,1.9369567490515542,1.4690829192189971,1.6754874426467858,1.9364979251246852,1.4800805003092727,1.6731957383456044,0.6477694648343892,2.263416432249368,1.5377351504647259,2.0015325166755247,2.253498279710973,1.5201122752497038,2.027901484204895,-0.7505833597947301,2.7738265460100138
242,1.284686356242522,1.197131756768695,0.9509994074820063,1.2856656980380108,1.198427878657233,0.9490261972079197,1.6431194731000396,0.3514706392762894,0.14420977892336997,0.12445598466906296,0.3626059775465617,0.1294191969969183,0.11880089824947018,0.9885858979413058,0.3180143394505966
243,0.9911978004375851,0.0005264929666446239,0.0005490517212454379,0.9897129772960268,0.011766034538804333,-0.0014077503332794845,2.021192788411479,1.424373437117296,-0.4652826216479069,-0.49085163146338995,1.4285705917763685,-0.4386686864001509,-0.4705720893188027,0.7105605401835547,2.3811316301235914
244,1.6222113844796857,1.764416240097831,1.412956836035276,1.6178570154306113,1.7540676186291562,1.3946338015756303,0.8969154354810742,2.0176455695925726,2.2434043187176087,1.8369450104317473,2.025931046240643,2.212927089610308,1.8331973886603132,-0.7675970182726978,-2.028144320710591
245,1.1781742146915202,0.8289749626362671,0.9386614226266309,1.1797107505534599,0.824139818299101,0.9405752794284157,1.3415462321264167,1.8626600098099977,1.3541682620601225,1.3542349497558954,1.8703344055556064,1.3608594413902646,1.3363044640715578,-0.42833505110400305,1.5184417667865362
246,1.9469543242453669,1.831833098675861,1.8161245884388146,1.9536947072990036,1.840861802441669,1.8166149955678492,0.7737315789417065,2.237878889892948,2.0866573337783527,2.1204017049677715,2.192045112836214,2.088665674745431,2.1220139391894355,-0.5156012986631778,1.3802314578320425
247,2.0087387598486166,1.9013231451749928,1.8695123219800427,2.001845255872789,1.893203903816704,1.8724903182446402,-0.16358963081650535,1.6395860842123864,1.4521878803626573,1.5465603049267942,1.5678266115720871,1.4045168065834053,1.5219322138188083,-0.41696817249197987,0.8332053912534898
248,-0.09376457304857778,-0.5826397913903753,-0.5524078740212942,-0.09068810942871332,-0.5776635406093142,-0.5422514549810956,1.9549310152991388,-0.3826174622739278,-1.3151082291468021,-1.1253917411940666,-0.37303987999727684,-1.3113247339249654,-1.1251519451984142,1.6278247307576872,1.226998675915607
249,0.4397736705806369,0.4633363107215094,0.4005736724924641,0.4417770354869598,0.5071958643424247,0.39086418856062877,1.1954131707716555,0.4299065584944551,0.5589747621873153,0.5104134187467427,0.4388462585555151,0.5028609412364508,0.5545000456880972,0.6560260062017803,-0.8472804566203425
250,3.143041289882987,1.9993311245567502,1.9125422515689352,3.1517979682997987,2.000988941094792,1.9071113341304549,0.41169360015416595,3.329931675160111,1.759588986317048,1.8106152479390138,3.3424026443175845,1.760847748731079,1.8209680298819646,-0.8647065959710366,3.051747202606597
251,1.4371136453014208,1.4333765517615498,1.940161558043182,1.4427504883197013,1.4295303151847354,1.939411633497954,0.8021322689089752,0.3575879248710106,0.4400825248403638,0.5020059979330554,0.3494543493130336,0.41766486633393574,0.46384925499312735,0.6191775695453369,-0.08303731909635613
252,1.254125679369758,0.9732908460782235,1.0203882464084313,1.2658873294885429,0.9548482427981063,1.0051758764482988,1.303327420506809,1.5047892533021479,1.276152885147465,1.3414211137179153,1.4739694260270093,1.2645251989808979,1.3588920960872646,-0.1675616153607071,1.0816897021611298
253,1.1587890361478579,0.6692578897030751,0.7198285792147895,1.1634365809619782,0.6802813118644525,0.7286443830097377,1.229074218471454,1.4349080289139562,0.51453610385335,0.5698492883122025,1.4180280477935288,0.5344582812078358,0.5282300486927264,0.10769191390780139,1.4045027980932159
254,2.1296745482054193,1.338193435886209,1.395809895735929,2.145915686177072,1.3484806334651918,1.3939048927066684,0.503905843047051,2.305422315760214,0.9838911489302212,0.9869954922838868,2.317309989967788,0.9761112902624602,0.9976769269248413,-0.6339461261402972,2.8019244627140445
255,3.0674233894401612,2.126878445307919,2.0937994765070123,3.0568209097886956,2.12495040899266,2.0923152078969522,0.5111947817666145,2.5592021023060023,1.166469359630914,1.4198276625880597,2.5556983084211415,1.1656986223228252,1.4050422476040774,-0.866111381952881,3.404462408194509
256,1.412180580971171,0.491609541828023,0.490629527659364,1.409754987014467,0.493487614731052,0.496647192924759,1.0089018184287004,1.5215978334486144,-0.4298548219625307,-0.4301227851938205,1.5417027397928171,-0.46406880599252476,-0.45030572254292434,0.020664791833767616,2.2207898737686484
257,-0.7859786083997602,-0.3004182070171205,-0.3313766330847988,-0.7859682027088467,-0.31098367088559825,-0.3389252191386333,3.1418786625804302,0.04526739890252751,0.4690400452615579,0.5366328652523449,0.025890712410413172,0.4717150995277486,0.5111792079400624,1.760736386861636,0.33064911033351047
258,1.231093140503242,0.6103347648530045,0.616864605057508,1.255016021615778,0.6116330556857241,0.6120584725490813,1.0449773864687366,1.0803730851559015,-0.3690381414608173,-0.358723487262142,1.138586627420301,-0.36500579120788035,-0.3814851713753914,0.29710490221468805,2.492962545318989
259,1.6218828986404987,2.4245799695479593,2.353902002981903,1.6205402455140614,2.4330161682807008,2.347386089417332,1.257992198179154,0.8776190353928969,1.8745387933171542,2.013356738703416,0.8695477813362715,1.8724724229069791,2.0085390277893866,1.5523767645614535,0.5293836437551183
260,0.09068362776294185,0.02645316342124935,0.03235401784560715,0.08969353412399157,0.007812482601674029,0.04915298822895619,1.702930728381321,-0.17325599268301678,-0.2100269867284428,-0.29340846590061864,-0.13902953690213074,-0.21102279220109718,-0.27282101741927944,1.0102604489218574,0.19097771169426006
261,3.6330665527902144,3.471774104638024,2.8214363676890515,3.6323013947281937,3.484197312937869,2.827598035499506,-0.4172529365501364,2.90096936408892,2.5296196874640553,2.2334540529510347,2.905569558752632,2.531189790226433,2.255039098059808,-1.1954145150570572,1.3470426283589003
262,0.636839281330057,0.33121671910443967,0.29450230679123157,0.6507287502279588,0.31311155818491454,0.29689466190324965,1.3569260846207791,1.032094015978525,0.5566520361348238,0.6053508341816894,1.0257450039867886,0.5675997975075933,0.6163577712010828,-0.15053900553161295,0.9505624283178117
263,1.924040823681087,1.7340256613763119,1.9787616112319462,1.9170562886064628,1.7289880864699072,1.978964493310017,0.26585419709814256,0.8092470557464643,0.26225775102881194,0.29199678331001216,0.8039802762617537,0.26836356168969017,0.3013006395980188,0.25948544608974466,0.9925369029935145
264,1.5462366142043973,1.5357817600649186,1.5684036027108597,1.5483050664729514,1.5425127927387055,1.5613343715235257,1.0439420374303185,1.320270265872469,1.3696768204358278,1.3118587770841696,1.3216191780011242,1.3930706036741873,1.305663630583933,0.11887637472196916,-0.6074273249571968
265,2.9913345550787738,1.4129080261599622,1.3516640127402335,2.9758752446867835,1.4141367776808167,1.357133291142246,0.05488528442836755,3.0561293586666176,0.8651367500188385,0.8381090609627291,3.0638705224688065,0.8160933390731147,0.8359327993005256,-1.289393523354318,3.3491011225809877
266,1.5572633616578813,1.3304763159022357,1.4977742856215621,1.5660662174994853,1.3171056146321183,1.495380963276677,1.2006929676520974,0.5229831102555457,0.09572987863583837,0.10037880643664177,0.5146731228487249,0.08404034427154293,0.0882726798591989,1.0427802415240135,0.634802205212566
267,2.213892136797667,2.2415471073129902,2.101856879749933,2.207605944218001,2.239960539215105,2.101425032466962,0.11086492816766061,1.6116965168996094,1.7941206928797313,1.6704867233790521,1.6078671211748248,1.7596073726109869,1.6648919047053408,-0.35155857653673145,-0.5746701424542922
268,1.4373911729826747,1.0839291046192152,0.9647650477684878,1.4364181312407063,1.0854987635103712,0.9894544319527956,1.0963171420128697,0.8625748484745879,0.1333888044204897,0.12397224098460762,0.8484455199787033,0.14752436696826296,0.11675145775535388,0.7325562206572849,1.088013093374758
269,1.9407909732366777,1.6500999690869567,1.5674593141554518,1.9375461243813756,1.6476535998385218,1.5557684860146228,1.0155046361399953,1.1825711360700026,0.5558920081449098,0.5423218028231387,1.1610025552923393,0.5559266435839443,0.5187201289177154,0.15924592883543412,1.9472086723635524
270,2.982404614926246,2.850896965771508,2.4448956050606,2.989914537632526,2.8518394710653,2.4422959484177658,-0.30334191301230373,1.8936141045103299,1.8198931467742387,1.7558824378627615,1.8966163236648237,1.7998577782067318,1.7585093920263979,-0.1614078720239695,-0.06856592780487002
271,2.069945891463994,2.052652178399073,2.146619653578768,2.0646256058208414,2.040493169927776,2.1435236147517087,0.6692334043894144,1.5846577980234415,1.53237715461682,1.4481055322194638,1.5862149743988787,1.5074622545814154,1.4592064642946663,-0.3588980680952643,0.8049496103102252
272,1.592068256473469,-0.15860891985540382,-0.15691963312363869,1.60157872765894,-0.1630962367601072,-0.16865201504924585,1.213890486840963,2.1056222187071603,0.07340647541123478,0.07327668870156033,2.1207974924524295,0.048681108947640946,0.06497836962454408,-0.06397813466388552,2.845920049433664
273,1.8990764199001413,1.922079748595551,1.622312146436129,1.9110522852612117,1.9137914956236977,1.6215332523819102,1.463045582348871,1.4444503431401634,1.5169419081594842,1.3528364208821284,1.4443667619793474,1.5323306675260073,1.3600102029519694,0.6650617951948976,-1.1306795861097956
274,1.4974108127391688,1.349239091612633,1.7938895238388461,1.5277561742970243,1.3551944239184366,1.79668005580469,0.6679229047034053,1.8928044182509514,1.5985607394722157,1.9262663375376405,1.8780293771591858,1.5949103535820963,1.9026055314636605,-0.24342803467136448,1.777110406957971
275,2.1602303057142285,0.1552703130850754,0.14778820859078878,2.1434274231537755,0.15466498498985065,0.16598439442566912,0.7668221038350997,2.901799854755905,0.13310307978824848,0.1385882495275245,2.892709690730074,0.11682400062042739,0.10065464711014112,-0.8302624695405549,3.1837111387454304
276,1.385067793486728,0.9523034510432915,1.0597462499940418,1.3888234579189795,0.9475720215930467,1.0610745817423792,1.4569774410760805,1.4220791168210287,0.5522194880512118,0.6606657420724431,1.4036728392330944,0.5396292145834789,0.641533186013722,0.08882011555704704,1.6285054038692202
277,2.1476475312990377,1.7029077117842102,1.599952612139527,2.1324816047590343,1.7295659236639294,1.6024870390882904,-0.08291784622286404,2.288885070856075,1.7004639176330945,1.701561669115619,2.3133503937938795,1.6688883280616005,1.6880044986955576,-0.6513326599531127,1.673952153084104
278,2.2461173307752103,2.285900732363389,2.103385343606911,2.252550177968718,2.2793387675613923,2.1124189462529097,0.09904210499409279,1.875062782026844,2.086788959087413,1.9567571599215154,1.9187569765242825,2.0659038833596526,1.9504420509922251,-0.6018753110738196,0.16385308926338535
279,2.4376397394367917,1.5239640898299571,1.8844925884306254,2.42785410283079,1.5240188915407458,1.8840809094210154,0.4581742993172604,2.0117647881985627,0.06809266076164777,0.07988585435728275,2.0095582229344533,0.07605107703649208,0.05247265087574959,-0.21770351484084977,2.6108348160371766
280,2.119712306570318,1.7379059410420143,1.6696492340619615,2.111799613163009,1.7512095779277936,1.670968997495859,1.1474422050355628,2.5017142373661745,2.267541587342581,2.2011624080019057,2.501674308652217,2.2600797916514273,2.2069187840369904,-0.4546370044848614,0.9595942610041802
281,1.3108727373766924,0.4898577020573084,0.6617292373509299,1.3029401090195292,0.5193659451669378,0.6514528370210073,1.1233744600318236,1.5682843101638284,-0.03902510984011862,-0.049111245518969775,1.5647184065562327,-0.050966828737196046,-0.06073985200633283,0.1900832048658828,2.638840557695373
282,1.255651218008356,1.2403634580125114,1.0698809785440548,1.2559931175091945,1.2516512956937909,1.0684963076440492,1.2564209773263426,0.916725550184094,0.8779943894749642,0.8288387203423536,0.9120631383755207,0.8713702915400002,0.8213053892551385,0.6427071551912322,-0.17634205093309338
283,3.159507947420708,2.674736303182563,2.825901277879424,3.1607295068840826,2.6813142689141727,2.8339857300651525,0.5626873055161278,2.8012851194217845,2.2757058194355504,2.178080857757951,2.7953805203473823,2.296095183853792,2.188275137287142,-0.6200375975888421,1.7501000622550524
284,2.0766090336375673,1.8985800502767878,2.0357109352462324,2.0839087705376484,1.88580255285912,2.0395049850326865,0.607281353742582,0.8188688710408681,0.2601765184258349,0.29176405260966504,0.8922771729496263,0.2542010036418898,0.3086173774300479,0.48243740320443146,1.8253130064189476
285,0.8787442253932788,1.3447647039154331,1.202468599792441,0.8709984129048847,1.3455807287305943,1.2014257321156177,1.192344099425561,-0.1667268917725628,0.5219928431250308,0.6696688307669671,-0.142049546427038,0.5543181790524184,0.7192072734351211,1.1265850328870617,-1.7603830706947203
286,-0.12061385263968327,-0.17761222661871123,-0.2116730681279648,-0.11645882934001198,-0.17932466190227292,-0.20716834833785416,1.5990414955692358,0.2542995279140133,0.16110509499090728,0.2168107290440383,0.250476715352172,0.12494726974377268,0.2208672089912418,0.33758673125355193,0.49953687663368185
287,-0.7218870394021314,-0.6488945312259593,-0.6061683159188636,-0.7263741114981813,-0.6506061962280396,-0.59630966100711,2.977530677781434,-0.8876579357471225,-0.743091084933044,-0.7575162672446796,-0.9207324102995321,-0.7520031991843525,-0.7908107645110181,1.9341993540554194,-1.4588006101884596
288,2.73211004773387,2.7537828285077453,2.2732462536436038,2.737876130341535,2.7325760617644534,2.2728062882267013,0.35272941941959984,2.535013163295906,2.5179996838685947,1.8923534545978602,2.5279275180823615,2.5374009970674583,1.8971220114954934,-0.7193717897882271,0.129582843145834
289,2.4721706946129696,2.420866707619523,2.0451889802266683,2.471500812371572,2.41164841459322,2.0458426346461662,0.3578782807320611,2.0378320620291053,1.9583846221391432,1.6314877968641364,2.046129397919906,1.9584291124181734,1.6315980898581968,-0.32659350929314424,0.9473437329455997
290,1.8934320035963514,1.5650548341329495,1.8103226033572228,1.89101218164063,1.56091356891882,1.8019227045416875,0.22586299854700242,1.8348526979183817,1.339106287355086,1.3355288146180249,1.8322122233452265,1.3668377006460668,1.3085006147561677,-0.540842892377366,1.3954446642946412
291,2.1539409351239756,1.786322451066646,2.0391364164690624,2.160427605866849,1.7794766893405853,2.0249969068661855,0.5386410525204544,2.751248696513195,2.1860092666763324,2.2252702550539305,2.7401317155667644,2.1861073743740853,2.222963083564001,-1.0544118252516685,2.059717149161029
292,0.6137443634854814,0.6796939739172164,0.6359435406870335,0.6298351526137603,0.7185787219965843,0.639526187940719,1.2003098414182933,-0.12713027891864878,-0.09492275936298657,-0.08901368138141126,-0.037729495221843226,-0.12803092397448623,-0.09986278148682541,1.13023834382799,-0.19547217780507248
293,2.5079810141034895,2.487052311649568,1.8246686557739005,2.511384806116736,2.4909425149969495,1.8227395840977936,-0.7104141514891514,1.8674572332819173,1.91164443338837,1.5572968028067131,1.8904027574981588,1.8990373584540827,1.5573120777368221,-0.9777889204557383,0.1501827746071724
294,3.403738477312605,3.053468102156966,2.7114959347952894,3.401310687716715,3.05023879479684,2.69428519593373,-0.8276990052690237,3.3552463663702445,2.79865517497684,2.3031082790681445,3.3528968792331186,2.799157797069663,2.3072289801255756,-1.886845805032895,1.7136351815137842
295,1.7557533312099347,0.8479488822478164,0.8123010927931917,1.7459344807275488,0.8374786519459169,0.8170920254444081,0.8207258604489441,2.246133250691793,0.8776406711325392,0.9842955374746498,2.1924870541998716,0.9213503613563488,1.009326488171875,-0.3964229867296545,2.3334361499193417
296,0.5685635632759756,0.24289584102895626,0.2331208194636177,0.5683463334638383,0.23836231440090974,0.2285572724540355,1.9671138910494292,-0.05561999797110021,-0.8057560836067602,-0.8719211893033395,-0.0512144992681174,-0.7968269099948595,-0.8624584525360122,1.614729015937963,1.9718035103797773
297,1.4534379435134444,-0.673328743307901,-0.7191280790215069,1.4558357552891772,-0.6582854794407568,-0.7135399504241402,1.3753325595636194,2.7306757881767068,-0.8398275494668919,-0.7300950163757793,2.7210524609449385,-0.8833344455735945,-0.7193268785175881,-0.6193581103419188,4.0487861020623495
298,1.1866127176355015,1.1972866087059457,1.0111746170196774,1.1879326244460382,1.2074009096598772,1.0085058797584323,1.793574265035124,0.5521516307817623,0.5779497356298835,0.48563953987594816,0.5781175304833038,0.5552292833817198,0.46381135469624357,1.2370929512938627,-0.6689434772013614
299,0.6007274260594003,0.6619606069250958,0.8084465660061942,0.5983500368154977,0.6603761314991637,0.8009805454067402,1.6144568970897686,0.8878571107775376,0.9814833713081185,1.1769660736042928,0.8898601920830712,0.9830805898923748,1.1628335739280597,0.3909496554961847,-0.48729739242503256
300,3.1154737171553473,3.1281632735377602,2.411211658901554,3.108773991451118,3.1260404882216646,2.4171234255511345,-0.7603067670366516,2.266373951030846,2.31005623170422,1.8115040225779007,2.26510082644415,2.31982613985313,1.8095476506540351,-0.9217328688098255,-0.1644541943320453
301,1.9004779663487243,1.1167396052085818,1.2202840184861394,1.8842821384875637,1.100669647654269,1.202934860620572,0.13624844696383506,1.7428901536866939,0.007736447950440762,0.008112809310377767,1.7368644200564578,0.01616315566616848,0.012359663315409438,-0.2330351667983301,3.2406336549551886
302,0.7420105523278046,0.7448674137205739,0.8047897553042427,0.7650618160720802,0.7499580672481867,0.8110351911727249,1.8008160399334407,0.4381966847529457,0.6046825035517881,0.6115239398429634,0.44281440012542594,0.5786044311388618,0.6496960523153714,1.1212320145658812,-0.2795022609229052
303,0.887430417657436,0.7566882937008462,0.8454399602621038,0.8886305109792008,0.7622943873973159,0.8495359039253224,2.3479961623022128,1.3876932881582271,1.5626301555813606,1.4726087713274691,1.4037440403519728,1.5554086340879387,1.4852457068279525,0.2732130861224384,-0.7425598272512081
304,1.853894792515028,1.7084600548708837,1.8571358865706016,1.853857154655974,1.7142002856797767,1.855385188153649,0.8963199287519501,1.5757930273155654,1.339191029286092,1.4902725088248037,1.579036548427401,1.3414123772678297,1.4847903724515796,0.024705108543247697,1.6823045913971626
305,2.079153401072277,2.1485091831613556,2.357963489388186,2.050926727242274,2.1525927724996468,2.3563319750281906,0.4420328934462044,2.0050693950499605,2.1170266410437706,2.1749451196990885,1.955615021815732,2.1507486304467123,2.174047523758767,-0.6782511704636911,-0.13860709875149835
306,1.618499778462213,1.4850693843957545,1.3965273228231398,1.6167133107313296,1.4775980633906176,1.3905371285017443,1.10254111646889,1.642221533344374,1.3817432341478353,1.298174874536058,1.6580578861039048,1.3846149777578538,1.2910103934601844,-0.059503029824672905,1.273104273475679
307,1.3761550688125803,1.262986609564858,1.4076790308320453,1.3891375212785784,1.2529474033076957,1.415814410913326,0.8312358111612427,0.7608769955858999,0.3678079788622693,0.4244351572832747,0.7464545275102956,0.34397825092108314,0.4204176571434067,0.28260731342568346,0.9163797001618866
308,0.6118742115345975,0.32848920775089857,0.33987996535988,0.6120494384183927,0.33567849925807597,0.3489235716760781,2.1622747463297967,-0.3405663257390952,-1.1958608402772237,-1.1895477913467891,-0.33955563940635847,-1.1939370683076371,-1.2015443932325287,1.7409021239609745,0.6487505770437911
309,2.7317552059344274,2.2979151168554215,2.150837254287102,2.7365200159749645,2.2983237346642924,2.158102331071598,-0.19554703070384027,1.302580796030079,0.27988442288389653,0.2635101677191489,1.3801635285617317,0.2984814310094969,0.239256475105658,0.39247291959512026,1.8327204148242997
310,2.1889107963749606,2.1173735420653754,2.1367272365182375,2.1925895190232,2.1163461377714663,2.128796347375117,0.8077636533839719,1.8289306553976967,1.8478505506398677,1.8802682688287957,1.829403012729203,1.8488543882121729,1.8794336467688106,-0.16857577725540498,0.1225481899998329
311,-0.6549649746448617,-1.2365301900176793,-1.1859303167426776,-0.6586600634882062,-1.2445832582398921,-1.1901161078305955,3.043970368191635,0.24401453732161923,-0.342923303564288,-0.342010783599584,0.24694720539259485,-0.34745696944171933,-0.32173041660086493,1.2918277662842188,0.6227719293936013
312,1.2818261071084003,1.183655409830939,1.108602602791794,1.2674028637458687,1.1980707948009772,1.1227594871655937,0.9711104610005605,-0.9457502183474574,-1.3662529259273044,-1.4045036285593955,-0.9207054677075952,-1.3367474452118127,-1.3092455590032885,1.849175702640227,0.6852250349410205
313,0.31055022833666335,-0.4831226039222902,-0.48100994496694355,0.29014388683857306,-0.4796967306927308,-0.48177860298935393,2.273968615550797,0.8433910461844731,-1.1806587156014514,-1.3869554471613437,0.8398876936415012,-1.19705198316843,-1.4075940292149125,0.7149895224848075,1.968286995984168
314,2.50072114658437,2.3726121892071483,2.039464712492118,2.4965497857217818,2.376044772572004,2.0318623614850977,0.5919388871013838,1.6728474297731142,1.4984522525052433,1.3152954275985904,1.68558148030961,1.4747934121179727,1.325778829477514,-0.3719129034770557,0.6945888004949415
315,2.6861785028442235,2.7316192120069287,2.7956340611294137,2.687222305139705,2.7288635604856526,2.786494916387648,0.4699729031732728,0.8515486341055998,1.0006604832014212,1.0602203770611272,0.8335940678297636,0.9840360733763709,1.0918889128728235,0.31627665532951377,-0.18260912683536215
316,0.46010194963669476,0.23652378280903918,0.23738357179585234,0.4638110835392395,0.2621186281052807,0.2552974563159476,2.1005579578400777,-0.5099487828567272,-1.3412735668689562,-1.2086117952018671,-0.5131433162266983,-1.3510803581078454,-1.183732798707351,1.8068656466948436,0.8424138989155703
317,1.2615783361538615,1.1979923418806124,1.4066654127197078,1.2554259183945662,1.219615135811782,1.4060916518612852,0.8723914963007644,1.6552261886839577,1.6166520792157726,1.632117354129753,1.6360742909744237,1.645974349335205,1.6232850684356264,-0.27587057818102156,0.5703148687723153
318,0.022932538783336752,-0.8785518242531646,-1.014665900288666,0.021734141565220154,-0.8921595917766698,-0.9779570656843052,1.6275392026208713,0.739950985394872,-1.1800634651734412,-1.2825080655156333,0.7382560051262623,-1.3045987441309141,-1.340478662780429,0.18606305000384962,1.3378543965980518
319,-0.730295328979659,-0.9034199831309087,-0.8712618019355411,-0.7412933650213653,-0.8984097463593144,-0.8793382158711608,2.6007954510238322,-0.6309930589654316,-0.8248356711528317,-0.7277061640717551,-0.5970174309593088,-0.8046191751410443,-0.6958070730133116,1.7925360514717898,0.1454514102710029
320,2.2801289870177675,2.4113699737186898,2.2054472626815826,2.2828211828147102,2.396742762510631,2.196891507756149,0.03358675609322639,1.727991664885978,2.0265000433019185,2.0267910485845713,1.7461733076113675,2.0301877700905093,2.0132510637927243,-0.4472243377308045,-0.7772080280415072
321,0.33538188259741714,0.16746567892157102,0.17747967633838047,0.3441832055446236,0.16872821927734172,0.16579745540413487,2.123741904817154,0.06069069217398673,-0.27759380026816427,-0.2634444454745093,0.07122832717120847,-0.29915481579816816,-0.2503729924339777,1.5059011252552332,0.5992177329542613
322,3.5150122630262874,3.558828850401417,2.932095275211311,3.5094061039241864,3.5670069221773404,2.9362042860500455,-0.839239375785569,3.654698264326796,3.806173060373884,3.0152469587035196,3.6656618245685735,3.7940261773549118,2.9786443179486497,-1.7074751366771308,0.33254024620726635
323,2.734912388423976,2.73500537686815,3.055189281049588,2.7466502493393206,2.7493065108353165,3.05892947040779,0.04854734843644503,2.5517389510118997,2.6450295462979208,2.6882991070111304,2.552574599568491,2.616938026057722,2.670697371271687,-0.9630174588806051,-0.14276224973241936
324,3.8792724982073246,4.040726449204233,3.027977936422426,3.879167710679286,4.05257620677263,3.023125770567796,-1.8636566947281725,3.349566879290866,3.5370835674927723,2.806620806907004,3.3496151063585606,3.5309280080754086,2.804050090610627,-1.993043652357185,-2.2170373917222466
325,1.6015328219869938,1.4089310497977132,1.3507076815167047,1.6016988231531843,1.4064329482845657,1.3560704196536124,0.8032786087981101,1.3144941676574442,1.0695863396464296,0.9828103395846928,1.3043511201679987,1.0604969769358106,0.9867435097085778,0.21021414163921462,1.13579135545527
326,-0.25617015801501586,-0.5986987464838966,-0.5602400895727216,-0.24650271574504598,-0.5903879477890893,-0.5628178327465754,2.5473422356478914,-0.07948480898648763,-0.8379421787029845,-0.7215564796259489,-0.06446419904807682,-0.8538164408880877,-0.6934407728558446,1.2410110872521123,1.6252510000303593
327,0.9198221718358764,-0.13722674638833868,-0.14308157186063092,0.9179077616746499,-0.1522719925958808,-0.15200568050724958,1.2579175358951817,1.0427484098383617,-1.3100546758743439,-1.2299502255064745,1.0683630364922316,-1.3055501979027586,-1.2053326497573285,0.12230435307450646,1.993937200644701
328,1.5589055542535466,1.4363342339286702,1.6867262682191015,1.5387675685688855,1.4193514570663692,1.6904960483642848,1.0571908679373971,0.6996383178465233,0.17367177783878693,0.19863804612090466,0.7081642193347557,0.17179716165949935,0.1822972447429244,0.7627130337374739,1.1547956428038821
329,-0.34224580561035195,-0.5584945028051748,-0.65062683510658,-0.3546232732727883,-0.5654179086757006,-0.6213262932802933,2.148947684818807,-0.1722566336717153,-0.8911778577038416,-0.9324392543669563,-0.194819661925493,-0.8887354134317704,-0.8888996057580216,1.2646022136130926,0.8357802209882249
330,1.178204587567345,0.43937017241823606,0.43800788566968274,1.1714602590605403,0.43343589367916724,0.4499295452285881,1.4186332443388947,1.3930006793406384,0.1480087710199911,0.1501666077567532,1.3850197447318309,0.18074421838651306,0.16950493671361735,0.15602767762769337,1.6827011221177561
331,1.8439551620719774,1.8002013145565563,1.8454955284091332,1.850486112908632,1.7879030210602083,1.8392050600291563,0.9029331961669306,0.5359047446753015,0.31315690235437554,0.3407136705431544,0.5266656578142677,0.2970832360262366,0.31393725663725874,0.793555392535016,0.6562059567539554
332,1.116092054490821,1.0948771201710956,1.2836205029587755,1.0892991590766061,1.117883849785153,1.261255148106029,1.0369216836460544,0.27982261563095856,0.2968868355474095,0.34169234893652445,0.2775951113801306,0.3917297393207419,0.24296311919397182,0.7147779957630336,0.005187025723200674
333,-0.052052434363645164,-0.2693242955599521,-0.2757001747708668,-0.05786744938971566,-0.25365719796825437,-0.2922717744297733,2.9083753141561153,-0.8227850107504084,-1.2118113737972918,-1.3159169995943927,-0.8403682498933625,-1.2261453423995554,-1.3204321427943784,2.1144824352948595,-0.30299854212246474
334,1.4247692389733853,1.42527842217961,1.5874459106682386,1.4297436580106206,1.429671939044277,1.5781762192593922,0.8224905563093288,1.322466172038758,1.4306534932414623,1.395498063966096,1.3200456421941096,1.4312549796883522,1.4006409813150493,-0.052455964900109925,-0.34126680854304986
335,1.2969746906958732,0.6162291374536565,0.5612193795419963,1.306784650961104,0.6226543834026139,0.5608256175885487,2.230481722183232,1.3856473948857178,0.1778032450434106,0.1834881315324808,1.391866512587662,0.1705915744205594,0.17636571027395911,0.29882875440171147,2.513063222624506
336,2.757952175800822,2.8337999470943953,2.517533462457462,2.769905504413524,2.8288920705544047,2.5103514017253574,-0.24541370869631135,2.5350597553682688,2.7484218471181117,2.340760849704252,2.5236164865692285,2.7355715911917162,2.3582571474388763,-1.0713962280954654,0.44869308036882233
337,1.8219466471221235,1.1736811141354144,1.166993818856741,1.8274890352927649,1.1657428066113604,1.1623219713660666,0.9613692066586771,2.022005422982257,1.0694068901846865,1.0965193322067606,2.0202762886145162,1.044816836935686,1.106673014136904,0.14815155040653238,1.7717281607533641
338,0.9119141140552224,0.8692920379231374,1.1037212581465337,0.9127506304393217,0.864312483406697,1.112191347033887,2.099791666605816,1.343497162836392,1.121550878609272,1.2088176918799824,1.3462485851282886,1.133563837642513,1.206262315913648,0.4754682772667025,1.1935379694279293
339,2.036450160226314,1.779162072983024,1.8506210057859949,2.037057024357609,1.785140474723768,1.849936717118478,1.1483545805148339,1.3800706019503088,0.9972628044895262,1.0293543835185708,1.392159963617854,0.993987356597935,1.0265603737145244,0.6169813713043911,1.6682133745663412
340,3.4818515852346135,2.788507476343597,2.54385428760276,3.487172118627083,2.783458271984779,2.5429527709784554,0.7676761423966567,2.993405650907757,1.9450118341231393,1.8896746616441715,3.006876530347913,1.9360101592072774,1.8691338625826008,0.4069816245799322,2.682845582528915
341,0.9821316484885183,0.7372032169275069,0.7819685456992277,0.9963461396477045,0.7465513217379971,0.7963315071811189,1.0185200180567269,0.957595683819076,0.1687326179317034,0.14811141415983659,0.9834195310966243,0.16454369220615195,0.08727391907235378,0.3620126787364782,1.5042069647158465
342,0.03768234249128484,-0.6865550628766592,-0.7546957022925755,0.02552394486742315,-0.6815407649792115,-0.7544376047917463,2.0405765364708315,0.29068108694725936,-1.210318485687266,-1.3732855854743955,0.29435878437442065,-1.191182629306213,-1.3627752472823618,0.911586513899588,1.5821188090314595
343,0.9265868356578195,-0.47354108095829145,-0.5078366215103538,0.9258356945214729,-0.4721680891938518,-0.4961423312627723,1.0813245849366506,2.253988983693514,0.4709914353177625,0.5105214752391033,2.255735117832508,0.4673251994724263,0.4462100907454737,-1.0556617974110298,2.839260547689962
344,2.2365574709071177,2.3257517244450323,2.1965491575924303,2.2371239414242834,2.336162979997516,2.1893986299198613,0.6606863674656471,2.005813602107635,2.1786397704188714,1.9435035739557784,2.000880168883953,2.16885934175651,1.947311056315006,-0.2204688577419184,-0.6288665140742188
345,0.49274036909810875,0.24059946320395847,0.27634865514769547,0.49067380710717656,0.23728836714379214,0.2686135821324337,2.3127756445836236,0.29893831461035464,-0.2804299272562755,-0.34065931190621973,0.2843704532898131,-0.264556189680051,-0.36081769995878665,1.0178331062133592,1.1014330658415175
346,2.9017475152785472,2.8996620669901434,3.3322744578895596,2.89874136346349,2.898439020642235,3.3260596902557205,0.018384163191571854,2.999878803758598,2.957723200879628,2.96989926175029,3.000421182246188,2.963281605484593,2.9609018801407325,-1.0369185670267407,-0.10636224422736745
347,2.564242753373615,2.5769516500693808,2.8459024072541412,2.569554664152062,2.577785626620105,2.8439757035590936,0.26624999065097316,2.91298311358619,2.9483309329188288,3.105648582027363,2.911660083849708,2.9646241994979885,3.094262549636053,-1.3323468876072186,0.3609898503428119
348,1.4046912166118246,1.4254704127801758,1.124327848740603,1.4198510927158705,1.4284711514990096,1.1157032144640036,0.12953080502056813,1.221935861911501,1.4944076252141139,1.1936982843473063,1.2279158637960397,1.4550696961345875,1.1677960557687106,-0.5152621423353573,0.10090078006371463
349,2.1841142398871547,2.2020829562485615,1.864941155868244,2.1877097968928254,2.191007310861483,1.8694766218528518,0.4560879549262554,1.4965775734794051,1.536134598912816,1.4440884434721764,1.502446774160566,1.5106799990081998,1.4375056469031877,0.11142294219905863,0.36565692847189807
350,3.263833810774193,2.830303866946116,3.3147377792731434,3.2633527735310066,2.830102490045293,3.320238695821786,-0.23304917369675568,2.061492129679711,0.9052534080748287,1.0526692899005776,2.0631125807769433,0.9199940427814078,1.050517564300321,-0.4238787450016386,2.1392684083206452
351,1.9439417639616032,1.8617105966387557,2.1927951206981917,1.9511735931414367,1.8663220152482127,2.2025713853646285,0.4306112640094265,1.573954512745265,1.552725338171151,1.8504572131613821,1.545203872840639,1.6166718546308094,1.8390544947277216,-0.24923016984091995,0.5604614132415102
352,-1.0343558872557852,-1.102413268271554,-1.007964998795842,-1.0423961205711103,-1.0977408031285398,-1.0077434301133832,3.305218604484678,-1.0146096072957098,-1.126649390741846,-1.0221306391780638,-0.9673756783036328,-1.1532937455400505,-0.9754515560676649,2.314760605909431,-0.18813949645671682
353,1.8775793746183052,1.8490396929980757,1.5654753947629785,1.8726812058435933,1.8417388183296919,1.5642646581138573,0.35816356975025243,1.548588318951019,1.5563247752036595,1.2718002815180938,1.542420623288302,1.5384978085827905,1.2597152850447402,-0.22176543807201038,0.2491601193032465
354,1.3282038974644095,1.2334967699374222,1.2046643204468481,1.3108224055745583,1.249543622265849,1.1861898785127962,1.8691090646839748,1.1506833888333345,0.9894946358384042,1.0465646714484684,1.142907067345367,0.9802043804705712,1.0356104591058195,0.7172513857163009,0.7195660077998278
355,2.119907319999258,2.2389131281335115,1.893136402931234,2.118914256614829,2.2335709257784293,1.8942491543513298,0.6072510269273467,2.1103844351075356,2.050654665562877,1.7583188006303878,2.0917591558356663,2.0520360246769744,1.750489995701085,-0.19668524236451904,1.2420337493045734
356,1.9955697337968066,2.2849998819494917,2.424210290175723,1.9863339164157323,2.2899890279918433,2.417166646856087,0.16043019164892314,1.7575986690376484,2.1793720641686987,2.232263447279767,1.75388620721693,2.1536699683267533,2.2143404042225603,-0.4101731307701642,-0.5557415768038286
357,0.21550576903405871,-0.5662226831826539,-0.6053825999373493,0.20256759540478153,-0.5677434870110957,-0.6064506397969148,1.6594684594908966,1.134701979018974,0.10136858425953796,0.10378284401195742,1.1259618352621046,0.08841444599101214,0.1059887784204211,0.17641455435245146,2.043640337519506
358,-2.1788236196281026,-2.3844169624160196,-2.004830246536873,-2.220867401683047,-2.3586859306499712,-1.9922849282584776,4.53453321961736,-2.022323375007835,-2.4679606438206574,-1.953960392136091,-1.9631583913894035,-2.37627460360701,-1.8959600353294563,3.186561484459389,-0.5114346326750208
359,1.812858948941828,0.20955079007082023,0.2186914774831281,1.8176598695704045,0.2070578417678155,0.2058503290738242,1.1932610902460687,2.715478216782361,0.6574080132164359,0.6563797728328327,2.7164506398420736,0.6940811444684702,0.6594811019924117,-0.9362402065084563,3.4988482655014073
360,1.2360516337465335,1.0909976964284303,1.1172817525530867,1.23373032344546,1.0830538324551835,1.1076403485284068,0.984950255216265,1.6629756300297347,1.3505118431360335,1.4301772006144406,1.647972736553713,1.3434030436981639,1.4505121279032434,-0.5127776046433595,0.975566925776961
361,2.241659431438186,2.258838967461058,2.4694935074638056,2.231940876334159,2.2538143699133992,2.4628059453085265,0.240693884611118,2.2653261399778057,2.2828656008408412,2.3997690721028544,2.2768748946924715,2.271993622901635,2.3779639552779055,-0.7357341987383832,0.4825456151417377
362,0.38056971532590717,-0.6579956131283722,-0.7047406489312967,0.3721347177825402,-0.6766157414180904,-0.6816659131699768,2.015378858668857,1.4967258230763867,0.35755815088732684,0.3919487520592208,1.5271227876276678,0.337798790100949,0.359110255229181,0.29512792857160797,1.933607992258089
363,3.026103993038949,2.8312947719914794,2.5537096237488965,3.029958765293409,2.824275359691835,2.5576777647589415,0.9011092550369961,1.7800751702332784,1.411407255073032,1.3177831926271995,1.7953522694832371,1.40168526622247,1.3071479665627883,0.438996655048974,1.1469302959802108
364,-0.2658586368589455,-0.3184370807801979,-0.361447829725156,-0.2604467866934617,-0.31893102579326654,-0.3527007394792467,2.161798175842352,0.059429930670056676,-0.26239968625217497,-0.29381145169165684,0.0630128031323678,-0.1887271939092127,-0.2880718133992169,1.0264468497511827,0.6391616389662327
365,3.066984087284297,2.2546902293330855,2.0368327822240495,3.072257595034094,2.2440488390643702,2.048801219498088,-0.08912981478710748,3.120869703861017,1.8784362069332832,1.8186513610817319,3.115386700400031,1.8775571146219023,1.8328904770870371,-1.401306100261947,2.7794829100640324
366,-0.9632681233709844,-1.317507691651411,-1.28704108031619,-0.9670324515334033,-1.3167961110463173,-1.284987580456693,3.0797658252644644,-0.4988009824760104,-1.2939140826839377,-1.2717358550573057,-0.4975830386949641,-1.277242622200577,-1.2376888612461936,1.6438294443662405,1.125064273372006
367,2.9840629860151338,3.063641175728267,3.4834003474030504,2.9832042458453247,3.062115911555561,3.4906361565566324,0.06513231694575616,2.621430161406111,2.7413533375409336,3.064876548965786,2.644098114979295,2.7558582269864145,3.039704269868388,-0.750246231426699,-0.08892560356932569
368,0.3560488800032679,0.21840248206234114,0.23903004053016277,0.35829029848942867,0.22690470255873832,0.23831829316971406,2.071046520631309,-1.566961615750993,-1.9841704825837736,-1.405441510999569,-1.5676398770562603,-1.9770230136041556,-1.398957151863379,2.4377510329591474,0.6697927528375729
369,1.57536566153062,1.5297925666408971,1.6115084296632824,1.5772367987935738,1.5378614292904338,1.5948956620835917,1.6917823445823372,2.148463381356721,2.2254428350998556,2.089896971463377,2.140516176405292,2.207339725186321,2.0874828638383582,-0.18445657581235883,0.5280225381851968
370,2.454642231507564,2.068972650107109,2.3800673399176757,2.472249257185415,2.0714513220704696,2.3764843613017055,0.030828176181208443,2.547023343626629,1.5936386382085823,1.9108544369985325,2.54289115507145,1.574585458350215,1.9197136048897487,-1.1282234867869894,2.4730979627556144
371,0.42686775584042386,0.565556816254689,0.5837769059505027,0.42399483711026353,0.5656182140502894,0.5738294001498253,1.7430399743400262,-0.808156543389156,-0.5824075371462769,-0.6162709236073723,-0.7897139340119333,-0.5599816860786292,-0.6961508245920676,1.6243229474763248,-0.5357319938010435
372,0.7794795343139467,0.46524289138369695,0.457056213274051,0.7775025525412705,0.4672952786473074,0.4665711418634393,2.0088086252900914,-0.3580252528843876,-1.0645790867126765,-1.112026566334485,-0.35506441760806345,-1.0719588697616413,-1.1475933616351086,1.8156542960328557,1.3948694116970295
373,1.6655962753109386,0.9860205609785511,1.2140427256929893,1.6675532619813607,0.9878316431683323,1.213677004933552,1.531258539413803,0.4806447909090674,-0.9571817584329573,-1.0135076786695176,0.5093588979284577,-0.9605341272191559,-0.9847151390642904,1.154112319146956,2.242301643380508
374,2.31927861283589,2.343251889423345,2.301904361895717,2.3216829117302966,2.3329290815215793,2.3011182436952793,0.3048369119945671,1.887785445097071,2.0602266682646992,1.7434852764311983,1.890824060222426,2.0382919199722584,1.7534779549444632,-0.21567657529758377,-1.3962679278706125
375,3.1916304626469696,3.1729136494936507,2.7483391145365665,3.201247662828253,3.1732079960759547,2.7513680380390797,-1.1956203748784149,3.678718045053129,3.777344791276255,2.9448349963134537,3.670243720810703,3.7671753263466465,2.9371082798240726,-2.5534711879347505,0.11827217290615044
376,0.7616848001970515,0.30051803039238095,0.2929815769924235,0.7421254551230886,0.2896440731275477,0.302774839626892,1.3377767324093028,1.0147132592018182,0.3983184851318983,0.42076621557361826,1.0126672440820235,0.434415908807074,0.41201922196815144,0.42044854038075524,1.218782384193283
377,2.5546268433845793,2.622013805884549,2.3764587313880785,2.564955469652575,2.616345468395926,2.3743958180503917,-0.6117215337314394,2.2571331913458303,2.3559550262747075,2.0278523423405113,2.218126846669795,2.3357994074320905,2.02505806050641,-1.0981498955468787,-0.46230287551853855
378,1.8352975129220073,2.089221022638339,2.889159363628409,1.834778553031337,2.071628536364115,2.8876829507345643,0.9357289461326329,0.6914187376392433,0.8838515547103217,0.9993489991092565,0.6877461326884506,0.8778557933557308,1.009954200067515,1.0929999576117337,-0.021870027423118617
379,0.1401008128533535,-0.2184383930666182,-0.25922491485772203,0.15591352821355497,-0.23888934905148038,-0.24072838213135198,1.493638589683612,-0.09285650099510487,-0.9819926913468359,-1.1805999790914925,-0.12438517931727894,-0.8944851741697762,-1.1685549535516149,1.1332666886927076,0.7859212789993466
380,2.1097761167899383,1.6335223605207851,1.3254654287844332,2.134842796633014,1.6282042343626457,1.32670788448167,0.872357966058202,1.7667438344606745,1.2069553606576808,1.0254007557323805,1.7501471797855241,1.207126524272534,1.0263008196637362,-0.11195742868670513,2.113246035116448
381,2.9489286992462134,3.3194944115180194,2.683726708551557,2.942825853021709,3.3167424217732524,2.6858482554658725,-0.881828586657177,1.8097337558179103,2.4499937041172344,2.0475880825133967,1.7985041756732838,2.4528291704654777,2.0617204415866253,-0.44155275527984994,-0.884642907632761
382,0.5155825253754546,-0.16683244937477712,-0.19075479977146176,0.5114683941378088,-0.1707347446775251,-0.198458197353186,2.4302242031817745,0.9565711322774041,-1.3610155692696422,-1.3735340865395111,0.9408628843920372,-1.3883665685804125,-1.3717944780158144,0.44082881408526,2.7970640402846723
383,-0.32418717024348276,-0.9434493569531053,-1.1080057536772787,-0.3228032224867577,-0.9392776704541107,-1.1038703396611933,2.4575894511922303,0.7411669466562716,-0.15865340302839276,-0.18826811648866285,0.7252228116933874,-0.14552755795390515,-0.21256761659898446,0.5092100903926053,1.4559129219596694
384,2.122012572504625,2.1784273396423863,2.0129141138368962,2.127918176260904,2.1888271678496363,2.011576599500258,0.30554933536781304,2.2571684712005298,2.290920240198715,2.1179765137996873,2.2611689836855504,2.292370070492508,2.1128033961599524,-0.7007540886561753,0.2726255769198242
385,1.533762873956931,1.438331374591489,1.332595844630947,1.5279566325819893,1.4431711667322815,1.3241254399527316,2.0173994368720947,0.24987820759076493,0.11460738692920858,0.11742872851750116,0.26912037855478943,0.10629284500467735,0.10991000548029946,1.6845892954998012,0.800383861069221
386,1.2246023994070283,1.2044384835600932,1.5425361330410385,1.2190189739631738,1.1846586564033645,1.5500132265420894,1.7551023229040208,2.054420882418171,2.0628229801816915,2.2088595948083722,2.0271276541372494,2.0585827073345313,2.211278115020824,-0.04094785700840398,-0.03550277332469498
387,2.3299166410980945,2.427031934551144,2.4937783042623605,2.3374711927727505,2.418390571680448,2.489716181272342,0.17950680646346756,1.8474169951959916,2.0532666425327957,2.026423798864785,1.8634975392547917,2.051990284673059,2.029594960852507,-0.05286196814439894,-0.01307597677578288
388,1.918834904411693,2.1224132758132566,2.435187670569231,1.9191870226251952,2.127976501382508,2.426604762890318,0.7444252039719247,1.0064856157794324,1.5323919129883425,1.4793410280433823,0.9671010904551798,1.5570474986407326,1.468823802834555,0.24474244611181586,-0.1609748438701527
389,0.8022874445487106,0.7745696100621353,0.9064670894564072,0.7877016983461065,0.7632629567842552,0.8950720120412102,1.18051350464457,0.9707986657480613,0.9595745364364568,1.0812125055231596,0.9613566232662635,0.9760149055055832,1.0783708974294464,0.26770453338605377,0.20102914319612974
390,1.7292814593697776,1.655960901601736,1.8056031397203645,1.719002025315629,1.6602629546303977,1.8072157788561998,1.065855926137703,0.705036578821183,0.5441029101124284,0.633885118274627,0.7284962540266298,0.5492289800863596,0.6541129656378305,0.50876595739753,0.6075872253702186
391,1.6341861493101784,1.6966863183486802,1.4672655438716633,1.6153130284376638,1.70663591328013,1.470155688468261,0.5366737775826554,0.2533009876780283,0.3408393391831027,0.3679823927871248,0.23050883423488547,0.30118280495422045,0.37260360601092857,1.0632847713052052,-0.026512108084392593
392,3.272628460089538,3.3483320954006057,2.6767153217707085,3.2830364286179092,3.3465551532178766,2.6838927736124103,-0.011836586353061947,3.4248728047556716,3.5690144952614173,2.887990804517763,3.4271472821458104,3.5679419000439014,2.886812356873164,-1.6012122036729968,-2.0470231847280407
393,1.3198328738916931,1.0646126483479197,1.0594856206637637,1.3204980535805784,1.053117018540229,1.0624969829870698,1.8117824425097775,0.9212980667440773,0.3717273496305508,0.3544690205835302,0.9251705996030599,0.3688149777636043,0.3384382883657915,1.0058387320321893,1.75985244119287
394,2.347384969706491,1.678179462603671,1.6956888028979606,2.361651003592758,1.669229800630674,1.7021642323246604,0.7610260736251767,1.3862865911235205,-0.2946790066858859,-0.29889572976851314,1.4117897361184522,-0.2779273702908776,-0.31911845038538617,0.3303270851442169,2.067743925145053
395,1.5465058586629508,1.634885208431567,1.7566105509388361,1.545707645820932,1.6357410142458089,1.7627265480673668,1.8763615996550662,0.9002379807733876,1.024529261613153,1.0718486967170824,0.9273007315421545,1.0079421159435842,1.0731385274636516,1.1578528909900223,-0.25883505103542925
396,2.4084101643830813,1.7614896751759963,1.9355137612331872,2.4147414179756788,1.7569531444885162,1.9445813672570886,0.27421178170041227,2.3511495664884863,1.181703311361411,1.3056390187024285,2.363465870854996,1.1864028736468686,1.2699278305657848,-0.4028235665948996,2.5524475302415506
397,2.7240538794911036,2.7615412780824853,2.4176046368511392,2.722070348062578,2.7565192334913307,2.4228904809827245,0.14430908431454528,2.6833009992375483,2.7513156678996236,2.5740432278528673,2.6766339527927796,2.754395792521801,2.5757010529541824,-0.7489175638600646,-0.4398000133416557
398,-0.975077540238584,-1.1401356040523833,-1.0933229589778057,-0.9741053190963838,-1.15097157566746,-1.105231989008369,3.080270605475585,-1.2568826064074796,-1.7634382969665405,-1.703726063000106,-1.251238227324928,-1.7580558106523765,-1.6840534577242816,2.337266339010206,0.08451696595622732
399,1.742420001254107,1.56834995646859,1.9113311145972183,1.7307835363394297,1.566414246626929,1.9091492994620174,0.1135891238620036,1.9162681320925377,1.5625911903983392,1.401207460951542,1.8875197709357008,1.5286202253442862,1.4106487008002433,-0.6237764993497595,1.3769489269747015
400,1.7915157693075516,1.9132879656871475,2.1371869997377697,1.7900120302673665,1.913334683409217,2.125988658671055,1.0665465357065906,0.6307231646627902,0.7841703187282548,0.9277906156270403,0.6502457678681521,0.7743552297842875,0.9001088414524409,1.1517007805354513,-0.6398574011843211
401,1.1408324846505267,0.8898639611711707,0.9309472884166008,1.1419616218176727,0.8968997656456171,0.9360555744074259,1.587259860609578,0.6167554669853549,0.11814022621182466,0.12875908936142344,0.6209532895147284,0.1026397050847464,0.11964208472779232,0.8716892444648624,1.136412184417108
402,0.40822854957951094,0.5053085901611867,0.526109558202914,0.4094181972799868,0.5050321667912031,0.5237501170077011,2.3327251264231457,0.261704953446607,0.5436145952178281,0.5057825997037612,0.27317381309670374,0.545115725413168,0.472351681302387,1.0244936174496055,-0.5237721785539102
403,1.0264070764886544,1.4654095253112747,1.3511595084816468,1.0374405415329484,1.4675799867975028,1.3563806189269216,2.2226633196654695,0.7305853947141803,1.179387048301502,1.0712094110346637,0.7307638260698484,1.1826397326486684,1.0739288720298026,1.5383885781872604,0.3304682933476094
404,1.8796506117526772,2.021743118915824,2.0499141170980377,1.8952108164657169,2.02213255610212,2.0514941312482264,0.8540949531493688,1.9910353768024085,2.1669527376545683,2.088915031728276,1.9765125824884195,2.178199047692925,2.0734399086150335,-0.45055555816919035,-0.24011462684617663
405,-0.06434457081444782,-0.014007556457371364,-0.018438055246830308,-0.07825840199500804,-0.026641205910447233,-0.0154160389496192,2.525934369993068,-0.3442098412244418,-0.18683809671872473,-0.20983567336903028,-0.35609892833374523,-0.20007948032079384,-0.2365748718581016,1.9307577926830153,-1.280994706503966
406,-0.9970281645102821,-1.0113410838845822,-1.0820746072631537,-1.0096011132409544,-0.9946703260125267,-1.075473592805269,3.194392898277813,0.3576961615595412,0.32138901428242195,0.33977356553838484,0.376250819996563,0.35351520656611773,0.3089926648005821,0.6608407076019666,0.23550751860862468
407,1.7208389226771914,1.56407886268432,1.9185534655272167,1.695448132070244,1.5621029655316723,1.911851689710713,0.6146242016472194,1.6010213607131187,1.3182538782663598,1.547915574755215,1.6081966297334978,1.3190481138306833,1.569035888028063,-0.07823149031272449,1.480210743016569
408,2.1147203861488517,0.698132498572534,0.7310018552592008,2.1248798953419996,0.6748612345050974,0.7004942644862148,0.1740351669117203,2.6987759846418493,0.28630464954917056,0.33982510682508027,2.690976621772716,0.20619484690527343,0.31195093075056557,-1.3131345187699182,2.891463738772398
409,0.8842437254211194,-0.38051858659204835,-0.3875769143625381,0.8796219606787308,-0.38306248416283695,-0.3832330384193563,2.3612148476120316,1.327047117987987,-0.18595284881462026,-0.20803995848489013,1.325018988522392,-0.17483020357261336,-0.18770106171547088,1.2139635313589756,2.115182172575675
410,1.3033864568273132,0.6164344590530457,0.6169789744849837,1.2880101523326546,0.60170086220948,0.6157906315996116,0.789406762464459,1.2055592477478143,-1.8983656038574463,-1.7593195330585387,1.1859031588576034,-1.9019238437541366,-1.8112342476591095,0.3907260382284399,1.8944107547449336
411,1.4503702466407011,1.5778672854497913,1.279623306449464,1.4492028358258826,1.5816145146488103,1.279888291621948,1.248932452210792,0.8240909993259568,1.0185609070582915,0.803547020831258,0.8403624343057109,1.030131053062301,0.8030635472936359,0.7665679496567369,-1.017549764096213
412,1.488679144872063,1.6363336471250391,1.7014000643421119,1.4983418041946899,1.6483142725082798,1.7029451946553416,1.6300623980784812,1.0071136734814692,1.317263171485569,1.5412781949935248,1.0245632446334116,1.3115633893562493,1.5353696270151058,0.5743545400462174,-0.7638041620374537
413,2.3456016733637512,1.8121138059848745,1.5907994819408198,2.3400235660156006,1.8185167089170267,1.5867890153282005,0.8073352889237457,1.8486991646730568,1.1549954528692186,1.160376916211322,1.8628064939273434,1.1530204311348073,1.1597538290497478,-0.004680276431236079,1.6322147412381363
414,1.3634143651840016,1.2935191380390565,1.472466029253296,1.3553008011537302,1.292449580275481,1.4660595733271724,0.9425270383209174,1.2007890086465898,0.8619465448543584,0.9297667409931875,1.1991272125393682,0.861565780392487,0.9503838993029853,-0.13106687414802615,1.185660904591341
415,0.016992502287115095,0.0012360455720517758,0.0011852334332697993,0.02418710872638472,0.004595824431871492,-0.01045080053649414,2.3284527400122568,0.07842384584416916,-0.016036168630246192,-0.015351210400090942,0.07173016180632462,0.014861805739548766,0.0019845818599732497,1.3368693287516566,0.3297095008787585
416,-0.208673424047137,-0.20476572298009627,-0.25150718206698913,-0.20356566353219258,-0.20625583244814288,-0.2474716865166183,2.567939537714899,-0.39932900322549403,-0.22157035878238399,-0.2493641387907385,-0.41045443203927673,-0.24278843321814236,-0.27481245659936965,1.65445848598765,-1.2035116726709347
417,2.7200895431470435,2.598115959582598,2.196827473005823,2.718219327375261,2.5964288026511886,2.1944234999062813,0.142140655700093,2.539520622199016,2.432305819941611,2.2408302893842778,2.548659339251571,2.429089016582441,2.2413990440492872,-0.6794237614346941,1.8098005922409295
418,1.7999675819481733,1.70489335524939,2.089188324346342,1.7783677784463867,1.6883738044532342,2.081946577547849,0.5893869613883815,0.7022669849118719,0.23076634571460994,0.2417410318713864,0.653213651410568,0.13935115307444315,0.22127575566552257,0.67912306676355,1.2733127055583244
419,1.4568696385690045,0.8152308736346608,0.7816883608778147,1.4591975956684335,0.8271623569662678,0.7542911032604508,1.4729486175993032,1.4053030106293076,0.16543424763357983,0.16785826961774383,1.4393005788347548,0.18926635974091344,0.20282185082260415,0.39221557180427224,2.893781041398021
420,0.44801917610253117,0.44884398946760345,0.4495664921731706,0.4487663835947454,0.44065398800548267,0.4651420688842671,2.104980427058375,0.6654391477400694,0.7524965800996389,0.8257900348461022,0.6654434514757546,0.7589535234708428,0.8090375761113633,0.674946778129332,0.47880041131411777
421,0.7095281192880855,0.6345847674703093,0.6325724256071786,0.6920665881653049,0.6463115410761264,0.6243735681872664,1.6416988149128204,0.19565282885536,0.32944377675059777,0.34135916438836467,0.25638481062269974,0.391862061346348,0.4465063939886613,1.1997116416948574,-0.2405996033507105
422,2.300120452209243,2.49418851082466,2.3004971681070336,2.2912386084332415,2.503162198826013,2.2947389421394115,-0.04259963277413066,1.4858789760645397,1.8150027947851202,1.840045878942013,1.5226694986492733,1.858893322152204,1.8112947661137442,-0.2237829841354127,-0.5708079780843591
423,3.152355628361617,3.0754222168132483,3.132445052735293,3.158107528105566,3.0653067820956634,3.1297325661790976,0.1570001676418239,1.4862873422767107,1.2773216882375147,1.3096555169477662,1.4546621275733616,1.3236762680862362,1.3174329613348874,0.2176789638285843,0.5518273975654611
424,2.1060710001096163,1.7081830231729087,1.6691818495752224,2.112784529568226,1.7053054554537344,1.6795916389464542,0.3273231069142081,1.9532019184052853,1.0750155378235275,1.0522020501156006,1.9651268199404324,1.089114951885104,1.1139389493538916,-0.7717965379519072,1.809294846995189
425,1.9901858258810798,2.1251612155286432,2.2083121073190712,2.0064731056751874,2.1317401351781085,2.2074067702077427,0.2758399984392613,0.4155789677094379,0.8131506268025636,0.8703588409446749,0.5020682403289921,0.8863835756022835,0.7683455156454152,0.1937974165035449,-0.5769577462977148
426,1.3946903216864275,1.1645886590899275,1.4542550944417159,1.4002791048988406,1.1681004828811146,1.4535847225700975,1.5667723251163759,2.42945180729018,2.056039144296696,2.2049681190065002,2.431573768401305,2.0731591483178473,2.2154875936900207,-0.9401700094248701,2.4005047634352787
427,2.8991410217483455,3.0970309142668615,2.7536118031945533,2.9083184092433054,3.096802944686745,2.7657189544217466,-0.015238937359118191,2.412942398055685,2.7257362657191475,2.450932350292016,2.424318173758581,2.7357872062596074,2.4466014513640952,-0.4372547008885248,-1.4963200383640751
428,1.5024665550546057,1.4266105068810448,1.3379165530684365,1.498245512515442,1.4213517010856205,1.3279913633684628,0.7479164008853161,1.1262294319577222,0.9523117208417158,0.9718820530930607,1.1221712325768116,0.973892255473059,0.9882528025304694,0.3682340036294156,0.6779014722160454
429,1.6008282444694006,0.7435233881641536,0.7750717978831182,1.5837493905658113,0.7426498506646594,0.7705720113838403,1.2220834094285484,1.6988548498477376,0.6286396292912785,0.6946428610067985,1.719371345788587,0.5831891653899068,0.6781989721281504,0.10367125131664755,2.0125836081157966
430,1.4126064847807611,0.6666115968862929,0.7178566619450711,1.4105503996109088,0.6590982194469216,0.6873449348545525,0.5424921896830328,2.132356805702538,0.5613449805093333,0.5514725087433127,2.0424498559330857,0.48620360870137136,0.470858833608204,-0.6393345498087202,2.1732642858797293
431,2.5897282762173965,1.9791837244072972,1.8453738654072318,2.5816208285482745,1.9849846329713265,1.8502701940340787,0.4667372890478035,2.727948510987941,2.102519095300044,1.997657278920532,2.733122389695359,2.1003911676146574,1.9892430784167865,-0.5827361975195169,1.9940173862617652
432,2.2322235064433884,1.8795312860776214,1.8224382018012755,2.258102982891412,1.8719267693616228,1.8255340254429386,0.3526194886024679,1.37958511355964,0.5547119094635989,0.5631787619480717,1.4279468786197345,0.5941295766955804,0.5464635406802885,-0.19866997318043866,1.3287610936533045
433,1.2303347884987617,1.3467012262424294,1.3402157451033982,1.2616177198177239,1.337905025340419,1.346362599004259,0.8866281517209319,-0.13807851320482334,-0.056805027438898384,-0.06586086854411183,-0.10965219990903907,-0.06595162647675251,-0.03131611670009117,1.334246994454756,0.18391543925791082
434,1.6400487486272597,1.4893408962381525,1.735279559785239,1.6522035732979887,1.517655602489816,1.719999940464953,0.7740584265021381,1.2854783043448352,1.2009544218598525,1.1314091073308739,1.2501054956033433,1.0958791553676184,1.0612075936363152,0.24098188163464834,0.5676604755360014
435,2.262032748255485,2.260230125647689,2.431122802987762,2.248401865269216,2.244560400880722,2.4357107544498344,-0.61822757939096,0.8153636189137254,0.7449098510454757,0.7651729538855929,0.8509450931404275,0.7850115595009803,0.74646895904818,0.02775225312459792,0.4363509728958802
436,2.176045422176631,1.9242138229006354,2.0943302022739303,2.177002003328548,1.9300790070463534,2.1004045752461917,1.0798361267736238,1.451494042081767,0.9551310121018005,1.1845936274176292,1.460812151676503,0.9590185741725327,1.2035051838329864,0.39495019109099905,1.7633728717453296
437,2.0631454735151555,0.9925188850208772,0.9508447433219722,2.0530763796130334,0.9851339514852401,0.9407622988228528,0.8917529397420827,2.328955876577693,0.37736836942557184,0.37183669669875413,2.323464329184729,0.3783054616044451,0.406367113110374,-0.3175295555768987,2.5838823628107077
438,2.5810959266406592,2.3514288117410445,2.1860191598661936,2.5875436363770423,2.3530431295642624,2.186924936064314,0.8499728443078708,3.0716595140090015,2.896804553147154,2.2392055714005057,3.0785149637164277,2.912069855215092,2.2399275387883324,-0.6792242367797103,0.9008045300704306
439,1.9982881349543038,2.180904482205729,2.5199003080135207,2.009219127276095,2.1951602021265764,2.5151181917680914,0.37903805807154684,0.9614828387953918,1.4400982195520329,1.3861588776170024,0.9512672223724173,1.4592533122845752,1.4058629700887784,0.4627816803757912,-0.0033884228609183478
440,-0.049721397516529174,-0.7006957679887178,-0.7676714335765358,-0.03689582546453559,-0.7098389207804652,-0.7639668068048046,2.7017966134313194,1.1472188100480432,0.21975506080371698,0.24156659314989598,1.1356284149676465,0.21985763260337474,0.2701264842179613,0.37022048165352683,1.789538820254807
441,1.7691109214451095,1.6649725751578204,1.3945984152653528,1.7704656772158431,1.6547997274540804,1.3932233892610562,0.4359149662128259,1.2195218191173882,1.0129119776580962,0.8798233223777588,1.226722841860226,1.0156616398687617,0.873094250910404,0.13854768266807438,0.8493097063120116
442,-0.11337972334012739,0.1962061585838637,0.18967686391461747,-0.10985778271737455,0.18363829034397516,0.17871734476205262,1.7123903950152999,-0.21450714454906875,0.21732989705944522,0.20568516893382932,-0.21360529861004943,0.2014079386515475,0.2053344197929427,1.0063900640428483,-1.31268349950994
443,1.0659219534845104,0.6279154233611123,0.6668585546123584,1.0861301180950982,0.6131646994486994,0.6566295729857738,0.7326897320371052,0.9811487350813904,-0.8480316222212523,-0.8999177516707094,0.9397103141797236,-0.8734148642059182,-0.9356251328266744,0.4758351455126237,1.749958763742279
444,2.8817720165440885,2.7431070904678205,2.8262399183003777,2.886109332029146,2.745980767801359,2.8161382569119713,0.49678986984774703,2.786464951266948,2.595980608351166,2.6562095340582377,2.7884840974882845,2.604014316136899,2.6650723311759155,-0.6072917123884872,1.1338355924049612
445,1.195215923931515,0.8179562028823393,0.787835408675892,1.2016553754829638,0.8108225081244622,0.7875951044325127,1.4271293931219202,1.9825820285110987,1.467905583971541,1.4973735893293505,1.9886663900769004,1.4789286682388272,1.4831439099506722,-0.3321657305754692,1.613617198030122
446,2.934296829290547,3.048806673703251,2.6691127783569466,2.93619229361799,3.0667010978397733,2.667199359636576,0.885711510788017,2.3472009925625614,2.530653304000737,2.4286775669889904,2.3518351533171997,2.529436661251972,2.437808172994069,-0.49738699430901656,-2.5282219924755855
447,1.9551698349552953,2.1323714995558722,2.395770912793475,1.962292045927488,2.117705448579083,2.395608776800072,0.09893153655546391,1.1961372643714607,1.8469853202317719,2.073735506725368,1.155484799687434,1.8477160039069167,2.070652336170807,0.12809765134345275,-0.4939423279769858
448,0.1458335257706195,-0.1280102054855409,-0.1250925165319709,0.14957472250900028,-0.13370537053564083,-0.12625778028278484,1.8740880661995665,-0.05559837414257454,-0.5409222833832115,-0.5386431751054285,-0.04276506591112909,-0.5221348345236174,-0.5562961038998155,0.9843699816275924,0.7337156424963075
449,2.064525539381932,2.1656944311734896,2.223883225897149,2.0338579676138586,2.160597742574251,2.2309584653372787,-0.24631280118660764,2.309431956810991,2.4938767441116725,2.396691306905577,2.316269718200904,2.485463006177758,2.3863107015316594,-1.08909833240867,-0.8795554663347799
450,2.296518382377032,2.1273099516163936,1.644547267868664,2.3011778799162568,2.1510193100932797,1.6685517250635364,-0.06081434436541444,1.8655672654097317,1.5698242775646751,1.295682414279604,1.8751994396137401,1.5729277142844054,1.3077370257906158,-0.8517680695029696,1.2172551221585828
451,2.589650034054317,2.6438210256521018,2.72322419857158,2.5901169933588797,2.6481885126420024,2.726755756550149,0.32078052316629657,1.5791529561580417,1.6878981143996548,1.8202246891937852,1.5909545813223842,1.6799737509293817,1.819821505269728,-0.009555046186980441,-0.3134318779768306
452,3.194751297062756,3.1931068648746312,2.9712962801292786,3.19598853371361,3.1780816324917165,2.969559129876678,-0.48059160447225213,2.755593890723409,2.749209045570108,2.5654185088456845,2.793293413002482,2.700198947154197,2.537195659306026,-1.1620195570009868,0.6910822754821149
453,2.0858840895910777,2.0257896917696296,1.59763741316229,2.077278613214394,2.0149508632890853,1.576450503082102,-0.23070477192351974,1.9430404013395526,1.8670516373641528,1.5134957706160617,1.8741045458378602,1.9193459716739214,1.498610827327733,-1.0292893013356479,0.283319047510331
454,2.7686260211125604,2.631663733654957,2.1367326414385692,2.76658186673249,2.633436332895451,2.13775847661265,0.010382698474331582,2.209324579472871,2.124950224001113,1.7977263358543802,2.2033524817847634,2.124165452136425,1.7969923569926454,-0.46714734783547257,0.4898164079700245
455,1.1434198348762776,1.1647717917535902,1.2108015348176082,1.1411383163300646,1.1701856249983538,1.2259200055492836,0.8470635484096376,1.4170642679286254,1.5757189861411967,1.4742734570634886,1.4151113827855382,1.6478606568825518,1.4569017681678322,-0.20746475637749642,0.03512129519642303
456,0.6062325222863861,0.3943348919639137,0.3382923219895485,0.626681731526349,0.40339186372207153,0.3106003307227388,2.6054564819004913,0.5319035305487718,0.2566173807374259,0.22474938545468573,0.536320962834552,0.24396403772306938,0.21908333047248071,1.1050688453179807,0.7625384700828854
457,1.9452207915263264,1.3713786084359296,1.5093958697484622,1.9506385083227975,1.3757920191676394,1.5049594341743024,0.13598233295298706,0.5748882427112888,-1.4577665796477912,-1.4736384402299052,0.5890151198453504,-1.4482075648029222,-1.5197710838976446,0.4416798272149194,1.8101673800626277
458,3.2369679474147666,3.2436322764829986,3.5099353956135646,3.2383289027141395,3.2361839946068747,3.5037978424110054,0.5696471397184155,2.3149326212693433,2.333480218574936,2.5974739709971186,2.324136325375891,2.341375014646238,2.6078078721259796,-0.38866583211244976,0.15832076286668992
459,0.850435494831008,0.9914190422794583,1.3195945101669448,0.8558241914279123,1.0015973485769447,1.309229576028585,1.6976624271963296,-0.25900175332927783,0.09987584690884149,0.1316959274332539,-0.24932301790263348,0.11334512182525917,0.15403980119446564,1.5724646081415954,-1.6010571982834907
460,1.7226571282179124,1.6466614208300903,1.65037743480196,1.7186493109477412,1.6581022626365776,1.654913910742963,0.42925297509566346,1.928748680263623,1.861287913841793,1.8383741299176777,1.9608308733736144,1.8538151560040492,1.8408085175145263,-0.6407183465953463,0.8007237344251272
461,2.3367468137126544,2.1972883269196175,2.524210856478468,2.3203626081821978,2.2141102984400383,2.519485108282275,0.6315968270187371,0.1540601640905132,-0.519859422931026,-0.6498765898128769,0.14549857869581775,-0.5551984069644574,-0.5847421345264614,0.8998266309818265,1.0039643970505912
462,0.31006988965424953,-0.08869235029142791,-0.08657529077879204,0.30676908814941334,-0.07639995580538973,-0.08257017069947169,2.1989173941681925,0.40213840040481325,-0.32995565901555973,-0.3525581230185933,0.39779983466273927,-0.2509207443606279,-0.37711116147712387,1.0231296293530865,1.5961152794992253
463,1.508504152079599,1.4959956276511297,1.53601133621767,1.497445817541333,1.5002135087925732,1.538456466642298,0.9369863100548532,0.9708206542564326,1.0037671456965458,1.0098971405627541,0.9839287546235077,1.0308833030819664,1.0329141640035149,0.25900631410922975,0.07527609945135172
464,-0.48841922425996026,-0.714338043256274,-0.7992683560541879,-0.4930439084608113,-0.7213660615008501,-0.8071916032259246,2.7544789175090294,-0.2839925445957797,-0.5239902163603058,-0.5242904639417392,-0.27337078671693127,-0.514005282548693,-0.5151626307287428,2.089494828471425,-0.12120142316257641
465,1.8419369837279642,1.3709221987349431,1.2872568584709305,1.8426284777282171,1.360637499800094,1.2909820358101871,1.351434087385212,2.037566960107571,1.2418398654533431,1.1557143617227439,2.0417155391587647,1.2285228931852223,1.1628027206083922,0.3434739335556348,2.1224403232661335
466,1.2271739570956273,1.3815621874038109,1.4617180137113523,1.234316198914765,1.387211690845017,1.4434934538152844,1.2214871188168923,0.702264523083727,1.0083826599313597,0.9174525467215318,0.6888656895461408,1.0356785316180737,0.894359001286049,0.3753262489183489,-1.386692206796942
467,3.2642451513752055,3.355706956241098,2.736464047803631,3.2663619659340997,3.3772514925612445,2.7334544668658154,-0.5854862352527861,3.131986258613004,3.2707640691630786,2.7855374319272728,3.1154633379366077,3.252076895808069,2.787025708570403,-1.3098071876969222,0.37643740279553206
468,-0.3862458938088949,-0.6930988697976118,-0.6386553835074378,-0.3805757787677642,-0.6935413791098671,-0.6394314283193493,3.4986590329286424,0.8261815637840842,0.35847073160701415,0.3289316453428939,0.8291972071500736,0.37062368718842975,0.3411223320582606,0.9943021908635749,1.3728649953950824
469,1.5185208533429406,1.56239526147167,1.5644504289952321,1.513620458505731,1.5773127216529594,1.5653669615923815,1.8092307208191343,0.5107406957333666,0.6405608554633739,0.6794023743724772,0.5057771668241852,0.64934311519992,0.662817986075183,1.3141245269932027,-0.8134471349157067
470,1.4206303243161766,1.3958148771906462,1.5916622575515589,1.419167453270281,1.3946709066414078,1.5658419899061968,1.4011844897761883,0.5477048389571423,0.3142157785640101,0.34201981091622735,0.5107455747519865,0.3226468728138875,0.36207563764573647,1.2086000563280357,0.5084147187616642
471,1.2492111366629695,1.2116510448597724,1.1586918461720097,1.2385724265993197,1.210180645716069,1.1673595876995475,2.0539801669273774,1.0815021439632475,1.0340447417435161,0.9800956829687751,1.0603969315945148,1.0401582513721923,0.9766558184951928,1.349702033268357,0.4273835992376922
472,2.486066233103689,1.5572136249640685,1.8662344183567783,2.4815687739099332,1.567160669409909,1.8674950419343945,-0.301031930694009,2.817466909827799,1.8178491096024882,2.1288050286418363,2.848200631394626,1.8375430799443127,2.150272691487058,-0.8736309677449001,2.565989385759568
473,2.4428899483512874,1.154397647583709,1.2342179650113028,2.4352927505447015,1.1582762959313262,1.2354942817460837,0.2456093782380945,3.016742941518948,1.1133798989942925,1.29741244194738,3.0301610288366856,1.0861094281930697,1.2897706143918368,-1.312299818098937,3.009210420559217
474,2.1228228944009255,2.3156817788545148,2.7750598078856745,2.12140067320572,2.315267177325922,2.7628034139662443,0.3328875889626244,2.0395614291376454,2.3693434372591278,2.6516076029139892,2.035827337685917,2.3736747307118473,2.644744692101576,-0.651555620521335,-1.3599152419439628
475,1.7202469744823978,1.52730426850769,1.6308739106788854,1.7264387137119463,1.530626772433118,1.63772685615705,0.800239136332704,1.1309146590656627,0.4745518413673043,0.5000086804931351,1.1022695158015727,0.45414733498777304,0.5653912206743766,0.41729430595018974,1.964981119147331
476,0.7139686397998262,1.1434859109396247,1.1577536524119967,0.7087570141910516,1.1472625221647084,1.1518463581154974,1.5985200900044338,1.8041409808219697,2.2555879641826664,2.093883832800498,1.8096262738844757,2.271138684053259,2.071901581674082,-0.010073071940108633,1.3485992690086321
477,1.3297233715354106,1.0019638158591468,1.1368468501009512,1.311510320453953,0.9937056355398969,1.1370454192874486,1.453664061806028,1.229820990474772,0.3653249700351736,0.40260940564946984,1.2232864721889931,0.3576946612227845,0.42065784932771716,0.1887155920924568,1.366107352683779
478,1.4608646089325825,1.3301239127138664,1.3671854119483526,1.4612940885252568,1.329751545650438,1.3784404837333164,1.3127624589576714,0.6773096221434075,0.222785681960018,0.2208376262842614,0.7042293203365829,0.20376606297540012,0.2507092645413645,0.7369509706863292,1.2954744900539972
479,1.0897100274073077,0.7990702749051207,0.8654862645347745,1.0807048887187218,0.8188159592633922,0.8690687523067006,1.5961681133845,1.4463585095503704,1.024974079421307,1.0606830868814037,1.4229167697509728,1.0229730545506095,1.0394366765056173,0.047291730752267676,1.0213991421110935
480,1.296490961895779,1.1978610522237876,1.3104197337234302,1.3014095624193698,1.198634222319517,1.310019676565216,1.7593599498361256,1.1939263555490462,1.0434219116615342,1.1165068533305016,1.1878010870934645,1.0425975702095602,1.1161242931356385,0.6051179190378362,0.6275176649319544
481,2.4531741948118118,2.2235787474341864,2.1710787144550077,2.4649063099675503,2.2278127937882224,2.177983426562729,0.8106494680298484,2.235777562109452,2.02630774263234,2.2721042303677708,2.204218032669459,2.003489098825198,2.275004911694122,-0.33245505703296424,1.1772927360496122
482,1.5999964286881736,1.2650485544324734,1.3199583091508857,1.5960288469715653,1.2605483633282333,1.3426795593082175,0.880407388483638,1.4358793697360848,0.8856012430854592,0.9026794833481939,1.442564254042337,0.8884380592076447,0.8944829982986421,0.09540997741876667,1.6822484199852112
483,1.0988560678610173,1.1357117909450996,1.3315469642145288,1.1054076344883375,1.1209656129120906,1.3392053638127166,1.3438549692301849,-0.007724174858783949,0.05608080533871017,0.07194954873627828,-0.020319242029486727,0.05050640522453538,0.06715970552243375,0.8811922401045293,-0.556357391208173
484,1.7448461100798494,1.8709298104180316,1.4566777923116394,1.7496876875585445,1.870946078377151,1.4466729791788528,0.29850757415024576,0.9936173010732712,1.1831431356850355,0.9375557077539849,0.9952720574078051,1.1724850084705638,0.9162952688034801,0.3548496459656487,-1.271548625556789
485,1.528539232236855,1.5079772957607285,1.4024668686284179,1.532233106545068,1.534157016951367,1.4281434128943162,0.8345418428919327,1.6110939846004049,1.675192773787123,1.4729355376248714,1.6172247431521216,1.6230232417108996,1.457741347506841,0.12653246402625035,0.032080446018143076
486,2.5139198283709536,1.9813283481547275,2.3005534907040386,2.51085100562715,1.9716918958597587,2.29650551381538,0.5600263136725963,2.875915010216994,1.8787316417988718,2.1917359940180026,2.8772671269065055,1.8948078994811974,2.1804209836441393,-0.9832309186368319,2.3707780244769796
487,2.9031585284228187,2.155783429982995,1.7276775207998387,2.9032007093067227,2.1542904390538564,1.7289795920187454,0.16357521650402615,2.5453973097790037,1.51552931948878,1.2952650653190043,2.531234803400576,1.5257416653158342,1.298886769503697,-0.30887338270079395,3.298428009599777
488,0.7023219060502037,-1.0993388521407652,-1.0212928627966904,0.706175037014321,-1.0920639757943555,-1.0277101569096638,2.3990974346209084,1.428815536431637,-1.281728837779298,-1.255431310551831,1.425352893036298,-1.267736402253135,-1.2432223157362918,0.8235078656696566,2.925778241040331
489,2.246292719421891,2.2173706389141095,1.9098818701480573,2.2524911314173734,2.208337559662024,1.9169847387405836,0.30721019983740283,2.246309903396145,2.201991245414154,1.9713432941926194,2.2390739580365207,2.229174327446088,1.96899675240575,-0.38475686355352207,0.8277181234069195
490,1.6927716672999236,-0.3407414739938045,-0.38178951558506,1.684053848702058,-0.34791908647740355,-0.4063060781884508,1.1543197672707322,2.141465497489776,-0.6782523233540761,-0.7730874831614841,2.1407697941227855,-0.6955107181088118,-0.8020290835597265,0.11655907924087514,2.525189710941231
491,1.8507475602607046,1.921039357623496,1.462993600518937,1.8375112161703853,1.924887552893865,1.4619504834153842,0.22034892114658894,0.4025045248370728,0.5928820392572514,0.48342938885141196,0.4605847858128106,0.6272145128609352,0.4723489221600692,0.9131133719463966,-0.8504115988750605
492,3.8504724511078163,3.8993284230356737,2.910220170095053,3.857841425520439,3.901796258034931,2.909525205102351,-0.5884365405727031,3.097739619417636,3.164543110934258,2.3814493376787556,3.091720238599713,3.163193038642514,2.385370023826085,-1.0364781928652331,-1.4383000240102464
493,0.7517672460043748,0.7944103240818885,0.7629275857511599,0.7493820306878742,0.7840691827214129,0.7678068073221568,2.3951957224790346,-0.1589275958227168,-0.07428993903531016,-0.07089512113461599,-0.14832733676950613,-0.0968566354031287,-0.09660131667801786,2.150194810576996,-1.7401835932555973
494,2.4765812465956016,2.251416494658619,2.1207490697468643,2.479831447857385,2.239261478107275,2.1300710374329253,0.9974968117873605,2.33714508379461,2.0440093376632125,1.8968398627503924,2.3407439094856857,2.0504787907053412,1.8830959737226394,-0.08517256256959309,1.3260898046755594
495,1.0304842800013034,1.066916811231184,0.9679015001584401,1.044553070581682,1.0679914639889283,0.9512351330436404,0.897301047875495,-0.09669421512762633,-0.03436355876451043,-0.0391802868145126,-0.03361356580701887,-0.06471361634395352,-0.0678404617400216,1.0437452470739448,-1.2237654582957054
496,0.5765665785855684,0.283379546027656,0.26167728989640227,0.5741481346566961,0.2681827685539075,0.26771718925114046,2.0881163067693786,0.7422548373624115,0.39037795702820893,0.36768079440387524,0.7337624788743067,0.3833131826557648,0.3618700571809062,1.0391146981471004,0.5888152916662397
497,1.349167966553255,1.009968750831382,1.0823456519108778,1.3552945792224815,1.012526079625793,1.0891683108639756,2.1936711172171766,1.0433776826116137,0.640010836328609,0.7634240201990613,1.036343534834414,0.6373298119923605,0.774467103142836,1.335100921691269,1.4792824977555579
498,1.4653325878062051,1.3201592173936032,1.1863093705768337,1.473458609566692,1.3217934858498626,1.1763390999637025,0.8360812897429148,0.9294553622858318,0.5816128374798527,0.6187497902375231,0.8963894395833151,0.5870013394740086,0.6277570044822892,0.38438420117551964,1.2237550275424105
499,1.5597617685003378,1.755262112804896,1.7501260333317836,1.5457529459250843,1.761670101399625,1.7495550321813627,1.1343027832472843,1.2171418947956654,1.4847002160004823,1.5263219009666653,1.221609931340829,1.476400405990154,1.5332720049893374,0.6860766313997183,-0.7350966426954738
500,2.27254883424233,1.7167409384154746,1.8339287963248625,2.2678349129038864,1.7175005289922456,1.825606038278813,-0.446304152777018,2.3578259759234217,1.6806855337060553,1.8670372792175225,2.3466638476586232,1.7329502845041367,1.8743205037786412,-1.123046233996844,2.1429546629236618
501,1.18217057599625,1.0269702402795093,1.2430204449744364,1.1884383946500314,1.0170655246240805,1.2504997504795763,1.7944201233458705,0.2953453666568052,-1.133137280271261,-1.2866873220234083,0.27582833324781686,-1.1081778428811941,-1.3016255154802312,0.9495143599026077,0.9335073955770209
502,2.8020118368894713,2.4388143006357037,2.163571302345652,2.798194147156033,2.4342224845752836,2.158388979365174,0.41797096071649953,1.9871896929317512,1.3373677966978568,1.2031238879354227,1.9582062227305819,1.3341411413260482,1.1948408210139254,-0.3988940193092683,1.8199236358672408
503,1.6961872840807428,1.3388937592935124,1.493891652762692,1.7039545370810407,1.3327811503679525,1.491473118729266,2.3447924374578615,1.0530103629796899,0.5434508253236152,0.6222752057723575,1.054179520968202,0.5458666903046132,0.625579280622185,1.4038548902896104,2.3765476164843142
504,2.285880437461179,1.22448327968736,1.1167096776093197,2.288100623326302,1.2274968548326048,1.1245144291805407,0.9061039377409186,2.8274447324768164,1.0108273718770369,0.9413032159925212,2.8256253005946745,1.0421100067363054,0.936903687042239,-0.4439455605729429,3.3216882632946545
505,1.7054049899959762,1.640475444615567,1.7166918076558033,1.7106260168821614,1.6377114560054313,1.7058953841158229,0.9013166323292181,0.8692495421207463,0.72744477856566,0.7376940409693111,0.897344703610299,0.7339650888743928,0.7373711822515545,0.8026190343980579,0.2947172057702486
506,2.5323747377682513,2.130256544702161,2.1275417027285433,2.536142329660711,2.1267642818175463,2.1114422430538777,0.15635712979096272,2.5425399196116905,2.053492408606145,2.0765362848764926,2.5745990780880432,2.0573465256846224,2.0778491661709286,-0.6822724886306386,1.656360653941117
507,1.7322971649145096,1.8049196265110974,1.8431709572838044,1.7310769786398348,1.805370568924083,1.841503904265808,0.510051725740234,1.3882883778019335,1.5646845862458656,1.5642399734727013,1.344284450717915,1.6294755092938757,1.5714003627387019,-0.009433901054148708,-0.3992466537800656
508,1.9911086469765245,2.139987520852267,2.3514294626974936,1.9973349896951116,2.1400848130636545,2.34736707693685,0.6489681939392763,1.7796923037009953,1.9733429881506837,2.0988074305393307,1.7852399419591107,1.9862966435576106,2.1046868516936983,-0.17727663302956947,-2.332952641786487
509,-0.4136694893774849,-1.0876027064957572,-1.237180689303106,-0.4089777857159961,-1.078526361071934,-1.264908671890725,2.0471688467576836,0.026866376699481217,-1.4677927316837598,-1.2421910567321879,0.012256581282894087,-1.4899991102936467,-1.241815906325989,1.2955451707292662,1.136220208993332
510,-0.3773317247193352,-0.8578474706253315,-0.8787987571993483,-0.3686447255293729,-0.8532882903553828,-0.8716129346551379,2.215351919317964,-0.17955394942059777,-0.869928834927218,-0.9569327854135655,-0.1781936232997967,-0.873297195241786,-0.9522294636195479,1.34833826229431,1.5061000733461345
511,2.3832097558194465,2.2407261945442536,1.834853855313178,2.3753530433792633,2.2270209837950894,1.8323693858531542,0.1277344404835948,2.1631912511556792,1.9256134045384354,1.730235062754833,2.142458474410724,1.9171158581845138,1.738409444382949,-0.3348294186034561,0.731170849351964
512,3.5537569593696485,3.6139886630345517,3.0035281487461405,3.56366061788704,3.6066297615182714,2.9932405691565855,-0.6260215507249494,3.279743186428036,3.3658713074768416,2.7830752109546344,3.2932359124728885,3.361244450159364,2.7764545674418466,-1.3054992540075738,-1.696560249764338
513,1.5021407907659436,1.1595544856154212,1.2939152577118695,1.502815004543467,1.1701594075545212,1.2958384247579366,1.3917959355224274,1.8916482429365362,1.5195672489808076,1.4435345703006286,1.8835964452264509,1.5085674224828027,1.4402745485098163,-0.349399335946404,1.2934113843035275
514,0.5487394248941819,0.6736576050902648,0.7712196220477445,0.5498160495531335,0.6788242257838268,0.7741742918023667,1.3439811812279072,-0.6615205380500918,-0.593992517983939,-0.5630146237165712,-0.6640552955645816,-0.601708944219646,-0.587878381656775,1.6041267625880835,-0.573798314030968
515,0.15229260476989268,-0.07757762384163551,-0.07925988129874696,0.14762604162727683,-0.06405251438519242,-0.07545376214815062,2.1539660729183514,-0.7770258779963045,-1.5159144808873628,-1.452223223609413,-0.7478371863748552,-1.503330930912603,-1.4135863181948585,2.0003766476089497,0.7867760589540493
516,0.8138694330489502,0.6457096808041143,0.5516984216682006,0.8009555386744948,0.6435773353806368,0.5515758314134155,2.307694862372746,0.6988493782658342,0.49799726503184266,0.44419860403512423,0.680101449278277,0.5529957132767057,0.44968840786890635,0.828046277429122,0.668170262694397
517,1.242426057246568,0.5510972562352264,0.533575070921846,1.2388446383369136,0.5519565672091689,0.5350218787263344,1.8519261723609957,1.201437413154744,-0.6157478839100986,-0.5767331552354011,1.2141949166296908,-0.5868897037276017,-0.5402385056585618,0.9636137609825937,2.283894581280169
518,2.9767572443553445,3.0324306147543365,3.1064053460075605,2.9778585613926762,3.0076311375391533,3.1184124829850877,0.041508954079603734,2.7714411427389782,2.8732551893215352,2.8981036376651215,2.7493716000129473,2.9286078669322335,2.9284165348506757,-0.8949593220840505,-0.4395478533406257
519,1.8080027484918573,1.6813821240130347,1.4361935717789887,1.8122619368818729,1.685532238303099,1.4252427540419075,0.14644224650918636,1.859113826838249,1.5391168546270162,1.3732457112368852,1.8665339551212123,1.522190880596915,1.3742973437624004,-0.4578466818476497,1.2292829273418215
520,2.8626774550122076,2.297998024695579,2.5844284328564124,2.874198872836594,2.2956040379667333,2.5866731785193444,0.700752909641094,2.593283690298937,1.8687035658686928,2.1707096448320624,2.5926790602214975,1.8873141543652279,2.1940631433856197,-0.2883571965730005,2.3960767799219536
521,2.9771233192368767,1.9667118732314095,2.091816921039386,3.0134622523412657,1.9512320909492376,2.094780335901127,0.228852057631877,2.860814412968731,0.9006100822322944,0.819716295400226,2.7997798552424213,0.9306845734228479,0.804206345878891,-0.3321842048465878,2.870189026614078
522,0.9840930193725624,0.7105738848435234,0.7516846128248055,0.9857369226181858,0.7322799012183073,0.7469103396413151,1.8492326599580524,0.7490394545160562,0.3101237548236548,0.3587440616591422,0.8068168964591697,0.32963948549418465,0.3449181047327036,0.8577098415024066,1.150399636505291
523,2.554587745341921,1.2448214397071502,1.184635652268793,2.566249321157279,1.2451845329713587,1.1696439028594354,0.9278392049009546,3.1105576201395313,1.3623713477008113,1.2962057116357022,3.1166421657520376,1.3425196998332596,1.2807169755725833,-0.9937429504663388,3.0839264277348484
524,1.2808785216092202,0.6201756012500714,0.7577313604611033,1.2782719935158946,0.6214844470357324,0.7562234114190273,1.4727796776886328,1.007981042827905,-0.2283182708842397,-0.2300417419235446,1.0103163474902377,-0.2136566867245646,-0.21345143216123733,0.5456833367086414,1.8424105888996132
525,2.4852734261213403,1.6393166465226714,1.6436270975788139,2.4819153883288037,1.6375125430446507,1.6458379207974725,0.5160181982312304,2.2546464724263586,0.7750384018624554,0.8527191722339488,2.283504898058443,0.7651695858440769,0.8720808140737236,-0.1623711611369781,2.3492771787702083
526,1.6060488731397249,1.399096458804872,1.3760556303683649,1.6151977775700894,1.3893552367523694,1.3759734931948684,0.8106664337332744,0.6108686512300906,0.0916961576483432,0.10017684119201102,0.6275118254215,0.09546393589456088,0.05383786569607512,0.7372939358754211,0.8786156821928449
527,1.6221742436611,0.8917040046993854,1.0060254153897894,1.6247246185262756,0.8983364458011138,1.0160524844705805,1.0701572074530061,1.7654502746625784,0.3805091182031313,0.4229825496414302,1.772503980480951,0.3786254969360421,0.4671983375385128,0.014631326454953339,1.940949990749218
528,1.0404715782874583,1.125773046916409,1.4037002758599757,1.0503172491227644,1.1329113301970186,1.3916521842477128,1.1258661656599551,-0.19176439849705945,-0.10041455880646444,-0.1275035685469127,-0.15973128652305751,-0.09040088817447162,-0.13913564844570833,1.4692749295455871,-1.1971237868246676
529,1.3345361166091791,1.3936084256235854,1.5905740004795985,1.3245148125786657,1.387565220830239,1.6079411379713104,0.7226511831761344,1.1507729111281335,1.2236040945064284,1.2711029335149269,1.1529866123038954,1.2368405086042182,1.2601433615605249,0.3387510354650872,-0.48757211733818256
530,2.5711824740826446,1.2511955902730454,1.2506951700285875,2.572035014767111,1.2423275742532407,1.2576659926313876,0.7365148124126075,2.3364618962956083,-0.6317820205514161,-0.5823593103113074,2.33633273807591,-0.6438925818159059,-0.5711130852720054,-0.24157299343638305,3.7074375722402526
531,2.767555942767587,2.0113149824262355,1.6618177833509002,2.7547049502893723,2.0116370053446007,1.6583985063707192,-0.14027685591982597,2.4707158414297044,1.1488877920164617,1.0888350650417877,2.482898011931781,1.1643817112535944,1.1192778454518626,-0.6316444032419359,2.5178852650798036
532,1.2579955178390978,1.2933639526766374,1.2709648389626709,1.256197923095307,1.301469290039115,1.2684054150496589,1.0630974608214008,1.1630946834640072,1.4645280998115389,1.4330868427005918,1.210719688796717,1.4234675305054936,1.4195925078147744,-0.060632717113580765,-0.3142176881180961
533,2.5508906011925876,2.518629918162706,2.480984052053796,2.5568776543230136,2.5096777272411432,2.4824687413757665,0.14611509166266906,2.2627031291273414,2.245855488335415,2.2082362291043207,2.2398033905531083,2.235863932102645,2.1972053188249436,-0.5830146560549468,0.3760726420956252
534,2.239415279896928,2.2987388213032083,1.9685777771705197,2.236177986973084,2.291654998222663,1.9617666865644956,0.2335710656631346,2.421934928830466,2.5060566901327235,2.2399802096109003,2.423878491062916,2.497802735805645,2.2331882651678434,-0.620006720059402,-1.435006789255961
535,0.8756937624311398,0.8695909767654215,1.1071296920372011,0.8624459721993633,0.8484113764386764,1.1091588189375425,1.653891066260093,0.56855898937083,0.6078435815796474,0.7507439292568532,0.6298642774591696,0.6003936902016872,0.7259550014343439,0.679391350284385,-0.503154040297457
536,3.3875531924468003,3.322969662457317,2.8888868137968426,3.3722969433737786,3.332202017531519,2.8881518615759973,-1.1474196284739724,2.478096535113907,2.492875809583308,2.1965586218828084,2.4916110928864046,2.4537714597694595,2.1911622042264325,-1.0965392122706543,0.4898145640650179
537,0.6615462867626298,0.7140922919172412,0.7098227530078368,0.6595865948835484,0.7056387027034206,0.7129309142123009,2.2291943960471343,0.27366939732934054,0.3866616487645021,0.35955621970604795,0.24514106503497904,0.3682080889443891,0.3490061913691182,1.3666129977606938,-0.5602369896608216
538,2.432382026188888,2.4928199916326186,2.220480202808344,2.4347426295377,2.512910151819552,2.2246782302987125,0.7476792628398734,2.1832890131341363,2.2752941731291267,2.058762216093183,2.1608332239115997,2.266682553444268,2.070677893976481,-0.12325637649204338,-1.398011766519995
539,0.9338415424217451,-0.18439568455407382,-0.18087020417081037,0.9433802867300755,-0.19396217015407397,-0.1922705678713677,1.3497509926890896,1.4552671303998648,-0.6985513886608788,-0.7256229714932186,1.4655374909280035,-0.7012344482155501,-0.7291575530852155,-0.10212397865311308,2.9378843316683882
540,1.3597167113387085,1.0854244300027844,1.1732582515054217,1.3620948436667986,1.0823045162889344,1.1807285871985735,1.374771968839069,1.7955602539131073,1.5598743259366699,1.8010186709320344,1.8002982688967348,1.5563060342193613,1.8053962060718483,0.053052938524373434,1.2021399738813394
541,-0.32809616522000845,-0.17486771903785275,-0.2062814024581669,-0.3426838919060093,-0.1699083079777564,-0.22866202920657738,2.131023899187514,-0.26141738001809417,0.18547344654592351,0.24805710862862454,-0.2353639875418045,0.2691314275684402,0.23720308094239403,1.2679783176007815,-1.0101860283369888
542,2.850392112333136,2.858137730617252,2.117420933616472,2.8552393648799623,2.853130508452399,2.1119822039115506,-0.4987681724653214,2.0098393552922347,2.0258471870801396,1.5519675505879285,2.0065279311689914,2.011987737548234,1.5538125768067843,-0.3960736420211901,0.3451486754839622
543,1.6841689368754837,0.5049854849412537,0.5034960637318268,1.6879723688944446,0.5111099586348129,0.5152292193768776,0.8142606070612685,2.2970538664422957,0.8998564916778915,0.9430814826112691,2.2903327157145434,0.883766721742148,0.9641041010157307,-0.5916647236025903,2.2821863831323435
544,3.978557764022223,4.191362913337021,3.6428192038137213,3.9976189111035034,4.177729553891769,3.641236012387538,-1.5403568925945763,2.679084892003776,2.8370502226043204,2.863864420446094,2.6712189831259567,2.8396399652271134,2.864363750809492,-0.6486130548409029,0.5927147651948518
545,-0.4075921601304044,-0.7258411400729935,-0.7727895480995418,-0.4023040736798614,-0.726235955924965,-0.7888551841057163,2.2887464837316305,0.146296998607813,-0.885306816321258,-0.9746555815452052,0.1402285871861907,-0.8717315803954752,-1.0070551470885847,1.1747787405542172,0.8471825298587371
546,2.0303119631638307,1.9838353328757523,1.8290558653552702,2.025941412781163,1.9738680280852499,1.813572241241916,0.712682325903077,1.9487273691945324,1.9117306198229866,1.950719688187814,1.9954457670846708,1.8984846753679552,1.9402568519126837,-0.40024514096761077,0.3095304507848103
547,2.195185378032832,2.191740512152479,1.8204796271158357,2.1888553266770914,2.1869152724334606,1.823395807653446,0.6904889515263196,1.1546733531508129,1.121135978730609,0.9355396255983727,1.1722257722925824,1.0998786856442122,0.9400681969420397,0.43959386023943947,0.19242641688107776
548,2.928975080660051,2.7326959669694006,2.691008679640581,2.931332098794006,2.7316733438641876,2.6922975909846345,-0.5125041005521095,2.8408102265865995,2.5229751234119964,2.1484583521692677,2.865678257114945,2.532456607490331,2.141859368840217,-1.56599221534853,1.806995463341991
549,1.888216089264808,1.8673596312756287,1.7370536145602764,1.8845823921517348,1.8744577940595137,1.7329197428476193,1.672870516023501,2.7265765825219432,2.7077368426848896,2.3603595189891142,2.7189731913009982,2.7129534261541752,2.346718017649023,-0.7347535159437537,0.5771500452328371
550,0.9917559587457163,1.2215096247382022,1.2814081908299582,0.9970459180985857,1.218062924752491,1.2970572233931612,1.453713053090823,0.6263456670678927,0.9639289182564283,1.0097963625371482,0.6592966654230487,0.9913347882199309,0.9361943585587512,0.704048865652308,-0.3823977953312429
551,2.0123051878945084,1.9136444907530543,1.8856948436936964,2.022646554071791,1.91099587869983,1.888919967309301,0.5550221339531496,1.2765934781250432,1.176627627515108,1.1393711261238082,1.2506110332742895,1.2335354031705041,1.142475896273204,0.3017651601707327,0.5236040099932566
552,1.4507865506449023,0.9494568709653977,0.9241697391383886,1.4730210996300084,0.9382364465625329,0.9289753689088022,1.3296537378891145,1.8668822420776687,1.4289447408536313,1.4387549912155937,1.8594923411346274,1.4117378645823497,1.4348971370359531,0.13640735589926742,1.6061065219112431
553,0.972263744644921,0.7272378466671888,0.9162006891847847,0.9661230980585277,0.7165835325107948,0.9179888203303352,1.44164195729383,0.2673186380034201,-0.5934567874456453,-0.6427491967057976,0.28510485961510684,-0.5163050763213007,-0.6429793077373459,0.6200964909308865,1.7201747145205093
554,0.8927358636712097,0.905334539211028,1.120607892890814,0.8931722235703544,0.9033904159576206,1.126032173328743,1.3686397485367374,0.3941617776549862,0.4389983514941199,0.6004942772126173,0.38799295552189905,0.4461893605487118,0.5923948128046261,1.1665654393080633,-0.6894872961874468
555,2.714027561357481,2.791940791380963,2.070772226700316,2.7058823191369203,2.789192656579528,2.070613112505748,-0.3668206672094602,2.310640656857712,2.452427041239537,1.8991901773120168,2.288598170868727,2.430886245242508,1.9198992495937277,-0.9001611626833766,-0.9327927592539553
556,1.4861392276154421,0.4488109838190044,0.4739578891207814,1.485679235975291,0.4497202884375011,0.47085564037863975,1.8260814450461944,2.4178106693821375,0.7322384825228723,0.7539852712650478,2.420047553262397,0.7363062117495176,0.7503872742852599,-0.06443957593668112,3.9243965427775436
557,2.0663970829018856,2.1885149623436835,2.3233904960725726,2.075949281039006,2.1777518720723714,2.3181887845331737,2.5703016344380467,1.1745671792736259,1.4151656025842445,1.5098384047100888,1.1832272609779606,1.424010584228308,1.5032546808867948,1.5219847535015385,-1.5250062522883991
558,3.311010028093898,3.293217114567071,2.919548467377127,3.311996945321486,3.3061565759250815,2.9322918403415996,-0.742865743360588,2.867824338648095,2.8208178198613147,2.446200425119928,2.874603123276416,2.826352820625225,2.436244105299081,-1.294229565792481,0.341070502090481
559,2.943661031930941,2.862756601528481,2.360659204696907,2.9371792401201153,2.8554082101642733,2.365609114306663,1.023993017380582,2.3276168586951207,2.222177836122418,1.9148127854216592,2.308403169181406,2.2427030805469244,1.9276644810250931,0.3135596192184674,0.9298040638427411
560,0.7635359383433531,0.34678156637108015,0.380725946293754,0.7500083112791264,0.35000113710147995,0.38936185598710704,2.3853737391227576,0.3866554746469047,-0.6760366115163077,-0.7637895864504605,0.37120793282480724,-0.6457615679611448,-0.7551612525517774,1.0608465551121025,1.4767365485182686
561,1.508186761154347,0.27648800917253885,0.29026864244992084,1.4988821502608316,0.27637885062874795,0.2866265989075364,0.8563286994957754,1.8750683874871348,-0.46290464682825855,-0.4799454064066586,1.8873351209180957,-0.4571248203812833,-0.48678745257222367,-0.5344331521076533,4.0393442507472415
562,2.068670499217078,2.1412528916547,2.2002750161196554,2.0534173787256376,2.126660778502586,2.198593164843656,1.1019636571294418,0.8726586526633471,0.9804338393843895,1.0438968608774672,0.8674202194493577,0.9737538236124749,1.047703703935644,0.9261519428567494,-1.4727875879738095
563,2.5406024403891694,2.2313398108542315,2.0291750419025356,2.5264884651644963,2.2377942018042316,2.0285110785251237,-0.13893242362846733,2.5818452450237963,2.232118793968229,2.1379161256041606,2.5724006341425283,2.2363304491633964,2.140572130423438,-0.9839910564402337,1.6930970986558715
564,1.720883360024886,1.7548938860348837,2.0936584283549347,1.7197626677663325,1.7554152416365465,2.1047402097988583,0.14946197514974446,1.9527141647230017,2.057520850980698,2.149931422949261,1.9556982611370446,2.063345051664258,2.157914435151134,-1.018945884234277,-0.04138962902630645
565,3.346414181842848,3.4340251515008515,3.398283961757965,3.3510241052878147,3.4213479756481457,3.396850043524733,-0.6056272524102146,0.26148493556062447,0.573298708542592,0.5831222859753709,0.28654898480316565,0.556910051532517,0.5572282743985113,0.6042006123050032,-0.5073710384656902
566,-0.25574214076441343,-0.13739209659974116,-0.1417645064104971,-0.2587242042299115,-0.14471737800447376,-0.1549061006841498,2.200552053667129,0.761171747510592,0.9760924572046146,0.9721768933862939,0.7674040469720178,0.9979282131898263,0.9248378860293625,0.30966910026975863,-1.2718217508130119
567,1.5586707204534183,1.6588410110537002,1.588332799635468,1.5463192805012422,1.650953571361971,1.5902586897847,1.0355025746295679,1.569337109560859,1.6860423021512516,1.6796142149069844,1.5489111259155135,1.6977675445098148,1.685218253138762,0.11266757265667476,-0.1305461516149919
568,2.413609334249472,1.5960506186230186,1.795143587541217,2.412417828592668,1.5886757351441552,1.8039685887081434,0.26470771253334907,1.8080051810406013,0.20610531487623626,0.21266455401663606,1.8127458090787083,0.20111988133635625,0.18868166613821302,-0.04719932886736194,2.0963923451163495
569,1.7121470288359806,1.6518039978708237,1.5006684520273568,1.7202282123652033,1.656064017493895,1.5033271143448332,1.3320007573247263,1.209937886514814,1.1541038364866776,1.012921693133832,1.214475061672423,1.13279706094254,1.0096089567796882,0.7198710577768658,0.42814511514283565
570,2.1857413013381115,0.8688248856918577,0.8365873462206468,2.1768726827942197,0.864297161934541,0.8332941028125633,0.1613082174464561,2.2058445008259824,-0.0920471681879352,-0.1009043812164786,2.206826403090371,-0.10897324564352849,-0.05746644054896993,-0.8432501477975402,2.959227265437547
571,2.104204214574603,2.165593298795151,2.3344538397562205,2.0960286014162066,2.1646554574353094,2.330046418903809,0.9748947550363568,1.9461905630079752,1.9212783972845224,1.9709442097178422,1.8800863057349426,1.9026221248263329,1.9824536481047716,-0.4786922679336002,0.19294840729446777
572,0.8823454025450497,1.028718055324731,1.0517320680285425,0.8805394747548655,1.0347238265564336,1.0484330417293704,1.5594556517811553,0.24680205627355142,0.5435685259181632,0.5330048171299425,0.2588338885070895,0.5563683494056962,0.5358481686013898,0.8187931243661817,-0.4563521755468904
573,1.6718969322312072,1.3336904802393068,1.319659497381239,1.6720456508984307,1.3309326253329987,1.3179905913530605,1.841529341619309,1.05735726780287,0.5894587182437152,0.6363177662125862,1.042879248540767,0.5842978348125283,0.6589144037344482,0.9947866266291007,1.9527521803210635
574,3.6367469918423083,3.672982484204514,3.1160169997794127,3.6456158278640043,3.6759001962595845,3.1155219409368105,-0.8527259922734829,2.7371486675187704,2.7838533710926066,2.5779082380923177,2.7512701578729133,2.8015165467220493,2.5871795428724793,-1.3723259895369144,-0.7499286737221795
575,3.307503562322289,3.2833717038128576,2.9064083982721836,3.3102675547112503,3.288015389031826,2.9007392161326893,-0.598213276913864,3.000093727637892,2.92910972030581,2.844790431859924,3.013559000919983,2.928373670145388,2.856206485019744,-1.4322988306110676,0.6459837135356352
576,2.5091493037911246,1.7277400246396315,1.5039119708156166,2.5110381375291726,1.726881370686605,1.5067800400519555,0.6294907251813195,2.2022008604858225,0.8789010030380556,0.8242017952726338,2.2302297635835835,0.8658615430918423,0.8119235549594411,-0.25220888944358677,2.391955146637472
577,0.7089650171828691,0.414694532101549,0.3945760695404026,0.7055401295528146,0.4179128134702814,0.39332241396099465,2.1847053922782007,1.9781395255061753,1.4348188809161837,1.4316956756469827,1.983518824971453,1.4099386306931243,1.4358085739179842,-0.44091242870873315,1.7546588930173916
578,0.9422632755168786,0.8613728541276618,0.818216009112915,0.93054666150399,0.8471161106734661,0.8114669104067433,1.5257559336937643,0.9585274123269701,0.9905271603358201,1.0219851126675679,0.9373289470639043,0.9873245466936122,1.0410460235185546,0.5768753708844899,0.014158185920304347
579,1.199061252783522,0.4627097940516625,0.6625231225193134,1.181504533970638,0.45277859272863114,0.6740169792844058,1.9933250142415215,1.7350603986372442,0.009784242817844804,0.01336318098657208,1.6909012930815126,0.010894427554589855,0.051728198555649404,-0.3014330102308824,2.53661764430558
580,0.47375316759708797,0.3208977724861938,0.3440471072565707,0.4698357852272029,0.322960647151133,0.3386036891453126,2.532325991515409,0.5220213272998768,0.18030198276155115,0.1865879868271,0.5226364699694017,0.20153623371501628,0.19220917256523212,1.4659792001403595,1.5451820239524572
581,2.3226063058880655,2.387010560971715,2.3671435104889875,2.317785327883327,2.3703888893607648,2.3537254255388254,-0.3971451717868173,1.541074760773047,1.740049029076861,1.5970528070072303,1.565720753401942,1.743084055176544,1.5927329424181793,-0.5116381944611234,-0.7991925874471273
582,2.6260805450727136,2.3160607716353563,2.4812961683410584,2.638065500465355,2.3270878700843682,2.4705912218107806,0.3843361654860344,2.050128411380695,1.9097372897508338,1.8160633802436383,2.0867554258987404,1.8696123660094184,1.8539879952581695,-0.09690447866747237,1.0056265165494382
583,1.5385842590507575,1.5551407294211435,1.7068662826134087,1.5556609243409525,1.5699420631105356,1.6979579665289855,1.2087558091271848,0.8228502898118012,0.8452152905996069,0.9187736800335456,0.8405701437250893,0.83346906812761,0.899461810949914,0.6684159622778081,-0.04703913183786179
584,1.6788972711990466,1.7469869247145322,1.7297164584132803,1.6835120437874358,1.7348251021675527,1.7186798738505586,1.2889095658931515,1.2500241085792216,1.9335788855691283,1.7700691706769274,1.2114019237668683,1.89533685520191,1.7763081083413632,0.8249824643615811,0.5004999902170659
585,1.711617689256196,1.6802197477911924,2.302861975935513,1.7011561338708905,1.6776315159524333,2.2995825342569,1.0461410500800836,0.8472833961301229,0.827547008276755,0.9382863810291338,0.8411366894360944,0.8853483416678755,0.9630432349582654,0.3801107247069445,0.14129689775422755
586,2.5196273145953483,2.488397999433968,2.3011498657015066,2.523024370296385,2.498000194303546,2.2969332195915078,-0.003944810411209187,2.9680837479295348,2.937011779133397,2.4851005827233936,2.973862700880255,2.9356237797434868,2.472831522022822,-1.366189307516043,0.566318948048184
587,2.2363370088311836,2.2717486533792948,2.1476046983877306,2.2244038239740087,2.261432575495682,2.146220956275335,2.220295989333937,1.139605707819197,1.2224697044025588,1.2403824194833755,1.1521003191059374,1.2134102418624753,1.203235840273935,0.5638611681581123,-0.5600350818789247
588,-0.17595220278538665,-0.8567385410089264,-0.9581256279342143,-0.19115591920447167,-0.860540233518858,-0.9536583434661323,2.640016462439341,0.6470527980532539,-0.7663315932476649,-0.8932120317323745,0.6895638465849987,-0.7405038525005952,-0.8209158810323844,1.153288728274591,1.4270354210546405
589,2.2391370898066763,1.6626536926281754,1.4161977099423781,2.26975081557296,1.650575130514269,1.4172471972535747,-0.0326158713879486,2.004513010756295,0.9137307812432773,0.7414596236303634,1.9763835091251736,0.8855252179404269,0.7584358551400129,-0.2965175692781337,2.3000844004244194
590,1.7429861304871128,1.7462680176906233,1.4720200737036806,1.754607679604937,1.7558919583707482,1.471360596388754,0.32852306292340294,1.989234056441089,1.9685081639541941,1.84560403558263,1.986897405273007,1.9782624129703328,1.8427170471179806,-0.4701856191416978,-0.12639838527794267
591,1.7187877063585706,1.5517203309591663,1.456981770766209,1.7213465793977083,1.5529441767610446,1.4598593343693889,0.914789224188835,2.1052922204026374,1.751312535911775,1.4486094138576864,2.132188335808835,1.7177567479023383,1.4459759124131288,-0.8079049523117054,1.0712577522927804
592,0.013812880190862976,-0.2342036976380557,-0.278297661364141,0.0076416611303130565,-0.2276981246211833,-0.27678131689607355,2.6619292834931283,0.6693648255694087,0.44155510818203536,0.5083405018059298,0.6698704825848691,0.44474570390747964,0.5437641125303311,1.0617844081501517,0.2645003960275676
593,0.4320848865102437,-0.32089753918176084,-0.352489239367603,0.43456323377299383,-0.316588347930555,-0.354601846375978,2.0637353741648448,1.0144504323710177,-0.5474027543576403,-0.5924384768711541,1.0403058866624795,-0.5847991909936061,-0.530302473364736,0.5757235667546586,1.4583507377249314
594,1.2728659314815132,1.1005226621409285,1.0467745075180659,1.2595617138763562,1.0965964096938619,1.0594484163544635,0.8234156737893009,1.292055261676015,1.03077631256605,0.9547968949760193,1.2938077049093077,1.0390347538402596,0.9830256438091955,-0.1448677507987342,0.652718977342722
595,1.2509742265549122,1.4117559147470786,1.600860568402918,1.2552036302440106,1.4182611402353074,1.609230378694848,0.9025636014990841,0.7911976701423441,1.1094417631123028,1.428765351190681,0.7836402602403565,1.0909970638705306,1.439099388373467,0.47632258495000607,-0.11250768681598722
596,0.11569860531938526,-0.6343424662905248,-0.6095335763326015,0.12760225054258298,-0.6397423691060148,-0.6130128659698539,2.043546276818064,0.7875025491450812,-0.9296529397858408,-0.9712252011654975,0.7742031198074735,-0.8973735193457792,-0.9662364216225052,0.6586419472873191,1.5449674526385055
597,1.223700441590476,1.0144773323910556,0.9921205084545627,1.2188866423002125,1.0096990692446446,0.9878028245010523,0.7703057216406533,0.3388857198054444,-0.504999831868706,-0.5236670310001782,0.28949945891894896,-0.5219027152664355,-0.563414983560657,0.6219358497869066,1.073524700238438
598,1.602754724813138,1.4410718386933115,1.681544326064579,1.6234094728546211,1.4356969501705454,1.6763497790758308,0.4923956822628067,0.9285616512902545,0.11633742341194124,0.1228087684069019,0.9033245873384345,0.03252367541425048,0.10313900811379202,0.3713609125944183,1.1041584880856905
599,2.471416006348213,2.1122103365754987,2.7274579960226575,2.475751228311501,2.1167668018544745,2.7250679326367964,0.04074531253168194,1.5916589297221597,0.8519722118398046,1.0805742269604113,1.5880690624723999,0.8242324377333223,1.0930770853025333,-0.26139383491964663,1.5057250450085446
600,0.8672424743932915,0.28067612086526944,0.2887378353784357,0.8729606098781849,0.27460561176573184,0.3012260213612801,1.7808140649023503,0.8130171887667271,-0.41481353114004316,-0.48504382805664636,0.8330194567643148,-0.38803662242606596,-0.4694184846457627,1.0717636565029325,1.5166033149708218
601,1.956666461487977,0.9428031402315034,1.0947377908392586,1.9487618700782847,0.943323962704731,1.0746509699023847,0.0562141921091453,1.8899356419952134,-0.32132110538118813,-0.36720870973881653,1.8789309860778076,-0.3497762935102344,-0.32815188809089296,-0.5136682887130201,2.606567318069198
602,2.7486086568949832,2.767942997451902,2.889427710697316,2.7304067371628884,2.7672460116505997,2.8876917857879145,0.4358578534997506,3.266844164958282,3.3258780218423487,3.026230797183134,3.296613301248423,3.3283663949789215,3.0273687906363964,-1.320586439184184,0.34119855337624194
603,0.034522016629470936,-0.08284157674219882,-0.08364042485599754,0.05762567104660041,-0.09499882006387725,-0.06282259170925514,2.0516269980896227,0.8385746484149368,0.7509983745310107,0.7117926479916585,0.790753391770942,0.756149462803747,0.6926429665727166,0.45903375563679155,0.3776574082674204
604,2.4921626580781333,2.5718828439478316,2.9520387749350454,2.46697415567538,2.576298143025686,2.9558817923561023,0.2536720903197496,2.8547448078528843,3.0159751556538366,2.71512751555803,2.8561394235745996,3.009499756578534,2.738868732453075,-1.2809517478744183,-0.9441661784617343
605,2.468868473082591,2.4873602759511764,2.3857326169532076,2.4621667275297887,2.4950456107664607,2.393816525365916,0.8583290896902335,1.519081853711521,1.5668415881531201,1.480127532360724,1.5164143602524691,1.560951444335906,1.4775735210277328,0.3631873400631408,-0.7877136053397102
606,2.6394708028926095,2.6858249178631826,2.3743393913172834,2.6357517922363267,2.6953108373694175,2.3720572321661018,-0.1151745908060817,2.4673348125509498,2.531708336978005,2.409101162749735,2.4711533120190903,2.5289463048139833,2.407186762687629,-0.8269042339628214,0.04353429150844876
607,-0.9117167443887648,-0.9590489191591878,-0.9457053394581666,-0.9128618766927353,-0.9593931066145996,-0.9459986946602007,3.4777432530806314,-0.5630729478713619,-0.5982647324881132,-0.5597742953225812,-0.5530470866236568,-0.6022840425811712,-0.5832667536196124,2.076558932959893,-0.01009915898613955
608,2.641669891834082,2.1611293781839276,1.914405284999008,2.6322880701747597,2.18237237880068,1.9133229521529707,-0.22718419710694626,2.2603076620663565,0.8630039983069856,0.7461511435615704,2.2642191971475225,0.85627865463621,0.7662999133736699,-0.7576994733485847,2.2150877369554376
609,2.0734938744351603,2.254193536367386,2.331953380950126,2.075519807722965,2.2541183212893574,2.319201957003521,0.4951157940941969,2.092139564229398,2.244869145883483,2.438328229803222,2.0978767495276633,2.235068584391334,2.417187122800712,-0.5360913574841327,0.3302069758337053
610,1.9544304633273029,0.7355864321195537,0.816295912229397,1.937043399863021,0.7176532281219562,0.8136857598467885,0.6226667099435217,1.8870099011053656,-1.0240163981827572,-1.0961946048065492,1.9146051364802485,-1.0364193822453496,-1.0101507676535364,-0.4239999762447937,2.680009507423986
611,1.2236229620515693,0.6924183406767703,0.8525782685182582,1.2257150838547468,0.6895939029234447,0.8428502259284918,0.9282526158843362,0.7862613301134093,-0.3651374073649698,-0.4265851869341846,0.7769198130306308,-0.3809405482365633,-0.4188003061620483,0.6305087218131995,1.948397313128296
612,1.806488765159842,1.8681815533187942,1.6844060738390552,1.8110770720151892,1.8676755245495729,1.6865699976483284,0.5331096499644834,1.8035399743313474,1.9142510711983793,1.6603570983161973,1.7917828724532998,1.9285254716896671,1.6616651906611928,-0.3284238679303279,-0.3559756892930308
613,1.113970019896497,1.0488565860677501,1.1329073230872941,1.1081503733267095,1.0497613034282574,1.127208026551264,1.5603655495965916,0.45764122818164926,0.22844661816390133,0.25083057796818603,0.4417491869679337,0.21899981641781577,0.2374729244091008,0.8361023979362244,0.5405550830073435
614,2.0746556494223585,2.012049757322618,2.0065053867732727,2.0721176350847776,2.010242089986537,1.9977361833765355,0.6368159779866707,1.4215495120135986,1.3249025322074703,1.4566956897617085,1.4473775561664641,1.3138229774452779,1.4564949474886466,0.27233491742335364,0.6606852010631529
615,1.3413736847746485,1.3217055008440415,1.325312008262092,1.3443380130249059,1.3245942390936079,1.324461313360303,0.9644396424901847,1.024177692216071,0.9611404056579306,1.047015929528382,1.003902810867545,0.9315411886482373,1.023071561829285,0.22448625312159495,0.72108461387514
616,0.2925567048780151,-0.31276712047902466,-0.28937971766761206,0.2952920821088634,-0.3063262455398091,-0.28723628264201206,2.136380080066812,0.5372788826553528,-0.7344484044220986,-0.6430998457813344,0.5444108599751774,-0.7365496304274791,-0.6391045743077944,0.8446458246614025,2.345277355721945
617,2.679752727455956,1.7140721823691285,1.6103542133653888,2.6880050071138104,1.7192436727277691,1.6125455718208568,-0.012493868690453894,2.8667143721002053,1.3576188780611118,1.3461646267422456,2.8791548453301634,1.3869184600455309,1.364398478086488,-1.032378452850868,2.815568364335517
618,2.9373267055365795,3.0308252694541227,2.4196761305298797,2.935674977164756,3.034262206160296,2.4167542928981374,-0.08065838984460034,2.086699526713384,2.2600248925819355,2.1635817344713235,2.0724044565129223,2.2563949043370846,2.193197630865637,-0.6729992559703534,-1.1831870944227418
619,2.0449186077425265,2.0167888096591735,1.9224463718850338,2.0533406181234364,2.028330050264631,1.9279815602537538,0.14066732487755984,2.071452101426621,2.0229423380495373,1.9530152875613995,2.042936842198861,2.00703174255181,1.9438712460666825,-0.5412045577721041,0.4289395021937167
620,0.871561285414134,0.8754876458960517,0.9552883714599076,0.8677982374517748,0.8822273882240378,0.9488603525933885,1.4825460302461382,0.02447908678808228,0.03428586831297548,0.03456044301976982,0.024290598306769235,0.015745652902837273,-0.0009660427579161403,0.9587524878256702,0.07017310958803527
621,1.6214734570911615,1.6095293273709794,1.7532621467983762,1.6270311673110107,1.6061454733061247,1.7559311648864977,2.0043072873215344,1.871267080537003,1.8736650396211005,1.9191618672580566,1.8997567008080822,1.8412679709392896,1.9057024268559946,0.3698500698135122,-0.019537529610536623
622,1.1147947550383945,1.0315280367864381,0.968842686547691,1.1059849016224257,1.0086771749930354,0.9633045326348973,1.1720832333094908,1.0128872334357268,1.0163121542103042,0.9060237093371721,0.9930307069356925,1.0063472293398756,0.9250790415652377,0.30908096421154435,0.2123906983565715
623,2.214159160508815,1.555031736435726,1.782699526627411,2.2064769581090347,1.5531231299112063,1.775339463075166,0.10239105866412178,2.6574709575975226,2.038113752188241,2.049604843121671,2.6436223455142436,1.9985508258351223,2.0497386054943276,-0.8300385783437045,1.6562832023922394
624,0.8109317990269608,0.7540758106627419,0.8928685282126012,0.8260326260572084,0.745872543335389,0.8912472770714146,1.29092600958995,-0.27679756834239194,-0.7054619521078686,-0.724035806360925,-0.27670015347672594,-0.6247808333681809,-0.7651257055987352,1.5817352635632758,0.009158288633202729
625,1.2073940970540278,1.011254021735968,0.9781771192174551,1.1847932290305296,1.0226726528988466,0.9813851955985162,1.1306897575239399,1.4875640496814513,1.07503746591946,1.0984839287635104,1.467942493432282,1.057368995139296,1.09487370912092,0.2556533985857842,1.0539240906125598
626,1.9884939951164935,1.6368503828534262,1.62663744360017,1.9835451722762523,1.6217334501447473,1.615574754614685,0.26860544597598257,1.3255970955142802,0.5146434939499288,0.606026107464074,1.3507384595068994,0.4902022502578084,0.5424344071639523,-0.027734973268286143,1.4784113570950084
627,0.7638582983027163,0.6924579419461221,0.7151333588489737,0.7676841485706207,0.700202036480707,0.7228824452493803,2.4101948499883847,1.1844188776014735,1.1686398509484308,1.330932610827331,1.1727130718493606,1.1587564206432537,1.3282863993017366,0.745506065134709,-0.3168653795067907
628,0.3644304253329927,-1.0611590087870864,-0.9792988194646169,0.3770163638003163,-1.0771351648824912,-0.970550756609441,2.501885377004032,0.731116281684967,-0.9067407825877,-0.8198158843439617,0.724983028101319,-0.8973253955917421,-0.824216386540055,1.2717200736425263,2.2872490469888263
629,1.9410321979519014,2.009347171269462,1.6677743217227528,1.9394159092897447,2.0035690561773247,1.675771905050167,0.14681998145070846,1.5891489733616588,1.697323418502015,1.4460077154008424,1.584592094616868,1.720910313540129,1.4367737482558984,-0.21943455773594184,-0.5357778444788879
630,3.9510491455331844,3.954528507974509,3.778323353407236,3.9450118357926045,3.949678496343877,3.7863338087600855,-1.3392998831025786,3.7915413382617533,3.6855684087086784,3.48634507991155,3.8039304445748927,3.6967370579207786,3.4820081034614225,-2.146804253598195,0.6642207861777072
631,2.8862698632208947,2.9640824038760405,2.488352733951276,2.88146474569285,2.9661322833107535,2.4774248725550545,-0.39722702724004755,2.6682716982221235,2.6575233471671544,2.219886419502425,2.6801320680535037,2.6848983622885267,2.2288551054176984,-0.9760733143710022,0.785169276389001
632,2.471018142707261,2.140122586933482,2.1087915270880955,2.4661078904293623,2.1471805291564934,2.101970910688435,0.34704412914516775,0.9509669349982532,0.1507408233447891,0.16287115429125537,0.937120499563411,0.12460011635496844,0.18539885055573987,0.3757779115424268,1.2053175769064877
633,0.7567530795032003,0.773106750016077,1.036996177927858,0.7387316239385315,0.7683723587080475,1.034621081815986,1.078721195100245,-0.41464639048042734,-0.4239800156496001,-0.5601538619570237,-0.46854534585104923,-0.4771589082351829,-0.503930333930771,1.1796467628412575,-0.010162226992502509
634,1.4495413525104675,1.4383566682235827,2.363548668951175,1.4192170612091008,1.45537618109694,2.3721147610184303,0.05036180097148597,1.3794811089126051,1.5189545374854696,1.726161804829451,1.3912215260663914,1.5691751990504685,1.73494503077025,-0.5693606070262933,0.019714862422469028
635,-0.06609329036483244,-0.061977930438705676,-0.05749397520093176,-0.04209591430701833,-0.0766002520412399,-0.05013665507086838,3.078345226761408,-0.22500091852801762,-0.22118545677534956,-0.2915805587170777,-0.2179755649290952,-0.2010674030676034,-0.22475195956639282,1.9389088585272136,0.36914639335789784
636,-0.648062431275894,-0.39530731000506053,-0.41136497839119235,-0.651219148110887,-0.3910099389000637,-0.41193524785977464,3.261934125503282,-1.484406900388421,-0.2778411136439039,-0.2808415586300022,-1.4961414786844913,-0.2702868778787161,-0.29829795406617077,2.637592405082892,-1.0129680875846878
637,2.709972371451123,2.534498581800904,2.3594088666955213,2.7201896178184866,2.5381080225321018,2.358312853921921,0.07636591072044274,1.3494175935926913,0.8099343845477459,0.8377990538727266,1.3605554744464023,0.7829959030695472,0.8716339891339179,0.030180256460263555,1.1723946988355953
638,1.7612562508486747,1.6274539784499045,1.9871628321445318,1.7546226096361683,1.6366369285640097,1.990526142660548,0.9191803127799016,1.84675765948824,1.642299750674372,2.1913632674344194,1.8805455735486045,1.6912428954135215,2.183299086934347,-0.4779521849971791,1.4085065480527932
639,3.6027385218152865,3.126769470524762,2.810142356807563,3.6116232175671326,3.1329144153529795,2.8172879559997126,-0.4536435531038348,3.490259816709403,3.0116684303982337,2.9602721837711714,3.489057224570497,3.025306106027509,2.963390598395117,-1.5964467210636657,2.0344420499055262
640,2.388491220213826,2.417388276004039,1.9635169660809721,2.4035212288614543,2.4221134868004017,1.9592952296977013,-0.41915219109060003,2.190278190086994,2.3273314006727146,1.8892202549049952,2.2001472032243945,2.3222887598493926,1.8854948563367444,-1.2234411762259834,-0.9048284865317174
641,3.418973236496389,3.1501606131186786,3.4138429050417693,3.4158915091204145,3.1544239814972963,3.4141519135426495,-0.6163548342799067,2.0506233374687515,1.2343915665424168,1.5154851201638841,2.050125561297697,1.233789003666554,1.497671023992957,-0.3672336504546338,2.1267522984065494
642,-0.007556513205560348,-0.42759485266342667,-0.4618996337755283,-0.014236353379562697,-0.43705513078815567,-0.4609128858707694,2.192386902253977,0.0377556317609114,-0.7116906217312136,-0.7641620802044911,0.02145231990443067,-0.7272495383021806,-0.7563956226056531,1.0958815030392852,1.4979830024862548
643,1.9515916950387824,2.008488635781675,2.067953341042917,1.9333065775258385,2.0057824404365205,2.0727347557313687,0.8392941485003542,0.6286400181585269,0.7658411805551569,0.9401184024709648,0.6051697782773218,0.7669282407394608,0.9107634136344026,0.5303318813725892,-0.6382694569430503
644,-0.46081563575693707,-0.6587278813380496,-0.658834056396667,-0.5156353129272516,-0.6974806896092377,-0.6695068817511491,3.09704737210231,-0.7894554757345126,-1.1737818777387319,-1.1687169022791848,-0.8376596311611145,-1.1942162015713944,-1.2031355409931241,2.1873978196037154,0.42483177986549636
645,2.788991016984979,2.6883495374357405,2.9172691461240965,2.7856749591678494,2.68598846977885,2.924687226584901,-0.22720759162422915,0.7353274812254706,0.5276086950146462,0.5533751106939522,0.7269220289872786,0.4706620639846101,0.5397678103013035,0.39111737832647303,0.5275001515928914
646,1.4232378324781858,1.3592731450959983,1.195563939358726,1.420047452995967,1.3361357614141693,1.1808025993988125,1.2205408858527242,1.5982545019541692,1.4874200197308542,1.3976491618901692,1.6103795541700607,1.480462680244496,1.4020003274742647,-0.2044581497357238,0.39761097308204074
647,3.371495791829631,3.12774852891747,2.689014824223158,3.3653875391662473,3.129833959228996,2.6897351255753286,-0.5652159990611768,2.1288725370609884,1.799232840063008,1.6540672488047676,2.1481297941380553,1.7975751594838383,1.6604481245573588,-0.3936124896574045,1.2051403034012722
648,2.7553591049896387,2.7113306536175426,2.3568864860250702,2.7551715728520247,2.7107173154213466,2.3672096134112186,-0.2057028268724702,2.7299800055314427,2.6803553778048435,2.191077183253214,2.742569841176849,2.693930014661707,2.20281243206299,-1.3998535375273697,0.5994649502523035
649,2.2131724909800425,1.4725416227478185,1.452852286285972,2.2146903765425554,1.4802203249090462,1.4537385613796991,1.6561946865000934,2.2953698786687586,1.3237458392028425,1.307794468040085,2.2894952760137492,1.3284137582056537,1.2833231332072912,0.4341247464060591,1.6627565236392237
650,1.4806625594897278,1.4913962253006487,1.525602119116762,1.478078257464796,1.4845845885829692,1.5108169265039972,1.0672534317740758,0.5824448900568143,0.458051813142127,0.45610505709376575,0.5692075267968442,0.4507352097534811,0.4675064198882954,0.8371171071801121,0.015323384619811411
651,0.7122247225574214,0.7387492585884102,0.7489231996065691,0.7156854945092187,0.7267472622779653,0.731785642780044,2.6167700762043933,1.9433517000030864,2.1568211094762626,2.1181673514848613,1.9375541730138666,2.1433809087867015,2.122080180247869,-0.19255816185974395,-0.34427714133812853
652,1.657158798214699,1.4682135694921243,1.673121093275527,1.6627383173362917,1.4821045533993151,1.671190504207303,0.5112463440433053,1.1225770484115807,0.8181698285879742,0.9751649402760638,1.1078614200223482,0.7991305726851031,1.0112075059653123,0.18333376318013772,1.0101182517296914
653,1.4023413166431993,1.4015961870071478,1.6262750275826767,1.3997354730086882,1.3916445472196592,1.615097115133863,1.120934106821744,0.1265922673601763,0.12519266483706623,0.14549368992585157,0.1495567773424541,0.20422030067820354,0.18079069727033512,0.971290166861824,0.2904197111422277
654,1.7762485955758127,1.5976039882840012,1.758902121446512,1.7836084240012327,1.60280609530785,1.753829787101524,-0.05778105431908486,1.7059079244536977,1.5844787935791085,1.4208053468382436,1.746763678046329,1.5933039400845819,1.4121512614088607,-0.6286058712144322,1.0105593738145862
655,1.7654494310696733,1.7713091481446686,1.9285648422732486,1.7725839390668507,1.7496894198026633,1.9227292840953885,2.506626925056429,0.6457964046288192,0.7065641983532006,0.6923640771796182,0.625222631038033,0.7325935517771741,0.6529866964473141,1.0269290689233412,0.011992368660024757
656,0.38081108829954546,0.5461790393793957,0.529472306881492,0.39415698245154573,0.5354680000156992,0.5377677375254214,1.9622976793001037,-0.4067750747303849,0.02041493987173908,0.018943264714926585,-0.39845541590584826,0.07065716355217026,0.023079002830107134,1.4947236781385984,-1.5771923364801885
657,4.132164997891865,3.248703213586496,2.9354049584994732,4.138631470805479,3.2425717402388035,2.9246343414781095,-0.597155529808806,4.646655055024036,3.179392740812997,2.826210325024365,4.631455395169304,3.176591312214071,2.8020347639423893,-1.811830068188046,3.264731612861417
658,1.9029254543617817,1.4191475919810752,1.514720528240051,1.9061315528362053,1.4362853630455934,1.5356948213145363,0.3896798018926633,0.9973534966554449,-0.4248037573514031,-0.4966588389845546,1.0194842833820978,-0.4053475791106344,-0.504480936535691,0.506257985756847,1.6892884137695514
659,0.5931728949458359,0.5623857542655626,0.5598271027960632,0.5991099825993188,0.5571228070314516,0.5569626065919971,2.8070612759094957,0.31696166525152625,0.19763314871923907,0.1915044666217215,0.3003767110421458,0.20406886864765206,0.16675360965138902,1.3462552694326257,0.9039690147879486
660,0.7559226620544739,0.6764004132942211,0.7380082485566506,0.778420299541719,0.6957697658258298,0.7304133238667135,1.9201148381091622,0.4733015485052795,0.1908345156581645,0.22447692217230908,0.4988805028420613,0.18894960103740738,0.25858326890135025,0.9337319292320131,1.274987034278273
661,2.5525386144665054,1.1206816276804084,1.1510663372492351,2.5450750849381194,1.126675063567869,1.1482494792049014,0.6824741512122445,2.808317563859881,0.7713893189702175,0.9387965136534846,2.815836515309129,0.7672607388988105,0.9327119126404614,-0.675470433431128,3.760886133952983
662,3.4001293838197597,3.1897241201070785,3.2242274750523805,3.4058702970515977,3.1847552186684265,3.2194824732232905,-0.8109961396791363,1.2135807692430856,0.42667129207657,0.4340966932645513,1.1843312597231737,0.4517378335562792,0.4039806727282631,-0.06407069818982812,1.3661556713257152
663,0.09895105064480338,0.040362408039833264,0.05027657824857971,0.09956383380374619,0.035402254006523325,0.045554747611165416,1.89984302846361,0.26360837794304387,0.16525802989967572,0.20488608352225285,0.25772080501958916,0.16635905823025712,0.21115730826279358,0.8261497811609197,0.09545490079424569
664,1.297259463894023,1.0453078003045966,1.2121192996449948,1.2852896171010706,1.0474113339173563,1.2263360220510335,0.7254060895107796,0.6615660162008542,-0.5814346487256713,-0.5535031286769494,0.6085368609838877,-0.5739549352357324,-0.5792894826479821,0.8829906112808154,1.0459758268920918
665,1.5011694194525342,1.3352678376188587,1.137981278923974,1.4924303204639096,1.3601519112754517,1.1512156698911313,1.0005140104725836,0.9628733447266389,0.6584795538428226,0.6187177015730859,0.9802622804614367,0.6676576804106623,0.6469081710236276,0.570633753192504,0.7068447526720522
666,1.8724036021285853,1.9651654220378387,1.782383436518458,1.8715765206016182,1.9722452558295551,1.7859999997015585,-0.1203062723610099,1.57853181459365,1.7836912549491897,1.6145051186728667,1.6060087081444798,1.7550375103183242,1.6046622877685197,-0.5508516329460588,-1.0018672501803463
667,1.0300698496893663,0.9946464124500952,1.0187742190936824,1.0410340146975705,0.9774442258457602,1.0147481526417217,1.5947879134288323,-0.48836459117433795,-0.617291263485259,-0.5917830756344211,-0.48202183278780886,-0.6098107282783858,-0.5962471616429353,1.6458018077057865,0.09571241283199684
668,-1.0074530727036048,-1.4623547889828163,-1.6551651514205101,-1.0155802453624114,-1.4620990471230013,-1.6143789900607832,2.812845332846707,-0.39003553670680907,-0.8656563369779708,-0.9511449290936087,-0.3789790700870213,-0.8648773806939664,-0.9548201028813815,1.3036994934221726,0.5674413595727584
669,2.3846450234271845,2.07084845812288,1.8844038315003768,2.3791363849282323,2.063101963162677,1.8789606478340386,0.5704546924528172,2.4466080461157653,2.0381959637391995,1.8391690952200557,2.4547601195567985,2.036310840418947,1.8399567892721511,-0.4493167425859493,1.6239998483891498
670,3.0455827528703723,2.6332015000664377,2.338434464224071,3.0372756655873774,2.626906564541044,2.3507368781922042,0.1656706578646717,2.960068698205958,2.4701289088018754,2.3415823247709944,2.964903948642324,2.4819475354921665,2.3465358900622926,-0.8856423106781967,1.898288182530509
671,1.0897483110777377,0.40180741756983307,0.4691628820228949,1.0855688024326096,0.4047488932261155,0.47590382084357086,1.1699069882429993,1.933740577525058,1.0014778920622274,1.0986388172296615,1.9473547237385707,0.9983290477918989,1.0888899850659808,-0.26633528264957573,2.735860986709001
672,1.4245946504882794,1.449284423542628,1.2812222548805932,1.4245768274804815,1.4388085294599966,1.2795156884366679,0.36761629761374903,0.7093018842942691,0.7754852833840082,0.7280686911721905,0.7046095449985307,0.7504737546772782,0.7107578500667315,0.4128358611404068,-0.4907233753787358
673,0.43781737101484225,-0.015797583180919963,-0.0190157005841445,0.4406795156794575,-0.008361022172531084,-0.006630550756288231,1.4685515503526068,0.713573416041549,-0.8770203803440844,-0.8521249176411937,0.7243796784745945,-0.8409707026403144,-0.7674369017002814,0.193163569974002,1.3332900722217298
674,3.3130898120268157,3.332333413698619,3.60908617283344,3.302651544098611,3.324697297484092,3.614499790177454,-0.7224765695782054,1.219613829281513,0.6741434501147932,0.7024789699002127,1.215788001626529,0.7024494428327612,0.7241719719706051,0.2768662495834807,1.006637725527137
675,1.4903222984291766,1.5658194997459702,1.6035348503529272,1.5009123381951304,1.5710449615730588,1.608862609639129,1.171036109974242,-0.06236853944493441,0.007801813303803317,0.007178672576211999,-0.04578892743902704,0.00485417536657068,-0.004318785780439438,1.470835193675866,-0.6674463277113734
676,2.9080907817004693,2.891227157424529,2.341737741913276,2.9196713536693073,2.8785296590969556,2.3478110883209333,-0.24918376243820872,2.570391099755024,2.6118893911188072,2.193952391164744,2.5778299238090736,2.62211537416709,2.1977600091039773,-0.877214739433891,-0.4259859257763354
677,2.487655089074748,1.4368506006258033,1.5081501219893336,2.5066859669772428,1.440183693916721,1.5068636072129387,0.7850034864901467,2.481505774151076,1.2926720294895357,1.3211760918774504,2.4692524041237633,1.2961413162049151,1.3128847557982186,-0.030706464618117362,1.7998562703523138
678,0.8869923785410065,0.4869321495917278,0.8162813210706293,0.8980695493381481,0.5005719269760259,0.822915930538437,1.2420719147705381,0.3867204099945475,-1.229695100020148,-0.9945485102153351,0.4008628608406389,-1.1952440302951843,-0.9255512060884038,1.082589434347747,1.6228980347117645
679,3.0223448798205155,3.170136071257919,2.676008299466101,3.02979919090692,3.180616795629309,2.673777749498968,0.023228512205440935,1.3281785575439802,1.4770888938984368,1.4882015635593933,1.3320760512430396,1.4687838449401565,1.4897952912383203,0.19096793871675127,-0.08655852005287769
680,0.922697656758522,0.9156808659233664,1.3046974683980237,0.9282795095014256,0.9268216138507256,1.2916561921452703,1.374273846028338,0.3086498781319102,0.36909307320477663,0.45003201615994326,0.28674090711744277,0.37418999908240114,0.46006932433235226,0.8605025892635036,-0.45702136548484457
681,2.7357987576502403,2.73308442578957,2.4336050220540812,2.75262125291094,2.7302310390153366,2.438371686802986,0.41497017192973434,2.6387585907663547,2.6026469321426595,2.486456121937906,2.640411813477038,2.6007973282306165,2.479559330091868,-0.35004307010792496,0.3971841565138905
682,2.1122309524253318,2.0123836295903645,1.7302798028951911,2.103770486258483,2.012503332513329,1.7312914676574345,0.44235908676248187,2.193333939392327,2.0619568048680517,1.9011980140515907,2.190221807306615,2.0675092930598726,1.902858011199833,-0.17663208987658632,1.1812931805402647
683,2.5955123194822156,2.4864258352346176,2.345930761070573,2.6040203463228027,2.5043727482572358,2.348842995949551,0.33210655809896933,1.0915373517328235,0.7648353880174231,0.8074205705041432,1.1220012150172511,0.7489628663526408,0.7367961201651706,0.19581967549801993,0.7750873561498024
684,1.4976236641674314,1.4527875904593546,1.404263741609839,1.5095997269124928,1.4575518431089978,1.3946400044664267,1.3690087912420539,0.6253294711311944,0.5388210851350775,0.6388958979683115,0.6249095366337452,0.522304213860557,0.6303401949788715,0.6795566280486253,0.5022978282127188
685,1.0715831391644812,1.1383361443150686,1.1978505440078706,1.0702316670784084,1.1332690295097083,1.1891216399609013,1.127929652457562,1.0794619677659478,1.2835270260491434,1.2034071279348264,1.0843828279406822,1.3381840572168167,1.1811065722563463,0.02016302822277972,-0.41965896405769454
686,0.0959181799666092,-0.2041303259335479,-0.2166710606732178,0.08588077552943761,-0.19667219063366762,-0.14343854041299034,2.0455189963096267,0.18346697150092106,-0.530842230636287,-0.5514009940556527,0.26719818867756434,-0.5964801549988084,-0.545934193385524,0.733728638884765,0.7920196034734394
687,2.5191834778437348,2.6171165100560914,2.225247318583248,2.518118549571812,2.616940835914618,2.22796250522963,0.4057806076224156,2.331524089506789,2.458553054854853,2.225023721562537,2.3275130548029623,2.467806292953024,2.2372912218932384,-0.4035342044670939,-0.3061615956594978
688,1.2418788572568664,1.0534618621848222,1.2161391878583603,1.2524497349184593,1.0466166166157505,1.2147440759023114,1.2434290906988468,2.056734645015353,2.0343177105984602,2.3039688190166423,2.0707806164449964,2.0382673549455785,2.3101133972266767,-0.606112472545155,0.42133931773965444
689,0.20740613212057207,-0.1978209939212799,-0.26329648001691547,0.210193300750398,-0.19126058836306875,-0.2527695849082957,1.6725343593884245,0.9466040236087684,-0.37001991825164127,-0.3575507023444557,0.9490062984152384,-0.3697100331447548,-0.31186203751859687,0.4002419721846394,1.8515666227265053
690,2.3236445950902986,2.1206488259960685,2.0497056188301794,2.3118799361761972,2.1055018947385977,2.049247020199288,0.6991145173120431,2.654107345409993,2.054053706755276,2.2105858868362285,2.6773739016080746,2.062349562986493,2.19894074479943,-0.6897646888183672,1.2479790211669355
691,2.8917683459608527,2.0150424938999967,2.0415471955686626,2.890606026835643,2.0136402356922645,2.0425536948336123,-0.3962460052528963,1.9292725986124564,-0.6330080416568603,-0.7033197172540185,1.9333950584628778,-0.6212306629704496,-0.7281004804992453,-0.4713085643750278,2.7971186835951536
692,2.0005813266702845,1.9983876434139751,1.9862032573981356,1.9874483244182757,2.005424998261926,1.994256498434393,0.42193922739438977,1.5926672940847073,1.5598804028288902,1.5290414284318665,1.5997666509152173,1.5655754484333442,1.5229946540928794,0.050970755061979386,0.3675650345352655
693,1.4668691561044767,1.3267239947484086,1.2124329368058882,1.451904713769958,1.3195714258038087,1.217554606985363,0.44940146153045685,1.5502934841354055,1.2335275411225006,1.0928422864515657,1.535796497224708,1.2408195005681117,1.0796969895062138,-0.6620122727168345,1.4879486174064143
694,3.2300749223621534,3.2205947306353484,3.06371434111614,3.23162170261447,3.2218139313407463,3.0620297314974625,0.020008599416858657,3.2225204163693526,3.2636671432855473,2.7674818217661623,3.24442984381062,3.2602953534740537,2.773567132195709,-1.6838005197482409,-0.19925035039521377
695,2.7290938794635533,2.294116204885451,2.172390929359733,2.7347777338053705,2.2872972556425943,2.173348307651492,-0.40358545641944893,1.5559390144368215,0.08839473036751665,0.07479702859276967,1.5532559598687827,0.0587230129956943,0.10743270255036912,0.3271538566842439,2.0036462132164123
696,1.2694009946567393,1.3220007357743626,1.2895278991852637,1.265035661396463,1.3278887049851715,1.2796198022692302,1.2754835788511105,1.104527590325747,1.2190722980065927,1.1834322634861996,1.0837182108541967,1.2270191643214676,1.1477780659732495,0.2520808376779027,-0.3029058972215358
697,1.4393441674636902,0.36415679165688036,0.4975508593771309,1.4315482759362332,0.3669255758254044,0.47609314427247384,0.9488405561864515,2.066771902534013,0.6358210847042554,0.8658010816581214,2.0707936236235045,0.6267575891308189,0.8784299002763942,0.13295504416639725,2.1425254175705577
698,1.1287147407901847,0.8980568646959296,1.0538618155704047,1.1233767759605169,0.8914450896656282,1.0534609970363333,1.6836228761003438,0.5674234393073696,0.1374858838842086,0.14987396687652363,0.5542329644852809,0.12453224960495664,0.22236796758089966,0.7286094052468985,0.7545332744354223
699,3.6292831555459886,3.5701102849293496,2.746739958900513,3.6292901713411005,3.5665262371347652,2.740485548415856,-0.43696392007487883,2.906010231948815,2.824254844964402,2.2360697695920115,2.9034520766306207,2.8160764819952537,2.2444971399107603,-0.8811905539334077,0.736159684464118
700,2.02141704711608,1.901741008143481,2.297445006000069,2.0181460742611326,1.9020750301943363,2.2932061412066367,0.512662056469329,1.974696685288365,1.834639423241016,1.930502532032567,1.96851281857774,1.8131770725927736,1.9230522326550625,-0.44188471860590844,0.9899398552557958
701,1.7183876608067055,1.6449848866303314,1.2422305167447947,1.6965924500465337,1.6184151969999008,1.2428874590114822,0.4628317505243181,1.3206404319433585,1.3046742504439002,1.1602980186643768,1.2732304762508522,1.3208414402852926,1.1437934281863247,0.039935596662197474,0.5149408477760307
702,1.3291388434999378,1.173316874258855,1.342149397340432,1.34177304367041,1.177236502988769,1.3387261317251946,0.7681584967386753,1.6942126808301137,1.3988927721925593,1.5698218184432184,1.737810020426438,1.4135243523541847,1.552383944653081,-0.5746499227399441,2.061194869734634
703,1.6034734798453036,1.601577654265835,1.9010601196905665,1.6219544754482176,1.605414821094556,1.9022717481141407,0.7099116317594503,1.54880091313868,1.5617335316850212,1.6906928432461268,1.5692506839195524,1.5176839612241575,1.6914413532671466,-0.02910048219074128,0.37532729913249085
704,2.386138782289719,2.3197637347186824,2.8309020902896997,2.383919391580729,2.3200736311968795,2.8300502365985105,0.838916673741603,-0.10746924201871416,-0.3661487846072268,-0.4171647361099346,-0.14480941432909897,-0.3092512432635776,-0.41858023745376366,1.1433436816853109,0.166539113350246
705,1.1773172621881742,1.0299644266424157,1.3605012522260673,1.1633984808231168,1.0282279591956598,1.3529859433490503,1.0078678533284389,0.800031015994954,0.5159739889015488,0.6391221151591928,0.7691952012972704,0.5259007133961738,0.6624869660420114,0.4823351953573014,0.940920912220671
706,1.5350184949371717,1.3754527890815325,1.3074340019444912,1.5489241518371908,1.3876172330373806,1.3122314970141347,1.0579107531310485,0.5049617872965597,0.1049302436220718,0.11628475011389658,0.48327211246553087,0.12569286321761286,0.09412333600094343,0.6115812918293901,0.7422706036510572
707,1.180891527952163,1.192272168663662,1.0985850079536192,1.196806352429118,1.2220684155660568,1.0867946504118569,1.2325198904431762,-0.17199321902725884,-0.27586485400853794,-0.2750578091215875,-0.20637771445726005,-0.31950149502830855,-0.2421515675881709,1.4519434102276623,-0.3305853614214628
708,1.520632759241227,1.582010253983104,1.283173157094693,1.5139109707383855,1.593262547358247,1.2862503376099017,0.5565139275640013,1.6829244383344364,1.7589944575053131,1.562253627396795,1.6763511553623685,1.7859361368385431,1.5599878676364642,-0.4153340537393125,-0.7560782461782928
709,-0.5129243401919316,-0.25847938145891797,-0.2466432665452547,-0.5007652583426546,-0.27341234669754166,-0.23716672163027738,1.9460026384210778,-1.6585672646239862,-1.083969816550464,-1.1131816735232332,-1.6462845003208408,-1.0235588318032682,-1.0822426786672403,2.1431701303377357,-0.9608904872075196
710,3.2920573022730766,2.3448233310216535,2.8098270719777667,3.296549379671214,2.341025262401228,2.8204959339986138,-0.26888055788762505,1.8636304813227487,-0.512424054879331,-0.546703521965984,1.8669352412279374,-0.5144356242410225,-0.5609991739779565,0.4004130027410051,3.0120473051471417
711,1.5901540299230144,0.7198602030839483,0.7383066521002785,1.595884197047822,0.7111981745523669,0.7418108447893309,1.1022932641881238,2.1314637251992394,0.7301900532979836,0.7338842662133499,2.1459194978196723,0.6917594163369885,0.7556435637134236,-0.5334992596860832,2.3160294571365427
712,2.8119002486409994,2.1123046943871193,2.1376440064567688,2.778470947758683,2.1354442474769115,2.1241672042611284,-0.05797220238830015,1.730572089797748,0.23316008380645162,0.2767220704520434,1.732502335545374,0.24446890058747905,0.3279894875819008,-0.0955277796741499,1.9103523148724808
713,2.0629507549119928,2.0153368159392184,1.888666958747048,2.0656598675524953,2.0010160897047564,1.8864022228598678,0.3466973746591336,1.6025513730790173,1.5418023985927491,1.3762842845889678,1.5969267168122405,1.542013867604973,1.3749098681546663,-0.04337987245815037,0.6965467902283656
714,2.121939413450291,2.1856834383841632,2.4412519880956713,2.124952555108415,2.1953432449612307,2.4316205770679087,1.0597234048660553,1.8373365258456773,1.9255269558491874,2.3590648370114455,1.8395461359914378,1.927956598704542,2.3652429610200008,0.35990118060531484,-2.027738984137692
715,2.217496646456098,1.8315990848850887,1.6981150597394499,2.208243561960293,1.8221079626363021,1.7069582954110967,-0.49324303676074993,2.501178553363491,2.0085557195686374,2.114603159234517,2.540213701779951,2.033341768783762,2.0882740593283824,-1.3551820971114263,1.794592463766682
716,2.479954191383492,2.548524299076075,2.000824270007306,2.487138943578117,2.546425846557345,2.000929426570292,0.5741180687502856,1.784353733475279,1.8472722772359351,1.5875523250161026,1.7903002835714261,1.850093891287297,1.5890518475213464,0.2300914103437701,-0.4000525339119602
717,1.3045409437367903,1.2710638353315833,1.329920372534573,1.3067993624839245,1.272849802341111,1.3095041680163266,0.5227128323020019,1.0569495302243908,0.9264250586082877,0.8686602102772809,1.0618497623398868,0.950547951652073,0.8403934268402047,0.09160313956667679,0.6390699642066475
718,1.8147194712534216,1.7065105977600763,2.448219039788169,1.8085660024706314,1.7076529834921246,2.4527055020415354,0.8176533504381006,1.9199238744408216,1.7961755057058222,2.4201698388285346,1.911828595708509,1.7567806707225504,2.4241623513325146,-0.4130846711413249,0.7100518902293447
719,3.3891136763056138,3.3867987046345114,2.880902364174479,3.3929166599381313,3.3880943368001217,2.878650675332788,-1.1772598447952534,2.4384428355857195,2.48821070877429,1.9546664997064784,2.4162353038532887,2.4932683118043593,1.943918232518175,-1.241003551317239,0.06493921635652648
720,1.9680377457477407,1.796293306600251,1.7549973062587827,1.95373215687917,1.7954935632359443,1.7462211863139705,0.912892671219711,0.24754374721620334,-0.34346854661397286,-0.3505680024439894,0.24315867539829986,-0.34470088158232587,-0.34589202839749145,1.0528722744636518,0.861440539483663
721,1.1429341874174397,1.2001318497584126,1.616072668457649,1.1366284392175918,1.2094957539137232,1.6032169822358653,0.8368808310627773,0.5250911272618719,0.5852933740434708,0.7085725609131609,0.5182480738748386,0.6451603057339081,0.7346077119291295,0.4002386526892194,-0.0425836186176894
722,3.340898205282899,3.378404828862764,2.5238082889219435,3.3351845383504015,3.371810463028538,2.525110790623837,-0.4344777906502509,2.600198134776661,2.708637233480755,2.084444942435677,2.5947268041684453,2.691416415839164,2.0879890152188856,-0.9486533934549696,-0.020246549622621304
723,2.127560734489264,2.5599490185045677,2.338483100012655,2.1542421881678226,2.555177292176587,2.3444918372928782,0.248829769807029,2.2368997566408364,2.8074874097024938,2.505271177430861,2.278613145871545,2.8303925214928833,2.4618241273311874,-0.3545783869777759,0.11577885083139418
724,1.576199434694913,0.9953723852238188,1.144084316275331,1.570205634130154,0.997583942320877,1.1397228298833857,0.8569755461505931,2.3504650531359244,1.5253070483144129,1.4646008604244547,2.316679506563758,1.5165895454115828,1.4695872495389488,-0.9561824400292636,2.100939846496422
725,0.07084189518282404,-0.09565510531715525,-0.09638371192147788,0.0673006815888658,-0.09906093450901197,-0.08938995966775361,2.5050939322104817,0.019550442947746095,-1.2577825318136653,-1.1731932891684016,0.024388282019695704,-1.2368636742776054,-1.1457854549754614,1.7938611796102548,0.7241686355211713
726,2.111903243661874,1.9206988236565303,2.114236575212284,2.1029421551894556,1.9166074044823536,2.103505099663144,0.11452600678944755,1.2867813565209338,0.9277477350718182,0.8388199754264244,1.2839260272033794,0.9255436696312623,0.7566461107161653,-0.015120421540792952,1.2706812259358555
727,2.4523974985152033,2.3662811851099192,2.103139623417595,2.4368747663273016,2.354223985007472,2.102169587477297,0.14686283532905867,1.7440196403069943,1.5809185467687688,1.5086880313033673,1.7192065790147515,1.598738761317419,1.5159094634116568,-0.24959224379665035,1.214515404792174
728,2.1742616704384323,2.1518796193085357,2.0619921014245257,2.192188694962403,2.1514083370034984,2.049327120028994,-0.2597375967835524,1.4255209421106607,1.3733020619989778,1.408959244493451,1.42835924356469,1.3839645032572738,1.39385958014436,-0.29741731810321154,0.3177025731301798
729,2.735608059789599,2.555618165060887,2.5450036909764697,2.74633337381212,2.5578847052086457,2.549267140774303,0.09915507554261369,2.3496672832609247,2.160448340099238,1.9065030774342042,2.3646230181889587,2.164986745173551,1.9102853158378055,-0.4991818807504041,1.2175818149840176
730,1.921554190063197,1.7649061262443588,1.9003164954872278,1.9186489364322168,1.77967425480895,1.898716812259758,1.3496158811249326,1.6295557328594144,1.4545925052787896,1.4927512520122503,1.6262375947174839,1.4506325499245138,1.4775425242750235,0.303814693765537,0.8268420858841312
731,0.1185773758614006,0.15255010873822553,0.16974190201957035,0.12376736131307407,0.15457786815872276,0.17992058141688935,1.687096156651224,0.09091024242754076,0.6887619754173371,0.65872676477681,0.11739132712234814,0.7191189508007262,0.6737362934764727,0.3966154878330769,-0.9959832698796011
732,3.5023634242568837,3.4232760330208833,2.73035974618097,3.5085528057748205,3.4193265241612587,2.7252580084423625,-0.4347782361125177,3.9097429767002776,4.0257467593981255,3.1090150724997883,3.9132967124281075,4.0186589765382275,3.1145123248449726,-1.5628056207452037,0.7343418015440504
733,2.8579585930728815,2.766759893546512,3.1200497514466243,2.8725328265601546,2.784148587559602,3.123394882448141,-0.5814796883637953,2.787031447482472,2.674158882978002,2.6617169521938364,2.739169248339811,2.6086302017030025,2.6618625209475355,-1.6600190566221615,1.2872869139312817
734,0.9149181606779191,0.19846652102487009,0.18443997788028355,0.9077306235224646,0.21692666634993155,0.1868973195205756,1.514052637620776,1.2447355917669543,0.4712208320752873,0.5399395474610468,1.2352766421959778,0.46303638575585704,0.5492957714579568,0.311684913964793,2.0469644303081287
735,1.4821643786401215,1.203554435611642,1.2482843087280333,1.4720729912200203,1.2036509197063174,1.2513534410860476,1.2184344748913765,1.4201636365597166,0.9621267874507503,1.0943265325000757,1.4124186701711645,0.9517573593436331,1.0840542179525066,0.2762129212679214,1.9390293962939158
736,1.4872278703786157,0.734013410551211,0.8430495106310176,1.4811993576794846,0.7374786916473308,0.8343530659557099,1.180440064982965,2.2216415717038975,1.4391757837566597,1.3699925510071342,2.22171500029669,1.4674138548553437,1.3710912831803745,0.0050862423728383855,1.6997426992300138
737,0.2794752367438305,0.31728009676113794,0.3032230013510082,0.270422976347418,0.33458707438183194,0.3094611700293769,1.6508690036594968,0.13378601131014625,0.18733597342486571,0.1847404176312566,0.15565753031952795,0.20600586474988095,0.17511508866057782,0.7699646429703638,0.0603188548249195
738,2.5314426709553386,2.397657007335169,2.05440703394423,2.5246892374459735,2.4246547989293505,2.0501948587850656,-0.3702901906811542,1.4818984039750127,1.2507099615173063,1.5531173109863277,1.492920247345488,1.274133323246938,1.5580969420804798,-0.5564348802330831,1.0769358223068206
739,-0.40770108580247943,-0.30087565483910705,-0.333891841697592,-0.4177090907725802,-0.3130856070325841,-0.3151491286691923,2.3463352745584363,-1.2402367222084123,-1.0317606187661876,-1.154659696932229,-1.2666950605297502,-0.9674575011999903,-1.140768072541476,1.7365744579219493,-0.3000528194202029
740,0.6721841623039572,0.5781512067840453,0.6123378205024325,0.7002357884924035,0.5945307173382971,0.5993590942879493,1.1922393413653596,0.5159968476216159,0.39444558276668545,0.43786819532829835,0.48946796433356426,0.4333121389245242,0.513936357831513,0.5462508137776446,0.2540230250636356
741,2.296853023608664,2.317960089593193,2.0184422843500824,2.2723997285746123,2.3347259517265404,2.01883347849281,0.7184285650527441,2.1560934818318596,2.228986471527415,2.294762139893862,2.1515865720481377,2.242268008685844,2.2923089897753517,-0.38870467795560554,-0.5200384819322686
742,2.4973663536666892,2.574359563162064,2.1539269123950797,2.4994422087495978,2.5667882548344187,2.1536519605609046,-0.6065426092187637,1.647522652143976,1.7775747144219176,1.593932342455938,1.6144478697832876,1.8018752839271561,1.5820840636117723,-0.5885595564931692,-1.268175860989644
743,0.9384795716763933,-0.5993843134382255,-0.6679789704359779,0.9393304599885735,-0.5936775319117495,-0.6520408646811813,2.1108963081998753,1.6677310241826384,-1.240605416704228,-1.2872264228060908,1.6728074221917444,-1.2371583779382527,-1.2591064430244752,0.1886748938088929,2.574994100460069
744,2.473583946151019,2.4644879287518546,2.0133001599561857,2.476670458882787,2.469128254523546,2.015378813188018,0.3919791432755524,2.1410263154691855,2.10204720530949,1.7854848929709473,2.150416327095819,2.0907846628725513,1.7818693379725845,-0.3337066158800976,0.3624067701722575
745,-0.45537465772983665,-0.17632558871557158,-0.1734420322265034,-0.4501003130236262,-0.16510282496322298,-0.16545167292748678,2.4345201318021488,-0.8177292917895038,-0.3023226722025457,-0.4125642052361112,-0.8350455578027266,-0.3003798258688703,-0.4818870512479541,1.5917460997944624,-1.5483911772977226
746,2.595450569706779,2.6174168936178646,2.267995706185443,2.581456165408268,2.5995635208413996,2.264951351707964,0.3605972292785532,2.506097581146962,2.50403483053459,2.02343588023684,2.51806791992565,2.5039336644568904,2.0244521814450027,-0.5809950000614554,0.4363169756573581
747,3.241766898174073,3.236915645071494,2.5177636257901304,3.2344082970574632,3.2415737392695534,2.5079020815180764,-1.005337008169795,3.051948489587011,2.960412987448556,2.4456251806577236,3.0617359184305957,2.966623271955676,2.4481689986842645,-1.2597423521677984,1.2511304250119213
748,1.5857887530537351,1.0554019876436542,1.1188598673949297,1.5781529555805578,1.0616512829341673,1.122704779837738,0.5950143549894892,1.9159009704262058,0.6958559953546813,0.6330207237517133,1.926132028032272,0.6875489911394013,0.6433573251240968,-0.477593169003264,2.201786223377254
749,3.1827054473911476,2.6297010443473754,2.608759008033969,3.1790716006012985,2.6277670918296607,2.609476973734721,-0.28248359311392013,1.4344200720255722,0.4262074805086419,0.41583142258335204,1.4305427869715976,0.4044147695513544,0.4108293044945306,0.018853212038155195,2.195525625572162
750,3.478856725011847,0.7314415402990854,0.7585221546877293,3.4787019752377475,0.7327963572323469,0.7533518353403351,-0.36535714281262344,3.7974807377431143,0.13938148168859213,0.15011237871927377,3.788842407057824,0.16821481621485818,0.11012741317809989,-1.3515261201796374,4.330098057550165
751,1.4381704637064878,0.8312088248007804,0.7827453455398264,1.4423959663613761,0.8233904069357141,0.7874829116902925,0.7064761250548142,1.2750637978944874,-0.06901081667950429,-0.0698373576480438,1.2946676447506589,-0.08954253069996228,-0.05522485215577572,0.13828113623091443,2.098926952161972
752,2.9000745357597633,3.0266044921377318,2.5019843935486663,2.9004438577998046,3.017400543569384,2.500778431707639,-0.9295294227510205,2.8009303780390957,3.0799268809967484,2.6737768514673554,2.794977111014768,3.0846383750723168,2.6754091594229075,-1.4930050880208539,-0.20244167682014155
753,1.5929651614549927,0.8699143913596465,1.0806753346011806,1.5962015112307393,0.8693807140038424,1.0786238018965277,1.0141056441094487,1.940510909933784,0.7554729403790532,0.9341952049134699,1.9245115918009774,0.7576251351487356,0.9482780444166782,0.019383190711429233,2.4884423710011103
754,2.9298754794796404,3.0236219489050544,2.7043514059810345,2.9480573100508654,3.0387962890736646,2.703970011904895,-0.41031857077990747,1.9551085308082499,2.0986381312979687,2.0670805661127987,1.9504124346143294,2.085966972966912,2.1012933103628852,-0.5005255134673728,-0.8131868675391837
755,1.9082323023525984,1.6354107350276001,1.3497766253397467,1.9216385200154018,1.623720623451496,1.3563327954463158,0.41539588321769166,1.5401053541174226,1.1712919113205467,1.0249638049859864,1.5678287227061036,1.1786671044721027,1.0262678853215,0.07779411137088872,0.8595278330623062
756,3.8829855585007,3.319975000779473,2.575423213732619,3.8814273434050564,3.3166891273827948,2.568936448322025,-1.5036159052538327,3.8610821820610837,3.058504924602111,2.400188183149999,3.841612505234433,3.0631963162760214,2.4131424098729295,-2.104884593950722,2.143330423713919
757,1.0841139026078892,1.1803865594245417,1.1534809558526276,1.1042862585819695,1.18363743963898,1.1532455838449456,1.8865691605617005,1.5622505328402287,1.5030271070952363,1.4858916615698574,1.5900048991956541,1.5043323255035426,1.5378956712007692,0.13493840091904105,1.009283391758288
758,1.4758607138648805,1.2770275056543263,1.6885266821900593,1.4876047534348262,1.2923803838351873,1.685912097915092,1.1883157518502958,0.8616117626704827,0.41017423190018715,0.4887156245720008,0.8589790465271689,0.42112108609121945,0.49983411850533654,0.5847745130102621,0.8729901651598077
759,2.956778657353614,2.973488975940492,2.3598292428043957,2.957914279944513,2.973285501841815,2.3600955724364887,0.7237305831974162,1.9633133792408928,1.9893650518470467,1.7007196005867735,1.961345317070005,1.9971291874187982,1.6932530940537578,0.11104756919011487,0.06474734278917117
760,1.2889610764065889,1.106858795275564,1.4733469632729068,1.2855278928614091,1.1097092888847153,1.4576354363552373,1.1057221669129034,0.5635103094945776,0.25170514815306294,0.26361767096321603,0.5687340574306678,0.2803413633903423,0.2505381806705571,1.0433461936519421,0.8212683980705652
761,2.1655658908101256,1.5115813945222634,1.9130149641535406,2.1489017852235297,1.521828087519483,1.9180156625845421,0.3530982832058836,1.3225570569567442,-0.1918820573176259,-0.20692507605170518,1.3545188533361838,-0.16653304114839082,-0.24298504937234683,0.03137769058226097,2.1928414482576013
762,0.23229374430549016,0.12332475961405265,0.1808138874083772,0.23044115318585992,0.12721637178640866,0.1777806119814459,1.8604894736212274,0.3314147044043919,0.2320350704610189,0.3281129348213754,0.3246056374307896,0.23153443291875722,0.3369795166962884,1.178660473846516,-0.03864710445047409
763,0.9724368333408769,0.48491456049754794,0.5057381454039637,0.9551083194337624,0.4740365191489685,0.520782659063784,1.5253183815759097,0.6547793123194865,-0.3509405340669055,-0.39898598215894837,0.6437382978987399,-0.3375666257063892,-0.3903629846187508,0.623977046545647,1.506587515548733
764,1.7470043940635382,0.12427339464445769,0.12625578746553034,1.744247842933582,0.11850831624372626,0.13579488346759158,0.8130569775114159,1.872336799566909,-1.0832393322363927,-1.0847852673774647,1.871545608168224,-1.1303478741570105,-1.1683144471163833,-0.03810784477442202,2.609813172198711
765,0.7287615023615899,-0.5151704530430724,-0.5529340973270196,0.7275835390196403,-0.5079834586575925,-0.551563331025918,2.3351651094425088,1.618299316226245,-0.7090045020919951,-0.8201770307736538,1.6086709543832243,-0.729777538780605,-0.8547695218669024,0.7080303956440757,2.606474584116716
766,1.0573439872194257,0.9265499365582635,0.8454046779672627,1.043999328834886,0.9252952982182994,0.8433001547068211,2.461230381842738,0.7855238488751922,0.45766591757944114,0.40813989065660716,0.7833580263067172,0.47648478996180355,0.41482693386389474,1.19458365940242,1.4690871795423517
767,1.233248885399023,0.7899027399144981,0.8890607232627851,1.2376323820224948,0.7943817317124525,0.9031709824515954,0.7237397288522531,1.6319615319845553,0.7814540301858526,0.8267546336333411,1.6251117362210623,0.7446313815229034,0.7641302268619237,-0.5607154282374296,1.809106678588267
768,-0.35178835336978675,-0.2283229254509617,-0.2130739129523068,-0.3548864878703264,-0.220741991355768,-0.22639832289846815,2.9437689497741695,-1.7471458298469127,-1.484787476637161,-1.3039934260841224,-1.739295372656386,-1.4411770628311389,-1.2443855281178764,2.4800435626139077,-1.2161612078556834
769,2.2266252483158615,2.2198941281116866,1.959305762307385,2.2447582930257233,2.226920856059141,1.958685786672574,-0.07695034328573028,1.5528951593619125,1.4813483301991317,1.3370452860571962,1.5536774745311157,1.4033753480849593,1.3562620811205048,-0.5135910138829985,0.5983716436320029
770,2.245082336823712,2.1058524087216948,1.965230237034584,2.2339205171166334,2.100207518813277,1.9689098832110856,0.15888166627876915,1.4026846184065722,1.1390678481337009,1.0800363435404654,1.4001926137265723,1.1220691309559794,1.078228859616936,0.2454180185165841,0.6195733615411041
771,1.960394182222484,2.0826161856704943,2.014692779560971,1.9528302667777666,2.090608594849019,2.024795467626104,1.5289788415753482,1.4001166607062379,1.5672304678311584,1.4615975251090818,1.4073184635678762,1.5782674652529824,1.4707945822759205,0.5964032255557015,-1.1245368194150471
772,2.120013977201583,2.054738069688189,2.2973854275636616,2.1205263356413133,2.0487305295510017,2.307240372355493,-0.1778433467923449,1.6965112073416935,1.719370928476773,1.6806766093686856,1.7634151556880242,1.758334440327068,1.6352175514306675,-0.7958704209598964,0.5723214986680472
773,2.0967129921205503,1.9391957105001794,1.830002551792281,2.092827207184366,1.935861979971464,1.836265980646282,0.580540672667879,1.6953363200668645,1.4691836241118847,1.530001151808028,1.6603155264037515,1.4645619340189857,1.543784216901881,0.013291352890212507,1.4691156142290165
774,1.7702673531464965,1.7504998791486952,2.0084324367199806,1.7720040127134133,1.7626982907329187,2.0134188214374733,0.710578718012494,1.958946958137403,2.129549321080083,2.09722415033531,1.9455386052102501,2.1104049593532137,2.0788836006735134,-0.7943381803059599,0.1759526821902458
775,0.5434379258091666,0.2868213631716553,0.3594382193439762,0.5396542453784828,0.29205549700447614,0.35796354542268033,1.6552221098594972,0.48663708599748573,0.19714270777424286,0.199613909111464,0.47961793820292137,0.1939847630467529,0.16384282542382295,0.7949937374882318,0.6291066467749997
776,2.7812325266434805,2.759174563233406,2.974980299485573,2.7680105532417576,2.771748491187316,2.9820113174406573,-0.16203192441137965,3.103070610561715,3.0196270654815547,2.7993674972072693,3.105643053624633,3.0190651411722325,2.8134655859017217,-1.1001116737639753,1.1121449956555083
777,2.0271072028207526,1.6931257127518513,1.8993364848446903,2.0249749886555835,1.6923541640776611,1.897674286549102,0.8583195309530609,1.8708875840075034,0.7846445947623569,0.887429573442108,1.872418259416319,0.7736909255096587,0.8922290308608264,0.04957090854810764,2.151942689779881
778,0.7219135954856483,0.722002925396634,0.7438363413706078,0.7213547505545149,0.7220586155706012,0.7382693529918806,2.536599822626152,0.12837490957182346,0.1023702311984387,0.10522984717137504,0.12379631436654417,0.1139066903610192,0.10271590622056367,2.1660384964003807,-0.3851352400659282
779,1.9859837479555715,1.8124286784084418,1.750756518437265,1.99056686130811,1.8306680681750984,1.75506114975264,0.13563632382606253,0.776615115280221,0.5232777696018273,0.5618857631620378,0.8048581700620322,0.49764345332664234,0.5714896777137121,0.550682830792901,0.3921711999952628
780,2.3415567923258744,2.453178812755266,2.2154841967786343,2.3394084160635975,2.454247135131122,2.2048584689094657,0.28156263873809323,2.396729002059548,2.4979246480046724,2.2299502938548046,2.397343533703119,2.5036165427762573,2.232580928387852,-0.5130580144453406,-0.9978872346707371
781,2.123594705893037,2.1851499502253846,2.6250297789826758,2.1354480965001916,2.170614523502698,2.628028835369495,0.7364122461008995,1.789315169433014,1.881807056807789,2.2502139137258856,1.789230976643577,1.895438843304584,2.25067550107665,0.16126800867481123,-1.8214031997993911
782,2.1714501807438307,2.2198553228312656,1.8274637382255827,2.171702654921109,2.215007681091942,1.8290624232633943,0.532434548697275,2.0111750432817774,2.0744511141651274,1.6806438165503947,2.021987905685061,2.059799737905741,1.6853889921038043,-0.487778352722427,-0.8682310480472982
783,1.4660239215737463,1.4666466111354164,1.7145335763022191,1.466001602400985,1.4613794822292754,1.706685927800843,0.29942724812035787,1.4705689080326099,1.5244181081797474,1.4596511772064296,1.4174304780731077,1.513203798905876,1.482770900372881,-0.7681776039341319,0.29019103510001154
784,0.1774756378526916,-0.14350969746546904,-0.1493963925809385,0.1964111796742464,-0.15229552469380142,-0.13746028420924356,2.2899828511448987,0.4907643950422842,0.030178002955708397,0.03204378108448011,0.5105340285488839,0.041488045420207925,0.02220121915852809,1.0424820995292556,0.8725343671102896
785,1.400721110479201,1.466372891195105,1.704481416769735,1.4235494354324574,1.455935355079867,1.7008759809709948,1.025923182324582,1.3982910281824332,1.7916732209648087,1.8372979674768606,1.3595709112411134,1.7869565599832846,1.7953466950605577,-0.41484989686152907,-0.7103219050786814
786,1.5734797713765543,1.5387085157741662,1.5065348220792303,1.5771544989541522,1.5362470528035959,1.5107219518158965,0.5402664473549843,0.8952779759489147,0.8284422672149974,0.7419825945210802,0.8650435244063105,0.8577524411563385,0.724009239384802,0.40652130640216017,0.5026594211240437
787,2.5864551858566527,1.8472645288589267,1.9392747950443776,2.5861581114119327,1.852098935809813,1.9462261113411687,0.07355246866023855,2.367333363444554,1.128911373766766,1.2023944277562113,2.3765311666659352,1.0787127857795868,1.2058747310159155,-0.29404160360247955,2.351986968285079
788,1.1903544883486796,1.1497088054588818,1.108210573703823,1.1819535508973193,1.1556929885789813,1.1068332114658899,1.3208884490902735,1.8713668516235558,1.755146265023417,1.8458525031036364,1.8488669222751855,1.7546980616455488,1.8482455175982533,-0.5501436153397196,0.3891530558335698
789,2.1354958205238836,2.475893700086604,2.4966341306538253,2.1347495935319025,2.4744848558366015,2.501419737578444,0.5375829481605154,1.0518103282685445,1.5298129172679131,1.5964558415718353,1.035023861071997,1.5117098308537062,1.6050465150070221,0.3596752072245393,-0.1270995699086094
790,1.677875051136387,1.7241084863798037,1.536889445165832,1.688307444272349,1.7180344584227711,1.5340749992879454,0.9675042218207027,0.6254472735395908,0.7987335955166937,0.7372316113494221,0.6189012144843877,0.8032934006318403,0.7500577354054806,0.7568369445905918,-0.5568531026288992
791,0.9404129293060086,-0.3853181891530177,-0.42496303387631,0.9386154504660142,-0.3671662284807639,-0.4286253465451957,1.4988086756002374,1.473771925150917,-1.1276061424897723,-1.2591546553108794,1.48403051515233,-1.0907369657000936,-1.2620115061121984,0.12213714746092685,2.369780010935584
792,1.164027174848388,0.5933014168484132,0.6083505696174812,1.1665769404894517,0.5849254180501596,0.6075540967092918,1.7589944589254336,1.783146683558082,1.1038562473622613,1.3922650659605753,1.7711783700258228,1.0846265888080064,1.3681497447824058,0.22004746341773015,1.3095666709386404
793,-0.21886035780356317,-1.130450263637934,-1.186248713575478,-0.20687962540883748,-1.112860871670944,-1.2080774047473286,1.9645015507205246,0.6596336702465313,-1.515667103816095,-1.5392838074429278,0.6572838297760032,-1.593506822138254,-1.4399956234756754,0.7166389332631953,1.2792080523456146
794,2.007131394183676,1.872953533749315,1.8132186095470768,2.010422382941064,1.877345977012578,1.814534240071228,0.30636632830961597,1.1496997936736144,1.209245882534299,1.188526500844587,1.1267049900078219,1.1904318506457408,1.2016821053128872,0.40165808713845685,0.14944736396383188
795,0.8181342702392237,0.8871277921422049,1.0407681396556139,0.8100146160516595,0.8878709488603794,1.0462939303589176,1.5515254066380177,0.926647791655239,1.001618814976518,1.1924468447281984,0.9617392786966269,1.0180075960571293,1.1705838201675303,0.589951006676415,-0.8165568341538676
796,3.2309216172181143,2.1121986822940317,1.8406952356056032,3.2080425557771965,2.110791750512721,1.8476113253340907,-0.18646855075529123,3.4171311769331463,2.063312818513267,1.8029256106784626,3.4080382871791235,2.0335567697883556,1.7945591341285976,-1.0746366282208435,3.1595183662293014
797,2.520383837463684,0.20244284484596128,0.1934796525356218,2.513830002724332,0.19894167997701911,0.19431617591521924,-0.22165191870751347,3.3580511368034096,-1.054751156961337,-1.0493187791415846,3.3526964319242585,-1.0762333144352703,-1.0985990916089758,-1.7223810291295023,3.96255390035371
798,3.2585834442867947,3.0031536589745524,2.810511852814061,3.2710188663789497,2.9882923085085893,2.8075097650623095,-0.9532223540623056,2.8727448849500195,2.619905184319127,2.2620991803528914,2.8174212897596522,2.6425959268613415,2.271807260048989,-1.355729162369554,1.2613660855321975
799,2.62894642648961,1.6899080875074846,2.005237261000402,2.6365757922473922,1.6932193522106422,2.022261918989074,0.1838759282464229,2.748962705438581,1.0152683419840185,1.160056507131151,2.767251916959893,0.9875190152501264,1.1251118389537829,-0.45447320863089785,2.852378432811362
800,0.08805358787880155,-1.0041429778642044,-0.9471871379077482,0.09711587734005693,-1.0063667172022959,-0.95714821523305,2.398222479902826,0.8896739059313881,-0.7055862532847965,-0.7387275906664438,0.8795351655064517,-0.7088882404739097,-0.7507854913520169,1.072400552674006,1.3276868554659673
801,1.3902085674508955,1.459884939494566,1.633977695850483,1.373542195236153,1.4551043664933137,1.6323136608804145,0.7453693004660243,0.3278864226763575,0.55240756405517,0.5737280745602971,0.27535395834170295,0.5597685958510444,0.5489156870110194,0.618225799113924,-1.5287047351822822
802,3.272851443376071,2.4510153216923594,2.429420770200245,3.2673133548427598,2.453813035803577,2.4321461652801477,0.20677027154007246,2.4547264327700242,1.3711894259431245,1.5066278266131925,2.4552899681772464,1.364686567681363,1.4998632172473647,-0.21657708122476518,2.97015590048844
803,1.4194228514166256,1.5100606258821732,1.5830483540157676,1.4237913060253968,1.5158372099622657,1.5824874615641729,0.7026347700712938,1.2066236493773077,1.3864610155524693,1.464987485533687,1.200058001961955,1.357370715879365,1.4829300846839157,0.06468163786513227,-0.6812059810926794
804,2.376713015030148,1.5762698472029542,1.4545159250715043,2.3753142755194707,1.5619522002342547,1.4601286776968125,-0.21702754831884905,2.1640126642426436,0.8028998083566186,0.8404862130745483,2.189751194576333,0.7375214242874131,0.8873280379470672,-0.7581815884217773,2.2167343784885074
805,1.056149057488118,0.866915843310428,0.9982085049206054,1.0594042242975406,0.8596072925724315,1.004684034213567,0.9934041869383019,0.32171332239593936,-0.11730405938009715,-0.14781159063745047,0.34206931312975136,-0.08042226868131175,-0.15435523394889714,0.5600216176552338,1.2041215086542116
806,1.6214423626688208,1.3163706298053144,1.4518400668953135,1.616561867409346,1.3213383707419062,1.4473960143133338,0.13091496184993293,2.0829982976058186,1.3572591475341729,1.3243710022233248,2.1010281813056175,1.3670908651229579,1.3352617189900808,-1.0243425403063275,2.6855284055105404
807,0.17015469752462792,0.1861925349824917,0.19216577304096324,0.18262751314277417,0.17156280188147008,0.19166111830278745,2.209123720951742,0.12663758097811678,0.02098410351370106,0.023520515651219476,0.132752241961457,0.03837548717571986,0.03186593846219256,1.150076798948451,0.5506483459237149
808,2.2312042452053267,1.499328892132408,1.6088824965445687,2.2366851828668612,1.4980399501404988,1.6186898907975609,0.25689501465994885,2.713817900923704,1.5600436563652518,1.701187349687143,2.7070741116248684,1.567946337301172,1.689571965814332,-1.2424900140628563,2.6339848570151654
809,0.6342549535966338,-0.3458475999538002,-0.33689326938598085,0.634914854702924,-0.3377402152665339,-0.32591932793817296,2.617039154961453,1.446364203769009,0.2433974778850208,0.24667352344963359,1.4547784953882439,0.26132508235695057,0.2581225154346041,0.9961487477356832,1.4987789999827328
810,2.6557584127339156,2.720498797144132,2.8559228158597647,2.6447290938482504,2.7248008043672947,2.8550909907249893,-0.37181228274230216,2.060881361750725,2.1750392409860475,2.3043283040449216,2.081675222418228,2.1785525622662374,2.291788168331934,-0.9103589626012398,-0.5263737079244928
811,3.190953787785349,3.1509465763496642,2.9478359165502663,3.1784834299537414,3.151620595724385,2.9497845965556264,-0.2949629945680554,2.535630294225382,2.499236483482774,2.2338078727927004,2.5057287658335694,2.5156288862664087,2.2373492482002413,-1.1059243753573134,0.8013153542957998
812,1.6245969094480541,-0.08203814404679458,-0.0860406649239135,1.6122940953816112,-0.08327017065922838,-0.08330342000580973,0.39686551121007413,2.9322746717252635,0.538668659742002,0.5118941188423642,2.9413550996605986,0.43605342814765147,0.485858846096225,-1.5018638073012371,3.14350877407149
813,2.345498360299861,2.449765157100599,2.2442069769263115,2.35468011091666,2.444017387829331,2.2543698699105725,0.6570506109608892,1.8740222280521248,2.0576955594219717,1.9923463372025616,1.8647296710198948,2.059123296062474,1.983919725471583,-0.4062768038199975,-0.80993914822295
814,1.6698752732039892,1.6846288433873704,1.6318561299282703,1.6762704097217467,1.6753251631387938,1.6262753563482597,1.6008135163451866,1.3511758892148171,1.3563871504354663,1.2967602761292178,1.3365305165095258,1.360049528458649,1.2957603768776298,0.7489012990654078,0.37580595924157406
815,1.175404338177788,0.872174777914561,1.20587054078087,1.1743286730371656,0.8664792814010198,1.1773861154071932,1.056867895416511,1.1802500358790837,0.7959989534108527,0.7340473276828657,1.2121060634047311,0.8185200029244681,0.7713926781347539,0.3709482930533283,0.9502001167690597
816,2.3828529283132136,2.279777266618313,1.944939951597587,2.3846571797218465,2.285447835151445,1.943855652840096,-0.1959081402662718,2.5397832974340884,2.437924905537075,2.1537498994957316,2.5126972503936806,2.4437813193239823,2.168099036586075,-1.183556744047783,0.9053383345250038
817,-0.9396156545736232,-1.7154638122658044,-2.176651833484955,-0.936550852548193,-1.7281384693551423,-2.1704844889148527,3.1738615074485215,0.6284584230767186,-1.353017448418816,-1.7249277363384223,0.6212535999866534,-1.3312131699630851,-1.7181838562727745,0.9148527647251352,1.7212571522995144
818,0.017369054722679664,0.018397993315286278,0.020788423327326718,0.010470234802912098,0.02171415348744294,0.017827278220300776,2.324452677921183,-0.2201643540712688,-0.2728154253145282,-0.28702505278274043,-0.23812591756517906,-0.2341679632684616,-0.30031801757387555,1.5197701825041876,0.008090386532844017
819,1.4719004297228215,1.253180972154594,1.4345535694272669,1.4571092606263807,1.2644199192881396,1.4356514430760052,1.712256438945948,1.253449024698553,0.9551329580426522,1.0216190098340687,1.2474263014498752,0.97637198688057,1.026703853978756,0.6368394150063574,0.9233243724585052
820,3.4066960189616937,3.5675788492272473,2.8844800596532725,3.4077018396656635,3.565228912446162,2.8843135824913957,-0.733320737575567,3.3552853816585175,3.55781586045798,2.978972427717182,3.3542538682548573,3.555710733169858,2.9778576260021086,-1.5595134754754107,-1.4140225896483667
821,1.4857168568528503,1.5637351522348506,1.2833813969519219,1.4865987424220382,1.562467279703133,1.2834164528833296,1.354540338261224,1.1575090849079421,1.3838965512648216,1.0609445278599445,1.1368368358944791,1.3496881453392062,1.0611658995544244,0.11988956271055613,-2.7689836626069626
822,0.9611587756600612,1.4108870589230535,1.2765695437742812,0.9897517471537846,1.4020871790270681,1.283092143151332,1.3906818655217257,-0.08698839844345921,0.7451920788457127,0.7199465294051499,-0.09838230377464435,0.7644164979993696,0.7129609707677383,1.4575774655667006,-1.7190168263349535
823,1.6030944205187263,1.469920202743913,1.421915344403795,1.6081088495042466,1.457465159886603,1.411826914030453,1.2072352421884287,0.32744380116542054,0.3233135458237342,0.30572288073511283,0.2748359839024238,0.24942670104774145,0.2987282243583924,1.1891643333355812,-0.16377825393374293
824,2.5902077578341505,2.6309269282168457,2.2561679964790393,2.6004281723524865,2.61797979800942,2.2554393964498285,0.07931644813987698,2.2247389815684637,2.301275227665554,1.9922949594053976,2.2216226512412884,2.3088254902605887,1.989562100914578,-0.6899420176313164,-0.9370588820842704
825,1.0732402571810524,0.8074318928582669,0.7744899910898592,1.0800374343417682,0.814402586431033,0.7717562194914027,1.1477822120091914,2.2432321235799,2.063977235149579,2.065704630752045,2.256463988394303,2.0494779874845226,2.06466834768212,-1.0145962731660976,1.0872133493808491
826,1.9215107221984757,1.696472003953858,2.100067927084454,1.9186136515885142,1.7000696019292392,2.10120727120621,1.5749695653323947,1.6568914691383796,1.3782312242134513,1.5840935010575912,1.6623330918052606,1.3724100069941485,1.6010838991729126,0.10249265411512988,0.7995544623532428
827,2.413099053365954,2.1468955064006248,1.7477058549978088,2.42296347205762,2.138060728229677,1.7465836976447868,-0.22708497442303419,1.7853188272602851,1.09271135336575,0.931527826448179,1.7561065687636148,1.0647050028880458,0.9488632442674262,-0.3725629997670648,1.9306080891003543
828,2.503285927190278,2.3964397237128976,2.202840123294407,2.507620847869621,2.3929020243980004,2.198534074717134,0.35755819614624024,2.0697113997529915,1.9585609055521518,1.8594930164642052,2.062462928801404,1.9631886468168327,1.8573904955924374,-0.20313138364991162,1.2143450295706506
829,1.4345767298829548,1.4451677815066595,1.3133547453031298,1.459574691481054,1.4544732866641443,1.3207312166947587,1.1364608270983845,1.5533249883929694,1.6617126822869341,1.4740416241795613,1.586031669255746,1.705373255121833,1.4670859296682033,-0.11278469360690262,-0.04047739867432789
830,0.6147912395588848,0.6382859783083886,0.6372134173506537,0.6024839390452533,0.6385711249695604,0.635215918906715,1.8924979669390003,0.6252467990195342,0.7012268649220166,0.7613488173081642,0.6484819397476433,0.7332444968956953,0.7872914549626113,0.8635502693330648,-0.4732394823433014
831,2.538363843584019,2.5799961352059384,2.4536276905230685,2.5314227684959802,2.5637081004440336,2.4553564821033964,-0.2751045825586962,2.2982137407436602,2.35577097026112,2.2093800290657644,2.2904942999366447,2.3510074327001638,2.2178776234671504,-0.7527652566323325,-0.887268008867276
832,2.1116335821844974,2.1832048035607614,1.8061000260060307,2.120705367596522,2.179747505672601,1.8041050416220452,-0.16137826682447615,1.5136460625682757,1.6782535078987657,1.56665156321501,1.493051231708225,1.7058727665725868,1.577107958614477,-0.3910181909165646,-0.25892628540218765
833,1.9263746940069322,1.5808398798763579,1.8560210083291857,1.9486825302715054,1.5911325479270715,1.860013050373862,1.0146743268912062,2.0503530299727983,1.5548923437986406,1.8215723885254622,2.0431570713646776,1.5867308875471153,1.8250246923759754,0.23094205570122886,1.5602705491330633
834,-0.15074109697327584,-0.29562777055287287,-0.2605591101150438,-0.1443234923542429,-0.28641413753947453,-0.24150104940085312,2.704886132466949,-1.0263174428461805,-1.3402955666703722,-1.2433313974660913,-1.0238401515415776,-1.3040804816531009,-1.3061583217934971,2.378523783410115,0.7041933455165136
835,0.0730979614148881,-0.1341029957893599,-0.15841014606097178,0.07311784756387985,-0.13927458359518366,-0.16085526737791808,2.9446595236605364,1.0906829284007689,0.792007679393336,0.8203222419778929,1.089398966425187,0.7871909275211778,0.8154898639280266,0.8645842559527358,1.4164574444733775
836,0.5155604879033059,0.45808610022782464,0.43411728401480226,0.5080481101092912,0.4528440823711062,0.42897949705648886,2.0788566075964265,0.9259296700421409,0.8733420239127583,0.833234235457866,0.9194571513319371,0.8260819876824947,0.8088929601098331,0.4927221988020399,0.3890624467694628
837,1.6853598040724602,1.2429656042825163,1.2915042504255951,1.6838657661669953,1.2417897603666215,1.2837474021258921,1.4427763271924001,1.3294630469911477,0.6461699038540831,0.6782923867458475,1.3304393479956174,0.6694843213158171,0.6726120553815939,0.6613635991274561,1.153998521748578
838,2.5203005652203054,2.1850102884267137,2.359860355311428,2.5242959656024886,2.189693570376743,2.3568990365294518,0.12126783660721831,3.1114606965715614,2.581418905533783,2.3497130313150865,3.116316052453995,2.564639246710693,2.357377193048701,-0.9129112526494201,2.024655538322331
839,1.8809119516641277,1.8547548599571713,1.6861336321265354,1.8881827604774641,1.849252683063759,1.6826667627998042,0.9582933401704191,2.0570169468647657,2.412782423663954,2.010268686148611,2.0616282525947582,2.3997013622126167,2.0114285111743633,-0.5563889215213454,0.2206355582499804
840,0.01059190441915875,0.09274818623183466,0.09375507840981442,-0.002028601459003282,0.07789678733421923,0.10443345935562354,2.171777801749773,-0.441423044281653,-0.24471745304759387,-0.273573760161026,-0.45405710835205565,-0.2630913618618986,-0.20244716305962396,1.441678188893779,-0.2458557832954701
841,0.45154492972153387,0.10390672955756976,0.11134473832490117,0.4626834892570837,0.10042355102408701,0.10610681159416073,1.7747457955946,0.9209653248971509,0.18333067839351333,0.18679199913496347,0.8988582014304254,0.18253696495017324,0.19528906981309496,0.5916521766448041,1.3346735632338895
842,1.6232344979218907,1.14236013957948,1.2168319856154384,1.619589374039493,1.160812872489886,1.1921215820599065,0.23435819871617006,1.4982992646627806,0.703967053958327,0.7712594900239694,1.5006859521172027,0.7155410217630663,0.7546901022756106,-0.5747526121609876,2.20074872565207
843,2.7892006621031835,2.8919700182567425,2.5585238787785047,2.7890252690485244,2.89865737024232,2.563969175120207,-1.209859028501295,2.202637834856127,2.3385229662123868,1.9802765160965907,2.2404936370699833,2.336927800321511,1.978911661399545,-1.3605140468873436,-1.5585545690866889
844,1.7702657377381152,1.0865679077323087,1.2109866794227948,1.7926136011652178,1.0863816476692987,1.2121502978041396,0.4970063986256161,2.774607559935183,1.5385210231497937,1.792961039733056,2.759439312090558,1.5613464638167698,1.7729250304275916,-1.6743442955563268,3.0123227944889197
845,0.08903309059228282,-1.8691643708592725,-1.5644270755706406,0.09778573959178127,-1.8595684412512687,-1.5637722723228715,2.455026293350523,1.2916059211636188,-1.866189861253658,-1.3572048830108614,1.2769332027700864,-1.8550238201020328,-1.355184188149948,0.5143173241418,4.365413186353186
846,1.342057134257293,0.33740664066399373,0.3432619724940874,1.342228919242925,0.3403675653443865,0.3357155928985507,0.9912844704924236,2.3558590769346845,1.0666054852468865,1.0335707777467247,2.361661216284204,1.0730852400886952,1.0292965555672668,-0.6372676655609065,3.085408903975484
847,1.0424807139048589,0.7608792946306275,1.1813503628678208,1.0493184662430919,0.7715301653697638,1.181666702197409,1.1167010500335124,1.1569110467468655,0.3888512628636145,0.4934667372945989,1.1479378710386536,0.3795094501905507,0.48190430852401733,0.3621570298342099,1.5794500378444687
848,1.8957889666635659,1.9970261612829725,1.8173248234427286,1.8955490724152015,2.0127390704959223,1.8120792175341385,1.0586320615187428,2.2188351534844166,2.171274874805488,1.9033894444360135,2.2076555098856745,2.1864506659835676,1.8998597080766175,0.09520841516204533,1.371017801982756
849,1.4004102964982552,1.4652269913308722,1.9180197435775734,1.3966880938240993,1.4616526561670156,1.927197419539875,0.9794694252588487,1.101104754082971,1.3303673362508939,1.7754704694625458,1.098247077984955,1.3164050608716997,1.7785682884507015,0.2316921895881195,-1.0135788703808646
850,2.3175190730630235,2.2647799872933474,2.046052135304706,2.3055744416056063,2.268613888077364,2.0535784900783067,1.1096274889050706,1.6980690421068403,1.5992191426999254,1.6381512560576788,1.7074933893414785,1.5868166180996452,1.6329110615605518,0.18105738709908384,0.8413050533767211
851,1.056542861205917,1.1089763178623084,1.1857118969281344,1.0452620002914972,1.1009271108523087,1.1901350905187849,1.2182963629452495,0.09665581479087458,0.5680117128400197,0.5913555988322173,0.11616683371910481,0.5533510465804945,0.6052477259950519,0.8030395286303222,-1.1900105777877117
852,3.0622485847515746,1.9341710012752538,2.0886187109177192,3.0727855711023873,1.935111565880739,2.0903524062547314,0.3035389379513057,3.6922372746145666,2.1062479860568484,2.385386573698215,3.7011807346281724,2.092493434478548,2.40523386641186,-1.5302650322671767,3.0402541637334375
853,1.0873234917584498,1.1288573973090799,1.2402827764103197,1.0828673836081781,1.1329025555117729,1.2439152795922988,2.4217186972772105,0.7965478065705418,0.8476657995686276,0.901231157562162,0.8030252441316356,0.8459639366058423,0.9011883797225008,1.7241233286032964,-0.7941879735846139
854,0.3627830182931247,0.4613372128857187,0.4457869427350919,0.3615114506316766,0.4405643667072599,0.4684518313700785,1.7840234221646063,0.12290563517258989,0.32042630452357,0.3215416935103297,0.1287385649881397,0.3244241028716276,0.3399345111467547,1.263153799330918,-0.6994689174320493
855,1.0161757394477644,1.0702825101900328,1.3286049706267689,1.0371507273055802,1.0795859127114897,1.3162894881218317,1.268556718483348,0.8894660900652287,0.9194138690102971,1.2252032040117282,0.916666504038539,0.9237905472968478,1.1740180794562252,0.42848944537472444,-0.2970458507133103
856,1.141781654611635,-0.10233850643160622,-0.10016155971472405,1.1418858417730184,-0.11592107688868891,-0.0693495490460528,0.786712062117758,1.8740874102842995,-0.9183420162901816,-0.8815660574556946,1.882022014587512,-0.9378449002363758,-0.89785284596708,-0.5957410591545242,2.675008971411589
857,0.6604850442433902,0.3049739147688788,0.385129558220454,0.6546461983987277,0.3111173749772888,0.38258383040002275,1.5657841016473073,0.7556937144853367,-0.06326593086094094,-0.06476281771715202,0.7645826700528799,-0.05994128880381756,-0.07673794129822173,0.45076613038041635,1.134960900745719
858,1.626700688405775,1.179934987257509,1.0561354872746407,1.618788801776709,1.1670141640573723,1.058777472488159,1.284560011820932,1.688909924996481,1.0066955089244487,0.8491980498574153,1.6889868154488874,1.0071629107859748,0.8233948026989787,0.2415333015826214,1.98595077349754
859,2.335677679223532,2.3405923497608123,2.0341357997815885,2.3336458853052093,2.333775213225351,2.0346782471336566,1.3173489751879897,1.7218123014465325,1.7720559845010662,1.4530388882569383,1.7241622879038878,1.7722134985414106,1.4571363980667977,0.05055089160437699,-0.2964202886558271
860,-1.1009007840129217,-1.1251040931871938,-1.1234408804863014,-1.0874624734514653,-1.124411335423809,-1.120804232461851,3.0985585459264335,-1.6185261368275592,-1.7045687221956751,-1.6263005505942165,-1.6323742194248803,-1.695683712560068,-1.6547773992550385,2.4455267643103515,-0.2594580063532959
861,2.6478530834875236,2.5440050680797586,2.1760469550196833,2.647940570328382,2.5440447106821416,2.181281891803032,-0.2970500646048802,1.8540288012712887,1.5659061619074215,1.317792785093563,1.8563240711210915,1.5577473941715723,1.3025587340096578,-0.36127916587484254,1.408544645041596
862,1.1162233578722172,0.8738168596786771,0.8398919495559325,1.1066737251091172,0.8841476197567045,0.8535299495530094,2.140615244297476,0.13755977207498848,-0.2988873980217955,-0.36076475556403065,0.12442404633487647,-0.2705669356689017,-0.4380448267789837,1.2353834013051646,0.7101222349776044
863,3.470055687971064,2.0395360714190516,2.1400619310999303,3.4725313090847036,2.028727444459177,2.1369063595609976,-0.1621134329544075,3.15455385387497,0.7024698784637594,0.7874424029412181,3.1337419625616194,0.740173451247894,0.8620740867569257,-1.3029450826843543,3.0343885273078066
864,3.0767088031573473,3.1441119022807746,3.397668083850295,3.0787954461226192,3.157426863152052,3.398167447784579,-0.21279702073397183,2.20263318666728,2.321542648997832,2.504520768668353,2.1768602897362053,2.3167581829307644,2.510016723683241,-0.6839166103707409,-0.37075771451589973
865,0.44348536859667803,0.40240653217487055,0.4024087091141385,0.45132601852888904,0.4127125366772312,0.4062852205993069,1.690431986740461,0.554781612262275,0.43731692615081796,0.47593177797873154,0.5890289573127402,0.43141958797099106,0.5240811370576125,0.6875944547285913,0.47846172031320505
866,1.6542717447061364,1.2978002024943378,1.4967186944179351,1.6519121655273246,1.2948715580553163,1.506709780038055,0.8910482245036998,0.5544040901250005,-0.4806579168640736,-0.6302980985532075,0.5328447144888095,-0.5032138033215175,-0.5271439969486146,0.4429142171582305,1.7894470189530756
867,2.696620735998839,1.964343506691271,1.8290227882632148,2.698881033380092,1.963106765809247,1.842578110819756,0.19102678342201032,2.20968922525011,1.2303762557211555,1.237800286831417,2.195103451476108,1.2054508631018457,1.2819782754626041,-0.3443992740423803,1.9443691183654448
868,1.0499531370574673,0.6397528205963101,0.6906083463675612,1.063710501197114,0.6481308491709201,0.6976909467971583,1.6597175018462333,1.3548552588935787,0.8994013499996579,1.1188504290901302,1.3408601634385167,0.8627849365957245,1.1146551999431715,0.33135188271712823,1.5283336538875367
869,2.8923024086802185,2.949456500112471,2.367670922845311,2.8935043705315144,2.9556784361986663,2.372349646291079,-0.9187870756233276,1.9799492847094935,2.0821526084121724,1.6835458082048982,1.9687862129029734,2.0881744715997526,1.6899470098179734,-0.7356311477268139,-0.5486105870126601
870,1.8008889125323149,1.7560840757315488,1.8232561312000395,1.8092167193859607,1.7583641502785343,1.8306910439551005,1.2952846411530563,1.4404475543185844,1.2185040534483622,1.339992735122849,1.4359733452936883,1.2254694184920243,1.3334914366309578,0.25445809294581023,1.0313761801769734
871,1.9769285485166823,2.0180813068166983,1.8567790922375955,1.973299715369377,2.0308805089661988,1.8574360099178573,0.3614309861678444,0.25182042459566495,0.2878660703051071,0.34070657962995005,0.26025171132259267,0.2803724600841783,0.2961928562475828,0.9168077791410232,-0.4126470819127162
872,1.3835406866506053,1.4878604501681618,1.5062497483635569,1.3598697195756573,1.4859107788715646,1.5151482322410479,0.9854707343279466,-0.40309462840750465,-0.2164543399388782,-0.31248095585517655,-0.3733960733504462,-0.14337601824256727,-0.09869520405571168,1.1754659605112312,-1.2269336872722227
873,2.1659081051724316,1.716473196035519,1.9839356116424394,2.1824992291808702,1.711443581161199,1.9705287408623426,0.6220302621525677,1.8354745835474866,1.0485886711948584,1.1858173453566347,1.853894129395895,1.0498315469502817,1.1946351444393735,-0.4427326128070186,1.8139560944713182
874,-0.0616125101183479,-0.6034894341328348,-0.6070782456963412,-0.06563118592275162,-0.5837674058681322,-0.6160239378266751,2.0692452679163043,0.3257118566103665,-0.49107729468906225,-0.5723574689295052,0.3467486049112195,-0.4677998518454339,-0.5113551682035631,0.5891050597997949,1.1957235505962256
875,1.5387231420493992,1.3119842896001477,1.6708924176756705,1.5452662086201214,1.3189704126063628,1.6713997878848394,0.5753887294127279,0.6460297522739101,-0.09476734497557587,-0.10957642951200118,0.6301774506383733,-0.08668124645667728,-0.11614411398641991,0.5167708825159745,1.007797553664802
876,2.0971145691713975,2.173559794604468,2.3202459087036957,2.0998978599825175,2.1690877617580426,2.3357485881471503,0.9365715750830492,-0.36793452991591474,-0.33541146178934916,-0.3541718309401121,-0.3436012496924504,-0.44245883313541007,-0.3484796612851251,1.2668241021575362,-0.12494814582405435
877,1.7236079635740371,1.7335890674499297,1.5551306810600058,1.7182292187361277,1.7275889925081305,1.5723872569298722,0.6391452877392054,1.394265975213686,1.4593376073272866,1.3348246703315283,1.3920947042395762,1.4380263816564165,1.3532365919773144,-0.37524495768981736,-0.3190115006962886
878,0.9983898893130441,0.8801889119119009,0.9159082670762995,1.0092860683512348,0.8877494674975936,0.9206710890399147,1.913380925495679,0.776477028440233,0.6503761657469093,0.857667537814464,0.7747025126364855,0.6465737150603664,0.8473657976407124,1.342509162599576,0.22433761498418942
879,0.4746098044153418,-0.13235838524492122,-0.16640730727248507,0.48294223910826384,-0.12922724161912322,-0.1643085286991857,2.062381020217095,0.7111604889368299,-0.3971828662499275,-0.43561436157270494,0.7115957003558431,-0.38785105968950856,-0.4236868456176336,0.9238708315351225,1.3482227958217163
880,3.6461885654249286,3.6475927854591066,3.1619838754489233,3.6417294761954784,3.648676490594011,3.1844130359342104,-0.9696620415970135,2.457665692993093,2.4807686328009884,2.416065416064659,2.467268843869169,2.50528402759152,2.4106549612514865,-0.9407527479628778,0.7039867079996595
881,2.558712149458752,2.079948822358337,2.314528551332276,2.5765636516190997,2.0454263874026157,2.323153601040153,-0.30894476436561247,2.922507630804855,2.1892737498348294,2.4250166988163206,2.961160389087141,2.168046044234356,2.390505807627521,-1.4000096277243594,2.5529890470069185
882,2.774639964370067,2.8193962050559964,3.1110435418569624,2.7667962642838053,2.806141542551869,3.0995563835424416,-0.9990057811484966,2.3437734677867517,2.399121308104078,2.7207960769740964,2.304724818830324,2.413842760346874,2.716175383650392,-1.144648193005543,-0.706502814073622
883,2.080481379167756,2.109439926234108,2.0254719863708246,2.0736813301762322,2.1097145082596707,2.02774344347361,0.13668270320315876,0.8920021462586541,0.8968284990841587,0.9160832704120824,0.9127740212546624,0.8797078626481627,0.897549356944867,0.3728761037781535,0.30596198363220356
884,1.366648636233178,1.0825753800656013,1.1288592225136094,1.361086835182078,1.094120240619457,1.1433941641578753,1.381690093857338,0.5371721955835708,-0.7668671920788829,-0.7952847668955669,0.5339035936800851,-0.7805340514598738,-0.7993941608691796,0.6747897729561989,1.6222381281619216
885,0.671812980195797,-0.3090748736134851,-0.3719053946442131,0.6835947556083445,-0.30607199222390374,-0.38326809776374937,1.392371807548128,1.3529502035637049,-0.23021946211728161,-0.26814315160844443,1.3528244665414295,-0.23198545065509135,-0.27325038197025925,-0.10590223423761509,2.4891706973314185
886,0.9039516958880112,0.7847972396277096,0.7843938966112382,0.9050566336637993,0.7887362616282292,0.7716303112693728,1.6395309237501137,-0.008689581159684795,-0.27991532844686595,-0.2804371282078626,-0.012006053550542876,-0.27409896055583655,-0.2738662093496806,1.2744624366926596,1.1608495902930833
887,1.600345808521022,1.3009656659751858,1.30018072232577,1.5965812016850505,1.294231904349792,1.3106442252559116,0.3908696963643436,2.20174267510527,1.885033100676012,2.0355398340752444,2.2176376520884915,1.8864173574893377,2.0170344254317607,-0.670049930093639,1.208142528849382
888,1.7193314719990338,1.7909541346434301,1.7503488253167692,1.7113577276064953,1.7882556349146626,1.743255975602532,1.2464527809853863,1.4111815356807722,1.7830895201675891,1.9031012630290693,1.3440679154485042,1.7525146028847751,1.9240884182691786,-0.08140082310705826,-0.6041282483248248
889,1.447564803426241,1.362146605360942,1.4867765914139788,1.4511688637193028,1.3725461181475644,1.4886640039941605,0.5292505368277609,1.2500142250575783,1.0928846151673037,1.1725130435694233,1.2432800790619492,1.085415681373586,1.1589700043211233,0.03767739059693909,0.6328112119160086
890,1.566951951899384,1.4672832441677055,1.5672436385833115,1.5751394313751386,1.4695975211275578,1.5645758141248205,1.4131377591814922,1.3331546516832127,1.1849103653765642,1.1664983650144598,1.3308757161742413,1.1875525610668023,1.1675659417346973,0.7411429485338276,1.1445305128334498
891,1.860195429913757,0.6140935580660292,0.9088596748669772,1.855899887649799,0.6078300912028783,0.9112367283176311,0.585088222398625,2.4743316250143046,0.14751913374119088,0.1857739461537486,2.478228026528885,0.15569069547578224,0.20203145998222066,-0.6761523233795093,3.8367137425121065
892,0.5980715853158378,0.3703862475427528,0.31847293096980933,0.5825663557649976,0.36222133460492795,0.32138716167066045,1.9024533166429056,0.0023826535224976,-0.5537175006934744,-0.4557099734478413,0.018661968553727686,-0.5594157167729333,-0.46814122557363436,1.3910427347290817,1.0680124455336515
893,1.2895568280882481,0.8513094185895033,1.154978288383436,1.296066039054661,0.8652433492587993,1.1327537346673509,1.2840834843628426,1.1606034202217943,0.5267020408669405,0.6631595299546194,1.1666245356514502,0.5305919040290978,0.6294893297735183,0.5744224197956841,1.2623675520536797
894,2.422965867527947,0.9074831373711223,0.9637762663967616,2.4187949082581186,0.9021785044101445,0.9635570444210859,0.9141205764593208,2.3928830257978446,0.44581688857080454,0.4862924184498735,2.3980429711394344,0.46302775658066603,0.48165684127349473,0.06920613358320096,2.586909608903775
895,0.4565045369901886,-0.03208940992901746,-0.03694855505036531,0.4644942940303226,-0.03507905767930925,-0.057087053848529676,2.5801096133769628,0.43402842348467324,-0.6648402975675892,-0.6587869019926023,0.39146331956077973,-0.6374224415352624,-0.6329023297863416,1.1817165623980015,1.7214127163753425
896,1.0630258144861502,0.7970383744367008,0.8652462504675945,1.054095061254301,0.7957279684522881,0.8433812276818411,1.45780611323933,0.7038364656946884,0.24700851218917264,0.2366585705462432,0.7059529872989846,0.23489500412253572,0.253519338446235,0.7458901404898005,1.2678625089827242
897,3.2537334277410044,3.2447311893550577,2.744578100339275,3.2565825864176023,3.236135037042905,2.7513558839107954,0.2614099964418051,2.7052297810811607,2.6745048162433873,2.434975041559899,2.685326737433026,2.6965057073502434,2.4370424251412652,-0.8853352170620599,0.027404287981185257
898,0.6197463745605308,-0.5500446059680918,-0.7198262353666474,0.624767310236799,-0.5457164884765701,-0.7243540406075871,1.5080923606220993,0.9449440828585799,-1.5176037475118656,-1.7572224757919719,0.9421213252193736,-1.458353238001657,-1.7596473289938142,0.7269729112373259,2.115276726276406
899,2.1186641269013715,2.1179519287656223,2.2443168905169513,2.119120019687131,2.1199852572715456,2.245438677165613,0.34074375236235527,1.9847926758780614,1.9940483328961056,2.1636495276676424,1.9878872072347435,1.9903422097058223,2.175994798675506,-0.5593867578547869,0.43972474532423894
900,2.464602264907565,2.113534595907348,2.033928668212321,2.4733092367405707,2.1230245436836213,2.036628298585337,-0.36449254198182324,2.1585198920787287,1.6427923451155586,1.5698532772596343,2.1885979394769577,1.644823073217354,1.5548010233212928,-0.5206797275774638,1.720218460367945
901,1.4511783973609684,1.3242145853933127,1.386937369155807,1.4635227918480536,1.312223600826951,1.3845869554655448,1.446087712111954,0.13127514401239682,-0.05701663304778065,-0.060568628928755426,0.1243296501555676,0.010775033450153869,-0.0015495808840826953,1.3786747616110957,0.6872045688931699
902,1.9523149765134071,2.0370456071376952,1.7940520391056967,1.9559451498522042,2.0318189407166014,1.7970863663860699,0.7950796305644523,1.6065300517089147,1.794986173076486,1.5818106430278154,1.5850411384839849,1.7805069103822189,1.581174723046543,-0.058403371845970116,-1.1204153972418143
903,3.4588982314471717,2.8650062125690474,3.141920183632996,3.48267791630147,2.8526283024567354,3.1739941264117175,-0.532646525023054,1.308357240403223,0.21337772423582166,0.2560445030556056,1.2917807372731052,0.19835966927635332,0.2040563151318032,0.1750008108429133,2.064964959053512
904,1.4717556355473747,1.3868835732480023,1.2735033141388366,1.473002303118534,1.3894278027856346,1.2799734111339776,1.9980931056097857,1.0895907359256027,1.0287492368727666,0.9357485915789437,1.082105772738173,1.0238578759417158,0.9439736984660045,1.0039032147621674,0.026506753397641174
905,1.412445135710041,1.1222523999226546,1.3248881025786858,1.4087427755776878,1.0919490292897458,1.3053409015174422,1.2555618874699432,0.7180943815375361,0.09395904778019916,0.10030417523680261,0.7104028640686154,0.03839554146417363,0.07359575395919252,0.6711645278133265,1.102517125099852
906,2.6135944765309955,1.5400672303548069,1.6680021319558829,2.604647394208234,1.541241941981472,1.6552285957598452,0.7864753147284128,2.231553151424211,-0.06473666614836258,-0.06148717735610095,2.2618579179626996,-0.041056396712720857,-0.04729809728394859,0.4679512364558027,2.405574665341282
907,1.6095560053521607,1.6243626067296446,1.3314925207279955,1.6023497650711205,1.6052723084358365,1.328635273005744,0.4962197848186821,1.6406444824700213,1.6668184585402617,1.4321785436396381,1.664039641752095,1.6499599181550815,1.4315383673486857,-0.36484855201875105,0.02738302222382593
908,2.9071095651117864,2.641983328368821,2.17543564753896,2.9079459376849237,2.6442414207042013,2.1710538153619954,0.13151229375825288,2.4178932378359757,1.9604354750854045,1.5873990370164224,2.443498348503139,1.9604497689888212,1.5921956062075084,-0.7005844552153287,1.7809224446645568
909,2.157549592043377,2.116942995530239,1.987146512998987,2.148993855468984,2.1226041819011128,1.9903080442976147,0.18740269744854005,2.017617963608792,1.901721651648707,1.7532084765995821,2.0259309670356576,1.9068994257955048,1.7539955394174196,-0.47577248940899686,0.7218345860029978
910,-0.12795647139930075,-0.5900282491817244,-0.8172699198647078,-0.13236809851586695,-0.5930994517604378,-0.809725697584596,2.580361387466263,-0.3826905832428784,-1.2613330057923118,-1.217881248551704,-0.3824726877165194,-1.285854171056743,-1.2175277194175975,2.193297130873438,1.1726778749842182
911,0.8903617706519618,0.7883832978923088,0.7666812630087785,0.8805635257666793,0.773201759736235,0.7887761400316871,1.2406548682544083,0.7414631476582515,0.5112099565298441,0.5465544644313919,0.7028854034075266,0.5412483490668454,0.5552328315706827,0.28894184954952135,0.9109798314182613
912,1.1077270984365528,0.9225901397740878,1.1218008964390525,1.107815906461776,0.9254039978264572,1.1189791438100987,0.9344913505697056,1.7369208172965764,1.4613569840192826,1.4224743971026557,1.7210968360207413,1.5176903626116636,1.4128581354681697,-0.5060179893674124,1.711808513890575
913,0.35816134462100696,-0.8682205032175935,-1.071450252883969,0.37187119566649135,-0.8795481551140419,-1.094643791666654,1.8689448401371136,1.7090988701392635,-0.21494861579646904,-0.22677670651007942,1.687493872022698,-0.21974647789062138,-0.18473488717562114,-0.05544576511843524,2.049475581642954
914,1.6414497222470525,1.0559451453882132,1.393481808347598,1.6454543354235553,1.0591829533987065,1.3827009106417016,0.405453220849377,1.9676490518692007,1.1508033534683029,1.5088929407079856,1.9663268957342204,1.1610453775315002,1.4869168691283805,-0.4090883630441496,2.4389539176240578
915,1.3410828275054487,1.36558833308055,1.3371712506620912,1.3410375649090134,1.3668443294721406,1.3366984834053561,1.9029355709392453,1.7006622322877472,1.7498514474952622,1.6296358197400276,1.7101020439353678,1.7509057662786445,1.6255976827283602,0.3358974292706812,0.03250753351183639
916,1.8781466496658636,-0.35881153790319026,-0.3592377377585302,1.8817951192814526,-0.3535071262048612,-0.35507847098145023,0.8745711008503931,2.7810904393017424,-0.42010365963366947,-0.42520187864605574,2.782428038732656,-0.46335051377853137,-0.4037780517096153,-0.7610378616524704,3.4845832788621753
917,2.612992767191041,1.7374026646858427,1.7461982221872547,2.6193989244891895,1.7340023058147473,1.7469694023164273,0.3839134748764962,2.9104276266280125,1.6057331250491857,1.6860086020103413,2.9289763516084557,1.6098921266543256,1.6829284579898556,-1.0222992358601763,2.886550087253013
918,2.921614261218297,2.9998950435202025,3.0641906898586933,2.913950609993587,3.003039661423539,3.0672353872255167,-0.4360061625305098,2.778967956653829,2.8950968947796363,2.676200545007699,2.810732590756032,2.8979780431391955,2.6519446992624003,-1.4303974168062128,-0.2569703615606749
919,1.490759595122742,1.2921274853565152,1.685223237098292,1.4850948904161934,1.2944838738367959,1.6981994771620168,1.386484639540043,1.4340907800873477,1.2613325524542174,1.4504353294868326,1.4339873404576235,1.2569934337036028,1.4523738852627337,0.30981338302338846,0.7493309144926202
920,2.154937422146621,1.7526139674306873,1.8958165410803551,2.1511143109025586,1.7518136588916637,1.9016412896147363,0.5354232597677819,2.1779760356203854,1.7360020627428412,1.9696931737958054,2.1841502915554223,1.7301566788895777,2.0257849627409787,-0.85696116738319,1.5115152875353814
921,1.8586583436088695,2.0737040852459807,1.7849463462810535,1.8600287459188778,2.0735104887438194,1.7869385575323626,1.6435957261551508,1.7654659571203521,2.0028327699129367,1.821907849504841,1.7682668555519405,2.0156738359223683,1.8201414081436083,0.018884985384224024,-0.7722132172899268
922,1.5729701107700989,1.5526876454949075,1.5688734011416783,1.5727316429257048,1.5441718408838645,1.5673548799987658,0.3489961817795653,0.864993123039733,0.7775752266140933,0.8253518325684661,0.8686413431232672,0.7557026454519097,0.8446516266095481,0.17663542809384514,0.4381745667048866
923,1.8505643622158259,1.7855156507381602,1.9234467457808553,1.8404527132567567,1.7926182613239192,1.9196400594637908,0.7180912876926954,1.3348567720064248,1.1368576670081412,1.1811126196849673,1.3391920037338398,1.1572345925970555,1.2239535607848588,0.22001366329013686,0.9747761393723464
924,2.1940881606395273,2.2421700252325762,2.1206737412826167,2.1969481332663143,2.244939084368719,2.115980487881185,0.26956929703170857,2.046666392401118,2.1574230683545648,2.0110444112335486,2.053301620288741,2.1767537370392764,2.005898751276031,-0.5997005102334969,-0.8910217216768139
925,1.7558299308503544,1.8340852609717784,1.918679256230911,1.762920866191165,1.832640468437114,1.9195022125494212,0.9858164996401969,1.3331355319560536,1.421602100726778,1.411992769687305,1.3091869076722242,1.430815157220165,1.405960983424835,0.5464677663189313,-0.7517653138303401
926,0.928157562230066,0.7761992862695672,0.796598787801263,0.9380216997709991,0.7747020948634883,0.789006859359271,2.072584092480365,1.4190353825027249,1.031752426579294,1.053872605780964,1.4125398198333425,1.032227995924472,1.0280623594271443,0.17471285833524372,1.2786669823073893
927,2.928237552797951,2.4225196748624076,2.2578848364845223,2.945196317561202,2.418086072021346,2.267191383643663,-0.27866641517502594,2.5133299602264967,1.5715788589276172,1.4900641701571025,2.5363631995937115,1.5226060691829195,1.4666477211040865,-0.7158376488552292,2.1648010127225947
928,2.423997896002452,2.31542775005117,2.589556684879194,2.417189734595571,2.3177817959683136,2.592697206718152,0.3086651252362633,2.4943180209240357,2.292330063836129,2.2461115813927623,2.4711997451320458,2.313075435905765,2.237705265070045,-1.1095915821902782,1.4073774122319787
929,2.5353900121191413,2.5238457684860034,2.552414733372178,2.542340603156943,2.5211337059111276,2.555990826183809,0.1607725780877329,1.9789293287025709,1.9838690726967172,2.1676666132397027,1.993633627506119,1.9515063852755437,2.161462924888304,-0.43659405929416184,0.043177973574290464
930,3.2956587260585892,3.161018719301436,3.34478899954407,3.289518868303303,3.1638663338467605,3.3452772691671897,-0.6768053603377089,2.4324131910166504,2.1872897542993823,2.334555084188657,2.4426986459026683,2.120541098235725,2.329820304094598,-0.7828882075019328,1.4120048209564824
931,1.7013251956407884,1.648611237315257,1.697202563771194,1.682677787705147,1.6671029337700536,1.7101557958326452,1.0215288085348708,1.231660649402231,1.1966846513892797,1.1674847957831127,1.2748766133994527,1.2262435071334383,1.1839724961974747,0.26424207533278155,0.24824580799852758
932,1.877106165319911,1.9131315411785808,1.717699288258878,1.8894699316884065,1.9283501951169875,1.714297265290976,-0.26780159299535317,2.0176203466167713,2.089043218472223,1.9267853601861085,2.0472734879709327,2.1065481993986412,1.9407534206217327,-0.9709325365932155,-0.6782797714276766
933,0.590090476421616,-0.17614045013468627,-0.18790756715560608,0.6010264783022181,-0.1844783088450568,-0.16839891152775557,2.4819820407155326,1.0259777390207523,0.060060138031589466,0.0648567162086741,1.0354877529170783,0.06020432793314706,0.06448503369779825,1.0237891565393702,2.3399761019362373
934,3.002682088908894,2.154310202415405,2.4495215957698946,3.0008801347678946,2.1505834965144763,2.449220840358421,-0.4614522881354527,2.158698563528211,0.3160999822842127,0.38550336425752385,2.1609143824128663,0.29707111201263686,0.34875363726823655,-0.6764212433423291,2.8817245741950632
935,1.2338417036033116,0.9518733700495526,0.9768634614302051,1.2240035164671914,0.9495056291215289,0.9674449981445788,1.3257672801757967,0.4457457690321685,-0.0845949387091485,-0.08384788662803606,0.4573670983300412,-0.06628177011555517,-0.09688065839863634,1.1736859120166065,0.7287885285661915
936,2.784340441013795,2.7241700885494136,2.5493444264006926,2.7794929006956974,2.720807100407066,2.5444968227544593,0.06626997661874912,2.486028667562644,2.4150814163590453,2.294830938976806,2.503734143297522,2.4204633296194364,2.301758207653665,-1.1285597152600724,1.128878599256244
937,1.5381481301277806,1.639724117460647,1.3240114541527366,1.5500621330517625,1.625875388946071,1.3237258887690082,2.1113504638332516,1.5782332987537917,1.7396787021751783,1.4489431383731683,1.5814319199833333,1.729477520836413,1.4435378800343377,0.4639218642462619,-0.3064110166726331
938,2.716601291867442,2.677361174444883,2.4010575441841735,2.7200465977070682,2.673871235249815,2.3926619996715535,1.1454737041085816,2.2686430615027917,2.2304171888600095,2.2253157900715643,2.2542994500773097,2.2350264520797554,2.2197557217466946,0.1852166724646777,0.3423597908377836
939,3.4952762062272353,3.522321976413752,2.9131411142812373,3.499544703806428,3.522267737445857,2.9002584274518948,-1.0163099953086205,3.4162892695715232,3.487467941351712,2.9929516217480123,3.407856715310123,3.4635758136925863,2.9881414737883385,-1.8611031648619796,-0.5049589328377538
940,0.10732840183264672,-0.0002848752344516628,-0.00027539899908245007,0.09619461230809928,-0.00377843205216169,-0.002844095688282675,2.015070999654558,0.32665286968723695,0.15128860762978885,0.15859663853270797,0.32780403087342813,0.1392177450531835,0.1623078885841952,1.0266670483483302,1.081594177422225
941,2.8623078527519934,3.2345986237114395,3.2890430222084284,2.8728708591564804,3.237331850167255,3.293372686242062,-0.6169916987666108,2.5647166903514753,3.3131586968654605,3.4897099321774165,2.5611034942900983,3.3134735415270264,3.48699301356795,-1.1915914717570448,-0.13820153376388591
942,0.41837829267216803,-0.9244963599584894,-0.8455706273707893,0.408725806696111,-0.9393086662490744,-0.8554429168651186,2.2433718624492,1.6517544083535296,-1.6298866612711338,-1.571684002884715,1.6583227563206497,-1.6178801178257665,-1.5521761887447236,0.05857390895095038,2.788492647654749
943,3.0989382017140037,3.11549559571161,2.946357005988948,3.107789554769902,3.117807378736715,2.949754639320656,0.5491035006765649,2.371641890400371,2.406627128325002,2.188650995183364,2.3834495962749913,2.411032778268977,2.190717502655042,-0.33964000478865053,0.21807952776110137
944,1.8830292168525482,1.8378524655996626,1.8302460877909483,1.8840088740289715,1.8477981667466787,1.8290640912497296,1.1144631204401718,1.7996456823194371,1.7182034346597628,1.7198129144690883,1.8076169978335201,1.7119714948212763,1.7054032393920966,-0.013195643291462153,0.7390708951302472
945,0.4934988947311009,-0.6162835609301998,-0.6598247276193536,0.5085089708653697,-0.6061393502604223,-0.6512568719035262,2.1141225171885236,1.1153207458496748,-0.7616654584383199,-0.7797030176032321,1.1103798595062473,-0.7860602489230555,-0.7661589773357665,0.6994007832508329,1.9363941462226166
946,3.604148694935386,2.6138395445887204,2.391126045205765,3.607658960709349,2.619378629013927,2.3973345687746757,-0.4480717783097172,2.776094784289327,1.407127906322988,1.3959607227144786,2.776301920162548,1.3944149930619094,1.4004450410660336,-0.5469449933130904,2.4959960920594226
947,1.9730084749815793,1.9784495651721725,1.6287034982695747,1.9997743395788106,1.9768237936639295,1.6323071165160876,0.36157312292247523,1.801308804139218,1.8244264080626384,1.4175537099242272,1.8126065759646515,1.8128565046363898,1.4253417797743135,-0.7631944879554254,-0.08025464658626524
948,2.6835327077812536,1.9231446415936722,2.2905860474576873,2.677059955343559,1.9185973851431508,2.2869221767791545,0.6875653660164109,2.49053901250404,0.7798631617714615,0.8690416934023519,2.4961092712559965,0.7917812679554866,0.8449381861956045,-0.04497299046990255,2.436672075120691
949,2.1866254183142275,0.21706157658783684,0.2029585646440187,2.2011600073164965,0.21926019872819844,0.205096967742696,0.5435888159602748,2.9877972176629113,-0.20216077357692608,-0.21519464253434661,2.981943926689225,-0.1761300318572897,-0.19583588836368002,-0.8595148979022204,3.8636436033421635
950,2.649079975179347,2.644958884172369,2.149069776596172,2.6478295668217364,2.6531683044838545,2.1434434345502384,-0.017894252647261966,1.8188660360465936,1.7742443516537811,1.3820884144247365,1.7982235901600074,1.7579271707922,1.3777181048660423,-0.5425804719921811,0.3293965566216564
951,2.821028428629565,1.7638071115525913,2.144982666552564,2.8206730879921063,1.7557660923528726,2.1410969249147906,0.11613438695723256,2.4968313206210104,1.0923888858262814,1.3549378886814778,2.5111327795629506,1.0887160303305985,1.365812240759563,-0.5958377060288249,3.312516191045587
952,1.2503950407140794,1.1541798745844891,0.9798408166347244,1.249206971993515,1.1512265034646376,0.9783204725459046,1.1295245293730327,1.1092262039121237,0.8392877419490127,0.762174871513963,1.0924488793105853,0.8419481649376498,0.7331683042140631,0.13263383501888487,1.3076993634571514
953,2.9230808565183524,2.929938515343328,2.7425821261741556,2.916589874193253,2.937857814513034,2.743083472846111,-0.3055041898761507,2.4950256497708976,2.581020692738853,2.1899350599347738,2.499810810331243,2.59639384794464,2.1901369982589327,-1.3369871212931335,-1.639491787917206
954,2.498309399355168,2.353075413181936,1.996955342975548,2.4925361436340503,2.345295314544842,2.0000060903299772,-0.09897461818067038,2.3800733340853664,2.2222967479438536,2.1105929098547738,2.37236551206449,2.236747304839306,2.097581846692058,-0.9297785000523389,1.6937249652275936
955,1.6546072166682864,1.5643587731116366,1.882506475690065,1.6550611863580498,1.555143401130353,1.871423110489413,0.9940914147615864,0.5665148335165677,-0.04965599331497665,-0.06107822712986883,0.5745119365786503,-0.06452069133843477,-0.0708129464258805,0.8787208472439803,0.897533167544529
956,2.3265869510745243,2.178971520664065,2.0596164800466985,2.3259629913144306,2.1755543875172125,2.056511615323322,0.7000061579727065,1.501960840720189,1.2078782701228312,1.2573281324640562,1.4785431677578704,1.2243949396324565,1.264399274391885,0.4749096890626794,1.8031189487157098
957,2.146365082939099,1.953012675792241,1.638270487810816,2.144590625881814,1.9527283777895468,1.6334766713718187,0.3219688802414977,2.4218570024866004,2.155289744352402,1.7440070939323755,2.4188868300734296,2.1183395013343067,1.7445105875009768,-1.0051741506953555,1.4253408911140812
958,2.42332392525068,2.4573155978495516,2.0677698544630165,2.4171050262255296,2.445634761380081,2.0687239025036686,-0.11658626709021906,2.3599319385691113,2.4652141231881517,2.1455363000188914,2.3468021815024254,2.4983949976671944,2.1506884712085443,-1.0435468715846012,-1.3203150643311246
959,1.8459431492283958,1.8130176780857308,1.6409250890547895,1.8349806424703543,1.8015778400322016,1.6416823733048123,0.23452977241578649,1.0267862051819563,0.8750075457523236,0.9449109317898707,1.1259479530826653,0.9200188133376276,0.8803837677967363,-0.03208247601076393,0.456040383664317
960,2.3155532931075284,2.274557471191735,2.1950578215131107,2.3190101131262053,2.2892178771233285,2.194330151955639,0.6802190678678754,1.2821622229610625,1.1899142158411624,1.275586717090308,1.2866019599584797,1.1953596451888295,1.3174595549623933,0.2693554767180582,0.22091728174901562
961,2.2226172891373506,1.5642050307106243,1.8028135405510308,2.2211867339484255,1.5626135219254897,1.8084690908504322,0.28289787573792025,2.2439901117842993,0.883578859780767,1.054619368651204,2.2266791115984397,0.8878514087469633,1.0245537938228602,-0.958325677910905,2.4795319169094183
962,1.2526320614103472,1.0287779023699954,1.1616797157783534,1.2268789211654036,1.0209603748206648,1.1568905070520386,0.8110749478333928,1.282536331874976,0.9740267332718071,0.9619417260996549,1.275887027114288,0.9917589210360034,0.9977172498355452,0.008550114470022975,1.396389321359793
963,2.0583031976336734,1.647766431071337,1.9268441232652864,2.049609734913784,1.661181964225918,1.9178815684431507,0.5281476788326785,1.1254591046743014,0.33528774205912554,0.3750029809182969,1.1243106453262715,0.3487275207942918,0.39649088734340576,0.16113891475251452,1.7364867079119966
964,1.8437715850608223,1.8472975117713144,1.9579189225085818,1.8387649012188545,1.8571231305130875,1.965839184612902,0.9013038324583756,1.726153550383112,1.740037871290204,1.6611148601816694,1.6969148116896406,1.7099798512772675,1.6559430410854024,-0.39053941699161954,0.2625018787607236
965,1.901801070271778,2.0088945152887785,1.8820455900777977,1.9115251893485146,2.0098143544103717,1.882541006861821,0.5314541953735208,2.3381901360954367,2.5826866832922475,2.274313535304429,2.349472430680636,2.58856842632567,2.2716023760251796,-0.815846678083983,-2.294168120669986
966,0.3341780243380007,0.13595633447963654,0.15850718650065607,0.3327619786557257,0.14134450341523258,0.15863234125938402,1.731252060651894,-0.6879467882040087,-1.5740396910693755,-1.5408963632420694,-0.6859227454849451,-1.5588517547495058,-1.5719361167230312,1.6923362870961516,0.8392572672726022
967,3.332552493131949,3.4055276098603837,2.591301608697144,3.3392940320735973,3.4082204092231496,2.5887011079296824,-0.7895134346759142,3.2666723966283966,3.3973436048231864,2.756385934933256,3.271932493156882,3.393359422621829,2.7527439897517825,-1.809286476502832,-2.0217747348722246
968,0.1998000012060684,-0.23090588368177228,-0.25423422080226504,0.20585955252825622,-0.22547364577357862,-0.25528415775120455,2.4161296149172093,0.21351098226401072,-0.5528377706602805,-0.5213210970903552,0.21429194356203138,-0.5734780206381215,-0.49464657220206076,1.2149521962688252,1.21456829131172
969,0.357494041001235,0.4463728914750862,0.45938697504545933,0.35053707094127284,0.44507270720960357,0.45087149432393175,2.7779099898921307,0.17528313379917568,0.3385178781510664,0.28443161203671424,0.15063793336205514,0.36221499620313563,0.28393723776898816,1.1459517743376892,-0.6350065259553384
970,2.61446327631148,2.6828428320058006,2.928404131378729,2.61593843505269,2.6944219147856145,2.9281537184980264,-0.34950652857082476,1.7888301484462945,1.729530000205529,1.8273445547523637,1.8038050681325561,1.7082830297127944,1.8323977573929622,-0.4319160532901014,0.8649631107874117
971,0.5776314879087628,0.24269738836884713,0.25842390264791937,0.5637057560391797,0.24737056940285826,0.26747885453473125,2.096849010905912,1.010316861865757,0.6337618172148897,0.7350241056174684,0.9948542567434154,0.6417869868229713,0.7350010203563804,0.8765343415991645,0.650412511225827
972,1.684294018207204,1.6964723168092788,2.084538255151919,1.6733017956355427,1.6866355956168169,2.080365147784538,0.42811434362724243,1.9896525165656915,2.0134564191778423,2.340576066283484,1.9739008743846342,2.009126006733715,2.3330403926648886,-0.7614149050439426,0.4212885085705982
973,2.4214130584157356,2.374321394601288,2.624451259196676,2.413286222573204,2.3710423342338545,2.6239290130987505,0.08412423141972869,1.7585577236983454,1.6693321067855516,1.9230444437232956,1.731645749121976,1.6878841111580551,1.940680739273364,-0.3985592659765694,0.9499979416087008
974,1.8857083653952922,1.64754749239413,1.8548931237945232,1.8833038146618684,1.6423223836707,1.8553314249279247,1.0172355162517324,1.228751056672772,0.6308611806787573,0.705589442907573,1.244396766667153,0.634429412858493,0.7031710550515001,0.4157797859253367,2.397099910066569
975,0.46841141363806127,0.38049721139933096,0.4446094051764494,0.4752424505497554,0.3802900187156206,0.42224973525774623,1.9043005643047255,0.14202397523738688,-0.009563505144689542,-0.01121364565495028,0.08046563941934891,-0.02524647300040191,-0.05358912359332364,1.0342038273759389,0.8003872222027589
976,1.811491147844743,1.859482344308362,1.6092575754618168,1.8154174749183367,1.8467210227137858,1.6159304617973747,0.4926014395099638,1.3169495618423572,1.6756083089164948,1.307005743566924,1.2940352666656272,1.6833763348010087,1.2923386995480053,-0.2986284994678159,-0.563422990130857
977,0.3384140935563096,0.3495846945349905,0.3139799314243813,0.3483111605192895,0.34459509066846167,0.3145538226820863,3.1177440934879055,0.6044624604265576,0.6883753801489864,0.6515205608673404,0.6017584288616068,0.6692413599403921,0.6497800069552059,1.404159567133193,-0.04307986183778743
978,2.236168796557316,2.239665189677066,2.0350860773025437,2.2356963780818706,2.2259648874362896,2.038402670012544,0.08876343076757633,1.6821348007244952,1.7234183109376298,1.717900980830228,1.712151179473704,1.7081584181413438,1.7042310618524172,-0.22623414313180007,-0.24988584604891426
979,1.9708323084048203,1.849933640982435,1.9869270537626518,1.970523653828147,1.8396648241421816,1.9854625933111738,0.7107677173992886,1.2517100910206451,0.8706174826384305,1.0013985532421967,1.2427093364690125,0.8232015986883934,0.9965728027900344,0.23910525903053098,1.3719023395150398
980,1.7444139846282944,0.34987914900060657,0.46176605949881644,1.7300299130735748,0.35454989772764384,0.47748807214417455,0.31269382560848996,2.12578098450471,-0.32743942651986024,-0.3873546817265186,2.0873883226278207,-0.4255138051932859,-0.3658382526330012,-0.29718227662586205,2.6801007362928133
981,2.3764460673373438,2.4221726133903654,2.346160903653333,2.3762436053004516,2.423214470371607,2.345795500368526,-0.2025443954297986,2.2198395057617,2.36513078170679,2.355094830626413,2.202944961242417,2.3763314833890448,2.3672457916170693,-1.1541210280175995,-0.23403209766666686
982,3.059636065449144,2.905338310542521,2.9815560905922043,3.0555287965285287,2.8889733360378442,2.982149654130385,-0.36688785118188916,2.079294411793367,1.6146203466335167,1.6746266706611919,2.1028715699237037,1.5715991862887064,1.666716621617776,-0.5312621889760512,1.6255576754547607
983,1.3347982630959907,1.1682436634180908,1.3118225865743118,1.3665583310304246,1.170676320954346,1.2846160494738181,1.3692624847323887,0.9404278848817305,0.5725894224768961,0.6581709999800226,0.9447911578371746,0.5737073927992795,0.6841695814516914,0.7530070438227219,0.4873989078664724
984,2.4014728829168237,2.3201398144059073,2.1160272126643993,2.4066827178430787,2.3212383462538897,2.1194311770403167,0.009741366969757033,1.417030904863232,1.3018547534719858,1.2716149006291069,1.428535755324566,1.3328341301078308,1.28716124179229,0.014153290238756904,0.6474921596288425
985,2.4839475851263253,2.2994559883652212,2.0087317932794804,2.484547973317882,2.2979534778837047,2.011367606354484,0.38877052705740067,2.151376604398114,1.738396722324325,1.4646397883906206,2.135750029271922,1.724791682573416,1.4603756526363065,-0.17427158818281152,1.861645811412456
986,0.44606671238300805,-0.11257921058906088,-0.12055613737717334,0.44626893648175314,-0.09608867373805673,-0.12333260407631771,1.66269465168811,0.4053234632749292,-0.5325356055410546,-0.5539213884145648,0.38843438665220487,-0.5262216982720392,-0.5264362280007736,0.7849324006397079,2.0526324763369903
987,0.8712640826181918,0.07337630271248285,0.07952781869239987,0.877977336305607,0.07666547453664302,0.0772718761976734,1.8340031874871623,1.3589742578058361,0.27324756401900024,0.28608222200039557,1.3634993665063766,0.29980943997972737,0.2853630462732931,0.49428068453389706,1.912888066818417
988,2.103455407042612,2.162088085612836,1.9689674449876655,2.092343147988189,2.1541417360179227,1.9714368313803319,-0.11945923646190842,1.8576984516781638,1.9777013307019804,2.1041726854379377,1.9108124750112634,1.945066018674926,2.0917720990042854,-0.49760823259644266,-0.07268719926663927
989,1.5948794487220903,1.369886962719867,1.7503202962865592,1.5725718383719507,1.3749679859980155,1.7602780920605412,1.2936688950139639,2.153822170024118,1.719594497760058,1.7980290721116823,2.131741760783066,1.7470036677287466,1.819623193409342,-0.038020890198052514,1.8197997479318913
990,0.6312778942596936,0.21082589478127342,0.2019443856641497,0.6389060851423091,0.21655061451495222,0.19767368725625667,2.0251263366269288,0.43590864637352866,-0.26999474562142894,-0.2575010464674801,0.43121884655874543,-0.282755774465127,-0.2708249140643373,0.8162884921637833,1.660422246161998
991,2.86682976546276,2.678034479698118,2.9521618149451174,2.854703857744544,2.6828488924913505,2.96145970575757,-0.2029209963865844,2.1248350957999755,1.903106973506443,1.9125579284372165,2.1381279377888047,1.9035897566240443,1.9130431144095743,-0.7885646502381968,0.8235614271157757
992,0.2270224798337664,-0.5901617760521357,-0.5989738949245883,0.25671060375195665,-0.6105993312122484,-0.6089039891991347,2.5317509471930957,1.3835184440565207,0.05713800431714063,0.05902750720238256,1.3736478529702982,0.040852632169099706,0.04866671411909978,0.49261515568195213,2.188378448497967
993,1.7824500486625094,1.8521729654980483,2.401546224723971,1.7872920596391018,1.8469663370953417,2.4213251388625907,0.5912358570826002,0.5770289500267869,0.23369101597146513,0.24220414373613622,0.5839279308386142,0.2857394460236882,0.26389492557264566,0.6813933990720041,0.5669467135346682
994,1.827955163023193,1.487034624047482,1.6535417749422858,1.8291791202094512,1.50748981989035,1.65634854893869,1.1073934801949015,1.7912156940144237,1.2389779265743828,1.3559131942711753,1.806538330881521,1.2470830510695157,1.3546651339126834,-0.12737629217272795,1.482774259491221
995,3.143564295144083,3.0855703473614056,2.5161008705204333,3.165864596849872,3.0730310015689035,2.5083586161648506,-0.0009306913205951408,1.865976964088485,1.673670166116211,1.4983347109083196,1.8180373455695802,1.6949216799911726,1.4990233602120338,-0.4032685782620311,1.1391206050743348
996,3.034157057160907,3.1679526377916654,2.930897785273377,3.0351833279401657,3.180977047104053,2.9472440999280294,0.11278631934423788,2.3964349463901193,2.623455909603356,2.6592594606904383,2.3927538775904864,2.644595822693402,2.6701590248996308,-1.1206917329587127,-1.4140936584820665
997,0.2625144068399787,0.19341826204882423,0.21647933487392557,0.24965276676462986,0.17973350187808623,0.24183225039817294,2.6628012392099203,0.3055565183263655,0.4111895021847354,0.4476966189983203,0.31838378507173176,0.3416934879735197,0.45268288655925637,1.273934817131933,0.1364624220940402
998,3.29579808573475,3.357651694549309,2.8430433268438486,3.2921189471013963,3.3619165430041043,2.843431528654931,-0.5754763029447822,2.789506952769434,3.0526642244009023,2.5403722069050856,2.8054341001870235,3.0272623810734705,2.550413554265739,-1.263691944232456,-0.7177962335638085
999,1.8419026988759106,1.7197743354166306,1.8552623220205324,1.847108107678049,1.7236968276983018,1.8557512404233167,1.0179468259432485,1.4236388229845742,1.2880755930861982,1.4432458343336256,1.4194812907718652,1.279396669907576,1.4403523551259565,0.39060746157861825,0.5886725371477994
1000,0.9266467729635522,0.6717895840666783,0.6688185052087294,0.9333572048934354,0.6865811706192787,0.6749702998361212,1.3711704035178167,0.9197726537683052,0.41517252796665244,0.41276922974830527,0.9146512782503596,0.4230984217217067,0.42321757469952204,0.19802936322644757,1.003770157545524
1001,0.7804920371632119,0.7668980470766966,0.800576511351745,0.7728749541460086,0.7503735736166347,0.7930736631058779,2.0213052328332517,1.1735004375120384,1.23211783446012,1.3231043232454331,1.1678436879448093,1.2434126185885055,1.3143400614711143,0.29667793523065544,0.054462374892869654
1002,2.051258035939073,2.117707779253114,1.904237783070131,2.0442225220888224,2.092352503093543,1.9135242624840176,0.5966010178826725,0.8909853987034139,0.9691550647601397,1.0448529702378007,0.9144763516703255,0.955713730952789,1.0808201459123956,0.6589032429002393,0.21525111971498131
1003,0.985370708850463,0.6410268448139115,0.6547895778943622,0.9848061123908187,0.636184285892775,0.6612178030887332,1.084100230666473,0.544486423569248,-0.38850540428726976,-0.3702310032088298,0.5432603122259915,-0.4331963340540409,-0.3801614795321835,0.4602104059826366,0.9572112093072149
1004,0.8700815264507961,0.7203187954759516,0.6511439312741005,0.8877520718699782,0.7291216785224574,0.6591982872200344,1.7913068831982348,-0.2914131144301666,-0.6641974275755191,-0.6963367637287062,-0.3101568565787797,-0.680100165445383,-0.7234638745051819,1.778396095752631,0.38984825109568894
1005,2.9224743543615,2.4931104077288007,2.441448752531337,2.9176948535143667,2.4853328121601574,2.441684060592386,0.7954189563663882,2.9379763010826663,2.043945093524273,1.895954083150457,2.9402656901452566,2.0339835012461327,1.9063245043395063,-0.7137470474377534,2.2583614083624814
1006,-0.325769549011964,-0.7135164098708624,-0.7943474644688677,-0.3136306699514776,-0.7137009119870615,-0.807295393293767,2.5703734953037984,0.41718262576307436,-0.19096630080564203,-0.21924834301594767,0.42464000276810443,-0.14198495949186213,-0.21889930863673976,0.7192027478585672,1.016077832806801
1007,0.7054910836157509,0.43625820634614126,0.5009792340535564,0.7027252928803792,0.4418568961601816,0.5176504664994442,1.4245639195313908,0.23414190503159532,-0.41440203521839564,-0.5012778743290388,0.23797200323062814,-0.4032170661713298,-0.5273280676820041,0.7847810500770149,1.3486831269571269
1008,2.17523893110442,2.1139039393808337,1.994345028074003,2.180849692457873,2.1019978045974077,1.997025805868983,0.03323388800340601,2.2343827555409206,2.152326466086771,1.9257333580361669,2.2307301811559164,2.152986625859229,1.9332283841739744,-0.9573806354706789,0.9114405985079339
1009,1.5260695851877615,1.584649089151963,1.4778067109796296,1.506665248594306,1.5795234160496814,1.4900914573933326,0.9093344633840127,1.473745011309613,1.5268362473540145,1.6375092276836882,1.4675718188087483,1.5185194151842742,1.6227246814141478,-0.19378573658492035,-0.028274557614132733
1010,2.094648527333955,2.173272040225597,2.3169151372500396,2.0852519136887246,2.188734352342134,2.316182132054952,0.3141219381609465,2.1930081788386206,2.2176223803397597,2.0033322119065073,2.19659874587595,2.218225723663984,2.00414038971604,-0.6562567813822441,0.7393851484316046
1011,2.6991922448975743,2.8413040009876744,3.3792430751852502,2.689217652204422,2.828765947635108,3.3842176129054216,1.0288693802602376,0.7422500057276189,1.3059976833820275,1.3967482996804037,0.7533882815901426,1.3428851044857903,1.3659227828968579,0.27385545071777506,-1.5733759900932756
1012,0.08520276316004041,0.014686447247157194,0.01294915005524009,0.09787065869185592,-0.0009770164352960857,0.023721844797748835,2.371579532790829,0.21796374759631917,0.007996335665163836,0.008283511581011108,0.224806525475972,0.03014789624980232,0.03481910824282345,1.195114661030625,0.6849760683062736
1013,1.5016043088941309,0.6287315222748768,0.6914356519279309,1.4861762912185885,0.6504117445832307,0.7063259646248089,0.7616763847486117,1.6862850730657968,0.3715763328735764,0.46920403176453684,1.6786506268275474,0.3667338060317905,0.45224478671529833,-0.3294342546592664,2.2959147471624877
1014,0.42639353075758013,0.22899368131319225,0.3012788525934906,0.42639328909146856,0.23668345668975027,0.30619764032809854,1.652287050083593,-0.11747513862115956,-0.6442899730522944,-0.6361278897908043,-0.09205760868430217,-0.6446072678489135,-0.69831878089195,1.1690897304157686,0.5548928001985362
1015,1.556292313835557,1.6304472069524647,1.6672420659624405,1.5926582672124243,1.625203234446268,1.6537468576227181,0.42240611074523,1.622138505299831,1.6926577006740504,1.7135202231773767,1.6214011075310861,1.708719612093077,1.7104254395303844,-0.5378455609761013,-0.36823569416725876
1016,1.1124226203393643,1.260949906845153,1.3975778461535031,1.102873469779053,1.253119572669636,1.3960234463973085,1.3553346876048118,0.011276353947682163,0.43894958461496386,0.4100048575964902,0.021785334403331705,0.44391861267535143,0.4020687056931667,0.8836533720934061,-0.7271124830584983
1017,0.5756154003383753,0.5935993928550923,0.6080874472644694,0.5832589578277703,0.5883225376069919,0.584899580930912,1.4713673722889955,-0.5323510540429185,-0.6646614473178455,-0.802592283711371,-0.515326694853087,-0.6225009499835351,-0.77621957811079,1.455136471587308,0.03139631463584999
1018,-0.20732123884600584,-1.0144262099525339,-0.9368558126400056,-0.19673582063538203,-0.9971175815441916,-0.949713283625107,2.636985087747542,0.7761183653413872,-1.0004289791336078,-0.977596237870201,0.7891851187681637,-0.9503872343304258,-1.0144730575068055,0.4658918616276464,1.6098476451483836
1019,4.465241195599953,2.7885554928358163,2.7407119009442877,4.482008336979463,2.775973392963904,2.7128008055910016,-1.380877129941235,4.12128266476719,2.091178283151565,2.1994930873019656,4.128691744314733,2.1011036768480973,2.189191296872527,-2.1742942519642896,3.6711000868093944
1020,0.9712817429874013,0.9649579370279511,1.1481046640740484,0.9702897249021812,0.9717895807167195,1.1413289054150033,2.38870099219445,0.321391280775312,0.2900445155391346,0.30390891823540317,0.3143193515067151,0.2889504951329965,0.297723966682163,1.8336749374225514,-0.0025521327137654785
1021,1.412140183831311,0.9693445689212228,1.1722915128463287,1.4059970617259694,0.9701981542642206,1.1589032755054416,1.117084231710654,1.2895333693791629,-0.0936917369148646,-0.11117389474593724,1.3110894841767646,-0.09519750499287347,-0.12311570358484414,0.8527760303400912,1.8285713880876284
1022,1.1445713904411403,1.0925145149434798,1.473379453828619,1.1445361839516146,1.0936077282824275,1.4760031400981797,1.4166260888921651,1.59036478515427,1.5881966145314015,1.5857765425793542,1.6197508217772478,1.6029614696714423,1.569419752680519,-0.20466755100175701,0.018673049898494203
1023,0.9189271647775857,1.071077227156642,0.9609667199333265,0.9104013126108738,1.0710735646203784,0.9451979391249967,1.49670443577205,1.0567527360407007,1.2916176544067233,1.2453119270287099,1.0302267195354982,1.266519085524705,1.2449236136757618,0.5785240999234876,-0.5278581483231539
1024,0.5445022570448068,-0.23367484067462022,-0.2893057328375222,0.5675167116179566,-0.23513770584550509,-0.29906076938805215,2.0113969319376115,1.0566739669373026,0.26133897832729874,0.3181885128939535,1.0588834630851318,0.27854357055391454,0.35315869417608375,0.465135719527904,1.6091112906701661
1025,-0.5252308143808953,-0.5196323706063329,-0.5451817011151707,-0.49370303507896807,-0.542035236273725,-0.5099126159955842,2.8363555464573387,-1.6324657132846492,-1.654758008665317,-1.5219525117073673,-1.6399951808881799,-1.67472365146358,-1.4889660931008768,2.263161790868182,-0.21322593920104085
1026,-0.2896368408799935,-0.07974488024868226,-0.07895448707235372,-0.290365299359234,-0.09244318583189957,-0.08705234484615024,2.7183516498967877,-1.361271765923439,-0.85262513363526,-0.8005413657079659,-1.3683139260213644,-0.8669560060000147,-0.7889464537157256,2.8668046874840996,-1.9808903230628623
1027,0.3021058803204161,-0.12958803364593946,-0.13043583189889196,0.3181673088110212,-0.14686920416144386,-0.12396380510446782,1.5667890996358147,0.3094880440753054,-1.0838426879515033,-1.0443452042920123,0.29276686464714985,-1.0970681512817007,-1.0134073772323537,0.8915716849801668,0.9346987229347213
1028,2.0092360609010758,1.2593971925695948,1.5088390774773286,2.004095718211122,1.2596725296288083,1.5087100522085644,0.8855920282888518,1.402592049335325,-0.33514087155436567,-0.3469668169715468,1.3967889553193034,-0.3250001680065143,-0.3276166820316076,0.6302755910616292,1.8108600756410866
1029,1.4704319020899457,1.6681912421187173,1.7041137292709374,1.4668055276620449,1.6700015015949283,1.6943638141275563,1.3689397763531868,1.4451771450874678,1.859021989913604,1.7968524702440178,1.438213131558233,1.8671429075722787,1.7834662527197753,0.08249631863905263,-0.010277892098104546
1030,2.821920326818313,2.7805218765270032,2.6233831826344858,2.8293887414389096,2.7884200064594125,2.6205630910785596,-0.1265226327611102,2.3578964711962693,2.2836955594256323,2.283633681049155,2.343169450988039,2.2770220113538544,2.2967041759424087,-0.5423659042944117,0.9064910245350757
1031,0.33864056464362485,0.15454774379371627,0.16681143852357896,0.34502247061635366,0.1604667042827663,0.17159081971519463,2.4023441348956416,-0.5154659943309285,-0.9602763483667317,-1.0546927911559076,-0.5097429966097633,-0.9827843575666027,-1.0258474599483933,2.0911339561406246,0.8115797780430181
1032,2.5969118722093647,2.5036503234134706,1.9766516116721742,2.597580958390701,2.5071816238710567,1.9721788239169822,0.4729900235745784,2.0110834068987122,1.9679990950308923,1.5758154192526976,2.021958838446875,1.9754805029548823,1.5687079992539505,-0.32770088811964343,0.33629138483710047
1033,2.136809787738999,1.851376296426728,1.4931545034243061,2.1347670413183084,1.8486961292194448,1.4976271104145618,0.8462975195964226,2.2644745478015293,1.8035581832766,1.454530333377831,2.24456187734452,1.7906625377090202,1.4564296026680712,-0.3662935062941705,2.4365017206286237
1034,1.982495738874224,2.010298125965705,2.2721271363430913,1.9768056832136858,2.003003394488555,2.2760280470595466,0.1610780692605285,1.7594894400076964,1.9180985301621851,1.9187856053488073,1.7931755354282983,1.948870976835865,1.9156923732797306,-0.6898156431960534,0.36307003033782936
1035,1.9789421485652061,2.0238264115298157,1.728212623095927,1.9827848679967686,2.0275498247315595,1.7184770024429024,0.40128818046528825,1.5302683073351382,1.536583537451974,1.339905095297605,1.5199599861585595,1.561734263189099,1.3349169037117876,0.10671070616938429,0.7571503215834217
1036,0.7237939152253875,0.6986424185624586,0.7191356147167337,0.7176644135694239,0.7046856683364984,0.7184041030750192,1.805967519400343,1.4356433462265143,1.4129516450688346,1.4223828549019826,1.433849282024523,1.4049210355834472,1.4317107928018225,0.13749321634479844,0.5212727881609994
1037,1.6482805684267197,1.0740892459330897,1.2402153690391795,1.6490519173080123,1.090096917417435,1.2459069090506956,0.47153728085879704,1.4964061489778335,0.27807322076390006,0.2641282458873696,1.4824306229604827,0.3099979987379248,0.30606619074038893,-0.363649965281237,1.9219630560982033
1038,3.769495814626466,3.8341341895839367,2.8001281365896937,3.777084734359486,3.837032532164839,2.803969727275202,-1.0725627897196335,3.547877017085933,3.6593790150391614,2.683394845450296,3.554052637195723,3.668786091629464,2.6859979644012597,-1.8262330804548306,-0.4981791039715506
1039,2.7260445160308495,2.735448912946101,2.27615206182943,2.742172766492091,2.74105460904612,2.2761639760628958,-0.0077790141148832235,1.8262120786714786,1.9492365933607212,1.6646157736224378,1.8256593694820387,1.9579007828269754,1.6640391710682858,-0.4442673441419825,0.17299707606032982
1040,0.9692330296296683,1.0050591463375307,0.8587898811718244,0.9741326160059133,1.0138467201618864,0.8494930927335413,1.9271079606297596,0.2147298133580078,0.36917010650270515,0.3277972208944304,0.23071511854444293,0.3379207741605928,0.3363014816374519,1.4783899694588305,-0.7689068021190102
1041,1.7731487854307315,1.720077229444155,1.646690669464715,1.7675294486556006,1.7345166200910107,1.6461435204952777,-0.04647331309288616,1.4449525252094009,1.352965922747963,1.2268008723457513,1.4561331008161318,1.3878262821867384,1.2120225219726146,-0.5756172048705948,0.6862846313411372
1042,1.3668745296932938,0.7241203445257982,0.7925115036485412,1.3649380736264909,0.7315738166229062,0.7903137826165983,1.002639188752508,1.405134967817618,-0.29662528953555806,-0.34581988791458707,1.4089992820160715,-0.2795595348347016,-0.40001351675194396,0.26430916082833067,1.5905336588377141
1043,1.2605810563459434,1.292234208190934,1.2524062095690112,1.2863877034628433,1.2898794242143679,1.2501540622559117,1.052658869859869,0.32221294083581553,0.4417742058835603,0.5265554401452875,0.3077967429390207,0.4339875091103182,0.5515967498096845,0.5355149334451973,-0.23641001156889943
1044,1.383837659610009,1.3225921583278766,1.1481807628997938,1.3714696653771425,1.3247213397614996,1.1398842444701345,1.0973082617755237,1.4953372062173251,1.4906062775025453,1.253324172049361,1.5195514333322355,1.507845924007381,1.2624655583154876,-0.06297688734622944,0.08788812561357286
1045,1.537921555522534,1.4212849355430806,1.349048994487648,1.5366094416744398,1.42282214575032,1.3413665496380514,0.9851308681281582,1.3084487521970796,1.0869690853055176,1.0182702897046128,1.2940396124303097,1.0635871044433811,1.0141448909887592,0.11611560766337983,1.0529013267223126
1046,1.3655409411926147,1.3164412989656256,1.387150718367226,1.3533468304659393,1.324196472056617,1.402133208659538,0.8863755948873046,1.3808543300081721,1.3214683105070313,1.562368127407923,1.3807525707811594,1.3240743247290736,1.5838820769685724,-0.3492380100187085,0.33910163485933065
1047,0.8446487908719624,0.4923140869034662,0.5747133046874142,0.8486254283788326,0.49042958812132703,0.5861330293864437,2.1397952736737276,0.6764637840107124,-0.26218317749905884,-0.32002049807931393,0.6833953496700111,-0.24985713719524746,-0.3765925949009512,1.1932449458307695,1.5320708754981462
1048,1.5120361682339014,1.3042140025269906,1.4187546745498039,1.5073166371683253,1.3063590513014356,1.4326269076637461,1.1111564035873978,0.73901150455615,0.4074123796182395,0.4830219459413948,0.7344182769029874,0.430176372978081,0.4902495955425175,0.7492734408025841,0.8792488300692677
1049,3.8332616504895904,3.8185052001605553,3.5771430644745053,3.8052686566490865,3.8100246460115748,3.5853267630699768,-1.2466920604948315,3.191024221501204,3.209440000461203,2.792878985165995,3.195331699051389,3.231247094053795,2.8305618658327254,-2.0193381714371683,0.2921677267312146
1050,1.3061646888008276,1.159288316232113,1.3011820272397856,1.3091110931920098,1.1542891524878358,1.2943397310535159,0.9437935144061264,0.2986697907131392,0.09044515553232127,0.09893280598902501,0.32269799036388946,0.05918132374190213,0.11470807949110937,0.7543891515060782,0.2225156943229244
1051,2.5094802001769043,1.718806381532894,1.849737927744439,2.5054295419783705,1.7269822106120858,1.8588244524117512,1.1306000733792463,2.768056721006502,1.5476980978487984,1.6077265641773384,2.767553011802821,1.5657213413134448,1.602398719235493,-0.5692624931290452,3.314372409223667
1052,2.2432741541957433,2.3092119963619386,2.4974474422764303,2.2368198658159457,2.305119973086426,2.4975751382676616,-0.027923612004747987,2.445398919908245,2.640056128318462,2.3601265003462917,2.4471051462793114,2.675584960007796,2.3590847198147493,-1.2364873236595053,-0.7227099483601623
1053,0.8262585020208123,0.30679942760267026,0.3862726189777533,0.8375049978642921,0.31020814178973577,0.3851160536090962,1.7208178013481323,1.482032270120959,0.512500013731153,0.6072261280119331,1.476170086446195,0.5316044304985748,0.5733469976113877,0.06355606432881153,1.765274915594843
1054,-0.09960020980512026,-0.22488998856179057,-0.18680452484082888,-0.11513313633698861,-0.24012724926352416,-0.19299801100301786,2.311097391006027,0.3813951950025587,0.15042489575149642,0.15537457122782322,0.31221894443336956,0.19816255299541213,0.11615097565457742,0.7061609930587025,0.7125263457138064
1055,2.0572966007119486,2.055452466783244,2.1737178987067525,2.042946947072464,2.0420158272097555,2.176328289930108,-0.22983378253689737,1.8062931991333773,1.8473029569854933,2.0315162252826586,1.816761301253017,1.844721634496735,2.032439815596745,-0.590065005829395,-0.2885978388494406
1056,0.914320190559599,0.57384842702021,0.6232760781664264,0.913357195679172,0.5858347360660369,0.6224951787252699,1.3132043081807077,1.4229706943924616,0.8833729166312071,0.8686329556402003,1.448947609902557,0.8809243573338419,0.8661423752000676,-0.11526298454948486,1.8127475318467912
1057,0.4903707343409532,0.2267628054322998,0.23278378034122948,0.4880837644873807,0.22092778730707305,0.23297319425897267,2.145576140046785,0.2655203117396587,-0.28787540654990135,-0.31808976001785244,0.25818781273799707,-0.3006539605268035,-0.31627203128703235,1.297933160012393,1.0211040751602403
1058,1.993005775384342,1.6354940228256296,1.6068850925959135,2.0064690006995933,1.6458463238643615,1.602834263402936,1.9052736593829707,1.2605492282627877,0.5126925240388337,0.5220421564867269,1.2518039428817913,0.5292565433303016,0.5152079119414286,0.6474480665947102,1.5330765745259007
1059,2.317427148426581,2.1663258792988738,2.02836752976643,2.3389415216659137,2.1746972893795493,2.0350165803229263,0.4837749488863171,2.271217352491761,1.9803700247867682,1.8631482608154972,2.2611689519468605,2.0017267720264753,1.857098879988273,-0.5156623977943153,1.1095766111595458
1060,1.2361875621407572,1.109109442945803,1.1945739987081074,1.2367117758574444,1.1141618942145652,1.1945693144655098,1.7357327316320992,1.0265878336218757,0.8421783675781666,0.9154290094223909,1.0310356070584417,0.841284148018155,0.9145955127296805,0.9714475711097464,0.2741053557896583
1061,2.49046789910391,2.0292337930837836,2.0372726858445125,2.486401325778321,2.0306990509992824,2.0365559057974134,0.0383179155238459,2.168987829914302,1.3891464057287184,1.4360689336730341,2.189215817885398,1.395789656050338,1.4417241492807962,-0.4795615811708923,1.8646668806934366
1062,0.42294666872260944,0.4711565191200121,0.4374214113797015,0.3994643661490592,0.45694028269346665,0.38951155539554255,1.6615934672725747,0.4100819239290358,0.5711193891149623,0.5556336744988154,0.3456347876228008,0.6098681256411354,0.5972258963727177,0.7106174945292536,-0.39144716410327335
1063,1.8530190356767982,1.7006106700402044,1.9644741114533515,1.8453670571562857,1.6811406858786426,1.9476113425806392,0.4474907637591779,1.0084905483914628,0.5504111522309959,0.6060613358020347,1.0081779956543577,0.5089925845548564,0.6465175768033595,0.34161925943842847,1.1032024728326895
1064,1.2580893405481874,1.271087117885302,1.1416838689148157,1.2569309618724354,1.299476989657908,1.129236570209595,0.8010184130176351,0.8734813488811274,0.8865813265081354,0.9103441077534056,0.7811017242424392,0.9374238973548237,0.8960413902566859,0.3101265149513932,-0.06877662503745938
1065,0.6797489654478446,0.3293167632914747,0.4482733565414478,0.6798192177461252,0.329818893187379,0.4436222387870786,2.741817056122054,1.1014886798551677,0.28100960678833103,0.3298901638107469,1.0997897683119426,0.26691124553879547,0.3012642061004631,0.8746843544990981,1.6614656211474907
1066,0.8660779741212201,0.37479522477848043,0.5162912365058588,0.88303582129559,0.38725145230922947,0.5097812896384215,1.2546960931243676,0.828373757669935,-0.5530659714087689,-0.697699221959168,0.8348960142502715,-0.5841825638389513,-0.6956407328805174,0.6356675400621997,1.4248891267477684
1067,2.9242266108420454,2.7183845105184465,2.5202035344614773,2.919971516229011,2.71437732072825,2.524477654437202,-0.41689445520572105,2.4954252717252023,2.290720146440116,2.2999205103996987,2.4598507589503673,2.2964566147662575,2.3026146309318927,-0.8727466606401064,1.2623688977308343
1068,1.5879310122955987,0.9321883473013549,1.1182464964344656,1.5812880916347996,0.9191544960470179,1.131994742759037,1.09398856336102,2.218264747352548,0.8306640448591839,0.8617395080916163,2.21028987298378,0.8120272276223797,0.8307892473115124,-0.48417409513110465,2.6518548601564387
1069,-0.13775842351797865,-1.1189800475384701,-1.1858997033387901,-0.14061152650262193,-1.1361342366609666,-1.1493841956995063,2.205040600273611,0.3699558585840731,-1.760084074769685,-1.747190820060593,0.40667489054525896,-1.7932327688552139,-1.7849785304742822,0.7360483601874096,1.2479308483723255
1070,2.2565811233148625,1.314087244826754,1.2196912459916782,2.25328526803718,1.3104827918416726,1.220087812897692,0.23188034661576992,2.9955688197385335,1.359476752004541,1.161915868786145,3.0409779551132883,1.3739509798339387,1.1621300468301514,-0.8820158199094266,3.469783335267718
1071,2.707455434309836,2.6531017908401227,2.459579175695513,2.7118681536392537,2.6649147781382623,2.4497580559831027,-0.5987525199084178,1.8614852852298478,1.7496806864483816,1.6189760315522386,1.8280652643924555,1.718047523098091,1.6080697743548347,-0.39378499996200006,1.0086590889515152
1072,1.919976117443633,2.3483295341934074,2.160834392996627,1.9142251614811077,2.3737071230569504,2.1562004786862055,0.5145809883548402,1.7987899629042685,2.315979445330421,2.159847688697679,1.787133819831654,2.338141178263255,2.1686636158222092,-0.012179800881743006,-0.9555098714997567
1073,0.5332701605609956,0.6800204790154187,0.6736734286999759,0.5575137673839629,0.6709340355664373,0.6880384628205718,1.2503816788256197,-0.7526036578132119,-0.30387177786677216,-0.29713517316955934,-0.8721543940860992,-0.35841958019674863,-0.2896915825896132,1.5204679998775381,-1.354148913672691
1074,2.2928280483568777,2.0205588253272073,1.8868825832091864,2.2917157121363183,2.0260747223051303,1.887262282285463,1.9467276901614183,2.6044750502686167,2.268472235115048,2.111147340741994,2.6078213796274863,2.2689783513177706,2.110729740844853,0.2541134847802451,1.8063477737443983
1075,-0.613762426962861,-0.44117380745071,-0.5465841440431847,-0.6073971953677859,-0.4367771921067925,-0.5657250690625942,2.340530270800135,-1.3667251986909936,-0.9906240099808574,-1.0116686238147121,-1.3877460132265853,-1.0006438660455643,-1.0052343046845893,2.052278749329877,-1.2116906914486636
1076,2.5095831627199696,2.641231297416216,2.175404777877241,2.5094418898177215,2.6448311624508447,2.1672473380040294,-0.10145910353041121,1.9906785676978926,2.2308224330121575,1.9597272399112873,1.9731224872128592,2.2306015232991965,1.9604519952440778,-0.6886276474777601,-0.9519797258715792
1077,1.4191529628558255,1.389543068190635,1.1930678916004507,1.4090790509913769,1.394052887257406,1.1920501631819174,1.4421605585735566,0.27104509468463556,0.3467190216202932,0.32953702733494117,0.28192111476675585,0.432425071858986,0.38493880078123527,1.0236652560016766,-0.08019347399022903
1078,2.0066493280554285,1.982456060958434,2.1070331249885323,2.031065762462173,1.957668730632505,2.113304303128746,0.6353392531806975,1.80404709237453,1.765655001526136,1.9295389989696579,1.8033128946268644,1.7773923190364773,1.8847456807569494,-0.19724794297933393,0.28477232272453235
1079,3.4930929954944,3.5618120554316466,2.680143596644656,3.500653428688982,3.547043414211614,2.684801013217464,-0.7257368565791582,3.037234984806155,3.0937753804768366,2.468717284306083,3.0462045399942905,3.1068257462405326,2.4639369139948615,-1.0189835932550872,-0.5481378710217869
1080,2.3324117380244367,2.16899343499543,2.0698257213008957,2.321514898074045,2.180133748222499,2.0645639190479144,0.3400153421381047,1.9635435771694418,1.6573864453820466,1.733262655922913,1.9344149051475814,1.6781500156321698,1.7313285615139002,-0.5492155648763137,1.4409712662323713
1081,0.9209433838639152,0.994994022494243,1.144905415899763,0.9212693049039166,0.9963248740971922,1.1440466949681098,0.8890101530951445,-0.4183655688578248,-0.15597747146994165,-0.17665755089684593,-0.39613321565760634,-0.11511865706561021,-0.16550107558725832,1.1992674648863262,-0.9239109441350439
1082,1.6954808009729718,0.6743977141912693,0.7210683269276346,1.6818745846018823,0.6746981066633075,0.7104056317385773,1.0951024594251562,2.159673892817884,0.5438290234100057,0.6000595599674408,2.1634841474990156,0.5276470977919892,0.6049670874123086,-0.12467969278406045,2.4150390244742788
1083,0.8834236111924426,0.5468015115299346,0.5764023119603605,0.8872787949785738,0.5490320763959228,0.5767624114642623,1.4685360050326801,1.043704227052611,0.5443088016678869,0.6054674461895458,1.0353724636593957,0.5597020405658214,0.6104623707071266,0.2824635796339648,1.8593228254543592
1084,2.751245524497288,2.084084572600082,2.073142599520987,2.812116095266692,2.0928458896362367,2.0493258207247154,-0.133720326799065,2.0406701406787433,0.8662842945631397,0.988743895945267,2.065572372299672,0.8889914767554556,1.0047281543286823,-0.16411259600650696,1.8484912937631204
1085,2.7121102099574452,2.8437180046987374,2.7361595535750043,2.714836961268949,2.827065179849989,2.7332326917910095,-0.23703332831443963,1.554190849172764,1.7648070716215265,1.5593780069581256,1.5429816801813159,1.7554812545465996,1.5453165065264827,-0.1845834885366414,-0.4640631826599819
1086,2.180790939867484,1.5493784057011644,1.4235390262451948,2.1866347609336354,1.554858694545911,1.4184573781931085,0.9976930326178084,2.2986098064634133,1.5431160540525874,1.4827393386200016,2.302489381890893,1.541479359938781,1.4836022160725635,-0.049443580061756365,3.117327383204239
1087,1.6272778726116908,1.669814452239649,2.0892699793270864,1.6380599312449056,1.6620175524088812,2.0896824185416727,1.0038987107277244,1.1049683032030384,1.295275170057234,1.3032133750248007,1.0962204526318042,1.2562616430950122,1.2942647369480582,0.25935733787603255,-1.7337691941431217
1088,1.3611391741504881,1.0431352203778945,0.9609496202848985,1.3648629601351114,1.0446211745391416,0.9673295898271376,1.396901020390006,1.7852857345030377,1.267179692379727,1.1519253648833554,1.7683476198881578,1.2603550863709865,1.1665708316276768,-0.18980034495163323,1.6000267898462415
1089,1.0053484107186481,0.8178808091855173,0.7809863365830937,1.0023080223677807,0.806508173785173,0.7974876372541444,1.8433391141222781,0.5835006028303544,0.31123879372658103,0.3400993688054562,0.5989075453148626,0.3287093886269961,0.3495007793301146,0.7730480891366928,0.748203923519509
1090,2.1457928638179165,2.0914119810138843,2.358085923589751,2.133412188951307,2.0988619470161263,2.3524796475757968,0.10482295416143493,2.0210352862325895,1.8109057643044024,2.008329975195019,2.0020093061666966,1.7501237894898711,2.008044162793192,-0.718622725257027,1.3051666711617367
1091,1.3245263309077981,1.2699166408883948,1.2086047815660739,1.3317570986502556,1.2777913813616455,1.2054506200133435,2.1499068896232005,0.8064877147749506,0.7273745625961203,0.8167925758110945,0.8094958590151594,0.724418742595367,0.8180513934696244,0.8697689812545141,1.4631552276617255
1092,3.0193632059502264,2.3085957325462214,2.3606968822782637,3.0300680846695043,2.298482620272021,2.3574489764363427,-0.456113848983421,2.397194234043121,1.2541946235827863,1.4014793451445378,2.392206915574589,1.261304434910436,1.399840345777476,-0.956936116766325,3.0702776166821932
1093,1.786326685856358,1.5693631022635761,1.6024078478628097,1.798337211441921,1.5663115328861479,1.592206104250058,0.7624752302801758,1.1413452647076416,0.7192624000778772,0.7192239113370865,1.0987247937235787,0.7007567017705087,0.6961724084037095,0.24271613860405233,1.2554402206863184
1094,2.387790985275688,2.2777421833234484,1.7691629162981275,2.3996604216641453,2.2748234023703033,1.772009984462511,-0.47618342640316647,2.344052185240573,2.3085599826497596,1.8922614928274457,2.328131249603047,2.3201399505214546,1.9054919013568254,-1.21681643342531,0.545168773655842
1095,0.405203483636014,0.28052647909119116,0.3026748863441947,0.39940583479103525,0.2797208002269516,0.3093812082884719,1.9384330179955285,0.8110996226226602,0.6325194562651446,0.7503299241244078,0.824786505353167,0.6404580232826662,0.74061853526796,0.5916705042403984,1.2150446269470647
1096,0.7654577454183331,0.8725983058450726,0.8511555945684806,0.7865539663172016,0.8661806942277849,0.8423087528947412,2.0630631036479032,0.5792845791848336,0.7027314760046038,0.6951370547997816,0.5793364139365582,0.707388571476019,0.6818052049437111,0.9927227430524754,-0.12482549904334311
1097,1.4632655461253592,1.502582716383803,1.2951391023797314,1.4564484885931503,1.4815354459477823,1.2972558042266804,0.9126527025948609,1.0110248687699621,1.0919046737200742,1.0115660591410318,1.0118531886381716,1.1190604912981115,1.0085642449113708,0.42272311695191334,-0.6528366594206553
1098,2.870653480281601,2.6290397870003925,2.3642284091785797,2.863961658052925,2.641956166416897,2.35912340960762,0.6112363659366822,2.905387283087183,2.5406096811109795,2.2385062554451585,2.8972684975593577,2.552300360971852,2.238090306467174,-0.5686637258634584,2.1818037969024124
1099,2.378390474818994,2.3449139623518134,2.2642571426999734,2.380576772970121,2.3401358225025595,2.273435826356357,-0.3246661865227356,1.63013095383172,1.6095146265383695,1.5992249498890265,1.5844549517204023,1.6485572227361012,1.5721852986206326,-0.6255336374613383,0.4693782461763928
1100,2.65744880395829,2.4161275187802334,2.1631878058516203,2.645545896347809,2.419247746301409,2.1641475948000073,0.6803995024783004,2.3410397015356064,2.0859442655707787,2.012502221071053,2.362775214484903,2.0800160879574103,2.0107498927947245,-0.2924873945400322,1.4009852466850485
1101,2.137709250579328,2.0382709830857433,2.3478534330104757,2.1337303194598127,2.0344579580505533,2.3442898964655066,0.2339094807527671,1.8881365989684031,1.672855684275353,1.642541066600886,1.871712086437532,1.6997672120009282,1.6401333604741768,-0.3073613055236548,1.2090849795205951
1102,0.773146439880453,0.7224148344311507,0.6333814670869962,0.768680244634014,0.7357694398223256,0.641500677682554,1.1070375183526713,0.3944979264756417,0.24899086739325252,0.22578230952101788,0.38898606159633226,0.25758495193365527,0.19702531196903952,0.8626098009790745,0.36384227738363645
1103,2.5909723474382926,2.7704197643556236,2.4779901235963675,2.5928352644056756,2.7531241371332564,2.4736689395597184,0.148362831427797,1.817409657979308,2.110762270497006,2.0961106090530452,1.8483343882583894,2.0702365297805714,2.0966490977030547,-0.2896808004693128,-0.8921789879950669
1104,2.3993611517500666,2.6147887810295956,2.598571405070895,2.35716997140282,2.63684946147736,2.598680117545809,0.4188600089920498,0.5121485629752175,0.934217688344769,1.0792779516001105,0.45116711296396633,0.9513102482375122,1.0942307461253544,0.9053434995004197,-2.24335104175769
1105,0.19031288674683342,0.08843248106349631,0.08863626494029048,0.18420131559791608,0.0836133609346279,0.10340321832611174,2.926636348371777,-0.4044547461052889,-0.7100828530842512,-0.8236804666782978,-0.4306203548469344,-0.7427555229980266,-0.8740200143616409,2.0819621455112762,0.9404105982991984
1106,1.9828312570185882,1.773159927598769,1.9514221415925588,1.981487484938707,1.7704825773783937,1.9518517433858844,1.3654476575901084,2.448809225235344,2.1419367502034805,2.3006815263397877,2.4752802700951433,2.130593078810762,2.2990543920202353,-0.29064762004016914,1.690094616266921
1107,3.002413031048269,3.0590746671764073,2.6983092830160533,3.024107754221668,3.047684790026755,2.683407968153517,-0.23208578908934394,3.073116560019408,3.195837387601364,2.5340028079449683,3.1020929210520007,3.1621155275465633,2.5108728523152637,-1.319264520763937,-0.5671640540849633
1108,3.1844789440707957,2.6971713764480634,2.248017362652775,3.1888357534152334,2.7117041846031995,2.2500679142420057,-0.2239087001570922,2.6879824519874265,2.0120922738872453,2.106642749373203,2.6913629066350016,1.9967552612203734,2.1098085245233578,-0.5944029283976497,1.8381598820226834
1109,4.085069664632801,4.116488172870595,3.467914041573586,4.090186031290547,4.129781730447875,3.47404884056427,-2.1320954756637853,3.5261524157349613,3.5808190797439066,3.09423668175011,3.5395494805051535,3.587041119158013,3.103208351665813,-2.107872036907177,-0.6536078713326938
1110,2.0413248398474346,1.9175589665955441,1.8472629425100273,2.027232007187909,1.9300230543517527,1.8409006807926929,0.024199947389665962,1.2089352546776146,0.9796073193896988,0.98908299821912,1.2488129405087594,0.9726648512984953,1.0251443101133093,-0.18143778914155967,0.7538794253146007
1111,0.8274597331871634,0.9617984192640361,0.9074575834722146,0.8303736628713236,0.966851835693428,0.9098105065010712,1.6598156961339596,0.04802081742078541,0.17254811042419188,0.1545074629511376,0.057065033054798105,0.15042424826340503,0.16164096815008053,1.2350333351599514,-0.26631039048094096
1112,2.397893689780479,2.5534270245568895,2.5039369280523536,2.3914042411611165,2.5574787949684623,2.507107109891058,0.3237586019480007,1.7738065378950703,1.9601390117900983,1.9728607666495457,1.7455617441611253,1.9558558618067543,1.9540402298210824,-0.0982656224713702,0.4609662906319095
1113,1.453105518505537,1.1620066337904265,1.4363833959285408,1.4277972457812953,1.18117280266853,1.4595310190984114,1.0491965246650816,1.2367792999485168,0.7208777354787625,0.84175618083828,1.206942053587785,0.8008953706752117,0.8136964174788252,0.512217839225064,0.8849958689399666
1114,0.21441202586575542,-0.3387025770824501,-0.361721197448728,0.2131513835365589,-0.35181229400886904,-0.37550831640118504,2.4506289430925223,0.8020096525124073,-0.23891832075626335,-0.3004264590820977,0.7962587700619044,-0.24465427565022874,-0.32339061069684394,0.8379160776621962,1.2472728805890454
1115,1.7185726923884983,1.4221055146579522,1.8595780760855336,1.7113497359953846,1.4197344455375138,1.8602743470398468,0.7425969522548251,1.1830702947597669,0.5953109059568099,0.7544968902395487,1.1810250459426699,0.5994162633765229,0.7463461775747207,0.1557880159399097,1.7871558565987808
1116,1.8904523675209075,1.8884378286623509,1.5382666998466283,1.8947865651796834,1.8683011267505543,1.5345959714400983,0.40586467923795805,1.7837317933111276,1.795918572907187,1.561506364481429,1.7637512102964006,1.7495510185254304,1.5421327204830682,-0.831688661119071,0.11507443382308623
1117,1.2850006739331539,1.3325428702356552,1.6756254693196992,1.2585769266486568,1.3236422688309049,1.672073836771719,1.2888975553913304,1.5569682141919716,1.6209011594947773,1.312806663499243,1.5240475773313975,1.623765935521509,1.2946967853557412,0.01884895813458897,-0.6597729975317916
1118,0.90463500245264,0.8894121281233714,1.0860840439261266,0.9057423444300863,0.8902174944717005,1.0878571376906212,1.7222395822965426,-0.4343653442614509,-1.3831043947061539,-1.4599406158137502,-0.44883166471586683,-1.3301418895041275,-1.5105080087620733,1.8461104593894324,0.4681716476641152
1119,1.0103726544709533,1.1067822762293773,1.144660188067434,0.9941837819937531,1.1014670737556371,1.1475647643222933,1.613399295435963,0.3904462227106843,0.5075925643161673,0.5832151547460405,0.39073929564957777,0.5184344513402268,0.5742187027722773,0.9720622565484456,-1.6875050287553826
1120,1.7764200035629452,1.886642932914223,2.2225036477752687,1.777003715376666,1.9075905755004798,2.221026819749858,0.14773629321919632,1.4077182211776231,1.696850144517771,1.8954574362033099,1.4427989367192966,1.705105504895858,1.8738456833979922,-0.29517060170110443,-0.1325416379373647
1121,2.403967886698221,2.436575946764717,2.472497235248389,2.404848056873817,2.4550733244213645,2.471544544741147,-0.07393759461042651,2.020300288822138,2.1091267721403955,2.1441808456523783,2.0435688830910212,2.0889839953238485,2.1401052105391725,-0.5716338689248635,-0.22138758095372532
1122,-0.6431822652866606,-0.6019632642430861,-0.586557739767722,-0.5967070623900826,-0.5897678221921144,-0.642962771442798,2.0624147523714864,-0.4100839914562168,-0.13846216429819608,-0.1295769738238944,-0.4866140892467615,-0.09608781140917345,-0.1623282744371074,1.0722867996735517,-0.6551414015033581
1123,0.9173773358680776,0.5076761467207744,0.5954650817707982,0.8892860385843583,0.5086848093761204,0.5783603201412346,2.410609276908155,1.0495447104213913,0.4052593758461191,0.4461283214338706,1.021761654149192,0.4236315305531733,0.4357921093401893,1.5599320610682559,1.4195591047929152
1124,1.205804240635611,1.1353490351594857,1.1161177083934979,1.2072929536188939,1.135905944899134,1.109363702829822,1.9018415743683843,1.5270885062754975,1.389646083050883,1.4521223762899513,1.5763029819350522,1.4038776341950339,1.513059068603101,-0.14164704591463886,0.9597987988486908
1125,2.087879119345655,1.5449246480029275,1.488865440746352,2.0868747846909224,1.5277192418786019,1.484353620535013,-0.2603182329704673,2.403837486034811,1.3874761328689897,1.4142903455852156,2.370848974707416,1.423010986069243,1.4351081263351102,-0.9512306362068924,2.556655036051578
1126,1.1317060972620354,0.9019198544637007,0.8646503742826146,1.1441501948351294,0.8771395562944733,0.8762204903485559,1.268883202854903,0.9067189407242646,0.4477209256289273,0.4096408963569033,0.90353183904615,0.44246863460119945,0.38867990350292125,0.32098688335294095,0.7607892320007155
1127,1.109218834346422,0.916820475917404,0.9639653632414591,1.1105585139108884,0.9452411589821061,0.9740696654142744,1.446675607567082,1.2549434528913388,0.9678712440358471,1.0363146381548942,1.2317515043607725,0.9735866782543073,1.0226290681602062,0.37983724765066007,1.7421945961070262
1128,1.5742750263520202,1.6026628552372604,1.5459709853112087,1.5759445497359361,1.590890148839399,1.5449846962005884,0.48107005432931155,-0.32599093996086376,-0.28529243171578816,-0.26659173172882256,-0.3503584377328712,-0.30977092543080365,-0.29155512172557757,1.563510869228521,-0.5387177832423174
1129,2.058013651387158,2.08742350463183,2.025720106295326,2.0666788760237873,2.1018925678268547,2.0349315290077348,0.6439387689821983,2.0365267380498837,2.101105002496936,2.141016425435194,2.0342510857181284,2.102438208269798,2.1271044979610543,-0.13307171564374118,-0.5258593774674019
1130,2.7316027943734684,2.6627934426234496,2.2075015689186017,2.728111151914235,2.6757221755597262,2.208875556459344,-0.022717528352362064,2.3469819122201727,2.2784114790842978,2.0358374627127516,2.373889611859515,2.2790311063561353,2.048555008889775,-0.8812841529845233,0.5769780492784806
1131,1.441112066550421,0.9621404017031103,0.8940185491741196,1.4444447142393482,0.9527513672572673,0.9080113236537385,1.1809054930771707,1.9856280427400415,1.31664185862956,1.290263327875796,1.9829261792544883,1.330398246342778,1.3017691905381454,-0.260725502784323,2.009816500282328
1132,2.949625136398357,2.99002641235528,2.313909678202343,2.953374483951705,2.9912739866549143,2.305280249138148,-0.33527045299712743,2.2363794806490875,2.325693081687163,1.8701804596606135,2.2299357908159703,2.31726730521257,1.8677866389593731,-0.5522707728359711,-1.0528353532416672
1133,1.844491724516683,1.7480507850586768,1.7938736210535557,1.8448008510738467,1.7337325250827649,1.7851048656374797,0.49178813476504,1.7068768595055748,1.6574489551444438,1.5915702702375647,1.7025911494446513,1.620970020863423,1.5807116236876415,-0.6956533583976305,0.7013118471480476
1134,0.03263291309774727,0.13133708122677207,0.14425553762824686,0.02686662827424452,0.14822438616989986,0.1324873667487274,1.8160769359752407,-0.715316027926805,-0.4188091072584273,-0.4935822901276072,-0.6804055686910774,-0.4389431449172512,-0.46065833900490305,1.66665971746561,-1.3379112033726
1135,0.6374068428754474,0.013906732388748672,0.01648964539990944,0.6303844290190567,0.004377431935363975,0.013361376736399684,1.1045221168415476,1.3082148175414925,0.38450280408302917,0.4461172429540159,1.3050315289389394,0.37179569955030545,0.4638509232867526,-0.21267066724367223,2.0060369021696416
1136,2.0999079160572425,2.1062661956140163,1.7110091363687843,2.093672407324567,2.099681011220725,1.7166588045200455,0.6655399824953283,2.0548840607537358,2.056364033134983,1.7188119996607472,2.0499962226307265,2.057613810453709,1.7128629486642903,-0.5215231513953613,0.05696976420044247
1137,1.1290822529761477,0.7775087559405395,0.830385786596476,1.14133512229005,0.7851607779192509,0.8323002271969485,1.5757271818216356,1.2586294427215148,0.4502256206240041,0.428355100443086,1.2568128143833646,0.4620409308795549,0.43820777995833793,0.32298589324513616,1.8902631284763545
1138,-0.08480648460325572,-0.4374017720038954,-0.39401766084103307,-0.08672921538521336,-0.44629888567303544,-0.39265309777882,2.2801741732305754,-0.2832613663921491,-0.8568236519903998,-0.8851543349258192,-0.28514363418166444,-0.8596115407489952,-0.8743373417093874,1.5162174933924886,0.8708542994620068
1139,2.902037217986515,2.924487045751633,2.6595419281991726,2.8963297593119597,2.928108593970488,2.660699844881109,-0.9442988196002503,2.9491529969236354,3.0142539471966607,2.877893250195926,2.9923401329180535,2.9934890721786056,2.875957876409091,-1.615575344530761,-0.005370199863995662
1140,1.6773565409174869,1.4957494871189785,1.4934186200575623,1.685003294751124,1.485748087151139,1.4936407458276801,1.2103996409785982,0.7416943496051561,0.31275626655971395,0.29644803739649195,0.7964233000494524,0.3520573368920398,0.30751332131553094,0.5134071554330932,1.2293843982747596
1141,1.6738955932990576,0.8152915909663981,0.8105735095051265,1.6672349466591565,0.8134252324023016,0.8135124653141376,1.4590684960787677,1.814965610705177,0.729443829467957,0.7517895603844228,1.821219209942906,0.7197674689702939,0.7860055604344268,0.13937876143044048,2.00575824169901
1142,2.8512384898093734,3.0266173130498744,2.53607533205985,2.8357389564795015,3.0288642214765105,2.5255272088029996,0.07377961068419153,2.1916891372255143,2.431062351544364,1.959950505823797,2.1954100111632595,2.428770858852019,1.9593682933357588,-0.7256145090281106,-1.4140005362144679
1143,0.34482469601524735,0.21577938055610354,0.2132922154290773,0.3450300459220022,0.2132334563798947,0.22394802415081877,1.3361456657641195,-0.4244885723051328,-0.8848799205933181,-0.8694341684750783,-0.4316403923188119,-0.8968402912305663,-0.8616615177885342,1.4574466517047688,0.6263510300254814
1144,1.7491646267967136,1.6745791298163384,1.2121345666542973,1.7273924364484645,1.7057161212248462,1.2055533751599576,0.6054465178087874,1.4933128245574474,1.3923582053980736,1.0705322311458647,1.5116726855571332,1.3937288579144498,1.0818911937810314,-0.06551681877471144,0.749913539698639
1145,0.7683061908643426,0.6847622106214004,0.644448751228107,0.7637970441090172,0.7021224619806202,0.6511709430494339,1.1478673219908813,0.8102006514886961,0.6652337878826158,0.715290758832596,0.8460775163958161,0.5958726643376331,0.7321913692482892,0.28453991965892067,0.4473803626601481
1146,-0.9089848523165026,-1.0024922019315359,-1.196805902672739,-0.9020239767336526,-0.9857108947789242,-1.2197878096620847,2.99744541617537,-0.22130418390986317,-0.39615910172906,-0.538342121987997,-0.1823936647856521,-0.4159205552980367,-0.5001418772750859,1.3789313780577106,0.7901995619259401
1147,3.459757515694078,3.2148928692673535,2.8462314248240377,3.4669237460390643,3.2196879418244904,2.8533748176597014,-0.6208528209757933,3.348235429478706,3.0244793446664744,2.8439221075221224,3.366977988783344,3.0290045197517093,2.8546769605341162,-1.7809358397239345,1.4375783357680927
1148,2.2607025334214153,2.177572029037787,2.192784547213218,2.269103136687951,2.1804654918838726,2.1999527631911677,-0.4464722023124273,2.3923464397548067,2.3327338484140716,1.9788035124294459,2.3803990730441194,2.321741476341556,1.9651609983468459,-1.2148842390055985,0.8009755760075001
1149,3.0809993253768915,3.0810907833603336,2.561844189786454,3.0809324700683125,3.083806123729148,2.5589668941947727,-0.9263107871074476,2.580851976760547,2.5776867568277,2.1313883328525574,2.57104056640439,2.5765075703934768,2.1380302745246804,-1.3910011423571058,0.4806368309009962
1150,1.2526011734780242,1.1945133166244188,1.2359741061903893,1.252796919225854,1.2022978810420994,1.2342198488928933,0.9538225351556225,1.2991583286627513,1.178711430893735,1.0794698101640925,1.2848815324586629,1.1723043145134975,1.0820124774548452,-0.05456892927514134,0.6853536523866954
1151,2.4226865310350054,2.5201926809832456,2.081623702619983,2.4440454349473133,2.510364254555382,2.0653188440216486,-0.022934264696522037,0.9316169353697443,1.0522514609086715,0.9310554954657951,0.9580196108532996,1.049669748204432,0.8994752980368245,0.3189164981662641,-0.41939846215779514
1152,1.6455644583710944,-0.21903119226740927,-0.22173725971578398,1.6446410842185943,-0.22336322300685366,-0.1987156763338639,0.5290607113536853,2.3942835721708624,-0.5236125482551119,-0.5207174614180499,2.399484729564439,-0.5037851208313207,-0.5971846735568095,-0.6732985346971752,3.130002633911374
1153,2.2985926159931966,1.631538835827507,1.4562558833907138,2.3123595390856213,1.6371465929463884,1.4492903522809835,-0.08391926569237551,1.3711059807912669,-0.26357451941029586,-0.23017577782636672,1.4707356009500958,-0.22412571167695242,-0.14621755936285113,-0.06143483453594448,1.956925626627393
1154,0.9898501857542042,0.8618719624238221,0.7903931669755488,1.0047868030945717,0.8634906519662927,0.7900237602794331,2.091567156247291,0.27962933544490065,-0.023620372535996005,-0.020521240202348863,0.3099175032528119,0.01858315628733913,-0.0008452488638678886,1.4931075616294898,0.8511887410787643
1155,1.2755968990565314,1.117197406119551,1.1522765215114301,1.30034165136364,1.0961946421036965,1.1664393256377759,0.7520892103895468,0.4446234648803487,0.019040915062293978,0.020823524511217825,0.4251035745407083,0.006233403513636934,0.020793385130575028,0.7427417499327006,0.5681493109474022
1156,2.060860816227881,1.9030093139858728,2.4042268125398785,2.0950817556012473,1.9004070137693827,2.4146482750284544,1.7103572609993187,0.9781664804487588,0.8270457087037094,0.9690453023347494,1.0400399708727581,0.8943459014918275,0.9699007358055587,0.19247692387083415,0.5574304591346148
1157,1.9729298584944228,1.8201852523326798,1.8115516321955938,1.968377027112543,1.8380859024742024,1.8066495915439091,0.5765800919068756,1.235137702970145,0.7817538781544303,0.7712266962285518,1.240675658697299,0.7754417402934316,0.7795902987630214,0.09056813337933585,0.9726533664288022
1158,1.1492518581978695,0.9373681610517537,0.8006623473854547,1.1480710810075057,0.9523027913018238,0.7945709959583773,1.4754721099932036,1.3346262060302783,1.0924871798824374,0.8988311510353115,1.3350906098798225,1.1059204400669567,0.8975991198130995,0.3493913161695934,1.7384497330280535
1159,1.93019166511109,1.8903416607504306,1.62691478877343,1.9522025210540392,1.8896060381418056,1.6369232460898397,0.2236181784338972,1.2376021822869838,1.1906774648333476,1.0196222725060116,1.2311823459891773,1.1531526229032847,1.0372643848105096,-0.027287375214598907,0.3536498875474304
1160,3.331933368464479,3.1775366671019167,2.7464114394604198,3.3346356907456456,3.1729611575705854,2.7608571075867525,-1.2002979008656625,2.705279930527519,2.4383157913805533,2.2270788412557097,2.6983519141911794,2.4303271362827576,2.182137511859456,-1.4296925708055235,1.6667826366783063
1161,2.6641521133339467,2.7647661131075014,2.1706064818314976,2.6709788654091953,2.7633254245327232,2.16638577418441,0.10353459148063975,2.5177137767918327,2.6639678191644642,2.246593594179867,2.5107689714950046,2.680253930606476,2.2521855744045225,-0.9005379634810651,-2.231806449704214
1162,1.9314510574617243,1.7389862831303897,1.7435469039060068,1.951866710102876,1.7523036558593525,1.7629009523016532,0.7290090727627342,0.5834815226392979,-0.3813350331316018,-0.4084753080725465,0.5673517969009837,-0.3811815130010551,-0.4244133160038906,1.111245400717345,1.1499979748935871
1163,2.220030926202017,1.3348275144597588,1.539380661495547,2.2218201967984803,1.328322611800831,1.531922685913838,0.17521333755356414,2.415145661245989,0.6434147318007277,0.7331757650718604,2.425009374986382,0.6588709949616106,0.7494003956628209,-0.9134315478190639,3.243842768713221
1164,0.00020400763898944222,-0.3899786131494996,-0.4224652100480145,-0.003529302190698278,-0.39042145395839895,-0.4232100081841289,3.0141509390882395,0.25242236503262655,-0.5276530066333236,-0.4888749691034075,0.24744243996444468,-0.5326473603258921,-0.4875417433465458,1.6728238533777433,1.3969004280982036
1165,1.4726894307257379,1.5410859064627171,1.5494001787533993,1.5033051634412757,1.5360505760648084,1.5469720872982258,1.4448638560088807,0.2913908000246654,0.46702313909804927,0.40349434521529454,0.2864944002590139,0.4766370380598898,0.3963503301576194,1.605889259468519,-0.8552584429370822
1166,1.1368530920073663,0.5408760583875666,0.8335131891211005,1.1324863931754674,0.5386008557819084,0.8373054821499704,1.8184051179214835,1.57160524611357,0.7597907163721164,1.023680427571308,1.5678978047319727,0.7544092745909096,1.0472210724667954,0.6355516237133558,1.8539881566596093
1167,1.781979208744974,1.0005960504569469,1.150653171356417,1.7839933349311485,1.0071376652638624,1.1411058029885144,1.3492665741931298,1.8496737402209904,-0.183745134301095,-0.20374776073489645,1.858969834907902,-0.1875659049973813,-0.22460126475838096,0.5805699743470527,2.2830212929753175
1168,3.300063015698272,3.1194911655355138,2.920424996405185,3.2971118164320687,3.118218440807789,2.9244819165647638,-0.6162208964312668,1.852654357331828,1.2755819702621491,1.2534417091264147,1.7931062183380804,1.2708706682284592,1.2573051336857928,-0.556207855660438,1.405553243891442
1169,3.7351326587935536,3.8825308940569556,3.7212433265140707,3.7257334245015046,3.8886475726227516,3.715882923089895,-0.7560739619233333,1.6535579483869212,1.8071853551081647,1.9967615172863213,1.6304024102393406,1.7598383986752661,1.971487934151015,-0.2466080382577187,-0.3775770938916318
1170,2.449869939750037,2.53615988595314,2.40598294559887,2.4625766858378846,2.5333311314792977,2.3932785379474737,0.03101008007143186,2.272169510496946,2.528458022919252,2.648553698792536,2.2980001234209,2.5116273590280245,2.6496234372773717,-1.1476599416195985,-1.4206322907145859
1171,-1.2341681174592152,-1.0345597602536518,-1.1321814463396933,-1.2128541028325055,-1.0135179232344282,-1.0765873426755306,3.1990341465972247,-1.2168545801301132,-0.8628297014216462,-0.978021250135587,-1.203796035323773,-0.8615754477855165,-1.003954120274986,2.4950140260899603,-0.2652693164433363
1172,1.9104745815187942,1.8578202639424493,2.0759434038757214,1.8955432131402175,1.8551622357342807,2.077629360041322,0.7230566344417475,1.7183834967539668,1.7157762537182786,1.6832322726808777,1.7370713585133355,1.7147581545146098,1.7013063321690753,-0.27862754294147507,0.2085504785682661
1173,0.5924687000253576,0.4592957959100646,0.5698871758095965,0.5850667891870911,0.4417762899864535,0.5696021505405346,1.3769840207919217,0.3190222112054578,-0.07066009699778739,-0.07392611389917542,0.3104180848672994,-0.13834242722398227,-0.09081522529936871,0.9519739591051996,0.47580594945915233
1174,1.2637735059495954,1.3641737901237232,1.3541784696690522,1.2672959358415992,1.3737039713074544,1.3704141981198,0.9704660594205677,0.6506988317302146,0.8901099097976003,0.9056818087379103,0.640849417946451,0.896814201411723,0.9064026321991866,0.3954152804172344,-0.35878236280128045
1175,0.8730777733966784,0.8675253315218119,0.9102448105697025,0.8847340874899136,0.8730972170470988,0.9036525834427671,1.7789079694702679,-0.4582713117659533,-0.5340017423928053,-0.6182688357256603,-0.4788334474221124,-0.5290218953922915,-0.6241522944616291,1.6158907382424461,0.0020122420690412775
1176,2.006777513649343,2.488017054711001,2.996529620948072,2.009046755852267,2.4910898497581915,2.9894598487850805,0.74032089097639,1.3856535845363138,1.984412444278829,2.1801491446280217,1.3606863527516289,1.9925003227353026,2.195003974404515,0.6301165676267994,-1.1352235205213517
1177,1.9937614601857947,2.052679650055299,1.700223364721335,2.0063386681427855,2.0527420644676777,1.6959913405598306,0.3201543475487033,1.8390065241774762,2.0113952984269465,1.8134786303621904,1.839632689476272,2.007202755306019,1.8223819382600615,-0.44168445173784204,-0.47122830947068484
1178,1.4601177548077782,1.5226961889461108,1.7757262994486118,1.4542787186423158,1.527564902616464,1.7864315079577098,1.6912035317940979,1.6513882680014627,1.6639335514691085,1.7748391020133474,1.674527647117406,1.6592008849464384,1.7780415069942206,0.35671877040163263,-0.03828000247621528
1179,2.6194938266739203,2.5091094292294422,2.9912841409136197,2.621681039174582,2.5174472424514787,2.989223241087833,-0.20027454216847937,2.381618375264944,2.2895269845610486,2.1091135638708676,2.366642266947474,2.284653078603478,2.1026603033745603,-1.144319187368323,0.9969745646357562
1180,2.386660854731599,2.0287583948720673,2.136130321823742,2.389697005904476,2.01759038085796,2.147765587888782,0.8887283616343898,2.108723674466656,1.64483222148678,1.5124480628708483,2.1550395178013955,1.6389114382272698,1.5507165314657774,-0.2559474308936041,1.0243235708335998
1181,1.5058548099124567,1.4457179121957333,1.6811439658384109,1.5043416692220066,1.4371536495977761,1.6852053922731156,0.3869430577077213,1.5272314773461504,1.4231152909578928,1.7105084156445556,1.5151108511664244,1.4185766154672144,1.685332892993113,-0.39075138221455324,0.6399502165663324
1182,0.990123877808837,1.314512507124545,1.5116691464247018,0.9833913819054801,1.3119032515205933,1.5048014429580114,1.8654307896514564,1.2480128832357709,1.9573026344009556,1.9596140722960635,1.2570845752720843,1.9487155925372028,1.9156493000720185,0.3319671215408139,-3.4650874429734073
1183,0.9046601517175789,0.4078315617110504,0.48427807165202064,0.9048507479888296,0.3977598359142932,0.5052236461029779,1.475314145031043,0.931391941792354,-0.5730281307080163,-0.6202129932269539,0.927911447657561,-0.5738239140456919,-0.5904572969739698,0.22306851956337956,2.1574264559355765
1184,0.60752132118406,-0.14109441245097204,-0.1653558001042403,0.6221440095333076,-0.1441298428635042,-0.1272419525956014,1.6615485063336273,1.4210150331972091,0.12876921764534283,0.15013187460720148,1.443091289313377,0.12158599315505471,0.15667730714352496,0.1944421607342688,2.3245348768228764
1185,2.4175062428037144,2.5161267826711473,2.4252997091607105,2.4020779074049483,2.511234522183289,2.42882533697262,0.3279115292964687,1.2657095132563045,1.428710694066016,1.518249947960896,1.2486587829047147,1.4311316229228634,1.5221224763387948,0.2293139237127285,-0.7072952387557425
1186,1.9093919421181484,1.8147970941279783,1.4378352068575455,1.9020760575249747,1.821467658485331,1.4404182076681276,1.5325403824704134,1.6029713496324838,1.4386333530639128,1.425643499162465,1.6018178977942257,1.4470887023882888,1.4243204156613296,0.6789815487915923,1.8406142220538106
1187,2.489368065513161,2.21999137120278,2.4031445782860374,2.5026615890764594,2.2218266771726665,2.403045641675449,-0.06235788150256271,2.513837159565709,2.0623801874658376,2.149650524752804,2.514805217024975,2.0562728145385565,2.1499036619662255,-0.9951348742552396,2.1718588482232195
1188,1.5817546554519852,1.475205249977501,1.2986920032606235,1.5813920444989438,1.4817586599104884,1.298516468279073,1.551271699502824,2.1847066309844947,1.988247919384548,1.7121632961274245,2.1850599182647894,1.9838528907234685,1.7099179444847845,0.030146862964351262,1.0803528293435067
1189,3.2102747518358004,2.8232954004195205,2.2445806141393456,3.2013136603595567,2.835100428467841,2.2419174387600216,-0.24159526846879198,3.102406841641682,2.5878318465084322,2.051471262831655,3.1159185225710653,2.602041354135427,2.046204305433146,-1.420777943943156,1.8134547269698955
1190,2.980639914952147,2.5216072948462247,2.0762711638896825,2.9792528722537237,2.5273924893880073,2.076563712230135,-0.5347059822825764,2.986935711503268,2.306885848524539,2.0184470621567754,2.9888664901518647,2.303328075027148,2.0165127291023697,-1.1171761474005917,2.455615173183896
1191,3.0232060652591084,1.661472739911788,1.5286201057544528,3.002399885540769,1.6661173233334323,1.536670686227772,-0.5407132223301567,3.367694354805397,1.722356055718769,1.6287545055859451,3.375344189855387,1.738878417518355,1.5784820819186247,-1.4817607263878263,2.6622827228136234
1192,1.7148034195798278,1.7403237815860848,1.622196160390673,1.7155080521448203,1.7270071857265707,1.6159821823858642,0.7721464613950715,1.529885068447746,1.6103545078867327,1.408478200277413,1.5412543693419845,1.6332575274707348,1.4054693181718045,-0.22608033925145907,-0.6993027999300083
1193,0.07718374762662748,-0.11241571305986546,-0.11080494796051597,0.07025631955087168,-0.09885387270643775,-0.12267481025370243,3.0962888975691607,0.15520037792143604,-0.1815215888686183,-0.19361556092079132,0.1572732104037782,-0.20813599618087775,-0.1764279585072258,1.4616908187548177,1.4349811265818901
1194,2.5556829773724985,2.6030718590381716,2.892490444916272,2.551069259393457,2.6124652723136546,2.898137924093324,0.4430849077393786,2.159284397768122,2.251144152051161,2.3010731509432865,2.149564783727945,2.297696164847509,2.3365526884042676,-0.7701288400379032,-0.3134791507951237
1195,0.5874766733916547,0.6370307453776939,0.6241398259886921,0.5708863220354367,0.6318821332721875,0.6248002248125533,1.7132493826953918,-0.4060908686639566,-0.3145843102750674,-0.3100801300569772,-0.4281112707854579,-0.31950598415781534,-0.33786029839554493,1.3013462879897622,-0.2922278667199988
1196,1.4617443830402264,0.4655158548791222,0.47863595389962504,1.4701534488041015,0.47626609572873657,0.45238757221096254,1.022904043522065,1.9065982053854513,0.3096816398882604,0.38913158555344146,1.895161037165123,0.3206333038556918,0.44127021750650863,-0.16637643532987276,2.1578637432596017
1197,0.19193029003174752,0.21593010624566192,0.22315628848028418,0.18529530191904028,0.22258230033585596,0.24282330450977216,1.9175670824001079,0.2092616134922052,0.22025630191850806,0.24644890364456518,0.2005680995737094,0.220688359720838,0.2478395753648847,0.796103891931625,-0.03141709937073298
1198,1.3435923667599363,1.3564818974772415,1.6748400970638948,1.3451738754150704,1.3523383252138317,1.6782978432942963,1.9214465320290743,1.9784832424272292,2.065400190510787,2.0909816109550197,1.991256810397698,2.055588688628001,2.108744061346134,-0.26227261840716015,-0.8620858238266402
1199,1.5637331349244004,0.8612214068403111,0.9795800118421399,1.5603383315038761,0.8520433136751709,0.9833317734324913,0.8342838338661637,1.6242179190598696,0.7950306806246951,0.8279268205188626,1.6323909885299748,0.7744892337684761,0.8216373578717217,-0.08628681662450335,1.7595962045886662
1200,0.5985544028691157,-0.020808311004101514,-0.02056396261343396,0.599092240835549,-0.03195154556181737,-0.03305126703404735,1.5880030892543093,0.8523146396582995,-0.2519076421118574,-0.27451803955023324,0.8388878866504234,-0.21172112047265307,-0.31362788845046263,0.24431971843076708,1.7889026762939733
1201,1.6270950504130035,1.500524023666668,1.4947931255604001,1.6259653894644432,1.4962949052470569,1.4887042407274502,0.8774681697698042,1.663845808211955,1.5161586960726467,1.2920102424145021,1.6558813919112279,1.5280177858445567,1.2895125750662917,0.0724325769740862,0.6067670542559449
1202,3.3066657943394575,3.1387091602973567,2.81479649205006,3.335588776446607,3.128690165727956,2.8220751849652426,-0.6020900700211526,1.8771451989718941,1.6953982380205062,1.5867608753451694,1.8762385876558438,1.6945196660647728,1.585877438477646,-0.11569498578770164,0.33657443159169914
1203,1.3628826471337872,1.4789032046636472,2.3003330768990127,1.3734491315604347,1.475416891038667,2.307613381476221,0.8375544334296611,0.7801070299249453,0.9651395685008569,1.636445308017382,0.7560922775261466,0.9511743029556539,1.6106332685250968,0.32945044904879645,-0.7701129657108277
1204,1.1820902630238133,1.2012550532170059,1.2540401439640243,1.1847752374736473,1.2269791476777043,1.263941382487312,0.5333093944132545,0.3033925199737376,0.35514485361326364,0.35268746667065853,0.3078593943551087,0.42516077441021755,0.3505933159900351,0.5419649082062297,-0.16281116705697513
1205,2.363265921013769,2.308975557576885,2.269008490320029,2.38339822117162,2.3174579426803374,2.265990498006539,0.058000504172799616,1.2124899878943272,0.9983002115943811,0.9029188806661719,1.2291380185154168,1.0951833341970243,0.9730371603178861,0.179220741597839,0.7270950195193385
1206,1.6576909964236928,1.1534859557722759,1.1730842949067435,1.654655837573132,1.1548509211162077,1.1752747314884602,1.6749816452016937,1.2138866405448818,-0.02069596515045299,-0.019862170323967553,1.2110706260891988,-0.03783717423627135,-0.0077326756266537225,0.3187595044574504,1.6507605600523756
1207,1.9594120102677077,1.8422177519466898,1.5270670861212021,1.9720786417122609,1.8396383255139452,1.5218490139190999,1.0549597816102956,1.5770199856127018,1.485373548575199,1.6196665261643157,1.5786914142082573,1.471608850936213,1.602634304672559,0.20672188335457994,0.7282607901732226
1208,-0.2545072774252861,-0.3146383086236956,-0.35115107774017473,-0.2623833027846945,-0.31223751683183687,-0.36776757876988425,1.9705311410579744,0.14124496683113877,-0.04539851320261915,-0.04919124729487343,0.1130910216350517,-0.04659292347914098,-0.03556474122385416,1.0714390451425637,0.4475400498292743
1209,-0.16514812281622665,-0.7042852107232955,-0.8201524410807375,-0.1661935916366089,-0.7056394736262167,-0.8091424080826956,1.991390947699436,-0.39343266357795104,-1.4304556167382616,-1.3867264809403657,-0.37580147812659376,-1.4274510481394607,-1.368476937984479,1.4987357404231654,1.1989324712081826
1210,1.0890508109656776,0.8701543517679964,0.993364092276067,1.0893329858799041,0.8833004517772157,0.9844101302605973,2.177946398717487,0.8312945227041117,0.5165835408801727,0.572553715447741,0.8409040535380795,0.5086723626581443,0.5867184991240912,1.027629394475065,1.3579523021174025
1211,2.9203307566340873,2.969608758776692,2.5857578459946144,2.911783129866641,2.952217139682753,2.5836551761316264,-0.7856565462635903,2.399211541659845,2.4823963498499038,2.184854495553335,2.3935992291801993,2.5061141406718734,2.188243596858043,-1.2750743694883124,-0.4593999466632885
1212,1.5544891530050746,1.6156532521587696,1.8549759180563044,1.5485573877277046,1.6226427666535672,1.8604119432056925,1.5377248156962267,1.1522266249358413,1.2789257746012825,1.4943466200105686,1.1484336580562657,1.2756518568228374,1.5021617912236873,0.4530671457479306,-0.4301750665487141
1213,2.699667196125583,2.8190658178520724,2.9383019475204923,2.692763030216237,2.820267431315704,2.9350119494421225,0.6249571433762131,2.4986787233883945,2.7040370569147423,2.9505953553091393,2.5252276105131775,2.6949941458949658,2.9442063115955888,-0.4616326075634622,-0.49687226156419684
1214,1.6411665789207885,1.6835487351911955,1.7803794439973992,1.6318641115378978,1.6927080879815546,1.7797373327900106,1.484480623796359,0.6176163955125284,0.3292730756989067,0.3658809595099834,0.6039292174492557,0.33088426876761007,0.3690038131238154,0.8387947715545517,1.0839354853694545
1215,1.7232298087488152,1.3750087282545072,1.4086810673898889,1.7223703337582386,1.3752822983812116,1.401067026634268,1.047891267421967,1.8756098001716337,1.3112291483412708,1.3077350621389792,1.8613536836662008,1.3097313893048081,1.3042510660118591,-0.19149170569569088,1.6659322500113025
1216,2.6203504261357966,2.3170663273828387,2.0646369792422536,2.6334058415747856,2.30372303343165,2.0663589608793176,0.7742536112976242,2.9484425908727134,2.3720603565683875,2.010918191716008,2.9587064611382505,2.362732757482532,2.010339936130157,-0.967906556069863,1.454060864567333
1217,3.2404272828187737,3.202648464084614,2.4225740794101074,3.236973553647463,3.20045586170895,2.4207681224057627,-0.7322237462121645,3.0479992000563785,2.9193945878990384,2.2878945068527745,3.0375334661022535,2.933094437994976,2.2861884216840407,-1.4068564083081465,1.4089727015020754
1218,3.103838838508351,3.248824060332111,2.373935640740213,3.104519154795479,3.2523989514183405,2.3774558000591077,-0.5965832317541673,1.9956280012311765,2.2163122516754132,1.605505560495444,2.0007742963273105,2.1947145426860137,1.6198226175188513,-0.6624103550773054,-1.1268892937190098
1219,0.006627095508438669,0.15269953607567907,0.15370501096020459,-0.0015707956573782099,0.1432080800561324,0.15812371470126224,2.0022725059017024,0.4586931811060023,0.6861419052790092,0.6315596593395973,0.45899597033480494,0.6415561980287914,0.6388819193679008,0.8366195048044338,-0.42520905697444084
1220,1.2529155748155634,0.8061042501995901,0.7530300843598399,1.2708873521680875,0.7578078225593301,0.7126282020350119,1.281099327416707,1.5606330683085432,0.817499129216977,1.0406176437732464,1.5607783785930376,0.8314262683301287,1.0582962277354748,0.6852344252695588,1.38046461519625
1221,2.6395474829900407,2.5842282983584726,2.3676236674273405,2.6062835838022815,2.594418552789251,2.358642029196711,-0.011896261506394099,1.6311658703398537,1.5428601523017194,1.4882919955055909,1.609324035412075,1.561286313442319,1.4533118337149786,0.03498906850212116,0.7618482806753034
1222,0.3167339246750076,0.5256064959781098,0.4804266067695071,0.32278741399840755,0.5094573928856232,0.4835227375797219,1.9809602295651594,-0.16289214002512106,0.30245612519253623,0.31132187449939924,-0.18755146180201593,0.3570727695289819,0.2852167877029597,1.1672053331077514,-2.3012301019788537
1223,1.8338130604446692,1.5346962214255646,1.9116266898814733,1.8297893111666241,1.5297380509739154,1.9294262922337726,0.9757876350403727,1.4790255885983086,0.8823570258064279,1.0492739244054925,1.483603357536178,0.8929493692800806,1.0488207524587017,0.3750785928862875,1.316841671200702
1224,2.3467268457216766,2.3905032521820013,2.275168344188266,2.3371130491443424,2.3801219568480145,2.273176338394367,0.18821212433047152,2.358684064528173,2.4284636519418896,2.2482682834973713,2.3624574076335887,2.398485563981107,2.24930416641474,-0.7001596236804316,-1.3232767084785848
1225,1.209618479185395,0.9738387737643325,0.8497951735650804,1.1924001514202203,0.9622840967320567,0.8380351800965972,0.6721439297684328,0.7999523963479975,0.2379705445662137,0.26665279961737864,0.8968861275138902,0.31566791827617513,0.3246877182997512,0.6112035065821356,0.9617035207116968
1226,1.243577086161209,1.2984987252994051,1.2777312533918814,1.2461793971896789,1.292425258981164,1.2758990009971274,2.0286273517284115,1.159480039261082,1.2820314432638995,1.2706601678216851,1.156227828831003,1.2818455870580412,1.2566797307179327,0.7620227479780052,-0.9682229835006313
1227,0.7452248006190179,0.8232272808139678,0.7251277734768109,0.7631261144606584,0.8313685948678097,0.7139869485202905,1.4569951435296233,-0.732964401872125,-0.46970201939459794,-0.43225424187587314,-0.7455259393613745,-0.5156787478976866,-0.383473048609519,2.1325214964798405,-1.739457655741022
1228,2.735445230834229,1.8396338160282788,1.758713373617315,2.7337018125610477,1.8385424924280869,1.760100791219437,0.7790937915353346,3.4329559429229017,2.6879240679425154,2.5446306007442896,3.4385851990770426,2.7048253265349387,2.5456074981332844,-0.574051284347253,2.6759483279051683
1229,1.5620404884382275,1.5018113110892366,1.451512873407619,1.5611696718721053,1.5027296664101633,1.4545725324427643,0.5481520343911503,1.2188363481794968,1.410933875881742,1.336938737548474,1.2456802070517257,1.4048557390593106,1.3412256184125753,0.03242992382666974,-0.52385287407742
1230,0.6930752846853331,0.6357326541769454,0.8323563201582203,0.6892994644878013,0.6353616543364524,0.8383535595070281,1.7226129833123864,0.5580767002711368,0.3930808190997433,0.4508446077218775,0.5462178192170121,0.38845701065411253,0.4606566820805645,0.9705077569750836,0.5171798155294854
1231,0.5404961090466014,0.26429705697071193,0.2819193801684554,0.5492633499128545,0.2443623758788468,0.30665784001022756,2.2205282678873495,0.7226801728479377,0.4376423660123714,0.45394090027154793,0.7341057070383995,0.426131036330186,0.4423465625097676,1.0565153300479253,0.6127577991460015
1232,1.9445259608486616,2.036355055536199,1.794700756981532,1.9413881357483749,2.043058709713932,1.801434265531748,0.3219544867576442,0.8855424828482091,1.0108443391456965,0.9905668182828584,0.9186210191287593,0.9825748519868367,0.9911934844586913,0.5480455539909777,-0.9194621119209222
1233,2.368824183845798,2.263983647236403,2.2900056234590207,2.366187880273391,2.2707926605600943,2.300845587995603,0.07386933397762999,1.6178791025096257,1.496091696611678,1.5501168582619589,1.727705009154929,1.428141694112085,1.518219210100376,-0.2594130275186821,0.9884733957708112
1234,0.5245133152204207,0.33215869647781726,0.34375597129317187,0.5311304667872173,0.3367924413259285,0.3472172082598694,2.8357315169422064,0.5217356692993906,0.18722144998528362,0.18175588554335667,0.5125363685082361,0.1890435127332193,0.1680690529886669,1.9202687430895808,1.4643902090228027
1235,1.9845424290359435,1.597090099874959,1.9582299723691834,1.9862759700232908,1.5838563343324825,1.9468713350241724,0.6638746757876325,2.0794999259312084,1.4261589756890223,1.87411388578682,2.0940990439921263,1.4251980257088679,1.868747535126938,-0.8242056460823319,2.243551426935186
1236,0.5232954749546079,-0.07310458610026144,-0.08413975851131915,0.5122675059436924,-0.07109721094291883,-0.08428869726586762,2.538983795215092,0.5988816573079593,-0.6640837578771117,-0.7200993275397501,0.6135562956674369,-0.636888014257425,-0.7458827074422,1.3540340760259577,1.1954043221073565
1237,2.586509099175272,1.5859955438319933,1.5683097654817162,2.595193445772586,1.596558797522454,1.5527295033148254,0.4294328893988171,2.2463070504750067,0.6504781795884861,0.6441664649464552,2.2540116239767873,0.6332800399300633,0.6075070347978048,0.1471436351541863,2.0214804770885264
1238,0.41839656931416475,-0.0017094262793286477,-0.0021347348478847907,0.42296438663977926,0.005166287814303734,-0.0061034040573952125,1.4225216307886719,0.8716565267790954,0.1034629252944923,0.11952568149075998,0.8866096073935076,0.1380243319394804,0.06227336444625843,0.23818900560591388,1.2605854009383755
1239,2.259209035493564,2.3215672870359976,2.2552246424435287,2.268776852256056,2.325192110696492,2.2495400735109183,0.9631167636456655,1.390879522239188,1.4768589443968172,1.4633171915176852,1.3811393687255686,1.4562683797585758,1.4656192596731512,0.6696526958041933,-1.1509266173293924
1240,1.6514688124433008,1.5006870346259016,1.6966003840022255,1.649850821647924,1.4946116380576047,1.7171264087083777,0.7691719304738408,1.6325935564360305,1.3823023386526476,1.5642307705132519,1.6099134671074284,1.3809599357825904,1.591985921233959,-0.261565795322233,0.8604530242346606
1241,1.844413767447677,2.053289607685968,2.2177961323480058,1.8407252570367358,2.0488176607863067,2.2171835775077557,1.0725443866095685,2.4720750185395017,2.7110413188746927,2.352296786712182,2.463024354463071,2.6979843639088203,2.3446978985661935,-0.3604095390516542,-0.44143050661388017
1242,3.0854343723675126,3.099724633817591,2.992284653796335,3.0773762847497816,3.0933669704269358,2.999279954720145,-0.344700868397423,2.6234456304357163,2.6601987966019403,2.444150044074919,2.6044783841783867,2.646983361775125,2.451010716136572,-0.9849260755971145,-0.9428839382256551
1243,2.4080813279718853,2.0742994452606407,2.1268944930049973,2.4149943148826116,2.0643729657129413,2.126020327103848,-0.2141027041916216,2.3691833945448626,1.2881038073961737,1.3335302762415695,2.37958056537201,1.2160029226250073,1.331988635457023,-0.6326487676511006,2.3943543988794773
1244,2.7604123319710796,2.700701091796683,2.2238536458647964,2.7513197260892945,2.7121203539746177,2.218560563054524,-0.9236322333701368,1.7472002961879614,1.6815949099198446,1.5754281719568415,1.7597252388479299,1.67408330617438,1.5709072432705329,-0.9055020972182731,0.535639376030495
1245,0.8035351059751037,1.009435360377225,0.8994077045075568,0.7876601826188661,1.015472834313749,0.8943906766912924,1.7673004114104958,0.5735428588852826,0.9164742889798602,0.8755937684496514,0.5757490820117804,0.9460723672985825,0.8793394975849089,1.1488583158170933,-0.24312557574998245
1246,-0.2181880456827891,-0.12717853033109255,-0.12137466071539958,-0.25715102359926545,-0.1089767684373598,-0.15154909610680853,1.918496273174444,-0.5887224094145707,-0.323967609066602,-0.2816702034572323,-0.6097486761351298,-0.4258137935849517,-0.27349491999546965,1.3120285124748003,-0.8622747545280246
1247,1.8398007257116282,1.2808880413894217,1.1920855462288809,1.8596696794226448,1.2675495174262241,1.1795915234089047,1.0548466065285638,1.405760256419923,0.3443087739861288,0.4171225149613826,1.4113759201141505,0.3122764867673486,0.4049706157206701,0.4405935323185126,1.9215981380792049
1248,-0.815032245600286,-1.0579090012278316,-0.980278548451261,-0.8122589018937975,-1.0514915279623536,-0.983737716012586,2.9179606502382596,-0.607146738691693,-0.9183465744130166,-0.8839651060471789,-0.6131176934041295,-0.917251454771665,-0.8785600531371849,2.047683290802635,0.9648127523455687
1249,2.5981014472949555,2.5962805828158992,2.572488997851465,2.5997347868986234,2.598838698543915,2.5656839602892636,1.0131875792910192,1.465139612327052,1.520629225563931,1.5913374059358696,1.4319299503191434,1.520460582976766,1.5639841670676389,-0.09614443273297417,-0.10987565719855868
1250,2.8050762647392617,2.4289538318729287,2.1439630234682157,2.8123247571581342,2.4286107581389462,2.1414693882361364,0.8402955041526193,1.9160547373341383,1.0737859584320724,1.0324350132729907,1.9029310928480676,1.0636759794807986,1.038267019536194,0.3425204913923019,1.3671663885540224
1251,0.39828802089292936,0.670942381578037,0.5896571809410515,0.40640265453594165,0.6667823137754229,0.6062098205917489,1.7206059520351813,-0.7389474680762174,-0.26436379457951437,-0.24427168578431266,-0.7340256461306446,-0.257656917586501,-0.3300867068611832,1.6969468596706947,-0.9974762525525145
1252,0.8001993717585062,0.7242306838767795,0.9638158628102402,0.8171823504918975,0.7104689867121239,0.9677855853032916,1.264087076283358,1.1608148942122718,1.039885401573205,1.5491138751928437,1.1500266105613526,1.0219116150862146,1.5436457851931313,0.12907286291373568,1.2016174502277426
1253,1.3680459946500312,1.0151748211482174,0.8233421620328036,1.3711864109048875,1.021626445754963,0.8291624205495509,1.1389842858949657,1.6011967505189053,1.0928395796043435,1.0079374707838153,1.6393069966244143,1.0783742141588797,1.0138317766466711,-0.12944207007157907,1.7166592137901966
1254,1.7823632533328475,0.9291924840410594,0.8959086520673356,1.7616882936936133,0.9233536179110451,0.9075741043414354,0.7414172109788779,1.5938877893926466,-0.6562815230835657,-0.6701172454885191,1.6442784655392637,-0.6137924053177424,-0.47881648188453235,0.23725021588601725,1.9186935223402366
1255,2.203196891557109,2.0278364697821987,2.107941956346625,2.19704445018072,2.0381844126997573,2.1068629386361355,0.9956320785922922,1.7454021766483543,1.3820379915878531,1.4319669066761467,1.7307716250739653,1.3859586224571414,1.4377997641871114,0.3499065590947035,1.6262702308873407
1256,2.6579024252502292,2.677745577564313,2.4616511756973645,2.6418547805418506,2.67013676393826,2.4613649904175476,-0.7688943364401238,2.1988278094859246,2.2159822506026803,1.7770910977153853,2.2378410189938425,2.199940951597744,1.770878689612536,-1.248768073892552,0.2591554836608291
1257,2.355727602596081,2.4120501349813903,1.9729102979910405,2.351751998526502,2.411090814729489,1.9734517065998542,1.4732962558587872,1.9003692565633505,2.0257295015349057,1.7078931725396167,1.9171314984511194,2.023022936811403,1.7008148840338668,0.1983730756836694,-0.049633934998545556
1258,2.1199449758552817,1.6252140496021783,1.886348503925083,2.117598358437365,1.6315640597008843,1.891437196643427,0.7358890291302175,2.1286237206564276,1.1618492082568093,1.2416897292987639,2.115052627402156,1.1430663404665353,1.2354485082772906,-0.2878577707091192,2.5460621272130886
1259,1.9088113175276442,1.7638179897633068,1.7400040121238534,1.8984143685042671,1.77236116930491,1.7511197947634856,1.210618364893205,2.1314272662934144,1.9403045053231796,1.961869242605297,2.1506801240766076,1.9470413464218375,1.9487434599657871,-0.5892014589906893,0.7650515846678236
1260,2.392949068958371,1.9168099197086055,2.0368054117995107,2.3934799191393092,1.9151786695726185,2.0405084476189645,1.50986141981564,2.0579055301528113,1.5427611933668226,1.6299336569866167,2.0518841725781445,1.5388990387303654,1.6355509361635876,0.6206763565336393,1.2214183702523966
1261,1.137528210646389,0.5947842629693834,0.7488824367629421,1.1344085801160688,0.5992521554053581,0.7604731061969094,2.212770132502265,0.6274884924883539,-0.2714701012328521,-0.3055380762539865,0.6398252887799688,-0.26850801226988663,-0.3238504583348583,1.1446947433292136,1.1631937947785957
1262,1.9652982294598054,1.1617248906413258,0.888878216799156,1.9496204907877146,1.1567470741558539,0.8989709336814847,0.29010230512656426,1.7781961498336467,0.5094284296155587,0.5160340748955067,1.756743698470315,0.5269521364582921,0.5279836638401134,-0.33637308573105856,2.4555399757500336
1263,2.895682711320496,3.0673944304008023,2.7223660659354567,2.9012660418322342,3.072957333916775,2.72938952123764,0.6979505275783903,2.511625034466584,2.853243321328584,2.6519409447041995,2.500305995376596,2.8556015840702442,2.642962188206386,0.042357062978966166,-0.02234921306508528
1264,2.71623148099812,2.3332902049248383,2.071751882381454,2.7299729487576054,2.3328401712499014,2.073792608825636,-0.09562727474494141,2.054529334825427,1.4453708742544014,1.3420640096380771,2.0605051342492358,1.440080465401526,1.3512417011632296,-0.025135677047547142,1.3763724519200031
1265,1.8210425264111891,1.486538375834933,1.3819650624364626,1.8181313016489284,1.4980352300395618,1.3869993634774493,0.22690806933760196,1.0228864773280226,-0.07369516338762974,-0.0887055894633216,1.010644732353836,0.029697361899098357,-0.12088129777852508,-0.16559546131101557,1.3611642958689918
1266,1.3663277191461924,0.029021856036445172,0.028264185911195186,1.375399428094434,0.02270121372572456,0.04424602357471811,1.2408603866044525,2.173099649256267,0.3369087292232596,0.3269487832557057,2.1725689290939116,0.34120919300154096,0.32795936208694765,-0.38495721347614853,3.7921574246169016
1267,1.1804467826596219,1.2744507151218372,1.2437753894404349,1.1766519576932752,1.2678708726627623,1.2360393866702968,1.0456434221200361,1.6080366067983027,1.7039265733648745,1.6118271752680793,1.610445324900795,1.7345964788034163,1.624349955326694,-0.3279944006013023,-0.07449140496551
1268,1.1795150665772884,1.231123257597322,1.2842161101389369,1.1905756157192477,1.2854765792258962,1.2816498278091157,1.2513953690319084,0.7054236490927933,0.5834327275057237,0.6261545388092336,0.6583879058289117,0.5421592072933784,0.6500037036036018,0.8554099718922406,0.6228564558387725
1269,0.473012391000104,0.3296484424738136,0.45294067150173817,0.47193235680212564,0.32701880784214954,0.43664027001327915,1.0703746808185817,1.2171686461508242,1.0127861267953562,1.092226154009294,1.2120798609229375,1.0077344465347156,1.0647832628943177,-0.4666497459172922,0.9314684579249015
1270,1.8302292674410607,1.5666757119194878,2.0855181491040122,1.8178928475177045,1.5546285844495755,2.0805779281794963,0.9011371907684731,0.91048317506645,0.25617568318080475,0.2994014184460145,0.895809771673348,0.23107686571708033,0.29109664909280814,0.997996027071614,0.8778644134441802
1271,1.0943807493349407,0.9368605417897173,1.0650124732776396,1.1018444560599228,0.9525101225410418,1.0510961914007013,1.1360307997714754,-0.9232546273399056,-1.4338034463890181,-1.3854340158644403,-0.9796570308716797,-1.3936039722512048,-1.4477630481036656,1.6094826656438066,0.5180400688248464
1272,2.6815496693133154,2.6785115226174394,1.976628330446658,2.679330712310521,2.6842190030203676,1.9779763415049503,0.25231054132939196,2.699742852100212,2.715549119767768,2.0486477237907113,2.708586101325204,2.7176007800187225,2.0465091400077497,-0.4892523918086579,0.009242020507771107
1273,1.7268419579342849,0.8363824139398951,0.8392590757826428,1.7270796507571937,0.8218764947890543,0.8433499228156366,0.6753868193334742,1.80228125659903,0.11873068910413932,0.11989288992084099,1.8418531162558207,0.15612063467370924,0.09702013084491415,-0.08553677912764926,2.0874179185643116
1274,-0.2771370305101492,-0.4589013617367741,-0.5588369617798775,-0.2860235992678988,-0.4567429860654271,-0.572971726889843,2.210226646788206,0.028326036222683967,-0.21479098891292375,-0.2967659057853897,0.03649246867964961,-0.25081832034073487,-0.3281327339458453,0.9959321602692436,0.6597148950960839
1275,3.165087716252759,2.343671644113998,2.4144566205348053,3.174207113604084,2.3254735568262195,2.418642618489602,-0.13612616920633944,2.9193253782883106,1.8790721904841936,2.0047777168252723,2.9205358206004464,1.8693835937362884,2.022686227642443,-0.8434388452915627,2.3805145535115897
1276,2.2146781233534885,2.487856864845004,2.312451913276007,2.211372008242383,2.4672185883949993,2.3107877439947133,0.1620799483327237,1.8036401520536454,2.1914158309756275,2.0981923909789284,1.7897089645857969,2.1919050822436312,2.1151402604052167,-0.32463191900824473,-1.1724825151244838
1277,3.124813113386763,2.9912177656933094,3.1528876739761027,3.1320510968269244,2.9892590234366305,3.1486461910070047,-0.9486339970447242,1.8275328740675956,1.5699151654594452,1.7138694419214309,1.832827205533916,1.5630004935110116,1.7070390610165371,-0.5140769416446709,1.3458966489580135
1278,0.9263214286878148,0.5815294192315784,0.6292423043388574,0.9231226840937882,0.593768182724814,0.6278575769271638,1.925377161637001,1.3344017070682501,0.5286128358604235,0.5174706977239026,1.3253685917789348,0.4718776412713013,0.546236151551491,0.12391804617216726,2.346266703455246
1279,0.9084518912693913,0.9337027668583143,0.910848491363438,0.8897596146688292,0.9341580508619743,0.907879772495764,1.463101964568662,1.0162599416698532,1.0894324886383207,1.0427231605137683,1.004211757589588,1.107305000871042,1.0411409108268768,0.1478405784665548,-0.3911177444988538
1280,2.5507313677437877,2.5299399733894985,2.139902008751083,2.548994284297059,2.52886192679626,2.1471559737033545,1.6203420123045202,2.613623303573773,2.589698299967482,2.10799975845798,2.6143078250518443,2.5893097450039413,2.1069748438913156,-0.03670393216583244,0.3941352167306726
1281,0.5842338519005029,-0.37844971357247975,-0.4088496388026403,0.5689984956932743,-0.39223978488875605,-0.4079866637216702,1.519951593775121,1.2215420475637724,-0.46356685231871186,-0.48038169622883803,1.2287046870745362,-0.44525847801708907,-0.48546852722220485,0.22172501851231702,2.3979650135991286
1282,3.4081904942773162,3.4069309917457957,2.93119513928672,3.416666048291288,3.427659491304795,2.9283780439303153,-0.8176999293656384,3.0865594213775847,3.0865023203129196,2.329906430922766,3.082227632784732,3.045213156887961,2.33226898453713,-1.8986169308142926,0.12254685736372929
1283,1.8593065120630325,1.1933210059174346,1.225883864699162,1.8586538271519257,1.2071206339521212,1.230890647624543,0.2856562435332026,1.4989210976812681,-1.1595413727388886,-1.2034536036544734,1.4783409664615148,-1.1495658343421729,-1.305523977708619,-0.2222799481103027,1.989069369835848
1284,1.5688653577349954,1.5155797889409115,1.5505485169148117,1.5730200814245878,1.5092437324291292,1.5594921631915921,1.4811830582106131,1.0949371396353704,0.9458002939869613,0.8488448431585166,1.0959503209022112,0.9261707946404968,0.8642049436509118,0.30449774086973763,0.4915330084125361
1285,0.7389281159321126,0.4644219712969454,0.5053218939789293,0.7304127443319676,0.4734497617118667,0.500163208828739,1.996286463420737,0.8771452464438121,0.45038377647915395,0.410765050590999,0.8802899825829995,0.4457873767486918,0.3985481675352721,0.5135972521833343,1.177957217191959
1286,2.5437062858916746,2.659460076524987,2.3279131032461056,2.556859860038664,2.666846093361235,2.341411634670818,0.27863903251541183,1.921039848390706,2.0053626091187042,1.842103174997762,1.9079922991908604,1.9965144346269927,1.8489483270526412,-0.3699605105727974,-0.37376938286346906
1287,3.1812683875979006,2.0881101922688488,2.1808743754497137,3.193337630084017,2.087231103657326,2.187105566596351,-0.25678484314195027,2.5100424275941715,0.5724017077543411,0.6175597314294156,2.5048766594085343,0.5411690275399041,0.6404297890733947,-0.8918754863088105,3.264589713332508
1288,3.333983967655052,3.546118953741967,3.474946121769698,3.338163174168495,3.5551581896156246,3.4742297674047933,-0.389422103845214,3.377533372596897,3.679067780901618,3.1184352163106843,3.378754702739574,3.6805350636784313,3.145081114092821,-1.487856666624821,-1.8544838087496642
1289,3.5450880680610197,3.687364102343866,2.6296589417657965,3.5364688295995794,3.6801553949657544,2.6271690103499834,0.20759475969263172,3.7114338081553435,3.906094976701811,2.895758777997492,3.726723751839306,3.9061781813632503,2.899168259666595,-1.3150917544045566,-1.5071038088546298
1290,3.1519695740966416,3.129756366450674,2.9614640916767394,3.1592604817224847,3.129515840457139,2.9544490807957784,-0.2365629424327984,3.0097823881852457,2.8435297162031294,2.5889282144102856,2.9962954353078732,2.8489500107787977,2.622801136721237,-1.6059943765768985,1.0425713738646532
1291,3.0483384094105657,3.160894539368625,2.9344277886430166,3.0537037295747673,3.158181674440524,2.926910983411409,-0.001859326907762489,1.751639478221477,1.9973480573599443,2.1367128597217726,1.7499872626615247,1.9955869028411157,2.127610307613546,0.014430325636094492,-0.9263400002779298
1292,1.6031453185283124,1.6058131573902943,1.726917833639783,1.6030242353641468,1.5955780175250018,1.7253835979365464,1.1033452092259861,2.0945998203549663,2.1116804341999833,2.090595583357062,2.110158440385878,2.10227204503681,2.0809112757893002,-0.4426267912363472,0.3345275295728998
1293,3.4752155642921667,3.3265297711221096,2.624852888063787,3.4807318222630736,3.3252203393556385,2.6252508059708357,-0.45890671608494477,2.8385174760092307,2.6613340079529455,2.0658093291110644,2.8301153454201,2.6647134302810804,2.0596572145211116,-0.9278768143306473,1.1691538641444887
1294,0.8802730116264098,0.7255719263948942,0.7629250331055107,0.9017506064301324,0.7491249822286625,0.7312609905403995,1.3518299896104902,0.6413942151799015,0.2657611231307066,0.26953736392312566,0.6464394019415016,0.23774305182140085,0.2399072049666766,0.5745792185064961,1.5569526724912945
1295,0.20536140243322396,0.11309429206374322,0.1147063699933921,0.2311484626313275,0.12486761678981663,0.12950418737711342,2.212444420915534,-0.5072316834606153,-0.7591812684050462,-0.9434039323209741,-0.5645748780902895,-0.7032691779843064,-1.1155526455943974,1.7607018468746214,0.07057376761867186
1296,2.946553263478114,2.9051842502504956,2.8618610304545404,2.960830458874805,2.8821508573571744,2.8635741373261627,0.23056626309726663,2.3374280696878547,2.2839493751820874,2.452990826192427,2.34692564318399,2.2806322377931196,2.458781752643499,-0.4369292851390008,1.0150228130265664
1297,3.0632071636836313,2.719835451992035,2.0937342650626354,3.06547505169904,2.7172855046765743,2.092277118856186,-0.3752864135264749,2.8807500696287214,2.3389607663400227,1.8500258570655739,2.8606809581836528,2.3240076144397928,1.8388067058644373,-0.665679893998848,1.6901852296463271
1298,2.072400887377506,1.9478249399968395,1.9423326772842737,2.067643601057696,1.937404310209073,1.9634352519622604,0.6425008512149007,1.5027831316940774,1.3433136613489167,1.4676744473679957,1.4992006026816125,1.3837483595811855,1.4687611914093517,-0.29864616066454885,0.9627995517248984
1299,2.3035038663261935,1.648664893485687,1.5527104190050847,2.3010394943198427,1.6428292858008307,1.5559725633958277,1.038040522299778,2.251851780187917,1.3300364249402052,1.1787106850293587,2.2771081747707025,1.3498423285411867,1.2060400105043518,-0.07312382700283099,1.6191626623683844
1300,0.5657014200889976,-0.08529737971776413,-0.09980888230409092,0.5656150943862528,-0.08004479249694263,-0.10751365310143529,2.307228776575212,1.8712230948418835,1.410124761881365,1.462425752310875,1.8652551973052824,1.401732062233686,1.467085616373324,0.3038461416400288,1.123453500520593
1301,2.5573450490434366,2.1075315166800874,2.0797935626772115,2.5599986361525824,2.100849629890127,2.080697427771937,-0.020730228904880507,2.4416309091452466,0.9888869281095095,0.9794374276383743,2.3888601796965077,1.0184322877554306,0.9836612427847576,-1.2397299642742097,3.2728542036911823
1302,1.8805358974435402,0.8297453264844662,1.032274335601859,1.866793435651841,0.8367487008454242,1.0316023410797983,1.0937527742763227,1.95082655059685,-1.0128791537488968,-0.9843445053234458,1.9561578894293765,-0.9787366846074353,-0.9914649401139133,0.3872274176362312,2.421639021981242
1303,2.2258149857252376,2.2651885593216425,1.9419595333821917,2.261992907469833,2.2793249810957135,1.9351129925860762,0.08490613727883066,3.0888947899292827,3.1552877608072145,2.7918468549322464,3.0947346635137727,3.1421558922564388,2.797628937067609,-1.6092414412312555,0.058602242341092674
1304,2.1504344957550523,1.8318042446877096,1.7324336458506184,2.1489534911180503,1.8294555566774895,1.733914182101091,0.971468984925475,2.119749301415327,1.5685902080483312,1.4847951111440292,2.1083550447623876,1.5695300542885537,1.478282633649583,-0.2117941461237046,1.8546205268402298
1305,2.161482380587895,2.275252364008794,2.062468672660598,2.178049873685359,2.262359056847741,2.068660468591688,-0.3345282133338865,1.9685067745957978,2.068870682910634,1.9607880656594456,1.9668126823527117,2.073481852447947,1.9444201590080323,-0.696139810147599,-1.5161784300093466
1306,1.3653784797897386,1.3800171026996206,1.589387877778743,1.3744247564092005,1.3744179514814736,1.5919436300045002,0.8935480492534718,0.5606089624835648,0.1861279567054383,0.21998786305702267,0.5406648541405369,0.1602509970938765,0.21788397800921994,0.5655808211804558,0.9655970007781197
1307,1.9852929226921021,1.620092990883546,1.615567448948717,1.9715149892485402,1.6327515711874632,1.6215568059977405,0.9654924536888633,1.9428020334223493,1.39228877581412,1.3706812134270083,1.9435724478430374,1.392718767252741,1.359263866163337,0.005743797636758854,1.8404532307996067
1308,2.827315365480643,2.527948139006581,2.9000603978370263,2.8273809503989273,2.539084551861319,2.908861115612536,-0.31790117977091725,2.6902721410949373,2.5347815778859166,2.341845961029109,2.701533780853512,2.5040876594897887,2.305662344066087,-1.5262012872610655,1.2212960762720066
1309,1.7662624732989904,1.4357210160003402,1.3600456675288441,1.7675906100855778,1.4376080158536544,1.3581732625395462,1.5343942496743248,2.556640728091922,2.159733663754915,2.06782932146994,2.559299015324925,2.1492420729222874,2.072626654339104,-0.2401767067548276,1.8459048822625692
1310,2.4365863640358847,2.318106922331657,2.147189211711493,2.4272001552966302,2.3219149393207386,2.1428297597941937,0.8102214987831987,1.9255489891706918,1.891803337471383,1.80798920963307,1.9141468711695349,1.908955940389472,1.7979217405460153,0.08780205048477971,-0.11126317191149968
1311,1.8791456483169258,1.9904194077258486,1.93713321498418,1.8875342528674075,2.0118385973450867,1.9322993395823909,1.446092292473135,0.7051088540001359,1.1204030935093647,1.121563218810542,0.73939935846501,1.1470716034462403,1.127581775124553,0.8248724661965208,-1.3607912112679352
1312,1.0527599378610586,0.7053196175922538,0.7070393293776857,1.0491023847610845,0.6949145466350642,0.722343869315552,1.7220458846524458,0.7947069469649394,0.3420609393261006,0.36140732897676126,0.7991615712724106,0.3487670202218181,0.35914054844475596,0.951271978749642,0.8086497330989183
1313,4.090427249999335,2.6854708492623875,2.245543000486288,4.0911781997541246,2.692864521991247,2.2591185594219185,-0.5069112868908139,4.252708026052062,2.809713830640947,2.3233637825344693,4.257732603522014,2.814754277371061,2.330551469114371,-1.7434864390662612,2.8740239740663136
1314,0.508430222363676,0.6068150316929063,0.597381330444085,0.5156139115162108,0.5849076657647906,0.5839708059521945,1.632607191155278,0.2025145878044061,0.4834247782501275,0.46955958378448376,0.23533475479179367,0.4889822135747629,0.4945683113964843,0.984668916571638,-1.636184899584387
1315,1.4415920328201246,1.3145353719184292,1.5665395289678647,1.4353444090131953,1.323077408221528,1.5734480953631287,0.3560351410694673,1.560949399933832,1.35246943668395,1.3959150951020256,1.563767864208223,1.3586738472699957,1.4515392950286192,-0.4673904526491378,0.893727000668181
1316,2.3021255375642684,2.394992451050602,2.7306497787588953,2.289631632119747,2.404562373227032,2.7284338302441125,-0.18513003148059795,1.292706171175521,1.4686838109078935,1.658351680893495,1.2516517599273955,1.4500226394207882,1.6812073111056551,-0.356739869815613,0.04668867714898572
1317,1.7590882009462079,1.7773142016720793,1.7669295275948136,1.7507475556608396,1.764710743653347,1.7656593206375655,0.24784861891451238,0.6810922907913319,0.766926171589706,0.7359020453700799,0.6622630776684567,0.7979102945200135,0.732681611906619,0.38811536509985944,-0.6570852185192388
1318,2.9317228814703498,2.518237308524193,2.2927310436775925,2.934974923736329,2.535542332381185,2.291641253229151,0.13462907034957658,2.8551471464408387,2.4943664620855968,2.2086638275205814,2.8553933314832256,2.504143445491287,2.2162008558838155,-0.6889738538380562,1.4538509271959192
1319,0.027477802773635762,-0.6357974299743744,-0.645775542985327,0.04140184203635128,-0.6788015391106484,-0.6576557157792139,3.0223885613088646,0.3558389339198298,-0.6878396070125166,-0.7123997669085395,0.40546381114360486,-0.6873355283853516,-0.7090927402587245,1.5763195359081905,1.9311242841417204
1320,3.3402900493834147,3.1070339765110515,2.8178912775277576,3.354589403837906,3.1127752577415944,2.823630376704891,-0.19012300799524035,3.1236744593580195,2.758796013582988,2.4905226063644137,3.096649202424154,2.748349693593324,2.507389657172796,-1.2993658099039895,1.1967751105982354
1321,1.1901625745681321,0.17486286461755107,0.20669632319133613,1.2033433413010897,0.17743870408543075,0.2172606008044839,1.520750795523793,1.4991893755282606,-0.3189996457284814,-0.3264508403670961,1.5195784948379596,-0.2843211578813686,-0.31776004788822804,0.6228891664010091,1.5610187262441984
1322,1.3620164495472522,1.3298928760351247,1.5340590605479445,1.3508254606380843,1.3215401495792538,1.526433374651392,1.0138594696688208,0.5500124224619076,0.7328068051974507,0.8157008703761196,0.560313288209913,0.6882580221933005,0.7820475831773669,0.7613868404898333,0.12881380834479572
1323,2.127124471499016,2.129103280724449,2.066315201011408,2.127370316997297,2.1259815471457815,2.063442794127214,0.46912138575862933,2.147966977403546,2.1604474434362806,1.9546918564708977,2.1725072838776054,2.183827374295898,1.944919255453736,-0.3363953624034896,0.6748927137425543
1324,1.2161904170908175,1.201403011913069,1.1169394987931416,1.2297234883477233,1.224864623075138,1.1226057777968586,1.0691588585445184,1.5897090253943673,1.4726745920453448,1.444392960392138,1.5684642297715987,1.4545632374836333,1.4456637643269121,-0.3080954730746545,0.7986211135451933
1325,-0.023919707815255282,-0.24973319225555085,-0.2651302365162613,-0.027108519167604695,-0.24103019876215828,-0.2808553847017363,2.2673506856038546,0.3395895504533079,-0.33542499977772533,-0.35265037053724607,0.333723968209122,-0.36056361377549234,-0.34150179824312865,1.1526461105578862,1.0382410733956735
1326,1.8755148452178119,0.986140790074598,1.1163937369582249,1.8699899921604568,0.9863306763561076,1.125476295893134,0.4630568024677716,1.6500741691278102,-0.8866149959709833,-0.959542812697777,1.6706573523375479,-0.8557235476322913,-1.039682999661128,-0.09902720755247375,2.275903857967012
1327,-0.33355942247482007,-0.8158676047192329,-0.9027461730378954,-0.3350198011377898,-0.8156968282080146,-0.9028848707904958,2.651558804605968,0.2166284083634922,-1.10051818031879,-1.0771818639282378,0.25097628818746187,-1.1392785060973092,-1.0910511555828812,1.0111054538364626,1.1486231096080726
1328,0.24561666066733273,0.09158847266121962,0.09471931052483264,0.24048994576191557,0.09456131356463755,0.09072747999074358,2.7382374891987027,0.25393269481475045,0.10579307196472719,0.10202219954243694,0.2553313749361272,0.12408326177343726,0.08692668065821627,1.5869225505090736,0.4385942443917113
1329,1.584021971585602,1.3928954756116838,1.4384420443068087,1.578283062756541,1.392727695409795,1.4354198202956259,0.650761056274518,1.7854508750876223,1.5897815025407664,1.5765424240250918,1.7796028053994453,1.592569011993814,1.5781988163901821,-0.4675502822167795,1.4914015466513557
1330,0.9132744302856821,0.8773250317343714,0.8095492765556743,0.9093353316205753,0.8737776380330807,0.8274034520946061,2.0819987392010493,0.6990392237250426,0.6430451950520124,0.5971849076088618,0.7050050778463153,0.6267600841317542,0.6012258204035504,1.0608606692234652,0.5889010733427358
1331,2.490839559007487,2.652797913192934,2.2121658355354104,2.480063081030375,2.6441854743204716,2.21384538492596,-0.5910791877653183,2.0741620088271597,2.3034559031426856,1.9153336160296488,2.0554603630838892,2.342949279543081,1.9146953409002312,-1.0079837083598027,-0.9939859523455783
1332,1.7644790702744348,0.8230934425723914,0.7044905397494138,1.7643940617256055,0.8288400924218564,0.7023379761586459,1.7675051920396403,2.193977950726624,0.4428595549267034,0.36193516880445586,2.2057876587402463,0.4417146360402893,0.36729329192560844,0.2962357890415348,3.1278535199522044
1333,1.112220171600485,1.2625199706606496,1.3513708975711083,1.1259211104058162,1.2791421112422952,1.3532843527600569,1.075520388729086,0.17768739938618483,0.4905592988743416,0.5086010348330109,0.19584176972386283,0.538852158993764,0.5265524717764752,0.8094713936881378,-0.9880267259634583
1334,1.2636964823174106,1.3791277578014691,1.4252188750882373,1.2682209560982207,1.3846007794847972,1.4252376452991076,2.1901016216511073,-0.23297069114607097,-0.18146002208311313,-0.1887583626366134,-0.23869069737126045,-0.16770499412284198,-0.18085441459177676,1.9770481924400014,-0.376673794808182
1335,2.1023396531779746,1.6749289904637727,1.7834328872691452,2.1041792446967116,1.6716418853738617,1.781446544458047,0.757100814646421,2.888827605434269,2.203022655197194,2.2710646590101695,2.893969439765232,2.227920924225556,2.3080896589172424,-1.2254907543670501,2.2941721112750884
1336,0.3616901983084933,-0.11737419733050039,-0.11856882767640305,0.36145811945773054,-0.11837945303783895,-0.12503364035878925,2.317878065608999,-0.1327751901084282,-0.91316127258842,-0.8745580346100894,-0.1268824270659458,-0.9114634962891739,-0.8674222380463054,1.7879859783722827,2.1957410345399913
1337,-0.19471536480894405,-0.37720463051152636,-0.4269192130966711,-0.20028893653775728,-0.3807801554404785,-0.4427116495483501,2.255694179161363,0.403250867035694,0.21837665590328512,0.2654049012630807,0.4030394611026425,0.18990177759078325,0.2827346986578559,1.0030309822008738,0.4354852995047492
1338,2.364550680357116,1.9326916265015008,1.9833727034423565,2.365571417278075,1.9299915539011914,1.993631111980141,0.6794294043097658,1.1683743291679962,0.3544987371768309,0.378962696218302,1.1710535276742968,0.3574725002519105,0.36535587967419897,0.5453811416824934,1.443178495949251
1339,1.407450861992685,1.777075051001708,1.7476468826968068,1.431147193628058,1.8002016980121136,1.7470959131363561,0.8601443804951989,1.073934340300697,1.641088298309614,1.59813100272457,1.0862121037373649,1.6322244267854191,1.5956830651439282,0.15823222969960654,-0.48450021340313626
1340,3.000096863161526,2.6889407627631714,2.231264609669917,3.002154934683421,2.6949798463573407,2.2319146472285496,-0.42808543713802377,2.3314635378916773,1.9248462449001307,1.80273227441612,2.318664730421475,1.9295109758893043,1.8047730240098991,-0.856625126991855,2.4364965762605255
1341,2.257471321926504,0.9255318347407949,1.0703604266746718,2.2446875684114738,0.9415358057711607,1.069962149339689,0.459309617420363,2.4764239203026097,0.3411515046352832,0.36504627149486124,2.461294199759424,0.3133071718138605,0.40471687229443926,-0.43632821662128074,2.6861631069739813
1342,1.5127491575813015,1.487042760060673,1.0967883203683524,1.514889876610103,1.4852389042672003,1.0957065378945672,1.088294264509918,1.4330592256740589,1.4342090333010373,1.04709646794557,1.4209655516320001,1.4359637084646582,1.0486870584406667,0.07781646723685061,0.02558787181785675
1343,2.447051482628801,1.7055872126339515,2.0698326295949308,2.4523450851905797,1.6913191004043437,2.050858018138862,0.11328058737049866,2.082304496476499,0.4457881205464444,0.49961431405245693,2.0794035227349585,0.45074987169511416,0.5479586768472468,-0.8488129265066481,2.66404488683261
1344,1.9166828249185068,1.280254435090055,1.196010912663056,1.9194399638747153,1.2762103908068696,1.1974989060662633,1.4076682428385299,1.9981235622431226,1.090124406928568,1.2473189730662668,2.0031998740301353,1.072388176441465,1.2462433038575103,-0.09971035337292135,2.6352390552984115
1345,1.0351819029112164,0.8364935071666708,0.9758263704240656,1.021660304178969,0.8487181436785582,0.9870692233458555,1.1939847661372103,0.7488642524757835,0.4209555762744612,0.4560424226507752,0.7135690057297747,0.4108753503343616,0.46249905887086257,0.7135772237964944,0.8164021431671943
1346,0.5598264653928097,0.6110430034645749,0.7662655799836862,0.564887324156252,0.6036990595459599,0.7685009898679491,1.2509884145512564,0.7831661984449553,0.8371099127878361,1.010201705760746,0.78411846039217,0.8344689236501331,0.9992584925925884,0.595015358571043,-0.5828873921016812
1347,1.6547613707803897,0.770509385617373,0.6965701648210308,1.6685058496194105,0.7773180308423536,0.6877672019946288,1.6018802521239535,1.400516948585455,-0.09804025322170692,-0.09571271204627359,1.4355940033242762,-0.0957392906866446,-0.0969898987309613,0.6310168598853182,1.8004398311420375
1348,1.9278332218353584,1.9347909241133288,1.74039261299749,1.9279196117398376,1.926066142662018,1.7301969860178812,0.4824862479953811,1.9837412846173945,2.035765952832171,1.6959776924032728,1.980951745140128,2.0512515068043577,1.6827988361120305,-0.2858929978267833,-0.3342062205086735
1349,1.9748008961660068,2.0628095640308914,2.199582956161445,1.9679752612420789,2.0759189827990894,2.2012519178357945,0.24317383632546688,1.3792561846547213,1.50037302766701,1.4148685241472592,1.365630838112694,1.4734871970663157,1.40764920182145,-0.3011210277116526,-0.26098774724023344
1350,2.8466946921282976,2.6398594362266,2.966234632755692,2.8456016140560454,2.6306110324108314,2.966918133451052,-0.2999691741468746,2.002011442549577,1.6075376513267197,1.6225979346238995,2.0131935310758013,1.6000330645295864,1.6156349814593625,-0.7028749850966741,1.7487455255183826
1351,1.6038649824575755,1.6263039132277197,1.3177389094339833,1.6019925254780034,1.6176164851421417,1.3105787324516447,0.7122819579591811,1.9082951967866457,1.9748285577540836,1.560082796444495,1.8993750008688928,1.9631706619321647,1.565578348717171,-0.06023920497033425,0.7447876641306638
1352,1.588534134836866,1.5638614847399628,1.6338435027613594,1.5685212937116275,1.569033288039423,1.6416175163610525,1.3436943710439209,-1.4740250363948797,-1.7169582235500296,-1.925446008355247,-1.5381053232138624,-1.707639165300294,-1.981714265832354,2.463702489589371,-0.06479087063673575
1353,1.328973994236079,1.1050986468870223,1.2556690901260734,1.2949963084391782,1.072181325099945,1.2717010926181185,0.5799082575126505,1.2255077097259017,0.7672133702166782,0.7529261401996371,1.127432123515668,0.7763874491172695,0.7549416045698897,-0.5639915232696499,2.7023562314688667
1354,1.2272884054771263,1.137044603970552,0.8763956330621752,1.2287199002157945,1.131862404843834,0.8750661570293624,0.4276281075125082,1.16870408654878,1.0669388279433287,0.8949521686527816,1.2119258501402996,1.1043686324754545,0.868157571177306,-0.08956361287757428,0.5612004193206444
1355,2.199739118343896,2.025029034757375,1.8368355971721866,2.1975624141305232,2.024529124130313,1.8393768886254374,-0.18428468606802945,1.5737086439532786,1.125940044129938,0.9996864152239439,1.514406380234657,1.1366269484369296,1.0008723977085303,-0.5697526351905305,1.48519812130842
1356,3.3087918386065676,2.7574132628841395,2.9321995344135,3.2995260941004982,2.7664451617888064,2.9258563903624943,-0.663213301861362,2.9823680698677304,2.086406956316457,1.857166673200765,2.9844791869870813,2.127721049240418,1.8383524920697594,-1.1538596563387562,2.271145812255632
1357,2.4776253958919403,2.5297999718433934,2.8260155143874917,2.483962412574412,2.5248289092764256,2.8371650468011116,0.3056972565172079,2.802865142848664,2.9783683504009466,2.9779599643572894,2.793583170661084,3.0133472982377696,2.9649780582410075,-1.3900460592962192,-1.2669152076834689
1358,2.152890713087616,2.0537914857696675,1.8367952190273318,2.1545580232696713,2.0778468236618672,1.8414118340042989,0.1754925074535729,1.9940422259501003,1.8344791374607894,1.6738775714812728,1.9863839210130196,1.8159536034411656,1.6677708863042953,-0.42938543195705753,1.6356164612790984
1359,2.7506646609050165,2.0830819399994627,2.0883388963949785,2.7503396057782554,2.0825745353058505,2.1008367296689148,0.18318102625578436,2.4358959996439298,1.3425937836191877,1.2774863184283354,2.4568822485484034,1.3474723417896384,1.2952080028778234,-0.7978760764561273,2.621239354782585
1360,-0.7198629304466383,-0.7191454027309722,-0.7747504608964787,-0.728476743674713,-0.7217798432803852,-0.7493006313137734,2.8318899203767587,-0.7612735956191965,-0.705382971653683,-0.6537582084498322,-0.7481976298113376,-0.7031730732954439,-0.5986312830456063,1.9230572221769793,-0.17650697406101928
1361,1.163240680939057,0.9894269501247126,0.9520921506021394,1.1621396568710538,0.9939743249921723,0.9592728745894593,2.1473132794172782,0.8764348286444912,0.5071340260104673,0.5118300173135469,0.8627234252334895,0.49030605256952553,0.5046434068833734,1.503106758519157,1.9862275046039073
1362,3.0814132463225072,1.7970020112027678,1.644655275011573,3.0759262559297027,1.7692077448919112,1.6365996171726542,0.06369321799721142,1.990609592392138,-0.23840246242939106,-0.2662272851183977,1.9771923747379725,-0.32728168429057763,-0.3564156387737845,0.129466161169216,2.086709720317011
1363,1.322780849954037,1.1106741165991585,1.1605600466653017,1.3243150542391664,1.1063092912698043,1.1669451916778686,1.361490482615445,1.7617594298853314,1.5213487005397375,1.875622853004406,1.793444883534148,1.517754381220171,1.8636217967163262,-0.09100889509495089,1.207801191282148
1364,2.168866940097612,2.1441708410441462,1.6988344428612763,2.174084374310305,2.155406152565398,1.6962578924451348,0.15428988555655831,1.762175568754302,1.7837919508049809,1.607478479707226,1.7614302029361226,1.7674960130419848,1.6098378191142213,-0.5485517953214063,-0.552365015237467
1365,2.3304386043632435,2.3962022824405325,2.1677107417409043,2.3114780335573513,2.393572281666766,2.1684766944223757,-0.2825819548062295,2.2865282041329476,2.3805219991651074,1.99305508385835,2.355459339506764,2.3989098530528854,1.9841816935354855,-1.2929343571795096,-0.14753615314175347
1366,-0.09638179062374655,-0.23070899180364615,-0.2304581127662329,-0.09043021130182155,-0.22433069196530492,-0.2303401812906202,2.3286985540398257,0.2117038476132667,0.02858429927343906,0.028675940600503155,0.20792414270343196,0.018386365069004863,0.018973667499239948,1.111052890586114,0.3743145184114231
1367,1.5721251738381843,1.2188586753670945,1.2261908764466662,1.5647528329298936,1.2067129143323163,1.2195610147887044,0.8323644095848717,1.8498275315994797,1.4257498282292105,1.376068927071045,1.8687647588374856,1.434618785763813,1.3639654273829835,-0.4650625260569288,1.4000235809054562
1368,1.8375247305810327,0.19028698478482786,0.2298489882658768,1.8386829564789924,0.17556625506328769,0.20664384529693391,0.47857239916007194,2.3570675846452067,0.04749999710511223,0.056445119419586506,2.3679982133469504,0.092739985006532,0.02444887610764625,-0.4508302695882201,2.9781769373316327
1369,2.712395130748676,1.8284028843841689,1.7513142223919465,2.715413319107252,1.8299698937490658,1.7430821891244561,0.23303804249043433,2.4309769357151043,1.1729515596901674,1.175637687719313,2.437990585168526,1.1497344130504785,1.1892524007012242,-0.6039609063113653,2.1002732505444563
1370,1.2655966540869041,1.322858526707517,1.4382818701129734,1.2730530760503187,1.3243946446503863,1.4258296628454719,0.9139548088686432,0.3101863789302038,0.39474218735173283,0.41169587201301205,0.2967010244959643,0.3951790115461177,0.4280901909878157,0.8950977776028821,-0.28157403646569623
1371,0.4519650703747989,0.4891063381931368,0.5117300356555463,0.4560604323419357,0.4863443324456598,0.5084120695880222,1.8802144395994607,0.5018640152249363,0.5789399915742801,0.6799595503584767,0.47811050407333344,0.5782388908196887,0.6712299099697325,0.6152868855134994,-0.9271335806674184
1372,2.0347252932286124,2.1538980705652424,2.396897591990835,2.0378206719022094,2.1539105513965984,2.3789165894045237,0.44400329261738564,2.130535583044985,2.475102300398078,2.4108663839771087,2.1414613860347185,2.474520709865806,2.3999784366172037,-0.8797021438434887,-0.35709847433662795
1373,0.9346298650360441,0.4070215066365497,0.5657720641904251,0.916839131905976,0.40487337025878095,0.5618507555585192,1.4545660158844054,0.9572218751432612,0.00973315200498233,0.011551966937786843,0.931672906723845,0.004219917006338261,0.08411049401100071,0.4267966044603558,1.7599936453085545
1374,0.45863164544749524,0.43081638104745096,0.4057248404387682,0.45002975659456174,0.42131942984810294,0.4205787871353787,1.5359156833174916,-0.40704167924872814,-0.4535790359043381,-0.4734131203240865,-0.3988234790597496,-0.430630037397082,-0.48032835863193996,1.3654562240259294,-0.0028843438527695665
1375,0.6929303310462198,0.04536470772664061,0.042387672790833615,0.6929547409033593,0.05149808247679715,0.032764979772228475,1.8768197517763718,0.9309341613494774,-0.22269281405626348,-0.23570619378708843,1.0329702486281507,-0.23495529640458673,-0.25135051958927135,0.7341128882989691,1.444088473186414
1376,0.16866270785536996,0.135967954586984,0.13834506711853842,0.17742717750704423,0.14785958210629468,0.12734767035377678,2.3461912585663534,0.33723455522528567,0.3657439642689153,0.3853862817953657,0.34533606231963176,0.3490515063593113,0.4109332614816065,0.9155912408233948,-0.28274996784689854
1377,2.2886674402383753,2.407295018668793,2.1622481523095343,2.2842841988532023,2.417309319122602,2.1612760992757525,0.7059750984345535,1.7593826109578996,1.8810161053704084,1.6908935304732504,1.7587948117053136,1.877841235750985,1.684868976483016,0.14553739614914307,-0.6572080534050665
1378,1.9946030370254293,0.8815373552031882,0.9085823437690762,1.9724660043264572,0.879878570812653,0.8990800998669078,0.017799051234535866,2.1063006280576357,0.696710507094041,0.7573392753022508,2.154299821039093,0.7185776729443453,0.7480116098064191,-0.6237068074920591,2.768492888353592
1379,0.9939264405161772,0.9838650198068077,1.0152545461132974,0.9981239468244046,0.9651190011612344,1.020652782655558,1.5922660986461985,-0.3914340300907179,-0.402685061244413,-0.4523233308299488,-0.39767222280013464,-0.42244950634171446,-0.44488910693461337,1.3991029449979553,-0.09157638329546525
1380,-0.3087575247808716,-0.27282876958587216,-0.2108234201649489,-0.3264101519226014,-0.2548034859621761,-0.1986635768039969,2.4410882016450945,0.5929427223412986,0.8085691260514373,0.7190413109833109,0.5847252825553553,0.7700860996892115,0.7179107677836597,0.08365954072405614,-0.9907581106970402
1381,2.4850804075235433,1.7261012322754337,1.5220305932529514,2.497383360676193,1.7309874530874205,1.5230666923936997,0.11783932554887616,2.417964387252307,0.9306215865953971,0.9337201602919382,2.3978718111142228,0.9026769744978386,0.8862603529278874,-0.23602293794503368,2.2835246343570352
1382,0.1864735138624091,0.21166232617541345,0.17673572772596208,0.17428568150096788,0.20251727893426752,0.15918972510431503,1.8199157240767356,-0.1881228554543834,-0.16348587378417098,-0.14283901237648117,-0.1508001013401841,-0.21895348015578858,-0.16549967468886442,1.249550556752139,-0.21557543015028585
1383,1.553426691593753,1.5919698542269431,1.2689991723046306,1.5626723660572863,1.582648843225744,1.2673921012661156,0.5707045447205564,1.4814190173642916,1.600259703815007,1.372187876855089,1.480050582746061,1.5661066807621786,1.3865522048303724,-0.2635895746210654,-0.5077731543314945
1384,1.9899046874350381,0.4013084917731139,0.3913502250044462,1.9945074005744288,0.3986529432443195,0.41080195688235616,0.6574726286233243,2.808057663168818,0.8175642862511061,0.8364302830418667,2.819255845102252,0.8209627631503301,0.8436427284524523,-0.9123162964461221,2.8694851269328487
1385,1.700321864034181,1.5381886437098715,1.3953060333308678,1.6838778719178247,1.5199750166755257,1.402998041536032,0.18234122958472201,1.5964436348435445,1.3098583089151516,1.211394654974496,1.5926372713184194,1.3066755597305169,1.2393309610072827,-0.5414942912763483,1.035540277226296
1386,2.77698220005256,2.862471645029199,2.7102079176278466,2.7552795354643695,2.868987221537556,2.7038719031700085,-0.582723892392693,2.378425198248413,2.562162537012676,2.53925604960481,2.3547124058318536,2.5546075069431335,2.5296014213799127,-1.0104163788270526,-0.525196747157159
1387,3.5485921215710357,3.218539494741808,2.607823455105675,3.5487806405578017,3.2216562228614287,2.610950247350627,0.9459809641413235,2.916968665061407,2.4578433396545925,2.2775678209468824,2.892083971580477,2.4695765259467857,2.2791949902468955,-0.6299780194302653,1.8756784488340599
1388,2.0360963187241827,2.05956852158132,2.4218989248830813,2.036327577468887,2.0638085108014295,2.4223528178899247,1.7661048514863324,1.5619746412967221,1.616333744496353,1.873620843992393,1.5636530777966764,1.6195088367873758,1.8716978490158198,0.9545375296467383,-0.049897805942376416
1389,0.5453917165162643,0.6352367668788977,0.6583243708974263,0.5401157683724036,0.6429307611168298,0.6536442670277827,1.9649009118644913,0.3954019329900711,0.5966858779377716,0.6305891320387256,0.3988516555732634,0.5967517085421246,0.6735666059679294,1.0200630869418674,-0.0338623047773
1390,1.0601256186321366,1.0898629730669624,1.1077925520692011,1.0525307611226389,1.090595605107098,1.127228461120373,1.438424773247823,0.8995061858211705,0.972301016827423,1.0245222959811058,0.901616375590151,0.9719013176965405,1.0436820675023473,0.8167954520701206,0.31878477869106125
1391,1.842838491592196,1.798683528730506,1.6939767990443357,1.828580709476358,1.7982630223375127,1.697726522456728,0.2976544624810909,1.146985420323728,1.011817966859914,1.07323289022271,1.1569020404342942,1.0639881767291732,1.1076250097245304,-0.22708433154391394,0.8446026236338922
1392,2.198462342491662,1.8543352209115171,1.8453103846007086,2.191529141311375,1.85234633243401,1.8391704373823292,0.5714241453975991,2.4535060728202356,1.961453236566733,1.7360517503854476,2.4516111002203904,1.967241663689317,1.7372081350941384,-0.5932379300605899,1.8295297935540962
1393,2.421063918844662,2.55589560357955,2.375802732217254,2.4239363497964583,2.546438532401598,2.3758676351513186,1.1849980505687774,2.083634209385563,2.2860576879624586,2.244214670549881,2.0815817014192093,2.277237908607183,2.2412794792083917,0.4238392637865508,-0.9426509750327917
1394,2.5904394341992196,2.3087953375718024,2.2659033531167503,2.5879605548473634,2.307008224008533,2.2555326465768157,-0.15349899523849858,2.9795961977791783,2.5880751125683994,2.433583593035711,2.9673476536086505,2.5893916458955806,2.415639410027367,-1.2839221207002998,1.481918468224092
1395,3.4489350234955602,3.560797549503773,2.9010316211447065,3.4513310157648007,3.552649588437018,2.9050861255995226,-1.4026171144603177,2.4526706243857963,2.4989724173011996,2.1559397359822414,2.4632984690191178,2.524908385510455,2.168946958114766,-0.9222183050392185,0.8641965296123958
1396,0.6880524314713939,0.3932932199503355,0.38106524761800087,0.6903521402210656,0.40068483714295244,0.39274267859021883,1.8962300658673423,0.6147667692187443,-0.11984076760294736,-0.1214134766105669,0.5899247140431292,-0.11237950879760301,-0.1445763539066529,1.0220304205147734,1.427217359983721
1397,3.214865538784713,3.097669779547072,3.1439539566976373,3.220716159230212,3.105873010440516,3.1486760787625077,-0.45714526791604626,2.908873115704645,2.7817514990861576,2.4801029898808706,2.914646303259296,2.7997030579425433,2.4652518726288384,-1.4194620603156534,1.3046301576595183
1398,1.505732665606441,1.5585767410624896,1.4799315849630752,1.4964224793428975,1.5655741517897486,1.4881243145598404,1.812143927415839,1.2980963442457742,1.2424567988181954,1.2267359203729689,1.2898840306740678,1.2538785028637507,1.2249161653907967,1.2803804388690903,0.7471201385734372
1399,2.3518323717130283,1.7757393532353916,2.3446457384666157,2.356882803487257,1.7781516882402326,2.3466565696952144,0.6008918733810109,2.833827900208265,1.5522790291611808,1.590418811667363,2.858177421220771,1.5444302425427736,1.6030970676693688,-1.1677294281429527,2.648798040704336
1400,2.66857447603783,2.594729914765194,2.5496091369053944,2.6711562872199917,2.588368218799976,2.540526545372991,-0.6051351788471075,2.0212538036594423,1.8408611206340053,1.7492212863805807,2.034593469316906,1.8793540205688597,1.725818493910076,-0.9098842687340534,1.311765978755072
1401,2.0423712871568718,2.131877390276119,1.8146847165879734,2.057124521372816,2.1498300280150833,1.8194827299919272,0.17453989790034669,1.5500412155579586,1.7452948239842976,1.4461805889315664,1.5693492725910467,1.7186041856377337,1.4492262203609838,-0.24259011754605944,0.018410441600366142
1402,1.2222532363659229,0.7374790860290631,0.8894204286559604,1.2055297210167393,0.7415683563117749,0.8794980921666379,1.0033012859288528,1.5564985932497786,0.7294342890819957,0.8307950429013282,1.5604138245681154,0.7272135512257345,0.8714053473410655,-0.4370382328421918,1.541614096413229
1403,0.5653782803501887,0.7066848293695159,0.7545388209800942,0.5329829480701862,0.6662443822110016,0.7356816411532923,1.8286633782241108,0.2745866804020546,0.6136817065935728,0.6346200620810468,0.28071901858380793,0.5467200658943366,0.6459962324141267,0.8767999320156745,-0.49126405300180764
1404,3.493047200456042,3.1568596033683676,2.905605775368677,3.488055496435531,3.1581290722171182,2.9033962752964007,-0.6839394793363779,3.1671665963371467,2.7150833195607937,2.8525844671479343,3.1686126155317798,2.70094312723311,2.864088933427017,-1.3203006088789526,1.9072607693817891
1405,1.397489535590892,-1.142032951933249,-1.157538178750864,1.396144665212641,-1.135203552477091,-1.1866051889787188,1.0586500861101997,2.6048759610421084,-1.524332418936751,-1.838745834719035,2.5644684147678514,-1.5243791804991222,-1.7457832291480464,-0.7378429614083217,2.946710390876431
1406,1.3760113274853194,1.530479432909284,1.5681627133875276,1.3737164123556749,1.53163098157851,1.558752733853255,0.932603766500958,0.23446923364921363,0.3485477437521233,0.39561077587783494,0.22177179674295402,0.36387772890695025,0.4180375913966098,0.7603254693062474,-0.051255145740086605
1407,0.8974462063003144,0.42817520804714776,0.3559482124170485,0.9055156391717113,0.42857319844418734,0.3596641925814305,2.10753791378627,1.474979488665742,0.5154941857301267,0.45233355121932634,1.496996027232703,0.50207920422233,0.455234883363105,0.391802300815749,3.4289849489783473
1408,2.6229020005717993,2.5786517484037628,2.722238499743311,2.6235096608060693,2.5949087948176732,2.710213008003689,-0.012995911206878376,2.665079759306072,2.5442393065905344,2.8445520780314184,2.6643880457367066,2.566300021854269,2.8483051870015164,-0.7956134032290018,0.1099364243531328
1409,1.3052623431458936,1.34596650176215,1.143905561700541,1.3126179649108403,1.3670120835627604,1.1365037994127654,0.8231766617009626,1.5906632616523881,1.7496576118345633,1.4267704784231292,1.5955495280709737,1.6967185779810006,1.4410093090445892,-0.523248237129484,-0.7804401422142201
1410,1.750715343333935,1.8123640148783025,1.4705225515603866,1.7619808287625442,1.82010149506987,1.4706340681554002,0.4264671205747614,1.5616187381848678,1.7083768355347462,1.4275890184297895,1.5298635693268783,1.7000269191694861,1.4395751588445003,-0.5470849049946057,-0.7276503583188443
1411,2.0478441377637098,1.5378922345037649,1.282286157731487,2.0438526220538846,1.5405796218956376,1.2667389870457226,0.30703276112754485,1.5512698606520856,0.6394369177932376,0.6259399382850861,1.5276882129752491,0.6537079735630306,0.6721053363854755,-0.13598560127373405,1.7940533412991775
1412,1.323517487748188,1.2856635240736896,1.2974233033527824,1.3235276779062315,1.300070420661191,1.2770241632228982,1.0312132120643058,1.2261989705338232,1.1686841092260838,1.1232483560418447,1.2519545997799442,1.2113564857676304,1.0553290309790555,0.2883261667810665,0.3617430554863271
1413,2.148374730586036,1.8537366415034182,1.945498622298206,2.1412614234919833,1.8606545734846052,1.9336502252978403,-0.41549885240432727,0.9669668884536821,0.3488489209945277,0.4105851824006731,0.945177878160968,0.3121605227743753,0.3965626978278204,-0.0660812783302565,1.64778040494322
1414,2.600455455372286,2.5640602566678936,2.30819076893492,2.6050090454157617,2.562086709955115,2.309659048903277,0.05206685948781297,2.310261151752451,2.2937825014328315,2.1281391437115404,2.303574250392999,2.295100985657936,2.1237558481209646,-0.865808721834728,0.3396336238525881
1415,1.4838809354515656,0.819805026509968,1.0813359597355232,1.4694490293717564,0.8143049349350082,1.0650246201807685,0.675421180182885,2.0061029153481025,0.32433533082585114,0.37859966081737084,1.9939316009987604,0.3814423756994404,0.32721650386953743,-0.6292387233909346,2.7565178820925
1416,1.2836666219815156,1.3490898967451097,1.4335535531458916,1.2819835352031714,1.3502583554164358,1.428360545849843,1.5772001900731059,0.3362751054498148,0.501233766558632,0.5405600759306769,0.3171773840601947,0.5254427580787426,0.5465047286308493,1.2475640737197171,-0.4631189222449292
1417,1.488719694724633,0.6892486189145565,0.6268803145519154,1.4820559414957366,0.7073385883846012,0.5901108625946591,1.6886728403393174,1.1557766554144355,-0.2620144558694879,-0.31760870457048834,1.2058963044083222,-0.38600010325729417,-0.34494211660664664,0.6208914509723125,1.6086623525656887
1418,1.6263148494751476,1.3444110655695543,1.3291351845790471,1.6505704218479906,1.3641615970284757,1.3344509365792867,0.9719737841102537,0.529202576983322,-0.6298476633000614,-0.6058598119624624,0.5633180780127176,-0.6116027026569631,-0.5367141322494515,1.0769848841548204,1.0297123445757188
1419,2.4963234449448146,2.283217293945593,1.7422299426215528,2.4782561507611818,2.2697282871835203,1.7372595113156575,0.5229479910656678,2.703954196228716,2.514461757806198,1.9705009747831783,2.719178453113532,2.5204703131355966,1.969341947696133,-0.7354903998258978,1.210594602271012
1420,0.8645037031053109,0.9458745827551097,1.0796660119624386,0.8547486435130986,0.937411552256966,1.0699179499177043,1.360317070048156,-1.1557885103667023,-0.9433831669965698,-1.2687173516345749,-1.1165463033386611,-0.9433472224191644,-1.2826705501615712,1.828564334006438,-0.4122814602367515
1421,0.128112062336016,0.266946595697744,0.34139480229134167,0.12237396381105117,0.26691224074713865,0.34405378568228967,3.3633046940122098,-0.4493472809772127,-0.2773387711919356,-0.3271658242780962,-0.4417438811195375,-0.2410614056750655,-0.2986865035442545,2.2413652438477283,-0.13474313427876922
1422,1.9554208933997828,1.8634922375002723,2.2340933701590013,1.9630988202695512,1.859038850091788,2.2268083115391044,0.8683552216461579,1.9588337274457077,1.8048545930063302,2.0954528252548443,1.972459169747069,1.8122251372082339,2.0913605692363038,-0.20723438023174595,1.2490893256841993
1423,0.19650894937338517,-0.37805271016842434,-0.4359417396092304,0.19204707845897684,-0.3678873332063386,-0.4572694215596846,1.7798238095788255,0.2933921600559693,-1.0678339870955402,-1.3604141821201141,0.303657736972771,-1.0624879609911286,-1.395738339740999,0.9602502533924859,1.5937719682470715
1424,0.702052173262891,0.3755718809627759,0.3407900600130399,0.6897085450120876,0.36014651859519614,0.3340700826141004,2.420339370048316,0.7121580930390898,0.3004458602676046,0.30305379276297567,0.7236636890182299,0.30179363900832373,0.3027619366048089,0.7623041092749132,0.9790660134639655
1425,0.8982807492220897,0.44881963544861847,0.46461355293399925,0.8685238716693775,0.48529280292180665,0.4691178552626457,1.871022991539139,1.537766103250398,0.9596340402786938,1.0320537954344615,1.5328233248787437,1.0016937472238825,0.9864031613861695,0.389074819002847,1.2238224701435572
1426,2.8151689052162343,1.5686723762116281,1.6469515599764748,2.805024037692681,1.5784419104749468,1.6597930424672052,0.029115177032868967,2.5511369073196364,0.6705178507919283,0.7390868513389315,2.5597192378247384,0.690144797216019,0.6917498492517307,-0.7199969458700207,2.9471405494497653
1427,2.710018011007671,2.4470301125974045,2.3900048335896207,2.7076066658644393,2.442468750323324,2.3943231651526573,0.17602701882302657,2.4583595771654636,1.8588027213272014,1.9493129770774726,2.3995906706761283,1.855333249845639,1.9714201998143817,-0.6448511048152246,1.44249750722813
1428,0.6225940133837421,0.7102669855550469,1.0521220451215445,0.6305348709883278,0.7068492875769486,1.0536746064595826,2.0376997794837646,0.6221498587197812,0.8074876792595912,0.9842735111048203,0.6094418540374311,0.776208098612323,1.0015863417830442,0.9517406823460388,-1.3029357420542151
1429,-0.6590649761404338,-0.9570659297166577,-0.8488686955849144,-0.6665775748408349,-0.9690537120637984,-0.8358482944022042,2.7645356827788787,0.54607983873136,0.10244303503330517,0.11460469020506037,0.5271868517262593,0.15902472323355324,0.10420100074492138,0.8950249779064758,1.0077500656409442
1430,1.7388060457362031,1.886947625827152,2.0313927597792376,1.7525780622244913,1.8683500136229931,2.0424438010010952,0.6568164110076643,1.457172342718184,1.7174341257301682,1.8448874309684256,1.4654870594934362,1.7097052549790117,1.8210254215451351,-0.10463831378887278,-1.1616582810654479
1431,3.405202549455652,2.5726758334968376,2.442844451519167,3.405707057014222,2.569108683576443,2.451233183604941,0.5358027601642906,3.239830666753818,2.264676279992549,2.2725336106896634,3.2443910945380994,2.2639650275252574,2.2786655607576516,-1.1235675242927818,2.609857278301654
1432,1.446283219267065,1.1545854687860375,1.3779703492534185,1.4477755652425108,1.164423385704552,1.3730760483072038,1.2270902505453072,1.7685259545577319,1.3197648385258227,1.5275326973333458,1.7811133960269117,1.3300473561579145,1.5206905630733027,-0.39985571488275523,2.5883440586317765
1433,1.3857951526348327,1.0579435297747701,1.085472616836886,1.3834813977423475,1.0504804059555553,1.0828717812549054,1.2933133351849102,1.5983364109842977,0.9201525718452179,0.9231422069507519,1.6115695882335164,0.9247969966493236,0.9425720061158595,0.1769412342959358,1.8027957492891957
1434,3.266408673604714,3.1213882908791373,3.432450180499094,3.2635193494544974,3.1206436227692174,3.436200557910833,-0.8530567840869766,3.3298734233900675,3.075789507202019,2.869951540848383,3.3510783851643366,3.0831329355851893,2.8816413292443213,-1.6154690000610112,1.5160895060190498
1435,3.8614978311242343,3.9360129513167,3.0839089443216987,3.857125516070642,3.9380595756913754,3.082571896419489,-1.365124456320797,2.5966771605323618,2.7311310347809394,2.489856417350131,2.579664678266283,2.746492006664682,2.492000697338133,-1.0128511158528375,-0.9515401218307666
1436,2.578389161252794,2.7031533631984463,2.436150846092752,2.580939842031303,2.7046952669965485,2.4292479602297568,-0.2029034409178049,1.694360389515727,1.9092091921393755,1.8212918916336847,1.6779327798217316,1.9327987310185095,1.8094575246838402,-0.06955721493670858,-0.5418007268318631
1437,0.8819130694899469,0.9059796314336194,1.0410336501527746,0.8637396394440767,0.9194840791872454,1.0311993223402993,1.7681533930645115,1.2475981969521392,1.2803338636623343,1.2049192741460633,1.2569434561696495,1.3040293628361515,1.1922165546283614,0.35323821084436385,-0.25819875138207143
1438,3.0932005261057687,2.086341779209604,1.7341140213935173,3.0871162655699718,2.089522880740802,1.7375727110954715,-0.27133373936839755,2.6778553697266423,1.0735761075211179,0.9532267154731187,2.70966595719298,1.0926832291622592,0.955099977179335,-0.6231041441183407,2.9183265585388916
1439,2.295577562640061,2.324357779558454,2.008631875034099,2.2997123765384204,2.328390156038171,2.009830191988203,0.8339481939255281,0.8011107539822508,0.9335982451568504,0.833087791398037,0.8350463769025033,0.9246353268620922,0.8289290046252102,0.5390732873143611,-0.6735334928233286
1440,2.6560471064981472,2.7632942774715494,2.3570913846983905,2.6508616281671764,2.7747246025838255,2.3570434177734403,-0.46016082894696314,1.0195218572700975,1.2444353422515047,1.4915507925281881,1.007662701604168,1.2461009327790038,1.4604270401873867,-0.0026261376942192773,-1.2033741955104107
1441,2.183015785958969,2.1177674888960833,2.0950290740890627,2.158916216992816,2.1021207819930656,2.0950112376263608,0.33757053024683153,1.8708492419697065,1.893904954547245,1.813168371350209,1.853697061400748,1.9142569200083037,1.7914257075382731,-0.34773759339064186,0.2730685442667334
1442,2.602465304849105,2.548581210133094,2.3667261773012447,2.619608906690604,2.554879327772369,2.3644145715833678,-0.3957465322983894,1.6719456761638294,1.5315936059904207,1.3245084617049787,1.6537813764192077,1.5133421595875407,1.312421454787616,-0.277218936562289,0.610076142627955
1443,2.2876040837659337,2.2868651858657976,2.0467369811289173,2.2872060725483316,2.2802313568495918,2.042917886372853,0.6296842906025099,1.523195816966166,1.5224790241764803,1.3769988711472694,1.5464067295188564,1.5118160370032663,1.361364839318063,0.04667587936777373,0.1384130040221067
1444,0.6599947029869071,0.1893608305801827,0.20213035979746385,0.6614205547117482,0.19071741876848095,0.2071258796766643,1.3706521079212337,0.2770019985194183,-0.5091722506528971,-0.53461531382241,0.2842020629260717,-0.5150452259289904,-0.5176228875631023,0.9463490391220265,1.5645947226487775
1445,3.762052738352068,2.4851971171500344,2.565908591376925,3.7667727284985313,2.489101210258247,2.5678081466306915,-0.35627156417803946,3.1466953788837473,0.593831429904128,0.6776243640816525,3.1482954151704243,0.6390267947489778,0.6483345466877591,-0.4104830664024237,3.4709762398454918
1446,2.8184293744096496,2.8102835648611153,2.7203623250963904,2.818014386311056,2.8157588230150075,2.726098563851476,0.24374113944193795,2.199839896310643,2.0633930750182214,1.8900388835169752,2.205069485476065,2.06828178454155,1.889499752526877,-0.08568400339022846,1.1666001550207594
1447,0.7652205857228678,0.7365708162584118,0.9411621624706867,0.7756319664561636,0.7474694875008243,0.9122896065643694,1.8912074477367493,0.547892289708153,0.6287157290521064,0.5471881379036423,0.5774158358204449,0.6122462874269801,0.5647010714443325,0.892477903297589,-0.2948671862668832
1448,1.8739707190342274,1.9298619933087502,1.9795296774167057,1.8890257959324321,1.9165976242652887,1.9657261676486373,1.0132411819779794,0.18918945396550765,0.33170632382508897,0.3751020949506008,0.19675692303646872,0.25270917514371005,0.3779180188434297,0.9050484215057558,-0.10513655016138669
1449,1.1381800966977755,0.8251815637878951,0.850098435716923,1.1265563959028488,0.8326824817620585,0.8405344286915702,1.5565050700504561,1.2025355713952073,0.6772300329534735,0.7194600077287674,1.1983205869210605,0.6918408581208076,0.712919981488841,0.6766116057522715,1.1958950310192005
1450,0.8755562078002236,0.31951466430448766,0.3387938555680858,0.8716112726470676,0.3259914327535684,0.3393915860680132,1.9128708922280548,1.1265922819022955,-0.8383745788271249,-0.9560361581202472,1.127149684725629,-0.8413815820165453,-0.9411337399377944,0.48464551505051046,2.0509176325994267
1451,0.6040926204123865,0.6556779725323462,0.6436428283803232,0.601390689435579,0.6480089368872004,0.6544458535563128,1.8910517005657448,-0.9986347751357699,-0.8053252286094714,-0.7506442144559399,-1.0357136780450644,-0.7515147170895936,-0.7569760631602148,1.8297440826726965,-0.8003718222330304
1452,0.04599799646398388,-0.15937804602692268,-0.20623332415214604,0.03727658713874625,-0.14659447915449594,-0.21470880821505584,2.12170128533458,0.4236796282211364,0.2189049485636261,0.2793233917559665,0.4501182706623636,0.2051731603267959,0.31037101089716956,1.186870066969483,0.08923709730796842
1453,2.3104144523489114,2.540610970911466,2.2761474627280944,2.332025255796975,2.5413987928361967,2.2748686492173182,0.1424380377564941,2.46804140312551,2.833982740173775,2.5150385431088504,2.4866201312556875,2.827559167866078,2.5132964533070736,-1.045289906451655,-0.6174823564235872
1454,1.3606419915451238,0.960775902392678,1.0884047402201846,1.35740374382267,0.9597832457979951,1.0949132092767262,1.6149053351930722,1.1967166415674901,0.6510321995278701,0.7188981911022696,1.2111699277441326,0.6474388813116919,0.6965815724125007,0.7075816334370975,1.4593606217781416
1455,2.5946188747219803,2.4532032462052094,2.4749343269064026,2.589942779698251,2.4576509838952707,2.4715117903218493,0.6872051397155383,0.9823703719763216,0.5945126418803302,0.5469044399454148,0.9623510708608626,0.5960922486366211,0.5522474246213227,0.7905845499144812,1.2016536316564979
1456,1.7391720372084887,1.7255635738754713,1.9745554779689007,1.7429490404448227,1.750851726478204,1.9775834752053558,1.1247115786815518,1.157232430795967,1.3457919172188129,1.4179657446962195,1.1701461714770807,1.350922414725186,1.4008636448605007,0.3103849845260668,-0.16641089473435677
1457,2.2068526791813503,2.0296475266468565,2.121688343536241,2.214924675101971,2.028043733294457,2.132031310593557,0.7766129102341209,0.8729366149971479,0.18578812731033914,0.2048999047083363,0.8811343781817949,0.1306350739895716,0.2584297006181269,0.3061738561663311,1.2698387232600632
1458,2.607396621556065,0.22583550090880697,0.249429337614785,2.600809384330426,0.23193054966490084,0.243914684763457,0.13524657464724182,3.272404423066375,-0.2794397669534137,-0.324719221725498,3.2484394904550773,-0.33012413224531184,-0.35115837136960487,-1.3728952030001702,4.029244798456789
1459,1.1166489712893066,1.1531069859982601,1.0557024613377488,1.109548703152993,1.1518273830718673,1.0515197009223651,2.2516652343147676,0.7480513447213536,0.8460761921795569,0.799194862204247,0.7457288708744026,0.833559045818667,0.800473475108341,0.9049496028070155,-1.0824908702145755
1460,2.1711227697543474,2.1932993334706437,2.264000514935605,2.1739108279378776,2.193912929200791,2.2624834052761322,-0.5630284582400478,1.711692803333545,1.7684844115444815,1.5482727660032394,1.7073836848607202,1.731698970624326,1.556328152873136,-0.9865091411988344,0.3184284328300492
1461,2.431621583178331,2.4256358599617487,2.272368390181515,2.4171600962366027,2.444495681458142,2.282392034658186,0.12686281171103,2.3843274561714525,2.364811399665307,2.07923207074999,2.3776789129635194,2.3909445304783676,2.0860616238829817,-1.0999260330027734,0.5812783314992285
1462,1.2884518086253212,1.2263731438263252,1.1096684489601245,1.319107765244692,1.2258449931407969,1.1091163742988108,0.43609030045581765,0.7045806105325776,0.45224735015892414,0.45597568072509237,0.7580652339393495,0.43731321565273507,0.5236915850865049,0.7066685394137595,0.6734220905558937
1463,2.417659818342367,2.207467519596536,2.1055532832476382,2.407612946071686,2.2208756107107184,2.1093346809045173,0.2810505185573692,2.327820459683493,1.9621248646219396,1.665131715146868,2.3160956059363733,1.9669603393362272,1.659700792591082,-0.7034004060701642,1.6849201737416186
1464,1.0688789686852,0.9580336370073292,0.9426129157057673,1.0668873563828551,0.9637778926148564,0.9431778413907722,1.9505374303424088,0.8667340638848832,0.8009696086842923,0.8693662470624276,0.890103545858737,0.8012180912883845,0.8793064493590416,0.7366132889034762,0.2649650709237066
1465,0.7559563294758744,0.8510520244781556,1.0082486273399027,0.7468979586863803,0.8237643905672334,1.001266032696668,2.0853941231515583,-0.4132205179246101,-0.38342660496223435,-0.3757568987380057,-0.3693221200449102,-0.36915298868876395,-0.41582684476136356,2.047443510482817,-0.3838409411081619
1466,0.6604906322894576,0.4414623985013837,0.3476024633727897,0.6507019128614944,0.4460882752717124,0.35335245521732744,3.373502362563916,0.25560360737525223,0.01364644317044103,0.011003544889597785,0.2688865567153561,0.008677064942448862,0.0200487337751652,2.4386322023295324,0.6094671835960345
1467,2.0664987224230575,1.45539754012731,1.4396421514245181,2.0661642422211197,1.4639159082392077,1.4342763233631524,0.1730416488921474,1.7658406071554373,0.0063517157742140305,0.0072533346550761515,1.7630710402034708,-0.02998088026640249,-0.022822904507483255,0.09294852643451455,2.3732392457908453
1468,1.2597410087613479,0.8036945668775913,0.7877014609069419,1.2640328974106563,0.8039346754409223,0.7905595297438655,1.4428770383622518,1.1030776606033614,0.17180861065645558,0.1584988576336161,1.1037388566144781,0.18737488412800463,0.14861525810219767,0.38356735059460856,1.5329259330335243
1469,3.4068263495882762,2.677811827330639,2.4512438055584433,3.4065094570437173,2.6817615562978077,2.4481224405779587,0.05981210137488211,3.201127969437207,1.8642246668487505,1.806974980798283,3.200988314008959,1.8411809656508,1.8063057110893208,-1.282877097524463,2.8277435784411393
1470,1.1966807450354837,0.6365743501408828,0.6050058932293849,1.20480730166595,0.6509050102044053,0.6037318159542179,1.6068152174383559,1.3163896618483695,0.32633053176231086,0.3353013884347234,1.3089362674423601,0.3228854971689844,0.35902543735653636,-0.11105160874870725,1.4730193196823378
1471,2.3715598064598877,2.391403239789556,2.582037225356493,2.3651970977058303,2.3974077376377725,2.5857210187472255,0.08276020435020247,2.30606534202576,2.282312810825289,2.3391250085703414,2.2869074147417616,2.255318658589545,2.329745973266252,-0.8789237547426756,1.037741469993849
1472,-0.743493213545432,-1.1612734257669861,-1.0346334662644674,-0.7376867442752896,-1.1566746415905942,-1.0305882536128634,2.811319830023678,-0.7360001974659851,-1.7508873728165222,-1.3345142734539275,-0.7379080270717315,-1.7430601841072053,-1.3443758121783862,1.6795063312414453,1.2488657117359463
1473,2.6714560648009016,2.639939127447815,2.2038455001059503,2.6753193047257073,2.6381946795909386,2.2080423070454818,-0.38733707946555623,2.6710613103849865,2.7155264970664916,2.4288690241318798,2.6679461418156807,2.683390034327943,2.4269388204487936,-1.3489897176428536,0.4645012566606485
1474,2.2144404662330497,2.3254551895158615,2.1307198591142957,2.2092920184263747,2.324311205091329,2.1318075603562594,0.25202060738086973,0.4084451688567554,0.5589448782113615,0.6605633214691043,0.39523887452217765,0.5222011692312618,0.6365668606851517,0.8372733939210535,-0.7093361804439823
1475,-0.13773127040565772,-0.6012163314149513,-0.6395032062794452,-0.13975451144703843,-0.6021146387088513,-0.621380363189069,3.1706170397497666,1.4882727638174464,0.37271684175924036,0.37623229560947696,1.5080759584426706,0.37979409577128626,0.38143605031361905,-0.027196411146358568,1.724271199472217
1476,2.2275090021275243,2.3712329312790104,2.2868236429183457,2.2362896515110404,2.3688108363503906,2.2956132024360354,0.03787690969603278,0.6468116916410173,0.8227133341333557,0.804398109301755,0.6362430086626213,0.8174184751644423,0.8245109684425006,0.35280294071652246,-0.2889733568828726
1477,1.4260883621492007,1.3743399588661704,1.9789816633600612,1.4363163247335928,1.3688908351592266,1.9661191390801087,0.06487392238236787,0.70063033795953,0.5868870942730579,0.8332589699957028,0.7062241315327294,0.5372840699774538,0.8548054547234639,0.00033616610278960327,0.44769027618687024
1478,2.472297751312996,2.621030105618428,2.4479838315815683,2.4659589143365914,2.6273695601078457,2.447911187877717,-0.21648117933501704,1.603281000680895,1.851832844105064,1.6209988954981582,1.58582650598033,1.8409606107972125,1.6266378688354242,-0.30281593794147404,-0.49758338062673757
1479,1.1653493297252133,1.2916375840570873,1.107468140235045,1.1718137701045708,1.2798413978211431,1.0993791910865298,1.333683031397546,1.0955329208182858,1.3795803392636783,1.2752819461766962,1.1215899587389029,1.357347793178202,1.266234032529382,0.6805905477976678,0.5544766013832262
1480,1.4173519295517651,1.3001093950126805,1.299376257139389,1.423489708970823,1.2977501428373004,1.295420196718058,1.3047078555361882,1.639806778254333,1.4985814135237225,1.4549887505912449,1.6498646876167873,1.5174391090255988,1.4547762192889873,0.3144424846857454,0.4349071352924323
1481,3.470183001389519,3.148054027243577,2.925003346146337,3.4680538212000336,3.1510064157098823,2.916064482546927,-0.8831680290286424,2.9807952573558207,2.5210524351001835,2.4862134913724825,2.987289960054905,2.5255672977455057,2.471514904126496,-1.6036691085764954,1.794982647760575
1482,2.972249255865191,2.55878802242366,2.2680319347221296,2.976810736575227,2.5534177501057824,2.2684138011379598,-0.7541704234604918,2.9635437527759674,2.3657283709471075,2.459557729054088,2.9670994439574403,2.3636102349333252,2.450858164682264,-1.5291164241554467,1.7841633340787204
1483,2.679619642037477,2.637954395159443,2.2640332301640766,2.6802178594384674,2.6271692206737973,2.2567288385770725,0.041998073947850025,1.7916814738426037,1.7197500582273935,1.5025754895031136,1.833902327134937,1.7520489519801947,1.515020527868253,-0.45923463869800946,0.6814991593897852
1484,1.6953102185631879,1.3056392044649854,1.7272344339534245,1.7024308280843397,1.310771530053533,1.7285886566932547,1.0774687066541724,3.0570048031545447,1.8108501737767393,1.876993357747584,3.0789881332399216,1.782971437314084,1.8815092847319892,-1.456432580301446,3.166688845642062
1485,1.9544972209671005,1.9714836339562034,1.6929799903931222,1.9633659593235202,1.978305289945953,1.6905434997000672,0.6851331491322948,1.2841323231987183,1.2133614701788769,1.1464582755772612,1.3078618637364856,1.222061014999872,1.1784742056640556,0.08754407204534088,0.7666034095852605
1486,1.585694172106668,1.5903327005164123,1.4337768498488592,1.5923458092042586,1.5628174719906407,1.432778019103578,0.04285362021091452,1.2225138096309605,1.1355335414930061,1.1558687238707575,1.2388609081090924,1.1610072019135462,1.2053985214633864,-0.3035309128402535,0.6432237453390693
1487,2.830326821043727,2.343335156416494,2.0321319148420884,2.8536664102053497,2.3434184709839654,2.0246932103830417,-0.18593396003255028,1.7208639419525371,1.0134561881901207,1.0323629138909913,1.7163478513146513,1.0037653048863602,1.0010307941413543,-0.23746922275575946,1.9631600203767865
1488,1.4899428524525902,0.19107050207743184,0.22725598989874962,1.4907624528160475,0.17586944703042065,0.22131367058424414,0.8236731335170725,2.070902768869885,0.2048573128035797,0.22439569564937661,2.089292182882142,0.19528683408012562,0.23802046408868838,-0.53908129733629,2.9238489467032536
1489,4.240848239062606,4.177286488214374,3.926518123856696,4.255726861399407,4.1937879495792405,3.9228179805896675,-1.2163006377036174,4.151651959102496,4.138309810079794,3.6080534936017483,4.155870584486949,4.13732534758277,3.6103873320420687,-2.475360354890261,0.5722039223951599
1490,1.609483881628691,1.8580111746881272,2.2453127412184966,1.6079352256655837,1.8594996308772014,2.21999967232205,0.5822191637157142,-0.21570551142707803,0.0030928939316447524,0.0038549045304612814,-0.2400059773501159,-0.05674333824373634,-0.06491831390645028,1.6301180915532003,-0.22411646910079291
1491,2.2097531363786724,2.079348715678135,2.0095170339528656,2.2083716023168756,2.085467425266934,2.0121814023867888,0.008085926309745306,0.9861205750594361,0.6397064695593452,0.6515566494163925,0.9917276803798767,0.5983269635505964,0.6497498721330672,-0.07731577133426545,1.1649441033905177
1492,3.4349834329070696,3.571059702999361,3.1204263598387763,3.4303225781080946,3.566811585506334,3.1221426579142393,-0.7334443704812147,2.5764879980980453,2.835102183480452,2.6612838065947875,2.5635375969559484,2.821677831350394,2.6575723433957235,-0.9213868880192074,-0.3895746673425029
1493,2.090616538362014,1.8280733795994075,1.7887315525065326,2.0935389730226945,1.8237469253216052,1.7872637822462814,0.7743772705738344,2.4810773578082284,2.0750945188679153,2.1412287249371946,2.4525660694124456,2.089567134207202,2.1207091164419896,-0.7088073446378421,1.8096090912801779
1494,3.3709021494663993,3.4380946308317246,3.383776520276062,3.3608109966265314,3.442012940266019,3.382095630156455,-0.5971639777567497,2.7871390621306333,2.915150995276322,2.846215287093521,2.7787690204703726,2.9219560513006955,2.828091688414078,-1.397325913360854,-0.6825927921545067
1495,1.5664432422159216,1.3215154887218803,1.1439203986046744,1.5925189675079787,1.2938033439681067,1.1519997840934704,1.7063024397049282,1.8646160067637625,1.5254227280791564,1.33840237603713,1.8364359624559548,1.5005607280075224,1.3258501409901853,-0.17967090956998302,1.2531105751837723
1496,1.4617676705809595,0.6515047256675692,0.7576781833169405,1.4687429415362878,0.6317259559377408,0.742509201382046,0.9523746108287752,1.4808795953439482,-0.7094926980007621,-0.8014243808825997,1.4999368671662425,-0.7299352832960252,-0.8157705771302186,-0.09331070874152345,2.308147595350657
1497,2.3234303878104514,2.0767643087465424,2.260192737204172,2.3265171552003765,2.064550184786824,2.2524666725477758,0.7157634161574296,2.190503265711375,1.794518670293796,2.0301152804761986,2.188021376086507,1.8070025441919533,2.0144063417999463,-0.7632343110441843,1.5625035832698624
1498,2.089845593782008,1.9314485344212697,1.8224965897878012,2.0907624410853174,1.9329737714034463,1.8254536864179667,0.5115348205110232,1.943618324788788,1.8306172632329456,1.8761128206656572,1.9491674302157216,1.8415487394498615,1.8912771265243788,-0.4641570256934854,1.1786037758684678
1499,2.519177934920362,2.6450472801077907,2.59450107595296,2.5146340172746484,2.651509260575596,2.5790204434449424,0.015847106884157556,0.8738175961198549,0.9547331886590922,0.9922233476114176,0.8761623060464614,0.9411026160235147,0.9764955595017222,0.21121835796157765,0.33687577818223374
1500,2.0649222904189144,1.6912882119838304,2.1207005163217456,2.0744463248084473,1.6910004150386835,2.1227493497504555,0.618153029832534,2.155700574840727,1.6315668847352067,1.6137532131408305,2.1487855926103943,1.6458631195498394,1.6338360425584257,-0.06324981095284274,1.4477275426166394
1501,0.15769657488788266,-0.13602925337384209,-0.1352855221750204,0.15693032845624366,-0.13140126620828738,-0.14086876242522486,2.187891792100013,0.33236315662993576,-0.20017085347709515,-0.22674746640040302,0.32223517742967256,-0.19073717676930418,-0.1579915711420171,0.6462103737194728,0.5564919171531587
1502,1.8747463257581862,0.9353583542706813,0.967857293564802,1.8900992843407618,0.931526294548285,0.9485288171992942,0.7573880415972408,1.6089728481315948,-0.6007185778520417,-0.5996251387443574,1.6037260709041885,-0.612081474841821,-0.5542737768362944,0.02119536865389277,2.1674129845232053
1503,0.8279719578899708,1.17087478965471,1.7730240727929811,0.8158218969473864,1.1841936041425396,1.7657385373064,1.3206136240585653,0.6962103736136016,1.2674861060002247,1.7607559006415157,0.6851023519367989,1.298808405963589,1.7986345972653635,0.436765991119171,-1.4078822421684745
1504,2.192926163351858,1.6606291972378153,1.8155030236363174,2.197283356906571,1.6594900635599361,1.812603406652344,0.6302660077707226,2.593328468904383,1.8708142125093892,1.730683338064776,2.5858971704122107,1.901122783605388,1.7217252204772129,-0.7360786199425378,2.043424127485635
1505,2.742135315671073,1.7703858341329244,1.8616173739223818,2.7537677982798767,1.7602883300810799,1.8561250064858321,0.338491648131517,1.5647747464431405,-0.476663129207946,-0.5227934927017617,1.5451876173814179,-0.4781988362123315,-0.5387461661903733,0.37427143514506817,2.604803190944121
1506,1.9238214448917161,2.0027426893860847,1.9558833023536992,1.9331788056534327,1.9825956136754412,1.9572546435929636,0.6443789579390361,1.415947131471264,1.5781488910404948,1.6229736363883327,1.411668739009769,1.575769553922978,1.6260839879912652,-0.3325569298633828,-1.170836629406582
1507,2.174975314717769,2.0948051539741614,2.100669392241722,2.155622035958345,2.0794603923339734,2.0897303283750492,-0.4040324509822708,2.011574696899356,1.8920297231371874,2.058474071012668,2.0232744519802535,1.9069497222599963,2.0517345597348253,-1.021379407698971,1.0890078068818039
1508,2.0237222772626677,1.3791536564128775,1.182777536738252,2.017320176664704,1.3853860846943682,1.191736248986403,0.8839565269128435,2.1390970240948093,1.1950873815056038,1.0096876936343344,2.147724252529282,1.1693916576232184,1.0310472311003218,-0.020870307443117683,2.227451000839589
1509,1.3838453429574717,0.6603485624270825,0.7848180786036508,1.3816173715244597,0.6499548779982386,0.784591590617461,1.0602669531568125,1.5981791157831333,-0.04376728546334493,-0.04513622601950541,1.5963294952354503,-0.0414211001927787,-0.00847058140796701,-0.32138127338453065,2.17355583684824
1510,1.8255465268271396,1.5999203084004698,2.138357483747717,1.803441330598339,1.590338960993125,2.13682255292213,1.310587869470241,1.1447165691855756,0.9553670630786577,1.0898951992064676,1.1479695928106473,0.9721521577753582,1.126043084973523,0.622217042429491,0.3931062917553184
1511,2.0522045447684434,2.162644348782163,1.7498254324792444,2.0511626780902503,2.1633507110804833,1.7606718425365864,0.3164225234659158,1.881592337462141,2.030276780091427,1.7068331265778545,1.8791910585913643,2.0357679075212203,1.693020673599611,-0.4350689084925329,-0.4570186424847405
1512,1.260819072677884,1.2537996785829548,1.884321563915261,1.2931197782833432,1.249372472085984,1.877277270694268,1.0382446602737287,0.9117657513247939,0.8618298821588231,1.1404004678834567,0.8952085244015567,0.7995268701535129,1.1778033017329903,0.14331156605137627,0.0906663926260402
1513,0.48063055538655725,-0.20248346295759354,-0.19610867031152948,0.49621068665207896,-0.19387039768864753,-0.18770754407940338,1.5766094853746262,1.4013644117415824,-0.3464968736396128,-0.4157915825419147,1.3971922385824782,-0.3446980958056215,-0.45219400596612364,-0.24407455448577353,2.189033228876352
1514,1.0998065225622948,-0.1481530021379095,-0.1381966085461591,1.1019514956114178,-0.1567479426644416,-0.14706066001822427,1.0060766963421477,2.0557916276023924,-0.07029097833649367,-0.07079038222937876,2.0500232476576743,-0.04507362399292341,-0.19338584609223228,-0.5437101778524626,2.295918025648582
1515,0.9288781790810428,0.7614268128186144,0.9018456394980885,0.9392533811091776,0.7685650391994918,0.9007271512262928,1.4706296784264026,0.37959969831613044,0.07222349878932163,0.08169731001190143,0.36653515807280124,0.06321915308999243,0.10878128121825828,0.9894643161080147,0.6695625829859204
1516,2.124275043472292,1.9773234847572516,2.0190410687454343,2.1254801553149947,1.984904961588738,2.018702876561223,0.7150606106350251,2.159844096950725,1.9208093145092786,1.8275244050885937,2.166881334293868,1.9435936595950425,1.8174944559727653,-0.2448738200325437,1.3555455586450855
1517,0.909850435910599,1.0122681203296395,1.1928413979110708,0.9193883027283833,1.01293956785188,1.1881301312051478,2.037857801556465,0.5942099603765997,0.7436250002020888,0.8637468173780598,0.5938631435710441,0.7478293931393407,0.8745307047210743,1.2643096130638243,-1.2821194431325735
1518,1.9073716509054432,1.8577746705236855,1.5416238407786071,1.9098235946641922,1.8497001518800038,1.5387631195224576,0.9881841275208223,2.169229689839141,2.0334752048618085,1.6885603633404414,2.178446596545565,2.036344748965906,1.6909552078191294,-0.410597626581845,1.4041515092018806
1519,1.4403267106824666,1.1049360791520049,1.195429238648159,1.4305986255673815,1.1099202176645648,1.1855353128643615,1.270977530689099,1.3460583138127549,0.7242484121808958,0.8196482691570682,1.3405265876151438,0.729424886424475,0.8502208894593732,0.42151045700305656,1.5730008048539799
1520,1.7474108682441343,0.8454064876997952,0.973891270556694,1.7434224803364655,0.8572617492375834,0.963051143225258,1.5101702658503837,1.3505662419965327,0.016587526746516014,0.018678938565424838,1.3486319115365395,0.041738130692303234,-0.03856051729804657,0.8411119291146265,1.5723249284722354
1521,0.062452413439437006,0.039780035225896425,0.04229859566772129,0.06706305704985444,0.035688775296420824,0.051550742191527596,2.6293163836803415,-0.2541066538831284,-0.2485232535982996,-0.25342383321934087,-0.2632572759369621,-0.27136843002269717,-0.24375727394525828,1.428643623512742,-0.33037066056632597
1522,2.013062784383927,1.584930767695551,1.8952803318411962,2.0041039958005102,1.556666647869792,1.8943666905471426,0.36443382459255275,2.213663838195325,1.4719403525112205,1.6999784771920468,2.214578938080123,1.4844795387765777,1.7029410804758414,-0.4368393559371011,2.1330843448249954
1523,2.267712418056596,2.342433898981528,1.8894114823998007,2.2661609516419436,2.3479344241583444,1.8986106222273806,0.08661149839291296,0.45585916474983323,0.6247563166288163,0.6755069232889906,0.42924452649558054,0.6438721781144033,0.6308677971538624,0.5846179390411187,-1.3196143933689655
1524,1.9790042904838814,1.4658168890803414,1.9337173669022478,1.9897165142897566,1.4319568134354055,1.9486808315340625,1.5447882648999804,2.501513919015168,1.3891646944244924,1.206088964137798,2.575379841740031,1.3918910549501335,1.2149980052605631,-0.38262080664043385,2.471994936611548
1525,0.08893758526172699,-0.039249863575796684,-0.04121239126552994,0.08278999988728239,-0.04711518664027954,-0.04280375283109388,1.9758251416524326,-0.36724281407816084,-0.9522182231053722,-0.9700198074543918,-0.37179891110340735,-0.9293236784542883,-0.9949591644256237,1.4005877556263733,0.6283082047324807
1526,2.13676964152548,1.6551009800439347,1.6045232193409025,2.1263647514549358,1.6639167446444545,1.601207164840285,0.6646918138359357,2.349682858406941,1.8804046241672903,1.906033432249197,2.3562654143379738,1.8736174213967414,1.8946108256012957,-0.44872657139681027,1.5842698518326428
1527,0.5912588321234401,0.4496130471385969,0.5156197510078488,0.5955545104680934,0.4436916628580214,0.5183768779284622,2.1251814512581153,0.5982031460850638,0.39894509272966194,0.4527081383313902,0.5744368517901777,0.43485466946448004,0.41711885360318923,1.1733675181899483,0.6194802258917753
1528,2.3858180251004804,2.5203782896460756,2.317444187579062,2.3751810054329967,2.524494885733503,2.319923846925687,-0.31112886851732474,1.730117145468625,1.9456318410853781,1.6430981439699475,1.7551801776892886,1.9428611032450789,1.6328161379840953,-0.5519918300158112,-0.7216272577337729
1529,1.769743694718324,1.307454039066112,1.3816378851473918,1.762652748001072,1.2982353588978686,1.3726861992063177,0.6909462346567854,1.9511069010634234,1.2648003261159566,1.3580250865281396,1.957052548653194,1.2839589579435187,1.3636936391366745,-0.2425274671835974,1.645879624554166
1530,3.1158997793383536,3.223349908315193,2.3017651858941877,3.1188333963331476,3.2245853398042357,2.301756066509466,0.40081148097159275,3.4141360719801015,3.5291457995532136,2.521098389494593,3.4144676923806756,3.5294987420244284,2.51907933355727,-0.8008826393218467,-0.03799214425293719
1531,1.751540384466004,1.3809416876663925,1.4340220524479694,1.7410578739605531,1.3869145669882126,1.4277258994416766,0.134007676438289,1.469020184551005,0.7831566271199382,0.7420402313135976,1.4727631778699157,0.7956145836394711,0.7645412053523366,-0.2378872859864317,1.2580434992991278
1532,0.6160930472960079,0.5677691612891258,0.5269397331909332,0.6161571313017378,0.5787881502838275,0.5219994595298749,2.212493064000587,0.7426681035118354,0.8134830213692491,0.7399287190237369,0.7430839147046541,0.7980221219332969,0.7284288166666597,0.8777348637023139,0.2414794224011581
1533,3.1705547299000494,2.369656877699287,2.663587972000009,3.165244614275042,2.367214497672544,2.6590077062664745,-0.5224431386357066,1.8027009543848294,-0.19696579935472913,-0.2204513646702044,1.7970477679495944,-0.19098256285430612,-0.27355788867071196,-0.1910791390572949,2.784931994106469
1534,1.0468654124352137,0.9669455147695363,1.1472884997559378,1.0383901129000785,0.9609993755843874,1.160593456483839,0.7320705598840658,0.9840519031337326,0.8508575983093645,0.79328622185823,0.9861544945459565,0.824319042468962,0.7993176819309504,0.04684843508108451,0.5455427431919523
1535,0.5738247951991139,1.0147019088638167,0.8799115274975923,0.5623820307456775,1.018151701004052,0.8804048725425753,2.4305131139161467,-0.7142677269292943,-0.02951596897399392,-0.02558689101220144,-0.7223506575973752,-0.04368427562755964,-0.02656360288550118,2.092266781595394,-2.5195095748743954
1536,2.645629754718231,2.6858258249101463,2.3428455373365513,2.662702716920761,2.7053235922447674,2.3451018981419467,-0.6798506406848973,2.1885173911224327,2.2536100991238945,2.0501605556167686,2.175746324533094,2.2567089783955416,2.050611760088115,-0.8666958776090566,-0.17944373220128212
1537,2.8014125721803502,2.830375574700169,2.6903800297777356,2.7712364567780376,2.8307925920928074,2.6888871586250374,-0.32522629808992387,1.3157416503226398,1.3705326954076098,1.4915343362257218,1.321913704180572,1.4259359645353102,1.4708151160911034,0.04136012392835445,-0.006409751037362093
1538,3.1213551962122508,3.204208568787116,3.05816941671601,3.1192306732518413,3.193857435130803,3.050534143872428,-1.0646304652504197,3.6944664946073353,3.8403604597597734,3.518788486414492,3.6716226687712155,3.7900389650504205,3.510943550549716,-2.404609674359191,-0.2545277642009319
1539,2.327751958460763,2.0454550274079386,1.934343954954348,2.3443859929381623,2.0340199919194855,1.9265657890000518,0.29678725152252383,1.2575259164339732,0.8170387232255709,0.8424245273893549,1.24797860712441,0.8124689190823978,0.8461576246057364,0.49348682962972323,1.423370317685545
1540,2.328631295578704,2.4327162907790316,2.252926556285023,2.32017574628481,2.4387311834898813,2.258553165334835,-0.645087551155077,1.8559870402145033,2.074405996616191,1.8822706023094298,1.8951033966279385,2.103016933750612,1.9073351971671713,-1.0324361525332504,-0.44426016119819034
1541,2.5356715603919953,1.0773550119197643,1.047459066428742,2.53624387125451,1.078749610389292,1.0527438085092216,0.20166989816259703,3.067645523751773,0.9597708887371464,0.9235179391878604,3.0423465338615365,0.9601998566456483,0.9313082137515786,-0.945185206126309,2.9653088012980646
1542,3.760447062823509,3.2038153278049273,2.6307180119078346,3.762397755848939,3.211080068791279,2.636152689847694,-1.185158324766429,4.026144254459907,2.988462543017052,2.582957671884093,4.053104969834247,2.972773215644072,2.5591554722867618,-2.3799447603486708,2.165725783940606
1543,2.1425921622712436,2.276745077316184,2.5249894910216386,2.147046821008092,2.2733043972518243,2.5167402323453465,0.27515698977441133,1.968235988756849,2.1970851730067533,2.3374427159348214,1.976254798107859,2.2027013835128506,2.33165447674425,-0.3952722168727944,-1.14250404850551
1544,0.34993003816799484,0.2502455248776824,0.2681067271724265,0.3429429952811705,0.2563141716184846,0.2726750800695655,2.0304783164410596,1.1214584962086254,1.4100247704772022,1.518963244837914,1.1048209662405084,1.4152760237718238,1.5155466061764804,0.1512223827535041,-0.31288737092271385
1545,0.8235063734766244,1.3291242647412567,1.2600373988597509,0.8185951984661912,1.3434227058707504,1.2534006391178054,1.298419857614075,-0.020849868351838243,0.9063275430825426,0.7629042826756394,-0.04740029546797106,0.9619959741520733,0.7875920234457253,1.3132467059622586,-0.8176917733023974
1546,2.4821448032118134,2.0970928516226577,1.9789709948662082,2.47424381609089,2.0973966261786083,1.9766187298361766,1.1353215610375698,2.2472287301237612,1.75726663784264,1.7421334336626686,2.255396835988151,1.7774005189845437,1.7368892929818507,-0.3208463809346409,1.329169296971764
1547,2.146712552365254,1.6761972168384023,2.0714063672821292,2.1486153916775046,1.6704519483572375,2.073921381396814,0.38216760788102144,2.0741823187723845,1.0082806777899234,0.9884270129621606,2.0837312890455717,0.9806895049464539,0.9747877430270881,-0.36486418665025155,2.0212799739453033
1548,0.19007146467783492,-0.057311302666085896,-0.0678935871176392,0.19734870628259293,-0.05598911349304328,-0.0844636426877248,1.9599235873419227,1.0436382048586954,0.6820681860384719,0.7357395631616508,1.1055137426233592,0.6730683834288242,0.672435438666338,0.13020220524421017,1.2904318307495741
1549,3.6945656492572967,3.488845838840201,3.9605092426717348,3.69554851961383,3.49198805206383,3.9552106083013547,-0.3550469108361441,2.829734096049404,2.5663678315038307,2.6643629984762622,2.820303866095573,2.570018675041739,2.6612420502428535,-0.8556916582763266,1.7127336960869035
1550,1.1853276868276659,1.0089819409365022,1.0085215494017141,1.186051694766238,1.0116016025017056,0.9983480589107447,2.551901613373056,0.9734039434869763,0.6514514652716232,0.6562083780847534,0.9792836206598192,0.6466457569959939,0.6501741727345505,1.1794018151097894,2.182941676632749
1551,-0.15534133554137744,-0.870761150675467,-0.9758061055420622,-0.1793338554249517,-0.8782540451892065,-0.9412342556202902,2.366229555707106,0.5549310553791201,-0.48175304686285414,-0.5639697954504205,0.4990400865439863,-0.49995396623980165,-0.5474743311646625,0.918598981512258,1.642077475668689
1552,-0.04727592067780046,-0.32191266688888304,-0.2988353209528899,-0.0436727947631395,-0.32454691595828294,-0.30096372641820995,2.8461206416758498,-0.040654642086545324,-0.36851502790067187,-0.357441165807001,-0.03186306505016982,-0.3880178998739725,-0.35517596171356514,1.7244320229574641,1.4507058776241608
1553,1.6845978815748701,0.7847874568353133,0.8896227001897212,1.6959835114815012,0.7963910665230614,0.8967626691138612,1.2265714072586629,2.054332679675009,1.111428649885397,1.2723574083966724,2.0434571432269464,1.1105086638810602,1.3132683980155142,0.06499514798752969,1.9042868505912587
1554,1.197822671280132,1.2935896889655545,1.099073146300798,1.202543435565262,1.309408605660542,1.090172433965874,1.5910868693077893,0.017041874863258318,0.17259526326875502,0.1699403404757963,0.12722432315003918,0.1510586306744323,0.14936864260453522,1.4876982875105467,-0.36509270115937525
1555,0.9098013116157315,0.7701748230625368,1.0125650468226408,0.9272412479850182,0.7711933829436846,1.0029522263535835,0.9833166774643001,1.2453683072243653,1.1145994312341196,1.1898235995540525,1.280830090091639,1.108672226276232,1.1943199155829165,0.3577443429075567,0.536167114471032
1556,2.3525874615729614,2.4780002664118284,2.4069638602106216,2.3557833250345688,2.47434007100308,2.4105012803547425,1.0844261775147916,2.402669132990769,2.5813885682284603,2.441337148559701,2.404026180611737,2.5754036347157836,2.4393299477716712,-0.24455561865892853,0.04425744531524803
1557,0.07618789014245905,0.0969226514440485,0.11453898148679502,0.08747590308000003,0.10511827765324391,0.13179439054292352,1.8853842397568628,-0.3797888739546841,-0.18880524410687574,-0.23854871176090398,-0.4006867651718741,-0.15539833213580453,-0.2828815102629633,0.9894944075030686,-0.8045015806176548
1558,2.7487028608618655,3.053764993646673,3.1124381750225285,2.7500736475590304,3.0423019363683883,3.1092211936543146,0.00995089758040414,2.1986758417883188,2.5512267263012642,2.531580023392964,2.165932950916875,2.545517968961213,2.5272672378156478,-0.36619855548098,0.719128169786217
1559,2.532676774786007,1.5986230136262334,1.6586841360254394,2.5295340820942163,1.5951823083300714,1.6594410434793865,0.6485310503821609,2.4380322535132732,1.2722264368968064,1.4223465177763845,2.4141065678100615,1.3125945465445374,1.4209952673069646,-0.501117632096618,2.1876020964570877
1560,2.4559578273392186,1.531616302832135,1.4766138004105351,2.465115336924619,1.5360897117042813,1.4741060728551005,0.10177693636729736,2.556457563077653,1.4301071820848898,1.3941628871227236,2.5417357052135667,1.4468701329761176,1.394101277438703,-0.9162262007676584,3.7332373528239153
1561,-0.832927493534587,-0.7730746913994027,-0.8396051622306933,-0.8148896540765973,-0.7756073500739242,-0.8353140607127927,2.7655418062964956,-0.5252763569607385,-0.4496706406410932,-0.5037878883477839,-0.5426175586971543,-0.42226768309232576,-0.5180085820518914,1.4565320878017487,-0.1429999196361824
1562,3.1360908416035116,3.0988322115763816,2.6787882897592983,3.151430271682521,3.1030495455817304,2.671278356731269,-0.542150120557257,2.5941799258205642,2.5779739064322866,2.2715408327710165,2.5844848177977826,2.5744137646341874,2.2712495586763963,-0.6179738603376767,-0.027022787069352273
1563,2.2989383635390226,2.1780238574428834,1.9508999469798358,2.309130230092125,2.1716795637336195,1.949382375859741,-0.099397697696904,2.0028565734266417,1.8157101414394112,1.9747685400194044,2.02785199099019,1.847579599945908,1.9934188347457775,-0.6638749553624048,0.5283343950276126
1564,0.7286811703830469,0.6873135354496165,0.7752518812233635,0.7223539230073425,0.6725660117435571,0.7807692834823422,1.9302949585873266,0.9811589241802915,0.913756129693315,1.1063205950632435,0.9546971083650884,0.8983426354734104,1.0760108709829814,0.5408153891416547,0.47659683130559
1565,1.5837274830282935,1.6840860166371445,1.8223069169411614,1.5665785628730196,1.6824301171236622,1.8175649234198308,1.1310327045707975,1.3346892965653947,1.5164733555418701,1.6171354972167231,1.3317813595479011,1.5264130502080702,1.6478499253532168,0.12374032401896186,-0.49991017683077515
1566,3.759926823027509,3.7473462893627505,2.884185715929026,3.7611832671792222,3.7508366377578066,2.8853954712576777,-0.7734690519157996,3.526843254266292,3.5328476051098114,2.723179008272209,3.529684747585254,3.523805670897415,2.725452198768482,-2.033543892103474,-0.9806298767994687
1567,1.2384262541882913,0.9101949726183349,1.1301506050857948,1.237215776906843,0.9089039824537628,1.136321811524608,1.0519324279350386,1.2389702325737335,0.6013528780038824,0.6919038151206589,1.2346155283390112,0.6100594260919029,0.6526032963228092,-0.029066063005175474,1.2277391310947865
1568,3.91150348700318,3.9365529808023867,2.729757408129179,3.9057766864335934,3.9346499798925745,2.7334943359372126,-1.7581294845159394,3.271010143810135,3.3430834998179937,2.3361286877451914,3.274518364746593,3.341669144232904,2.3352775264637513,-1.8672023747192288,-0.2677993137408267
1569,1.6169593371575304,0.8881636591366837,1.113925074620933,1.6472583734417583,0.8878852104847442,1.1167340907201957,0.31097644182638506,2.175358455043529,0.3894207289510669,0.4041845277619262,2.1754195968555896,0.2520518395982369,0.4186154200265059,-0.7165757589388085,2.5369090883694483
1570,1.6918917842902097,1.8694518433431542,1.7101261183181982,1.6905913273348605,1.8666563162984895,1.7038530875224231,0.9010645771148121,1.2714040833084617,1.5939286355549458,1.5273506033906128,1.2086119131074757,1.5996294452506212,1.513903397071112,0.5891734102196594,-0.3780157093743125
1571,2.6714229802327454,2.585148702929349,2.0417724802563857,2.6681697549814154,2.5927389863605863,2.035978277241196,0.3027828880361271,2.29419035424346,2.2184875024330237,1.8308128086792326,2.279235908227213,2.2239506341672755,1.8329470543131126,-0.3640876460578557,0.878471988807012
1572,2.8928902093455693,3.1112707795409187,2.347886267957885,2.8958772623102,3.108453141373251,2.341981620879922,-0.163267610058625,2.739917378985817,3.0104980335403533,2.3404242381908307,2.7403302600455386,2.996524112257089,2.3500795081548342,-0.7512900542159549,-0.8214594425385308
1573,1.857973352077641,1.0763264690471008,1.1732436561805066,1.8599538019028408,1.0536726853582856,1.1588955144914566,0.9340567296021812,1.5317237908141164,-0.3823545706187917,-0.38227235426796385,1.525642726980124,-0.3888433860489589,-0.357067399055723,-0.015364536231987361,2.2152901775897456
1574,2.102486443100276,2.121505150376552,1.997834113664988,2.093093498407535,2.1088307039689442,2.0107334325459734,-0.020270121881410138,1.5142735537489989,1.5029806330691005,1.6012891869929053,1.531943073633547,1.5142688254891292,1.6091640244227934,-0.4049218601176383,0.48463268592997005
1575,0.4005665115668728,-0.5820921575822726,-0.5091415039444857,0.4138714394010258,-0.5782812770173479,-0.5219166804389977,2.5912335943279157,0.754771380456924,-1.2186586831967758,-1.0788792297582286,0.7974693121843263,-1.2135137013233497,-1.0814680051309096,1.0910189339529102,3.1471021965710673
1576,-0.611392754011337,-1.6191161374250889,-1.482595288983417,-0.6204004908906887,-1.6139898719263348,-1.4680339800830495,2.4988309798858883,0.3447355666898836,-1.8685483063915642,-1.632778763898754,0.33811936573943574,-1.902633980284144,-1.629173133306251,0.9126415734643307,2.2272169990921857
1577,2.57120506355284,2.5246200999115564,2.0868931094372347,2.5582928114522097,2.5423515270633525,2.079334010542831,-1.187254295617049,2.3536992035748767,2.4518928322564597,1.8778191489565428,2.211231157221037,2.47786858648433,1.9110545550660334,-1.4594694112139637,0.661451354425894
1578,2.6430164130418814,1.209454412746521,1.414728840592435,2.6594400888637506,1.2067588065443344,1.4098612896660339,0.14346779323218214,2.6367211581284904,0.4094371522130474,0.46779050273428696,2.6258530720909494,0.3946734596026053,0.4029706989507023,-0.2897293773089172,2.6996836911617184
1579,1.6997729379611892,1.6741106378946051,1.6520725407612085,1.69021718570722,1.680854004721983,1.6539712510532791,0.34196727302438745,1.7703576434408796,1.7721600282313015,1.7983751526870404,1.7973065026711463,1.8151337218292296,1.7879072356889285,-0.6585106285154919,0.6983035686537299
1580,2.3697390146222146,2.2193835547839766,1.8345960250826712,2.3800494204265443,2.231260404689542,1.8378296989043759,0.37535738456566414,2.1845363359443994,1.9508101454508142,1.633058628079264,2.180977064867092,1.9421493159319323,1.627505926592863,-0.38671756487864983,1.8012154793544048
1581,2.148518249178827,2.1560250516704977,2.1348699130746724,2.1561735471154106,2.155630029523521,2.1447421382333185,0.0041297953891662334,0.9617384860555183,0.4100194194214824,0.42492329040054166,0.9920641357289531,0.4047909239039166,0.4281101373806476,0.42834677919346115,1.0800997925101845
1582,-0.27866778907402556,-0.2107535005667542,-0.21913346161413924,-0.28518044806848075,-0.21258300975752065,-0.23684166516364785,2.3178543175378374,-0.039555158161995084,0.08893069794253364,0.09197533385995674,-0.051623848238644,0.10015278355915243,0.08200627292117633,1.353682269434896,-0.7114736660194269
1583,2.513827330642834,2.544098254802726,2.3289961233495826,2.5075616824899734,2.534867868827823,2.3420953988236164,0.5252493770291293,1.098089971281361,1.194747524808317,1.1278006889618604,1.1003417856868718,1.2353138702068522,1.13297551476863,0.3845969219373243,-1.0028685468429224
1584,2.6911556330191466,1.5712760456574941,1.5572374326655694,2.7027233250025557,1.5812382412061168,1.5452562922675548,-0.10871341615780052,3.120806816954487,1.8795294499189406,1.912532764411362,3.1325854508832114,1.8702395274742287,1.898349384224048,-1.3614680974979823,3.0655826455025044
1585,3.508177102814232,3.542894161881792,2.664257629425474,3.5096615968054956,3.542443130214468,2.668923666366418,-1.0539017169975748,3.327640099041971,3.386364294064412,2.561528817251859,3.327295327840177,3.373928730022001,2.561937849338735,-1.7509669872158369,-0.6126325901092927
1586,2.117055820275968,2.2225924710406946,2.147516166318032,2.11991944052046,2.223749119551713,2.151666386660828,0.847018259835396,1.3161452294094496,1.4712605798909242,1.4025614736722376,1.3184945068941145,1.4514919188412228,1.4035790798275023,0.35027311449923393,-1.7129522386003917
1587,2.6437869062770853,2.618928494376003,2.394878860082395,2.6781592413742965,2.6220952926401306,2.375669020221643,0.05355510366158063,2.418440091250803,2.648879382914481,2.276208876809053,2.4140658451641706,2.677423978201655,2.275020721028126,-0.5168737872165393,0.7624293014046386
1588,0.715908980829051,0.5715653722663389,0.7173138156859378,0.7128632209735241,0.5776648048632875,0.7189166386904584,1.7603215248255166,-0.24773176241730008,-0.7782296380685894,-0.9391636883951052,-0.24678169764580532,-0.777113881008141,-0.9375507752854401,1.5149898172270422,0.3198682800664471
1589,1.299604683425942,0.9804311931714603,0.947502252206149,1.2804530010420612,0.9955870731847016,0.953308793395776,1.5799827238395083,0.9047833256565732,0.3584401067940705,0.33712664832792405,0.9162473317646901,0.3719849313197453,0.34451442319227643,1.0156981804407632,1.5573609232412582
1590,3.371565484181523,3.4297023970670866,3.6712565568948565,3.3598720694876665,3.435752936192457,3.671414186182221,-0.44556988287835314,2.504757495004252,2.652769744935913,2.909804880385483,2.45546845880555,2.660621170558217,2.92544426621577,-0.9482615273738689,0.3439675024685795
1591,0.6276504095616807,0.032984937022466326,0.03903697570459732,0.6252575796969954,0.02626139831423896,0.036272827773861684,1.6396044770469096,1.034956603661237,-0.18375992408895953,-0.22912463961596594,1.0207933677745,-0.14139038253273772,-0.23551056977423734,0.04564413431860432,2.04804112986105
1592,1.8293617086870186,1.8393234707085335,2.07716369673265,1.8392267473940447,1.827206651764442,2.0782977404990968,0.7053108502108854,1.548753080481686,1.6324970662439833,1.8516012413674428,1.567159906495092,1.6429016364467592,1.814822827890697,-0.08197054182704372,-0.4318186754631047
1593,2.0318338113030587,0.423805023634197,0.4236978077692551,2.0188418873602094,0.4046464397669995,0.41129879669105834,0.6770383339549606,2.98933662294553,0.7795700987778806,0.8005994222800824,2.977435353925005,0.7684522401658861,0.8326189508181655,-1.120341865830109,3.369518876528076
1594,1.8176789673113887,1.8018000069541833,2.177820363675757,1.8156098360601916,1.7992740300089882,2.181968319145402,0.9841425602503807,1.3909646760367567,1.4086275758194038,1.644883675174797,1.391926998834234,1.4072700121624888,1.6564693677792417,0.26264975739402013,-0.344050170558827
1595,1.1718486548793448,1.2570171418230198,1.3422024225587788,1.1755222260309237,1.2540386572880107,1.3507845825700708,2.228742961961486,0.7424622220838186,0.8602978599440738,0.9490638651320124,0.7483882818252273,0.8629527797707346,0.9666899942245574,1.503743660513037,-1.4295553063074347
1596,1.7145483767183414,1.3179827535733004,1.3238689023312993,1.7063197786574236,1.3360911059522662,1.3232088249900915,0.6628022791330587,2.4004091866115544,1.7299093437332365,1.7261237339808675,2.4098507683051915,1.745100981575232,1.7180183899488224,-0.6253796731560065,2.3743641452277373
1597,-0.5171933754609587,-0.9198017778674286,-0.9753797440275558,-0.4675238486243093,-0.9690960268019524,-0.9615094497548293,2.4772235631373847,-0.1315338849612057,-0.8439362231198502,-0.7766123453126877,-0.16082098276332013,-0.8897033722956882,-0.6756849125118303,1.2621801362685425,0.7078641616397343
1598,2.1657006945914157,2.1608038084165484,2.457395086886,2.1708410170122296,2.1680413377982863,2.446480420916491,0.28230528479951184,1.8125527126824146,1.8589752545064935,2.16388071625966,1.800144310155493,1.8715340485943108,2.1574010717529744,-0.29963295895865505,-0.6975741907854062
1599,1.5771157852333884,1.247369806140204,1.1697952398647102,1.583990731413472,1.250994667081024,1.1644345700789405,0.8377696183949975,2.09427401872188,1.6938794513377884,1.6844018906739475,2.0678571455963373,1.6818133812315044,1.677173876734058,-0.2812313217426712,1.1631555081540823
1600,1.0203657455649169,0.8827648622465554,0.9382414141618537,1.0115757908288476,0.9027650440894933,0.9314639769926745,1.306833222136624,0.5813280725286617,0.4010315500139462,0.4284069569054173,0.5990586684018884,0.39659337302863157,0.4574003056620646,0.6907120797549073,0.6152721483949484
1601,2.1861665643855654,2.228487360839044,2.0164652278698094,2.177023329531047,2.2444094994726544,2.0097954184158016,0.236439432421463,1.828695742064011,1.909537234221484,1.715469135165619,1.8208152310686598,1.8912589897274823,1.7161002903756368,-0.5226414936639387,-0.4660025862676145
1602,2.025832420361984,1.8405287293136596,1.7817642296688319,2.0196155527308814,1.8501211909324258,1.788191234422174,1.3494318624689288,1.5844447062463611,1.328759297377335,1.1738786155065692,1.585253818486372,1.3177319794699949,1.1682077712405752,0.46358052169661335,0.6262851659810498
1603,1.3121425320465623,1.3314999248325934,1.2875225205403489,1.295328977548992,1.3240257821507861,1.2970291812224568,0.6121104490190535,0.9449066288392612,1.0679726894114747,1.2253749650727828,0.985049136626038,1.1131338185695485,1.2070432391228045,-0.08716649754356234,-0.0019464746298387724
1604,1.9135360527793666,0.8794425107235806,0.8123708957633701,1.9149646307024373,0.8934503824945806,0.8061134170011022,0.7721010533266954,2.651185358234025,1.2948704158513442,1.061577666378202,2.6482123575861074,1.288396286107218,1.0428273299869573,-0.9817047480155933,3.3969463535705353
1605,0.51836289887137,-0.1928846857760696,-0.20347504515661502,0.5298699574607013,-0.22664837526791476,-0.21944006080970357,2.9084195252964857,0.7077924826491235,-0.2291553716462337,-0.23873521348415097,0.7581302222979859,-0.19099763986171245,-0.20148897650769482,1.4273251731728713,1.3345013195614486
1606,2.217088361216118,2.253890856760294,2.1205196372867396,2.219539862602936,2.2520575164612384,2.1177529625276903,1.3934455648050448,1.6508082690420574,1.8863540002592198,1.7034681710744526,1.6611985125301014,1.894122920186696,1.6939542156481724,0.6297481752777839,-1.1684040256111725
1607,2.1547283093645953,1.857080264092948,2.3550508393478484,2.1552735085567902,1.8583974292882335,2.343549105678911,0.5811450247231973,1.4629996676452837,0.9101187370183713,1.0823217806802754,1.475606566315954,0.909159615341712,1.0942711737197275,0.09275493386341634,1.4766934059796055
1608,1.3893374304724275,1.0684949294086925,1.0324939795163253,1.3896978646592208,1.0769936543374958,1.050769723829915,1.7131186294157854,1.3208470023013943,0.47093314322501156,0.43627895923490406,1.3238599480136934,0.4682648179293846,0.4373658084436863,1.1895486593815807,1.4797659440679358
1609,2.679048900589721,2.543308401783998,2.6327199421338623,2.684731167229601,2.530584637106582,2.6292824106225905,0.8404753395449508,2.117244915895929,1.7985551857243887,1.691592107686745,2.1125340148184932,1.846148615155706,1.6924026318638508,-0.3197204306639928,1.333743006885013
1610,1.477382177326461,1.596015663146442,1.931545340009258,1.4597781841237398,1.5895555384976805,1.9277776063017955,0.9128460199222114,1.7858736281322345,1.951747434130214,2.279915488124863,1.7830213516374724,1.9470466793520491,2.2725281495500598,-0.3751516556464365,0.41182536419282084
1611,2.22065681744937,2.2759671723234676,1.7158270260665225,2.214245469521565,2.2715633693688257,1.7083546947312904,-0.09463583574800653,0.2949335994793086,0.49897475688198767,0.520402110589221,0.2934620768703785,0.4985555084109393,0.5269214249195374,0.6489213382284574,-1.2469142570044558
1612,0.682451808540763,0.6428967624297802,0.6894432641662367,0.6566490487183906,0.6351110430403917,0.6918707359197976,2.330315791060541,-0.9133227780436425,-0.9311648832871924,-1.0999347537307935,-0.9016728037680418,-0.897795949255465,-1.1152368029701485,2.3334278450644907,-0.30566949407268446
1613,3.188451456589961,2.718995080891987,2.656129739261815,3.2060541977887964,2.725745610170712,2.6522950519333395,-0.7587052641307496,3.2756715489822086,2.572777110385116,2.6277272885456204,3.2874571642823556,2.5750851858956945,2.604662896343948,-1.7693422754578727,2.25219089332447
1614,2.5416355377023505,0.5364550672238444,0.5034039504473244,2.5398737958128454,0.5193290858206504,0.516232308794287,0.5725422429576614,3.909795505567464,1.8125997541825276,1.733860916925738,3.9287132558437987,1.808462907179257,1.7076425252225744,-1.5957200588943756,3.5666400529432067
1615,-0.681552556119368,-0.8851793527718793,-0.8769614067399712,-0.681357228529921,-0.8832023268574808,-0.8781446330960456,3.2262673226051004,-0.6813319234923289,-0.9590834638641882,-0.9004060699278167,-0.6871006707900856,-0.9762002349549692,-0.8958090588842578,1.9266219794996176,0.42655833331081316
1616,2.1562048184869873,0.056090232216710376,0.05731333723736644,2.1757158405625514,0.061426377533100096,0.0551834692702449,0.8553451315436258,3.1549782544664713,0.9192175701667317,0.914586637980837,3.1480739994097555,0.9342124162924145,0.923428237137497,-0.8068284896980658,3.328544564192803
1617,1.8375833686235041,1.8124728615245702,1.899010117878364,1.822585733261115,1.8224305495796478,1.9137050788533345,0.2582338801026346,0.8931886710981035,0.7435921125875575,0.6613321288703362,0.9300059365116026,0.7618484195954459,0.6756447356157764,0.28553463466584955,0.8853016083975948
1618,1.788368972364931,1.654039510969522,1.4248533779235337,1.7908039564588945,1.6615928979842443,1.4245786651972374,0.28468395936741914,2.0231983426763653,1.8715870412290703,1.6819227616125534,2.0242382931508667,1.8739592104789924,1.6951854169455525,-0.8317870512414978,0.6968845738626531
1619,0.38089756535299296,0.5129955024057173,0.6071046036065193,0.3666486689457122,0.5469848297295989,0.5941727191493966,1.6103482924468182,-0.8597515560580816,-0.6439655310247893,-0.6334995973605541,-0.8605891509398532,-0.6290646758693283,-0.6587347113282119,1.7903768263639808,-0.8770813247061352
1620,1.1586430877581615,1.1658931864531827,1.3498529140590931,1.1608072288277067,1.1629598623055928,1.3889874235302153,1.1767316079375518,1.244417537312516,1.266814738572441,1.5027720630839128,1.2962524491970264,1.234251122597656,1.469871428780441,0.12448000549497332,-0.14661463070214992
1621,2.1793398564565147,2.26351677288506,1.9774686618848372,2.194415106226293,2.260935871263614,1.9783625718026396,0.7651859608708946,2.485847457656025,2.7242743025358256,2.149163867569519,2.5183934604158433,2.731763959088164,2.1255473729243493,-0.608802520910843,0.05124457262561488
1622,2.0800721539315847,2.1424070599794693,1.6999691495943894,2.081178643620345,2.13347607111941,1.7094186713869426,0.3088456453376607,2.186535266371211,2.359507082953689,1.9224945107684008,2.187891649137743,2.3818097282762283,1.9298347834880547,-0.816740720488781,-1.1059139190477212
1623,0.5879849453219167,0.662823333115659,0.6938335557772414,0.5743546055991665,0.661617113475645,0.6683943500755373,1.9483651352576568,-0.22552922465677555,0.01580755469415923,0.016085659868267255,-0.1938668991591009,0.02975458365549242,0.031804155635748135,1.1746986641305577,-1.469857232825631
1624,1.3838977852357843,0.5991041109030378,0.5999258127666682,1.3824819133452377,0.6020490102772802,0.5875247155717421,0.655725752298292,1.424269547506575,-0.4961532170243426,-0.48089229567867275,1.4328937579322998,-0.504420041324098,-0.47718329767367224,-0.6037699203850835,2.691718882546431
1625,-0.12676364229146758,-0.39096925889848616,-0.3924134254344412,-0.13466633750494686,-0.3990040555822354,-0.3957361286214877,1.9392699848637833,0.47719982900917146,0.19078745346691522,0.18245517631100788,0.4523709840753641,0.1612805993802166,0.17859914706981775,0.5498058521157925,0.8012938481310489
1626,2.1640428915776284,2.2453300771939366,2.043037863800836,2.1607216094563295,2.2473638116893495,2.0451874924902587,0.48638875095981904,0.8720998326205525,1.0930091111016698,1.1091980311381728,0.8789441553821041,1.082878090517208,1.1059076074042067,0.6545363904667714,-0.9899521903639527
1627,1.767862209665034,1.2984203566275776,1.3938816082874639,1.7823201628682057,1.3309585717071286,1.399728566715066,0.46025757694902086,1.846011383564912,1.1267410981841048,1.2139012107453728,1.8277177670234577,1.0959183531334988,1.2204146875119417,-0.21935349309404517,1.5754102341064438
1628,2.760683855223358,2.4402420874520647,2.5030750825950854,2.7595355468060445,2.4486370807157147,2.4802417833253756,0.4851989226534515,2.8914936327104,2.6517895152714,2.6558430929414043,2.8993628405179432,2.6934556354235006,2.6680446737996637,-0.9821365399904455,0.7128501107120682
1629,2.371671304182073,2.3532942306654654,2.3456290798074697,2.368291619229986,2.3530198463114056,2.346120942997149,0.6233682424729584,2.508397531497655,2.5059653608230947,2.242863320743227,2.5061374566186116,2.502471249529962,2.2407778497959003,-0.6497002382908769,0.6010321243206825
1630,2.262199183374927,1.06868880433293,1.1468526051104704,2.2497132119157004,1.0907958379848781,1.1390909854723574,0.7275570312738912,2.8045968095596794,1.330744802021166,1.2642492165506976,2.8184170424912764,1.3121585733182761,1.2827309120520436,-0.417405480929218,2.642500758317329
1631,0.43447347381016754,-1.155706971238534,-1.1281695380416605,0.4391827992361844,-1.160776717860857,-1.1128864661199913,1.6902927462893391,1.3377622111567946,-0.6748957323681182,-0.664841846290076,1.3239330196678862,-0.6935200965127667,-0.65744457466255,0.19248224971651268,2.170616970577194
1632,0.8082640316344587,0.8760014421733391,0.8514663143031211,0.8059109988409957,0.8750190581531095,0.8496586144682475,1.1452896234113925,0.6380349728339619,0.7701559749781157,0.6696247640592171,0.6513782253942685,0.7673756806562178,0.6656545091069829,0.5751754381805037,-0.5454476728727191
1633,3.1780992975642914,2.949480794452403,2.9325443080083096,3.1971346746845497,2.955085616904231,2.939926408537735,-0.8572605839424251,1.9075091376810243,1.504908775510712,1.5885792593838493,1.8686072646689025,1.493074465580261,1.6182125519471673,-0.1018484121831663,1.218244948972185
1634,3.053168500602218,3.1094994792708737,3.2294163765529773,3.054676311766277,3.11903768887203,3.2223204545306445,-0.1757417586536229,2.7584880732124075,2.867551058567425,2.9245059777786544,2.714431987385014,2.8849280345768715,2.9177699673052726,-1.3973593735701735,-0.9388899154697261
1635,2.106009908961131,1.8762719954078722,1.696124689010187,2.1167835712624092,1.8672380705221083,1.699451161313133,-0.1636429940722796,1.933702410469282,1.5148600700837396,1.2978514932270189,1.9185283235506976,1.515083942677438,1.30900306779621,-0.8074127048060754,1.418370932155517
1636,0.40673499387588563,0.3577830433015141,0.4145284501739581,0.40521874122637586,0.3543125148636324,0.42302526677411734,2.2879126146388353,-0.04383331527452318,-0.17290699008324398,-0.21312972137338101,-0.03885942690711796,-0.1772823485016185,-0.20011377608153744,1.651273951378341,0.9630524894251963
1637,1.6645935684856343,1.0293515179563215,1.0755909043787857,1.6658202859852396,1.0281822801438094,1.0732335706228961,0.21419592148095692,1.1033732415378945,-1.9452948590977073,-1.8462955451335208,1.1181313490337004,-2.038520044692857,-1.831719999267995,-0.1048997510799173,2.090857754815871
1638,1.2937148126643065,1.2526204388334128,1.3144710961657957,1.2899219184838338,1.2707765429416975,1.3354213796670795,0.9949929659502714,0.43449085982603425,0.5400997363671617,0.5697585902673206,0.40406232181078505,0.5398488404812934,0.5396616366548697,0.47426161448184784,-0.10326308368866395
1639,2.4746347719051136,1.9137564334238717,1.6641445177792444,2.4740616792249823,1.927096724587703,1.655556921462083,0.07310280166828044,1.8983816339918678,0.883213812090427,0.7615552976605763,1.8387323565675062,0.8759092869147143,0.7644701206531981,-0.06895769321496299,1.7602465322552592
1640,1.0659644988518053,1.1602260270710463,1.0944358438553947,1.0472253109684282,1.1956926501165932,1.0948892783736972,1.4846711670410204,0.7991791480329098,1.019051089359378,0.9612739313397539,0.8427117324894385,1.0451791433482718,0.9749232920910468,0.4600672028540369,-1.594741575647446
1641,3.021788105781648,3.2315801394723973,2.456520503085064,3.023028138281793,3.24287209818135,2.453927299639747,-0.19526532786688236,3.196728990051329,3.465033485972599,2.7686131369789253,3.199887323501439,3.468984121332513,2.7502829224215364,-1.568895959114918,-0.9747818809545069
1642,0.7595274143522526,0.7739234927982275,0.9919010277922464,0.7572992841166588,0.7729060156484711,0.9819050392963646,1.2535794542982848,-0.2189269065322567,-0.12041585872932892,-0.15885973663570518,-0.21057574828028053,-0.11731882182046548,-0.10390677549742482,0.9647917783247856,-0.4441221112153802
1643,0.9570702237945182,-1.1246001983044023,-1.2353143820862011,0.9702447492474136,-1.128342742788731,-1.2420817874597927,0.9365100329518901,2.266941829565082,-0.6273807655497247,-0.6652505836413061,2.264143820276267,-0.6525228491446906,-0.6784398291526843,-0.9720000728755892,3.0674900860381125
1644,3.244088355864186,3.194990043980785,2.6688121376412886,3.250243479966829,3.1925816790712074,2.667061731369151,-0.302501390217741,2.8206312073851167,2.7184969884417582,2.338426066836668,2.844928413957136,2.7047771954102546,2.337937735762634,-0.9668469638099421,1.7121038535243205
1645,1.8460772162899046,1.2475533281535496,1.4420188695132345,1.8582420022314827,1.241264731010724,1.4380836276486928,1.1246440301046703,1.654355880712259,0.7360814727047126,0.8946246504248421,1.6503836807435552,0.7218761695009439,0.9050289525049826,0.5793641791865469,1.7331417167359913
1646,2.1914345573666565,2.299248329100538,2.4449402585897326,2.2028070827419555,2.2978698020857036,2.4455594566592715,0.51994423887363,1.6550967622904913,2.00064563107533,1.7475608514716392,1.6690935923363972,2.0410156598968574,1.7600282995188055,-0.1952112211855077,-0.42936567753676336
1647,0.016129632621744328,-0.4015976448165984,-0.42624619946279424,0.01891884817281488,-0.42807349438432885,-0.41704742926987054,2.4052450763609166,0.5768740589763333,0.03087249559051152,0.03373390453091757,0.5831169365857971,0.01700153959160677,0.03629732184661066,0.9532132392314536,1.1794886098606625
1648,1.4680395085215125,1.520700127345871,1.5509595996627616,1.469428149101761,1.530143100716174,1.5532139356717207,0.5870222242795493,-0.4742354751035396,-0.3564878760509884,-0.31155377064253675,-0.46301337049130104,-0.41470242312213884,-0.29776191920543127,1.1682620961959767,-0.5644784099086719
1649,-0.10512202625618063,0.052796081485001624,0.047889470102546246,-0.11121708647229431,0.04132483060985014,0.038927628261485464,2.31434729881783,-0.7256285854248572,-0.5819825441676878,-0.4879328542624521,-0.7404957152585723,-0.6034030980821123,-0.4779871166422052,1.8176222929872494,-0.5782838796990165
1650,1.891602890094444,1.3390765542568157,1.193473537794182,1.89172000501693,1.3199299392424868,1.1965690723544338,1.0899560837756717,1.3164216104729853,0.22593810495777217,0.21204125940868365,1.2695716513128326,0.2464636532504416,0.1836002495546519,0.5232362215841129,1.759896375440864
1651,1.2617661137136937,0.35709475262156903,0.3570990552063826,1.2092887570982975,0.31342021952812493,0.38492370483142874,0.4107492762744852,2.5972689103761257,1.9521908872752995,1.7118771732369484,2.625986972979354,1.8930958291920652,1.7811063889690981,-1.5691266885156854,1.8649328084140708
1652,2.9533594242834718,2.7756085970870297,2.8418104092757646,2.946771871244531,2.7653097560441537,2.8292365554498002,1.3442797591996085,1.7742543084802676,1.632414137830216,1.7396517712754869,1.7959996659663229,1.6428786650739644,1.7184495874350065,0.16454325523059982,0.3735619413047147
1653,1.4293613197576376,1.5453506865955668,1.380421012139101,1.4331726881851419,1.540000132420589,1.3891680191050257,0.889803385573404,1.1393407752118365,1.236127754750607,1.241985138545894,1.1087304083171965,1.2255260848587104,1.250783700975204,0.14854207661887445,-0.4889601555901891
1654,1.7715189099546187,1.7791884902308417,1.748592136362141,1.7701850463050197,1.776793537781192,1.7425699174562699,1.0376622104092514,-0.2302820899617752,-0.31167068472080467,-0.3012942197130588,-0.2512321848627052,-0.2837398986670589,-0.2446331725919982,1.667135960150046,0.407576572160447
1655,3.7161970811513894,2.9458896916261557,2.831644312155553,3.7050782093174326,2.9326748019638442,2.8321769149797134,-0.25088215429703076,3.5295354949883198,2.678974834232822,2.7696000866463826,3.5267515495442945,2.692672897682984,2.753583109165811,-1.478374775408405,2.3603017322512883
1656,1.8257728649542009,1.804218762852566,2.203751517465887,1.8345802858789482,1.818700797853086,2.208736494674228,0.2697668169395562,1.5579932700774222,1.4673696907985398,1.5195036289227097,1.528223434659185,1.4780199623454104,1.534994435639958,-0.4037372950241502,0.9216172752576318
1657,1.9566705754849092,1.4824362243670057,1.71622940288998,1.9772843181440252,1.4922621922752453,1.7125392879497148,-0.17257095241096557,2.321235912650412,1.4657990926244855,1.797100470950806,2.2686475602407423,1.4910053921807993,1.8017680591550704,-1.3178470604997434,2.387501840373288
1658,-1.2877910262470247,-1.4899849105949006,-1.4341982483979043,-1.2681615219780897,-1.496253893274692,-1.4348273640817215,2.990998427604833,-0.8182518774900175,-1.412493226574938,-1.4458538832224639,-0.814182241128705,-1.4163375870752728,-1.4601050445563737,1.6093781907431053,1.2506160473988832
1659,1.4129617551035845,1.174286412245772,1.1170186531865347,1.4150606967941846,1.1893979470850469,1.1133578839853322,1.082920562012832,1.9355860386486503,1.5972682946937151,1.604719399488512,1.940885666719248,1.589837864887022,1.599651612750351,-0.6159432526266659,1.1798312764371017
1660,1.2160949453691035,1.2750373621135587,1.3795365344882673,1.1983879817396537,1.2798073740598221,1.3737630632656461,0.7048120729543849,0.8468446579001085,0.9706827342356286,1.0130770129091107,0.8354448036222437,0.9746549275963389,1.0303512394972165,0.21692726338378066,-1.3452784029535185
1661,0.2945189977963564,-0.22219581161014149,-0.21921715188419652,0.2704312416902088,-0.20363420367797422,-0.2190236201308261,2.083377635407871,0.5599907065267831,-1.2540605663199453,-1.1380776001303963,0.6002340261126755,-1.2053821043656978,-1.1465627079099687,0.7369732400745179,2.2418400291453606
1662,1.195350001008965,0.8792941585685922,0.9394009461615314,1.1982513670200028,0.868168716548653,0.9404776345522459,0.7519649215669287,0.6573145646339811,-0.24573090334500935,-0.2782731611191432,0.6459295860448647,-0.2598414250931943,-0.2558753687797397,0.40892335907002914,1.7466907816936026
1663,3.3746102615056257,3.340540114166715,2.806609292920283,3.373916817263179,3.340826722921796,2.8079852251354795,-1.4779653381819007,2.898362459389494,2.856186248849449,2.3633920260858563,2.905184507401143,2.8411253723406653,2.364229465987689,-1.5949991119389637,1.044428094280718
1664,-0.10984839224531895,-0.33896962944008596,-0.31621285264325366,-0.12113453468600466,-0.31611618169057415,-0.28392852533621976,2.2204748634018974,-0.5536837482275059,-1.2184589815326683,-1.316212667570416,-0.5554857705468949,-1.404030170239045,-1.2056771137160622,1.6357125745567793,0.15065369222827704
1665,0.24719107590813438,0.044247020058776364,0.04187412686724695,0.23562063357738305,0.040805531455491977,0.06583925011799376,2.4411762987080925,-0.06536613382048981,-0.5176347573536041,-0.5812912904654733,-0.06526221961234227,-0.5091028900154386,-0.5608245157613684,1.7521774524661426,0.34638554077515304
1666,1.6247582632024236,1.6352426713122283,1.5746871601502508,1.6300214436967446,1.6442205434143027,1.5703257365457386,1.5535175847396405,0.5517446379346446,0.44822145075651215,0.48765174484473117,0.5796022816277777,0.4043034234477232,0.4705362506853624,1.1772596566632814,0.2335938450031458
1667,1.30854300694291,1.2835529771310445,1.3074420074210447,1.3038276007570215,1.275793233939572,1.298646048244594,0.9350065516443034,1.2140132053704897,1.2404712337554853,1.238629711049984,1.2311119515550553,1.232560278210409,1.2352518435094875,0.18074801269092328,0.5380431983043322
1668,2.9048250290339452,2.7192620428046035,2.215624643057135,2.8982514992423183,2.710000898544923,2.2140551589893622,-0.7454685696913124,2.5450524764497944,2.2473513324642735,1.9358032595204904,2.531740168093157,2.238671863531813,1.9374396439960606,-1.2976319857533718,1.4037287856803204
1669,3.102321875774607,3.159924181574279,3.0094109294438236,3.097224784439035,3.148024177321158,3.016799625238269,-0.7416271602951026,2.6831637306839857,2.843472091924725,2.573832795552906,2.681949700000733,2.824626124421071,2.5839158650866603,-1.652507356172403,0.05158317159332612
1670,3.118003930248914,3.047303338310868,2.6022231377362517,3.1187189698712716,3.048620943900975,2.609088249797425,-0.613971356452837,2.5924056176030716,2.472214452139776,2.200995962492782,2.576139172076736,2.4875531298806473,2.19919874151223,-0.829488519515708,0.9860281135535588
1671,2.043016397704797,2.04893732429977,2.416919054528271,2.051428116322138,2.064038653028111,2.413090243258826,1.203324919975741,1.1708267395361815,1.1902895521949999,1.5396085860243145,1.1620072475772658,1.1896722714196741,1.5516906721498787,0.6682965675250181,-0.4179960806257772
1672,0.638798549203809,0.6827276982975856,0.8426384046267342,0.6297855865335551,0.6885469433700057,0.8535231474157768,2.2062038051302255,0.594266406304492,0.6351846430711348,0.6277310655019284,0.6136091348290553,0.6311376490774477,0.6434756276043209,1.0288882183944006,0.03280770213366092
1673,-0.42499015994047595,-0.6672344376974898,-0.8372669194732727,-0.43743759409027533,-0.6601768804104382,-0.83054658711375,2.835755347112009,0.20335904358460297,0.05441294290277067,0.06914109305775132,0.2031838207442573,0.07980821099816773,0.06364730617950307,1.287846582370673,-0.12424211094642036
1674,2.2996120219294895,2.0260628450515052,1.7797165313359418,2.3163440586022253,2.0281863176038772,1.7665503085929306,1.2506736607018758,3.0321689804576444,2.8162251170979626,2.349122825742973,3.0641361158246845,2.8601821950450215,2.3258570378419705,-1.1360410485643764,0.9373484194243228
1675,1.9184248022621324,1.9236529977059802,1.738887681568293,1.9363094507685676,1.9110690966050425,1.7439571939381087,0.9918235638605292,1.4796350148859476,1.4974502431078314,1.3642597535663221,1.445435260313366,1.5059735763477557,1.3570373147208863,0.4165474582540529,-0.5341387314759334
1676,1.4562313353016891,0.8758160221636818,0.961055519296553,1.4497679418417457,0.8821565928458912,0.9597685770880182,0.9468593666699591,2.0306559033351923,1.2713451918819247,1.234261332126728,2.034370923599773,1.2701576866836852,1.2656659361284481,-0.5246783522450027,2.0214052601063766
1677,0.5812558361214769,0.6219820682438368,0.8782021604232099,0.5676790034291117,0.6303399437239374,0.880487553628072,1.4079329841980688,-0.10697663772400638,-0.04821864414357595,-0.06836464993755764,-0.11191614985036988,-0.04411456641902735,-0.07238195456058096,1.171613456463158,-0.7630276043025855
1678,2.3451854835803956,2.3736334333042377,2.195781094009664,2.3517931338207547,2.379101932642566,2.1865996971605948,0.14094850026899935,2.042871799311078,2.197961424639776,2.0213765118867957,2.0687776996815557,2.195522542801868,2.0165020322878897,-0.5026559663244937,0.24475808664785872
1679,2.8921990851209842,2.5463936655881314,2.711810122409218,2.88088506494276,2.5487623250652582,2.705688980080477,-0.30475855352495,2.2283478879838894,1.8183626702517153,1.8581342585161607,2.1953709351534356,1.834958902460689,1.870722263007144,-0.5756665242037591,1.5228952120562445
1680,0.21248329306964325,0.23135748729120467,0.28543675130693474,0.20332833278493845,0.22579928509223787,0.27968297785240803,1.583383336101033,0.24289499702915465,0.3686907895954175,0.44990359750625936,0.23742580335128663,0.3979380542190928,0.4965355455059777,0.38760311102429684,-0.7109598851091267
1681,2.6800502134768576,2.070670210303935,2.4155378998904546,2.6837527064590283,2.074553048160544,2.4162397191751723,0.1895495913831813,3.1170481697778243,2.019033811058111,2.1311456369337654,3.0989253341841136,2.0203239618253432,2.152623527358619,-1.4925117601287683,2.330861072413604
1682,1.4364006084975942,1.0448114520637437,1.3307672240245647,1.443163658694987,1.0494197873034985,1.3405719636919253,2.063509754307705,0.38712641524235386,-1.0066026857875894,-1.0902943208749418,0.400574827011649,-1.0114466870445606,-1.0648803658600139,2.1543303010362824,0.41407670571078364
1683,2.2656452341762425,2.2630566639299494,1.9538267233168787,2.2728689972362868,2.2692861495322147,1.951843827184952,0.42552199758125353,2.58995705867538,2.572335105318598,2.00899371890255,2.584216374816282,2.5637769242116972,2.0095495507716192,-0.5514636209721434,0.08271572067934929
1684,2.4749741767604996,2.59075360856365,2.148707425804278,2.466779300401085,2.5981323409403494,2.14631796535044,0.8532267922125648,1.932470539457096,2.0583658004304763,1.7628252607224604,1.9461872517929701,2.0549823913423664,1.7635621735030438,0.46294497972715537,-0.9942910059102761
1685,0.7817734679559746,0.9036581921052398,0.8306285992453618,0.751846480076914,0.8559015513104627,0.8178833122031096,1.3234414735448154,0.6508866605531554,0.8654439514536011,0.7452347250353542,0.6416219072024981,0.8935443016541487,0.7525008409629632,0.33817444911126443,-0.7891548203434218
1686,1.576692314878433,1.5578685849708056,1.924615047926917,1.5862392476311409,1.5608065576867716,1.918791950049978,0.6925489634095316,1.8933306025464134,2.1547743062630507,1.9419043475841595,1.887331184335328,2.1322090617988256,1.9400677260748869,-0.9555000700274057,0.09806012860295743
1687,3.381752922600364,3.2640829792857295,2.484923367482802,3.3784208312952435,3.28377091764335,2.4836742727908834,-0.5886410636199702,2.6981270887040254,2.6415085105021636,2.1455211849978775,2.717449874797052,2.677668715927642,2.1410240654897836,-0.7428204037234624,0.5143863100348941
1688,-0.8052392462547404,-0.7477292813307278,-0.8767156431833357,-0.8162326001977348,-0.7432319062689065,-0.8828715416854702,2.445750116687028,-0.13447592109365944,0.044492563435665454,0.062270007144952656,-0.1253327460578145,0.14257178078260305,0.13485116930179006,1.106783608382077,-0.017085200141030887
1689,1.3630145564911476,1.2840764005371814,1.0005236443942098,1.364169065690649,1.2771638678198343,0.9970566403157232,1.1453247897645642,0.4728036792226001,0.2764967487261472,0.2612474384814392,0.4436717169549971,0.2673257226335526,0.2490330150099932,1.0989854532365309,0.4370557628065551
1690,0.6554593841342006,0.5350036226106806,0.5312077538966894,0.6478203532545078,0.5364854527197314,0.5257971454778823,2.5109994920313743,0.03782954762132077,-0.26484888629128145,-0.26832128536670413,0.05045191148572599,-0.2794497699289422,-0.2750212170302904,1.3829931870755832,1.1832838493725886
1691,1.0592568191940623,1.1257095516654578,1.1257707010077167,1.0713744383446977,1.1261718580564273,1.1142491443118951,1.203667409828834,0.7838491415153728,0.9351516320957242,1.0037885919244949,0.7811606154602915,0.9423374561543043,1.010836250032482,0.40567605263120254,-0.6982853652607276
1692,1.3626599588403454,1.3654926278264248,1.0447188772078784,1.3673817563275759,1.3653519489495172,1.043051126999323,0.5954892464526549,1.3745303412923384,1.3238208402174803,1.0898975969730471,1.3793867570079474,1.335926382553755,1.074678317843302,-0.11423743350747388,0.3057779291016774
1693,1.3497478675258714,1.2662066477473668,1.3464573854647954,1.3446587147955507,1.258966824551466,1.3494662728800175,0.8507272436470203,0.6562289336224835,0.5668355030763043,0.6144712237860928,0.6708733412269912,0.5803029578348237,0.6070214098164702,0.4777744227510651,0.3727916120664619
1694,1.7681508461774158,1.7460299085349456,2.3000262995099794,1.7218842114223711,1.7437516066756351,2.2961588860359705,-0.03204310474885479,1.6379123143179046,1.688483128518427,1.9860839120982248,1.6144057665009386,1.6459674161081008,1.9839130930244453,-0.8804560391430662,0.4582532066420104
1695,2.289500848806592,1.5538960075579102,1.6366898864408514,2.2841130175494,1.5488634630332696,1.6328410602923114,0.17766543393506706,2.123025115862576,0.8686417224380377,1.0515186556693459,2.1337463658910236,0.8729197977503425,1.0923989906783922,-0.36227194869293977,2.668374973540402
1696,2.5096616006573704,2.345779276060453,2.1135520631186906,2.5063337906069285,2.3596493749376024,2.127280126105059,0.6251515913277859,1.0276343571118296,0.7908339677375568,0.8813576910617149,1.0307042252055818,0.7837579119229292,0.8284567625434925,1.2312951731132373,0.20084997760502102
1697,0.9841045745927645,1.0351543888740042,1.0710999727502724,0.9893979768619321,1.0372292500274398,1.075190334203508,2.068851618424345,0.5531464312209818,0.738128285011074,0.721898436785337,0.5459089092766617,0.7631510943906454,0.7073441116842325,1.364138396188895,-1.3337374349053068
1698,2.924633688631796,1.7129903431149087,1.6989217273845467,2.9307819665138126,1.7110068077062413,1.6997740530688499,0.7512613279491035,3.1009993036654833,1.3761804575550798,1.3906024471794594,3.1011412828807865,1.3641705942148037,1.3913040175285383,-0.18061160767651424,3.821510105335626
1699,0.7234262336891589,0.6038784431291757,0.7593014007361701,0.7033409255270435,0.5999200875715847,0.768407187470429,1.2906748645516473,1.267057374923943,1.25509536815898,1.2887154376611165,1.1466868130354178,1.2330194637192897,1.2735211545163496,0.2427036788429692,0.20740665617497642
1700,1.357035717804836,1.454748632943177,1.306670871452085,1.3464680680281305,1.4601643411839433,1.3190229519607375,1.6325373088041726,1.5646614623831143,1.6104955066880573,1.5072823816159164,1.5604461760084576,1.6058454084419262,1.503677389740608,0.2352421348318308,0.39453220923016186
1701,1.0448878912286297,1.081621851771343,1.1240405026056628,1.0493063679454606,1.0816999301344383,1.1245834361379137,1.1353031072285775,1.460543007880747,1.4998745026777767,1.5858804033956808,1.4696963823949551,1.5016347467031577,1.5803429650411105,-0.02006947647615041,-0.17665437745681917
1702,1.806563407237032,1.922597411414968,1.6105410975045802,1.8015263231552197,1.91999186355377,1.613982845200451,0.339698031540327,1.6043931128419668,1.760028138544462,1.5844347539067631,1.5856285079049888,1.745955932019264,1.5724386769480725,-0.24750400760707258,-0.10625474578859119
1703,2.030479667560769,2.0292842230405324,2.332838681839321,2.0292119143002725,2.012443278663722,2.3383223998348384,0.18759019605282207,1.9381421560981191,1.9474032373608021,2.0698354157068506,1.9796194155644227,1.9208716144521765,2.0735124175045194,-0.8486145111401042,0.5259755070530607
1704,1.9659987379792112,1.2516281923604675,1.3000667118303033,1.9691015799832499,1.2665978674491218,1.3019686055979904,0.9590917069123236,1.669922568151027,0.2301210729158366,0.25459834271001774,1.697318183806638,0.2484994548762223,0.24800256586155095,0.09806052234582496,2.358908622633647
1705,1.859702259962521,1.9120954412377953,1.8891306279971098,1.8505713735048988,1.9066269156467825,1.8756959349413511,-0.18229511745568167,1.6059919318618456,1.7295813702714633,1.5681524294939286,1.6291638399775714,1.7190500806786961,1.5879540488553798,-1.061303706369574,-1.3718660307117407
1706,1.308425710085881,1.2689027707664198,1.089925962417993,1.3190934665808882,1.2905823294902807,1.1031526685925914,1.0014773697895556,0.8310743328071805,0.7664773015910288,0.7882300721143808,0.8978996064823068,0.7590102255627282,0.7708340795463565,0.24054134112100695,0.3905602523415074
1707,1.8145022267987427,1.9317244398323627,1.9275669526627326,1.8023533556455285,1.9120953228771467,1.943530568334294,0.6249504190799239,0.43394393518685676,0.6610694980367124,0.6833293482423509,0.45481243527316456,0.6898111068953788,0.7174658084341263,0.8694840872141083,-0.3364006741264007
1708,-0.3582559647000996,-0.5274716045048045,-0.596683232082121,-0.3704174993718969,-0.5298014759143211,-0.5915502996127713,2.390487444394456,-0.898847761314165,-1.1916351136118921,-1.280260367865184,-0.9103732500733278,-1.226603340844299,-1.2449052640376197,2.0052192150307793,0.226863880524951
1709,1.4800390396224143,1.3523892972614753,1.450675205568475,1.4728180663133588,1.3553671344028195,1.4613719065980564,1.4366173718089328,0.7199041168605157,0.5482620928023132,0.567083979979662,0.7001891541499868,0.5623199770240681,0.5644555968978681,0.9152810199385712,0.8553755886242177
1710,2.404113528935989,2.454039901064076,2.4859922132324748,2.4046958482019405,2.4626489615492106,2.4849057322323804,0.31713213527649686,2.0133228991417775,2.1001039206285452,1.907216334775432,2.0040551143175396,2.0998738146250835,1.9334473654746964,-0.4986714773151334,-0.017082359945252385
1711,2.748821951770944,2.594144287448873,2.450256648931712,2.7484122680199206,2.5975096414652894,2.4596679382147584,0.1719941733900185,1.3608892617304797,1.0501307616825746,1.0742405797329435,1.3399784354316167,1.0583589789355319,1.0423727101427533,-0.15560040909250944,1.1369518426941776
1712,1.286561244349265,1.18992656659396,1.2642678107135705,1.290581529249056,1.1858830673164298,1.2663278828479547,1.255880104857284,1.530992784681143,1.3074360612953764,1.3315399668047372,1.5432313166640312,1.3073818125508692,1.315060178740679,0.1941899093053059,1.2295068286056539
1713,2.4297879197064463,2.172435351733197,1.8236280248791839,2.4274477095340936,2.1725743924294125,1.818252797776169,0.2139606995633092,2.114863794816003,1.7375241098959961,1.5518721014909977,2.136252215213883,1.7345624981980803,1.5622771901728008,-0.4572508577484196,1.3248291929745017
1714,1.669290970195629,1.9189983579404069,1.8340605097501985,1.658551346521841,1.928183753454963,1.8269874776432573,0.6690886593888411,1.834748388798639,2.119682613717751,1.949784913223677,1.8588125834325924,2.117292488621135,1.9598883022702316,-0.13338751679868416,-0.10189528911993187
1715,1.147434178637404,1.1301811215890465,1.1140148705054818,1.1340116156787652,1.0939413380016743,1.1061508246133178,1.0071684518427333,0.34654734701566,0.2695630253552044,0.24974161370827658,0.32328714843785883,0.24923375612590784,0.301587167877653,0.9953019486582769,0.25043935361624037
1716,0.8352265482407151,0.7342395202377816,0.7884353847673199,0.8446228069984208,0.7302900931145403,0.786548337744518,1.7730647527033467,0.25682858819378707,0.06669016149592648,0.06513281658529589,0.23819884382915596,0.09488342985874987,0.09068101299851854,1.3901854698433727,0.9391869198995657
1717,0.20526101437834393,0.22197026379147275,0.23307322484795617,0.21789725636864488,0.2324476767844147,0.22919278459692635,2.2403514093306325,0.41720035632084956,0.32364419892737956,0.2973034543298592,0.421130631114523,0.303071942137605,0.29928359890760076,1.3461435199756362,0.2508463253931285
1718,2.6500816114172343,2.4145458948789824,2.1231214797624407,2.674758609212227,2.410965900118391,2.1244819047010797,0.1080838395067324,2.5082711583656323,2.2472333896793084,2.1975959702204064,2.4935227769893356,2.244304295517873,2.197354280069486,-0.7469094366850278,1.7299546040129368
1719,2.0982957565608613,2.0510402164440458,1.8588854622650492,2.108387406973837,2.042050851737884,1.8646015461828647,1.3496747306768586,1.7356528466993235,1.5861033730653329,1.5999901015634523,1.7457030579820048,1.5988112041525104,1.5988849557689875,0.4507836080110231,0.6041064354721937
1720,-0.3417842634017183,-0.4201160491185565,-0.5798482923023737,-0.3436293208911715,-0.43905152004069403,-0.5845862898160206,2.866817772062921,-0.5553394230950127,-1.3629466428021886,-1.5902600377241523,-0.5641855215921421,-1.3271435984497606,-1.583030325821875,2.0467323351945033,0.05111540217008741
1721,2.1415558845026235,2.2183704033056832,1.779001692260439,2.174769591107569,2.1930644852653227,1.782729260412245,-0.5644863812358711,1.8964871663226552,2.053183363993138,1.6339922180766313,1.8727905128545874,2.04001651642712,1.623999916707114,-1.1469523548141165,-0.09925722259074131
1722,0.36553821001101106,-0.5401392206956641,-0.5278338615631162,0.36751118149173057,-0.5173763648408236,-0.5276371784197967,1.9901264121206224,0.9082481716961414,-0.7528571937981526,-0.847556541629141,0.9126566134787587,-0.8367768895509508,-0.8240666201285635,0.6229545290666019,2.006706195208925
1723,1.7241983833681758,1.6721391721624808,1.6772672730214218,1.712320045152032,1.6618682032985037,1.6735177979209628,0.9718259309035622,1.7230123218013984,1.671452703517155,1.7511147643145824,1.7316982888460868,1.680112748129932,1.7612752149175497,-0.03230436261982146,0.6051757618662109
1724,1.7528163077772283,1.6749964661797447,1.4637707290262052,1.7567766046298645,1.6562896739715165,1.4650364886030856,0.756032493891525,2.0293291639971938,1.9676786058789884,1.6675661544609144,1.9985068920529672,1.9715920377450002,1.6662522015804537,-0.31111132920382356,0.6101268248797366
1725,2.0676038217051182,1.9026208943670808,2.206453118260732,2.06388334151936,1.9062588210653053,2.208560907582519,0.3975790238060908,1.964594709662361,1.7067423637685915,1.4062250038914128,1.9445813173537343,1.7398302480888486,1.4001901233048795,-0.6751036992157807,1.046671281243432
1726,1.0054597352462258,1.0200777176133617,1.137512293389266,1.0106195344825082,1.0196107381539763,1.1448612211913856,1.514596789838116,0.40856087195790386,-0.010238603667029585,-0.011809955190419741,0.4087020476992754,-0.02259038798929139,-0.020515308121219426,1.099297337657694,0.4901650066786113
1727,2.3834702097642175,2.008976821500614,2.4070217112397483,2.393132929539592,2.020163721669323,2.41970119853456,0.027213219658203277,1.9150106115111476,1.1301105214390565,1.1446512260874766,1.9564662838457165,1.1055858993118235,1.1346640967556272,-0.33668555207900897,2.0758193076767077
1728,1.5025899746351516,1.11185590263182,1.0313167022498047,1.5028764040534501,1.1079863969017423,1.0267030005145108,1.89441614887492,2.289323843127916,1.4734221645298298,1.3940402941007648,2.2913664385156522,1.4602424325259364,1.4154626373820194,0.14874859678869448,1.492234216261033
1729,2.415911430634519,2.29631492608391,1.8696300657961213,2.421526144811847,2.2996251393144074,1.8712276331815951,0.6653338085925226,2.189046158653441,2.048925031420469,1.5872473047707119,2.1789345003793494,2.0502629023429746,1.606210264570546,-0.5134960611450697,0.8781178812052567
1730,0.28914339457906235,-1.6264548655789453,-1.327383152601383,0.2813131755308469,-1.6280833043060041,-1.3218019652229136,2.9486246172154926,1.1151480210316662,-1.912875781921349,-1.530663615363128,1.118297261621411,-1.9183084212875945,-1.5341776343466227,1.4470148499077278,3.531131957614446
1731,1.489672465479465,1.4997782443305288,1.9982107413819428,1.489785543869327,1.5010968829435718,1.9840616174494472,0.47654486924294154,1.297910354424604,1.4250226272397597,1.4009305883743877,1.300594945428506,1.4298237102693032,1.4591076892702386,-0.1762341971401503,-0.6600829733083432
1732,1.8883672300927539,1.800834994033747,1.691123658349998,1.8969470062514637,1.793537376361905,1.6900125345221428,0.9717178541175429,1.3445550865176585,1.1904661453960734,1.153158865689389,1.3000040597257596,1.189647676668199,1.1561840211489327,0.3660279278166866,0.5942252387914936
1733,0.04022858300401545,-0.12102840568224367,-0.14250733653325665,0.041605908137847994,-0.13142560141091436,-0.1504624440196723,2.2142365259748056,-0.4848603915679462,-1.3371703787199671,-1.3306624221896484,-0.4924302361688247,-1.346637370306127,-1.3557839284579665,1.3572704386028838,0.507685229604613
1734,1.1687055245881406,1.0960591510439794,1.4704879683707126,1.174091473380928,1.1000279822684684,1.470042023460757,0.8955061779808627,0.6627060566090274,0.5697087485328942,0.7819172208813903,0.6528462201247399,0.5448024017826614,0.7887471043544675,0.6671793750436774,0.6870363965987324
1735,1.3727688777900868,0.9409983402154944,1.2818630220820815,1.3745685111761932,0.9230865512419223,1.264937059506189,1.059892132379736,0.9122931488411874,-0.4565944044673814,-0.5145444110578916,0.9595282261868889,-0.5031788240677847,-0.3857874154880546,0.48144495552571137,1.3821097071948771
1736,0.34478948140422716,0.31028732514884216,0.4427021668856725,0.3446860535651206,0.2874298712523767,0.4712131364125789,1.221247009115154,-1.150971564645877,-1.411616240033622,-1.284379278402973,-1.1133086616774552,-1.3830370229726228,-1.2072665448669389,2.16625419005786,0.18845388846715413
1737,2.299426679143239,2.365520148029825,2.5317904588720337,2.2891354659406202,2.378351295849509,2.539246747578534,0.3738877860693616,0.9968093484344324,1.1678755868373567,1.244666354545203,1.0160051265772914,1.1408015881250113,1.2279840927989218,0.287427261726709,-0.9832191984753361
1738,1.2466580035613888,1.3203082870958385,1.3925268069365555,1.2246559866200861,1.3128299953245828,1.3930275282379416,0.9353834455873297,1.2366883261741424,1.3505350204953077,1.5922772575466222,1.2478585682343728,1.363228751052068,1.560537549658684,0.17043706194049196,0.2778818673708464
1739,1.8923663365904853,1.9077791773660566,1.701464346249453,1.8872160299275471,1.899531761450248,1.707330524978521,0.9492809970690725,2.025461767772595,2.1335185763416016,2.041486693628359,2.004581927568862,2.152015426841067,2.059090065397064,-0.4851629388858291,-0.4502013537064236
1740,2.513295026171521,2.5212343995798916,2.4626807838234863,2.540273588370619,2.5235106994790666,2.469913929690184,1.194825749326596,1.5474526722746387,1.5278282660835667,1.4973968072399204,1.5604713446171896,1.4823199231332225,1.5115330146401733,0.5932170764344051,0.37432444922167096
1741,1.8793696158206359,1.8717276823892617,1.6815722383687017,1.87479216557354,1.8740731933960417,1.6856135425184806,-0.19946923416996215,1.0231958294660342,1.014058939168292,0.92699786976196,1.0362518201635622,0.9931495847220635,0.9140189435271399,-0.10416051912831599,0.1368968235145743
1742,1.6865585377268952,1.7548177565383314,2.0172891455445865,1.6983613162236857,1.7503955577663897,2.020552521173583,0.6167084001663705,2.114875169818969,2.3012620282001244,2.497500056367604,2.1211474053427,2.298735294064627,2.5011809206412754,-0.5518824032453818,-1.213501254893681
1743,1.2819090528000976,0.8378683408522314,0.8631421098337944,1.2810694991294351,0.8464039332882487,0.8654544085725316,1.519361730525246,0.7195823834354947,-0.04567087012374183,-0.05140472015275713,0.7335057319970385,-0.09181636957597858,0.005792526195986896,0.5529010847895569,1.0507264063738573
1744,0.35627627688315733,0.3001714348645582,0.2989429712988097,0.3472897396624438,0.29576947259013286,0.2820885179275646,2.0881938797514015,-0.16494186047563972,-0.20989112686922076,-0.2543805468551135,-0.1767591758918288,-0.22776195863131757,-0.24898081611687634,1.5307818321986384,-0.10957473154830132
1745,0.7261421951602262,0.7125764628285669,0.8283651318828675,0.741540017708401,0.7190694162547542,0.831881883732326,1.907387452311712,0.0005265831752280373,0.07379656228906979,0.0812789802899063,0.017288849149107884,0.04702151521981519,0.1338331375173637,1.2220593356930538,0.06545651927054322
1746,1.674270627199064,1.6504183623860116,1.4646985667882793,1.6708598007248432,1.660833910790709,1.4604510391280348,1.4278358663344641,0.41562396268321233,-0.4278849743760345,-0.5273125239842498,0.4352557866382325,-0.3779166378320749,-0.5597675632778055,1.7226503695883553,0.5101398052349473
1747,1.2109097175229644,1.2400315981296262,1.1857217157217004,1.215618670614922,1.2486812053930267,1.168858579258794,1.3783745290852984,0.40938141808892253,0.4152391016846439,0.4804163341623785,0.383067859790814,0.42496193521506836,0.4778599135867159,0.9612164271093308,-0.005159130716671362
1748,1.1663212748099832,0.7249988952328142,0.7237157849616193,1.172913134216463,0.7211188762372729,0.7186818982877817,2.1332484225389807,1.2650591730878697,0.4862070702316659,0.49168026576286117,1.2615546458649443,0.4750306823020916,0.4960435080503059,1.0025485985905216,2.892958350812408
1749,2.8509337644685475,2.09634565566505,1.7579483937893396,2.846490589894913,2.0966631658578008,1.7437607795539223,0.7760798715568615,2.7856444789344232,1.7357711925514119,1.6037716005198948,2.8697269234222835,1.720583602293502,1.6001560430569421,-0.27264248565076576,2.3212194605897105
1750,1.7218212425060457,1.7800796618356127,1.521320789731605,1.7335320158852228,1.7925785341401637,1.51823859285154,0.2161003054957964,1.3180515656137122,1.4433919777990416,1.2999388349277974,1.305280470142281,1.4574476227450694,1.3165799464254282,-0.012557962989360443,-0.5373009590630403
1751,1.9137036383936579,1.7296436649565028,2.282819558635399,1.9166913228768432,1.735756688124895,2.282145922694528,0.7233016080432728,1.9254920692269077,1.9489866014018327,2.1900533316473543,1.9817185181221546,1.9640176527572464,2.184948255019593,-0.37729900860509247,0.8534530568640405
1752,1.0755456825002168,0.9866640615891489,1.156352265158715,1.0700998319728914,0.9846044940906344,1.1530659067199311,2.040244880072181,0.7298737952869062,0.2588441551156869,0.3087741696432149,0.729270949628778,0.24039910715050739,0.28068198980174336,1.279514376697241,1.1569313054660473
1753,0.9387391760833945,0.10157114087807922,0.09740892671685213,0.93708335900296,0.11220423278397677,0.09997253915140084,1.5654829851579062,1.7738396526653197,0.5107577558912579,0.4936654171283786,1.7796480189238484,0.5051086692018819,0.4949761067149559,0.04435654404019783,2.4481949995497327
1754,1.6153476646115414,1.756931425188093,1.4438698128359602,1.615736035536188,1.753018594738695,1.4405812885278557,1.6436474554629066,1.4257900978507885,1.732829976230242,1.3660096925268814,1.4442411426886714,1.7388597469263387,1.3674667407515333,0.5790029864894194,-1.2416240504101128
1755,1.8530036516259585,1.8055951561691481,1.6596179771286657,1.8564722085220333,1.798284727355731,1.6570875557886489,0.5359460025754402,1.2646670884924587,1.2212181892837741,1.1664673729815154,1.2867399672013582,1.2423850901650593,1.1695686791284123,-0.15037892980646694,0.4708485582474552
1756,1.069342394358248,0.9737359824264117,1.0313428015895443,1.0702952300419264,0.9772621981627344,1.024821273021106,1.3455232564734696,0.5804007297748645,0.4350495247638459,0.4894774519256564,0.5300333189873733,0.4297873728446067,0.4494777357533384,0.40312286252991764,0.2616945641721268
1757,-1.0120129848080628,-0.8774539146720965,-0.8678191586891376,-1.0253206652337605,-0.8999642054008626,-0.8612783294761452,3.5047166122844926,-0.9033437363670683,-0.30728056788784575,-0.2955464425783415,-0.9013410208824055,-0.28775974975684304,-0.33318399761105616,2.8553516199697477,0.25948155582782
1758,2.3261714834005587,2.198041109546363,2.163904210436299,2.3393641309438955,2.186584842097661,2.1600768910950863,0.4206021308453825,2.0754749615413757,1.9193401977006674,1.903247318739129,2.072833981015151,1.9271628962865825,1.8811197680121459,-0.5720993444165067,1.0059207717846015
1759,0.9708005214106923,1.0524123620844652,1.0406931681173326,0.9380689599709793,1.0256499037393338,1.0349559520954434,1.065653320706989,1.7893401373549078,1.9591386024239072,2.1337412231998303,1.8068759994559627,1.9454522902051288,2.113464185395879,-0.4838974038885546,-0.718329028233988
1760,1.587537600293452,1.649400487022381,2.1662732921359162,1.5814363642082372,1.6646805398496392,2.1591770957426704,0.5823506356807607,1.3554661914367527,1.4849712606095837,1.821244736928381,1.3519618426347222,1.4812666995862798,1.7944721138292339,-0.12448540176040739,-0.5859093471530792
1761,2.593761757723626,2.098050435018938,2.313464793960625,2.5890688707305967,2.0941561537455105,2.314619451296337,0.07201905110387372,1.435914837963583,-0.3104161362850221,-0.31246088791688703,1.39066207361636,-0.28470005303207035,-0.2613116237628352,0.298267896714874,1.9382078587459703
1762,2.3914403939229474,2.040024628522452,2.1895846374951975,2.3908951028733694,2.0393578130537002,2.1862101378710768,0.5830683984779206,2.1117844685664497,1.6009722244709914,1.8146712890774874,2.114193974507058,1.5989076658489592,1.8492840199743015,-0.03477495779779361,1.318702754489498
1763,2.4472603208719983,2.6056503448736894,2.777707239316872,2.449578290072268,2.6047630919446196,2.769680644328271,0.6918175029574651,2.2921655817280038,2.4356067668242867,2.6180753939330215,2.292445877333056,2.42982042322564,2.6211068069574055,0.0045686087700814925,-1.205411893901156
1764,1.099644888815945,0.8516440784444516,1.0225147937034715,1.112073029143804,0.848517826758834,1.0332180058717402,1.414385981678674,0.8077638867306303,0.4278703979121317,0.40993933230525204,0.8194553532397251,0.42324133037362366,0.4417032157517147,0.6477388643834622,1.1853130984275235
1765,1.832680310812596,1.4358750102638556,1.395362195784624,1.8357058300429925,1.434489996784031,1.4021725400513396,1.3160501755357985,0.8067350828556686,0.21402466047237667,0.24371301774681578,0.8009830126807843,0.23692481695807502,0.2926126749584761,0.8355012390787974,1.2065933717042783
1766,0.5767878874627904,-0.4066237113961527,-0.43266463588667,0.5703769903775356,-0.4104729866543052,-0.4313888507170894,2.129018313517581,1.5735388941663364,-1.0995855613422587,-1.1402041221439838,1.5838339581719145,-1.099562187189371,-1.1318076324789745,0.07175223678080345,2.6570622250520115
1767,0.03260708971407241,0.042868029335166716,0.048948964831238125,0.029486455904335403,0.03410939872509224,0.04229114103907369,1.7592170214951062,0.8720355405861594,0.8664507390649803,1.020316033443489,0.8778946233520311,0.8651003977840578,0.9928158365013561,0.2057078928359853,0.34191015726961904
1768,1.226456867369031,1.1893562472724788,1.2808314197211594,1.2185494221206432,1.2142014134498302,1.2886745043286734,0.3849566994380831,1.2076827450487277,1.3216676876563485,1.4015410198577953,1.2099562101818553,1.2639240031037415,1.4017650902749796,-0.4130185603787813,0.1497224688446596
1769,1.1893277747047792,1.3610335826306363,1.2708015993995112,1.1932715059500842,1.3461232808659247,1.2623975536328627,2.3428854509124926,0.8330571970636145,1.0037666761368256,0.9770782460250259,0.8247424699334749,0.9997067030694521,0.9680873389522558,1.5303462625178523,-0.036543518345497836
1770,2.194006115235859,2.1232927532022328,2.017186045258051,2.185892568518805,2.138295679257463,2.0145255610423205,-0.08668476236452044,1.509467522160429,1.4457629565295604,1.5166034134001776,1.5334160263226901,1.4362269533838377,1.5396873057519684,-0.41395712758063274,0.7231135330696603
1771,2.0907191551900617,1.7810255601814893,1.5474395104086833,2.0933667438222026,1.7637300073247257,1.5611749500478735,0.42359144605298443,0.6731831254341268,0.02563027591577808,0.025892899944534104,0.663667190823001,0.022982799779128493,0.0331048465406881,0.6204533051279608,1.007739791324519
1772,1.9330494649768948,1.5568443518367876,1.8052928075838715,1.9302629064135288,1.555413911607087,1.7897357348406968,0.023837692009078988,1.9533138737359172,1.426605249859078,1.569596443551846,1.9507167244158785,1.4357847312803285,1.5624997595939587,-0.7678852908010034,2.2152789440582654
1773,0.04121699358372795,-0.7238101626064787,-0.6220862214106427,0.03596256425317436,-0.7261481799490491,-0.6105582442163265,2.227712163863999,1.276940263589858,-0.014070525366185263,-0.013142375706485842,1.2768329388946253,0.009184228312189343,-0.02500502983908522,0.1144403863388672,2.192927739031123
1774,1.5912953480679146,1.4895445124921236,1.6336231754339685,1.614474369859749,1.4761474001995523,1.6302894157641437,0.19567739810735907,1.6108175147925756,1.4667852491346285,1.4322784743061447,1.5858699828883809,1.4450800496540415,1.4053283412198048,-0.41775853493314397,0.9370174500571166
1775,2.6884113893855544,3.1171429722471924,2.6476454274298935,2.6833851503100314,3.116874119472629,2.6357171632348195,0.2930621880368852,2.2878192415288083,2.93640952726817,2.610373160218913,2.282882752204798,2.9526980067451993,2.5956456551295335,-0.5535590414220171,-0.984947083167457
1776,2.543124207501387,-0.021442206686645995,-0.023938290262121787,2.5484485444918383,-0.016093459091423592,-0.022434847715648378,0.5230526217108072,3.2497030864817504,-0.8350812530255606,-0.9311740479308483,3.249363723220874,-0.8298144097508521,-0.9578128047630657,-0.5134801289003809,3.9967811991557887
1777,1.4790841181668397,1.4491354283359477,1.4371880402628796,1.4562175060940423,1.4476342021359863,1.4459826704084662,0.6775028104198824,1.1684929797980654,1.1743802503025522,1.208271187741413,1.167282721097309,1.1467611291943576,1.2103112110339422,-0.09720223630451928,0.5752307736829559
1778,1.4319640719797153,1.5019845082752297,1.2076298278860105,1.436220386784059,1.500285022215693,1.2087797027670368,1.4495670296346108,1.798754084504429,1.8780613834000777,1.49626865984505,1.8044884777532433,1.8730127393919838,1.497884649000768,0.40367819849317743,-0.7958206553688089
1779,1.2014814507872749,1.147248390598042,1.4975204782330447,1.2181882517850178,1.1380923385300836,1.4928801103511753,3.093975293407504,1.247230683565457,1.5170178744596987,1.2847748708313145,1.237723574106075,1.5326153010074473,1.2922385238624785,0.7877605702187243,-0.7520420961090196
1780,0.10980919040928386,-0.3596338024008419,-0.4269460143371014,0.10093337991614723,-0.35306587414150276,-0.4233391262333056,2.250933605516299,0.779707964289721,0.010458471150001102,0.01268728753118685,0.7965328939099781,0.021683712064260355,0.012449726522023646,0.5989452581016348,1.8078592871028007
1781,1.542031215453612,0.8885079073556691,1.1262426138716761,1.5330927810480193,0.8845353428167866,1.1457229726582354,0.8930077351668346,1.7165920344346324,-0.5143521256977059,-0.45936846812856136,1.7231339039951552,-0.552081784569128,-0.48595865749653816,-0.24193987128781835,3.0223546264247156
1782,1.6313863762688712,1.7491331395347978,1.556224531645539,1.6305962496563988,1.7227894485603628,1.5559290717396697,0.46489564915393744,1.1387847018410275,1.6149852564637766,1.221123420285478,1.1842919179069442,1.675903547540212,1.1731458781615207,-0.3123515099263335,-0.6057129507595157
1783,2.3990268796915264,2.364533259676756,1.8118583621738147,2.3971139101859142,2.370141972788466,1.810523131833047,0.30771925590198873,2.527269148659054,2.614598625657032,1.9776725555809298,2.558179446674071,2.627907673831662,2.005920721815995,-0.9856593875648102,0.5609717432380052
1784,3.3614130790236416,3.132911126579122,3.209047335411882,3.3395203647259764,3.1279455114061276,3.2150431015537078,-0.3863604515507536,2.625645515179046,2.1068269709023753,2.1628094742261146,2.622413264506928,2.100691624166034,2.1739520856137386,-1.1299485554223268,1.4655442142120605
1785,0.7229069641578169,-0.6761102567424802,-0.8423841198049346,0.711354733900292,-0.6705872755499159,-0.8396255250245146,1.9360192249928883,1.7614530632661114,-0.3635413345162351,-0.4181280771588487,1.7629318655171784,-0.33281282650689886,-0.4174698661249491,0.5964884588345541,2.2197102178591175
1786,2.1944398673541192,1.919637657901231,1.9083477579553518,2.192945597931939,1.9057020609130861,1.9055271923109018,0.37075427458114346,1.750167198169925,1.360319941296469,1.3007502635318517,1.7347045913959462,1.3479902927136418,1.303974462998947,0.14126751836929172,1.6922498937600636
1787,0.6785618695637381,0.39531216095877586,0.31914639422434377,0.668729934102579,0.3946410921405658,0.30681586146416273,1.7206987050644658,0.4353209687835826,-0.3017012522358353,-0.25758434453304063,0.41759445854079774,-0.30354431769092416,-0.23853154487619116,1.2893501450297433,1.1437168001502709
1788,0.6084871020898721,-0.018554805876424073,-0.020764034346955267,0.6040798751791386,-0.024533607830288122,-0.01257454941113268,1.2844462487152368,0.8732060990330849,-0.8940385602395079,-0.9910588664406424,0.8921809177024591,-0.9277462185775489,-0.9947995017721877,0.15750148468426306,1.9937422179808502
1789,-0.21332551069833428,-0.6701208527477773,-0.7083105302497843,-0.24298332233044084,-0.6562618122608583,-0.6990505866009598,1.7692708366963408,0.7166002891596516,-0.05779495177121822,-0.061372831119502855,0.7301507927106259,-0.020238010740875376,-0.08346942173925949,0.05797984448440535,1.4507808071075818
1790,2.7972362594245936,2.8704645918098315,2.792859322867299,2.799546758095205,2.866773443968025,2.7922681766886597,0.18391448077163583,1.6873071747677149,1.753473512512322,1.8068678002311482,1.7021286779577496,1.7266917558043033,1.8264384430239302,-0.2518059337164168,0.19829282986909422
1791,0.7196392614693549,0.753117251972097,0.7548065887824269,0.7078989085129535,0.7535737691267674,0.7462765265759527,2.6682574388714118,0.4791988168008041,0.5335838629251585,0.5360251197220645,0.4861553823914156,0.5472687004460186,0.5307613252897454,1.4174966809172265,-0.020965152768631316
1792,3.231009610682199,2.965202554756738,2.8983385227233396,3.2224435426728624,2.9864808302509154,2.9075965244794633,0.6527042174320823,3.0281273198813623,2.6489342084055565,2.705223860614202,3.0315158077376565,2.6478971765166315,2.7056323029023175,-0.8615732045985707,1.6022502697125818
1793,1.5075978483532768,1.4945231862938533,1.8011129995929516,1.5074185239564408,1.502278943227004,1.8056104963871962,1.003606197221525,0.9696501714525713,0.8925585057898813,1.0185761061887075,0.962192773521085,0.8879753153419547,1.0000053279440821,0.8218936713597245,0.6770286366659066
1794,0.5544560981299204,0.7934192565302483,0.8447123721178248,0.5610571922154626,0.7980703524849888,0.8327318136303874,1.927558098285521,0.43261657129592446,0.8832580797099189,0.8677087734180632,0.4473173685269149,0.8776586489686345,0.8519641669889348,0.879951396741431,-2.5925959924298305
1795,0.16660798655522416,-0.718697180245824,-0.6954020659109718,0.1665551618624436,-0.7181480771013732,-0.6993172332524212,2.9547297445416314,0.32993025107661494,-1.0765093753393307,-1.0894330138041568,0.3301185126481169,-1.0701351018883056,-1.0918618501042445,2.0391649023075367,1.8616187278643663
1796,0.848582678152573,-0.3267477403507743,-0.34586406716626145,0.832920560934287,-0.337470224513415,-0.3591397764740234,1.326898704159307,1.5697291066294814,-0.31067351426950995,-0.3398483123720378,1.6578513698751676,-0.313473387608216,-0.3419158270058577,0.0005090487652167308,2.1478865026099925
1797,1.1395054013154062,0.8332309504994171,1.0400108246236213,1.1472503543377996,0.8371212457978711,1.0256434184411505,0.7925104225136118,0.975187648211379,0.3467807221237403,0.36022510834600185,0.9419133917899875,0.39705923134665366,0.35634962166909623,0.018039417244866032,1.1663244087771152
1798,0.39281934298557875,-0.4799289741124984,-0.5182042592092393,0.3700317944149874,-0.4952162653972263,-0.4767933377706464,1.3862911230542052,1.2047628497772271,-0.5601137449474632,-0.5441256207664501,1.1640766324178382,-0.6439379597818279,-0.5913707976637254,-0.09162157854102734,2.4835885949812253
1799,1.88554931061371,1.4947544836313962,1.3279801454199953,1.8955875638895068,1.4948353987879532,1.3354535488513717,1.531117010149318,1.8755709322231777,1.5076228012869912,1.3026312642298312,1.8938294993503857,1.5187472728595088,1.3161780498272555,0.014635443022821475,1.0571929523928916
1800,1.0848546046071166,1.0295136590276193,1.0590533650891283,1.0951298585112672,1.019644317898668,1.0668834097749031,1.5628161728532284,0.39224784713829536,0.24939283485956001,0.2596964043194066,0.3910747766350067,0.2578142666638544,0.2806330316378406,0.8761439905264458,0.6518891447525332
1801,0.14934840277844402,0.2680891636182411,0.2741376421393966,0.1495100718878769,0.26494631588026846,0.2697749796443023,1.6807195812980407,-1.1576619120637883,-1.2169236570960331,-1.1650517742528792,-1.1625650080681882,-1.207739373775096,-1.1940297667769628,2.015792019781522,-0.5288052650330647
1802,2.2803597302002725,-0.055074440749712454,-0.05014796764483091,2.2683181680221227,-0.04574919500028293,-0.015078606400300178,0.49450823629871327,2.6697335205445425,-0.6692086139058903,-0.6690274715806867,2.609304409790986,-0.6722758529673639,-0.6392060898421064,-0.5959676265798891,3.3146638465572167
1803,2.0949077870260107,2.2125888587667455,2.6208048487451885,2.1020355581464982,2.211603454938601,2.6264924422095546,0.7882376495007419,-0.7840152450318846,-0.48755275215260535,-0.5116981742090874,-0.7713174510898577,-0.4752804653620346,-0.5083911099599342,1.5640969009348242,-1.3605678018395948
1804,2.151237594415539,-0.651139031503654,-0.6209252754650749,2.1538637620904075,-0.6454381989707042,-0.6344689392202919,0.2341263199841099,3.039382772763938,-1.8279666133002417,-1.8549521743696205,3.028163170841604,-1.8416482017775166,-1.8388853626160198,-1.7037940207541236,4.085149142003657
1805,1.7847324494725068,2.021547935352796,1.958648780725086,1.7864996709223047,2.003457548317945,1.9552669615901332,0.5729379912312969,1.5075440422083242,1.7830112039210428,1.7581709078149161,1.5186059898995177,1.7990970212276538,1.7708222482960037,-0.1479990647741549,0.03758463885034936
1806,1.713028867952712,1.7279958963481774,1.739266269720537,1.7173006354753213,1.736611330143934,1.7435071544717344,0.9715349069738867,-0.13302330373704033,0.07784040206699912,0.07565738710558285,-0.14929289985125455,0.1500306754183263,0.1741485647108625,1.2505953432239962,-0.26153387050392957
1807,-0.08010238994127902,-0.7608973869081495,-0.7831610389195603,-0.08289454918284028,-0.7689667751335941,-0.796867642737137,2.1688273290902496,0.1362706226216833,-1.0580363939421216,-0.9990725171338046,0.14573154122889032,-1.0562155752974831,-1.017893944977718,1.0551656578505,1.4128062885964752
1808,2.634386194907384,2.642529496952294,2.5894006601248187,2.651010817240342,2.6496618462375583,2.587995917785507,0.6104495875493076,2.750807406486094,2.7590062949606184,2.713132527580281,2.7629521410985403,2.7756324761039397,2.707214225731266,-1.139192549062584,0.3587228746788873
1809,1.3859092332168683,1.1512551326644187,0.9892401062642547,1.38927313121857,1.1591849087636785,0.9823919657186914,0.5695844568062699,1.3926052801994615,1.1620604874469291,0.9632454663097977,1.373706902416867,1.1518287456286145,0.9618713559867071,-0.1795107683203753,0.7385024916584106
1810,0.9655223068574008,0.11647698807958543,0.11491155571878471,0.9661064474018952,0.10773814301230974,0.12845175392702388,2.060824369109672,1.849056661661268,0.16464527741898424,0.1436396834945345,1.846760520052721,0.17499909237020542,0.15374299329920782,-0.4325920758025235,3.422936431540537
1811,0.4332214620873463,0.5550557123474273,0.6795736399324399,0.4360608347850914,0.5672254366502356,0.6765711701771363,1.3940101858573415,0.05270444451701938,0.6336288388327409,0.6633752460871112,0.033080703086258066,0.6942704323685794,0.6919575412997361,0.7524278537224048,-0.7539115912787754
1812,1.7655114002287189,1.776608260867016,1.4899166354378306,1.7625892102809784,1.787498148330457,1.4880480545517503,0.007880093490946967,1.785201188438183,1.834603710137314,1.7037073540019068,1.7706609130326691,1.8342720470053766,1.6973055597592939,-0.7423433645715785,0.0352045953542077
1813,3.792179276730274,3.822959720964234,2.744644313165133,3.792316879113467,3.8112574843581113,2.7478320560853726,-0.9241797795052289,2.475605343191918,2.5684880427398227,1.856771656374784,2.4727848119746936,2.57746507639873,1.8682754384773537,-0.8690901567279992,-0.21664945814688513
1814,1.983043599493655,1.5268318074468286,1.506030278928054,1.9836319810276466,1.5288856138420315,1.5042171547100942,1.5152543036519357,2.1278958315425274,1.547887070882871,1.4847698033875638,2.140705417796506,1.5513759926731696,1.512076436647677,-0.119598450181457,1.7843982820280702
1815,1.5371492763090164,1.5379280280612535,1.445360538779615,1.5423852678273946,1.5335586423481316,1.449998040339495,1.3656237359972494,1.3273333878847333,1.3452093901260094,1.337478245039346,1.3180564584060055,1.3300601104903997,1.338858042351429,0.6476796764724674,-0.6555465953619553
1816,0.8324944430727209,-0.20891698061966266,-0.23631832512128367,0.8446331802695207,-0.2123240765839224,-0.25127833181586695,1.5141830139739856,0.9171374144871748,-1.0484844197370753,-1.2177442543530121,0.9247989561449502,-1.100083204930731,-1.143692190950205,0.6430375807065938,1.7430316292869181
1817,3.1676214042538255,3.228380292607209,2.90971642073385,3.1647670714529483,3.2222013846607704,2.906871540049174,-0.6847791012371555,2.6290437705424146,2.7415997003105343,2.6500332101479454,2.61335580309036,2.7243002936021576,2.6539897320567545,-1.1164065100600755,-1.2598970358918258
1818,0.9644009247062375,0.9261635926669102,1.0014421317725266,0.9407032449938947,0.9177605208801527,0.9726571391206803,1.4896606732691773,0.03205401041056189,-0.06272183829483463,-0.06608402276234465,-0.02901351623498589,-0.017213123305414288,-0.09297541953775944,1.302605970268855,0.1551899108429922
1819,2.740145164479024,2.0648830944536813,1.8573089281235418,2.7239146492215727,2.0685841174979114,1.8594226502387619,0.36729308895459933,2.786765748893055,1.775925280630095,1.6651131278013576,2.798268035130781,1.7825119731444203,1.693651662053659,-1.1890850486238365,2.821133738923822
1820,1.6398989774910824,1.6117152331864961,1.5735711319605372,1.6386626471495427,1.6159517630334406,1.5669407459606148,1.0272693812116784,0.5312480802480503,0.3407538240438229,0.3719039738878356,0.5219547403187105,0.34425456072846355,0.36013519256107346,1.2929458186146923,0.9767243912419623
1821,1.5335409738891492,1.5961690037523872,1.7460833588018339,1.5345519305141717,1.596104489953539,1.743085632595396,1.216862760918673,1.0941357559892593,1.1748175329330446,1.3270105458092516,1.0893399679579823,1.1828567864694877,1.3373326072546625,0.7176691689735542,-1.3711701968017544
1822,3.335619180230594,3.3193111341106425,2.436195986962528,3.3321048739130994,3.31933892139411,2.435080801050111,-0.43373560318665216,2.9660135461815385,2.954332948693925,2.1626033582818422,2.963897320356992,2.9479794376194266,2.1707056962749216,-1.038898995276621,0.068745557683412
1823,1.1315459179625487,1.3030131294827454,1.10674114813035,1.130707746999856,1.3136480137601,1.0954416253965178,0.9177216328840873,1.4936130505554897,1.7734324997141069,1.5058654827093276,1.499216361832214,1.78036668450957,1.5069866452746457,-0.2917934863629555,-1.0077018992496705
1824,3.1797884252704227,1.7981086307702614,2.093061534614172,3.1764093468842747,1.794877407448902,2.096683555968155,-0.4205585551695571,3.4763840260228265,1.7218701580441065,1.6090405203052958,3.4750745342122116,1.7163204432665886,1.631596007646752,-1.1971749226459767,3.0270474164588275
1825,0.25886416962041064,0.26505115472218266,0.344807407945664,0.2783740115087497,0.24093242026452064,0.375630569700525,1.5145581198337374,0.28286568887608543,0.3669556152633228,0.39483262763222293,0.3043122121878072,0.35762554817283626,0.3970627312834778,0.7921739212761403,-0.6617363586012792
1826,3.8737339759335727,3.619218306158858,3.0397764700566263,3.8513578675098956,3.5984756779660003,3.03804233620245,-1.0996361266985397,3.664411771707948,3.360599073991911,2.7660619348799185,3.668689781669443,3.3709806197851124,2.7646859166854827,-1.9097732345495573,1.0718888059122242
1827,0.031313337759384434,0.13512440210220997,0.1323251740552504,0.04594937657989308,0.13448847963061936,0.1275764079190758,2.3419713727341422,-0.30820494984650926,-0.16334066370247796,-0.15248015405892473,-0.31938657521030317,-0.1623748307518124,-0.1526900921999895,1.831378925717143,-1.0902923528416248
1828,1.426589236713329,1.5523077789257365,1.6848557186030517,1.4288952951668035,1.5612732007824066,1.6787268756389029,0.6781692867447352,1.014091746998387,1.2302158756571888,1.4385903375824718,1.0227872768936146,1.2284849527675712,1.4398316051307998,0.16066781902958718,-1.71261881764656
1829,1.5484885187523205,1.4575752547605436,1.5072122916620647,1.5361342421472313,1.4552846001273252,1.510316409117579,1.5121570870248398,1.484945956061366,1.3967958664748252,1.419094098012862,1.497346987372521,1.4214538021612038,1.4284438817199434,0.3146888772965107,0.5330242063299468
1830,1.71419536727692,1.3139373577086286,1.5215606038018932,1.718884017619859,1.3139133147150317,1.5089755203648674,0.7781189733559385,1.9093177333740021,1.3485209575881107,1.3627795690527587,1.9007276238402524,1.3583926963483817,1.3751535309166951,-0.2746224704673735,1.5507801050431234
1831,-0.4153176046731507,-1.5458780373448509,-1.4828123215781428,-0.3500791588943932,-1.6011683781182033,-1.4903576760113528,2.558377478154082,0.560633039758689,-1.8452272017441413,-1.5420950431757963,0.5714523492729189,-1.7745110767299588,-1.581571307047187,0.7936021913211657,2.104168009164799
1832,1.2133646537113945,1.01237376563357,1.2833165972563063,1.2301943466037388,0.9990435346349728,1.2833957255979924,1.4072009857700234,0.7507059052869801,-0.19890136027338307,-0.22763261838709126,0.7117394840405162,-0.1754838456083337,-0.2370911840341273,0.7498313259287387,1.7177501279585967
1833,2.1674894798863447,1.6612967826631264,1.8990200127574932,2.1558015767308407,1.6522893524461166,1.8947874867530996,0.453228744690006,1.925134923379053,1.124247314523231,1.3137448890727081,1.9318052851036265,1.130623411900683,1.2739258961795936,-0.44587773340644593,1.8863690211010495
1834,1.7801313913585428,1.8091476586282154,2.124383580301104,1.7729995333704016,1.8090297504102324,2.112811412257978,0.9580627033754802,0.5804129862688494,0.615687676468876,0.6102003787035413,0.6023035883113812,0.6276847105014803,0.6113264473157207,0.8958959356272237,-0.3084495939831206
1835,1.3328216813406633,1.3279603620888616,1.6885249123720953,1.3566802019524866,1.330632415338039,1.6870319478407534,0.8548841646041152,1.1856794620178994,1.0962795926390483,1.3432997397785413,1.1418924757593854,1.052075040320419,1.3037515110697127,0.11342213118483248,0.728810330421106
1836,3.3206879006667234,3.365452627951389,2.914194706265365,3.317891862981546,3.358107058501061,2.9102052776170386,-0.5211482148111263,2.054424962034278,2.1329211010671805,2.0785260364902713,2.0825911892914157,2.115061236252816,2.068303261668109,-0.44914563917164885,-1.6886183183738614
1837,1.84613918586955,1.073329242518198,1.24506990510107,1.8465072006501289,1.0707026912413586,1.2413092372614185,0.9851200829211574,1.9541911655016082,-0.039660141180419106,-0.04568331278473201,1.9400336199564545,-0.04174260610903402,-0.05597750944194893,-0.2222469736901471,2.4166111340944503
1838,3.6622838975062106,3.8089779997633957,3.141723274678065,3.667280362032865,3.805459150158651,3.138827941641443,-0.9585564543312035,3.3237317567034106,3.555219184691678,2.8974693572820884,3.318680932698933,3.553166835125577,2.908077144736181,-1.7973198009909928,-1.248213238357891
1839,1.588726676362099,1.4511983638119468,1.5851759212708523,1.5875015393425989,1.4589794838701642,1.595914042032797,1.4545890402455592,2.226123290242634,2.1894465868713437,2.3601387247573444,2.226573148217044,2.192836094039982,2.364969113733192,-0.18052922621266462,1.1882542757154826
1840,3.0441972847478462,3.1289039064892297,2.42563490947513,3.0485885411439844,3.132016440412595,2.4264227020458256,-0.599277034111587,2.721712459698542,2.8138122484543477,2.322769638496232,2.739750662335261,2.828783938661969,2.3249286459802647,-1.189748566876784,-0.6380883037347627
1841,1.6523581458340562,0.5853615778286003,0.7315645514065049,1.648824879837523,0.595482841575615,0.7366477868440415,0.4908012090813315,1.6422906929540901,-0.23322754804369625,-0.2877779844823881,1.6428291263929027,-0.17440982370287111,-0.17384717810804606,0.022300507373890815,1.972159217125487
1842,-0.3069524462630604,-0.43118071641537525,-0.5242977213952974,-0.3186686858731216,-0.42949316840345736,-0.5357152180830957,1.9138379344046659,-0.15982428537695637,-0.2795017387448532,-0.3511243760848317,-0.16608132878332546,-0.2442916996149427,-0.3659505703759027,1.1512700976310526,0.2531773229495874
1843,0.41701802453597975,0.30567096857343223,0.3371914938121653,0.41545660472863705,0.30409474261057856,0.32363265867794055,2.2095390354918267,-0.6875976243233501,-1.2289621177135353,-1.3774897189025912,-0.6778175176209177,-1.1915598436953174,-1.3873075033666464,1.917664127532349,0.5035893635018488
1844,2.1965646515648416,2.0325196918809683,2.1705248367481937,2.200256670353756,2.0353600909959244,2.1674619644416655,0.6264809372036625,1.5546054424642473,1.3698654388594154,1.4784229125277184,1.5546280744689993,1.3706549000248154,1.4864251352914128,0.06530722946129687,1.4342318160825487
1845,0.5359046189728635,-0.12817217795148222,-0.11292011154330545,0.5610493110747631,-0.12242631122045186,-0.11941083281636401,2.6537533415794488,1.197772581998346,0.1276707092883054,0.11789870615835388,1.201516706451799,0.13538003044110597,0.12848424346675302,1.1962062300990386,2.2933621485589035
1846,2.083676212088477,1.1324980745663824,1.0825196533205887,2.084020019948592,1.1303771017431128,1.0778709473016521,1.722202357477361,1.945311843663465,0.9146482869224315,0.9024489366107036,1.957220054666936,0.9012187573460679,0.8981861802702966,0.4435313648700134,1.7843476239694078
1847,1.7286405579479456,1.526874445745317,1.4229559275303554,1.7343165407620798,1.5353517048799619,1.4329023735565167,1.8510414525171848,2.132081539351412,1.9279258187163972,1.7625202660144657,2.117639692116557,1.9380979880661746,1.7564524576488763,0.32368742487697977,0.6524156456403314
1848,3.08820320427554,3.3148406181182493,2.6982075875797555,3.0790422296993185,3.3142592489094356,2.707166423339381,-0.5606234006434782,2.666230313024265,3.0442596777945967,2.460412062068256,2.6737657648113964,3.0586603452519463,2.466930223277641,-1.233564851277305,-1.4714074983158216
1849,0.9394975831872421,0.15300257230854805,0.1976516738119716,0.9190295143540469,0.18137223737514435,0.1952080202881576,0.949316790842922,1.3181466903553842,-0.6510283758011455,-0.6839244118751363,1.332344265324241,-0.7484328120199784,-0.6351212700407611,0.31036621873963893,2.10291039598806
1850,1.2503220287824548,1.31003492075907,1.2100269714690701,1.2384458016888968,1.339328778796815,1.2236595939644523,1.423928893594848,0.432652334109909,0.48907301436006484,0.4885907526733381,0.44765762559690286,0.45578016212912115,0.5032061858267158,1.5794420937431897,-0.9356463638365851
1851,0.7016121555828843,0.5904631952160674,0.6724400838007814,0.6914104490063533,0.5933206588472539,0.6932062695402323,3.079389928941664,0.31974042697939287,0.1723220457187903,0.19065364434663204,0.31718596731189985,0.21053228700279417,0.17620095249919523,1.6200054072100847,0.8514832773261142
1852,0.3907360884231646,0.23385466526762366,0.25250922898554634,0.4275217776970903,0.24556020641935736,0.2596967794755824,1.3724695993281344,0.283974639802707,0.06945058314626089,0.07375570309834543,0.2734205678231201,0.03635147515594834,0.12612872820691143,0.4394867645420674,0.4116457291279297
1853,3.0428825285694128,3.1163043098807712,2.3420689127822647,3.0473194181113596,3.1210245513324972,2.3433456393990766,-0.17232999825254208,2.6358067051819,2.7418252330535484,2.233525564783962,2.6305414083088086,2.7398961687605157,2.2368270534682813,-0.7794622092918475,-0.339394107383539
1854,2.2302754873260846,1.5971810323798465,1.9659997922308576,2.226090423280875,1.6007201964456186,1.9680016774290099,0.5515669153580833,2.165104004518333,1.3148391521833258,1.3755679869915582,2.154999301071784,1.2958989671588392,1.382499664141478,-0.1682629566710715,2.193528191585606
1855,2.866289734740213,2.615536071102502,2.817215022687684,2.8682784654531295,2.632991204232189,2.810187178354739,0.11469423378908362,1.3329529979885462,0.38729003534643863,0.40137377693717785,1.3277345069901993,0.38703460829709213,0.40796368745381484,0.15334153408787984,1.767134758882462
1856,1.3835316528476853,1.2085875766682783,1.1011409603125377,1.3783710802555529,1.2228144930110094,1.0979754580458005,1.1372240501648907,1.5444261823201049,1.3699012788281484,1.2660873451556733,1.5348787796986014,1.3740149099736751,1.2633473453831634,0.20757468349729735,0.7435959420669802
1857,1.3137141379370498,1.3502354131285468,1.4863845990837274,1.2883465201567654,1.3472712629923382,1.49226848392752,1.4220464462514162,1.1818273578543537,1.238925212034843,1.1571854822739491,1.2033557133036,1.2051898278965512,1.1587630985732964,0.41556183072171293,0.4913767569182546
1858,1.57384392629403,1.6144707189403433,1.290061033299105,1.5775677667233223,1.608650970348691,1.2955394738995727,-0.045983008926879114,1.1079349267152905,1.1990656542788807,0.938464585861662,1.0382739589063545,1.1685651956303273,0.9214746147116416,-0.15259421728183137,0.28358943885337007
1859,1.4235899768554148,1.4298949058682953,1.278971356452285,1.4117204187054644,1.4357362359589376,1.2898097195015643,1.4260689953033148,1.2657151768445813,1.2729358135092148,1.179609995051113,1.2776141020761111,1.2796202753936665,1.1810611404973603,0.6545160754954001,0.1345541976844929
1860,1.0666281315005008,0.9961209415210618,1.1432272960396541,1.0529060686322413,0.9875886640037587,1.149547991847076,2.0040067087091153,0.37451573713141173,0.23135804533644053,0.2368426681860696,0.3887319419489352,0.1797400546517238,0.21392777295350837,1.2766531274918202,0.3735543034341112
1861,1.26452956415846,0.9198354274788549,0.9417469574575804,1.25753115389561,0.9128962441907074,0.9555921773977784,1.2850794433373178,1.079608883150563,0.6522091889459554,0.7273567723431088,1.068481934453494,0.6538166944125138,0.7163545303102776,0.3796642921237991,1.6631738263148732
1862,0.5050561142281652,0.3719796680602252,0.43011638294680343,0.5112331027275575,0.36218787079845455,0.3984961049868868,2.1026069550477264,-0.30543290197809103,-0.6642841476085493,-0.7981249064722254,-0.30394665568780804,-0.6921150306725324,-0.7307453222565478,1.4648336360620966,1.1397307334517253
1863,1.7482732929897848,1.1617148977680454,1.1566981836112658,1.7473811764337277,1.149355592504661,1.1614787826826696,1.2135027549372905,1.3947241436766327,0.4095611250842914,0.40557397362168585,1.389272293251859,0.4098917639100022,0.4085948426169128,0.19590749462702117,2.3255500321852725
1864,2.5704600642186346,2.4053167194866463,3.0325701976346524,2.5760712202394713,2.3957211456160503,3.036794913448474,-0.49146477719235626,1.1591098357557421,0.734944464920407,1.2149015842084434,1.142954305215384,0.7220467209438015,1.2352919127379196,-0.2810610603531927,1.7356149128807234
1865,1.706702938608819,1.4179449709508087,1.335877814345388,1.7072256547756888,1.4105109548726142,1.3228141551340946,0.14206494529409594,1.3231030622282305,0.9181702682022899,1.0252421936146996,1.359278501956891,0.9041613431425062,1.0131786558089937,-0.26049170832185403,0.730221492723544
1866,3.152968742924796,3.154540124010101,2.1725808985929076,3.151583383132216,3.1573577807723896,2.1761776022998762,-0.8200567122937851,2.7324115607571065,2.7184550552009994,1.927931542571294,2.751739077485412,2.7167695476017557,1.9286762278262612,-1.3384205816871244,0.3519608581185014
1867,3.844307448739807,3.854090315630254,3.1768758876884995,3.84887604179688,3.8486163900252843,3.1726651799499015,-1.1783242875503466,3.3072534413423043,3.271047944757354,3.030931934490822,3.2857661673367313,3.2735805541117258,3.0226379083393184,-1.8437700465641733,-0.41679383989108043
1868,1.9283896948423513,1.8971025985606282,1.9664745934882413,1.9166798602016202,1.8982302351492455,1.9632783693680438,0.09835516209794198,1.3781899236877029,1.1536118420136474,1.1015935876642833,1.3606107813330597,1.1564179177156644,1.118438060931649,-0.19524854343488665,0.9995508767064739
1869,2.3818060069639317,2.3694890289608312,1.8794421689905452,2.370725722588084,2.3587657259022023,1.8791887618951606,0.19694079074200027,2.2008142649154387,2.1946645740087414,1.8544549019765069,2.192168768189889,2.1956572897993474,1.8525967563833892,-0.4810602738717514,0.5839553127482677
1870,0.7058824780602687,0.06591779829106341,0.07210013045152538,0.7022533911331834,0.05681271119645401,0.0470082430183681,1.819573933599868,0.16236513231179706,-1.281230077828611,-1.326919177397969,0.1563057837392169,-1.2799298426591836,-1.314181708469829,1.156861103762476,1.5169382003559477
1871,2.336476682886734,2.4393024279885283,2.1692857612617082,2.3243786283434402,2.4384039465494776,2.166245270561465,0.7670955224971572,0.7109903987301041,0.8784490664810229,0.7556627371711044,0.7141195548340322,0.9241692747776811,0.7675566097130483,0.6546286054627941,-0.8921571798691249
1872,1.399002969047979,1.979569944750228,1.9051213431987435,1.3864749674949046,1.977060593079911,1.894748196343111,1.432938671336153,0.5007758925166649,1.5527945496824402,1.6197758460775487,0.5090220546874504,1.5433783544049666,1.5956124852084008,0.8461041961259889,-1.5993311301279445
1873,2.240794799613577,1.6544253563797644,2.0003579620945007,2.2374788514612516,1.6533240636227184,1.9910477892377727,0.25874565777369646,1.3716848619590334,-2.5662519614395687,-2.4556908567557407,1.364732373407906,-2.532104853260967,-2.4016106165205517,0.2508011054140714,2.2336506451775238
1874,2.3636361087642,2.3415702905740816,2.4490210300545048,2.367861279401478,2.3458697696046635,2.447283875750698,0.29270168316653844,2.410094600818765,2.438882182938811,2.364774144070535,2.3908505172341306,2.4268317472692833,2.369467212666659,-0.834510738364749,0.6671236079554833
1875,2.5004929195351036,2.419661894041599,2.43403404270906,2.50412808828756,2.419273640394202,2.444354895760457,0.40150026264226096,2.2413810182461695,2.1923984253090154,2.216450062277539,2.2375175570241765,2.193310366634409,2.223928661336927,-0.5904179500485776,0.3991030855773171
1876,0.2281078688632695,0.23280861260476765,0.2587184670620838,0.23561709473072942,0.26577152852967567,0.29736539402923545,2.2410654476874035,-0.2906311820256445,-0.11579428226754637,-0.1139756312532631,-0.32927037455626906,-0.07969149738575126,-0.10323232840179414,1.5415872353278157,-1.399374044761041
1877,1.3482618924189564,1.3787345537832019,1.3422891039947757,1.3528963964954848,1.3571145326161405,1.362133525100197,0.659081592881061,1.1933053538899483,1.2792907862793135,1.231139548826545,1.251276475177221,1.2436486430330205,1.2328039719508554,-0.09032951137751598,-0.295191730837928
1878,3.7947396002188074,2.9927684532323227,3.2285114165826654,3.8008889025528667,2.998260704392858,3.2217252419760376,0.3483021608016897,2.1484688432153694,0.5701833052577427,0.6055374500091909,2.150335323352872,0.5902614371154808,0.6064822368619399,0.6845400890531118,2.017162147210766
1879,3.1913456491908017,3.3238792446050582,2.4830638805301493,3.183209816060236,3.320543789747689,2.4866089092318338,-0.06343630991157802,2.8247967459630785,3.0057950552873773,2.274829925665203,2.822565280146177,2.997876434854349,2.2695143243474463,-0.6997736837814671,-1.626490330922552
1880,-0.07114260859683302,-0.5029631976052855,-0.4894704422615545,-0.04515874935990611,-0.4669831270149972,-0.49088714800155075,1.7509584888017415,0.7326813064145998,-0.6750753704309964,-0.6725281940895564,0.618656526842975,-0.7866994449604634,-0.5694952047601705,0.17629794707405372,1.8241341249439427
1881,1.0284847813114475,1.0968449313302588,1.1177491092691212,1.025865923028224,1.1276448105083918,1.1149313549926083,1.5161894966760117,1.1082379908258655,1.2978165672238131,1.3169420315745324,1.1088147337739185,1.2713224110556363,1.292179780738844,0.37023245509435565,-1.0222393456814454
1882,2.0910300050609036,2.152147093422099,1.9218090182842182,2.09575750939792,2.1404945159597997,1.9184627478455707,-0.0016172342165445429,1.5235016009257027,1.632420130182363,1.6785755502141027,1.5089773036563252,1.6547332040751812,1.6964223921384163,-0.36909651464682913,-1.182114053200463
1883,3.222809703728878,3.2940133995440646,2.626910084876454,3.2085335130183497,3.2782860769846947,2.619545763889631,-1.0580629139757527,3.1865955883144768,3.233513300370287,2.7163317069090613,3.1735042137380622,3.241202993843968,2.708462431567798,-1.7371737753474785,-0.5250047984917323
1884,3.1715823589531444,3.1882678143745005,2.4266073964353465,3.1644396098931846,3.1877154192610173,2.421641492113075,-0.874558758510818,2.8673462697379777,2.8905732035879033,2.407597302978858,2.8514699608086347,2.89134378446664,2.4177123186919616,-1.6256010040721174,0.6072550145469509
1885,2.679914536637559,2.7373030198124346,2.3394442655728866,2.6785006357932457,2.7403330845216445,2.338331984353597,-0.15155036778756978,2.088504744836591,2.230703730886545,2.0872591947728414,2.1060646027605374,2.2326772996607356,2.079052965295407,-0.7442537176413246,-0.26833645065374406
1886,2.1210746805056306,1.6664345668707246,1.7057626676512145,2.10916056432005,1.658750691003451,1.7194366636112668,0.9846399800116764,1.3173802835493549,0.00850523487225005,0.008698256435377914,1.305651609988072,-0.024770454807547478,-0.036172829468380824,0.311977349452544,1.7869343407690297
1887,2.751133102925293,0.615418672382337,0.6542564469950924,2.753578982067322,0.6169547395071414,0.6672780515557154,0.2872109474555249,3.3064314535940853,0.6127252649734629,0.7469754865997402,3.301870427370231,0.6188656699748025,0.7882055528194702,-0.9072024509559631,4.104560082831338
1888,1.7505532664163816,0.6730831779730349,1.0082029616669197,1.7438607943943887,0.6688570530221412,1.0043364943019268,0.729476322928092,2.2015783584528017,0.2856033486165688,0.3990363009885759,2.192791687583083,0.30783636392343044,0.3701958891510287,-0.17591683857060492,3.026446547773394
1889,-0.16716441331565796,-0.35943971831458826,-0.3987685304964758,-0.17434860330392077,-0.3606949046754146,-0.4180396033953868,2.531806953877729,-0.28159725301336325,-0.6995582877228309,-0.6364226174244072,-0.2315970516745736,-0.7337682784921642,-0.6503831066665887,1.60391652372162,0.5222389807243872
1890,2.3893244528602335,2.084849518168681,1.7660206016045799,2.390380472467353,2.0730194456473687,1.7691012653634322,-0.23122759875689056,1.885162573038577,1.5248545774437055,1.4133746514076164,1.846641233552538,1.5282735778592458,1.4343290468893792,-0.584844282072981,1.5308483786694789
1891,1.6617805678846589,1.7008274556373142,2.136485413508561,1.6682900419881168,1.705465853322557,2.141867560251309,0.6770670262427687,1.453220483533042,1.5885327803603322,1.7688883798560888,1.4443871445569507,1.5770563235398942,1.7613868243962687,-0.17225584754314757,-0.7673505727979797
1892,-0.4693412998824919,-0.3917306699810025,-0.3940335882250664,-0.467575639056301,-0.38294644222313173,-0.4099982200677191,2.145724688797523,-0.3921097426389259,-0.2543082855889113,-0.24138876020191596,-0.39470376023116893,-0.2205403411416455,-0.2624888496178704,1.2058818043299846,-0.9353509267411427
1893,3.260475951199825,2.88024894945063,2.441699524368865,3.2467815259178923,2.875060053522737,2.4474145449914713,-0.4984490309311071,2.913743952503701,2.22075608225059,1.9251220647284037,2.9233982632896174,2.2140043550879405,1.9203496027183822,-0.9147046114261589,1.6399192359387684
1894,1.3084485846045506,1.0776414687226346,1.5389730257063543,1.2994725962249145,1.0833089309496118,1.5562849068988185,1.1336036366052546,0.6587120833197934,0.2236600407598545,0.2933956232303479,0.6734488429850544,0.22382483674044631,0.3225325386021567,1.0369486760425388,1.0713524055693258
1895,2.6004186581714768,2.5295464493214515,2.103911092043524,2.5911202225062175,2.5180834675794634,2.106067932233959,-0.40825510705201923,1.9670239200388557,2.0519961392753467,1.9241648028769927,1.9287009578794756,2.0522284470714736,1.9173920353699292,-0.7384998167635127,-0.029139857701393365
1896,2.31935587579364,2.3203557427734536,2.009420683656947,2.3241663205783047,2.3150430982397183,2.00618007789565,0.3752824535271042,2.3881460180529035,2.393141226916177,2.025400208720673,2.392296890980416,2.395913051031088,2.0257051614855506,-0.24640950177049253,-0.7009280415865201
1897,0.5436847406131669,0.5540064354567801,0.5919905127380541,0.5275068726100198,0.5518328171720385,0.6130221747313074,2.199738414246375,0.003530143284658698,0.01804283245393654,0.01848012557031309,0.0038109947706700966,0.0015247259193686,0.021649714876443772,1.2951314764458288,-0.20363715185115788
1898,1.7389271789076388,1.641223884038857,1.6273508249855213,1.7335485715000911,1.6301627988365146,1.6221440809097512,0.6024698796427882,1.9677459326045477,1.8663454508302129,1.8582817571628825,1.9255022255538083,1.862654632391595,1.8663821935779743,-0.8026175016306807,0.5427024097044113
1899,1.4440103569535552,1.60200053306203,1.8959608579172025,1.4425245544046361,1.601424813442272,1.9021042804496096,1.3390259437201495,1.4660419278016064,1.6139739319001865,1.7551023746723842,1.472037756501163,1.6182471763057005,1.7476322146435714,0.3873933981685384,0.6757114427891372
1900,2.7059352190956303,1.996467285950662,2.426975197128648,2.699088370758192,1.9967720846767572,2.431130003676522,0.5828699120952163,2.2725506927362216,0.9314849230153841,1.1290626416496865,2.2892286140801086,0.935335906160406,1.13905184879309,-0.3305527511643694,2.5640664576835865
1901,2.067196248150854,1.4372097317409405,1.6150405247968282,2.066228047773118,1.437306628472777,1.6263280728361629,0.29656008097591413,1.984626637759439,0.8227731050453553,0.8902596242391428,1.971035291019535,0.830638819346721,0.8877900601179349,-0.38294195480405974,2.450736228694474
1902,-1.189493458780146,-1.9436529186708074,-1.976257281275225,-1.1875945383803495,-1.959447819768186,-1.9938249083689414,2.8802880574195684,-0.14110156583629938,-1.292709848156795,-1.2576045907344415,-0.16742645118310245,-1.27961343855188,-1.2390801929796509,1.1653344096277154,1.1068106442290933
1903,-0.25902137172653317,-0.3360147764956871,-0.35628084764928825,-0.23289169332145412,-0.3440720692960841,-0.372721160287089,2.1499296542641444,0.36060445883825654,0.09288775604157536,0.11686950913808382,0.3674072336675804,0.033134069130340775,0.15630485119629128,0.6830961111199793,0.6764871574841653
1904,2.955853523866506,2.971384276757917,2.185825579717369,2.960027796270705,2.965151756543213,2.184857866263038,-1.0646062656670883,2.366257586086081,2.3732698239312944,1.7570827064195824,2.3647824972519653,2.371844365472949,1.7493573057407228,-1.107854485975142,-0.22256099146177563
1905,1.7802947662725852,1.5675131596030991,1.648000950972426,1.7871768476061274,1.5692908244157044,1.626532645624052,-0.17367572073267445,1.9861948567921337,1.7124966578371164,1.8984642094867643,1.967906147854254,1.6771244140982238,1.9172529574056114,-1.0479499911741375,1.4176810854102726
1906,1.2729317062352745,1.065693843511423,1.0018518439671575,1.2841631478897586,1.038981498291034,1.0018438311495634,0.9729450813989,1.1066290611125866,0.8506154271438546,0.8558793263591905,1.0970957667104615,0.8180167820241965,0.8524515763525868,0.4469508452878417,1.4359846415731614
1907,-0.2715912000412981,-0.23277886911079515,-0.276370091365136,-0.27146220924197256,-0.24023216633861588,-0.30723341027987766,2.7997810632352507,-0.7142012199665294,-0.5850053777838354,-0.6550964109032278,-0.7420768827346814,-0.5550102402593111,-0.697053712861578,1.9768309545328115,-0.8537628315393736
1908,3.7296393239814933,3.6453034373838467,2.7142249024229197,3.729412811936114,3.6513935779337516,2.713702613897388,-0.525296333348636,3.754806716495216,3.6229157242984567,2.650211175503915,3.734690959732909,3.621399883727517,2.651838182167589,-1.6555758359071076,1.219718283331195
1909,1.6597118385638137,0.5499240712289181,0.6141055589059676,1.6607839115365546,0.5475539316997597,0.6113201463930559,1.1741307457393935,1.9130643010549064,0.19495776075911622,0.19522757271881339,1.9117577041688734,0.16657811923282878,0.19014790840657608,0.16333850782860151,2.151872432064458
1910,1.7454927934836366,1.6520571147464393,1.8460110719212777,1.735272547766095,1.6636271154031443,1.8413536766642613,0.16271740930854936,1.6045815669311654,1.4935457129331164,1.5706043287982412,1.5832054728087284,1.4927396592961673,1.558574737572871,-0.4466718876494391,0.8141010551934694
1911,2.3868622356588216,2.3459398129297955,2.592605925798799,2.3899534802552678,2.348459791871489,2.6037889438962467,0.2945729411039598,1.6982956025169265,1.7431165031076425,2.024010124258311,1.6839405174738968,1.750186944036365,2.0354822986619916,-0.07429095964658704,0.18247387035610935
1912,2.4486188617592117,2.4980950862055495,2.454130864544079,2.4440986392503365,2.4966302782282113,2.4498986266581695,0.06556012408949595,1.9243609731248141,2.1290359277627786,1.9965409187727172,1.8982219882158304,2.1481279894427576,1.9721199216364864,-0.7422475022716217,-0.5352079857667851
1913,1.0876488783690859,1.0072717493689562,1.1436087639040684,1.0871129743354178,1.0159549664481458,1.1341688237685015,1.4602164725582036,0.04468130637174535,-0.18146818277588192,-0.18339184678634057,0.06790647790489039,-0.20342349049409306,-0.17104991774357264,0.9937237732110532,0.5773114167744585
1914,0.8335441710231485,0.7504484161081928,0.7639522411828396,0.862635071506425,0.7525053425291839,0.7421867059560563,2.0420063944580122,0.3747592552442293,-0.1985908622280265,-0.256849387028946,0.40038726070132435,-0.22191367861291225,-0.26710042575687276,1.678597339891451,1.7989393480283522
1915,1.8840753835309116,0.8913072261584556,0.9887079970995546,1.8800578524819684,0.8922872248036235,0.9756791246087382,1.2788277820285001,1.9457733616660993,0.42229402688432194,0.45370793345724314,1.950827555522535,0.4065230730116724,0.48643830943663857,0.0725227311719636,2.7323427388808965
1916,2.0975953128660163,1.98506148740543,2.2966045826873933,2.098493765866181,1.9477503108693406,2.289061329585583,0.34311855515859757,2.1419419193447107,2.1534091251247163,2.4496383610450003,2.1593213846313737,2.1380888590573885,2.4529662292822314,-0.6554674518744444,0.29070694690675974
1917,2.1126576078956143,2.1322682736920986,2.176691271083436,2.1069148844375283,2.130532153728844,2.1769866262200894,-0.12256631118867427,1.4422116484724778,1.475523898211582,1.5006756511898398,1.4476683423271943,1.4584659982117332,1.5068380651863371,-0.5328141821436614,-0.5271648484635546
1918,1.6517622856722445,1.2693348658602859,1.8051927696988086,1.6411184828260506,1.2655921677009843,1.8033866736640185,0.09854401856540301,1.889181795039841,1.2789111853444213,1.6174364961875436,1.8864238030518428,1.2858342940106362,1.6294195483953133,-0.5784527939386973,2.179815318838162
1919,1.6186689110175578,0.8051297898458224,0.7923511717820724,1.6151378847260343,0.8097539447246748,0.7875530772357562,0.6294328121020062,1.891992045724794,0.8838945046673768,0.8405010943933799,1.9089135212878618,0.8944017418518124,0.8607387386004631,-0.21938342533770508,2.162831568474914
1920,2.207706535616405,2.0687733303773452,2.0855389345235835,2.198334770287238,2.064186872205633,2.0896393175765335,0.6200110567945296,1.6656465396681193,1.535047462817261,1.6619828930413654,1.6822974188039552,1.5467692391152146,1.6372718367945485,0.09749837369062357,0.7589673572579047
1921,2.512300789683781,2.6782015439669515,2.7973246578864854,2.5076416123369105,2.6830432368348998,2.7944280643400083,0.28007974136025915,1.6139255160225814,1.9859358298425134,1.8879394715222881,1.610628271312121,1.9815028690733656,1.8907467940580893,-0.2740410661583326,0.013041169461822466
1922,0.9791823389747214,1.0389855249851534,1.053050783134678,0.9889936241291309,1.0417922552347942,1.0652015001282598,1.6915547918801688,-0.558233418693792,-0.41410810854454133,-0.4092447306300534,-0.5719014912338499,-0.39364772281569843,-0.41500617953145663,1.817773931579389,-0.8617324177785924
1923,1.8885601950005482,1.8223805167896927,2.072235605888425,1.8691911787726958,1.8245701348790158,2.07197708146613,0.08620242050267082,0.8622556702858397,0.6721805346107578,0.7347737619649838,0.8605572861379858,0.6625677604608383,0.6851388427670725,0.31230543049612675,0.6888493304665843
1924,2.100548023910504,2.1411624578922788,1.953397427275213,2.0941197944437886,2.1506964354689453,1.9483062967340032,0.38222476961777385,2.316786883000377,2.5225007587540533,2.336810261854908,2.31873175750488,2.5014690121159773,2.321259030182599,-1.2230487765593405,-0.8725123980414247
1925,2.519804858741088,2.4721472888296114,2.7638563970441368,2.51639891575397,2.482296816988691,2.760352504693875,0.41330406114157486,0.4563232933703538,0.17697588709315487,0.2643630319520064,0.48759858650152643,0.14690346285543773,0.2534895549971243,0.5553382662324952,0.6365892143119293
1926,2.447379311881407,2.440781655732223,1.839882213713911,2.443243562599158,2.443572859225608,1.8409177328852906,0.01998489002055005,2.229413371305622,2.214199683070275,1.6225581787138574,2.2196806081129163,2.2138989266361304,1.6181142136854822,-0.595763900632307,0.4123293457403606
1927,1.9699366576474504,1.6483968303392111,1.6655808838874988,1.9769662740823215,1.6482867059353143,1.6741325166830425,0.7673621814848787,0.9789440012060072,0.35186292220538395,0.35621437138354606,0.9860502601789347,0.3579908228089981,0.3714664293611702,0.5925875671129774,1.5498512001464684
1928,1.673033697255998,0.9160769859840493,0.9297218505636845,1.6892031235505642,0.9140181244706163,0.9303922988654861,0.5734346733262207,2.2112073448058127,1.3434409962605849,1.4063697905377655,2.217778060826795,1.3320806991512042,1.400279873826247,-0.7060635080108838,2.995099577228221
1929,1.8126276179577934,2.31448794107454,2.2545460264854214,1.8000392289815383,2.3191151801922993,2.2501541486676406,0.8140245654225091,0.28762250204429013,1.0126485301794779,1.1483828564213034,0.27046940835960265,1.022428192165272,1.1696390185395868,1.3813167849167338,0.218970485878299
1930,2.0594682507797555,2.1400687411072057,1.7206212200094813,2.0479429896765766,2.1427322833877898,1.7244380392665157,0.027607041415893496,0.8741893873590332,0.9895988118507588,0.8943197144257675,0.8467501271890153,0.8924100196268369,0.9130172330239565,0.2866644864936326,-1.176607223094413
1931,0.8761799272642802,0.7683278114354014,0.6655417284011828,0.8634936269687049,0.7645603605189597,0.6631830477117461,1.9832029420067148,0.1911535577116886,-0.01811706278667769,-0.015103992300547698,0.19071785285202353,0.002947254646683808,0.007005116027989107,1.5001384189004283,0.5800277162925903
1932,3.0582003653404355,2.030487839047164,2.4891762194142473,3.0656906615705966,2.0249529812292697,2.502293067640787,-0.5727393774505555,2.94180460566613,1.2572935544616939,1.3389457060250964,2.938384220981264,1.2722869462561663,1.3442945842678242,-0.9798283227532215,2.713486701135738
1933,-0.05395684779385971,0.42678196615474234,0.36948490555862407,-0.06637582038657279,0.4499367908152515,0.36533864785747405,2.1685813954468944,-0.10230014136598216,0.8342271984172388,0.784290856128712,-0.10950639783371338,0.8766109083476009,0.7217263234211572,1.4561514401771918,-1.1835184117051951
1934,0.40487252344600644,0.2418074936329971,0.24825870862771707,0.405422249940929,0.2440603009934091,0.22975160809057263,1.9111867246527885,0.3380844237779208,0.12805447255044486,0.1449073836527943,0.3381126033587253,0.10680385061995329,0.13654262312029244,1.0725346239056994,0.8048154009961171
1935,2.5887391858472166,2.102209952477367,2.441373370812162,2.5955757189659128,2.1062376639780123,2.4236954677372573,0.048477812017026806,2.318341533498491,1.6928500244474376,1.9330251450870586,2.3198074008127922,1.7135654840087193,1.912751839754033,-0.5323784618561973,1.8424528434352307
1936,-0.5359609398511782,-0.45284507836733623,-0.4122238180050744,-0.5282121633053637,-0.45616636785739245,-0.4358976885102171,2.492510178081134,-1.20090842542123,-1.2698138830343604,-1.2443097167333603,-1.146105469206011,-1.3933872299230206,-1.394874792779711,2.02148930494187,-0.07815927722937274
1937,2.5714488146011836,0.9633731900120458,0.921927953304191,2.5668454399748044,1.033854899628572,0.9251788382033186,0.37224922859188414,3.0860719458528827,0.49728195104612394,0.50758102447811,3.1714744742998797,0.5402479230700746,0.5311291650327458,-0.873768831473909,3.277854820762444
1938,0.9871459444408338,0.1451127492382246,0.1603072057320329,0.994499807256208,0.14446100797292807,0.14749174237771892,1.6767053529759273,0.7961585832564514,-1.4295640076699607,-1.3590759811744846,0.8032593776100959,-1.4426149916967221,-1.3020583689131557,0.5545007309077037,2.0933138977279317
1939,1.9627954124398417,1.6970797254546224,1.9997993005477726,1.9453308653279273,1.6994388509677605,2.0005859489996514,1.0232224025866483,0.9340256896339565,0.5482932166629475,0.6297380008512039,0.9611804455558118,0.5461894173295375,0.6076700444942201,0.685818816450126,0.6381390241157459
1940,1.5923434065807347,1.3860418832050554,1.8801173738210595,1.6025009806549577,1.3869272576981544,1.8811596412034408,1.1067386090179483,1.8490625419607818,1.5866319673647322,2.0062739778795327,1.846180378457745,1.5577276557880217,1.9934389619954622,-0.13157578196045405,1.2956990363948842
1941,1.266093587960928,1.0210457933122628,0.9210590944576961,1.2593442541383009,1.0213464046156844,0.916338961084821,1.2703952553309281,1.1503614035099667,0.6815601907013213,0.8620568324655823,1.1151983907800012,0.6911728050884469,0.8822184162144834,0.47613596193461616,1.7944365156950197
1942,2.137068529944317,2.0796018902534894,2.0056773386494084,2.1352476946369023,2.0859328956537,2.0049601488214917,1.0992482937097532,1.8833229045738105,1.793325936457085,1.731195872854713,1.873122980955776,1.7974134025178707,1.7365791056350512,-0.050096238718079444,0.9025336786298208
1943,1.4408016431328667,1.407344799802385,1.8823202514189024,1.4425012867302487,1.4060188689010154,1.879463318756429,0.5026626459328568,0.894251548958756,0.7715466703028706,0.8075012673995756,0.9036127399787719,0.786332520204502,0.7940418074144527,0.2593981839886544,0.5148383482692998
1944,1.4700737845186918,1.2376394912482647,1.1254145301842176,1.4819578998371632,1.2323904338653922,1.1167450498234315,0.8211236370153964,0.7245980672126899,0.3835710802774889,0.38143065168555274,0.7787647087377219,0.36551836467124377,0.38521817361107574,0.4846888606659558,0.7675076899437586
1945,4.50013671143461,4.553091195581566,3.3302012433793826,4.495687122718935,4.5574326129321605,3.3344844192470013,-2.360940553428033,4.312684760158598,4.382377537266071,3.247976396303187,4.313157146172214,4.38025568033407,3.2405572681635864,-2.7482315600597893,-1.3115106601290631
1946,1.2946888385739665,1.2731549052792315,1.0288416593754648,1.2910936260779182,1.2483578095057246,1.0297464274461776,1.4721666722623048,1.0380437242397442,0.9508763520340958,0.7752145366065349,1.0367776689015806,0.9577805542190974,0.7750541470160884,1.1006391184111084,-0.1880331366928241
1947,2.9031253861759634,3.006751753547221,2.5515478507365223,2.9037684037324207,3.0125050116679555,2.552111146754258,-0.46510828300677004,0.7406965904704009,0.9188584356979563,0.8729085703330839,0.7352955122246728,0.9404507362409948,0.881008222428114,0.49292856880113406,-2.5776797210051727
1948,1.6445170204715742,1.584308163138767,1.975829420073711,1.6489167258171076,1.5791682006405738,1.9827373426103976,1.5470170076898726,1.280904687598309,1.2075276826214483,1.5276842436947866,1.2489947596479765,1.1849587344862216,1.5367276655381297,0.6311901545712528,0.41452074216964424
1949,2.5112551232954416,2.1532216974113005,2.478283366100198,2.518939476348658,2.151941480354836,2.491029493350389,0.2241325535240309,2.401633100663923,1.9486258022283431,2.1928587003432405,2.389771948578101,1.933979884457394,2.2061160950598335,-0.7683333264421534,1.6182793875463828
1950,0.770092252968565,0.734045572822827,0.7370694038503823,0.7693616078426811,0.7419612143971276,0.7330593502336679,2.4535893059593983,0.5160110807994785,0.4902707463034411,0.5287479389536442,0.5221270345423641,0.5040469327437755,0.5403705069201913,1.0260614663256846,0.08116585042076079
1951,3.7327701116633873,3.7941038180672595,3.6384545579154977,3.730802969864035,3.784525415698034,3.6428351843966547,-0.8477281048185523,2.511896929806667,2.6762379440103046,2.792601957564251,2.5322213390259365,2.6804556425451596,2.786486383064098,-0.9165812309701598,-0.8379772831569036
1952,-0.17765326674435286,-1.1848883420384946,-1.1493128430666417,-0.19772601652979954,-1.1829663246840438,-1.1459532279627964,2.373634286480639,0.5193861040437302,-1.6293943514602343,-1.6216247184938863,0.5486336175688478,-1.634454631964359,-1.5903520022968838,1.0932180994860967,2.1051246894092985
1953,0.36812376430995164,0.057043530988689445,0.058799545592661644,0.3555360587190031,0.06870428895192625,0.04736056227883308,2.31888854457756,0.37748955468428674,-0.09912052643212747,-0.11077910786389815,0.3989771234480737,-0.11924327399776868,-0.11993054004623034,1.2448719849130052,0.9130434407572849
1954,1.6989895846783651,1.7796137890330432,1.742373122990309,1.6871581605526362,1.7766559925964904,1.754282289126037,0.9382250045246019,1.5789253233501885,1.7346731777216835,1.779103868747229,1.5739669920181578,1.7497571153027487,1.784807720792339,0.10270336187832496,-1.282960894325786
1955,1.7822571353943155,1.846935628980979,1.6251556815886234,1.7824842451049627,1.8337942071798696,1.6234505221006006,1.3424603786521714,1.3413198894911975,1.4356219299421953,1.4246602649227618,1.3601961067098425,1.434423034561932,1.4142833134184452,0.6976738877614829,-2.4662826509840627
1956,0.4533052868210432,-0.038365554689829905,-0.041668114001058264,0.44126976071190993,-0.04368741773889435,-0.015595301857274362,1.4276240024659501,0.6564015946083936,-0.6549128666726026,-0.7120934094620864,0.6789823662770588,-0.5872298039161745,-0.7182519763794614,0.6263743092832932,1.3757126177160228
1957,1.6043450681916893,1.7643245529469032,1.9712899224559757,1.599423080541208,1.757597069156847,1.9646974756760422,0.7237523810447651,0.32460171966566137,0.3697614307089945,0.43618882011467003,0.36143743470979495,0.3315012267764442,0.41232248888687717,0.8111915009231997,0.22598286246490173
1958,1.8834678071119928,1.9104301812970383,1.9269001613424805,1.900907536957325,1.9135566130485586,1.9282127738486792,0.9978263598984125,2.079152075278481,2.1701096442063226,2.100253073147731,2.0678650976223723,2.197925775555247,2.1015923252396953,-0.5538874865437928,0.0911708846243404
1959,2.327775254692053,2.3266005409924655,2.5832026306679863,2.3549137195382452,2.335942992125532,2.591741794079291,-0.3877369386816756,2.3759332625718135,2.408314109344976,2.4354080166130285,2.3213291798139366,2.3797198505517634,2.4341370953673,-1.2823765725592928,-0.04852033214812979
1960,2.0467294730565286,2.1403834778991278,2.016238424876937,2.060204427512567,2.1346090370063044,2.0125918010290316,0.4927933137978137,1.4341491492504677,1.5837461558787953,1.4950371227969572,1.4087439980472503,1.5885610063249354,1.4916616283736746,0.045805039684034994,-0.3305761728489485
1961,1.109458862887303,0.14236369494243115,0.14244631789794535,1.1271826215897407,0.13998982996655923,0.1720627699938844,1.8089846233374507,1.1185590689502618,-1.1138978486865163,-1.2490088555379466,1.1460909769576664,-1.1543044593034768,-1.1766343201336078,0.6005485914486569,2.1510756691197614
1962,2.413060788866174,2.3030565098873765,2.382914534982839,2.4068271451149785,2.2899591532770014,2.3720734167759603,0.715650917132787,1.385376771303621,1.03904457464633,1.176687757659478,1.3508953810346327,1.0340787437465675,1.188461953728128,0.6195415627316626,0.7599688624016586
1963,0.9772230350903334,0.9848519953044653,0.9725824762825254,0.9747701327314534,0.9959466074253397,0.9729096671430223,1.5448286397284703,1.138859308052874,1.2205544007288938,1.1849622117088714,1.131450231037971,1.2325560093738177,1.1761829574495792,0.0859462864175766,-0.22252631867008937
1964,2.4856798949960446,2.5277854725318414,2.5086409537502043,2.4817413021830217,2.511493963531082,2.5108273220838577,-0.24180921691931856,1.522395826509375,1.6169868307379165,1.4044888517822498,1.5212803460575748,1.674978508571315,1.41571586681533,-0.4906143609034893,-1.5187434484353042
1965,1.3325724167667887,1.539101565826621,1.5046285105363377,1.3052410561501913,1.5257878790935169,1.5185152008950982,1.1677988773836536,0.582690638839145,0.931676528270236,1.026084037181979,0.5979421445086686,0.9571063244701803,1.0311743818956371,0.663843552601997,-0.07841395718486377
1966,2.3147476258125677,2.31994040016797,2.1941972194792623,2.326019985407715,2.3132683416574986,2.19672482171513,-0.05888029563933226,2.3956295661249296,2.3972351725656615,1.9843934756479231,2.4220804479417697,2.3825736325299274,1.9734550952983683,-0.9373675734057435,0.4125103703525614
1967,0.6919524480610865,0.7410005694490727,0.8046575910328878,0.6931718495002175,0.7416187464770649,0.7871767043937375,2.164293763978361,0.12460032428733966,0.37384196371898626,0.40225803821917433,0.12319286593213923,0.38115159302773266,0.393579511983811,1.1903475717383247,-1.4979423070743094
1968,1.3275360165069616,0.8079441861069745,0.8400717817023814,1.3399258555967923,0.8059095850245441,0.8394393138721057,1.604284333613924,0.9664429697648284,-0.011779478082613107,-0.012610666896543915,0.9783200309386708,-0.0178056333015211,-0.0027409017436176458,0.8147393850942884,1.6886523359871286
1969,1.5163830795302682,0.09682371395731439,0.10272608496560219,1.5230039721173378,0.10443284576659319,0.10654543542392923,0.4589725145535775,1.7747267326921072,-0.5209970026605607,-0.4928863042033187,1.7947676911303616,-0.565489558528323,-0.5301145490608982,-0.46879962046932927,2.6330439479582317
1970,1.9573242754259965,1.2440337887753552,1.5030788843377645,1.9577717088263127,1.2349465988269606,1.4983988239016677,0.5089260163694854,2.239035841844816,0.7186608941185084,0.846631792948804,2.282503942785378,0.6791058384217283,0.8469037112785067,-0.6631719036674691,2.3382029693313022
1971,1.3329565765964655,0.9059654490422112,0.8405732445694061,1.3268665505109953,0.9182997053670552,0.8385693016916294,1.2279265930088115,1.3117690812633087,0.730977328351846,0.7094542901350941,1.3113050393341164,0.720102046189114,0.7423404331284632,0.34215283675499925,1.5032177916278928
1972,1.7465301689710921,1.8948030181675617,1.9400039852572697,1.7409350772395553,1.903106934594357,1.9326804764685144,1.0557569442484032,2.2614634577418484,2.3877961465538187,2.305211089841099,2.243650064034581,2.374486591186753,2.2950331898710608,-0.5529419421254447,0.4367603897328806
1973,1.1444882129229197,1.1277426359549982,1.109845317255964,1.1640471260737344,1.1301837152824414,1.105524656152554,2.050786381688359,1.2525888444027138,1.2468889281619537,1.3252171245052535,1.2283984010987434,1.208170715541793,1.3182478761453147,1.0019725073632901,-0.5099797669319613
1974,3.8671623652765668,3.799179197213849,3.0050325053355467,3.8710015684841372,3.8102242202144767,3.0025913690402337,-1.1926228412289848,3.686610372585393,3.6102681407020842,2.8198940321592088,3.6883298651681584,3.593701572269906,2.812155490767332,-1.9771267212512387,0.872068840726226
1975,1.9822449307520422,0.13724108974567434,0.1459360791307087,1.9878427471488869,0.12312985216487649,0.12859812181043567,0.31727873305766163,3.0635188233626116,0.2812744854190197,0.2786293925033099,3.083151005886683,0.3030604104191865,0.31760283993172905,-1.492382635557102,3.715750061696606
1976,1.8403850677746467,-0.6881365023065068,-0.7927840907196217,1.8512582409606197,-0.6918776430456206,-0.7967750443317884,0.6299943760080938,2.9426037452378084,-1.185870278933446,-1.220291030379817,2.9510059829235544,-1.2143049173361296,-1.187379432504847,-0.81366108511856,3.9057636192087006
1977,3.316885012607075,3.184658540268353,2.6656068013851537,3.3163020883106227,3.1966701050470885,2.6676271144800574,-0.4673699021861994,2.748608619703879,2.589775281125819,2.21187627444709,2.745814153498162,2.5768501745828885,2.2299058733931996,-0.9648863836885849,0.8707394379980876
1978,2.2067066634547308,2.2385854807867687,1.9731306532104131,2.227735151524498,2.2960169192366107,1.9652990051807595,-0.11967001875629295,1.4153191571583175,1.4773377657912288,1.403179737251273,1.3381465681123843,1.4789696759566988,1.4398946296153017,-0.430320167721489,-0.01480979541569965
1979,0.49112805142487465,0.6337926123351705,0.603010186364815,0.49166649674953133,0.6156900858514053,0.6081507526718715,2.050416722142512,0.42402561844825915,0.8329164727806978,0.841975421282209,0.4402594376410034,0.859186450682366,0.8534084577602663,1.1023851230421209,-0.44757429106145363
1980,2.7248999997212575,2.4179648748036633,2.2334654648925882,2.732138624536497,2.4191722012556847,2.2359774389415263,-0.3659021880887953,1.900926105527381,1.463875333250197,1.5038783254187127,1.893474410384494,1.5049450116967267,1.4810575680407914,-0.7696918008739217,1.199759848746891
1981,1.57472076148737,1.2199584815112041,1.4301530520728423,1.5744045547084888,1.2217199949059054,1.4283168483513087,0.3282623586616291,1.901279630923813,1.4300766531031306,1.6391610703594308,1.903435617580835,1.4483351194209106,1.6171131240510124,-0.5704695516451513,1.5986226740467009
1982,4.212269694195937,4.224401241610658,3.5208382919449135,4.211522993506714,4.2360414541627405,3.513245488146957,-1.42985361510733,3.338296936893287,3.3092355877540887,2.69876520781114,3.3489160417489807,3.3197450346831654,2.7055334951478485,-1.5471238106612215,0.9137781399386823
1983,-1.4667547637991973,-1.1863814547800946,-1.0335357177209163,-1.4713547617408211,-1.1911426630181685,-1.0232014442687294,3.4658951055266947,-0.9292493444918072,-0.45031441076833806,-0.4588538721659043,-0.9477340677128663,-0.46727147183445356,-0.444621328185427,2.0706798426917383,-1.5162945568549133
1984,1.7410282781286797,1.8847442124822833,1.5949775681861724,1.72877242344046,1.896756323034298,1.6012942536767514,0.8081905721968671,1.532200693396066,1.7429155574283433,1.5762438845668016,1.5220144820209567,1.7504832973090807,1.5711623257187617,-0.03531488624208097,-0.7669897368775894
1985,1.0209289024316957,1.0910343481462517,1.1125006074678758,1.0308303925162798,1.0847123684866147,1.1237461683913275,1.569325584554274,0.11609259038402212,0.4012001198015431,0.39549147215739094,0.1269487844543862,0.4105422434147108,0.35334916326747945,0.8117283530823627,-1.5537361883816256
1986,0.5515589814522985,-0.23942609593990696,-0.25777907682246975,0.5362110357573846,-0.23624047193299155,-0.2625121925135543,1.9225169929714796,0.6081966728924691,-1.3735716079815492,-1.3880915841704993,0.6166887478482785,-1.3466317403416814,-1.401225120019011,0.9230742161751897,2.2973140250368194
1987,1.032532536890658,0.7673312484126669,0.7484606072684141,1.019769229987378,0.7470679850626855,0.7562283756510833,1.4584144721684815,0.7872557821205063,0.2616873365034739,0.27926472202163233,0.7874548002460283,0.27627480362498397,0.279255547957081,0.726901302137756,1.0470296882400736
1988,1.79750034558754,1.2735932453131549,1.0734891650447769,1.8102194522706636,1.2845400845127102,1.0671830857670839,0.9630439708443738,2.3367611055359143,1.2239831833831307,1.2484512446598928,2.3355537601095864,1.1986845688899936,1.2344637435590955,-0.29308662964343757,2.219003063650691
1989,0.7295662976542573,0.6223949640324812,0.727799106701005,0.7281324289306191,0.6127268947138257,0.7237337496907918,1.8853625836362564,-0.3359004624947552,-0.6760043661920372,-0.7292833085676259,-0.34865495861805046,-0.6730787980603451,-0.725242616229231,1.2532732720112483,0.18573972409264994
1990,4.052398298675786,4.187665359191371,3.5112481063217023,4.0539839979651475,4.188341151309964,3.508732079484008,-1.5104501901103524,3.6166094905573014,3.844286563830863,3.3731528053664572,3.616300792346061,3.857796880191804,3.3785108373410426,-1.7938284667273197,-0.5059584966756048
1991,0.9769785074107517,0.6118318358043948,0.6329119840775653,0.9870216533890275,0.6231559373723944,0.6426877146172475,1.3353193576012996,0.5168002055290524,-0.01740349006830876,-0.016968726567595814,0.5417649414191164,-0.0010917115425543625,-0.028476679970940322,0.9616590425311327,1.1586925215086346
1992,1.7878284214964704,1.7608295587198146,1.5951762848285362,1.7759682826873098,1.7667901701928233,1.5960837482927468,1.0764725176110919,2.274580481882216,2.254336214992781,1.9476165471008322,2.2752780452968198,2.2545262120259384,1.9521116314022635,-0.661773285031269,0.4731790990046376
1993,1.5456475827468923,0.8246841499657137,1.123428424024081,1.5312854304052264,0.8421992127368918,1.1673036559704761,2.425940915996603,1.6457835313234013,0.4839084512532186,0.5739719109776221,1.6606710884378417,0.4522541861110471,0.5188097974611233,0.454289885893014,1.7239823671959627
1994,1.085448513295153,1.2137830049616536,1.0313805109977592,1.0779243500518065,1.213477472906879,1.0215740739434402,0.8924368823077315,1.154577838050092,1.3329569958955665,1.2484608484220598,1.1857773229024802,1.3674578890986842,1.2497445873781776,-0.10585063925652556,-0.3765936631826134
1995,1.4651854615521809,1.4421631569621085,1.467312056248861,1.4789093577127084,1.434217910377866,1.4661141554905999,2.0564461869654993,1.2668712594894347,1.2558673018577333,1.3593636428664184,1.2447007996971209,1.2580278343642282,1.3416636534088033,0.6229889942183795,-0.04385135286838303
1996,3.043245904361475,3.0513442159619912,2.7342922340223037,3.0458679823257095,3.0581952580996554,2.733270876939404,-1.282932210196716,2.929808274247077,2.948581463065675,2.6411591755314228,2.9720258554023893,2.960309616964467,2.6374674725436087,-2.029212504459414,0.3681591076049015
1997,2.3261840881956615,2.2090708352037316,1.891048496248701,2.333904804016962,2.2184808454005602,1.8864626005479075,0.7897036438965618,1.5024387497580023,1.303186795382028,1.2667290775057187,1.483780399860363,1.3291408326874485,1.2574362070567346,0.12017053457097604,1.7472397180445713
1998,3.1628412290176375,2.428859593112215,2.2854972237039126,3.1582372860599173,2.4276938872822904,2.2856169330131326,0.5818988482556705,2.7600428811093645,1.6131038305989505,1.5438027755802677,2.7509451065624364,1.6177951626692144,1.5526370224650776,-0.16896043095084134,3.004447977243456
1999,2.0675787476359058,1.233752095618978,1.2712047110904539,2.0687121316913424,1.2341077104626377,1.281778674699219,0.41666475132420516,2.2251808077914985,-0.02214345711441241,-0.024770963965523033,2.2585324408329317,0.009546798516383112,-0.016962221736522832,-1.0143961426837604,2.711322704217894
