rep,ridge_cw_zero,ridge_cw_mean,ridge_cw_mean_nw,ridge_wcw_zero,ridge_wcw_mean,ridge_wcw_mean_nw,ridge_dm_zero,elastic_net_cw_zero,elastic_net_cw_mean,elastic_net_cw_mean_nw,elastic_net_wcw_zero,elastic_net_wcw_mean,elastic_net_wcw_mean_nw,elastic_net_dm_zero,mean_cw_zero
0,2.1503443309539763,2.0905876906147918,2.096978345596738,2.1343696065964815,2.085658059592241,2.0975181808497276,0.5376733032548885,3.1906951830104755,3.09929237451809,3.092238933752437,3.1825469375009168,3.086721878668676,3.09913000616021,-1.144283227248274,1.1469604627045082
1,3.3166844092399654,3.505880372417908,3.0214869486528393,3.30988624089763,3.4976877792343606,3.013959884390729,-0.49759679696718184,4.014898917691849,4.226758890548517,3.5842111701158337,3.9878840394700514,4.239984924334707,3.600503438004601,-2.1236605873583345,-0.5743697498606274
2,0.25844135245352534,-0.05044155980751662,-0.04497187291378663,0.25568850274255706,-0.0606604977191991,-0.05032953341451485,1.9610220080022942,1.1197592536689467,0.8239153559701149,0.7191492965671508,1.1308158176722474,0.7761964659253988,0.6849115083352221,0.1818927223993293,0.8433481514350919
3,3.739727769070039,2.7751378965382134,3.1402044626302175,3.740894286184761,2.776993261568714,3.157237596737095,-0.07966589909100354,4.110770255135339,3.0633598138652585,3.772148602778626,4.104449558114538,3.057041845309351,3.762435793598903,-1.3890920041348513,2.69209165576646
4,3.1016698198162427,3.14071925018154,3.0063208327774937,3.091271634209208,3.1353753700931253,3.0171416460617193,-0.8003600995880455,3.6430375434781745,3.7380602022319276,3.5030199304044665,3.6502655315745467,3.7373718202087134,3.5105619836457334,-1.9233309880238105,-0.08934866879691325
5,2.8577827219074208,2.9009673353539296,2.797575902180175,2.8539305176867287,2.8932897329621476,2.780202706952285,0.0012681129500961338,2.955724729781044,3.0188402052395857,3.056600803462797,2.95604158582694,3.037279050999672,3.0533923800431295,-1.4937789142798703,0.11004439265312042
6,3.105393164916134,2.8982367696985882,3.3843027636063354,3.107296546182152,2.8952135906732384,3.3808711483950664,-0.225871589055489,3.377899355523227,3.1464786481075926,3.347097706785102,3.375541743008295,3.152910828622203,3.346806892976495,-1.7013374342529282,1.4847633992654925
7,3.1881034493627545,3.267398649477261,3.4351645952187564,3.1910230342610677,3.261971180859703,3.428441773723716,-0.28043854100337884,3.323331938273961,3.4225382395813115,3.4982546428939356,3.313289852653185,3.442374263205692,3.427997259315745,-1.0057669517784258,-0.5056134317923391
8,1.949550313749005,1.876518253293721,1.9314958861772795,1.951125696633536,1.8728510365457374,1.9210638644832476,1.0410569769910085,1.6710490340533743,1.6346088118326219,1.5773861300828502,1.6586799236019047,1.6447896628164753,1.5930238665354768,0.3250640957189402,0.5143184649611654
9,1.371884212574947,0.8948882944125086,0.9188925924460593,1.3859345332254815,0.8622709043840721,0.9064723052931448,1.3385742892465708,2.5212082601891677,1.7942755547509392,1.9285251224184272,2.517375593473433,1.7925587261006208,1.9048395140319596,-0.6890883066027139,1.9401111715546246
10,1.8081621791808322,1.8774325872483584,1.8513197407274573,1.8351924722545983,1.8745430312034357,1.8420284866405094,1.2502201168400107,1.5214165849087384,1.5980704898325055,1.3300254635501876,1.501925526906702,1.6166773553196476,1.3271938259383065,0.2506613590514519,-1.6340872888342486
11,3.451453070717025,3.5271022751807477,3.474102927913326,3.444150360416869,3.511768719583358,3.4730901311156726,-0.809624086746815,3.595578226957735,3.692442949526584,3.558964336465184,3.5913099934909534,3.6962100090011165,3.5681933880187313,-1.7652441192262565,-0.1762852895748633
12,4.05059659278278,3.9823140295533968,3.707788320875901,4.0512174933734935,4.0049327427770125,3.716463964921753,-1.1424271372911272,4.781074955222306,4.726709384576722,4.345694773136286,4.791501970173197,4.74067210154235,4.34845807033594,-2.582232835957337,0.28106845415485804
13,1.223607613936625,1.27713325639,1.1964096217725286,1.2395291764187115,1.3006702498522564,1.212444529356075,1.8357167438260489,0.773672541889056,0.7055894283709409,0.6942547474732466,0.793874787709095,0.7103407524270919,0.7093524617651326,1.0570393204404476,0.40058753090921967
14,3.539833542296201,3.447364699782509,2.918092007547224,3.5389318736598834,3.448375119169961,2.9193807781772154,-0.9257265189601469,3.5866749862934593,3.505051877174189,2.9296610569526003,3.5969935768996075,3.508759583750215,2.9325640266329915,-1.6248746679728117,0.7738361128734507
15,3.4102504719021205,2.7195467906226045,2.4084261663797775,3.399378087658331,2.709430940190599,2.407998172097688,-0.5761231915868028,3.345767989077134,2.483872615688325,2.4268966267623933,3.365240281845711,2.4805363950329005,2.4287066994566215,-1.5752703982235963,1.7811846132360996
16,1.6384612901562368,1.630301837096628,1.54145279326495,1.6426285629317157,1.6327479151555957,1.53694784851172,0.8897117381081396,1.4746705665268796,1.5811291477777227,1.5892383972759099,1.4709532123550786,1.5893636629758967,1.5747013551457176,0.0475957530928102,0.3827691909691626
17,0.5285820027522812,0.5756166971099073,0.5751068191722674,0.5163439788383628,0.5584486254262216,0.5795826171850272,1.4566180817043373,1.34187200032945,1.5659776054267616,1.6231508594890958,1.3304724781267965,1.5741227504165676,1.6116879141817806,-0.38981898380217034,-0.0066510969872795676
18,3.267653843864111,3.382009420625683,2.9400846116593717,3.2715866907085798,3.3801061531358467,2.9372798026024096,0.19775981898801037,3.6303193044476862,3.8237898666219845,3.5905891745993372,3.6217364494327224,3.81872313969419,3.600371329158619,-1.2968528038121478,-0.8266826756092059
19,1.1048079044326116,1.4101360925674113,1.4483899154203292,1.1026681994154472,1.4089483661949138,1.4409827187488566,1.2888707918054978,1.6050368931969266,1.99406255723708,1.983058074006695,1.601730415542855,1.9922571118358792,1.9912137508846237,-0.07492539665650406,-1.0114806805412606
20,2.3487189832817172,1.7545477091197454,1.648184941312034,2.3358562765717474,1.7331382277889134,1.6650045117396268,0.8552737831739594,2.299125841189533,1.5308080450062558,1.4927975589829083,2.2959907599042526,1.5211219125071123,1.543524430262726,0.16690217839436727,1.6788495381149013
21,1.7204738257517158,1.5464897753559388,1.452632316271425,1.7136221623281824,1.5540497831116376,1.452105140591456,1.0767365303735659,2.6475942339659473,2.5331282115608276,2.5859247603085276,2.6467401045436776,2.5353912725866747,2.596973328611767,-0.9285691152423287,0.874674531195659
22,0.917580243681771,1.079558896119525,0.9418787709676563,0.9333109338889968,1.0632557688331197,0.9352556778582652,1.5462636615399663,0.5312714385175749,0.6395806282079374,0.48495655415169925,0.5518885048348662,0.6809090663384626,0.4668665042010534,1.043674245937555,-0.24554847995984921
23,3.3262111355693307,2.884518645455288,2.608739517430009,3.32996527239859,2.8805784896297992,2.612489304132808,-0.2073258003624935,3.523997994942412,3.135344315589589,2.8177948311277854,3.5308880258221556,3.1411635912991875,2.8227846474821687,-0.9768505264958142,1.275287437023786
24,3.686816792419556,2.6789412029157713,2.616560925930713,3.6782507937904887,2.676879287747985,2.6168213867790535,0.031649103424742385,4.424083067731556,3.176770748173881,3.0659244695563275,4.439570530212706,3.177420291206067,3.0712578549450114,-1.5362213620998693,3.4050853588013132
25,1.8972952846144375,1.926396080837956,1.9680358974919359,1.8938594903060744,1.9656649492049787,1.9634378334072595,0.33823972783268064,2.2217855854752155,2.275205089853282,2.128030724921265,2.2225223942409684,2.2792625996546123,2.145007657567897,-1.0353807897433678,-0.5286581185560814
26,3.7282117462522844,3.069748112887076,2.619668716184262,3.7313097878520867,3.075601194130095,2.621212956249274,-1.5173637454145525,4.305274345467923,3.4845187084381517,2.861743649943913,4.302176685142102,3.4678224525022143,2.8436505750595833,-2.6875167763275516,3.836576074153029
27,2.459375300489897,2.4427517317943,2.4894359154801537,2.466104641254136,2.4427026355956767,2.4847158347648253,0.1902958765347779,2.9768194406389092,2.9880022680530285,3.0477836872863966,2.973383766708419,2.9933130178536973,3.055846454725212,-0.9230675086174165,-0.14810745436576547
28,2.5833502853446424,2.6373234724046988,2.844490622730459,2.5838400301722553,2.6376570490165383,2.8504789624719837,0.09824402205671422,2.796976548026011,2.860107121267535,3.2477886507326996,2.793581657167889,2.8606461594796024,3.233099609519668,-0.7645702446142153,-0.499389354111551
29,2.199428305446414,2.372350840295063,2.723863404141998,2.1917276599626976,2.363337447321573,2.7270267271401374,-0.35118531404669406,2.4743041824523586,2.743563438984558,3.262580029907718,2.4805871644242288,2.737054152827539,3.278387266007343,-1.3655153402021554,-2.0656094972911703
30,3.117815086776995,3.1635243090509526,2.7409431882579436,3.1282297521107556,3.1730980921780274,2.7370214233947228,-0.8007110686807231,3.4833241221713642,3.536543823121755,3.080573802613785,3.4804287161724985,3.541688103637146,3.0850648052637273,-1.7835582768420128,-0.9430053098178351
31,3.195405649885279,3.2438224975128396,3.6425668189238043,3.2094584136934716,3.2467369182921066,3.646371469134848,-0.8019603749926961,3.585354000602273,3.6402309008257863,3.9722432986590372,3.5805353938647952,3.63828353742815,3.9761606795589874,-1.831284537761895,-0.40688024429252395
32,3.31263248669646,3.2812413079522886,2.9396140636433246,3.303300755889934,3.2768438322185234,2.9409036139021882,-1.0025470500204146,3.693109570932247,3.652350390407771,3.308842665268652,3.695054663558244,3.6625258538333756,3.3074031506406683,-1.9643299278640165,0.18379106678988494
33,3.5532417438228916,3.4942419599773156,3.1253003758932656,3.5501634509840585,3.48779681383503,3.121691274109526,-0.6396350731952696,3.5108216569455917,3.505276476413605,3.183487521854073,3.4925517623396134,3.519729813685333,3.1817951046069926,-1.4857059323618143,0.8881146159288742
34,1.9409799165756272,2.01959911447655,2.2857256842312954,1.9432516028072073,2.0312657004413692,2.288839330028812,0.016006897734158216,2.1944869763823927,2.2933167247019366,2.3794377888093563,2.179385711783742,2.291741571546746,2.3848719426456015,-0.9117232262289702,-1.1495377787433485
35,2.074045559778763,1.5836905744977074,1.5290324340057306,2.0739202196925186,1.6119363279129002,1.52243775404669,0.5434510147689443,3.193147802409296,2.7094556650268884,2.8159167032906436,3.2018991698678025,2.7296441177727506,2.87950992738642,-1.042284293843643,1.7549946157926644
36,3.057965324323948,0.95345427532175,1.0230730414443334,3.051145150731691,0.9511630449115424,1.0249607746531502,0.2047235685593024,4.542195147781682,2.1846463848925466,2.423767035837471,4.541138552137877,2.1878718836212734,2.4200537606638712,-2.0104328168151153,5.115219898223899
37,2.401526151273304,1.8191203309497697,1.9273375979340333,2.4038095684130396,1.8224257283993255,1.9347327480376728,0.9467857181333188,2.801715052249693,2.2321514102385973,2.3015051393539503,2.7992055842919843,2.249967682730996,2.287433973611955,-0.47053147995373185,1.9502708168434502
38,0.6726402241420332,0.3943250103597884,0.32661249353490635,0.674339155284022,0.4156613756640833,0.2935290160085125,2.1191087820092243,1.3491572886250287,1.229306927858108,0.9687091746557783,1.3788393734735545,1.2024491380337317,0.9332136157431948,0.6794251118916756,0.7226566699442716
39,2.8289645496381604,2.6889818524681606,2.9903947230026557,2.8178978354069653,2.702055669387433,2.9802919947926867,-0.33841880096853605,2.514205872743764,2.375409857560292,2.597181243664015,2.512832305585697,2.3993432990941232,2.5897938104635414,-1.0018841696533944,1.6320701256922945
40,3.840797127001495,3.0410266814759837,3.124825856798925,3.8475379736114217,3.026404060315688,3.12917818718785,-0.8768639633928575,3.7262680152439236,2.8626456437125274,2.9823162948987765,3.7267373600456453,2.8632469420520934,2.9885121834157626,-1.4217597779066065,2.800522572585805
41,0.764126204733582,0.9962710776381956,0.8594428289706539,0.7776290827966624,1.0088213036806724,0.8663239730756451,1.8229892690869798,1.6462502069290788,2.009453567900439,1.835151568093222,1.6219939115820077,2.0047692806676527,1.8346433542071172,0.2740205385368531,-1.9793861267190127
42,2.3465415599064943,2.433278391652335,2.871125102656056,2.3568248375887726,2.415296737096835,2.871657796510383,0.8719328773397892,3.73650941730641,3.8295905275891133,3.7692258480340946,3.731422723298348,3.8440569631966213,3.769744561198099,-1.4642549320061322,-0.054239964916149255
43,3.0549044949960455,3.123250478787072,3.2417871766394306,3.053752543468138,3.125240705529343,3.243430213599306,0.2887025955470834,3.3142196912954986,3.4323979070276645,3.6000396478974475,3.3062589144510404,3.4231286432916757,3.6032941234383213,-0.6702177617578413,-1.0795782721738392
44,3.6000220805549907,3.132220632296659,2.6921571381666562,3.60749049598393,3.1383743256129963,2.6908105818653905,-1.1012009534750447,3.990041253225352,3.5790895332645087,3.158957493812206,4.016829152397488,3.5728827879710643,3.1803413697430796,-2.077234568262096,2.8375880542232945
45,2.9966918802375866,2.600472077334854,2.359771376007876,2.9704369309722494,2.600730073891858,2.3827304087617827,0.5108303632378567,3.795092911913053,3.5688771703283857,3.3094418071329317,3.778202377979154,3.5707584062725535,3.288619746153179,-1.0045819714913995,1.614769801390255
46,2.290061703791181,1.7783648533078495,1.64779724066992,2.2789061561427735,1.7814928755332842,1.6440497356810182,0.05990904902972472,3.50773092987194,2.9579133081357942,2.746263943685226,3.5152372944258405,2.9475710387303407,2.75156987836335,-1.6121862673192928,1.3940993282896657
47,5.268143102448696,4.382704315876281,4.1020105569397955,5.262792751976587,4.367323740512071,4.0869515672782075,-2.200128918350547,5.137879214137592,4.249340386620396,4.0492409083024965,5.142306719697808,4.237934049984713,4.0627227403793365,-2.5287037875356595,2.9942673363371126
48,2.5092394603032138,1.4369908386571422,1.36435430673286,2.5126548318737387,1.442254246683349,1.370085735549291,1.095562417490156,3.6657899070873063,2.321312592876733,2.082661699640785,3.661295438997571,2.3197079082278957,2.0800796660079293,-0.6501547859241591,2.81699439388729
49,1.2979763782991145,1.4227134838184683,1.608859119321723,1.2965933841000865,1.4173790258595287,1.6068719094390647,1.3436392474818688,1.7289240139748143,1.883531743682679,2.1043230047672457,1.7113082107448219,1.8950985128045663,2.1120494941829806,0.13653498580494175,-1.9661541184988423
50,2.3149775750170853,2.2427077642003947,2.339459159571813,2.3140903204771006,2.241801536131921,2.3352264947258714,0.5480658892934824,2.645684133990201,2.5276633602649996,2.6977317833125967,2.6444520940435576,2.5302532111957494,2.7052017144211273,-0.6436625835118706,0.40630672508186344
51,2.9582138564512235,2.9013192909628414,3.257823614527098,2.9611581412608396,2.898502632168207,3.268558241585916,0.45256986944346644,3.1499304072735708,3.1782231209827305,3.675956325682365,3.134360688803193,3.1755051272622086,3.6732553589827486,-0.6461634468814185,0.4462566936509158
52,3.496380431257523,2.316948384726762,2.370820572164867,3.489794447934358,2.304076381220178,2.373210641770866,-0.7110821434248457,4.238226203141473,3.045317922054539,3.0122092442676176,4.242538402943314,3.02049744635586,3.013572707893196,-1.9724856121328547,3.323753807224562
53,3.6276305521128287,3.7105664985570375,3.8205890021975657,3.6161571856148997,3.7002093046599547,3.818560201342049,-0.9420293385489753,3.625476830234632,3.731053716131058,3.7832594240945947,3.617947685076172,3.7295180567287614,3.7880388173810076,-2.030881836871364,-1.8047331739486647
54,1.418082615745911,1.5122488441223008,1.4611522257142726,1.4173031814613262,1.513054751029375,1.444966257680739,0.994184807081262,1.723267498388507,1.880242027433409,1.8533941192456325,1.7344606441562782,1.8869762491679016,1.858530147185899,-0.2112179361928651,-0.7680811848994827
55,3.508098671853636,3.5910766182610736,3.477920842687362,3.5135183758938267,3.5844468605756887,3.4610227103647677,-0.32947005033883314,3.74219061951432,3.851503156822177,3.809788206393217,3.760172619331289,3.863167987203084,3.812718891427809,-0.9356028576971442,-1.1192344310943583
56,2.5026947161944655,2.5895955682764162,2.528467548296711,2.5075460750378835,2.5917103604090994,2.5179145869514774,-0.18179379048942348,2.733373903361163,2.847402398314138,2.6833685741061353,2.722374457738418,2.832463824094021,2.6680421905144827,-1.1645155231816673,0.38410084438434955
57,3.5112945815000924,3.446253050587963,4.237681858266892,3.5090669347748045,3.443238736101259,4.230804692542658,-1.3795412945767396,3.6130862914274533,3.5434142798188994,4.018756841476225,3.60701016785711,3.5392157890190323,4.020473298914809,-2.002726627190092,1.0559645878282335
58,2.7908762192557917,2.1030121087841622,1.983420148543986,2.7957829068528772,2.0782116837266473,1.987783056195416,-0.4882109032894769,2.49666548393354,1.5063659482968905,1.4521159683395815,2.5008048191536827,1.5220545336763993,1.4337875031271674,-1.0243040375782688,2.220122649794854
59,2.003467170709886,2.150740498901607,2.1711400559388054,2.0154879272937176,2.143676226287335,2.152951425414289,0.8042384569457255,3.0307305140045515,3.2789937537631273,3.1222795993910464,3.0424676538303044,3.2645467676585187,3.128668332102798,-1.1932697607383864,-2.027225935682545
60,2.9603985743701844,3.155286074112825,3.2660958751495968,2.944977561149215,3.1489835111997455,3.2699554960551205,0.014003629082918417,3.5445333894844757,3.864611851388116,3.8305924522053356,3.5516349688929862,3.8880816405944185,3.827895611341069,-1.4995478059161331,-0.3251036104565328
61,3.6686942706778227,3.7902240408383543,3.9252763092081757,3.6672681877386637,3.7814792738014353,3.9304113927616084,-0.8342319982266324,3.4663405384671804,3.655794830620456,4.0886336464860324,3.4607445939936428,3.6631666416295716,4.087634929171629,-1.6669630463608545,-2.9060092450757655
62,4.559968606106896,3.799014484426982,4.131941333981167,4.563203142767268,3.799880258385866,4.132856422497013,-1.4711254968080003,4.920921615607757,3.946724865485813,4.806464964385873,4.924021734084028,3.95252950627267,4.793526662965803,-2.4215696809416825,3.1952013022481
63,3.6893888098106085,3.0370653702866317,2.7605114728751805,3.687614657443865,3.028926782890374,2.7631992561640915,-1.0420679944739508,4.174017800674064,3.285645205129865,3.074858526859535,4.160445357303182,3.2910975019947815,3.086896834770035,-1.9747243681819955,2.1504561970817364
64,2.904868795041718,1.63734805441905,1.8543796233879026,2.9022758605373595,1.6423229351975577,1.834638609440147,0.13474509101562282,3.5274342777310737,2.1774117807502966,2.628486251231693,3.5389087753471737,2.194061826717767,2.65633805696193,-0.900474400964795,3.0427358701540017
65,1.6613318254953844,1.8628866437869933,1.9710681378250812,1.6666162377501177,1.8675429048433092,1.9663158461724755,0.8116171153391183,1.69113040531932,1.8135320541068451,2.0991615059203967,1.698899227790408,1.8242230027836595,2.0922483872033095,0.3020820870818283,-0.01287589576481212
66,3.1730365681296258,3.1760431097185333,3.1235614080890914,3.1563613155182217,3.183652017697841,3.1256521251196303,-0.23480880363490284,3.3607352795366645,3.3306881179942947,3.3097378707017797,3.356584137224697,3.326922353319085,3.3064136003875957,-1.3034282986971062,0.029282632901969557
67,3.2660549749638674,3.34491751107865,3.9074878627318927,3.267692284631787,3.350320759186818,3.918130002617468,-0.7140941812305913,3.2058255419463264,3.3004232814634333,3.731960274528225,3.212623282174494,3.2954096233812002,3.7238679035433333,-1.3461793149214891,-0.34757350873757636
68,3.136016416054612,2.5649113574300295,2.613474434415532,3.141321798798999,2.5612263678030414,2.611204825757265,-0.35353627767762447,3.58011278149266,2.9870843584854843,2.9530630905692044,3.5860502252516913,2.990817807664186,2.946198141974178,-1.6601917679008829,2.330334077100496
69,3.2370522537455986,3.3143035819337707,3.151186324815241,3.2476473720755092,3.3166627949904828,3.1589764340217896,0.0057482892595465025,3.123568807765294,3.1968071796482898,2.9317893008809808,3.1406113701915155,3.190483752352378,2.9358671250849433,-0.6260961254856421,-0.683606151013288
70,3.8893011381563927,2.937579705654073,2.873572733361945,3.9028574873853037,2.938707216601094,2.880028026783564,-0.6204993920046139,4.345506093338135,3.188054283735368,3.0455665221759123,4.332568508344613,3.1807598659850354,3.052825935546055,-2.2339939572313106,2.8818585098244887
71,2.9796607214985165,2.878630567377377,2.7501058580656954,2.9905066428391773,2.8802172653705824,2.743457713046784,-0.04113198074462569,4.052681741207124,3.950617857046181,3.60942131261368,4.051499282405463,3.9491001517141853,3.6229470317696677,-1.7251675922017506,0.7295317227300386
72,4.769263235616259,4.692372228501999,4.044032648715572,4.770809563766924,4.690636499990316,4.045019015103857,-0.6104035901409792,5.483333721750551,5.623571211317678,4.703740281280454,5.483588712913735,5.619756409923004,4.699354203429606,-2.2945163056439295,1.0257710535169342
73,3.537424266572157,3.316833391374084,3.824091474157932,3.532446255593116,3.3014676893418446,3.8164185163714053,-0.5971982253047354,3.674570967105377,3.4737568319399648,3.7354183826551117,3.6783921835013786,3.469076682633437,3.7473602488613125,-1.5765443772465315,1.0972852707056655
74,2.207874161083312,2.0878664008986423,1.99306585508489,2.2136338568193366,2.0884823110541557,2.013225398541059,1.0561494196480934,3.028008080342563,2.8672300882877075,2.7509582827841363,3.0443791926432655,2.889116723061099,2.7126288345342036,-0.4934438947085137,0.7663459430141789
75,0.04116447949390423,-0.4346918390119401,-0.41436520963614637,0.0394101661418712,-0.41142320605556665,-0.39069141759342635,2.6989834787901703,0.8303402703139268,0.4071627007392697,0.4216024293332813,0.8372897838117372,0.4235990155977775,0.4322152232599802,1.3135903882103037,1.174853061832555
76,3.5367496382466923,3.189391489770187,2.822316934660062,3.5448416121769903,3.190968256054774,2.824254524840945,0.24877950971126062,3.713691947402149,3.3372369004172673,3.1253799385697807,3.7160394636615335,3.337990126123797,3.120768583790955,-1.0708699057953417,1.588506035778443
77,1.3476520404166772,1.1319518880021362,1.1626991986085455,1.332111179327226,1.1245283842778837,1.1676357545476321,1.6697921542041672,2.143076464869847,1.96865360032715,2.287057842920646,2.1318100540236693,1.968830482764714,2.285908902985688,-0.4429813676949563,0.6794281926311909
78,1.567534544959767,1.6951276258859846,1.631920913735085,1.571628158326737,1.6948220181805955,1.6374480718413815,0.9105820178850946,1.5408924604220682,1.6830568799651393,1.6581680603720648,1.5438362017544132,1.6692645532178367,1.6542810222821838,0.3504359207426403,-1.3087559294578177
79,3.9888199341405253,3.2737384664085973,2.958504072611029,3.983703732641199,3.2759233086646233,2.970991196247804,-0.24983868690268882,4.592847396195062,3.811987414388912,3.3818641854800275,4.580188239422205,3.8257716076230754,3.381896094289378,-1.1729478723934554,2.6527192161272857
80,3.756409478472178,3.172740184384634,3.3833764760721188,3.741228370274869,3.1784263988290826,3.397039285975697,0.08219154662294342,3.823822832630924,3.2087213385766904,3.5216935692173705,3.8177143625408037,3.1977710421822603,3.5111411047566943,-0.4486668866162776,2.4307553762031455
81,4.437884057584355,4.477638691296848,4.2705885404508255,4.429655463580896,4.469922912825723,4.273073176435312,-1.4072569887708626,4.2669965997511525,4.318572409652355,4.065097405352867,4.268150907221145,4.332391145699541,4.069892920347305,-1.8912883157471765,1.1445960511313802
82,2.7205576513270873,2.601917703789214,2.589143948670158,2.7256330185133297,2.595446714511677,2.5768358827130786,0.04575866404141421,2.96295446785223,2.8371167884222066,2.653944917483797,2.9554852115521664,2.8040557990622754,2.6379401536750398,-0.6794441373051363,0.7588467966382166
83,4.805957575662901,4.611930129343824,4.366911992535042,4.787469245044599,4.613594290844982,4.358747282474255,-1.2311259843421936,4.640835865265768,4.435959635465492,4.047679258717795,4.618846753063411,4.429920330984926,4.033644283064447,-2.3263321421580327,0.9986253762463864
84,2.3246741890522102,2.115333753697791,2.09330910607446,2.298060161265062,2.093672039184226,2.084347037519669,-0.11360402049041475,2.3468888151083975,2.089331106433624,2.0272908241160543,2.322952929585604,2.062339686726137,2.0335750504280754,-0.7876897499562571,1.3933299059401227
85,1.6513363153919431,1.7554928319535485,1.5623161613716996,1.6348345212078477,1.745612218313717,1.565540828266142,0.1969578259711108,1.7377649894592986,1.9282311695846661,1.8430516642940624,1.7348819668501894,1.9397796395464686,1.8470196878410847,-0.48677216709548893,0.05753448158751529
86,3.0105313456647447,2.9859716791193445,2.9091454941502577,3.0080561683104086,2.9762809185130417,2.8952241729945882,0.03515439544476984,3.1899721929867844,3.2351952259920616,3.2371937764672563,3.184019413438688,3.2508301938273276,3.2531113710826083,-1.0294890579128522,0.2974722672980671
87,1.7813302913254563,1.1852717634646714,1.0555545879884867,1.7866341219758688,1.1739880570552306,1.0555555542692459,1.2714251182579457,2.3039575560639562,1.4963447158702299,1.5847876054096455,2.30488082889256,1.489574451531844,1.5610354880778818,-0.4618318926326005,2.3903487739760365
88,2.448373433258452,2.5379960780723563,3.011359694975787,2.443755793336075,2.5507033770551852,3.0331833659930916,-0.15944753700932843,3.163093974135293,3.2857570822950697,3.696107545636039,3.162730016538787,3.294229771281832,3.6849379015507044,-1.4886701993254092,-1.4847601621886444
89,3.386947826469924,3.453096111663263,3.257799446644196,3.394172338393912,3.46079764816684,3.2699045747926694,-0.8429423428966735,3.157680678945943,3.206424433471554,3.1988595759385623,3.148335280261524,3.2043535527508418,3.194342004914068,-1.4959825684675603,-0.041536568964104355
90,1.7111263797342682,1.5891137422580472,1.730787844329519,1.700758611557604,1.5794839054776721,1.7162040583519815,1.071188903633438,2.491821340091485,2.590998226127015,2.7456119753623764,2.5004769779175944,2.614450244040737,2.742883998584607,-0.7114796576166527,0.2971427996289477
91,1.5622476644572756,1.4301786224797113,1.5649801149455569,1.5710740913759065,1.4237855583544234,1.5674570287116163,0.8846633243012648,1.8579142018516146,1.6994932619454035,1.869379274650038,1.8617062569673999,1.6688471690218558,1.8440682228692462,-0.2656359779093304,1.1146327638868856
92,2.4507193638045988,2.580189367110529,2.6137350466707425,2.4621696779452957,2.58403384169022,2.6056348278780916,0.9668618605088565,2.1640887766824135,2.3070891166865124,2.4193407274962873,2.1640397294465092,2.2959193863882454,2.40929270644455,0.4423389829849888,0.6943422555923496
93,3.3704106514776386,3.308284760605266,3.3525986715271063,3.3760007948567097,3.3177045120569386,3.356107207211797,-0.3616624804461357,3.935704182415139,3.8700826359203266,3.9115640880418727,3.9329690046459906,3.873183521483154,3.924797537653553,-1.3136666234050098,1.3537259429740696
94,2.4845924232215824,2.2999646052467044,2.2252340505878685,2.48256846719919,2.294068994384875,2.2222446096459088,0.4744587704710634,2.645649537219511,2.267202032750628,2.2875681793662457,2.637941932142426,2.278126079329343,2.2776250429937863,-0.1674469415876044,0.9429346141485311
95,3.5221612264649145,3.3904641463198995,3.554149084067187,3.53087253813094,3.377875293197753,3.5509448724095938,-0.8590888747510681,3.3925129836965042,3.214637199705938,2.8832536866412806,3.3850726372764117,3.234553744300192,2.8863375004558938,-1.7517564457648902,0.7779539732079062
96,1.4612590514939292,1.1626891114642248,1.2744224628190775,1.472359750189474,1.1672329443340816,1.2912032474306616,0.563188210969711,1.9808336116528247,1.6432553047644844,1.9637316676606036,1.9548506944285948,1.6532450727657042,1.953993327407323,-0.5177522769962191,1.0795971302483571
97,5.016399360548882,4.526707027468638,4.621074152690017,5.018913574372051,4.525621294258242,4.612116836453529,-1.7542224927294814,5.524850009011637,5.006076769262298,5.030631174448663,5.545791794543488,5.004442497121023,5.016785061430604,-3.073007066910424,3.1256634591396932
98,3.110272234429434,3.282431629851662,2.8824320865936977,3.1224269063388874,3.2822985788493906,2.88873602543531,-0.7696039556769789,3.1187987222471936,3.3366471820250356,3.1964329412561305,3.1275980527833958,3.3361637261198283,3.196355743015528,-1.7367649769205704,-0.9908086717425926
99,3.301446176756985,2.890535282076926,3.4655671465487736,3.2900311661258868,2.891119875514427,3.4713892932925696,-0.6407849517567294,3.5327967339419093,3.084592096300633,3.5540594938005245,3.5426728201680606,3.0873862833237866,3.538625038376829,-1.368709903064392,2.446654262006926
100,3.432485803081615,3.3416037618097914,3.836780279071832,3.437409060636736,3.333101354546194,3.838896710166733,-1.0469694392562778,4.304566166024676,4.2250072268768495,4.932051119736782,4.317978298114118,4.217798173283631,4.937112730229961,-2.4197085762726216,0.4282425719577523
101,3.315669202788844,3.192066694514115,2.6825848962320493,3.3135601158402386,3.2005560317596573,2.6838781316391414,-1.0204583674823835,3.4216764199996277,3.264309284365282,2.7985547737043395,3.4207250787794066,3.2606809149749,2.7896087070956836,-1.6049727191737688,2.1234419385400733
102,2.9393711106954723,2.7103418306377636,2.1760376500680545,2.9360247177373924,2.7099085070563396,2.179422729405465,-0.5511130760212641,3.2963484530659772,3.005322562403557,2.66642430396601,3.3065244354184498,2.9888189482095173,2.668778990859226,-1.380786027812772,2.124384253340595
103,3.6998532359158918,3.7003575671181004,3.8387567125227022,3.7107391092439115,3.688594383548602,3.831696082901863,-0.9224949026090302,4.239234953821288,4.23897562012017,4.641209174300222,4.231704459295007,4.240077009363007,4.632654610740071,-1.9569022286387485,0.6303616047862256
104,3.390396896950086,3.1683107493749443,2.8748120513471105,3.390607988578875,3.1752362842721213,2.8748659316729723,-0.12507040335928898,4.3380290905128245,4.076225716952666,3.3769332962934344,4.352741532710048,4.076837167993069,3.3745268942968565,-2.5477800720121335,2.0828912479604345
105,3.193449484905292,3.0839740421031676,2.7429664107492537,3.1919426768470833,3.07194339162045,2.744124673815597,0.22148654153029568,3.5509779078348354,3.56769873209187,3.214545525597711,3.5588970541285154,3.5684490289293773,3.216594692739726,-0.9916581503382205,1.366071990031912
106,1.1643563361626939,0.9644192612186978,1.0524139944308406,1.1520586409481388,0.9639607704791562,1.065321941996631,1.4005574172888502,1.915033003999649,1.7099262675762648,1.7488274053411363,1.8838471479856995,1.730289574496609,1.7406716913463771,-0.3666398273157324,0.8749889480480556
107,3.5842378155035806,3.3922010940828335,3.074511067985613,3.579916363838676,3.396152128967524,3.075585386935835,-1.221401206948747,3.858824485739748,3.632357739855742,3.2769216099162604,3.866077836884873,3.6398736297396748,3.289718751918881,-1.9704993621791984,1.1289686549405304
108,1.5433850331143217,1.4771513878616913,1.2168770034251961,1.568518604757125,1.4696509264839501,1.2219727789349506,0.9288213863269373,1.6023234819548955,1.6126223975056224,1.303659309860103,1.6202577039880992,1.646040626282539,1.2833267753589022,0.015461948720793893,0.8364740212038853
109,2.040461103931908,2.338720774434635,2.129102824399692,2.0475393733291116,2.3407750160216088,2.1205854513847435,0.4716419801291018,2.8524750761340325,3.229309354419188,2.870405573921069,2.8567454848445113,3.218850191885835,2.8717109874726607,-0.761550202987927,-0.03422126583459677
110,2.144031613505504,2.42173626560279,2.054754953247496,2.1719445942222353,2.38207748863217,2.0600238596247067,0.839037285407826,0.9951156092919325,1.467379400597922,1.2544576613146163,1.1247400560523195,1.4716130543093937,1.30085201391067,0.10448114986703859,-0.9986149908292004
111,2.9797528880492807,2.9602601655347307,3.3353737159860457,2.9808583698633915,2.962384458395389,3.330597476166164,0.3996337955598205,2.8961707879163425,2.8992495988761777,3.007949360091608,2.893800342272735,2.911520509267296,3.0250915812869112,-0.915492723200039,0.7531209270583901
112,3.1349927051554514,2.9291751157593207,2.3430103460614,3.130412328608091,2.9346982214908994,2.337382322602775,-0.45473638010116635,3.913588913108583,3.736535436180202,2.727719634339669,3.909107861223074,3.7436951195407064,2.737059336929854,-2.098652556376597,1.5761993960059097
113,3.6355420405297565,3.250460679433876,3.0997658132778287,3.6361173631044506,3.2510260487845803,3.110246656157562,-0.5773678609141537,4.140938549383459,3.7433143637065323,3.5376348254949663,4.124660876256801,3.730813535847606,3.5306805753126307,-1.8205649336614569,2.100850209703833
114,4.393035333208877,4.068676332251194,3.7501554721505808,4.392972466711894,4.067825408291202,3.748685288800895,-1.2359656813645485,4.826636526690232,4.475331997822737,4.281240799367777,4.826024654592914,4.474542000108767,4.2920112546953835,-2.378135993202206,1.7025029894037051
115,4.268833477040464,4.256979533849368,4.011401232096763,4.269171865754471,4.261058686171607,4.008824090765549,-1.0508704590600102,4.466586262997937,4.462405181170079,4.202934521483821,4.462086609561771,4.458852732151427,4.205801299247897,-2.113179633609186,0.9616461115267274
116,4.808289635476612,3.5964673688662865,3.0672425661916995,4.811368779310375,3.590948585017515,3.0552260507679176,-1.1894398095771177,5.46603160652287,4.157402713367257,3.4746462643127667,5.4646011454349654,4.155361797123053,3.4758057536163625,-2.500956982951364,4.4877549530864576
117,3.231212587097166,3.2100052444114593,3.0869788687419515,3.2291684386809436,3.222165356145799,3.088357499128886,-0.2939627589324781,3.7429452473007423,3.7191349590260057,3.5801914204756318,3.7481251756345975,3.7099844859291697,3.575751082800247,-1.364393173241474,0.5349042724089828
118,-0.9890114824308709,-1.033782767419678,-0.6904101958419524,-0.9707308515416078,-1.0463053695780584,-0.7110407215285589,3.739590434796797,-0.731631678458104,-0.6109976828086593,-0.4210748119534143,-0.7414893404374223,-0.6050367189348319,-0.4271948478840092,2.497288396191165,-1.4777533996344394
119,3.605941457065109,3.432858336245721,3.31196159914265,3.5973947315489796,3.4368477324637805,3.315255240265874,-0.25818651797263686,3.9494051296520065,3.8023324015645366,3.7163258330632343,3.9465767024300193,3.8040812298284994,3.718427370615905,-1.176830458609235,0.894898230796569
120,2.551359005845563,2.5624905750143814,3.445124143121833,2.5507733203531897,2.563446766678949,3.4437376679179055,0.17895414146026764,2.672570609702473,2.6939454737612,3.599272946502054,2.671595221434973,2.697664154326607,3.600130033800899,-0.6059066317941886,0.9164164603575351
121,0.43907326751770925,0.4184112131855976,0.4415383691538692,0.4633950079403743,0.3821659751945057,0.43592782555690357,2.5496548909077976,0.5332687576864672,0.6228673938417513,0.7143741346961228,0.5245896544100758,0.6025830375027746,0.7695450587992057,1.1068712516191637,-0.842390137290545
122,2.59682080445964,2.4904550868408992,2.275856023863513,2.5929413833469632,2.4880351435320205,2.2671767636155336,0.2845771868614179,1.7734371741943182,1.5924793496006753,1.4552557047911179,1.7693329325441511,1.5877585546336772,1.4478934091528028,0.20982019996242274,0.9383570144612238
123,2.7933360947079438,2.259897660617163,2.144048149383163,2.79152927072125,2.258906514548696,2.141038421853294,-0.3496790911614108,3.0400957415626904,2.3565679566147653,2.3539784320141632,3.0462852717567515,2.3694280114506756,2.352766169992979,-1.1787030569960109,2.517553286392577
124,3.4095899553179025,2.8171429826854335,2.3852859925578205,3.402242931100257,2.8257928076023595,2.3805719109824883,-0.46488485477273744,4.302782576753743,3.8994481719083627,3.249485065333255,4.307592707166368,3.895349100931058,3.259006305930914,-2.053555756306939,2.219563610283377
125,1.050411740990414,0.38229549580254873,0.42003559097840615,1.057023111487345,0.35485377332486534,0.40349940412316815,1.4632739584510936,2.1996352063812687,1.10034784663897,1.0845251672423784,2.214277905812858,1.0805838457117622,1.1228641403003545,-0.5481586593568396,1.9317112180831406
126,2.828179296727701,2.8808735463516935,2.9395874329621656,2.8394738379248863,2.8892415694672877,2.9278141639032587,-0.05822541929605241,2.7105839083443013,2.81951405706073,2.7526188870366886,2.7201802093073812,2.8185534390664855,2.7348519222319534,-0.6325299803972193,-0.455196687090077
127,4.6164713433322175,4.1503434882175405,4.148082431426915,4.6093879829104925,4.1467072677166685,4.148823983836798,-1.5856180659316539,4.966407353336462,4.450486612481604,4.5636558925990665,4.96589412280819,4.445944653937836,4.557142401252853,-2.748830437773608,2.3726701297866093
128,2.8942068219922428,1.1486577164825207,1.0527574463257736,2.88008081048735,1.1354329493825213,1.051810103282759,-0.17525437352147663,3.7759964585792862,1.844726323080848,1.8236960866842924,3.8163945755223985,1.8417276618094456,1.8455019285498533,-1.551875705965326,3.781932799741134
129,-0.364370002771855,-0.3669563211632328,-0.3194667387500086,-0.3795799896073631,-0.36081626599625954,-0.3265221384297847,3.320835178726635,0.9935457546859515,1.2178009744798508,1.0602608091599899,0.973486659712394,1.23827869045971,1.002546604699955,0.7293977011117754,-0.93855859400313
130,2.670349214383392,2.0248106251331626,1.9026078920959837,2.6719887007983196,2.0230582697863158,1.90542116271708,0.35178577412597317,2.4584303657023066,1.5772289833705813,1.6093220659830765,2.4527933721340998,1.5772932483637012,1.6167912191286145,-0.31294370791637216,2.511248609409092
131,4.778496274007748,4.726742376846584,4.45014428326441,4.769876834371729,4.728185483464721,4.444570230956123,-1.5319512896952523,5.080201610028815,5.048253048053425,4.614387365549886,5.079373900390242,5.0454052498465,4.614541870186868,-2.4136810495733303,0.06624969410487083
132,1.503866565415233,1.53948672157362,1.3668144601557468,1.5035368832101368,1.5476433875251785,1.3679532436046553,1.950771959906977,3.4362519423184117,3.687963288279008,3.645293648078287,3.4306507516039875,3.6849779081556555,3.6318275333954646,-1.1378963028470297,-0.7581482372539168
133,5.735198653260025,3.656575942403164,3.4967880988692133,5.743054279824392,3.665398112434871,3.500731357953967,-1.9798531336118483,6.207679718046102,3.9162421585565883,3.90443888303618,6.215047479572123,3.9149949310585868,3.900941578988841,-2.8998841694486446,5.830077711940136
134,3.267167293762778,2.138594041437074,2.399696629557307,3.2692326443649677,2.1578764375362964,2.4091230167306716,0.5075592251323484,4.507292233418015,3.2656873246612874,3.4704111170983625,4.506378220785149,3.2835704028385755,3.4684856184956914,-1.7202982326025018,3.2434628776029704
135,2.170961844167928,1.8906740319641444,2.122751982137165,2.1659801360107522,1.8764762720030355,2.123502697343487,0.36903037366615765,3.0148982223871235,2.629003589972481,2.6858084417073727,3.0131514323961026,2.6371282373080254,2.6684526467481655,-1.0341777470920852,1.3806315190294456
136,2.7241958315360266,2.7386744896201467,2.612190913085195,2.7303383090638675,2.7496098094122585,2.6162646238800176,-0.2569077152297035,2.522858447768916,2.5496098963678193,2.557047489130324,2.52927949905197,2.543741759118449,2.5527754545302055,-0.9548648186556337,-1.099049508740668
137,4.654181135936443,3.967260619160504,4.109797106594513,4.6484889599258725,3.957436535259895,4.112415524539888,-0.2825774722303948,4.939808897001723,4.172028810830889,4.340186427777711,4.933810641809473,4.174933601191611,4.340072346325339,-1.3433618484683076,2.383292655358648
138,3.577401244952407,3.224260519016579,2.8885430316354603,3.5696058046442976,3.22338848999146,2.890353671434281,-1.2255946956491817,3.8879316424110075,3.469084965192448,3.1744968706001475,3.883485066229547,3.4715451425918276,3.1934642797587585,-2.0219907250141684,2.389300797537714
139,3.4433601597457857,3.32230958929657,2.9795531889316234,3.445534489567221,3.331967617548233,2.9749847862679255,-1.4749894651306141,3.6539380718288936,3.5173468617984027,3.0670482500281926,3.6715892475205165,3.498635463499838,3.07191171774266,-2.2058184417279416,0.8053917740510393
140,2.0689637885720704,2.1591525110997374,2.327199914118565,2.0512913305625307,2.1607313350676582,2.323165621277516,0.6276678522048305,2.8120451127620716,2.9401878119719647,2.930230100452284,2.815048263758035,2.9195511341133478,2.876101615599972,-0.7211366901041831,-2.1768539660864583
141,2.461309158108489,2.493066904380379,3.018477441221224,2.4630589196977564,2.499774260132971,3.0236154010138843,0.1202500227267239,3.0194231059099232,3.0589897677851843,3.660926699401936,3.018813821701518,3.0607964416267657,3.670786534666975,-1.0121893116313294,0.01842186616348192
142,4.532336894168789,3.9210001217521873,4.146160469296612,4.53393390616786,3.911882164148803,4.1545136465280255,-2.143434788327904,4.8621933461483975,4.138806600845864,4.667463116897218,4.861590821555894,4.128321186380187,4.6858130932789805,-3.0306178570034943,3.477693658333647
143,1.618775215923728,1.591720965125055,1.4171108945567563,1.6256590308078733,1.588995706568391,1.4064106098231366,0.5572021777174028,1.4322592951499682,1.4033648636098726,1.1522737390173126,1.4108501860733043,1.410091225139888,1.1488735829867416,0.12515141485989562,0.4746581173247545
144,4.516781912712252,2.645777880305269,2.5836678768342862,4.517408101434262,2.6462888512992557,2.580059057289009,-1.2192113541090746,5.329287590359732,3.3641193688035007,3.300546867891472,5.332850295053927,3.3762908651143904,3.31145178372706,-2.2896508299425395,5.067897777555579
145,4.222997723498227,4.235755654495859,3.8999475491152404,4.220775334421064,4.234282389896905,3.9030807799523304,-1.2353586178304268,4.626115068988038,4.625891874274264,4.437254150011407,4.632983376177038,4.6279362866432905,4.45723988932489,-2.5490588007982278,1.5241461514479397
146,2.6393509655516065,2.517019473586585,2.596247608146674,2.6407037363181796,2.5178805391711285,2.6010640436787016,-0.5395749899057166,2.9988590381966413,2.925563233104415,3.1010034861867073,3.0003432813805664,2.944123646815292,3.106780825506117,-1.6388953241484405,0.10516379715729171
147,3.620057766447289,3.030958280659971,2.970020468281834,3.6222602344054238,3.037610269162976,2.9738013354074933,-0.4458692006439843,4.059122001430695,3.4902367799108394,3.5185174571213764,4.048574366823685,3.491202169571299,3.5239091396271016,-1.5060067577828329,2.494350343205513
148,3.4653732360517435,3.3161916661388853,3.2869590893184903,3.476298746844465,3.344718791072227,3.2920524458943388,-0.10431642263736132,3.5311198057609903,3.3662420806749633,3.3388598019700058,3.531573446693746,3.378780768767327,3.3158501473579363,-0.7140378417483867,1.5307339088933296
149,2.551472835496042,1.4467913267735952,1.3303216705106575,2.5575944232620946,1.434662659363921,1.3330546916129138,1.1094288369959442,3.237121279365236,1.87887290996582,1.7422039115581083,3.2471437848809894,1.8726134155845524,1.7396083510515012,-0.7212332845236038,2.7864869478267718
150,3.415482050772976,2.7004140635096388,2.827273265317662,3.4135141593588445,2.69221953444123,2.8091170213889596,-0.18194665198180177,3.4988331039981833,2.7098800094950515,2.81134921369156,3.501571793874249,2.7090551668212988,2.8056673679090367,-0.8073673072194653,2.207926905598001
151,4.007726011326669,2.351680615990591,2.1870463263413558,4.000223590874735,2.3352195999950682,2.18658721228764,-0.01373443381439187,4.784055153389475,2.8373471620905018,2.8577154810834515,4.782177905218986,2.825993278156684,2.8578532694013323,-2.057385021969059,4.581672469062086
152,2.6110342512251337,2.7742956198013085,2.664282895679548,2.618913054097251,2.7796555707817974,2.660189108978425,0.5761652017073224,2.7129151064960375,2.9948717647799086,2.6587347570306252,2.6903465663353847,2.989006394945333,2.670038148906546,-1.0686768186583901,-0.08669686553210162
153,0.5794104924849673,0.6210931641462972,0.7159591218739176,0.5840434340913961,0.6511929681447681,0.6906593603132893,1.942584950925983,0.8121074146686534,0.9072894839276477,1.044104349943298,0.8285565531806439,0.9725299135804374,1.0334935475621552,0.3219718224521253,-1.0446760655764296
154,4.26747123642828,3.675354026860528,4.0538621451514105,4.261021196072543,3.666685906849305,4.07781449191651,-1.7407673471236367,4.439642770099159,3.8656742554809935,3.7668096954977814,4.439655333987319,3.8792052992658816,3.7665435723268184,-2.7967035783298395,3.2716721316959347
155,6.002416789740494,3.34481554692135,3.345819598668566,5.999659137627353,3.346547654389141,3.342416652005733,-1.8251875537236546,6.558540646800375,3.8265781650057376,3.701846971249196,6.556880056000282,3.8305327700186864,3.693901985904684,-3.05592016863692,6.862822671065184
156,3.3355671273343015,3.2522429471616072,3.4287591425497106,3.321556296693719,3.260981251526,3.4327898567353405,-0.4317177469093495,3.3474040872862707,3.3210420961560967,3.758103785837299,3.3549040346768546,3.335211639280942,3.742594545937577,-1.0903933651418498,0.40233735465115855
157,1.8413325733462815,1.944641745805445,1.507862053214784,1.8392917454110649,1.963455988556251,1.5068183783312121,0.5189200431995733,2.0541415431966277,2.1804593197594753,1.8024652129221543,2.0546530040594013,2.1809958967649328,1.8019586864690982,-0.31580492659300413,-0.4736014407826889
158,1.053393780958656,0.3236530603694123,0.2886147590077167,1.0743385214888332,0.35845971584519476,0.3054584216202937,0.9865136326715686,1.3177583053103845,0.41483617263068673,0.41012327221460715,1.2826933535259875,0.465393897385729,0.44698721865300906,0.06633008798355397,2.4455801155757553
159,3.2223209180239647,3.28914569533555,2.9261471587807737,3.2232724987434977,3.298831733448158,2.923978154627747,-0.13954091872366128,3.332608393117281,3.5546992488346714,3.416355196566566,3.334018584315847,3.5428415479558377,3.418051084819256,-1.1505373556729859,0.5387405409946686
160,3.5995682061201886,3.69225650188361,3.3368233884645258,3.6120878307501014,3.688370159460013,3.3411037307232747,-0.5334442256362684,4.134965815143271,4.261949938536128,3.7765601691743216,4.134790091214922,4.27028721644819,3.765287665066318,-1.5442960017274678,-1.5288517604511829
161,3.7135528289150335,2.520806593772246,2.2299939553507104,3.7161391521007827,2.5206816575587356,2.2272427227854332,-0.711509983647223,4.594774490668809,3.2268927790572794,2.8744274484666423,4.590970795704348,3.229570025137709,2.866681857171197,-2.0616872730567906,4.466992983953077
162,3.6280774349532634,3.655005311377509,3.312493586822244,3.6294628990425233,3.6740876862646576,3.309311792759058,-0.7328978232126446,3.932577917598275,3.9742524433345934,3.8966981560745904,3.9447094136944236,3.9529903270761224,3.912522831948073,-1.6273222866772006,-0.6545675316928843
163,1.0964770937160735,0.8471509478361473,0.8863693376838687,1.0833416858550924,0.832718956368895,0.886246819890092,1.7037249967163646,2.329641259362875,2.0063785603355666,1.9919846903603122,2.3265150423229177,2.0293442285611945,1.9779466316274614,-0.40355381031553555,1.3162530412784663
164,4.097965194290672,4.12278078303209,3.8887625963378185,4.102438262711621,4.128081154379995,3.8832935161171056,-1.4372185412419098,4.6205658396606575,4.6519670244157085,4.392561869975892,4.613475435445709,4.651669721267048,4.391431333988305,-2.4979848966287057,0.049364942707947806
165,1.8919237348749713,1.9961218329169461,2.1910343188915102,1.8933909398609665,1.991415156888815,2.1760546151276077,0.12577975741945316,2.476349598983095,2.6223716723997037,2.9004377427675925,2.46685854135678,2.6165156935071354,2.8861743295764466,-1.0917301821102605,-1.6402692246014414
166,0.8768688993039391,0.6107466518740543,0.4863501650254372,0.8885573630650635,0.5956531430623832,0.4781239121226523,1.8997010894358433,2.267084689762109,1.9286863109449797,1.800354135367493,2.2502680165212534,1.9213210760851376,1.8325221295261624,0.034053896739698254,1.4721752265097967
167,3.4933860149126987,3.5017292757238363,3.600671745367519,3.4787759324245573,3.5028191245276843,3.601147817059212,-0.9560077279814572,3.276678722154096,3.23635255550848,3.2686552512796627,3.2877606493417084,3.226008432190502,3.290084435498604,-1.9422954006200952,0.689862666979836
168,2.2849241023514537,2.1417323037842797,2.068092180804223,2.2819963411741804,2.1310377549181383,2.0614210384954688,0.7680304229433326,2.816536402025736,2.6835822207321103,2.4768435774182547,2.813628540853573,2.6817597572430025,2.4748806707494753,-0.9286857987254437,0.6381495834216924
169,1.4790910031501558,1.4265849168488502,1.3629526850258906,1.4837693271455847,1.43928680561976,1.3500773962976311,0.8426504415222486,2.4375394429042134,2.3720308404911483,2.2867305546213315,2.46110658213452,2.3918743243453764,2.2479904820201875,-0.5906431617794604,0.4197708760034284
170,4.951530951238719,3.3871373976838073,3.5530810769991237,4.949715041107295,3.3842585906104063,3.553103069062122,-1.045114659127344,5.9582239450530095,4.151927838189865,4.271362118914698,5.948548540677826,4.154359772688172,4.270854970711641,-3.110196499873851,4.1544702150522586
171,3.431581008167144,3.7390888985126938,3.444314637269496,3.4363639298840427,3.727315992229766,3.4415374500047795,-0.9105011131890974,4.090334337877386,4.520107851929291,4.098467888894381,4.094506687744122,4.509578641264512,4.091020862147316,-2.5130184750780313,-0.05116883773690039
172,2.9889861786984975,3.3084320857088683,2.8823964930504853,2.9896129044046518,3.315534300938583,2.888528077335127,-0.22395100408621735,3.0988314874108114,3.8390412320386074,3.42467091280767,3.1082531499536437,3.8227523108336015,3.430392598934689,-1.3344235705280427,-0.24755331838719455
173,1.9902950999300726,2.0673553238197946,1.5981696187951757,1.9934101470223795,2.0849106955673595,1.5975420381254524,-0.07661337428859522,2.4755359129629353,2.5985724037162385,2.2191674761789355,2.4857276493164857,2.6064477764738525,2.224143753632288,-1.270276785963253,-0.7558378513723245
174,2.999141778195697,3.1257755020968925,2.8753631721508235,3.0072773917956406,3.112575349073585,2.8759718388984523,-0.3711423035801996,2.9268385546994056,3.0732118441834912,3.1271801869781997,2.9211741031620573,3.0741235691265247,3.0934638870531046,-0.9967463806036234,-0.8684233088710492
175,3.450760768367754,2.3937611635138305,2.401573012991671,3.451987078789928,2.389708953106931,2.405841274443298,-1.0310419004374551,4.15626125049671,3.0073405367331634,2.9793291938986015,4.1666051832320505,2.9876518082131414,2.9756482788674328,-2.454971008513526,2.9643805443791558
176,3.035887826713945,2.440564010968606,2.759586124439424,3.056430146244173,2.439091092078645,2.750740580169319,-0.6892187866695993,3.164977332129519,2.476523154980824,2.8309335442504593,3.1611719574790045,2.4811412351430913,2.8206562511159716,-1.6019988673144332,3.111874558671034
177,4.735653099372636,4.818297170855585,4.330214110286586,4.732611361736649,4.812087363645075,4.329846852525707,-1.2707725101155898,5.3692785287844895,5.572477836662692,5.44553283985513,5.377281729660631,5.55892430739312,5.442631305783889,-2.9647428023514752,0.4269887153332418
178,2.5586858148982516,2.5761356233334642,2.275176360907334,2.5546088636625464,2.5723848442663617,2.2720860051239478,-0.7143871076258907,2.8604566756841643,2.8949614213378534,2.523185329376657,2.8718480922335075,2.913610315334019,2.5177794728906697,-1.701416722902363,-1.099442755853514
179,2.38096501437513,2.405562505542185,2.600141918860666,2.398216572176381,2.419302428796849,2.5981557243721958,0.02379393956933105,2.4274079066710352,2.4478135775186693,2.924593568234143,2.441786375219132,2.4455603102782297,2.9205330943448398,-1.1612678853653304,-0.4053975149049097
180,1.2803655914278804,1.4178702302856976,1.2231992047489273,1.2988919210529903,1.4337138808334051,1.1845286759634457,1.2170642059509218,1.3978231713855178,1.652616035492165,1.4608760934414478,1.4150279275099544,1.6532320595782448,1.4660747678029278,-0.29022124718628234,-0.8149883288705488
181,2.5175528175860338,2.3726756642866205,2.185440378451537,2.5069846393099224,2.3637652620747045,2.1851979276389533,0.33330758599641847,2.6545010595944016,2.4950668978960304,2.3024571953617126,2.635508996475471,2.486298710032142,2.3116710740679234,-0.6703530197990548,1.086717145705056
182,3.268516906883729,3.342246233681509,3.6125264303548965,3.2735920811508583,3.341876751655855,3.6098156058087825,-0.9323834332767124,3.984958028809674,4.084753457248179,4.0467549340323075,3.9795941766718075,4.095016414149901,4.03744542758716,-2.3433373414988328,-1.591587694842
183,4.525766669413897,4.8337959568924465,3.7676194150334514,4.532189043236831,4.834515699989377,3.771777571877556,-0.140253722942658,4.1853188586699215,4.575740446870621,3.701307048475232,4.179520834051436,4.579665148740896,3.6987335620349806,-0.523792156611418,-1.0103781876639175
184,2.562814783029987,2.334504954590915,2.5375722777709186,2.5573364720125134,2.334904244266747,2.5423458530184626,0.3785790461073131,2.8807442297533092,2.7129090052427225,2.453821781197647,2.845412924190489,2.7343704281443397,2.4225744445252353,-1.1457424808951846,1.0097980084433833
185,2.872940194358436,2.8833758301800594,3.2421075793674707,2.865767967225284,2.9003146380285174,3.239118422031754,-0.8772268350590675,3.1854335751796734,3.2199040188482364,3.22523477335199,3.201884794308832,3.2016551577976227,3.232835813274804,-1.9505640932845296,-0.009495621828632441
186,2.7445458665702285,2.4686759657854775,2.4243163292319907,2.7657575506433925,2.4674174783002876,2.4255882149709835,0.16892214986341278,2.5345509465597416,2.227262102841564,2.37837232122614,2.524209076268793,2.220649352216431,2.3804832009400405,-0.6062974625292158,1.2602754814458226
187,2.7667122091945737,2.219588908235081,2.100179915548965,2.7650758533147988,2.218999268023332,2.106737685207223,0.23466306159810507,3.6738337787660176,3.058493301112029,2.7612715249823103,3.655436751942823,3.072872683848705,2.758656127898828,-1.670538888931033,2.225113173204396
188,4.701543514035751,4.4431369941849574,3.6557070339444384,4.709388903639761,4.438173380780481,3.6608798155202966,-1.1538781905847073,4.904021448742071,4.63701383872191,3.8158380985860814,4.902787607227336,4.643586461675072,3.8248707042318166,-1.9258001967510052,1.1434559527797714
189,1.6249541440180097,1.2461883840638648,1.1421898165119817,1.617062669488323,1.2411325958907906,1.1375962561744029,1.7724215345413425,2.124687365013682,1.7606390407527321,1.5928235509256146,2.1181079406347187,1.7665311664731582,1.5901891931820942,0.5479761061728945,1.3278112597004144
190,2.595566327621941,2.450417788331788,2.369573116937778,2.5829050866143457,2.4576446296708165,2.3716777758668464,0.09581080307248913,2.8373710863846413,2.6189124167505633,2.4771269147676507,2.838798579478871,2.6152213449285524,2.3977800593878564,-1.129133389942319,1.4281323553067704
191,3.5950440287993297,3.629564619022001,3.521716639153325,3.612451210142997,3.628511191345894,3.5348742723115927,0.09939035241329873,3.9727416451442665,4.006768447400642,3.6514095317658684,3.976001990492814,4.000041692845156,3.665365571774784,-0.9247841446917238,-0.5408679961032646
192,3.1166803148911053,3.23196613900491,2.696172624586178,3.103750555953334,3.2335225703632484,2.6921027279006062,-0.7927846703767217,3.23487222821888,3.40244066372798,3.032678852176628,3.234940454698661,3.4145004003976913,3.0367862844351277,-1.5443080766440382,-2.6290984603896708
193,3.453449497026124,2.5271889169750192,2.7244075757760338,3.458011250584667,2.5360876160995702,2.732906605092715,-0.0912843729596093,3.644092566834792,2.534868656571061,2.8123492994657244,3.6439574177889695,2.547003463612898,2.80289297887364,-1.4817699362902441,2.8060008230003763
194,1.3706634192923468,1.1308612311980122,1.1447224786831394,1.3480981688857052,1.1382837175821663,1.1568589748827003,0.937814652318372,1.790020247931479,1.555337710253308,1.6474966242244746,1.8138906393484993,1.562726692159426,1.6446775379453629,-0.1861430058109787,0.8347623362117046
195,2.5795836502396052,2.378969076145564,2.272025450344354,2.5615519864455925,2.3828911538691258,2.2736555024067724,-0.1918623223725524,2.0801515008482325,1.8586846940916277,1.9527372678599166,2.0679927174715544,1.831897469348612,1.9710165178535524,-0.7890657394823344,1.6891624573887378
196,2.502044405962425,2.343024991198502,2.102606457852857,2.5102455554074075,2.337699307241477,2.080258126375738,0.7139333969201929,2.707805369839637,2.587014397734624,2.3492597425545334,2.6938325398788168,2.5890170188059805,2.3592244097087884,-0.6791601193634151,0.6361368966183244
197,2.943462395355874,2.434047766686674,2.4174234459087476,2.943565519641512,2.4424625678742173,2.4190291497054415,-0.2991622308468044,3.5634147267947434,3.0490093590148923,3.053764721911074,3.5614136028398122,3.055985584060477,3.057238211683743,-1.7509502668973642,2.690612938852449
198,1.1005361333259887,0.9558905005669164,0.974911883157956,1.0975758446971347,0.9503541646169184,0.9650626667222334,1.0826235668828708,1.5250624883469532,1.353946235064151,1.3473499603058607,1.5280037526190735,1.351679370860315,1.3356013580524084,-0.29495654675519845,0.9954969547153508
199,0.7501685870377011,0.7039260861262203,0.7368969897996341,0.7405824996873619,0.7045339506089766,0.7341786500753733,2.073260035581069,1.3452342327701052,1.3509344738204814,1.324215531548424,1.355818126808108,1.3322296181739874,1.3157893817274111,0.8052405909947402,-0.6125803601178971
200,1.2897444957668684,0.7265589690806951,0.675854146211508,1.2918245566976787,0.740202055526925,0.6838606948980246,2.0251793529650493,1.326743904387726,0.9041931648207479,0.8491083845279731,1.3232060971531523,0.9374798363383304,0.8523814532119661,0.9348110356272841,1.2589916307050517
201,3.87308720500201,3.35563316133566,2.878470422726545,3.8780706961127716,3.363165057865025,2.8788686802265855,-0.8285373685908393,4.046333806416435,3.47261553559934,3.0597300609126314,4.0546693115496995,3.474027835685106,3.06437363896051,-1.7669082098815432,2.468243887256554
202,3.050527239342395,2.909466004424234,2.921977556019649,3.0569803888945817,2.904871465643258,2.917569600165183,-0.0717600748739156,3.630486573602013,3.38691172747396,3.211461111965202,3.6356151369590615,3.3792737515584643,3.216534666843107,-1.5233850695442632,0.9513414906325123
203,2.5682294670126526,2.455777766406795,2.662902828397254,2.5726529892166936,2.457385215123881,2.6586385895652818,-0.20398005214201897,3.0281460103515188,2.87585150803968,3.364145389818216,3.0378351653859688,2.8665433073764413,3.3768229577407385,-1.2320130925411268,0.583795433146157
204,3.9420580734530284,3.5192968985420303,3.409115961811655,3.9373720793286235,3.5139600162906834,3.4118796114194216,0.7402190332874992,4.0610758554155515,3.6275658235527173,3.5194141144561586,4.061503157832185,3.611218115432843,3.5193945396102015,0.0652940780078386,2.2665342705121914
205,2.7760367679664357,2.6989686605928656,2.2020726536888153,2.8074965013214235,2.6882038810885676,2.237713961088321,-0.2857223425790726,2.850602083422826,2.802757635494968,2.339701150386255,2.852376165679947,2.8043204412885836,2.366916971071227,-1.2521665743891952,1.2381356386076676
206,2.3952695213782396,1.9603797395249853,2.0270620894140747,2.404892282874817,1.961420409666081,2.018630506532099,0.3625657273925529,2.663692599322417,2.0702918208009113,2.498402519372816,2.6650875521419226,2.0799729372118025,2.488769092006949,-0.8493583901593358,2.295380372513141
207,1.6239975624959042,1.6549017093476628,1.4336715828174302,1.620277358633156,1.6727275628723728,1.4430171277838064,1.5378549436560591,2.9719742309726755,3.118961307574161,2.9673963227049165,2.9634571970706074,3.1005840562088816,2.863682180187533,-0.6918589215781041,0.16678720798227806
208,2.9086082599488723,2.7707157570329892,2.694536879550534,2.905476335828718,2.758144439494837,2.6900301011363537,-0.6386263386156609,3.209398546031823,3.0294227710817254,3.0570038185134822,3.2015089729954096,3.025538807986245,3.05599653134666,-1.476176463973089,1.2595345056628386
209,2.6270767182834773,2.4934791885252365,2.424104966318779,2.6266470754057076,2.4970193765973723,2.4241722359285194,0.27523357945616206,2.756658959735698,2.623332462072087,2.4832074465977905,2.7556311230525043,2.6074503577418637,2.4554140506316027,-0.6187991345176983,1.0921337095605312
210,0.5043263483692443,0.41946315533610457,0.5750577860165728,0.5186232994510312,0.443857918513859,0.6011734781165302,2.1242699767395714,0.7978359776811957,0.7082911140276529,0.8135833908426675,0.805328733632159,0.7374904103716813,0.8410062681603685,0.6935883984799988,0.45521117179573567
211,3.149218685343305,3.06395850861572,2.347712140768693,3.1551637156432806,3.060915456986667,2.3460313892683113,-0.61372559259412,3.472704716101406,3.3876935035195266,2.7373638446734034,3.4617335559027334,3.3881944730264033,2.7348147163015537,-1.542114660946923,1.6878828863544548
212,2.672331851445905,3.0378715394466,2.797339737567132,2.662933068964078,3.045146280288281,2.7878540744554203,-0.09938921504861321,3.4728201706947357,3.907259357043882,3.564420974064624,3.4653678816759474,3.8954078863184205,3.5570971091242205,-1.8382372289891658,-1.3679566229956215
213,2.810591876211758,2.820038842122623,3.2279043645961623,2.8143391556715467,2.796001693790086,3.226331022081338,-0.3061086593256899,3.019271986277837,3.030394483754326,3.3294637218942773,3.0097354289083267,3.0343067442515306,3.349639417087783,-1.3371468388500205,0.22499669108389417
214,1.9178856531859294,0.7726093660100215,0.8450214428380256,1.931113935843253,0.7761606039227354,0.8407083923866148,0.9784496590984407,2.6538029671320706,1.2161863845697776,1.3512636152821518,2.654073844375407,1.178652342523839,1.3613466575424185,-0.3561462833756373,2.8235118457693535
215,4.3884119175705605,4.500962065500954,3.974970150699155,4.389211648196638,4.48839613588444,3.972614919073542,-1.589754809289245,4.384982053582232,4.46877782813459,4.000477013283146,4.387077015843547,4.46934238898256,3.9956287639187753,-2.2964321162812023,0.8713227279762664
216,2.2463948458391503,1.2719169618867643,1.3469266788018275,2.24002071931945,1.279697184351511,1.347998112611021,0.563223331831147,2.6700284289709724,1.2898489931007184,1.2984098734177758,2.6565249749771147,1.2630783893820285,1.297593799944105,-0.6345855486864799,3.290073339649747
217,2.316491396260294,1.9000639898887612,2.0450180031711604,2.3296287765339905,1.9183826671619213,2.044602342468694,-0.048777237475646974,3.29155212432608,2.8482889437308048,2.593611454543691,3.2859578667625384,2.8442682975548506,2.5899838481632425,-1.9928141114673847,2.5990440992051447
218,1.0364793617096202,0.950260394518904,0.8655396639943079,1.0434089630880672,0.9442577639233185,0.8831858478987195,0.8073380696673724,0.8314360125362202,0.5971779197528175,0.5153790838971766,0.8184736872664155,0.5779007563633501,0.5628810517138668,0.43282097563184124,0.7353942756944113
219,1.7266059222758487,1.702384309466159,1.6741728899330772,1.7370491277412872,1.7245070668832587,1.7022455199475441,0.9925895767985298,2.457250480323101,2.604214143293285,2.608258491089131,2.4664710824481784,2.5909287249674526,2.5861166968104436,-0.5144551924895711,-0.14733217186421307
220,1.0863926218899986,1.136564433606903,1.1007776447096034,1.061581203758515,1.147290464957896,1.1536121361927967,1.364950156562253,2.1665085180925905,2.284740959843159,2.3235658232089578,2.1791692933311935,2.2648448658290765,2.357120466552942,-0.3809388306983174,-0.3172267742554394
221,2.929425338023056,3.161741321957552,2.753063156180456,2.936082550487691,3.1713652584043213,2.762947698459667,-0.7824401305469649,2.8474785693364044,3.081105521033367,2.732967708330788,2.8457561187098483,3.0912592511841517,2.7311067141261205,-1.662241784548348,-1.1735913280647148
222,-0.7292286708813194,-0.7467262976384677,-0.5901879039918525,-0.7268973706504059,-0.7479394192565698,-0.5816931785780939,2.62909054161852,0.1565344675491333,0.2309885124655451,0.18962439256196043,0.15570415760985407,0.21553618196699206,0.20046245011201888,1.3268405147829558,-1.0704305368351215
223,3.7941278606132913,3.7044655571944864,3.3296497111485444,3.795225252315414,3.701953421476721,3.3186074071473524,-1.197730845468007,4.0363066325961245,3.9434311057550646,3.6308300739174415,4.033003919919504,3.9453145406831958,3.6317277190359403,-2.493388847440343,1.9953174949997166
224,1.2603627928935863,1.1314475668550197,0.9879134884004253,1.2623065949853063,1.1346874188896447,0.9946924775640811,3.171548440559418,2.209597389640387,2.633597021781311,3.100936375853312,2.200342324481584,2.633262142010085,3.106742733935895,0.5035480390207547,0.153170521119621
225,2.3074386789978307,2.279538642977678,2.4065669553793163,2.319379113895314,2.2963234665248966,2.395574934812282,0.28067061041974567,2.6297290135899525,2.587832013141988,2.6451590924304624,2.6174561445393163,2.6004664938636552,2.6362624499119356,-1.1149723512977148,0.2165407982503108
226,-1.5065952655290955,-1.4966746043947092,-1.681012831139313,-1.4899662081105098,-1.4936007246446248,-1.6798500020572633,3.4029866205470545,-0.9139112899852633,-0.857654601978275,-1.017524937016229,-0.9046295805940268,-0.8410996369552323,-1.0388143380961568,1.7615120552347576,-0.42511535691819335
227,1.5757009661517303,1.5300527272015714,1.8257580535789717,1.5917799062396052,1.5344171533773028,1.8364775815571235,1.4144077908522217,0.7738086917688205,0.7126434303532556,0.8039578393227191,0.7525826095543077,0.7498623474070829,0.8524983128038124,0.9177400579282938,-0.11807897977393306
228,3.084410047077238,2.5698838773915753,2.747443863184913,3.0845075667608977,2.56664607110055,2.7513854066751717,0.8794068012649565,3.865658491921225,3.326555585134776,3.6358894783684783,3.8623994081281343,3.326469414291401,3.621793303187051,-0.7253615526662224,2.0337588749013835
229,3.349239867256174,2.9059806742415093,3.074948500454087,3.341341438988737,2.905541010828867,3.0595427452661506,-0.2881243295998911,3.790872175172256,3.300560047926002,3.5532762099689306,3.791772348993666,3.298566247615273,3.561451474447504,-1.0923777656347153,1.9834293932708782
230,2.771413591051983,3.067624650829495,2.904094565344521,2.7626336288644424,3.0624807877877283,2.907572795182046,0.18535624479962,2.7231831836118983,3.1419731882101503,2.8309477682114412,2.725110520746547,3.1475517745043198,2.829665933760911,-0.45175110944066404,-1.3873779859381195
231,3.430180728175226,3.470607278663071,3.61989546580937,3.4356499756522605,3.4608956370383974,3.656028176287435,-0.16466144886142225,4.150220473721658,4.16301532383963,4.503031826706333,4.144491362542273,4.163726611083701,4.508184810429841,-1.579828154320301,0.08453533641412878
232,1.082414199628694,1.035560268925869,1.1187107283626154,1.1118785252111916,1.0369015048994208,1.1095126507791873,1.0289509933456202,1.8126157754534251,1.8370260798600502,1.8650539990833674,1.8117198668003,1.8016101634992767,1.858767678490486,-0.5640051188034905,0.3893914073035903
233,2.252551782808205,2.09332769131213,2.3895211499572104,2.2496530530034624,2.095638392426352,2.3945075763537726,0.34487046720239545,2.8169987779361696,2.7413121207434905,3.2395319375978926,2.807748585799002,2.733597164552819,3.252978919632931,-0.7124347352502813,0.7914394390989454
234,3.4976771992803135,2.7848769944750376,2.4680300692102515,3.4757300911924047,2.8021975652287066,2.4674799690701072,-0.5933469933992206,3.009864012701904,2.26217026371362,2.129939207959623,2.9989432292734026,2.276303244480066,2.1397743325309104,-0.3655647016610468,2.3995833843214696
235,2.3713116953318774,2.4158993419779744,2.2331426997910753,2.371871023268917,2.413403813502001,2.2265654243340487,0.2594919537882015,2.654204698048854,2.7135565151399166,2.6733855767118255,2.660938384227249,2.6981638822769307,2.683170081041406,-0.7640992580812945,-0.4901899824005438
236,1.7527763918696693,1.4637622320536716,1.533410895156194,1.7605284649337136,1.4519808913202399,1.534096110185401,0.15945014294994628,1.9996555146593724,1.6688735956026834,1.6771180482826353,2.00722268416917,1.6894858169707911,1.6934852524942445,-0.7419431433039575,1.7589610009515193
237,3.83854336732529,4.0618123534583965,3.6447831418110512,3.833544730799264,4.057057304916424,3.6320828317683818,-1.094736809211099,4.166989460203579,4.5293277290635645,4.06678213367881,4.159655109955996,4.54680225580707,4.075058499933786,-2.3848001716818965,-0.7434430852096438
238,5.158541007004342,4.319348835561396,3.8582414555923625,5.163527917475282,4.315964284648652,3.862522345125185,-1.4734826854600114,5.907658673620126,4.936062227900159,4.2779619987553215,5.910991191837601,4.942756953033407,4.284043636946744,-2.8708474334166056,3.406266850652045
239,3.4084637081061797,3.5187205650790236,2.7201373690716597,3.398617579882792,3.512271247749864,2.7249030860096886,-1.9562589310142355,3.7032687319187563,3.8277768642113075,3.05809686914951,3.700602956476067,3.8101642142496095,3.0623616532322986,-2.642287910344754,-2.8605435675111246
240,1.7997026229948816,1.0794067153711657,1.1380021537256393,1.785582436348276,1.0608099465981025,1.1432666313249262,1.1718653917425097,1.8193410554461686,0.762656882960178,0.7816872066954067,1.8425077042962332,0.695101900321098,0.8251897454366771,-0.18700561339658878,2.4128434537905434
241,4.865361491002931,4.6932549091469795,4.634915800159145,4.871294506209015,4.675061648461386,4.6386325275130424,-0.9882998222674001,5.382752299818064,5.230706181127356,5.387971394695287,5.406695953007835,5.238376992944047,5.396138479267596,-2.266299863206209,1.5664775429053444
242,2.609303306610692,2.7080163253748384,2.5730766743310145,2.6042145525932834,2.7284526254371215,2.575701620644444,0.010704005499630357,2.0460808554436096,2.1830279149439296,2.2029350677651287,2.0448312340309727,2.1798985491236156,2.203325636037705,-0.4619435374276754,-1.8304772972191685
243,-1.0921282485152113,-1.2776863076960019,-1.138491473318881,-1.0933715314628674,-1.2599867275036025,-1.136845396643437,2.833906425673286,-0.24070206182730602,-0.5789878552575278,-0.537248989173489,-0.2422195646300148,-0.585740468886498,-0.5437765406015529,1.207672594533972,0.8067192210054567
244,3.667604756831844,3.3300290460533355,2.528533628855871,3.6647561226463723,3.327405829321916,2.5303882892299225,-0.2153154659054763,4.163669021458875,3.7712662667015917,2.8904191614045547,4.172149133975391,3.7648663591615588,2.8988990996942867,-1.2999284887366267,1.697407615503547
245,0.5806315721593154,0.36884490142950355,0.34910969343954,0.5745984125397187,0.3636680681389996,0.3518651575609307,1.5893128435323618,1.3597789151210453,1.0908718050664825,0.979449752281875,1.3545083202230799,1.0897617641401933,0.9796817117854238,0.09950335575231062,0.8723729584795415
246,3.3108426770499197,3.35956694508545,3.4742421813723596,3.322915173446796,3.351409552098877,3.47232931526045,0.10876049407238203,3.4709833064331215,3.530810963787348,3.602326069250226,3.4730180264003954,3.5352581577048072,3.6087914930545826,-1.141095335918039,0.7665916334203976
247,2.2380784912527276,1.9441996290584438,1.9612168783326538,2.220415948146563,1.9493749164266088,1.9551285680610757,-0.20313815525106013,3.0274026337915885,2.621303677330096,2.680041140516335,3.0507452605074254,2.613571195601229,2.6611672999589358,-1.6908445431597925,1.9164457839986448
248,1.6126950496544779,1.9978793203792384,1.5711876373425433,1.602834441997195,1.989384717994352,1.5743410409554532,1.0777464960665504,2.5636610990995714,3.6355744289061454,3.364419729741567,2.5478736693772577,3.6430446907868634,3.3689032136537596,-0.553539469678403,-1.1892891997059054
249,3.9704007324504524,2.8484573178145154,2.9837773176670512,3.9696736964158803,2.8434708222222174,2.9807026070181757,-0.7545897617107699,5.010764141482554,3.829593794492217,4.195802763765039,5.001072670718635,3.8118474643512417,4.201114618629704,-2.3979737399022385,3.43577309239122
250,3.0316075887517404,2.040745971900665,1.9404897880407825,3.0260238145988687,2.0479980564125357,1.9368846993877948,0.17303928705340377,3.6150939835746727,2.609188242798343,2.5018008964232887,3.599884094902415,2.607779118322262,2.4987815819326338,-1.19246141391852,2.766227533944394
251,3.1711469007695414,2.0669314180587657,1.8426866139565654,3.168416643570209,2.077006026450402,1.8357382127938817,-0.2644730989206554,4.112456017465095,3.032089786474714,2.7996354695033925,4.09079459049453,3.011473485308145,2.7876543344295746,-1.4340191292391782,3.493356319766143
252,2.0691277797975833,2.1465921116093103,2.323356373848292,2.0675666198135576,2.135145289514451,2.325269609910989,0.791504771809976,3.0437330550582775,3.1225226822546417,3.2010752156392894,3.0453283065125643,3.1217410522861826,3.195856516102489,-0.8512344761383858,-1.0417028914802255
253,2.5664566118631464,2.25547605709899,2.390948388360594,2.57604959494971,2.256860320032962,2.423130108795778,-0.2811662959749976,2.868270996805273,2.5522266081674805,2.819671994536067,2.8801641178962565,2.5604096001970573,2.8458520975734984,-1.3953775922135432,1.8932119442200226
254,2.878103011958138,2.9031829659413964,3.1080568445829413,2.87186819081037,2.904550547618963,3.1086767041936376,0.4977426570167908,2.4186253741608126,2.437789426824311,2.802242523544815,2.4277777840209724,2.4363542377843572,2.790018957951867,-0.09869430383500666,-0.6371605961516121
255,0.6543859750392212,0.6013376617360892,0.5847937651172662,0.6458636961311883,0.5870419483225288,0.6148257346005237,1.864420722235108,2.407397720967379,2.3629858347819654,2.4241749340270293,2.3978814492087355,2.3378357000690873,2.359552698910527,-0.5961181571585852,0.28827174162779007
256,3.3024806422207766,3.344890856312,3.457149454981397,3.2928409291881966,3.3525754510015737,3.459918057690723,-0.361976252883652,3.6311047147551347,3.7069961003754974,3.827289948332161,3.6264223992967777,3.715743115475672,3.8150350232734334,-1.4450392826586853,-0.6904851597830329
257,2.0999297052854664,2.145310514196352,2.125820180714867,2.0952398319212246,2.1322538225178995,2.1417321145073975,0.49893217791408234,2.2728092975214693,2.291206629977936,2.4014111960486764,2.2925077129790914,2.313541085745435,2.4021732011222863,-0.5112998055026396,0.12681422157023473
258,3.0082314255670393,2.597859093580589,2.4038579733934795,3.0058476280867357,2.5803355883930372,2.3988649520165035,-1.2953661710251514,2.8508824228293683,2.4001957200065918,2.2480635956214283,2.8588355576031144,2.421648228919675,2.2509921748878248,-1.7531286216164828,2.6000645001619542
259,2.391545187009115,2.3376235991128365,2.052209991347282,2.3817188751520293,2.3370009172548825,2.0516639298686914,-0.41917968076835205,2.7644121699939523,2.6868361549173447,2.3558553293620474,2.748299539451057,2.680457297268553,2.3564989678612127,-1.2987323431566933,0.9108091704664895
260,1.9064483893099358,1.8578938120362014,2.1185732033266684,1.9063745413804742,1.8510922580548876,2.1092509737675282,1.2884603613136831,1.9514762081645618,1.8889565988369856,2.29692547191707,1.9504913493838627,1.885387866844114,2.2998219609628183,0.7675928949760391,0.2514586613435629
261,1.9644530574624894,2.0399605029977463,1.7349272703208167,1.9647304505169148,2.0396901258828226,1.7521867478466628,0.2857559887050755,2.369747078574169,2.469165476306743,2.1648844832026475,2.3436473447309876,2.449321011775315,2.1420478207418228,-0.7062757510553437,-0.7987383307375459
262,3.1209688131891977,2.470560525821268,2.272660278367897,3.109173649406725,2.4669518764209672,2.2717090832737803,0.9480864232682157,2.9642634987216945,2.182940873026649,2.0210389038736754,2.971343504685048,2.1755520398944745,2.0213361026935086,-0.12579860008366345,2.4047708124674645
263,2.948090649219183,2.803294091381497,2.4971767748879445,2.954082298650716,2.803999877879228,2.4936333633916083,-0.23984421664018013,2.9995528381333427,2.7883798510074387,2.5442477270082975,3.009228814514152,2.7597749850430287,2.555994313576385,-1.1692040244935002,1.2823929842759114
264,2.3965297465289983,1.8716342193447892,1.8405919267175408,2.387925525250066,1.8751998061958424,1.8336080063050075,0.698098767991585,3.0758820471006567,2.6196958661269405,2.549125633652698,3.0778551479550007,2.618924600322426,2.544812086823771,-0.45581163278349524,1.9767997860673396
265,2.929104915919388,2.359777933750523,1.987743497317987,2.916430222620697,2.3484440253095817,1.9911019186401773,0.11584204391747195,3.83370965467929,3.1270597114201224,2.7076571781190446,3.818778650472359,3.1433285561382838,2.714908030031968,-1.4469918775490402,1.78084553178004
266,0.5443026838320529,0.43492404467583434,0.4163132498264846,0.5565320946329054,0.4367678923991902,0.43630702030727514,2.206211518182727,1.1353570704303255,0.9325230759026645,0.8392881119385355,1.1450096013663498,0.8772327302707491,0.8301414303053323,0.6808894494435995,1.0478104833769577
267,2.700267550063865,2.769668336029644,2.4143475932923995,2.702894563205625,2.7608004512123983,2.408636352890867,0.5421560622869603,2.8256331402855612,2.9198250902723917,2.746501078910379,2.8306848996495924,2.921852735509362,2.751004839225002,-0.9158342021803219,-1.667180750729951
268,2.482972138195196,2.2868130930281008,2.445954880688323,2.4834218859589994,2.280997082455016,2.4486499317505612,1.0370092611904032,3.2456409223934157,2.912678472731604,2.950530913287189,3.2522040624667916,2.904361299192254,2.953627705933595,-0.6068340072026868,2.436502320975916
269,0.9743676601097152,0.8086664415247921,0.7010415470195345,0.9463450168509497,0.7841291032973671,0.6750571065022839,1.4256161167162136,1.943780764290633,1.731941207384545,1.5200884159356296,1.8992823428354897,1.7342009793221669,1.4632606922435143,-0.344698721374498,1.3274574656652058
270,4.093153932085102,4.156750473527891,3.6373058017079223,4.080803840751681,4.147612517300264,3.644578148858235,-2.013729074223538,3.945436626109562,4.006113024393597,3.2728144907498113,3.946587436138569,4.016232260856332,3.2703675920170148,-2.5684231782182008,-1.864966280787107
271,2.7694254676793197,2.4707864344608264,2.3589428546369877,2.765881512746823,2.484490716833147,2.3931110263852773,-0.1600712115827355,2.840606410970009,2.5110722401040975,2.3127450592543757,2.818096187238169,2.516040516547178,2.3587391876015436,-0.9004046431552155,2.009519704164475
272,0.17735322687837796,0.21260443314769964,0.17345926065702907,0.1759109061869714,0.20526992702470379,0.16527515032929055,2.143910747105619,1.1408240502232077,1.1766934421768362,1.108087510774665,1.1331761402424558,1.1857245194114323,1.1124725190519216,0.0688151818341941,-0.6818188635249997
273,1.8004974240061806,1.257259803344014,1.1495256726374061,1.8003246007316653,1.2625976747037493,1.1553088499696407,1.3316182733251751,3.1505050928387237,2.489981261343112,2.3046120171085955,3.1628934149884937,2.4977941772315857,2.3052412857386377,-1.1317242356299695,2.2416947966880647
274,2.95437541706734,3.1923166177463282,3.4790424691085438,2.950895771623436,3.1896364958667074,3.485127174576864,-0.6098441611828441,3.1393396239815403,3.4843099348069577,4.46653939102743,3.1428483160273704,3.4766427315831545,4.4464984416421744,-1.5073317835645703,-2.6512731219383383
275,2.9899495185850644,2.690233313402193,2.383974683428547,2.9929568771152164,2.6863298002321367,2.3913554130271195,0.42946337230790327,3.4724403914019577,3.1574595311602747,2.802565374336222,3.4721267500113635,3.1568535468194874,2.798257120344111,-0.8256182892826658,1.6427785266042763
276,2.7482055708007778,2.686068752059217,2.482949484314205,2.741376075260835,2.696211131226441,2.472475774175195,0.6155440287957435,3.197184098539093,3.266434224180362,3.028412729888655,3.1929137658637776,3.269456810362808,3.031995005074889,-0.8304986766654961,0.4099744210934842
277,2.5409410449846015,2.5071270293603867,2.3083863302589664,2.5435766844378307,2.512497917912717,2.294560750261269,0.04217477253210007,2.51610480757448,2.595957736420004,2.426277887536104,2.522560826732391,2.5895624811418894,2.430087805216019,-0.6887123460477691,-0.9478735895168806
278,1.8833662855684412,1.3757524059145536,1.1557343694393933,1.8765261770306372,1.3731552576560684,1.1407901096864896,0.9918658552567324,2.0946912832173417,1.590059596781356,1.3953255201261725,2.092434365388697,1.5822942001755889,1.415746324668908,0.04786201858262873,1.578896881044004
279,2.832783932910103,2.1039245207651818,2.0670563748121693,2.833018017924101,2.111164746470317,2.059227891553157,-0.4077774530158447,3.3118697932539187,2.586188341611485,2.6773400144906994,3.3220703604906334,2.604914134740378,2.6763871150668317,-1.5048630626906179,2.3940793781229415
280,1.1750536081457397,1.3790471082126547,1.3802666699128163,1.179130686490367,1.3853392491580683,1.3796685321495818,1.4438866339362413,1.5163409403796462,1.8050013848366082,1.9649342482403187,1.520391956153947,1.7845997378272556,1.9662346227587082,0.3420270440262014,-1.2593912904806825
281,1.5597865771794068,1.6339193619712664,1.7797254866133199,1.556395460172667,1.6262198572717563,1.7852091935431094,0.5495938250630236,2.200876862308443,2.2940082067809735,2.319943322450681,2.1907705181857886,2.3071911664051887,2.307985687406319,-0.6293300446010167,-1.0801528353403813
282,1.0902034211250073,0.9879141781507794,1.1665239758745312,1.1316490288147258,0.9741621907263709,1.1037973882483458,0.9867997322453307,1.3075789815475634,1.1325050964345826,1.2900150311666763,1.3260929407958266,1.1307510564192165,1.2720515302339899,0.27899724968511,0.9884628853663596
283,4.159021808415224,3.3309016078800853,3.0520186056050176,4.15674698528898,3.3349516908526056,3.057448170290495,-1.1973924342220792,4.173780265770743,3.1574279979490387,2.8398424909971736,4.163499601301742,3.148448535427391,2.849056308989385,-2.1140266338163336,3.8710630769011103
284,3.8142865296700426,3.612822880288718,3.3585854816305996,3.813269833009677,3.6075453368638755,3.357216929536287,-0.9386983874154213,4.283280688004726,4.103543626270691,3.8431645269761563,4.288119384390585,4.104153747601258,3.8496978927212058,-2.1918694839057937,1.508689500140805
285,2.9465085580918156,2.9016371002627013,3.4803078210545775,2.9487565458246587,2.898043350611286,3.4829500435959075,-0.5531942401810312,3.200978566380109,3.140055260831848,3.4011507979491196,3.20153974722097,3.1377587107591878,3.4166800029125013,-1.4987728406064031,0.6884433021137659
286,3.001529379252096,2.5563325730476167,2.584187698026186,3.0068699265209324,2.552271777751654,2.60814455930988,-0.49267243033249364,3.3766303694759845,2.981042443568546,3.0220788467901896,3.352121671088371,2.991182504695671,3.007988061884704,-1.7025834779010072,1.3761872444096
287,3.224510760523622,2.9947010439328685,2.604343492550618,3.2384372362962233,3.020758715624464,2.5822986177917255,0.2355769330515957,3.207519562198895,3.0388452417000544,2.6606039184925097,3.209572472673477,3.0300640459334973,2.6606961479067226,-0.25548057868390067,0.8628288371835734
288,1.199378152903669,1.2131271920782132,1.278602086871586,1.203946005997371,1.2263782007510085,1.2672010942536358,1.3276682726676443,0.7007437668222052,0.9220448498743642,0.9310750075289278,0.6936075487024537,0.9352722632978112,0.947468469647325,0.38365117261249443,-0.5029410409798839
289,2.7655744886748157,2.9395723119195023,2.6991152324561036,2.778068925622089,2.944101732755928,2.701186879350706,0.5817482647572648,3.759774902249459,3.96450677977044,3.4431441720990423,3.758440411010933,3.964389203690558,3.4584004894892098,-1.8372329311813482,-0.5889687175158793
290,3.4287882073169973,2.9938140298975418,2.7386931085002213,3.440073352146171,2.992268330677635,2.74300238016025,-1.2830487400334476,3.966666403001219,3.497687603514321,3.096668669058016,3.9626219128267195,3.4954654642961094,3.1039958859392023,-2.1913912770257724,2.9268778361071957
291,1.6675334534149653,1.7298558696852377,1.7157511258374067,1.6860214743582538,1.7348230337615775,1.6691332673996095,0.787069499286319,1.0345023971542626,1.112568788131886,0.9741627332314886,1.061204262787199,1.1175714836610804,0.967096084387092,0.4780041013822653,-0.8082256776762793
292,1.9616500329587145,1.9254089582499672,2.0492149275254565,1.9529914612606991,1.9189473961009829,2.0575270417711438,1.5045670077329587,2.325998099455117,2.289276708883903,2.5413747638143205,2.322828326249745,2.2899752242025166,2.540908094804731,0.14959533857187904,1.3201810577113204
293,3.1966452907603764,3.2201320089284518,3.140455548175813,3.1977155768275347,3.219616588336104,3.1389801128776478,-0.8165301758267219,3.0988595640603958,3.1283434655847677,3.1340714526451,3.1021831765367898,3.127599069157849,3.144462938020573,-1.349921429408977,-0.9448288140207086
294,4.037465099659326,4.028343311387192,3.8032913926150855,4.020850272677839,4.04085355996246,3.796441954983346,-0.7150214876661382,4.39881681060458,4.475811907336709,4.14325888280308,4.38934070838455,4.475079540821477,4.137067752796354,-2.001270776925487,-0.13455564660011796
295,2.5062710348853834,2.581816904416216,2.897261576387228,2.499838006943186,2.5862374987411028,2.8967563476433202,-0.21952403197423515,2.709973717285783,2.79023079530038,3.2081522878213797,2.704180364312556,2.7979351278851636,3.1994375535357604,-0.7784022522429052,-0.18367947444629826
296,2.9325689502888466,2.83748932619842,2.9232987116383913,2.9322605272916236,2.8414605351023297,2.920042722340924,-0.4209672053474066,3.260239142536026,3.1353334332294684,3.151097722816931,3.265272889840064,3.137393590843405,3.1458628742755868,-1.2974479977842603,1.4284791107678492
297,2.1966928065775084,2.500083550087315,2.164964821233385,2.193130000728361,2.4997385611137375,2.1699322756075716,0.15091841383996293,2.2971898451620314,2.639197528500385,2.2315215864576623,2.2901247775078857,2.634141837783189,2.231209159514679,-0.5841973792243114,-0.6221969952393827
298,2.300958892460884,2.259102783717701,1.9207205613613687,2.2972620557451484,2.254811516173097,1.930485217383122,0.5215318519837001,2.9126825957482763,2.930651363826325,2.4250101865238487,2.90868249672842,2.9241935021883263,2.4367698767048944,-0.6912516459635069,0.8674073426643533
299,2.3308988568968947,2.298014864152617,2.1466102462501686,2.329312117862212,2.2754539355286787,2.1340174107982106,-0.028411436440671817,3.107399641496115,3.13760032702173,2.977964429895888,3.087470732487696,3.1608316667159047,2.9450950817704076,-1.2668556688718713,0.3404185489296016
300,2.471485369983057,2.4137921505819273,2.371704208154483,2.4680372938707453,2.413995932355936,2.384611577840467,0.8614030068597205,2.158435310587552,2.0272291747603446,1.9861618402287091,2.164018045258026,2.018597196571722,2.019462575955785,0.03206881172539558,0.4870014259250991
301,2.964059467139808,3.0210749859315373,2.947684953061623,2.9725734682600677,3.0127126620707916,2.964458385801038,0.15043609969418176,2.616212369389433,2.6576262640059145,2.8664644293715016,2.626427541157698,2.647265536833648,2.85463098267302,-0.06478884626483548,-0.15097350743758708
302,1.8893654233618582,1.8150152358336116,2.096698750331656,1.8830146034468969,1.8117744940364062,2.093425650362834,0.2895541437086612,2.488865486089698,2.422875597918459,2.811996581434609,2.5015987381404243,2.4151121184055846,2.809766567161892,-0.7744589482687185,0.5166508182667616
303,2.9101229640961814,3.142935431941389,3.170513241542001,2.9082792541316054,3.140239208912702,3.1701730868416638,0.31179092895659927,3.435455509086761,3.806323503742876,3.9388338836067867,3.4363424520517736,3.813680181680256,3.934746059932798,-0.9110446786761239,0.5556675370276764
304,4.051642250886345,3.786211444331893,4.126170240916802,4.048211055068038,3.7849986706598617,4.118769614449941,-1.3781688073026865,4.1587821176355675,3.818773299777048,4.025410992746227,4.154255473911302,3.824104364637876,4.029170926560537,-1.6035586967756996,2.2722312783925873
305,1.7558428246877704,0.7596277819613004,0.9178291047542193,1.7583356908848133,0.749295698363903,0.9744525765203362,1.0819852473616773,2.0420177629891705,0.8043501996309323,0.8989059605171572,2.0754135474468485,0.7655623825135411,0.8236500362184703,-0.2699630653243515,2.1089585375854334
306,4.299725055607662,4.418352415864953,4.008245644727569,4.3115132330627,4.410966158448362,4.004050583264648,-1.3555942422347829,4.333171565818742,4.498170890994755,4.088955073636957,4.338305459583982,4.505192834166001,4.091817471141644,-2.0178861367666943,1.559538396513376
307,5.01227546051353,2.3271091742562517,2.4517517195805865,5.01893264197749,2.3432584833111747,2.446637328803834,-0.7585533212620396,5.250652649183544,2.5397166848913235,2.668706576297483,5.251805776362974,2.5241879525770807,2.658245700798724,-1.582589523525635,5.041287321802918
308,2.060628727230104,1.6072146787053783,1.914033826251102,2.058067816476214,1.6150050617097869,1.912441373681762,-0.19641417032745215,2.454968148567257,1.8672447009176987,2.312245211112572,2.4586571924211977,1.8761112512158005,2.315315224553916,-0.8662701036615671,2.6514682848386006
309,-0.40494477531330936,-0.5454100283190998,-0.5446920619643215,-0.39993273220640785,-0.5379570782542681,-0.5335338051995805,2.43829638575137,0.9223357554033568,0.7376571323757721,0.7272232023639329,0.9873856478764013,0.7450847235004622,0.7513121792531232,0.5281519824305028,0.6418493439096346
310,2.9407895041850445,2.952791381171031,3.125964431996665,2.933274142427954,2.952059461660014,3.1282878264353995,-0.2825670881560742,3.2733022054207943,3.2782854857408203,3.3571774611705933,3.276872643016668,3.276924865441004,3.355156282236026,-1.393011095798417,-0.22584441290354568
311,0.689544557108982,0.34906452927877984,0.3279012123252884,0.6923497629524226,0.37282884042606623,0.3279526726761182,1.8322713359733087,1.6618998961790594,1.2611946876013291,1.218647966642531,1.6638880093260422,1.2271831099546986,1.2160288215912223,0.22546918508861594,1.9294149598506678
312,3.7693248269287816,3.5097285259504556,3.553691471112652,3.772391763408545,3.50814590770694,3.565392791636128,-0.44202149083743325,4.563674569934304,4.420437891729841,4.478523410423623,4.55986633335032,4.412831331585263,4.473526209564388,-1.9377313718635745,1.3781511980633088
313,1.1822086876268219,1.1276614732104213,0.9313645301094892,1.1866923045363462,1.1244912914752756,0.9305233882489734,1.6394916360498502,3.042681604390189,3.084269857820082,2.9413044367643355,3.0547530640171794,3.085052126874335,2.9418055614176875,-1.2708474205687779,-0.39921721867825805
314,2.3747773231461573,2.165293580106817,1.9678259497264052,2.380987882558539,2.1721560661469907,1.9659201749593664,-0.010515337531592627,2.6054516281055387,2.4250899277613636,2.4345621664550667,2.590199896376644,2.4439021937168945,2.449454444216479,-0.8619096998455374,0.9563581968881284
315,4.189136039586607,4.223060561104118,4.004151780474282,4.184854868632475,4.215325695373712,4.009910915149028,-0.21790728747757945,4.170547917495685,4.319840027871942,4.044983103417242,4.1776847768471255,4.320533110370109,4.057726288269138,-0.8222832520638127,0.8663638719801143
316,1.907612560677601,2.054455576929993,1.968341338297886,1.9112454288110756,2.077348395316201,1.9987672915481616,0.3471928559095478,1.8923148047028533,2.0835898543585145,2.0407062832694742,1.8870399888185438,2.071303401226951,2.029784153998789,-0.46794228594520715,-1.866321321717119
317,3.0256729792054378,3.0639240329041324,2.973063555105234,3.0226244796480275,3.069891456252427,2.9611762956059264,0.12276189309227163,3.4647758502864927,3.517721557674197,3.3764423783899784,3.4520867701365185,3.5129907072487954,3.3917158105976446,-1.3130702939662715,-0.2702916662794766
318,1.735280606445991,1.537046559109119,1.5333709550890589,1.7357365086400076,1.5283673561467659,1.5217806914121452,0.7765965804685537,2.5728664245134154,2.407776727836452,2.3638550924907764,2.5714783712669838,2.4040917128730146,2.3718016811538805,-0.5789400525963974,0.7625544339277254
319,3.27631964211495,2.6483476474374497,2.579204986412487,3.254991932401243,2.6717777590617415,2.570088707108316,0.5203962356463081,3.3453981421231895,2.5900035879815886,2.5095627989578975,3.3424074776565833,2.577163731634021,2.5082892205129577,-1.0895204948898773,2.778236323787879
320,3.4417850122971787,3.653485066118868,3.72898763044281,3.442279813812865,3.6508249009052025,3.7325028850652444,-0.8762680163285675,3.6699565293326124,3.927522022750509,4.132010174549493,3.6759353372291677,3.9248038700801184,4.130937726446889,-1.6703217868295221,-1.3180020484164072
321,2.407912294107756,2.077269832821825,2.2087295879607347,2.4125301709603626,2.079339727608304,2.2078991807351342,-0.33620395761349786,2.667454241781469,2.2720474172970575,2.303019049128163,2.6647609557988794,2.2803658971090766,2.315245659834302,-1.2436818295537282,2.145809390476665
322,4.084950386426866,3.693855204957756,3.89675923554404,4.067708330423476,3.692412079165,3.899193113581946,-0.8823713836715029,4.521944345129332,4.073429648477924,4.184871117556959,4.5182295925911555,4.0635643702660165,4.182682284262818,-2.0694210916632994,2.264596952110256
323,4.114417522780611,4.135253033746021,3.5600010742630017,4.115063636923659,4.139234871205094,3.568078936077146,-1.4692288910557996,4.253895408941756,4.294583230983033,3.7183911902931017,4.2559683283066265,4.30300320216479,3.7180791823002357,-2.2074272324247777,-0.7865422033141927
324,1.9665986792113936,0.3382671615404584,0.30625510573317516,1.9724519248443007,0.32526808269325863,0.3160852473655878,1.6250417568040758,2.6485411408895816,1.1336631870653393,1.1574096366056696,2.6560026239175376,1.1489581710342334,1.1429431944067454,-0.05812306285204154,2.300795767543331
325,1.5486591127967295,1.7503212369890744,1.774474077759393,1.5437223418176527,1.7622316504279618,1.759146420764562,0.9447830768370769,2.378665946391648,2.643284081707564,2.674692984972435,2.3741498278292905,2.656349094878644,2.671745302411751,-0.7609454915548056,-1.7211820649294103
326,5.672578414755585,4.201069284877219,3.9911641140334186,5.667741995795162,4.210282962141914,3.994602911657473,-2.1852703017339565,6.037254520936777,4.447056306261872,4.314085169025812,6.032690639336179,4.463107437691231,4.314251577939577,-3.349244837342369,4.354836264799258
327,3.0986279349194668,2.7802897026058133,2.8218069997389286,3.1127828406962035,2.782235205579076,2.8205602761445308,-0.04816100955253949,3.289219817120363,2.8466016915007497,2.849631704839459,3.302656489800623,2.852180075039243,2.853908640599782,-1.0439277731006869,1.6118035570866165
328,2.8948525072889377,2.8339078006852794,2.7330068667327474,2.895952271238486,2.832160772226753,2.738298212398937,0.1467117649002499,3.105178320726416,3.059154453615966,2.930088273266534,3.1184256652088775,3.0554345842256927,2.936336910196912,-0.8569487759949885,0.08952896594202579
329,1.4137318413338649,1.322330317540561,1.1813776487302547,1.4204492503209039,1.3294497764502768,1.1816211170801187,1.5718135212844795,2.121147810544105,1.956992518171548,1.7156777022172478,2.1243549632915735,1.9317594717192779,1.7385558303650317,0.025881344071362174,0.6604377507530073
330,2.89714515583785,2.9606268790738737,3.202781988429129,2.8838079187175842,2.9553972685891785,3.206698851099248,-0.07414398062038811,3.0049168477325585,3.128178516654228,3.3149429250967075,3.0488212676260513,3.114078307942131,3.308583282151929,-1.4197355526134359,-1.0545880258195133
331,1.56331143956488,1.4913714882169828,1.3594707323816224,1.5570801529654799,1.511790165452411,1.3465849537796282,1.3717351992138391,2.5947069897501436,2.488190950604825,2.3876038560976665,2.594842246342718,2.4949776816201013,2.3955112542078645,-0.46997146237304543,1.1456011326982114
332,2.754761024103154,3.045933270703638,3.0124487105809057,2.7493574299391548,3.057897917983732,3.0142149205574498,1.0081326874221748,2.2899155685129586,2.7566596337865645,3.0688473654950084,2.2838573192002003,2.750049892400124,3.070563328988167,-0.07734345669326688,-1.7024216022203473
333,2.007649766291261,2.0444140833034345,1.9461641460465349,1.9916863689284534,2.0304828200731286,1.9257246054577928,0.6625865296400669,2.762454036866181,2.8293567335058447,2.617178238582896,2.7652330196028325,2.8299911914105245,2.5982043513933104,-0.9148156936783186,-0.49352295951211406
334,1.2722289302446042,1.3832466440522868,1.364510106132161,1.2611141336373641,1.3976277172812073,1.375003803274778,1.1157452827508414,1.1374474325252573,1.3161963122341827,1.338838201793725,1.1341378252748062,1.3254949566966039,1.366529536782987,0.09873151843090423,-0.7751301864744005
335,1.3499255022030596,1.4272468714839193,1.4648160915699064,1.3402851551459192,1.4265856270293389,1.4680303015477134,0.5869720517280574,1.4746597346266161,1.5870955209657611,1.68505808513829,1.4751568522562186,1.5886726675568874,1.6829320639430283,-0.04351518749097571,-0.8395243732160921
336,4.66891961278059,2.025507493664557,2.0992218696395173,4.657427643662669,2.041617116538003,2.124922993393445,-1.7635393809730646,5.5180068017128185,2.875142920754428,2.5918777254379393,5.586075614865089,2.83130901264244,2.618601251492225,-2.9817898048790403,4.975747978606144
337,2.238745996114078,2.210255326420609,2.2514548267754826,2.237205631219658,2.2287749430880734,2.2437516077290374,-0.4460494760687838,2.5815926548010437,2.590307912442075,2.347577613209578,2.5780596099138107,2.597493317389625,2.3391837692223487,-1.400979903693347,0.6419465016743897
338,2.0103994367656726,1.9334184784910247,1.7560169354461925,1.9972196127653408,1.948638045839688,1.8241741897209385,0.6142978144663557,2.329171360097497,2.2364118805056763,2.0265085077382285,2.3206715838102063,2.280270039121685,2.016685516408292,-0.3188861985568359,0.7268155964108641
339,1.9116685717653774,1.5613304543847186,1.5347068612744852,1.8783573970560885,1.5522414115836274,1.5594355651550111,0.7478703506414769,1.5460004742837523,0.9572700560544997,0.9782635784319746,1.5586005834247099,0.9745465689209094,0.9588692723879773,0.24041387095408046,1.195724179535102
340,3.6950344579725978,3.3234976654238833,3.2933391077728866,3.693755271687034,3.320997853973193,3.2890881770561444,-0.670150223195464,3.950505844531792,3.6990460623285784,3.5740933807601145,3.948063871940956,3.7001777061156655,3.5759070989042168,-1.4679055283304558,1.8327117366775576
341,4.592535980808569,4.384690705935735,4.642569222742763,4.595120433004717,4.366363270517054,4.646305723723353,-1.5861192258171235,4.0650530135343645,3.8444846175475815,3.975397840224075,4.072082811293357,3.8394461009045635,3.961623943594555,-2.0912989564642754,1.7224485390649158
342,-0.5879235307910673,-0.4595366390946214,-0.4974772655814675,-0.5978458832549053,-0.4605452903687229,-0.4690974048458148,2.589045314889202,-0.3198661433114623,-0.0904415400975332,-0.104031011433839,-0.33704653487180136,-0.1113168843545976,-0.17273144320279515,1.3910651061120922,-1.7149733154333953
343,-0.20115796054026622,0.0373005610335232,0.034879701386628804,-0.18843816201166125,0.041275632304025305,0.05519027794216741,2.0449430391812533,0.5942330399851298,0.9490809160676463,0.992938871379153,0.6298308319202652,0.9535057734872037,0.9762515063406464,0.43017435936519033,-1.1956006263126329
344,5.713397739403749,5.140353511294262,4.969408510514197,5.7080209239412625,5.143671064988675,4.972396584084024,-2.295690372362285,5.852456832227699,5.18148601021841,5.186389404289241,5.859790990452588,5.186147520024111,5.191484373102204,-2.968140459528645,3.472412348721947
345,1.351433520516865,0.8691083284786641,0.8459884605186513,1.3500137946321897,0.8842709176331374,0.8547869132925968,1.336937018669312,1.6430543792043397,1.026639659866229,1.0233136048780387,1.6768009851305454,1.0465065852822861,1.029426320561897,0.24283965627265702,1.4571212346994291
346,3.7735428748436215,2.3671098867540676,2.1322067460093406,3.7740309456908405,2.3551735677377414,2.1240362585899284,-0.16433862393241125,4.051553880253069,2.4382510699963547,2.2137408321192664,4.039991490375433,2.447345398543609,2.216186299830039,-1.256727676394301,3.350049365481495
347,-0.4438034413419847,-0.7448080379498659,-0.6500701503740773,-0.45156314639718237,-0.7687411410639211,-0.6513714855170631,3.8792483299601006,-0.3698044765446087,-0.4739647453631764,-0.3951429310887397,-0.378942100408888,-0.4518088851039164,-0.39105875016103747,2.561084690739902,-0.3218434838876235
348,2.346832316122578,2.4426918763649628,2.247884319510523,2.336151745004089,2.4745520991294425,2.2283755628808852,1.1089482642891804,1.858580168524627,1.993920083500494,1.8760719501166254,1.863340922358407,2.031964751149487,1.8762644247993676,0.27049508035433373,-1.9224181479290565
349,4.430091354930594,4.2808610560088765,4.628846306698247,4.434086700073647,4.285322501539145,4.637978935174897,-0.9391349731991918,4.973818919740991,4.791426714638229,5.458350086575597,4.962693053543325,4.7929471806167685,5.4555585900815515,-2.7203470382270765,1.6956932084496223
350,4.037754765753815,3.1087024267194896,3.2357731137820913,4.038545875455259,3.1102291526352084,3.229619168529313,-0.7230202853974861,5.015704049233743,4.074007439339775,4.1667527501925985,5.019152602567305,4.054426554796798,4.165800414348964,-2.6526880388901706,3.4351599150465764
351,2.8719864923882583,2.5222428806071333,1.9715780201590585,2.869285343981583,2.5303735551470647,1.9631994227030494,0.3356286433748857,2.634540965838813,2.23378147659864,1.9247224177722473,2.635493493709916,2.2354572599857447,1.9214575031421022,-0.4434269995148755,1.243426158132044
352,3.6903009212933284,3.6731962327417516,3.5351716515841165,3.698719266748518,3.660851951607547,3.5378004123229054,-1.2210733390972022,4.391220748086632,4.493157392226466,4.243144629594555,4.394053259111751,4.499731966229431,4.247253052387192,-2.5637038397560645,0.6649062444189531
353,-1.8007588430366406,-1.8000384892693773,-2.194362440548263,-1.779871315058609,-1.8047406205918073,-2.1792786536507345,3.5058642314948676,-0.8086121873359959,-0.7116951758276189,-0.8112279945141642,-0.8255874046594801,-0.7342293980387856,-0.8125597202197129,1.8831336398191902,-0.37316148874526683
354,4.231089737027751,3.9980351380581136,3.833232459092736,4.232148444544085,4.011036393343302,3.840166729440144,-0.6148561874318726,5.00090807187827,4.842105583199372,4.623125238989617,5.002537934431301,4.84622367683756,4.623124565712693,-2.5190520199778454,1.4637573746870223
355,2.55929139020473,2.5641475507455795,2.574814165076659,2.5733055285130617,2.5632245298684952,2.547942375639666,-0.24517804005099983,2.9985318274152566,2.999687449173533,3.014260457034905,3.0103912932852523,2.992687745547173,3.0124911064233926,-1.6993113866955079,-0.06556638812554764
356,0.5822766533249738,0.5999109821762433,0.5555968772669899,0.609168472246993,0.6072413470949374,0.5772917538378495,3.5908701848069366,2.64043518367137,2.665513592788489,3.1563655558105563,2.6588968505348736,2.683448395381999,3.1507182785655456,-0.23484510674450224,0.09779547373678059
357,1.1446704338112805,1.099708562001595,1.081515664546735,1.1445113583116275,1.1197029776127363,1.093516888600157,1.5604005034986244,1.6340559426155097,1.5454716956074517,1.39641352470493,1.6335665183063277,1.534013237870619,1.406470946613002,-0.0217399004674016,0.5402306428146306
358,2.1756293224698666,1.3675493821157285,1.3601743244488693,2.172945583562728,1.3714673276911464,1.3675979867258223,1.4304399051440089,2.9643738110461153,2.0891560967076375,2.0134818409712296,2.952313199468454,2.117467104817405,1.998714090192274,-0.8444996707034745,1.7238523972728546
359,4.553296723768747,4.013991022854016,3.958481792884368,4.549403641140473,4.015146845517784,3.9584558447238463,-1.2568075183071725,4.458150835852978,3.9041101092394492,3.8821130069550014,4.457553190920573,3.9042082755735588,3.8842872077873265,-1.7351567078959083,2.958300728167298
360,3.957089825233994,4.087325254594818,3.539789046252571,3.9622215183262104,4.08505245186123,3.5285669063737424,-0.6020477975212337,4.4321337484899015,4.854865860171945,4.5783980359284575,4.435573196193198,4.878341375844877,4.577952397375961,-1.685421797730259,0.19368506633509555
361,1.1092536522195948,1.2051630267964877,1.1636163231385122,1.1061717900669497,1.2055319761807963,1.1578709928642086,0.7915926163959003,1.6786407714526819,1.8010210587955933,1.6549564929244895,1.6853353478204192,1.779864771994073,1.66239254205216,-0.585586133205055,-1.2467438430051299
362,3.8577898525717895,3.6589447443972265,3.066287883878187,3.8604226255823644,3.6708233368917624,3.0690587957869284,-0.21390437501419923,4.264637228073929,4.250597172097705,3.709182463193685,4.28214829924065,4.253764720117452,3.704950887343866,-1.2128447013882322,0.6959532887798915
363,3.4103987693887654,3.4928974338426007,3.447302642384522,3.4089515123185357,3.4910167863198085,3.4555427772635876,-0.7871123518004525,3.501631931676068,3.5954415576231717,3.5684906405802295,3.5092579014918663,3.5927424470422147,3.5660655700339405,-1.333596264429762,-0.7237476349476949
364,1.5291001034189367,1.5789548870836736,1.4484852920580746,1.5066899768564066,1.587052077650651,1.4647277112747088,0.7827929344809935,2.4256055965637,2.497162213194876,2.2047904005475156,2.4281836179740215,2.5197819121360516,2.2863838924026423,-0.6725635557387336,-1.1074199610651354
365,1.6619857680589258,1.6785234719813538,1.4507414867237047,1.633053678036863,1.68517068229223,1.4336979798504526,0.17838016423585534,2.404836970497473,2.473611593948759,2.3065634097838896,2.4040554391664406,2.4604018446421074,2.288317945602689,-1.3637893778591297,-0.19567360339364911
366,2.6744695732762467,3.0222082829199177,3.320674544128759,2.681407626410917,3.0127850589020175,3.316678319251992,0.34487571341928047,2.9993422013523023,3.412213884257651,3.7303699029860233,2.994929461388144,3.4128921578487534,3.7313139863161267,-0.5506537501414491,-1.4025465695277803
367,3.2271454388031575,3.0001594772854103,2.9774469324492143,3.2355087035569947,3.013898457805365,2.976992964695277,0.08782700255667773,4.027189170422514,3.7972958178712517,3.7902976161249544,4.020125434253176,3.800163159256732,3.78948955168074,-1.109706555259321,1.516007630532453
368,3.457082379352524,3.4671849742435006,3.4622760560522083,3.460929518976374,3.456487179103675,3.460623655314291,-1.0268772871291072,3.546844816424739,3.5588980051761765,3.6159723863332696,3.5452124379166885,3.569841764451946,3.6139453072146193,-2.0490020555430735,-0.47634816762399024
369,2.2927598807085157,2.3432760242260855,1.9482045094216023,2.2752618003015486,2.3425105125194423,1.9493798853405484,0.6260819941381683,3.428922228721394,3.609771874785067,3.191751969246299,3.423240383586776,3.600592599045189,3.1950007126543234,-1.826965425920266,0.30562849410954707
370,2.5280207907412766,1.0345152757763492,0.9508505776446132,2.5150107622864706,1.0259444618263793,0.9486163210443196,0.6448276933110899,2.9606338709352387,1.9258203188626455,1.74966455075969,2.9597965473213126,1.9202175010851505,1.7358148518611374,-0.7143670434767375,2.0691529119541228
371,2.1003779812753955,2.0635506825351033,2.199420982070308,2.109944531751267,2.0559072977084076,2.2069699572023356,0.745061453698379,2.78225294133052,2.736106791841323,3.121342610405647,2.774640041446841,2.749025463696385,3.1034322577590134,-0.3676418953222962,0.8431297494579296
372,0.8703380362427143,0.8160854801102633,0.7786892369909685,0.8746995825504037,0.8101482145301773,0.7783195269470291,1.3817790636985632,1.6601765364582524,1.5571167507109493,1.5376693306132103,1.6565532243978822,1.5523103219847005,1.5451194009485227,0.3983927467961321,0.7245352023174122
373,4.8388416034519,4.221704756201489,4.282997167691295,4.829351938489287,4.218636286565681,4.275113537605828,-1.2405806210035233,5.175390154827141,4.564959484577085,4.674498552008162,5.169282404747873,4.566096948646061,4.6643057350245565,-2.0159783337403407,2.750632427334953
374,2.390186808826105,2.443257188747632,1.8860613415565661,2.393959252591061,2.454460625984865,1.8812329848758333,0.7901907367305786,2.317028488088252,2.34474085753328,1.889174895570155,2.326209999534629,2.341883664165266,1.8873324727860923,0.05512864035887206,-0.4390732476436142
375,3.5601099005292305,3.5857411014254477,3.870269173591526,3.5650697874190436,3.588282596465421,3.871244647765315,-0.5592299752129659,4.084949918375438,4.109387159004701,4.314915791379936,4.090930884761314,4.0954151933604255,4.30953667422737,-1.8451735801798588,-0.6099017421431921
376,0.8091035057991016,-0.9448884452371649,-0.83724008931345,0.8135589592835277,-0.9429091041797929,-0.8526279704070171,1.6156798875107043,3.5090924751733725,1.2015605303909838,1.2604103431143536,3.533662725249496,1.2053026113322578,1.2537559939546166,-1.8349891947568209,3.8573605179549566
377,1.9905620439932563,1.4337287197645987,1.4929348086407472,1.9959727837812404,1.4253257370290602,1.5073295836874028,1.5965603201700793,0.885274555702947,-0.026190999185524727,-0.029285260685767096,0.8904878533590292,-0.024349127082027893,-0.024151458052482807,1.6610800668999053,1.4681752628226332
378,3.865003922271775,3.6652304734725987,3.483118542178098,3.86622238533061,3.657964252519348,3.486941530151403,0.29610131804090284,3.731003056071569,3.4817205771165103,3.2847460734861786,3.720059050948227,3.481521579996069,3.2845125691581782,-0.45075089954128184,1.263103993639025
379,4.677035719319748,4.354664581307871,4.690599872983059,4.671549388340311,4.354931710872908,4.676897593510862,-1.1071752362177145,4.860373838595267,4.4982297592313145,4.906313930370078,4.829739867533225,4.498161359302009,4.911153463022283,-1.9340491855409625,1.7845029563240438
380,-1.0674334255712439,-1.3646974127058957,-0.8890743553273742,-1.066273744868316,-1.3643903000995536,-0.900045826336381,3.5368773983170594,0.28370029544413283,0.2347441664473867,0.21574315653363893,0.27125164775198646,0.21864300431702693,0.21881101875344663,1.1694977493369771,-0.14066238623796132
381,3.4891836893417403,3.4663200860755734,3.8482136814610644,3.4699649799140957,3.466139822421879,3.854431502095363,-0.4439124883254389,3.032738988780489,3.0070085843274375,3.280754944813845,3.0368833870229803,3.009848874991944,3.2842664059902975,-1.494986230914421,0.06636438280351784
382,0.6538880801873493,0.8513995487809761,0.7544336902918313,0.6620956045467828,0.8410654127497831,0.7519105083446137,1.779993234538243,1.71125655582454,2.0244786565055266,1.7561966520281165,1.7285220323522885,2.0193357806775873,1.7595320752223311,-0.32952290510212584,-1.387719537188748
383,2.552352690986649,1.5958413801837341,1.343763828782601,2.558006624442818,1.5870787320948758,1.345599028570186,0.17432844932841962,3.0122002357574353,1.9120868567008362,1.760848318656079,3.0134232787097863,1.9089884816555502,1.74564030815463,-1.1655431972255703,3.09829926569542
384,2.580255845662483,2.774551040178018,2.5189903492143917,2.5570694553858133,2.7880107258544506,2.5192987550551567,0.778857391866927,2.5860512354345544,2.8691796808335233,2.434590532005419,2.6084004789967192,2.862503140301052,2.4497795608107857,-0.1688991648059208,-1.454410100025669
385,3.9881425312727203,2.5991698604006497,2.5749092823338278,3.9915871945961765,2.6035995248906114,2.5737162874082675,-0.5891365171507107,4.303058200136105,2.768087277401545,2.773774035420516,4.308035549637059,2.7734137029336035,2.7753014182293194,-1.3539089095832435,5.175159843703814
386,4.576875519126241,4.606255273170279,3.8566976045458485,4.579405501520488,4.602603558584308,3.850606137718543,-1.388679378172885,4.531729480584035,4.567655808989979,3.774840360435071,4.538690798958996,4.564439256095004,3.7838425828733735,-1.9413890390112765,-0.1796968269046119
387,0.7105754931037264,0.7289284560734164,0.5962256055753218,0.7086551820626521,0.7223953686866685,0.6021499691530947,2.599454867185563,2.0663439082781796,2.075745862914986,1.7632500241925904,2.0778790562550244,2.0708628693939266,1.7477636273609833,0.6048291721225625,-0.21106638430972033
388,3.2260653716019956,3.2776111136420925,3.1582797671088816,3.2235335147558972,3.2919947909690466,3.1593313295674115,-1.2008646315625693,3.0455612463159736,3.123528803778109,3.0799613483475428,3.032649947296556,3.1264032245991875,3.073167802364185,-1.5373265793932804,-1.6616614449398734
389,2.931800353216422,2.7988824233577194,2.901602621548718,2.917711705858285,2.7887473644579193,2.8971793140560886,-0.5267103656282306,3.2012875269717074,3.045915854160789,3.041990420719568,3.1799746807179865,3.0347178042683587,3.0305030811747415,-1.4409746176287008,1.612371883677044
390,0.10349748087999734,0.09007608060566596,0.08819386774918683,0.11312356360004903,0.07512325938009971,0.07921611509363408,2.2689480128005117,0.7619851305925337,0.8381623383664271,0.7738118957582019,0.7667400030251181,0.8125547074147923,0.7752172724868368,0.434384739694318,-0.22256956792893567
391,2.572875516439727,2.61154324484895,2.6577152034183293,2.5645274801033313,2.607665840761443,2.657887215432327,0.43968281772759765,2.8051689775368365,2.8992401700328463,2.6913443924617595,2.7888821554035164,2.892961845740379,2.6903440390592004,-0.9162555711572068,-0.280931577409191
392,4.50769654267742,2.1780664459382755,2.034397797384522,4.518375542102663,2.1701205236358994,2.034326791208218,-1.224794154468418,4.664678599771004,1.531770428280827,1.4450868170955562,4.670921438840827,1.5330626978521316,1.4360107689507027,-2.2383428967439167,4.976594007386582
393,2.651146609713262,2.6909488523985994,2.711859510342593,2.651457301559927,2.6834405111138606,2.7152896028261018,-0.4348007697050057,2.9694987236421753,3.0250852951800415,2.969534682947866,2.9875644067793234,3.0281219714456045,2.962822564926777,-1.508927008372988,-1.5639687545983507
394,2.254195469247257,2.0880987443891046,2.231211312181342,2.2447644079110374,2.0887228574066454,2.2313268558007917,0.3798723172609023,2.4846682571596816,2.2704287882828216,2.4449847414051202,2.476274498584503,2.2755631525354403,2.4469616341018616,-0.7898849483997856,0.97214743973487
395,1.7996308987942067,1.4588556314948908,1.4491104437106967,1.8141269604875108,1.4688926318829774,1.4402187673936104,0.7113563514131404,1.8983867303743396,1.50692634993375,1.6157806452846284,1.8976838082559435,1.5181165340805696,1.596420502045086,0.09042652921209131,1.3773799527312969
396,1.0393962101312544,1.188750871137714,1.216694679666114,1.0178511262591465,1.1830093431268391,1.2059815171614683,1.404965759979657,1.2526278279599097,1.4278629218788064,1.486152088739353,1.2570980757438133,1.4221446235294044,1.4876861636816983,0.2771798380644737,-0.6756850931128319
397,1.9837805026376854,1.873553823519423,1.8669677015439583,1.974588558833603,1.8879372142264277,1.889616290721898,0.5882884417500436,2.3387129277049823,2.179252331243936,2.3593348326369905,2.335120829287732,2.1863775936293406,2.3514782265671736,-0.6793525089231033,0.9265769396193881
398,1.503313136267271,1.6292342230301455,1.5221144533665698,1.5047117344853889,1.6338190862274058,1.5113476699560444,1.0139834965691712,2.012798531157188,2.1982808702039427,1.975237486074411,2.0008471021069774,2.207708492682523,1.9685805667572267,-0.3567536280536915,-1.3502040843182692
399,2.5695288542891777,2.05994767492582,2.2005111452093926,2.5684008133484713,2.057247257439201,2.2185327231497425,0.3835025218126477,3.3836625956583997,2.9490747080327733,2.933026427029076,3.389175115768013,2.954090987401478,2.9182261320068945,-1.1654548658815935,1.844736539176959
400,2.152108802245094,1.9817698354653837,1.5202539366551733,2.1345421864069754,1.9783445340649977,1.518914983179355,-0.28567492531792266,2.314212484841471,2.095299315072884,1.6607609023671621,2.309416382148969,2.104191295369321,1.6509996637431006,-1.0350442015799786,1.437083344895622
401,0.4885372244056472,0.2685832552764317,0.27480722109989564,0.48501510648593,0.25230654613503734,0.29589848207838015,2.1033177843173094,1.3128282676213971,1.211771118109576,1.2046592542281267,1.327939107357087,1.2003041563486005,1.2133475742651645,0.35621795727164696,0.42671607506473264
402,3.5954900231723226,3.5463952120242737,2.9743886403993214,3.5929229420193907,3.5616210683671015,2.9586626122119544,-0.8234361060366119,3.756288175587704,3.7396772773125395,3.1693324525354907,3.744435778406817,3.7217389048895138,3.198924341860683,-1.6291625354054586,0.6823071900665073
403,2.9108232450648486,2.871735129735725,3.0030973453898926,2.9064558027032525,2.869838566434527,3.010970359040248,0.5610552497273343,3.645237328753337,3.6180825344733987,3.893576355738154,3.6517802287163352,3.6206124774226143,3.8832373085642224,-0.8266542378852346,0.3164230869977815
404,3.5658514511958184,3.5824829728426,3.2262856254129075,3.573530375760668,3.594921270628933,3.2231139382150364,-1.3000623883344204,3.487893233221611,3.5213402431709677,3.012816410935069,3.498789983972138,3.5326607792438867,3.0135207269255737,-2.098145361448187,0.014619191660327708
405,2.2931173669715745,2.3214459385396955,2.2369004258872365,2.285156431658687,2.321890073725011,2.2370501852871216,1.023793069529738,3.042381175713227,3.2167600473877735,3.0407448548727585,3.033994536242757,3.2233846899646244,3.030245858031741,-0.6679900408845838,0.13417509393695407
406,-0.15668118949942006,-0.3760558571269655,-0.31759550182715685,-0.14048044705183452,-0.39378290729006316,-0.30755810470389183,2.288687518512721,-0.0569658921797789,-0.4136136177837042,-0.3562606350427623,-0.032237478099081035,-0.48065901203713046,-0.3431650253170681,1.0975128231310045,0.7286575902272379
407,2.0979451312280832,2.094154239944991,1.832523736059242,2.0969140617858297,2.0887080898955848,1.8270508182509329,0.7826670967556931,2.768547948517979,2.7687127095258077,2.4926492553474695,2.7691768063783413,2.7741432935601105,2.486164874391846,-0.5766235556689137,-0.08712902062288626
408,1.317766877161644,1.0186777644862126,0.9749696553679404,1.3508211891165118,0.9912193571648705,1.0095562776554972,1.931711487371583,2.1511632799041482,2.0887977642003897,2.246800344997773,2.1422397101529276,2.064490172268902,2.250914279990833,-0.5282227010837248,-0.03310218152389696
409,3.5566690939163865,2.90084333477326,2.6079081468984184,3.5626833947640186,2.8893977451604633,2.604682359661346,-0.4941469361500184,4.31941244318039,3.402825828221778,3.364449165885442,4.3241331225581465,3.3930065998825083,3.3704539388260577,-2.1985403315063117,2.280291381604894
410,1.2416109649119376,1.226580213125678,1.3321281993171858,1.237515691408688,1.2438918761357902,1.3443826329070796,1.1537061361065644,1.7717890478477314,1.8100225226637614,2.072477879507254,1.7748732041603401,1.8451367468690163,2.0745901848394825,0.10675355418141458,0.7592303082784767
411,3.9225889476843587,4.053278201078783,3.7361825987431403,3.9254219019195253,4.049454044644981,3.7461465874284983,-0.7150713794892658,4.2432587318992985,4.345914599391671,4.155053105915334,4.2447054994305,4.3495561000475575,4.146679269438442,-1.9619468438086525,-0.6314713678266946
412,3.4202134440633523,3.417318689340298,3.129184413231196,3.3989878622742706,3.421870669083586,3.1237763285336886,0.24509189471539147,4.1524422770924305,4.111698216662135,3.678571417034907,4.123177006866215,4.1253153354651895,3.6761430681959597,-1.7335605736097959,0.40756614588057866
413,3.9047626250671383,3.7866422623094103,4.073739815994963,3.8941711822617475,3.7963406774952007,4.060441429152111,-0.9811041617125523,4.437422739697658,4.330343702016181,4.869757342847119,4.451660255957445,4.334202360133378,4.864391126366498,-2.218415593423813,1.1672535703576843
414,2.132849489098552,2.2481607972605944,2.330796459030568,2.1409668701007494,2.2587746807810536,2.3319003933300535,0.6640864635901557,2.173309621598422,2.334183609258034,2.5447539565351165,2.161362984412712,2.320118067406778,2.553115843791562,0.10411293670933458,-0.5218426576816514
415,2.2595719765994633,2.4387775348466048,2.386570224265219,2.268634968389837,2.4364161491284264,2.3954386534493497,0.21850298879640295,2.569876450333511,2.793635789841844,2.8132817396376644,2.5931144257441012,2.7738377260060223,2.815434559967561,-0.7517741398767543,-2.276631471339184
416,4.246974036474902,4.1255777103450715,3.3786141519038755,4.253242871689751,4.1256809042526275,3.383555535067159,-1.2794807351964768,5.150564173607692,5.172580231856925,4.298890694038478,5.152845088271502,5.185633749226547,4.300872924574442,-2.833524583048481,0.9839634212435
417,3.108243937411602,3.0606334256396472,3.5385054751588165,3.0994150129721314,3.0586674521030703,3.539812153821857,-0.3774413902619193,3.3939424329409227,3.3432508243240884,3.659102929104653,3.392517066526407,3.3471690318499814,3.6663083779719843,-1.758306406225343,0.3763840688038506
418,3.3170502610087027,3.3109466415470243,3.311164645514696,3.3161193846157926,3.3070310471609643,3.339344517322578,-1.059748894018027,4.208714597698952,4.206102870631163,4.294688913723192,4.196297532517367,4.197471439447091,4.314010087040147,-2.076455775645616,0.24595000047682414
419,1.9076450911338934,1.9885140739282872,1.8727905254242385,1.9258864794543404,1.9605331778726858,1.879459967722466,-0.14758662855314017,2.0018922279597176,2.1887971992096142,2.12032267172091,2.023502459385034,2.176356117861497,2.105378849740879,-1.142174109152644,-1.0614285290073089
420,1.9657898871548078,1.8278913559292533,1.609668518355697,1.962225916955485,1.8172039067137473,1.602936567719001,1.4442466560240903,2.1643354153072014,2.1427498515594663,1.9532129718216673,2.1579869920258545,2.1366641874927814,1.9407529281675375,0.15065706828775746,0.3156596961786946
421,4.1554235078975275,3.751253835990858,3.1938060827275407,4.1543590381885345,3.743577272239824,3.1992665750874116,-1.833717070026461,4.10630629116807,3.677313441892882,3.2363768346924777,4.107567302426661,3.6726599710041654,3.244124612466777,-2.235785139458467,3.2135587504571284
422,3.5527234548449305,2.0699033445994246,1.9809306508870006,3.5546112841915645,2.0708680491036735,1.983796330576419,0.308145371243052,4.654123754185765,3.0063183278537586,3.096131420870608,4.643029077909686,3.003901636135113,3.102345433341306,-1.464091885294272,3.974343699479509
423,3.478477475560689,3.5444635112607323,3.463813176839413,3.4834181240838626,3.5406974102294066,3.4721761910444426,-0.46947877742352456,4.016409420447199,4.3266375589360875,4.314153420558463,4.003514989932777,4.335832422951715,4.307313350700722,-1.9025850429637703,-0.051689339751384046
424,2.462341136306868,2.5137788842182296,2.4449283098150265,2.471359991353155,2.5164041480831894,2.451604766341177,-0.12465543006878932,2.797262727724777,2.8613425888244897,2.978616211429615,2.798503171423964,2.854184730294991,2.971760548796417,-1.3915798644991486,-1.106889855030399
425,2.7177665634101262,2.468877097116704,2.4150510055584333,2.7200837592735847,2.4732166656046273,2.4168587038835745,0.0505494508078168,3.110111409033179,2.896502494995442,2.9886508314857902,3.09359550212509,2.9022342402633954,2.9967634239096292,-1.417723185847211,1.220230707278125
426,0.4914421601753346,0.4117729023785521,0.3829037197927888,0.4807524779735708,0.40582649313701485,0.3804711801818801,1.6637724622557173,0.4950032383117569,0.4130725988626816,0.42581575757037005,0.47944238896594965,0.4204431241554228,0.4532998701273512,0.6881268434939365,0.4687815464884769
427,4.178587530727231,3.86111013655874,3.7580346422757454,4.184273939013673,3.8671526831516756,3.7554705129122348,-0.9449158860680902,3.9314704598077537,3.481022877996927,3.823718609438924,3.943946767741596,3.473872168647572,3.846324542830743,-1.9063215094845405,2.3560796509171236
428,3.0958067933159623,3.082374059051735,2.6024660585798682,3.1057339838693268,3.0781905615051097,2.5981548145597135,-0.31763015075977147,2.8228405435631263,2.8437489643831424,2.8242997503534224,2.8234909146290255,2.851178098570059,2.825517320375111,-0.777209716585983,-0.25496925689978994
429,3.6060380547121693,3.4789992494977335,3.376160721672725,3.5994672201208333,3.4729844902489853,3.3742516262864513,-1.4982312546091885,4.475738067572439,4.357905283539489,4.057638125597063,4.4773556359001185,4.359958005672166,4.049628863238649,-2.8936889779869586,1.1880919364125866
430,2.062873503432076,1.8554361513973328,1.8084731226298885,2.068207285341579,1.8457591711438512,1.8017283167865596,0.8635954730581656,2.5254807585522454,2.2438120311271206,2.234124142624214,2.4959588232965086,2.2515758228872604,2.211065685351687,-0.10524368529526643,1.5359028227531677
431,2.3664346987393428,1.673680816418091,1.594160792670276,2.35283968252233,1.6769930557545096,1.5877696829797525,0.40233508139965657,2.690031705637068,2.1844863951285447,2.074144158462734,2.6788899124796135,2.165833970513231,2.0784026747398325,-0.8067694684285233,1.7863303562508008
432,3.0268378980694646,2.8351241538132053,2.788647735930855,3.0294950931418008,2.8376483325397706,2.7868191509540883,0.16993434018570847,3.9307350925737836,3.851318017626523,3.7021064147040086,3.9257851950620033,3.8376993695899246,3.70064144486871,-1.5790916843528553,1.219420165102288
433,2.717317997157969,2.329402995578849,2.682549522768053,2.7260686540416024,2.3428993136642755,2.724130677076974,-0.24555808045388086,2.8294830530476163,2.3369600501869336,2.991109542680654,2.8295670043297276,2.3167266960326343,3.11494543911019,-1.4840938603999128,1.8749495030416747
434,2.0415504876279904,1.9648009233550963,1.9984926954228597,2.0416062551191954,1.9566111528423522,1.967949034932431,0.4237414416170122,2.8791679812008986,2.8315905532545624,2.8814045766980274,2.8867911105151602,2.8033182430590724,2.8114049340914993,-1.3977426561096185,0.6696070935351828
435,3.9026713354252784,3.8818809856803145,3.3745547199968957,3.910963565910636,3.876767137099623,3.3696771954001083,-1.3384290632078237,4.1847151919801675,4.156226361571959,3.5163669120911325,4.192115935196904,4.159021754920911,3.5361468855657354,-2.374182288428025,-0.7399992067372485
436,3.5897289824139214,2.029689074003186,2.171016677182841,3.596478224743072,2.030926010524352,2.17389752455185,-0.51495090018561,4.746163919038978,2.9308190444698545,3.521469703348932,4.7517656680534195,2.9123262103223064,3.510680225039472,-2.3550050439866976,3.9083438216411976
437,4.096345054698801,4.012632714449516,4.143656105017351,4.099466402608974,4.0230206192937,4.159381284237139,-1.173092612647419,3.955142636481459,3.874631265208866,4.244559959437242,3.9445003852750675,3.871724751046801,4.26799138081457,-1.8264923553833026,0.6704002982641336
438,3.5017520721010555,3.0451558100597182,2.9291202050586667,3.496186398622868,3.0430277659744154,2.9467454622328018,0.27771644379187266,4.218382464851158,3.622569095446407,3.253369320350712,4.218343918578757,3.6141257466632255,3.280088789176727,-1.4132793977943978,2.3232213757088855
439,1.7964529235178779,1.7731893259695808,1.551344885013532,1.8012454609159154,1.7749459914335344,1.5485298288436777,0.5187119037878485,2.8934218300537333,2.874682187578126,2.5059178255020487,2.9025035698024526,2.8727575001192833,2.5045762155304265,-1.8616147406674353,0.5358158060138372
440,1.4644339936340454,1.577302219246557,1.646041305921807,1.4652443972741644,1.5704247288211224,1.6265823888306554,0.8259903694889292,2.301397020473576,2.4503787000353645,2.5427880348026446,2.314470776879748,2.4599099172354295,2.5639327991315892,-0.8416864320776647,-0.9735607917120664
441,4.018284406914807,3.7959463894722556,3.3497004035813696,4.021589677583346,3.790531203288858,3.343845947003988,-1.1103465295468882,4.084979764744461,3.8279883891856263,3.479574298821152,4.081274720268119,3.8210766538088934,3.482234003093147,-2.0446759527430545,1.5220769683780278
442,3.6128539568479705,3.1522173009932826,3.147264958508447,3.6133736139515755,3.1682749796391323,3.146448950762222,-0.4618020598307888,4.5422553661681055,4.231380346476952,4.279265400144871,4.5455665578011875,4.24507853251083,4.274539055180578,-2.017591974561208,2.1244631887778254
443,3.738780331319844,3.3188101677750472,3.5948403015430537,3.7539746658448303,3.3372280620242902,3.6518463775073107,-0.23985574265045748,3.9763121854699266,3.4993431764693463,3.5777321893939167,3.95449571613764,3.49821698580477,3.550732497430194,-1.591759296102233,2.5908004267573363
444,1.413269101810753,0.389766857248723,0.3146813213555653,1.4168987193059353,0.38118846984042676,0.3098965901838549,1.3555175522400027,1.894040733995843,0.666011826316665,0.541333506072526,1.877253399046562,0.6974782786519557,0.5705699049575151,0.1453675580895807,2.620548102464466
445,3.9704843767834244,2.5321949089963565,2.6148357985592456,3.9718013600356565,2.5498057554900986,2.5992762532275413,-0.8205072135139261,4.454269810505671,2.9501967963658546,2.8413873792066466,4.460559569897233,2.951161016149428,2.8487691246012607,-1.8309709749274292,3.8679452682760007
446,3.3281264326532813,3.242542737994038,2.9471015709966024,3.3302362704737947,3.2394677561937257,2.9529639668984276,-1.9332145122856,3.27142964481482,3.1560619640683214,3.184468856594494,3.276094943774239,3.1576581775360193,3.1900136604665046,-2.3044248506194065,1.8980101641885578
447,2.6300290314761874,2.7481203567160373,2.51251616534623,2.6162824273682483,2.751939897670609,2.5213975360669463,0.7937010441555956,2.908757992312492,3.074512650823507,2.9797044059366455,2.9302081061052334,3.068123550643143,3.0096850101826806,-0.6629150277213699,-1.289218794009683
448,-0.10419910731641405,0.4074247136834789,0.4076241895588925,-0.1295106207197107,0.40631859007596893,0.39893354150173244,2.5352006741384514,-0.5897402659776283,-0.24506164092992908,-0.29677738054521163,-0.5581488242998769,-0.22151105123331985,-0.3386766237541267,2.0589636708311594,-0.45071882398730595
449,3.998734520737962,3.3802738801867984,3.142220568532361,4.004768076486967,3.367101869730293,3.1391935794227335,-1.5911651153112467,4.373758034916587,3.6872873821821637,3.4739001037830457,4.377514740441748,3.688454598975686,3.4678576507252625,-2.1518024213980858,2.6702413312813333
450,2.415231236993987,2.0609363742075053,2.1694071278704605,2.427817833681257,2.0580716114134594,2.1657336983683955,0.012465157167901668,2.9907639538457245,2.6055622462196655,2.7990746339419723,2.9763256010682317,2.594614503970041,2.7979676910786853,-0.9654308644108165,2.34844966042565
451,2.2666159082711874,2.563382095752379,2.6295947986023167,2.2709773029096607,2.5714137700179682,2.6173527790639617,0.4725147153646928,2.4328041647986973,2.771226155898898,2.7437735560427994,2.458797057542316,2.7744381341872173,2.7362989806540883,-0.03851988329993924,-1.9687314590143048
452,2.458661606138319,2.111612622169912,2.278530520763911,2.4668325070680592,2.1225004337847393,2.2765126192807568,0.3904067544844747,2.890810097153671,2.6593789222866184,3.087106568619543,2.8851935585794495,2.650541164587348,3.0855599579868738,-0.7813215780792394,1.3227510984592892
453,2.6693404971209893,2.2380225787592805,2.3203408672008528,2.665496030919799,2.230498332442563,2.3167376866982545,0.27042473536342765,3.4576081031887718,3.0268783636523993,2.7531139964385773,3.455323107772905,3.03252341545739,2.7538834325562567,-1.914846394433467,2.382524182176364
454,0.5375755258500836,0.6852743113621717,0.7419996075368434,0.5632743395466688,0.6860981928119962,0.7316691382677059,1.6488169540321158,0.40666382236034826,0.5429409068857292,0.5776793313608439,0.39850562772305853,0.5149659145618949,0.5599336016514361,0.7978623022156307,-0.3860734435698317
455,1.1264377481584862,0.9437444419181521,0.9058039845761009,1.1163072823203652,0.9532056704109163,0.927636388946105,1.3581603189828586,1.7422205505429753,1.5257879410781316,1.6352997965401859,1.7304382125099893,1.5450149355493192,1.6072306002030239,0.03165173013926941,1.2305037945884492
456,2.3914247031272926,1.8644618759045337,1.819558782808385,2.3854945937871075,1.867415104890624,1.81759577064331,0.33813616760624654,3.5149887032377465,3.0985222875984757,2.8765489288942283,3.510008358324967,3.0804875222884727,2.8685161526587675,-1.5141395268791,1.8297256503067776
457,0.8180633803352354,1.2854850580826036,1.4218772742300445,0.7798036671375963,1.2439412915141819,1.4250350459768024,1.0644972232959937,1.645159032322003,2.311166537731291,2.6265188916126228,1.6781524442995603,2.344260615782952,2.5430177947699897,-0.5107859084306922,-2.323025314582955
458,4.903518003137484,4.566903563248397,3.942873792372967,4.89205020056994,4.566811242447215,3.9452840335137322,-1.4927157919515348,5.419655003474206,5.186783127536674,4.367301273126886,5.417418471328342,5.18024967462335,4.362842896361138,-2.6105118239999556,1.9976473768260592
459,2.363284031509811,1.4215947527877522,1.2771059294241296,2.3688399875333572,1.4282220013108933,1.270276836910901,0.3324051787588171,3.145291804235394,1.9164107090364526,1.7361128929700216,3.136653958214023,1.936565986180515,1.724636934678044,-1.3425234106773503,2.7223321912569878
460,3.4369232518734245,2.598998223501444,2.6544519150309998,3.4227857494292087,2.602374276166994,2.6501163403541828,-0.1395396032404021,3.933406770017731,3.031083896806679,3.142335784683915,3.9477166817299976,3.040208728792165,3.1498947623827114,-1.6783905695585934,2.4627098377999777
461,2.5961334315095965,2.315948361758337,2.309048873495708,2.602644383763114,2.3216920357046265,2.2997187130067616,0.530144229271909,2.7259822932015965,2.4777745624814718,2.4648444876554625,2.7200576857252776,2.486559101277627,2.4619725503720113,-0.840353027285214,1.8562751327180669
462,4.2423288196396,3.648943060292842,3.0046206077713555,4.250564106155114,3.644562882925313,2.9946423877511004,-1.3831490656964067,4.575910649328107,4.033661627029364,3.5766718642065247,4.578261299661161,4.0437732139583495,3.5773535997887618,-2.3626527007006652,2.6162168465113376
463,3.989210890633003,4.251870935952358,3.000413392357054,3.993237385327249,4.260220557308723,2.9956426193378434,-1.4908460399449017,3.810285340760687,4.113294859368513,3.3329408681016326,3.8347549638085776,4.114905873060604,3.3394551080224946,-1.9205531550275339,-1.4638210010521286
464,1.8914437877890096,1.7868617063004149,1.8244456773753144,1.8803730725583085,1.7880960679258766,1.8357683748477727,0.6202927076613816,2.9825608784406525,2.9322532295093375,3.3018178850839455,2.970723508979628,2.9311330650432272,3.3011018812887323,-1.611434259697557,0.922832394731336
465,2.1684126369898213,2.3376241025889253,2.053985942156749,2.174555279310677,2.3236473707843355,2.0508684687608754,0.6881082404836949,2.094537151137194,2.294931089968293,2.2027016243604836,2.102561895719466,2.2959796227500466,2.2039809885523325,-0.46607572873439074,-0.3179108600564025
466,0.12520456539596003,0.2616863173486888,0.24120862850655156,0.12363239605804079,0.2834028715780854,0.2464233584778401,2.064340079092546,0.02870845713202351,0.34764776108856554,0.3344883159033122,0.026133747662807245,0.3873795870295139,0.3391395961207944,1.160557827926302,-0.931606832415152
467,2.3679439521083414,2.4383301463780764,2.2737530303344675,2.3751315717631365,2.457427716556739,2.266288634319865,-0.3747982238680661,1.8135569500065223,1.8996214571126986,1.8532483243641722,1.8132971622384089,1.872322568236212,1.8456760028512167,-0.984575605934866,-1.411008662964847
468,2.9748286572863614,3.0443508967264137,3.4650533163049118,2.9740284972871853,3.0373399978757103,3.4611115598961715,-0.3125564314865426,3.261106490159362,3.33145339872828,3.0258188098895706,3.2485169930011684,3.3367568788204056,3.036580256657587,-1.7760869233177552,-1.2941064007202006
469,1.4040281755506534,1.4531967228894156,1.780398712925397,1.4089964334485319,1.4558081390552446,1.816784845894397,1.0718320127025702,1.485415918452957,1.54414072184796,1.8335737917524264,1.4790563934549414,1.590121295230574,1.770799626145716,-0.2014964888483341,-0.2442142828839065
470,1.8371553947236607,1.474614110512953,1.313302593271834,1.8340819085613942,1.4758669848014312,1.3120027936988228,0.7549712177139853,2.893476431540698,2.459491425278758,2.2274025444281498,2.8884287689167456,2.4470911784738267,2.2317631598997596,-1.0464652439976219,2.2197356843484233
471,4.002628948162622,4.0919966940298735,3.8946060754342056,4.009332406742724,4.089508501373352,3.891368792737779,-1.1951275231595373,5.0601872420899126,5.187567575733879,4.900393318824211,5.075195927855334,5.192444294783493,4.887144047824796,-3.006986568115057,-2.2223579426626636
472,3.107167319767232,2.9566941100610653,2.839266800033334,3.102199366693434,2.96242055250818,2.840921995559343,0.0241804130408116,3.6113886991156186,3.4611717109548454,3.402406767698952,3.6259812418016195,3.459327594641736,3.4088341521373917,-1.4685270486597588,0.9172452481013889
473,5.824076195449077,4.220137463907343,4.168553694839746,5.833063423996642,4.213366994967572,4.177832547211903,-1.7065183807160993,6.339050689472832,4.574947854686864,4.467250899296908,6.34419586579389,4.5783872374618975,4.4725344158722455,-2.4959059676177247,3.798606160388353
474,0.6848100758788395,0.584095593820685,0.5706337028892753,0.675799425899604,0.5837031236133198,0.5745347650792144,2.0424704434518888,0.9145124715776449,0.8350601114975402,0.8337016836182329,0.9037402708213288,0.8415973636985946,0.8297262335106279,1.1629956259292709,0.5016521908957501
475,2.504062363392555,2.0839646471628748,2.536386761517024,2.476997191258743,2.078978559504406,2.502043634793103,-0.009830983727775727,2.9568680403598,2.4670154180723687,2.9129981779167315,2.9743657084890494,2.4701189220368165,2.875047489707834,-0.9976151176983716,2.5153431162934115
476,3.610392739528626,3.488236013065442,3.2611831301183667,3.594622768566868,3.4834826929285825,3.2699640441549187,-0.5090028085010704,3.796140310925986,3.6270371772083188,3.8385873220137308,3.7974669540369472,3.6394170837249322,3.843554472837842,-1.8628480337976354,0.8954655963898437
477,1.5423309358230157,1.6603269095587514,1.4998841886467729,1.5574919225122206,1.6644485487912395,1.5201558462659155,1.0843679285170877,2.6563717198822205,2.8010823259434265,2.725301392781498,2.6262997382272837,2.8080942290287045,2.7613088666353502,-0.840533881179758,-0.9652935188842865
478,3.641115049801327,3.7794327966095165,3.796544651513473,3.6283857695096757,3.787710664226103,3.7953296286061384,-1.0223828855719717,3.1135772788555047,3.301453665221873,3.467096521917161,3.1305192258165233,3.312603492856255,3.4544794952642093,-1.751776251145442,-0.9378219903210717
479,1.631577301060496,1.762535182269878,1.7138162693248238,1.6374116414308466,1.7479220330276917,1.7253214831409673,1.0062606264425797,2.5846181796862844,2.924807112224264,2.6976006539925663,2.6041350541145736,2.9149938442507346,2.688641518690298,-0.7155800314600118,-0.1959631991940595
480,0.005564761350128865,0.3673671472318661,0.4175328266077531,-0.011355941951160964,0.37234931623848916,0.405327311535332,1.7787990990126756,0.20103403195387642,0.605421938754686,0.7128973115055336,0.2013187099112254,0.6030484897060205,0.7447408335704305,1.1995697146786932,-1.5389896125260898
481,3.7165887204157926,3.7055732141228437,3.538461160734636,3.704408888077158,3.711593572386783,3.539409137068934,-1.5736955068821028,4.193734326113257,4.228656616424216,3.914482929698316,4.186445490311674,4.224683121963325,3.9270266497065713,-2.8869589030662386,0.8291716318154895
482,3.8331692852997423,3.986263246011495,4.062788132263094,3.828625264384617,3.9898326710173415,4.0759135063769465,-0.6460609427254793,4.13380688015825,4.358901185453867,4.482678624204893,4.099341957373365,4.36695761930633,4.497266395274076,-1.8534702320223173,-1.4798715216994516
483,-0.5250174998325431,-0.45546072854540876,-0.3735586451087542,-0.5165667380043376,-0.4504826029496969,-0.37624005092152435,2.371140036254892,0.6062679855316977,0.8663216705086029,0.7787007099393066,0.5679776490291368,0.8960648041446325,0.7629859252650164,0.6736763961236216,-1.3003902102455311
484,4.390604915395701,3.70295610556922,3.5947542202330887,4.395030409340508,3.7002213987049206,3.5896612005375013,-0.7182399946388702,4.929012916838586,4.183060878880466,3.89812912157353,4.935789852378616,4.193631617126068,3.8950040512999946,-1.9000879839865263,2.8530780849080832
485,-2.128833958991861,-1.9970549853936639,-1.8811658882127058,-2.122710420550631,-1.975451081877675,-1.868789264923994,4.083070129143616,-1.9881816036483249,-1.7707021024045253,-1.8034892694370415,-2.0263545928741014,-1.6994740233710508,-1.7675771690459345,3.339295054170874,-1.5832039176630333
486,3.355756413584038,3.962748557192423,3.757423517646122,3.352067939822981,3.9735290599087656,3.757741434456888,0.11754267401662676,3.849970787950164,4.637812376727701,4.329572427962169,3.8358721414111767,4.654064575847217,4.334395122369916,-1.5040059800586516,-1.4686289044145338
487,4.133888585096089,3.8513300274306213,4.352820701733416,4.135434861929501,3.843661770921943,4.3286264858361045,-1.8337643424594519,4.309159564784787,4.03019514833547,4.368238384120838,4.315093212225661,4.039221505539702,4.3776296308369425,-2.539546385513254,2.6174217376881046
488,2.4004992288255678,2.3298652639064446,2.4719110456893203,2.402629066677436,2.3269372465423213,2.472200533336811,0.4456747373433907,2.5174867929142453,2.439397323272609,2.612115049485485,2.517400260343541,2.4385980005800314,2.606819567674323,-0.550076811533043,0.6401292242389137
489,1.9166875469400955,1.3892819093342181,1.4842575544441847,1.9153677223461685,1.3849760674080525,1.4875767762985894,0.022966339193363047,2.1541723347099837,1.4802763821252851,1.712954172003075,2.164502971901931,1.4937979951188423,1.7139303380804518,-0.8098695751854208,3.057929552023115
490,4.458157886103325,4.153469142630575,4.290271230253147,4.475967178679802,4.1443752072183155,4.283277434235585,-1.6876307352005022,3.9244739632787273,3.3232807158853497,3.9037565737682436,3.8832808229114035,3.2979814287311333,3.8858944187461733,-2.1545975701588422,2.6467105310920975
491,1.1555503247977092,0.5514424509882999,0.5380806324306219,1.1324957896764616,0.5630410266829295,0.5376893449188805,2.2335355718772028,1.7634224576874624,1.2082021051358063,1.130031458686124,1.7591435904910648,1.1935870574375378,1.130694120949073,0.7699270470845218,1.2690187822936567
492,1.38196101779118,1.241806847390349,1.0815708820477912,1.370879600289209,1.2310208194321957,1.0857547666171437,1.2931934461179266,2.1566534060964893,2.078544763612109,1.7343035403192968,2.155490380241815,2.0681119764485167,1.7362063671763284,-0.5338096453525308,0.14668484134871354
493,2.0566703200846095,2.1448718131394613,1.971951241862944,2.0535907816741834,2.154457079152289,1.9712322514823448,1.4165504888709648,3.4806678464787772,3.6341591699505553,3.3556246516959227,3.481859730768194,3.6348095673715886,3.350162267243521,-1.2462205580612749,-1.2987119759220551
494,3.084775128186426,3.0066150868768147,2.757162159166709,3.078023180073523,3.0149602301340486,2.751052847888878,-0.6878116207202606,4.094656688445767,4.114773470402508,3.648949266780494,4.0908770201909865,4.125417854536815,3.6464117951926602,-2.4580166059386293,0.9146510423167463
495,5.231469308494506,5.062897178582243,5.35066583564175,5.226563067712871,5.061160403883219,5.341487342682424,-1.4517478124654368,5.518228053341739,5.242033314952103,5.524662488837807,5.520103570773949,5.240620852725727,5.526401552910978,-2.9869656912065286,1.8315625698649847
496,2.7328019917876687,2.788477774523074,2.642162528189145,2.739251873603951,2.7818434783646486,2.6394044669286565,0.49918629745098286,3.4371290893839204,3.51790237948308,3.2363576700859706,3.4309068815127493,3.517680480367805,3.2356882836012897,-1.0667080135514484,-0.322171739566177
497,0.16062211356148579,0.2591333486610402,0.34593634943201274,0.15691046059769054,0.26926139886856965,0.3456277671242166,2.8104794044330244,0.8836821569900801,1.0570500191645547,1.2323416776535232,0.8725179084594575,1.0266179375277378,1.2314015469187984,0.7817574571960815,-1.2772612173188596
498,1.8831933446131213,1.610548613762205,1.5846473262635228,1.8839031888545206,1.6036556533248587,1.5953997596701306,1.1319889604659048,2.1093752901921348,1.7374065898539959,1.7059528912139452,2.100775743774761,1.73641921766332,1.6888562177547066,-0.4092557459454466,1.591802087944631
499,1.8117196148596713,1.815550638267882,1.6268548794060762,1.8159066012333664,1.8038507705624778,1.6337105675158323,0.7765705541761422,1.6802051503983977,1.7996023479004553,1.7507065173282454,1.6727548470202598,1.835420754018561,1.7447105821645055,-0.7099520643716593,0.442734517729774
