rep,ridge_cw_zero,ridge_cw_mean,ridge_cw_mean_nw,ridge_wcw_zero,ridge_wcw_mean,ridge_wcw_mean_nw,ridge_dm_zero,elastic_net_cw_zero,elastic_net_cw_mean,elastic_net_cw_mean_nw,elastic_net_wcw_zero,elastic_net_wcw_mean,elastic_net_wcw_mean_nw,elastic_net_dm_zero,mean_cw_zero
0,1.033996567136335,-0.6927005396691328,-0.7200966000486959,1.0403140484536555,-0.6870670244477322,-0.7278420015481784,1.6078134046279764,1.9201334127724405,-0.08242606407131994,-0.09298335214132758,1.9452719412480777,-0.08107948347832462,-0.043494556404004535,-0.00041012966038430894,2.0744622087388858
1,0.0124900969226944,0.09178191167405353,0.0885214351076524,0.027798823092286373,0.1144205245686263,0.0978706188101666,2.055414839970065,-0.8443378629976849,-0.7283635188580574,-0.7583095595051945,-0.8749344313396955,-0.7208707323068616,-0.8036466109710443,1.5699938915798664,-0.47943668464678857
2,-0.19117670242804807,-1.2549832692352965,-1.214759257472078,-0.17750020710908462,-1.2417846528872498,-1.2033247927134734,2.0649553340431264,0.561419155517169,-1.780504700448799,-1.6773932175714472,0.5568262502009385,-1.9306404203074112,-1.7483127411410444,0.6024279423841721,1.7904149860571612
3,-0.927559845851592,-0.7881160078085824,-0.7717280605960397,-0.8928439417535107,-0.7486490793885342,-0.7710215441371729,2.5449195524517685,-1.3877561463924624,-1.0249879499402899,-1.00583443795581,-1.1688157898509781,-1.0297982161068595,-0.9912266874050767,2.1996489999070015,-2.6523179639317243
4,1.2996765928478593,0.7135881799435495,0.7280776781242032,1.3165246936191124,0.7230576147911327,0.7342060336264096,1.2593653155747038,0.6517657296453664,-0.7277790868136702,-0.7364255760705497,0.662945200590523,-0.7926768775982723,-0.7417817644017162,0.7221491220360299,1.5957292989344658
5,-0.5143584060661036,-0.41677195126351557,-0.4333576177590405,-0.4815159861334922,-0.42188341511263744,-0.46083584971419184,2.6119611361152915,-1.2132567844905926,-1.2045470124921076,-1.3526583423250713,-1.2276996093864698,-1.2449446060572196,-1.3915277217997013,1.9637051408664425,-0.5211729631295479
6,-1.3157190204504872,-1.2501504999144717,-1.1263499365476954,-1.2510511387460073,-1.19006246883068,-1.055963815685702,3.3156539389044846,-0.8831055475906783,-0.6954353642681871,-0.6495789598392416,-0.7930350734140553,-0.7318946101750566,-0.7238135659411203,1.8997692693437251,-0.7213651615236798
7,-0.23732493944494243,-1.3881753881058487,-1.4658746455217568,-0.21733344021047254,-1.424263533618012,-1.3475001614333286,2.477153447228891,0.8068171700320692,-0.8375647323387032,-0.8494214276468629,0.7941233990573087,-0.8928841864328327,-0.8540541940458096,0.4935857645996836,1.698144794967672
8,0.6202839309615905,0.5942412169444773,0.623928534415068,0.6347095949885144,0.5855867201973339,0.6243316912435123,2.3665474058730345,1.0377760659316044,1.0052416961803397,1.0423936058736243,1.0165445970363256,0.9394511508589088,1.1647728918080293,0.625327343196079,0.078201104233601
9,-0.45483415080622497,-0.413700217047593,-0.406080318588656,-0.4737154471537259,-0.46286521048991874,-0.36750760909639735,2.627596632159689,-0.07163789091979017,-0.07380694064553889,-0.08090010403743847,0.024987074746734686,-0.17032689764510875,-0.06461560014852127,1.1020262055084982,-0.06541483627560639
10,0.32826363230527944,0.354029570075381,0.34296653932307614,0.3362523837209227,0.36743030163986923,0.3483259954141154,2.314137518169139,0.8376339530295333,0.7909260853448223,0.7894223499746629,0.7936786586481132,0.8079143442552249,0.795749558974894,0.9475044445501134,-0.01718184044922695
11,1.1282250390222168,0.794663702919649,0.8047470887832745,1.107493670510318,0.7752884971259667,0.8149469712300229,2.5772461483705467,0.561820019431672,-0.17706958241605325,-0.19347378238146606,0.552493304865598,-0.096205585142997,-0.16130045115052857,1.7180846025064658,0.8373963387701371
12,-0.1708173589743144,-0.10072520042049263,-0.11102826692908783,-0.19603937696976922,-0.14303526434477037,-0.10942801498425014,2.7467593018150422,0.5916139192236239,0.7568523567577422,0.8933695965144132,0.5995112921425831,0.7955628176915989,0.8098489018555026,1.1815471273183247,-0.9088924275726841
13,2.4015919768132985,1.5880574233246432,1.5921472158390284,2.409567886896251,1.5715179672488486,1.5981359603694614,1.3193267758293128,1.4963751403942809,0.07436324630595638,0.07242414134145962,1.5358644943096138,0.06078606732779812,0.09664784840561308,0.7757909433137727,1.5981487497783053
14,1.4123485394047013,0.7715733651516187,0.7648541007564781,1.4004717230733728,0.7789007785385087,0.7740919592466832,1.2376973079708355,1.28576321148265,0.3998212758862487,0.39667182648505955,1.3243802616918632,0.3670419968926715,0.3962970792829445,0.3049670207082685,1.7464203644270633
15,0.9547844665665007,0.7852781800179858,0.8071065452028265,0.9341862416076401,0.7906518748075717,0.8788188680515749,1.6776618521075646,0.7106654828599734,0.34088772254877386,0.36055289732413687,0.7576514222401303,0.5022826217921443,0.40702313980488475,0.36726462386380565,0.7747506044391917
16,1.134765375970567,0.7061842002183398,0.6677256267536256,1.1431915387295213,0.7007399075335785,0.6563745809813017,1.9757435326538675,1.2416385695660421,0.5532738416080623,0.49207313676467473,1.2633242564132283,0.5447790663363984,0.45796272954255046,0.7492877437098346,1.6383183063654985
17,-0.17082950785286038,-1.000714123196587,-0.96740861637896,-0.17603126888891535,-0.9933723308344644,-0.9707329625395784,2.6496048562002206,0.8917169315790745,-0.03900054649474705,-0.03922507740545307,0.8677455501484843,-0.04216924172830489,-0.06477772122267733,0.5722672654057048,1.0227275410687187
18,-0.7159209307905559,-0.6710766205273495,-0.7876697840941452,-0.6721566665444917,-0.6857987734943681,-0.7752687479573828,2.6513947722243922,-0.5968908107468557,-0.47733667264118224,-0.5947968987142743,-0.6316932859515378,-0.4616632741216896,-0.5910758968560484,1.5275508557223731,-1.1283972618175582
19,1.3873210835918486,0.40310804797782973,0.379441539971757,1.4509005409548819,0.37085324787932766,0.3779410061050927,1.2764700146100232,1.7588945465025663,-0.12564812999771813,-0.12748410397695573,1.6811527989886215,-0.1073579494029092,-0.20119413628031227,-0.39117615820600804,2.5665506699227922
20,-0.09214550639932435,0.016587417276797793,0.016489353662310954,-0.0960963182574947,-0.01779536696552988,0.006036511953760527,2.3093856833725828,-0.10165796205681847,-0.17691727014575456,-0.16783135361441506,-0.1380604960180845,-0.1933481630533405,-0.1525932323837968,1.5259948822242122,-0.20494049403342213
21,-0.16312834024840628,-1.4206237930143053,-1.3778891971255547,-0.11070613947575093,-1.4229677886805916,-1.4167196603429695,2.6850887990594376,0.5795907180775247,-1.4107140169490542,-1.348847500646466,0.6365876744185681,-1.407241062776371,-1.3330235832130188,1.073739940507652,1.4100825949350846
22,0.6470999679213097,-0.9294518685214611,-0.8968752052857503,0.6014661777708232,-0.9725224843951252,-0.9194471718048558,1.5600486582663153,1.2811612837532682,-3.1426499142344926,-3.102260913706244,1.252534167563817,-3.113301471255748,-3.2155854999694893,0.08826975776821983,2.086590463992657
23,0.09943974849505709,0.23664016236046947,0.22948290958498072,0.1479339734850586,0.2191040444274771,0.15353316747019385,1.9078921625858936,-0.5327464285401156,-0.23033049332560132,-0.2900649275038848,-0.24567897286904947,-0.25006426714552416,-0.3511973370210045,1.3444237887850348,-1.4730491400226728
24,-0.1151539034133224,-0.9203994162201548,-0.9753376065015091,-0.11150542439141446,-0.9180502619410075,-0.9422109553707958,2.5114577888816525,0.9718175237255943,-0.39286674162451923,-0.4246371051039296,1.0372344295280804,-0.37754196231686643,-0.48407068043528295,0.673801665037491,1.5250777981633485
25,-1.0793369683389173,-0.9202647268741544,-0.8956049506276534,-1.1242053762529078,-0.9509748394280502,-0.8420192160754474,4.309336821389051,-1.824590055228769,-1.576533554526412,-1.4342801572958335,-1.8707550591270934,-1.6228873527797107,-1.4664857889400083,3.5184116896308613,-1.0857022697298673
26,0.20686894999433333,0.4063313709011643,0.43458565043627645,0.18558086587733458,0.3715628554680288,0.46012772266653323,2.3840754989320607,-1.279354223948292,-0.9643294422972173,-1.0346620669656295,-1.275773795015512,-0.9120221348226125,-1.004706901531188,2.7231326889195135,-0.9736332732367841
27,0.1930498952667453,0.2530187985846152,0.2757005475599248,0.19192090245143156,0.24438422611983404,0.24403490119766305,2.6452203298364307,0.49078095705868247,0.550616620630665,0.56990412996605,0.4743225143454819,0.5575756240509311,0.5827203117545453,1.431728906527624,-0.7215016448070004
28,0.5180995929084968,0.14878445138164265,0.14712137686796548,0.5240107714453328,0.14001018012574865,0.14389706950817963,1.6323617122506207,0.26471329177976616,-0.45774700183438843,-0.45476050805600515,0.26475031628198253,-0.49654139902095484,-0.40940888144224596,0.8819316787768495,1.3848099076481055
29,0.8659843039339461,-0.06312009034961596,-0.06569393788750282,0.8682421645879461,-0.09604339364644908,-0.051995691998343196,1.7682019235982933,1.3148424355433241,-0.318133331379141,-0.3170724699861551,1.3418202023823145,-0.31638470642545474,-0.35655832788322667,0.23229725745898142,1.7563525241370457
30,1.6786010758133978,1.7758122858872067,1.806480685273337,1.7045195140043854,1.8075784096087313,1.8230041645224597,1.4883672327340236,1.0822425569105656,1.2816766946207723,1.2637997259571347,1.097611831673424,1.2565837991221507,1.2593594468221319,0.6102757352055869,0.433905036135404
31,1.3193043817402992,1.397781053602671,1.6430472657343462,1.334762857114172,1.4199659061264802,1.6186748623850147,2.530757250741504,1.7691400771926704,1.8803443894615337,2.322901824918898,1.7523272136850503,1.886980358237805,2.339358195887826,1.2485719602584544,-0.6682846082848347
32,0.16918286878914746,-0.2632024923474125,-0.26765457491372685,0.17473959129949007,-0.2634819137463672,-0.2593394663841602,1.9630216158969696,0.8046481595195916,0.20666472404610162,0.20239270215346342,0.7913849963303934,0.22208444867995258,0.2583126944089136,0.5183840126573899,1.0378401020907806
33,2.974011338253195,2.9208803494569606,2.694111011365274,2.954577658869847,2.9389468480910037,2.671140711888662,0.22481947126618707,1.9696289378828213,1.8702872032381948,1.8717158324454375,1.910538589247468,1.8625611846471652,1.8848041714270116,-0.41381635554810825,1.1330730585530502
34,-0.3018064191183351,-0.6639839780071282,-0.63600955666882,-0.3007936993163087,-0.6659709173353175,-0.6351388631700613,3.095151841000483,0.43352616935333405,0.007273787605720462,0.0067532347105866315,0.42979130270357524,-0.032501620033224,0.05565824641731058,1.5213120264556212,0.2683678094910951
35,0.4267804352214125,-0.4528711089783746,-0.46460620145870957,0.4228336241970318,-0.4455560411358243,-0.48011757083999423,1.8296414820974276,0.941332334580876,-1.0721386098773455,-1.1805774345907891,0.9233609707094326,-1.0621017868020823,-1.1070102919489582,0.4288909497221672,1.4168383341160404
36,0.7911264632537477,0.5545927265568709,0.5655798957420836,0.7958786149573711,0.521368469068942,0.5430168318131569,2.2567271845648844,-0.01878961209339431,-0.7707933130266033,-0.6407167523465838,-0.03897254374203127,-0.7874770132820039,-0.659638093086871,1.407198110209786,1.3849099348867513
37,1.046876722780481,1.0126842890310552,0.9632202510749027,1.0456766544581586,1.0046504491968238,0.9691425553008045,2.67267205411308,0.024483476970795465,0.02881272033141341,0.027255775470744977,0.059573914992919516,0.06528871247801393,0.032489423029354585,2.1066469711803517,-0.7729031894363118
38,1.6930409715957404,1.2220353289613983,1.475227362902937,1.6931118543989183,1.2217582242368814,1.454352646141097,1.2899109670267936,2.0463206145287516,1.7236823671346784,1.951468246553962,2.0482500310880134,1.7314611210767057,1.921209125232396,0.031861346005160135,0.9424104113061267
39,0.7663355720616469,0.23639207077952562,0.2200895792655659,0.772890059455302,0.23064352992831705,0.23236303451267404,2.298118840748427,1.7835008089900972,1.536777270085518,1.286419308958111,1.78019396537801,1.5428304036482512,1.2955437623213701,0.4212711381595186,1.0279176727851684
40,0.929229666903133,0.14545984901282288,0.11983294118721469,0.9176835071522563,0.14647733765808424,0.13387748984214728,2.3481434576614624,0.6457663441716804,-0.7767984399207615,-0.5352572305672987,0.6541364250546577,-0.7652366105662024,-0.5028316291438574,1.5072316867024087,1.7844127175068072
41,-0.3605817256099612,-0.6388482487086402,-0.7313599608882456,-0.36815197229651675,-0.645127700464717,-0.7323161332609842,2.7691647228364653,0.4824206672109753,-0.006680570571068192,-0.007252021003898024,0.5093854293029708,-0.0183700988029643,0.008153236147736602,0.670452434601256,0.9135024453387112
42,-0.6086535586407461,-0.41643179713566314,-0.4476831535978597,-0.5580966156128434,-0.37940212772539006,-0.45779379790334834,2.747357876083247,-0.5091343629592864,-0.24184817992013047,-0.2417915116088946,-0.44594057272275694,-0.20862669471358622,-0.18901178002749328,1.5954661850867171,-0.13835783257002177
43,2.688486949243141,2.275826784794973,2.319124129036399,2.6889386317970922,2.267269265953013,2.3177271916315463,1.4019187560019666,2.070234994784252,1.5330810770053764,1.6286875351510846,2.0854121562509778,1.525154892699735,1.625270119484554,0.6258035647870152,1.4788981259572394
44,0.17637895697237002,-0.735282645601475,-0.7528638884194165,0.19258918437856776,-0.7148879077467426,-0.7640072917980106,2.2397078028307416,0.15529974372770655,-1.40950031838027,-1.3883807310851581,0.15451624015597185,-1.3761450407584344,-1.3548149109151184,1.4370098713117228,1.1888076754321315
45,0.19563773531561252,-0.24059708654768666,-0.2721816615258294,0.18669417484458264,-0.2295409380656121,-0.27296053393453057,2.122149120905692,1.5146975150687343,0.7495375767931678,0.8626200208813676,1.5089305646958964,0.7614948100291399,0.8393034738274314,-0.010615243020721152,1.849916809882776
46,-1.451898439868054,-1.410931742035654,-1.550328106751314,-1.46229633347818,-1.3766985501111655,-1.5376659612980594,3.314399004925641,-0.859374389859671,-0.6972234292209508,-0.7681484817029538,-0.820752429114008,-0.7455740969761637,-0.781566664549123,1.7177881207338002,-0.7780290306287281
47,-0.4566338789658302,-0.8868787184759123,-0.8633458250883369,-0.446119205097431,-0.8925222766537266,-0.8665958030039438,2.6073417368207563,0.4501682104421221,-0.015186061679753489,-0.01503118834786533,0.45106154232611995,-0.047210576143887524,0.01905591085935806,0.9081355868900922,0.5889840529574426
48,0.028543649778071688,-0.028177786217767405,-0.027265048886887258,-0.006806949725998341,-0.013125120182002542,-0.0472157280851031,2.6345088884458887,-0.03553604195292857,-0.1823647787467835,-0.17834742752968305,0.044636509364641905,-0.21509560558963467,-0.16247552732623105,2.0386118412484895,0.04030544770402985
49,-1.1457743667837517,-1.2537513856921247,-1.0823347420971228,-1.1568589410652388,-1.2539560117360975,-1.0887011857764923,3.75715176878366,-0.31829821098588923,-0.19464118699144597,-0.1617478271930819,-0.2799847520345745,-0.24196160725182111,-0.14644480857427605,1.9411244919491262,-0.3218142296440902
50,-0.28373153641878,-0.5280977167381828,-0.5056994744892609,-0.2695953301762929,-0.5667536402906894,-0.500439823621523,3.7361370648992374,-0.34090043920589796,-0.5888788791907127,-0.5689723356926473,-0.30721685620705924,-0.560487186911792,-0.5000848571004929,2.0301225445596063,-0.25987524613035146
51,-0.4894660585887955,-0.5309011459052193,-0.5127592913181545,-0.49743791481863975,-0.521587496411763,-0.5060409794724684,3.4866401319304305,-0.8350511381328136,-1.0493755798122426,-0.9178626262607035,-0.870073129507892,-1.0735554978554525,-0.9384153743312031,2.6643126890910795,0.2219747038089094
52,1.4574788752970451,1.1027233208536498,1.0938050145919145,1.4556859846299517,1.1155957897357722,1.0895988192255808,0.7835240175608684,1.5803917055928585,0.8090729866932089,0.7705836381277303,1.5568149364460866,0.7731054772461273,0.7703195603506172,-0.4743712328066307,1.4770081577181662
53,1.460395530735506,1.034715871242852,1.0984552363587508,1.430057755622319,1.0689215058228507,1.116637651711727,1.9022168444350092,0.9955462033350634,0.4266476449977117,0.4504464263186767,0.9664397568675386,0.38490266510992055,0.42872748155461027,0.23571954789097951,0.9295283649200191
54,0.16246794122180297,0.09753203424011106,0.09251909780082138,0.15959477202876082,0.12432400668403629,0.09469879138876414,3.210598652983898,-0.39502719869856795,-0.5107580042063434,-0.4967793463838022,-0.38942484295810054,-0.4706950763715045,-0.5201598778026503,2.412792957134489,-1.1502186605261355
55,-1.4050566522841716,-1.7612005151856485,-1.6066837009927035,-1.393024539340746,-1.7404552763989538,-1.6019061237517562,3.6004693143585773,-0.660973736387297,-1.295377187499958,-1.3105838349562446,-0.6561842063780787,-1.2533281164940633,-1.1058030328271544,1.904953843067081,0.03491842870032144
56,1.9406951513824122,0.03933056862089795,0.03660472124323192,1.9565928653540798,0.04568136277055906,0.021333037585729166,1.78177669890574,2.244843984836722,-0.08683944814138089,-0.07866816620772407,2.2430190952350872,-0.118798336626104,-0.10452830748534679,0.5213174902464726,2.5478228397366354
57,0.300628958375781,0.5855341795873981,0.5490767077300078,0.31610957333050055,0.5736335231854058,0.5405815610185452,1.5866127053504795,0.5758853596950732,1.1481547685284446,1.1211133019790844,0.5671231412500659,1.1410381900191857,1.0897806272991684,0.5129942289594674,-0.8605996533252935
58,0.27355427010412325,-0.41729090909878597,-0.41127077833509185,0.2716954004832123,-0.44367446292687107,-0.4055379706476629,2.778155986116982,0.3215658055406847,-0.6788442993558543,-0.6467243439778911,0.35074758921248184,-0.6587660807559019,-0.680316252284734,1.7037138017817544,0.6193752784941359
59,-0.03327413783420825,-0.366511890166324,-0.3511471181329025,-0.05996151547566581,-0.3433491942132066,-0.35480580958496155,2.212217089490249,0.6746633959429591,0.7347127953232465,0.6757287104578259,0.7364192168114617,0.6258860811027667,0.6525604009120862,0.6241557407136525,0.1726769819739605
60,1.386813011522115,-0.45519832268789473,-0.43018840113567475,1.3854500914709054,-0.46970475481561635,-0.41965707179166983,1.131269622957285,2.470047958092176,-0.48831520957798447,-0.4476425657168935,2.465575066923446,-0.5128843750950925,-0.4601068258020443,-0.7527177125998997,3.500228112433873
61,1.2433567798585918,0.478889231295525,0.43534110509175,1.2421533996592187,0.4618861794740317,0.42101286461762044,1.1824162928055784,1.939057967074712,0.03436865315503913,0.03312097709504993,1.939158668645183,0.067171045953721,0.03377406514386832,-0.7936079576540332,2.5624745123855006
62,0.47859163736422217,-0.09960015361171352,-0.07824799269546757,0.5025620772256782,-0.07148451554930295,-0.08317171722775796,3.3265017097766187,1.0001798017440697,0.2537598121780615,0.23262401290317253,0.9611152436267277,0.24452180875720606,0.2068698085620853,1.5706674007575243,0.9773850678292989
63,0.642713940780611,0.29135489824031635,0.29649550873505254,0.6500581413215535,0.2964107220514247,0.2984357866332959,2.0031811714803314,1.2976294969140763,0.9405547364221291,0.9740392883241976,1.3217195036442924,0.9473256921945865,0.9960553301421619,0.18225122058820264,1.0270939153721894
64,2.6890584967176254,2.6080839764025923,2.5423988587725237,2.6903139478493983,2.606054969955025,2.541519862091523,0.2682063372646434,2.309150862223017,2.1695908267828012,2.1248236090389927,2.329166294351235,2.141117346339061,2.107841101604936,-0.7134472764272176,0.8999341732096215
65,-1.1380612784942266,-1.059231889437626,-1.2076830834514016,-1.1039049161925107,-1.0754237121728045,-1.2479742187772536,3.313941460970799,-1.1690051961146932,-1.0530752819983962,-1.4792099181117078,-1.128961749111437,-1.0808285882537816,-1.5790641033700474,2.0395205575872986,-0.7269175560938808
66,1.8391517813303784,0.09455923860613304,0.0999750647078532,1.8604704148150104,0.08122599955384559,0.10861515794262176,0.8008223597561631,3.1016347338859487,0.6204541970956504,0.6274416690328437,3.0923406984688926,0.6160590658587997,0.6511786692777982,-1.130584291635463,4.169353055423963
67,0.6063328431260986,-0.2585195204401401,-0.2651879421344492,0.6299998296998902,-0.28638078493775704,-0.2905825200832042,1.7198971870838005,1.0728206553718764,-0.29253359842257076,-0.31569335744760946,0.9616078545848998,-0.22692449682089458,-0.37990488830997643,0.2008099737478999,1.5135142843879552
68,-0.09920960726887545,-0.5842112163673358,-0.5850915469411107,-0.08686560974107119,-0.5918379555590756,-0.5653744018605582,2.633335197048063,0.2861732239379464,-0.556621218397423,-0.5451614081230375,0.2813946736679344,-0.5295075599118751,-0.5516783016474411,1.2634438632149332,1.3187063716096312
69,0.7077824105983985,0.6655827232649857,0.7029523106630381,0.6959790186613035,0.6544358418341458,0.7034800413827609,2.0336858031103753,0.7282890602079359,0.7062633913313748,0.77852426681089,0.7144894805348347,0.7100965757289377,0.7505523965361417,0.7621226506271056,-0.032597482214235335
70,1.7569740942927212,1.6889296429878766,1.6980661506185144,1.7546742974408038,1.7124082420315885,1.6928602854166692,0.7526193383214336,-0.20116180740165493,-0.48330436902803237,-0.4808905449539399,-0.22909697104406648,-0.5432650860724293,-0.3483693692038335,1.182269643756977,0.20954294164147474
71,-1.55633662559103,-1.89193717424679,-1.900229698193161,-1.5567284249250453,-1.8956304589835178,-1.878992101366649,3.1152805598523026,-0.22780593187607204,-0.7872562888770356,-0.7606942859167124,-0.22124473811593548,-0.8234001257421042,-0.7867705690268627,1.1226635474332978,0.7933515451931832
72,1.9335221811187022,1.7678061651982084,1.9483167627998201,1.9510349039124721,1.7227508700621352,1.9466026727070316,1.584775534909434,1.474790519168183,1.3032501092158886,1.5705984063992988,1.4718147518538627,1.3036653605950788,1.5625783837327134,0.6308325555817489,1.105151540615605
73,1.3430457557763105,0.050008284305262996,0.05672133560639141,1.332962266916041,0.07196126655137333,0.055658076418541896,1.1601470638304754,2.1352306276649524,0.5093249335608062,0.5762901278371505,2.156165245380309,0.4928125394703976,0.5550442877047772,-0.4036866495385522,2.783634615220359
74,0.025297639870119466,-1.0251467710472377,-1.0779917324445474,0.024006381595517372,-1.0287482444031517,-1.0806308199284038,2.8272895762437407,0.5069370543176052,-0.8083233984341346,-0.9369811082235737,0.517373041288584,-0.7854600701166279,-0.983745285177248,1.207883391948834,1.4942675730645525
75,0.27565983678334094,0.2122138005750288,0.2083878742825786,0.2770646044896583,0.1717157899857045,0.22339789168885207,2.563852841606154,0.6931284514661482,0.5486378693380689,0.5251014702609395,0.6958951805985369,0.5806933449203222,0.5245196025645282,1.35963559656724,0.6347099274854388
76,-1.1179572504131532,-1.4288886753447196,-1.3430353801217034,-1.0667039746063154,-1.3202482961898543,-1.3541936841935935,3.9554825066254446,-1.2389025781617742,-2.5413436221165333,-2.581577865350548,-1.303137583138223,-2.485633609262303,-2.495244891978249,2.637416655466144,-0.04344212000696983
77,0.9634074992377828,-0.4065932321574017,-0.4141508538710738,0.9607009922342851,-0.4161359564530862,-0.39605561822390845,1.4522440061206305,1.7255131439065088,-0.17685220600376778,-0.18308495444658346,1.746152536011244,-0.158819554427814,-0.1959511282180687,0.16863346809901772,2.4814234992821227
78,-0.8583365251870233,-1.059154743782692,-1.0587709145220043,-0.9258914205804777,-1.0799570510025764,-0.969747573469025,3.932613032951858,-0.5041951224308407,-0.5600002990396495,-0.5053011864991785,-0.4801279828911921,-0.603855362077909,-0.3541567359203557,2.007614560638837,-0.45254688436861407
79,-1.5632229251622614,-1.3914739842405008,-1.4366536691031524,-1.567323567818838,-1.3590830859489353,-1.4409636966719004,3.250387834415334,-1.7277969136630495,-1.3533049417110217,-1.362234257444719,-1.670068553764348,-1.3499208501317081,-1.3364961134992357,2.60492549716134,-1.729319027984784
80,1.6513378524766766,1.275842682210901,1.2314587557270267,1.644871271018146,1.2744468045201522,1.23237156962004,1.2621179192668894,1.7790603783180372,1.1973023525247823,1.1503196577661938,1.7649604458547634,1.1723872378757854,1.1573813954407606,-0.023239636082125082,2.2922936717817537
81,1.1018647485570934,-0.17306672822521726,-0.18584374041178764,1.0939371142358738,-0.1791591143116167,-0.1811683545558215,1.0526023778574158,2.260771302972992,0.2880986330998493,0.31153863170003304,2.241008946110818,0.268689749401573,0.28284679339225266,-0.800312579886005,3.225029413838852
82,-0.11525277329275427,-0.4442547094738942,-0.40815189679602804,-0.09434450392532008,-0.41808169217624525,-0.37408556689010736,2.5507587509854925,-0.3309565794480888,-1.0785750150606808,-1.0352153813265152,-0.3908928536033993,-0.9892550044652454,-1.0123554865321254,1.6204751812307934,0.6765931677121829
83,1.519335754275401,0.4189242710182168,0.41333138794175206,1.5060373289342766,0.4085660094354457,0.4025645572013868,0.5577928710430303,1.9457436079424077,0.11327540737261801,0.10963522381209845,1.961940386698143,0.09088261647857446,0.0895147924347527,-0.6955348186968194,2.4601624707722833
84,-1.2929212992719952,-2.65959030270011,-2.573438785846808,-1.3243145042113482,-2.669611096278427,-2.5560057661451605,3.1567748890685867,0.5600496592195615,-1.2498497903028591,-1.2133170707990872,0.5600711049882263,-1.2142920822422218,-1.247249438363764,0.7127778171341544,1.2148816109651475
85,0.7351645561297551,0.5872944803516482,0.7365322378572279,0.7773891455540437,0.5827684175090124,0.7100434211852135,1.0972029221311612,-0.28479519221858135,-0.9585016999842658,-1.149301842503548,-0.3236518010900264,-0.9855425027942674,-1.2164223746411233,1.4668970606954685,0.8398380082232525
86,2.40345354556199,1.5151706545461032,1.5048515208091804,2.4017628643814426,1.4962528403930544,1.5155312819727016,0.37037054500783795,2.5482840930592383,1.1434216688709973,1.1255305439353573,2.564806762998889,1.1361215756982748,1.1630959966402121,-0.6962200420018194,2.3694386428949286
87,-0.10073642794329095,-0.140225439012597,-0.14229076995471293,-0.09210868365702785,-0.12142932833660604,-0.15867510938974033,2.212653758792369,-0.8953300030892721,-1.0109302147330215,-1.101274112857622,-0.908792906139333,-0.9810289234270904,-1.1286613224574518,2.023391274811179,0.17812839959519122
88,-0.1483395580585943,-0.20792083112501633,-0.20701920548062544,-0.15088496997161616,-0.2249522436369949,-0.1924631752658543,2.713213462719728,-0.6770485341815179,-0.8118743582667647,-0.7496081928950998,-0.6561645059728801,-0.7788049983240839,-0.7158570893839888,2.0849017612395615,0.6396651071126301
89,0.26002027191606786,-0.6430303157280055,-0.5621029229273113,0.25777296578062303,-0.6140789924525567,-0.5745835579014599,2.470553921293637,1.6416842020377105,0.3533185707704922,0.3351730322937324,1.601503528925193,0.3243707692629149,0.34453986361005595,0.12443411297255412,2.0337869708729204
90,-1.1528659006465365,-0.9610177683374509,-0.990039617403353,-1.1626742425047216,-0.9423296911198689,-0.9887707299362706,2.9595213226924444,-1.8424000446202085,-2.128650501591474,-2.142191444181646,-1.7533412388240572,-2.1707758441692127,-2.0778843643142135,2.548402507576789,-0.19809012922990538
91,2.1154542018526854,1.8174950951984803,1.7759902018304303,2.106287650669185,1.832103207428811,1.7835718035442558,0.5536025968015688,1.6050838707602617,1.0965117631152868,1.0804746226083688,1.624644415767437,1.1550108557802174,1.0733507863075695,0.001102863190715022,1.1248210341394838
92,1.497961797633564,0.6136770467424922,0.5977981033869347,1.5191402346162892,0.5793907969328222,0.6017695662356761,1.8525384493833965,1.918813302555101,0.9064027363991024,0.8409683050127369,1.9466620117623334,0.9135614955707009,0.850595219592497,0.49989539247459136,1.7305481483296972
93,1.771488113218409,0.36864602621194703,0.377449069866593,1.7776601148922646,0.3759051884780185,0.3726135005438394,0.9217830144108754,2.4298755458120094,0.4295256849393836,0.41884725815338353,2.4406632853747294,0.4394896383432387,0.4269820652988123,-0.6775494297914731,2.595445501099581
94,2.0988885838938978,-0.3045798045246485,-0.3121571363149988,2.105179072268809,-0.29773868571239526,-0.32298764006454944,1.1224178125949404,2.6720766080276928,-0.5637921911647483,-0.5679412552830894,2.683369800821665,-0.5422745698453593,-0.6158369222200568,-0.2871656732217522,3.268457180207663
95,-0.24768231510649666,-0.9618497669575609,-0.9830841478045362,-0.2356261676666113,-1.01452891510142,-0.9717243157295467,2.9498769733826653,0.9040701986284495,-0.2716348470740135,-0.28001644684084226,0.8926314186206479,-0.35315189389655915,-0.3465707287871614,0.8014871605222801,1.5997124642114766
96,0.611219505772325,0.3180935422874195,0.35086641539300556,0.5923702239343862,0.3312265303179706,0.37464427920728127,1.7709163845349225,1.2388181171587822,0.5522913689563674,0.5921466905304615,1.2197415715473239,0.5427559696178825,0.5930382643476666,-0.09600311080542684,1.6096710865388886
97,-1.990036390052148,-2.735309211614108,-2.8010253711865443,-1.9986780117431107,-2.7669061260323575,-2.8321766814868474,3.4291252342511265,-0.5080966612626368,-1.68832050159385,-1.8735327413584875,-0.5203360245238661,-1.6735247907752884,-1.905822304979917,1.464358251984859,0.691642447832116
98,1.8008453489073153,-0.26185631081725536,-0.2708708656246814,1.7861111715236615,-0.2630426397242693,-0.2615244962050278,1.1897339902113486,2.792635780870021,0.18180826119797924,0.19057516359776389,2.77939029606391,0.21027173148471545,0.20884330832531528,-0.43644653262847527,3.4374274383713055
99,-0.08375243151749152,-0.3147569951200441,-0.2951099207598062,-0.09699997585393696,-0.3150998743368912,-0.2852937775064728,2.6429608118699814,0.10629847718936179,-0.36215931319698746,-0.3610337357901711,0.16563645146803263,-0.24435734459612243,-0.4218045072494296,1.2179672442740457,0.5729519482287775
100,0.46974729317969127,-0.6925679269892985,-0.7243749660375063,0.46493880017143435,-0.6985595760837388,-0.7301934197913912,2.84203092231513,0.7194564208780723,-1.0745989016649526,-1.1271892764237337,0.7369846933816564,-1.087648299304089,-1.1157616647626825,1.6705890709789988,2.6105903922776657
101,-0.24707206974917814,-1.01873665088649,-1.1305249150296608,-0.2570214327263216,-1.0189772405598838,-1.1421808869514418,3.3022935579950614,0.44346382527593586,-0.9986814321891606,-1.0398108268614406,0.39265455020717166,-1.0364679296764356,-1.0019702543918556,1.5646234424626764,1.0617043694144233
102,-0.1985913321965159,-0.9833287558160788,-0.9928871969783926,-0.2124390582461128,-0.9797575592527457,-0.9858444799820273,2.384825767392802,1.0118269389435441,-0.44478936399458796,-0.4125514463103371,0.9936245222781188,-0.46306303212758676,-0.3683234380132971,0.4075059340948527,2.1811827457008515
103,-0.022608915988935597,0.09609892317975609,0.09364199395669744,-0.020522456253428766,0.10481958958201114,0.0956352089304276,3.107041696099872,-0.07698985490663517,0.07832424881591334,0.08073952368159848,0.014523126211910908,0.06750109532934566,0.0960109634375635,2.2668492484611296,-0.9300467129447995
104,-1.3296215666813205,-1.1056468333550111,-1.2255340719968002,-1.361378738383136,-1.108043755015724,-1.2652349275011043,3.4457430891898153,-0.6801114258980141,-0.10402715278302098,-0.1099610621931591,-0.6151026139781706,-0.08904306416589357,-0.10948639851152134,1.7550478827729434,-1.443474560679765
105,1.4732940708544515,1.4345463990094944,1.2939726097803774,1.4623797513350512,1.4335359135566816,1.285398577142588,1.2912307092829334,0.13717128737464,-0.21250359218040465,-0.2170248851690983,0.16704323447946942,-0.237110568673656,-0.1465343792437511,1.2967070682285704,0.3250532880015126
106,1.697602400678305,0.27826120461775516,0.32102666632636345,1.6717392910703024,0.31748602444779467,0.3528996546685791,1.4776233624703141,2.1662565871542383,0.24623009827977868,0.2527835964408352,2.161040144341774,0.22400008814846759,0.2581542869140123,0.28677526634739564,2.5069774039121717
107,1.1004629594552724,0.18314548261361432,0.18195961115350417,1.0789503882309177,0.1925836285213484,0.186043082095334,1.6920932047429948,0.951924934243906,-1.1416501583894763,-1.2309318220757048,0.9511362077816612,-1.1385299856444602,-1.25441362303241,0.5856738145742626,1.3757950305013475
108,1.7804311698270439,1.3363795393962852,1.3794929873146193,1.7857260970520858,1.3285046702185077,1.3767254962787254,0.7198339787699868,0.8170262901965709,-1.2934259152913679,-1.275522178936077,0.8174878549619785,-1.2361598180696936,-1.2627730633416858,0.09340843418421632,2.0165871486977056
109,0.8081419463553157,1.019743568092757,1.0331174080110288,0.8357464278018976,1.0669272601376243,0.9981254454773165,1.9811543215626217,-1.1214776792555998,-0.7469764090834982,-0.7341833415818528,-1.1518400710700567,-0.8089446199898065,-0.7866150396397877,2.1956465193911416,-1.1318289978040874
110,0.41540993598611753,0.12868256066301895,0.1260731195335041,0.4083881729218091,0.12297154577443409,0.13159666618671378,2.2106091171950792,0.965984320547262,0.49001135124540235,0.47824492316883116,0.9361756901591076,0.4891209911234589,0.50028820437141,0.5609537643956287,0.9133149583448241
111,2.4794828439783285,2.024048784638862,2.1207116109508974,2.4821330275299696,2.0245050845169374,2.133101439634665,0.4790007644100618,2.7928545860728873,2.3576591344490176,2.4639617067059905,2.81052987915441,2.3621323232638054,2.489429015887223,-0.6295274138575837,1.5058253733615492
112,0.29065353251116866,0.19878292261836514,0.18915549949563007,0.3181604322870004,0.18031336284904087,0.18224610465758806,2.141601916765636,0.5159527881408813,0.3054066436426744,0.27490150614809866,0.5685483809465721,0.2693078816580868,0.33666892201710547,0.856855674250919,0.6720572772284146
113,-0.8875562723139131,-1.6563561439587904,-1.584069054473614,-0.8748434993708278,-1.652468383906584,-1.5915373120448817,3.3006098190588418,0.06365841658156209,-0.7731032196794678,-0.7706943436795635,0.04487456108569787,-0.7187507823098199,-0.7558338834596239,1.6409275717917682,0.6896943867224193
114,-0.10156853424378283,-0.011093739700544367,-0.012536858924611682,-0.11541921757804788,-0.00816424321973488,0.04133708989252609,2.3250375819442284,-0.22102929103741126,-0.19977637079442467,-0.24793962613350123,-0.2027545713733096,-0.11920373178209721,-0.09340867302844628,1.7338832026612416,0.4339573359102128
115,1.6654334495185075,0.6582313719411944,0.6445014295371142,1.6849454835501627,0.6568494226429722,0.6401917002945003,0.5204401276264667,2.6486907554544943,1.2496217971838568,1.3182134938454058,2.6461117925937097,1.2493745051897398,1.285720025667102,-1.1676679921026147,2.837279898089058
116,-0.3576727741669962,-0.8386464743839107,-0.8328962672050174,-0.3572386931463032,-0.838827111158576,-0.8498677524047997,2.574519508878308,0.050726075450477734,-0.9948651608299877,-0.9941160907429382,0.04466801538613366,-0.9711319917513852,-0.9354932713202592,1.1468353505936895,1.4736624350990317
117,1.8452063273603891,0.217317738831801,0.22685610458708622,1.8485227533037654,0.22455890531738293,0.22195278760137127,1.056323527882795,2.486273214186917,0.06519654447461846,0.06612364008080204,2.478466745480705,0.058568053242353015,0.030806386328818623,-0.3982310886191409,2.5748469886443917
118,0.7620070099119587,0.56045921196489,0.5694694867304332,0.7626553066516929,0.5686299018484828,0.5789166703711274,1.7441037565215667,0.9271124449969624,0.678383975014504,0.7134389573778246,0.9059045448711346,0.717718575937934,0.6869502938747074,0.13693611627608485,0.7792664062150154
119,1.5008848955889516,1.5291932803986814,1.4493561585169694,1.5062386261003462,1.5153231936861336,1.4545802074336491,0.8227951820399898,1.8973532017623005,1.9792708467759297,1.9166599058504408,1.9086508107726694,2.0073442177837792,1.9107336733314806,-0.5334512286252917,-0.05474152679795486
120,-0.2526925895191301,-0.8698601438630589,-0.8188566539432396,-0.26256789398490643,-0.8862620746192164,-0.8067113098341049,2.6822007655697924,-0.265076582258239,-1.0630030496517218,-1.002344230202256,-0.2861087329368197,-1.1565002147739676,-0.963277938996966,1.8276689772319807,-0.014179851243014208
121,0.8561095664080831,0.42205587499537234,0.45067349769443693,0.813304359744036,0.41556173971692,0.4808052566827,2.2116628065444233,1.4332222482560333,0.8910742202345876,0.9659583761179231,1.4584000170308928,0.8587636616740237,0.9868621606884884,0.4283203956068419,1.3516985801872192
122,0.7906822932862303,0.619051646882928,0.6802562884666122,0.8331286442161289,0.6312016496691885,0.6733175323164466,1.6381558526208349,0.5376668534109821,0.03219385637885204,0.03026025376428459,0.5806893867108742,0.004392992954111428,-0.0035387149665625887,0.5091696971488765,0.9989670669440154
123,-0.0033562114793774947,-0.5999237443192834,-0.5878927980218132,0.011600251659746463,-0.5945095060462566,-0.5668827340673659,1.9339949915672292,0.6299182126556352,-0.7868389465225951,-0.8211849197718639,0.5919173085315285,-0.7638498154029392,-0.8832312804614679,0.5146149436796194,1.5820447354919314
124,2.5642732300557873,1.9107856918276138,1.5924726725526788,2.56946570006362,1.920885295424932,1.6035699341771104,1.274481570455005,2.8590546489956745,1.7520854595669308,1.4518861632900804,2.8033273472916505,1.8069976337767615,1.4440963174294237,-0.5401302600133233,2.5709768218290874
125,-0.015485922021636067,-0.042430348358848916,-0.04617615084894725,0.03338323887359371,-0.06049956713877971,-0.06799051125842395,2.931864409154955,0.28457806689376197,0.3628637771122632,0.40225197614650265,0.21478323118908926,0.33900478179008814,0.477975821254809,1.3713254642908335,-0.6325155365965682
126,-0.15418601694599454,0.03723905615021236,0.03227342580493658,-0.16586288414548464,0.029096304508933957,0.06291358475490874,3.042831601853053,0.3468211421857587,0.3034454591204349,0.26019685129146725,0.30545423547667283,0.4776487281814717,0.19829866416273798,1.7120126635963073,0.5227635804504396
127,2.53358431888742,1.5386330133830088,1.7159959279580084,2.553007127313162,1.5373385773614867,1.7269742362548048,-0.13110454879444106,2.353203231589901,1.1281828963839586,1.0796031347253232,2.4349207681749903,1.1438399767731198,1.1081825415129494,-0.7182904766871485,1.969607078858393
128,1.007632393388802,0.18769142256802343,0.17175743137131394,1.030282788268965,0.2080143140479583,0.22235384782972198,2.5825629788543205,0.7541881493175775,-0.8166547991499677,-0.7893177210784,0.8066371260192814,-0.7692618636675689,-0.7363382597848543,1.423877869769728,1.0209508518434676
129,-0.5388727149231637,-0.5151669747744655,-0.559473828332461,-0.5406869717084227,-0.5167582055925966,-0.5778042998051517,2.5752125149451763,-0.10939025606774518,0.04631553950304954,0.04818838403563608,-0.07376565808336893,0.012643459837765842,0.028900091776035773,0.9617567740069651,-0.4643516704336056
130,-0.062178302219134195,-1.0467903028674115,-1.0887328391320743,-0.045595574598541064,-1.050683597676001,-1.0881041277833858,2.452181310720871,1.0206219857404335,-0.6766534394275774,-0.7665363274317993,1.0321406954570136,-0.6778254828646098,-0.7409502265791169,0.5404556398159094,1.9332059479276413
131,2.3649512870767975,2.6872851438198357,2.2002796733975316,2.3766362796307057,2.7149553810172646,2.1988921479096923,1.662620015950796,1.8094800785176781,2.5378197738964796,1.7604384128436694,1.877114528444192,2.571239122909836,1.7873405473827244,0.5588141798960923,-2.560269380404083
132,1.0403724514512793,1.0772588801672476,1.0995072692127865,1.0456793730706542,1.032352460514877,1.0921144399946006,2.2158190901603696,1.3222623842939187,1.4044721977971857,1.401435184770511,1.355598769980487,1.3856428902285818,1.3102122821959792,1.0055648511072441,0.0053383694169382625
133,-0.10398634760727711,-0.37698191599836184,-0.4083493243484374,-0.08264335343471065,-0.36602220569489735,-0.4176918878382028,2.3106907608809144,0.12165169977490098,-0.3606852894186515,-0.3583643269924364,0.2299740260399297,-0.42220233776419985,-0.3275290032368426,0.9600862872351543,0.6827114411966329
134,0.23256036941682345,-0.50717793158648,-0.5086489812732599,0.2194853563768597,-0.4893710937948391,-0.5211833679026263,2.0120135865456854,0.7980053379278982,-0.20296579696719066,-0.20218452259534098,0.7914799052235881,-0.2217241951798593,-0.17105125571731103,0.7940539854246178,1.7784626711819043
135,0.2990810733761648,-0.9034189142781566,-0.9816121538777471,0.2978651447723136,-0.8971328968719704,-0.9592950203913906,2.9354889720475996,1.5032973918362098,-0.35992436949357504,-0.38556353449802955,1.453857422373734,-0.4131411680649491,-0.3315285062171476,0.7040913474965851,1.7768283990866798
136,1.3788686833216517,0.6184509789658423,0.6208653284006694,1.374381543531546,0.6375245402681496,0.6348805154484483,1.4340409434500283,1.9553772543605212,0.7320950693178498,0.7561056561460949,1.9475833097232105,0.7079724460164804,0.7381807003034077,-0.13075215209995544,2.2889857517370182
137,2.516226950461634,2.512777726216635,2.713673970586451,2.529698572761071,2.511012164255263,2.7087665320713508,0.540905219414303,1.1684784606038736,1.1799297344899164,1.2219753758903835,1.1868640695390278,1.157803700507216,1.2066545541442073,0.5947209630858953,-0.054166077622497456
138,-0.879039630916732,-1.6290443796743481,-1.5511848688308354,-0.8849621884499707,-1.6454737330768545,-1.5415058766319927,3.462761872922058,0.025973101513212905,-1.1325720224116262,-1.0239979780439077,0.021912928997797534,-1.0916830011804364,-1.0057369294952183,1.5866691797245847,0.9573689600368078
139,-0.0007469620891672212,-0.9431777749828195,-0.9548993982749179,-0.002749605298878086,-0.9479716812493985,-0.9555904237594978,2.2496244734380912,0.8212982139075036,-1.1581822428143391,-1.2202327362896221,0.8100160007521274,-1.0848303759953972,-1.2325532014832672,0.28985081755301917,2.4179263355690446
140,-0.71419360347196,-0.570632375631535,-0.5782589718025672,-0.7052161211855773,-0.5552677024935604,-0.5766477325814277,3.393806357268589,-1.6224144368702682,-1.3491943422405017,-1.3812293256197137,-1.6203254718650346,-1.3611556843470012,-1.3527660374310564,2.50724775519383,-1.1094599451732248
141,-0.39148923707726924,-0.8648344464068418,-0.8545798506733165,-0.3790116160726804,-0.8821358336941169,-0.8786597270477366,2.870797792856857,0.3071216519320046,-0.3684848439982083,-0.356163648331121,0.38761489710415153,-0.42571146096913426,-0.2149911411268417,1.2979862621376377,0.4897174990893101
142,1.636728872298864,-0.6266986468015614,-0.6129158980782436,1.6546508356616059,-0.6569950483785504,-0.5935452525751291,0.8644405274613782,2.333330919183972,-1.0500839205177708,-1.0476634358903347,2.361077124226913,-1.0863432250281064,-1.0850729580384952,-0.5773361518625424,3.085042093951944
143,-2.1101098966091003,-2.0814514661006656,-1.916514334412898,-2.122259267556944,-2.0603714385375245,-1.9231094814775596,4.019971797483815,-1.6039834900943948,-1.7075020608539897,-1.503116045392696,-1.5819215816221766,-1.6651431048263006,-1.4545055895747547,2.6216209089108853,-0.4274122934743197
144,0.9347837160896278,-0.2573459825590357,-0.26629595323284716,0.940081354726387,-0.25541491929278176,-0.25496343413808675,2.0469088938292836,1.1373717744990923,-0.6135400153290091,-0.6329315124826942,1.1387681132781604,-0.6128850963269458,-0.6399420687619243,0.922785376787679,1.7397615968544373
145,-0.09180845918062247,-0.7138539340324248,-0.7109282702428579,-0.09165393584100294,-0.7199083537068354,-0.7224812567412131,1.7473157942900996,0.9643476986301475,0.5373704003318154,0.5531164656502247,0.944295432884725,0.4667091545836971,0.5511868616207715,0.07693299601869787,0.8043167073520101
146,1.6431440712930796,0.5683328438062704,0.6390573672224025,1.6540522677051452,0.5823987293308078,0.643361074981259,1.4039391180801692,1.950279559163736,0.5605415933071154,0.6210536295945813,1.9349843386948964,0.5592661708746611,0.6424079428840949,0.1798124649641047,2.3987646116041557
147,0.5653420826285952,0.164561155471029,0.1671924094071763,0.599926891265965,0.14872055919198485,0.16544409665371201,2.2249810198532827,0.22490975657642662,-0.5542107872456759,-0.5820816001174683,0.27096019759539036,-0.4846815598806665,-0.5884019148935616,1.6584740223823853,1.1366840065923698
148,-0.04119098882153558,-0.8907371150183662,-0.9179504486530077,-0.03521762719842036,-0.9100514219358543,-0.9419761202314836,2.950521223154314,0.7849192864396662,0.00747364946667633,0.007536919045757447,0.7916387291312525,0.0342969432060677,0.02451743332396021,1.2258344402820205,0.9200416986807166
149,1.114628383683478,1.114794256569106,1.2588805579184952,1.1248168167965726,1.1059791611738101,1.2604062086299506,1.0371177700901772,0.1655355110591725,0.26730845796942754,0.3096289812811806,0.15838793783847277,0.31732102544003477,0.3114474111704481,0.7061427733562047,-0.22245679615283387
150,0.35691217621522764,0.6906770560549245,0.6913489333465445,0.373561431659632,0.7278506627752371,0.7266195131256534,1.807288461520317,0.5212335522185292,1.0508761163552494,1.0548887464910197,0.5322817394499616,0.9918635345942659,1.1488113143044945,0.828223898310317,-0.8626030603701037
151,1.125998586377176,-0.21270083598602962,-0.19661676076241041,1.1240665886646084,-0.20040031032513758,-0.20748392335718835,1.5639462818728993,1.869136944116163,-0.6672926515573973,-0.6279431012514153,1.884663611854886,-0.6305768178699053,-0.6520773647490437,-0.4785187270009687,2.4844195981134978
152,-0.11025935235311325,0.016001771490022354,0.014184350669418231,-0.06838917963521213,-0.011079031327002395,-0.01780068356286412,3.023673706500007,-0.37303052083681276,0.11612379846183422,0.11336241206005994,-0.44055553621453,0.1153097871305386,0.26661475559333364,1.4207901536897645,-1.2987663940448226
153,-0.08912345853290357,-1.9251754439735502,-1.8315479302591613,-0.03308038518487462,-1.8952080022330906,-1.8404258323308755,2.1630669765256756,1.9784528146105531,-0.8067113955497457,-0.7421916727618204,1.8758179848564376,-0.8648332272316873,-0.7815204780167634,-0.46547355485772945,2.6544456102498084
154,0.4219633735451367,-0.5053193066356544,-0.5268384673949646,0.4044919482901098,-0.49224316723464767,-0.489419206621891,2.108307520848691,0.6156355315972146,-0.6838655098637823,-0.7473416799608528,0.5661534795510782,-0.6826936384752682,-0.8059537548988718,1.0323034665933835,1.1083892572952128
155,-0.2341687162509006,-1.4160693983081125,-1.3987289430105192,-0.21306075039889985,-1.3948141828742058,-1.4408837707000202,2.3113416946209893,0.9563369522952054,-1.1438364629744115,-1.151323578093693,0.9845131849019606,-1.2546674093410723,-1.1475100178632238,0.5791868916807873,1.3933922783590675
156,1.4887161752606126,0.3887589352673662,0.4157288328075639,1.5057977612007378,0.4213045329626017,0.41884183184402163,1.9197724025045013,1.2286125230082143,-0.10417329430316594,-0.11378495303314402,1.2401546251292455,-0.13133313396255342,-0.1147144888816013,1.326459322643,1.694437434347548
157,0.28887118161134034,-0.4818517187195713,-0.4675773976846185,0.26785338597538805,-0.4742783404188196,-0.48556247592110147,1.8905693952631588,0.9915848830816278,-0.5559395615419777,-0.5765735713933032,1.0118327700370275,-0.5247740479418651,-0.5472192256678451,0.4973328838515361,1.4989511707435288
158,-0.03161438791266828,-0.08799306459696991,-0.08402899736817847,-0.027953667330561437,-0.08306772031117318,-0.10118315994713999,2.0284918188512386,0.24241856108561954,0.10099585655661374,0.09854531972107325,0.244469779850902,0.10844470577701831,0.10555614992055573,0.5951345260593932,0.39430809740191974
159,0.2460908487940288,0.44030553806407263,0.476686329620807,0.20323471427222986,0.3874529170735061,0.4703161538962664,2.2169340489748497,0.47383415207634716,0.8514284552005238,0.8603585665952656,0.5482590783649848,0.9170991044739593,1.006088782905394,0.4061316378715239,-1.0944358612159746
160,0.47403051478991515,0.401285369495809,0.3832761104866701,0.45504531775000423,0.40879120739329133,0.3947740052374289,1.8953291095541844,0.6211735632518379,0.5747953801778922,0.5658472550787959,0.6253072711196003,0.624797607993509,0.5407981063859362,0.8070181299750531,0.062192835660920036
161,-0.4051230791922972,-0.3239242897789138,-0.3365083318147392,-0.40297447092236166,-0.34512692669315226,-0.34092059984673506,2.6905618805028655,-0.3918575327907234,-0.18899776588860387,-0.1920424428092125,-0.3968281078633315,-0.18332087255841134,-0.2014823937818766,1.7781620618728857,-0.8950210793908698
162,1.5558985727745505,1.5399575790758504,1.6215060779714436,1.548408379327293,1.5558839235280943,1.6437614139433743,1.3433873015493956,0.5497303778132492,0.6167877135396215,0.67912142446375,0.572661944212933,0.6044666861058946,0.6567993272008675,0.9653703596936701,-0.09094330204426807
163,-0.3932836027692771,-0.17104528609834505,-0.16150614479195383,-0.4284661847145591,-0.1879586972416116,-0.17084257714291998,2.1391036947143447,-1.3460964127422361,-0.5451345641124622,-0.4898658648666951,-1.2194701724654926,-0.3166660041638951,-0.39705891817067324,1.8317652607157777,-2.001083991798051
164,0.9627723542771385,0.9957693842667719,0.9695547531335972,0.957169124433838,0.9829909907684685,0.9725434490344561,2.682380815972991,0.30691146998388474,0.33661152367153313,0.32055808597143853,0.31265951752204485,0.3182398162094709,0.30925438505857455,1.6008105214436719,-0.18015232596095798
165,1.7684548616240567,0.8341747780535238,0.8707707846840885,1.772338779859948,0.8243861325975034,0.8720051924045786,1.1779498982121832,2.630391271743636,1.5466738127954094,1.6161553754002604,2.646692713623403,1.5429619576615032,1.6197021341117575,-0.374782567070515,2.1415569302779964
166,-0.28688109235155707,-0.48865424787529305,-0.47275591482218815,-0.2789126638434467,-0.46752425010271786,-0.46776606545175664,2.3845103000655348,-0.532509048876135,-1.2241541166391714,-1.1831307905689599,-0.45241755482072415,-1.1607185175222874,-1.1272483960847373,1.434724293725503,0.42659099172573706
167,1.8216891311343404,1.7914716935367283,1.9833695209051136,1.8363869256345717,1.7823734889443352,1.994612340230701,1.266159680826307,1.341989820945157,1.3635232233236458,1.4972027145044848,1.291394279302543,1.3219386615414186,1.450532434091978,0.38466840664085233,0.01815063780924574
168,-0.6145804260521014,-0.269063417930955,-0.2755957047412947,-0.581376254646483,-0.27542404024527123,-0.3027104695573668,2.7424386853280804,-1.0562227536618318,-0.5780257323685356,-0.6094373133471335,-1.0895124916560261,-0.707222275496968,-0.6024944777050545,2.2460616525758037,-0.7234290505662264
169,-1.1812006608147314,-1.20806936584378,-1.3521437167343233,-1.1651155601209309,-1.189512954749755,-1.3118812073958588,2.9226963343694594,-0.7780098696385388,-0.9871048139113947,-1.0771514857833435,-0.7164624275901077,-1.0148242724023966,-0.9002794175143357,1.4710588554786546,0.06791440305811196
170,0.4855066056482048,0.3720270186703926,0.3973485700301685,0.47894675958327837,0.3844000090696416,0.3783198263544971,2.616687065538583,0.38046853676975606,0.030310608494009038,0.03067764046760414,0.39170436112040613,0.06094138743855445,-0.010117226473302633,1.0850556021437574,1.0100401419986431
171,0.1439819700410461,-0.04518709552750613,-0.043426526524891394,0.14628882547656147,-0.04786407357093307,-0.03812372424308649,2.550915023337682,0.24484091719550533,-0.5045522447198943,-0.5272874971005115,0.2557751391044267,-0.5642573960405091,-0.5509276975464686,1.484965283707703,0.5586783616949218
172,0.6992082624668362,0.3948343773235375,0.4322656671185845,0.6825440283718825,0.40072910128837885,0.3730784865428064,1.5442926863815678,1.440585978899577,1.1849972840633447,1.3376393682739538,1.4504573498316775,1.1870041073017652,1.3090359376798035,0.026842554304331398,0.8484973010234461
173,1.5768228974237875,0.22915797094855825,0.23610940085502652,1.5723993200802446,0.23525303048097262,0.2255082244200684,2.0751246316510206,2.074098945859079,0.3521488255591066,0.36137822264226166,2.076567842738685,0.36868913417098426,0.3644818557493909,0.48522248469644275,2.2325523098732574
174,0.3788590692295616,0.46367160036899574,0.5171316804901753,0.3445944931740904,0.44588802629094654,0.5257801465857734,1.7196347708707596,-0.7638968336002919,-0.932361482932714,-0.9326881814659153,-0.6840777677147564,-0.9182786825822021,-0.7201049855000033,1.5662303173846006,-0.12940961384202693
175,1.0279225567763228,0.703632604169085,0.6669096405932342,1.026568066538392,0.6905567355646385,0.6713888605407331,2.0742457735492277,1.1771990364577534,0.8278528241000633,0.8325674952621759,1.1874763135484043,0.8249419271564683,0.8240006613551567,0.8001428722986558,1.121505060661573
176,1.461649824153091,0.5202960965865921,0.5063720489627563,1.4771498100474538,0.5221786975185152,0.5055494711675316,1.0000024414053983,1.4079972862339403,-0.18980890326342756,-0.17964889946894463,1.3899729656717075,-0.167611175161354,-0.14379241141769858,0.04602363024986831,2.5994490866061435
177,0.32800579939229313,0.014579145799987607,0.015375763100768542,0.3211589680123197,0.015103467138677532,0.02765615778361421,2.270661905566757,0.8337758627294254,0.42862168887600577,0.4698914902463934,0.7949233322731831,0.43132049218688767,0.5281049471133331,0.8417915001095162,0.8357241903841647
178,0.5434079800373476,0.7443762759963689,0.7780472888868554,0.540387058849262,0.7335198277484759,0.8223281657294689,1.9745211050901754,0.16850026756155187,0.4618654965157356,0.4680505754403451,0.09790709304176162,0.41374158392914034,0.40752073151842144,1.3051772321238089,-0.33542174796951096
179,0.33960485360701925,0.249133458837925,0.2624023062601294,0.3475829947137669,0.2542166371825686,0.2598284143078179,3.458970667858757,-0.15282757182002418,-0.29095662522022664,-0.31707719688386393,-0.122438836416394,-0.3003843953818162,-0.3038399173820864,2.8052523073881406,0.021871923107609516
180,1.5033380624003316,1.4050206070800253,1.5098395193281584,1.4995786585379494,1.3972567288546789,1.4851112239543338,0.8732595707117448,1.123681920870909,0.9100226222182435,0.9735612833888282,1.1229270276880987,0.9272079357609423,0.9728620850244311,0.23883206165748472,0.7884238075381145
181,2.866579682040262,1.308353174220978,1.3687359138973803,2.853515427727671,1.3008197525631973,1.376375300771241,0.24365937782859112,2.702037372624733,0.5398867925260201,0.6228141071536055,2.711071291839439,0.5502389953722824,0.6239383854878023,-0.47111198592234554,2.769120316848532
182,1.066666517562227,-0.6496036710450706,-0.6929416632974813,1.081106558544552,-0.6609761673554785,-0.6623743990253513,1.6071282188256089,1.8342363265243382,-0.6817683020753581,-0.6664616460454841,1.8619095676846031,-0.6011770430369371,-0.6994888411211982,0.17711515305002426,2.2284478285120715
183,0.23108095081400062,0.2556041413277195,0.25929822267039293,0.22578304213295644,0.24802650686104663,0.23945215505477663,1.8042510598212234,0.35220647137950784,0.5477632760837864,0.5531173894037287,0.39176052197302114,0.6058456348071211,0.5877358121387565,0.8206891923691358,0.12859923937927104
184,-0.528939446330761,-1.580774417564114,-1.46848520058229,-0.5470578364777373,-1.6098783708975093,-1.4622684885187582,3.3962541119097946,0.306124011818469,-1.2312040612751738,-1.2360119864848944,0.29564273059365015,-1.1255144595293913,-1.1881380684177747,1.8015985589518895,1.1894306096060818
185,0.27330885968327706,-0.501893594696963,-0.48622561889030935,0.27125713884400765,-0.4957462049578635,-0.4910236810872679,2.2729031911869457,1.040947423133455,0.21327426770689106,0.20544217882848595,1.0376789436875626,0.25089231726501326,0.21419004243418113,0.6607940558135181,1.0485223947495625
186,0.30930375705422686,0.2842408141635026,0.2703135848714761,0.35471659425803304,0.23604823185468538,0.25096978225966926,2.2332241946456626,0.17562633195700492,0.02954326218236878,0.03348903546461419,0.1786703569754651,0.043739361742234764,-0.1377676436048331,1.213888902002638,0.34793120305214814
187,-0.7439859471628103,-1.9460903186766942,-1.9962563944009277,-0.7319965097039254,-1.9448962763347963,-2.0056198345543663,2.798217268733211,0.1922417793164681,-1.7003979058618761,-1.7759209089058354,0.22325071820558445,-1.6908395653065518,-1.7719070596566653,1.2197278975916463,0.9277377744938848
188,-0.06074265890191193,-0.06813487453892335,-0.0682008975506331,-0.07650708106616827,-0.07564053525829766,-0.058411468988319434,2.3275829371488115,0.11591123659154705,0.17554920477320507,0.19082128287451833,0.16049365799240967,0.17885129486005105,0.19356109989541773,1.063000765728756,-0.15946878341432769
189,-0.5452127854276853,-0.6236412886042895,-0.6120456782099637,-0.5615467419039093,-0.563886701748049,-0.7098212542424386,2.491764203889934,-0.7104828688016809,-0.9211630832782287,-0.9225213428049339,-0.7547944944090593,-0.9953270419918492,-0.7576006060270698,1.6038451434112577,-0.014552290533142538
190,0.5491516821506434,0.09449855534186767,0.09209431965937066,0.536135493695527,0.023936393461355968,0.10395732501936762,2.5521157879234906,0.13582750634616225,-1.7709157903690789,-1.5956396444896974,0.1181404918255331,-1.7969982879773647,-1.6700826441007341,1.4138204386972704,0.9823348316181162
191,2.296970675366992,1.9542821270323387,2.014461120868093,2.286595921510548,1.9418320557507107,2.010920980249874,0.5501998837421342,1.808566426954576,1.245954033966528,1.2864266229149268,1.7897918606050647,1.27986358104293,1.3107105894695104,0.0874640379362192,1.2846986262041658
192,0.5846912335576551,-0.23651089483590534,-0.23886679127934626,0.5854803186593214,-0.2377012458647553,-0.2518003298726619,2.210527948383149,0.3987802538635383,-1.493333506637507,-1.5402161774367955,0.3862570308389018,-1.4870054224991356,-1.5396101784385245,1.608305439400877,1.4458286437662604
193,0.5489418868596906,0.2833412138563451,0.334200837654256,0.5711531994363735,0.2761776237099857,0.3308656343118471,1.8540872018631258,0.6514479567156252,0.2980633665709742,0.3710037230377663,0.6599403166324325,0.2744297957430992,0.389942960814742,0.9244704799510776,1.7878501574060885
194,2.8844764652486363,1.4644301374939266,1.5519283095318555,2.8827687712225374,1.4613514007042763,1.5515732957636772,0.3298558677695856,2.9311550006203366,0.9256136978057222,0.9960152705549796,2.9387954025562393,0.8752242165879484,1.0303714405505453,-0.8352633806491332,2.7604213522321697
195,1.5418854476091386,1.6485753603168287,1.5844882989507456,1.5488478177797969,1.6192839216485297,1.5892025956196145,1.6840368534730996,0.004072418251401969,0.40281501677070025,0.42796121840319123,0.06874571985590205,0.3904181193372464,0.45903690602546954,1.1070568172457642,-0.2313357084770677
196,-1.2067845192891877,-1.479551574181707,-1.5747477908439533,-1.1915869052462642,-1.4780989953257868,-1.6170475174399312,2.459934550265886,-0.22504099469931912,-1.1905794405074621,-1.2827552243010178,-0.20080490643054574,-1.2870964298416538,-0.9828120459679531,0.7638121592526042,0.3497727972831239
197,0.6125267060511077,0.19199705350536497,0.21182722608605434,0.6299713590108436,0.21201945246699888,0.22661439275702813,1.1838276768126594,0.6149148373146661,-0.22695283394381877,-0.24058269565190094,0.5498670487711973,-0.23090570616631662,-0.31831755732079886,0.5129387037120752,0.8723410951838848
198,0.4660938159397436,0.3937492838822857,0.40722474652028323,0.4733485721856139,0.40572445766545623,0.4286465340568751,2.6649403055588743,0.022797235536159127,-0.21034762629172596,-0.22570481240570647,-0.0108244981115303,-0.16205318207277647,-0.2738834789463052,1.2070078411509981,0.6928430172057114
199,-1.4129640327876958,-1.170597460933638,-1.1119593095190077,-1.4263483353225888,-1.1790413801383606,-1.1164906383985573,3.7850865747407307,-1.2541010639918044,-0.8882739783982715,-0.8519163608085378,-1.2640127469845608,-0.9026164883626054,-0.8540829619153028,2.4194045305405614,-0.9548895078974953
200,0.8431173745190904,-0.3189723287092897,-0.2977477759307416,0.8313445646923323,-0.31154580337395366,-0.31439404599400517,1.8256458200292585,1.424668901304511,-0.4925967746685417,-0.4402921982861492,1.4165293027692512,-0.49668467662115384,-0.4328532442618372,0.43075900114860555,2.9985337627962214
201,3.4525526370629342,2.594954051192974,2.350812198854901,3.4602182118701923,2.6121219430189613,2.3350306763275537,0.4184312376181934,3.195653001655541,2.175882336072272,2.0703549964680574,3.1768601561717165,2.2254960079015,2.065044163663032,-0.9258217847036386,2.308278375711671
202,0.8006983015724791,-0.6689356798157219,-0.6815340413008993,0.7989401099997004,-0.6766800283680996,-0.6817801099063988,1.727900931651484,1.5230372467408448,-1.546881952652404,-1.6287851009154242,1.524178829755001,-1.489132953370134,-1.6529282724874697,0.11320381459471236,2.5064327606360095
203,-1.174012533206611,-1.2340136245896067,-1.328636172374362,-1.1598125504682413,-1.21268093253706,-1.3282715553347202,3.7909880542063386,-1.132786558703424,-1.1966686881915287,-1.2251514310220115,-1.1245188086544382,-1.1673745322212508,-1.205149630171078,3.345192618955932,-0.10283344370873783
204,0.21726387949115727,0.2337996704114111,0.24711702717400846,0.16511043898884484,0.24236881991290327,0.2654842129703138,2.246078858819274,-0.6757669324920914,-0.6913877522437043,-0.7625224490206924,-0.6844348291221025,-0.720864927775859,-0.7432303144849535,1.9801789933340765,-0.26820321681885384
205,1.1822186050140544,0.45119076666417424,0.463845705723772,1.1769803786188429,0.4417856431710047,0.4553273095609066,3.0599059915410183,1.548588272113454,0.37570030914073743,0.3856377920956345,1.5287268273130334,0.38213104731981107,0.3796605482193899,1.1457788624738552,2.594841210656313
206,-0.4753050034956111,-0.2899420223983304,-0.2997236796756589,-0.46150318520015926,-0.300889008621775,-0.41221194058751803,2.3895617068469344,-0.7209830074839371,-0.6939332242806279,-0.8035323343404727,-0.6420992103176452,-0.7472908255652102,-0.7070606906584753,1.7086989945353972,-0.4084801637339296
207,0.729522989001852,0.1396617950581357,0.13673424221048752,0.7374994553720938,0.16124393792666883,0.13288961270530347,1.6064066531860755,0.8795059722239501,-0.30520998736144445,-0.3004653204816977,0.8796852699328161,-0.3278491965537579,-0.30051942926968,0.4837955442871062,1.730475395648083
208,0.3964927247941734,0.17744977813394308,0.1746433579986465,0.4127377267444299,0.15211014817820406,0.22592081921904492,2.440313133024309,1.3729486459753413,1.0933117078395918,1.04689511544416,1.2889762027817322,1.0822507092367533,1.0488204083374078,-0.07590517323183174,0.8651376925618857
209,0.33225326543383615,0.46717053894168775,0.475075681556704,0.35162288748440745,0.4616876744238671,0.46651841576853026,1.3834222345058766,-0.46932161061309713,-0.08043998195342135,-0.08422851323806396,-0.5413983416030952,-0.054229270438615335,-0.141152183647299,0.9918614742926862,-1.1385820172684231
210,-1.0222057769659405,-1.8299490342955302,-1.7267598371195345,-1.0136232563690475,-1.841070647916693,-1.7362023813797023,3.1096087877252048,-0.31343641330296607,-1.6949864129037746,-1.4704914429659552,-0.33603817081789344,-1.646262504449541,-1.434261661312871,1.5415646156257172,0.9800012981003412
211,1.1285120232796904,0.3028226377234738,0.31233544200692936,1.1326883571339563,0.3253760746348976,0.298884198090836,2.11335785117996,1.0495005919037512,-0.7588354017700608,-0.7428802368449844,1.0233280268301528,-0.8054203254126153,-0.7142403365852938,1.258043813719875,1.3248881627823959
212,-1.0763538806071424,-1.0483533255736541,-0.9931722639603983,-1.0675961319285494,-1.0589241560311233,-1.0138455316485326,3.481301385950227,0.598549282105293,0.9037832128556135,0.6636479019596006,0.5757120571893143,0.8032314033820122,0.6846626962637837,0.8603406374424027,-1.0668446900283715
213,0.13746366699032714,-0.34951368869905564,-0.37475825595230633,0.16260101933759846,-0.3250100947715758,-0.4089319524153245,2.439432656208284,0.7348076399630549,-0.19545098920911863,-0.18493004859233272,0.7570076804097269,-0.1737919958122476,-0.22166198016887861,0.6670945259593538,1.706784075193702
214,0.3082541339030995,-0.33758740761556316,-0.3750420048270388,0.2642811200724373,-0.3324090991048126,-0.28332709592514915,2.5273040486349307,1.518627901016077,0.5446000305017372,0.635708487591733,1.5635065696360009,0.4061590389127301,0.6334774097106647,0.40733806037175985,1.3958191934074815
215,0.5022579963159642,0.3180991810705435,0.30848352238078036,0.4588884222505492,0.31445436468939547,0.2666168203281095,1.9988097643796805,2.022505829552725,2.034997279800003,1.9927947630376535,1.9219625242798999,2.20500098421337,1.9093723765276611,-0.8793702320765981,0.7396205837188574
216,1.0046057855590893,1.032395451402643,1.1248368558412736,1.0011252295997388,1.0162903443456097,1.158544607434106,2.4626364807794308,0.8518475565195954,0.7977370619483729,0.7796811276473833,0.8597603514197419,0.7951678367501579,0.8501419946295814,0.9071252592999194,0.3143021668891873
217,0.3201450488535926,-0.2088520870025857,-0.21996444282414648,0.329475929703909,-0.22147663085730185,-0.20943137608468462,2.3965984540145375,-0.3400178763768323,-1.705419179886089,-1.7564377446281965,-0.3167461717614919,-1.6990217404903991,-1.7543364796410834,1.7029725682101626,0.5675355741364599
218,-0.7741975978232702,-0.6576812762600589,-0.639593526137127,-0.7619705052412429,-0.6332713451178822,-0.6786211505811642,2.868217950203381,-1.1609336814264122,-0.9379386866695326,-0.9105263764680814,-1.342441122508665,-0.9282355246407998,-0.8421020593971488,2.17883175498068,-0.5039381290286091
219,0.601212425995035,0.6152041248645443,0.6562408900064028,0.6138656006837487,0.6153238132496845,0.6664861852314553,2.3890850666779837,1.0888110249859007,1.14795972914225,1.200005053479313,1.0789989393647312,1.1380165570902856,1.2061864792535966,0.919540199271937,-0.7559591061223765
220,0.1151843413427885,-0.030482767223446408,-0.030979315380567692,0.10100341522132184,-0.02242569191001331,-0.027198823050157746,2.0472639955539162,-0.5515113119855647,-0.9193529006648373,-0.8571896293328047,-0.5545731776001983,-0.9900937097967363,-0.8375968206828597,1.48247263668913,0.10204230882477938
221,1.4900736183252272,0.24081813318257816,0.25714033870372116,1.4697667490912623,0.24023912963769764,0.2383496211552322,1.3815415467345225,1.400465487193927,-0.7880460254832033,-0.8606413152123255,1.4585269889577719,-0.757967770446045,-0.8514333221394916,0.40785072222150004,2.422752191756006
222,1.6164166782153664,1.4778777817835016,1.609391468593898,1.6185084484565433,1.484791632347034,1.6008483293199576,2.28402530937701,1.7732135400214672,1.706998599879239,1.8270882720497172,1.7552973756317503,1.701153589244012,1.831278959118759,1.0849273076666603,-0.5944704390763682
223,-0.29048420866388486,-0.3232955066072882,-0.3078523940833633,-0.299997881445187,-0.3936440547842694,-0.28276221817603125,2.9215132774350394,-0.6150850225223095,-1.0111821476895508,-1.0760513590331788,-0.6152803718516345,-0.9258806456301286,-1.0083783413767022,2.08027891809631,0.17097068856391567
224,1.0603895714394336,0.24551929049462864,0.23874377233785374,1.0752220659210119,0.23073952035827022,0.21714424532731427,1.496265321396729,1.529750670388019,0.14775604753914218,0.15572385072093048,1.5353730940602102,0.10702112407366088,0.16900744196464954,0.14593066296351564,2.122674855308681
225,-0.6070796368206117,-0.7040323810802456,-0.752477524639487,-0.599872624162746,-0.6975578279991822,-0.7618845601256038,3.2842823862198594,-0.4337816049131679,-0.5045469865487412,-0.5070546317179201,-0.3983902228385332,-0.4887059626535525,-0.4837410928980655,2.2000086092544713,-0.22525191409644088
226,-0.5007439748055182,-1.0256095889104917,-1.0013854024178144,-0.4956693975556633,-1.0350227105589354,-0.9980895990931957,2.7880891035277977,-0.09509420319552492,-1.0390004743039862,-1.0293499565614679,-0.0794940889885686,-1.0239884617741979,-1.019874672886274,1.4263502344200443,0.6160446548575079
227,1.1654567887961504,0.9469966106000562,0.7325519773971768,1.16207232797671,0.9490422977910077,0.7344350022096044,1.6000258914995258,-0.17985061410580394,-1.0339678177933282,-1.0433428489212793,-0.13247008482218028,-1.0727802703160847,-1.0372792278602623,1.1480723117728369,0.7255551734892931
228,0.3656431783193571,-0.29002558407829626,-0.30331340793584793,0.34618740490041094,-0.3271639489800355,-0.3202209265975803,1.9689732006725615,1.4893248197220448,0.20673182233430126,0.19871845177518738,1.4166713664139623,0.18992842000139312,0.28406672031579333,-0.06598651385297277,1.905382188127792
229,1.6808347187808135,0.6911470795589197,0.6427207144876925,1.6873742817952615,0.6697233925035072,0.6306180917715978,0.4990101505689496,2.8985347548532947,1.747364847722326,1.649364737088896,2.869433765160989,1.7308212296853986,1.6447754792725306,-1.437682619542221,2.1588381098642446
230,-0.7423507194817717,-0.8673452409529522,-0.9557331732028108,-0.7613012994207919,-0.8739033792867037,-0.9827914107152657,2.974130242897058,0.025557670093579038,-0.32947999098414804,-0.3831345266841538,0.051050726071406614,-0.2432343328370886,-0.39355298230797076,1.5933170550261901,0.6191779481515507
231,0.5539536828638899,-0.14493214044760197,-0.14369643591834616,0.5608521068343623,-0.1346010016923839,-0.16011197335909363,2.608552875297366,0.980493960367824,0.5206262569161418,0.520668989295623,0.9687491272546213,0.5836192754710152,0.45787906504184483,1.146207333664186,0.8381480614221775
232,2.1754437589995117,2.1106821816101284,2.223933993136237,2.1849575517752347,2.112017941633816,2.226510456147873,1.0591404930274952,1.9135470670101449,1.8628141501191893,1.9418340952027635,1.907876507531357,1.8683431785829678,1.9268248932269398,0.19067584241986102,0.42413181340490747
233,2.0538976868521233,0.02170903428306821,0.0198058289749687,2.0715325231244597,0.026880695932459755,0.02262026185922224,0.9336501667868186,3.05786573601248,0.7346857317213429,0.6963163626020813,3.0412745408531046,0.7147959675025262,0.7165615773421349,-0.8896863689796582,3.312671092739492
234,-1.3164539519242875,-1.1638628158678068,-1.272455873928064,-1.2968900996764174,-1.200892294754791,-1.2698393657588638,3.1380856249271845,-0.9728399267915734,-0.8599087148276446,-0.8514645837759105,-0.9574148741947196,-0.8502859393400057,-0.8581389593256492,1.8320987614329858,-0.6657483559394576
235,-1.3599256906221524,-1.5654818774697072,-1.5850524311621126,-1.3369908760063114,-1.532168679539753,-1.5662798597631404,3.551201136688217,-0.3209692754525481,-0.7154860608704576,-0.7131438668376814,-0.3041744066292679,-0.7491335028375954,-0.6992633901433538,1.6039261286827804,0.561967801734096
236,1.2082491342845407,1.2465760431486712,1.323670260223963,1.2290270608063558,1.2386726938237427,1.2926300576810483,1.0621175071978977,0.5557165576882463,0.7063538536816363,0.7167613047385396,0.5575125690594454,0.731237363064027,0.817843137315668,0.6950074890390535,-0.15519122591252255
237,1.8978295480226544,1.751480008635558,1.806115613551456,1.8559737968593817,1.767087971167056,1.837197271753859,0.4410680142576397,0.4865109825195437,-0.22403819462657673,-0.2716113708892554,0.38635678054156886,-0.20145998003225266,-0.13576054802049292,0.5687191355346102,0.6890337388737575
238,1.7331654898524438,1.3221230741783563,1.432051983674418,1.7449963589132869,1.328076228832775,1.4258389505056166,0.9851751330122965,1.874473971335446,1.3202252075156773,1.386155092551697,1.8945514825361733,1.3393323491566487,1.4055703804689712,-0.4071471638534653,1.3285895041265359
239,1.074332094610474,0.4980490984105201,0.5039443080592506,1.0677801172509498,0.49332818786419635,0.48931088919694926,2.02395058299904,1.5035040117078142,0.7244030008468333,0.7439232875498066,1.5218860013880013,0.7143023270293404,0.732307248654715,0.7235230832587227,1.5219226782159896
240,-1.3474862091015942,-1.2975762557605364,-1.292428999598491,-1.3535327069904932,-1.3467365813827472,-1.258792566735362,3.4194490400364317,-1.4857743007273638,-1.3940857700958307,-1.2970339365580188,-1.3373086673099868,-1.3746909910209637,-1.3184617581616516,2.684486256686358,-1.3084041871568246
241,0.9396352020431064,-0.03812846510715358,-0.037406704244052395,0.9360355987450779,-0.027222592658830317,-0.03402212832110773,2.0186085602089716,1.3528381683737511,-1.017538455196678,-1.0265789965522614,1.3397924960042795,-1.0834661595793822,-1.0125610540566141,0.3655056217863631,2.470198356630263
242,1.1248659617674286,0.7167112563266715,0.7194765943506218,1.1359767664100247,0.711060546228473,0.7310005514836987,1.9011240018839108,0.8082371834389106,-0.1759315745878296,-0.16038096751193828,0.7869524196544032,-0.16651145331531025,-0.15594012654194636,0.8186676045301499,1.1204417409711882
243,-1.3835489214658838,-1.2264481901682889,-1.2215613110506478,-1.3709271541843395,-1.2205923349697783,-1.1742026573656896,3.425240050568627,-0.710953417447077,-0.3495150978281566,-0.3738004890090446,-0.6867767161555282,-0.3639614065716903,-0.2692992360178343,1.6908080947281272,-0.6023831192829721
244,0.5067691720887225,-0.250824112092243,-0.24719734887401573,0.49877136111391585,-0.23334572595308545,-0.21891326522998175,1.7956130829039476,0.48786115806515623,-1.9969685901661367,-2.0743165064107147,0.5387752738229354,-2.038886874435913,-2.10425902214319,0.9383692625674036,1.4784557685568787
245,1.4992293615424819,0.27185369373120843,0.2810764515348823,1.5100596594457252,0.27393640480042875,0.2728683653006727,0.9140237763858062,2.1057294754980473,-0.5757813649873192,-0.5844536415345858,2.1251848413994474,-0.5972760586245368,-0.5894897264298977,-0.7027580527824551,2.6526610001524378
246,2.7351952605816385,1.2875606123293428,1.722147026542709,2.72659221374613,1.2638495216735917,1.690966876473824,0.5972838776291819,2.9915956438666766,0.5949943290368152,0.6311404808729196,2.9568979559777993,0.5694503220915401,0.6734052083590966,-0.9707253891030222,2.9537104143780573
247,0.15881834066060685,-0.9749962770485502,-0.9770978769526008,0.1385131696857722,-0.9786347455398716,-0.9479265076990219,2.5663896642481037,1.09015850319078,-0.48401763979203055,-0.502895402068318,1.1585028136677382,-0.5066690979888654,-0.534439266965554,0.39732020322382533,2.15439599777831
248,-0.29553618147608973,-1.7928050739256733,-1.8588154048080625,-0.279226669728915,-1.7688887307191596,-1.8597579112940006,2.587850208597108,0.6595620880594254,-1.8068219382079516,-1.7980820412001872,0.6092873194011366,-1.9336707089517287,-1.7429515292546676,0.8777267897179948,1.193696122716711
249,0.4473297321977175,-1.2820409724707347,-1.3037150282585557,0.4401306408010204,-1.3039151024702709,-1.301102932082196,2.1519355237750273,1.9860925368037607,0.380484832158015,0.3825636544307633,2.0136082125956327,0.3750609117389633,0.4215397022295458,0.09304419547849122,2.1355206465111602
250,0.2643325824762446,-0.1740527002254138,-0.18814205742066406,0.30711065012724703,-0.16705119582632275,-0.18068283749225766,2.067569377415786,0.5494852502706159,-0.10439497815955258,-0.11300741461033763,0.5549076546308714,-0.07218723267317702,-0.09246259398602627,0.767987353426344,1.2640558068368668
251,1.6660249330121764,-0.8997747652965465,-0.9702021468214155,1.6659816726420758,-0.8709556430053033,-0.9733523792829166,0.8650668705984786,2.754265872593746,-1.1617563517578215,-1.2348096886282016,2.7175166890552394,-1.1752171992721971,-1.207218229176098,-0.8867291763894676,3.5619645717262
252,2.3767744380141567,0.32830738573026746,0.3163347505663217,2.362023583577628,0.32762047439761965,0.3194150663536055,1.0653407273119444,3.06078433636398,0.054520232688725766,0.054906810538340435,3.047099287732446,0.027384279815619368,0.061003001423297634,-0.5950918685914526,3.8031468781260336
253,-0.46623810235196594,-0.40217302431745205,-0.4100799618505788,-0.4561717124975568,-0.4086828608689824,-0.45456594814805684,2.942697931265629,-0.3036694549484684,-0.22408308009841055,-0.22805994358323062,-0.3295557256021102,-0.1802595604481477,-0.26919799790275883,1.595783014269694,-0.28928500472123103
254,-0.5485560799780609,-0.656412895636506,-0.6325315684695854,-0.5296586536639835,-0.6742455601804548,-0.6218029934590169,2.3390754651568826,-0.5062609911977499,-0.6862199215067288,-0.6928608539410096,-0.4889523897154235,-0.7292088254587444,-0.6463809228291894,1.3951493884138122,-0.2118490091660669
255,2.887178565508521,1.8470422872718493,1.8803041742371074,2.882186944162889,1.842589816825034,1.8732173675300665,0.5292582341375607,2.7289478321067073,1.4918904861443985,1.5274751773399233,2.716554559267252,1.5053235254265915,1.5317329297086466,-0.4376596925912191,2.2300463371759123
256,1.3793691877807026,-0.2109754530755945,-0.2246692742201321,1.3769940728861398,-0.22400271149674345,-0.21913225781659124,0.7121349339261721,2.6029439784485313,0.6355562863185442,0.6802306089546747,2.5927181615291346,0.6174629047999263,0.6425288600424957,-1.1817339179923723,2.824573619787583
257,0.7261985854027821,0.7859390467024542,0.8069266732461624,0.7392761374956546,0.769752803723117,0.8042050222257661,1.8160441095843132,0.4722355168619792,0.6437286352413581,0.6347147948752009,0.4700072911191457,0.6537418768654402,0.5901465009781193,0.7837166037490901,-0.32371187053508005
258,1.2538313461907884,1.4935960108813329,1.8448264666233463,1.3201909163505423,1.4666435905837052,1.8204000575938617,1.4560869998807284,0.1903249169572846,0.7788390437766378,0.8658118918064625,0.21435699600988178,0.8233821380971234,0.845500118874818,0.9381665460426872,-0.8521597690209175
259,1.356748717706563,1.061432008563333,1.1048033495237233,1.356177790364021,1.0712204369660263,1.0838969287939213,1.7785973563108568,0.716386651220754,0.3651261001456332,0.40322156996404035,0.7956108924389877,0.4276472766402981,0.3561664571058863,0.9986201621765612,0.42967359505974007
260,2.3931421121835226,2.1423204591567657,2.056379322145873,2.377595834640517,2.1540054623582434,2.062090837485085,0.6885734375325101,2.614228132488059,2.331447242819961,2.2987921139461496,2.657356725017805,2.329376358291531,2.3258471171487427,-0.6036024149992247,1.298378748133661
261,-0.8861659303950761,-0.9028982378639954,-0.8566740841148598,-0.8791533433492305,-0.917668888459477,-0.8380123381125563,3.4286838183264017,0.13009077315190262,0.14471600389971956,0.14372613942891296,0.19667749911575946,0.16558959926155836,0.22008171792100673,1.3835966089369969,-0.2947548021787117
262,0.7313641704708981,1.5223275914234828,1.3690649326945967,0.7303363954023535,1.5400430901034994,1.377645832414734,1.8930476329519808,-0.3097350648542246,1.1559074494325352,0.9718105391434568,-0.3502652152772392,1.1529796772043996,0.9806316848478515,1.742128182170903,-1.687638938092524
263,1.833866600506095,0.6510721586580657,0.7244252319886473,1.8269823574027517,0.664931326192014,0.668858963350869,1.4129429456448446,2.5793093520221175,1.0094994940389668,1.0595125415455662,2.5769011580994,1.0406486973474807,1.1062594683648688,-0.6351169303698622,2.3122979406306547
264,0.19285482623715794,-0.03300015400433774,-0.03085495000134603,0.20309336411109577,-0.020470451710534892,-0.024389131324420686,2.1993491204939373,0.150746001438006,-0.46277619091498534,-0.4417938768371671,0.14060050241007943,-0.5114566343532027,-0.4577384306433332,1.2245108700562333,0.8542090456583007
265,-0.8378717139522714,-0.6802668666862105,-0.6548809459756051,-0.8287152736390709,-0.6862426919552532,-0.6557600623772704,2.8189730675263034,-0.5884515379195693,-0.2702564002226849,-0.25531302628626895,-0.5927910472500512,-0.2942308855952527,-0.32843383951416943,1.712899512667428,-0.7315705125561157
266,-0.43561788136833374,-0.4969129041016255,-0.5045760010749639,-0.4481254950274469,-0.48616371399055447,-0.517546151935803,2.863457891804319,-1.4622126237003061,-1.4663704946998868,-1.405520060912531,-1.4419137692675847,-1.3679077526338745,-1.4216182326078675,2.6444266868655255,-1.17215392063326
267,2.4977136121415966,1.8929047463662556,1.9855871848334643,2.49432649452946,1.8992284379117517,1.9833649803076898,0.33203478950135973,3.081204233416796,2.1358074729247774,2.0795179439693174,3.0748958575513097,2.140156007323235,2.0744365066180532,-1.3208319775027029,2.677460900742193
268,0.07112126880368078,0.18212687346437828,0.18565530767266175,0.06633959116096176,0.194906551331705,0.2023194493618805,2.2624121456944555,-0.014574919892081225,0.15416596530199625,0.16251496405746424,-0.0024511261534480334,0.12210794711988254,0.18671220733210803,1.4259531695294265,-0.30761594592035013
269,0.30539125401489814,-0.5280334269811975,-0.5288964783326205,0.3271283169874695,-0.5223331280800851,-0.5358832670166349,2.1518709153413917,1.1777308539052798,0.11254492753949648,0.11763305670579169,1.172629191411169,0.1897000882269172,0.08598889213680505,0.38507497531304363,1.643080339638945
270,0.716406859755059,-0.293950844014347,-0.27241379644678004,0.6679246749330612,-0.30849605606232877,-0.22474213749726768,1.6215826069454247,1.366804033348358,-0.08851431920900657,-0.0962933422417165,1.4039036568916858,-0.234800070117855,-0.08425117919860331,0.17380871523975497,1.8787118612647407
271,-0.30296286108957887,-0.23967256754465974,-0.23450372494110225,-0.2743628500660963,-0.24314366998981926,-0.2724969389310725,2.8476742789802323,-0.3406592113454248,-0.16286572011067602,-0.15573823611385748,-0.31441135072646553,-0.14466807204021925,-0.1480714515486859,1.5385700689806665,-1.160827724293461
272,0.3297545480704437,-0.19649788004143906,-0.19553252141490698,0.34540116451880587,-0.21201453843353335,-0.20350154492695902,1.9770418866534631,1.1030276083816202,-0.08214217081681989,-0.07862214199110941,1.1078511031801217,-0.0874392665595225,-0.12827553567296635,0.23180935544222528,1.7320531152165213
273,-0.7800619573843552,-0.6999368221272138,-0.7593076858829388,-0.7832305594408806,-0.7032185919555741,-0.7555064814940791,3.009740044271702,-0.7643876440364191,-0.7538220910995195,-0.7923088462307732,-0.7503889142736971,-0.7495412176332814,-0.8159669713060437,1.597779157003188,-0.32837925104101
274,-2.5329236147026535,-2.3929075270303684,-2.3962923202811455,-2.452276982406935,-2.3515405769075626,-2.39482059044453,4.073400618692767,-2.2049837916722472,-2.099215015037506,-2.2731153374299082,-2.199467157027008,-2.056603366060396,-2.152942281583162,2.8651207842800273,-0.8479723593494236
275,0.775599311787072,-0.09311120756990604,-0.08687822190195087,0.7928034299796978,-0.021245480281431074,-0.08230613293044566,2.035826948258225,0.9052415906349893,-0.586134796245228,-0.5484836913613177,0.930492441461069,-0.6489903491044162,-0.546201057148455,0.978365162007403,1.292007326662376
276,-0.11250422058117594,-0.03846382523010212,-0.03609144866332986,-0.11546953070950935,-0.05005610609140487,-0.037501034272304015,2.1137788111073434,-0.3047815223140589,-0.7663618871840268,-0.7624460972658094,-0.24173523363096056,-0.7513888832139725,-0.7079221666038004,1.3500935136371652,0.320317220763851
277,-1.2006128467888724,-1.5054082321285818,-1.3300219707785352,-1.230838296475532,-1.4513572029674755,-1.3243876400632901,3.5465705780483052,-0.8554367704597838,-1.6306097084929347,-1.5298424256187046,-0.8309861286793021,-1.5960781748461663,-1.5405584008872704,2.1824154623103675,0.6318092885165876
278,1.3661859022909513,0.26304522873326275,0.26771332196301717,1.3703597159231096,0.27487984973529794,0.2792525090422636,2.017635252133606,1.2316994073673166,-0.1295859762734734,-0.15393253541654772,1.2307321072045645,-0.1335640379943832,-0.1384685763632005,1.2055048224235245,1.7581836837589087
279,-0.589454060365865,-1.7017104650312225,-1.49981870179196,-0.5943945919315046,-1.7049737043199629,-1.4984260048371212,2.7943541127525324,0.23025877050569432,-2.0580053422244906,-1.728007444338101,0.19834914683514945,-2.0579872944253403,-1.7023320791412098,1.068422168768656,1.973759322503596
280,2.4372722617172125,0.5331905955891832,0.5402942113657464,2.433448592308803,0.5406628857392486,0.5487325167451849,0.5450422362564354,2.793609597828084,0.2770903446035415,0.2627601001592614,2.8191174762127185,0.2499944729509948,0.3221139248632072,-0.43222557164451847,2.953072767892469
281,1.7373215063023562,1.17787616294294,1.0765348509980137,1.7214636755995525,1.1864380630573699,1.1023289409508803,1.0335716571738591,2.860124377954458,2.047889827323613,1.9072225183011082,2.837642384633706,2.0571654787981695,1.883179609470701,-0.9551830639256695,2.3356815055906504
282,1.7106171946061621,1.58697359015492,1.6635322007019802,1.7019019145681165,1.655913164434056,1.5947412018336702,1.4267801555359785,0.5937621778273915,0.2207656026179802,0.23805443988395783,0.6544954342483302,0.20709125835795297,0.261913540707296,1.3120600674438851,0.3528846592888566
283,1.0395887666042318,0.9574404939898352,1.0761429166294338,1.0604986937231184,0.9364938408557986,1.0956543468352078,1.00260915897748,0.8890555972599687,0.7700311862973547,0.7636947402897493,0.88478847454716,0.8192683936285114,0.7903146131345298,0.30076556660520015,0.4333726511787486
284,-0.725803753269483,-0.377542703709556,-0.3773490440800942,-0.7262950028352826,-0.38064281120428417,-0.3690014950638351,2.9532346899030504,-0.2873228575316059,0.20148208945084412,0.21086307479817534,-0.29142420325340984,0.21018218321941123,0.2578050024658045,1.7965414858194824,-0.9703832485106093
285,-0.2869060311019548,-0.7707852873150539,-0.7597011254909806,-0.2401126646969561,-0.7482548124643479,-0.7643624527740059,2.4424147810904024,0.22310080009640557,-1.1577327900703929,-1.1740825400905446,0.32541299412154034,-1.3307788357355779,-1.136372266835388,0.5856446576162172,1.0927791835270286
286,1.5510726343501149,0.6651914769699497,0.6397249371064476,1.574648108488072,0.6511228715342291,0.6329134085340785,3.4570283857774284,0.738638619826513,-0.7765618528563862,-0.7189185884329645,0.7590461353378063,-0.6918162959659044,-0.7585968722616985,2.4339803344356863,1.5854138115492946
287,1.5632065848419998,1.4073937920849406,1.4078645616244363,1.555784390655437,1.437432374971274,1.3968797560466233,0.9000498786762716,0.23842626112176574,-0.09524869882661763,-0.10045964672390308,0.18750657591725134,-0.15824994139662685,-0.08899168613758646,0.9996103441673956,0.7618830316511446
288,0.6131761468017444,0.07964331235654457,0.08204922669383158,0.6416628791276122,0.038081918068510474,0.13165393513254653,2.0825027921356742,0.767079989255778,-0.6551482384923881,-0.5929016675025095,0.7284864544829366,-0.6322842474519373,-0.4993458450304728,0.3423412050326796,1.7137193484873376
289,1.3044699716907384,1.2296566259551485,1.2747798374751693,1.3265130415610906,1.2259714781370779,1.2879402478826334,1.4371809035872276,0.8728180260527759,0.7507427707247097,0.7540779739445772,0.881225649095312,0.7690571637710855,0.7365212097808191,0.5581892071699419,0.3905950605500335
290,2.4947915176428674,1.579512615223959,1.6244735834079218,2.4967358129056456,1.5964321491458608,1.6365724815995821,0.3259755455423108,1.7627185700926995,-0.1526701128835293,-0.16516164489287735,1.7936706562304598,-0.19050318829504898,-0.1727287897012864,-0.04979672866111249,2.115188951236184
291,0.08151791471894872,-0.05122368451408387,-0.05170179248553651,0.08096034449993088,-0.05063070535515614,-0.05509985041669848,2.020469655537264,-0.3039298685145635,-0.784105593836793,-0.7979047197678114,-0.30215990994007863,-0.7901437992785112,-0.8062982382555377,1.4782644250121313,0.5904128892336624
292,2.6741650462762148,0.9371837410209534,0.9883215389816449,2.6464995623886245,0.9520734971234596,0.95383771755162,0.5078634453386978,2.2174930073320023,-1.0426050684716317,-1.113044784155636,2.196202059942288,-1.0993503928450459,-1.1417594958124644,0.052144117511565675,2.7488862360281643
293,-0.7526829118467423,-0.620374974264367,-0.6072328220536041,-0.6967287345868286,-0.5849171216899489,-0.5593086238993502,2.704094500820764,-0.7560468123716713,-0.37475281326660026,-0.3684945760972262,-0.7138973241460714,-0.4206884402119641,-0.559356159357026,1.580317380560933,-0.6999236127984125
294,0.23343638257390834,0.3180242584896672,0.32117697778033427,0.1856330531357403,0.27196525345620237,0.28021059926952613,2.081759867767639,0.028475769434171537,0.2577582775758274,0.26518849143191325,-0.03482697577303706,0.2518045628732786,0.31380380615766007,1.0856152049590542,-0.5339643679246093
295,-0.804153855520388,-0.6400646940568622,-0.6566809785920948,-0.8335415268023705,-0.593522593430552,-0.6260078132025061,2.7492084336451352,-0.6979846013773227,-0.4633382872801542,-0.4345308915195258,-0.7587589154608069,-0.4814132050292982,-0.39548890895896427,1.527288338720687,-0.7817533356293687
296,-0.5473577857939719,-0.690970617843089,-0.901678674546225,-0.5498446583653485,-0.704304800434085,-0.9221563247258147,3.5880580557215107,-0.5442451069798304,-0.944136743227771,-1.3846764444116806,-0.5135465784301554,-0.9519827793045482,-1.4276965423325614,2.5829615919104127,1.4707307883686
297,-0.8683254967610892,-1.6255753258706414,-1.6498998444904425,-0.8404146011495229,-1.6039563875018996,-1.5601922172278613,3.118461879268741,0.6097117272155056,-0.3319779795476896,-0.34888966369875063,0.6146863406892334,-0.2806069747231941,-0.37393812119032827,0.7604703378804845,1.123977252416216
298,-0.3770152775930569,-0.5363846866831703,-0.5531022074301708,-0.39975792840529184,-0.5637076018291025,-0.5357296556273836,2.566706003496531,-0.21837581411192675,-0.6338109455582138,-0.6612016635508907,-0.2326308678087289,-0.6957848470979701,-0.6888485580841962,1.555727102799119,0.5089148661836936
299,-0.19020411773695015,-0.4403426930593054,-0.4411831495060283,-0.20945606138688166,-0.44072554432696703,-0.4649878315644577,2.5958778095728117,0.3953107858854756,0.3518679219180806,0.3472447172754767,0.4024785997109608,0.32933914009541293,0.3145597812712114,1.0452991448729043,0.20348175813974625
300,-0.08470783540630843,-0.5975338069323317,-0.5569768417084795,-0.086088964156983,-0.6150319065514916,-0.5842962527771284,3.0139871574452406,0.4873806160255192,-0.3478030591362753,-0.30733615287458543,0.4328023791120685,-0.3061152812957657,-0.25626791707033947,1.1464070024521402,1.2219797885516928
301,0.6393025827450365,0.942133889067944,1.0144542326142056,0.6481500544528844,0.9261106193615083,0.9904896521847535,2.1646453739292877,0.9338971951732796,1.2245185877144564,1.5494273026617433,0.9215296482980215,1.168513828710172,1.5320265483381403,1.115300413434307,-0.3237931556406699
302,-0.4251997191201948,-0.6814280620681769,-0.692275006151641,-0.4172903025394913,-0.6759735661463604,-0.67938701129153,3.181463729919381,-0.5326107908975258,-1.1577264433694059,-1.245167192605099,-0.528325721334755,-1.1616787056523714,-1.2363167630798606,1.9243957233581543,1.2605416500615563
303,0.1974797574421759,0.03825876880535732,0.03752209205841055,0.19226401468131205,0.016275065808839008,0.041525343181261457,2.2816695837593706,-0.21925550782939293,-0.6358506336818313,-0.5853898042070943,-0.18814366731655502,-0.6521526550394836,-0.5727356469161259,1.2969564396305726,0.5650691947326093
304,-0.301758935851614,-0.10901728791224766,-0.10836403099516743,-0.28143608924989655,-0.15605559315053735,-0.09059200380669508,2.271102270572963,-0.3412933493388089,-0.2084921591853981,-0.20275178503431654,-0.43650231464139955,-0.3457330001923801,-0.3426018088987645,1.6458567322903446,-0.28833409811895466
305,-2.068923427913633,-1.7946914486604995,-1.9067137857857752,-2.0759886138386774,-1.7689236718012222,-1.9106101079881415,3.8740499788246106,-2.4705356516714696,-2.165889079989496,-2.3327611149747987,-2.5101933068672797,-2.086269334253898,-2.317900347642713,3.360551360850511,-2.4663245885138014
306,0.04238051177102933,-1.754133985197693,-1.7950051079039842,0.021176952514993616,-1.7483387491583031,-1.7884458421069724,2.266754595217111,1.7027209636741374,-0.5830116763164208,-0.5744194184715211,1.6969966203707354,-0.5948786923578709,-0.5875360583739105,-0.22212784822306472,2.7732129380969983
307,1.70186989054058,-0.3649626962572597,-0.37223954969699985,1.6999430869548813,-0.35499477323571155,-0.3440145090446463,0.8646504324560523,2.419790397966718,-0.114923403960158,-0.1269991802359983,2.3450715585497592,-0.20547692095677528,-0.17527626552530423,-0.5496009614217645,3.1732271488964465
308,0.18880402462423965,-1.1352771277997407,-1.1920927273503805,0.19716866370830785,-1.1350376111763114,-1.1738394207645393,2.4774762901684055,1.080249798735323,-1.176488144745517,-1.2229739159811956,1.082734791871854,-1.184436383713978,-1.1883709559958322,0.7368158998299918,2.042510875682547
309,-2.1646259310075435,-2.0938707612976426,-1.4726365335786347,-2.152059170138359,-2.108781972101332,-1.4630977696124785,3.510966882076564,-1.6606084543263744,-1.49459982612145,-1.2412223536460634,-1.5309967975307415,-1.5340019820510165,-1.1949708424580752,2.228292085355964,-1.1673025117966402
310,-0.3513843774044838,-0.5926415552023157,-0.5843461451444848,-0.32916560716135657,-0.6102742924917477,-0.5507335020551177,3.584659361602229,-0.38332256108866997,-0.8834097079787652,-0.8485657711060408,-0.3362932922642455,-0.9262405405858883,-0.8577582066811573,2.6444330134107115,0.015175593032941833
311,-0.14283845579119195,-1.23022336483114,-1.0551257210235836,-0.16301323229490192,-1.1674300390512653,-1.0856955186323876,2.414216902047256,1.0846629232818894,-1.7933026942394001,-1.7842774531931684,1.0720904549113175,-1.6331476148778838,-1.7105363585837974,0.2520341162688691,1.7147402181456828
312,-1.456505743692705,-1.308829399712274,-1.2238660266897565,-1.4701843124482266,-1.2827324226814776,-1.232243577573461,3.7366957289647855,-0.1121271178750617,0.3810211002689504,0.4139361318553493,-0.09477157411428813,0.3678705069526219,0.4333341905273495,1.5272599647506846,-1.3208108121948476
313,2.1483774763893595,1.8847271366582543,2.0098478838675984,2.1665263909461663,1.8889308591099108,1.9912786969499237,1.1611632412368622,2.197669341716334,1.948431512338272,2.1999983092848194,2.180804001062293,1.956475148515617,2.2029199878758092,0.06329719477804009,0.6733052782179407
314,-0.665126531069707,-0.5912733614643387,-0.619690972117482,-0.6677745462360523,-0.5840135055456352,-0.6059493522016604,2.286859258692352,-0.5803440536246073,-0.31576678544340214,-0.3511080317965787,-0.5146351870900212,-0.42864502477878796,-0.21111794294254524,1.4199682505829756,-0.84960310680497
315,0.745778540023474,0.48135647408094945,0.7658519955653806,0.7688500260081887,0.4991348033516534,0.7810358089722977,1.8799245438191163,0.36143852439597435,-0.27192361875793997,-0.37653870829980063,0.311740868169337,-0.37429375371118023,-0.396072169954498,1.0375927688481401,0.9356320395624458
316,-0.7281851335111933,-1.3845194287812002,-1.1619612762865328,-0.7402087089553374,-1.3460378427267512,-1.1413589531061619,2.525360380422253,0.1549438503654359,-1.3682403657721944,-1.151855487166387,0.16879385482455614,-1.4387627313547415,-1.0814847318320926,1.2416513632152697,1.4459518806042053
317,0.2522791199985529,-0.06839197287414543,-0.06089581812966477,0.2676387051022021,-0.10302555178245502,-0.06289021351988697,2.047581791018976,0.9047773953764684,0.4542958212069513,0.4467029169199295,0.9145084144058246,0.42597802936046214,0.5337734565164763,0.3512366316128267,0.855602282777704
318,0.08923241325790296,-0.7849589063095626,-0.8199389727424661,0.08636178488537301,-0.7871533176559008,-0.7994589470145469,2.312378727126106,0.4342606393962406,-1.3076177494258001,-1.3740163703328556,0.4255337757306933,-1.344836784516675,-1.391602528087499,1.2041567064974064,1.1505879444238176
319,0.1938286586086836,0.07567988208860048,0.07449802333272967,0.20949482094130953,0.07701735864261082,0.08160281927362492,2.767990110653834,0.6328362537187152,0.5904492767297932,0.5791846184669881,0.6549999879228744,0.6550039816025132,0.5161146652899993,1.1388186244221727,0.12010483489259319
320,-0.1015235893872484,-0.27027398379175954,-0.2708150620613346,-0.10269959078666548,-0.2733343358844199,-0.2535149256595386,2.222758140019196,-0.9761113374753628,-1.521530036921658,-1.5192768380314328,-0.9838008308907482,-1.510442339357999,-1.5098948631039835,2.07673456145185,-0.3575249616132085
321,0.9314527058668453,0.7780579228358442,0.7447265660541859,0.9535739129531867,0.7808335963082262,0.7499226477729152,2.2481724208288214,1.6725524893246142,1.3755022794100773,1.4416763772507208,1.6534091125987798,1.3774853247725807,1.4261963294393627,0.40049768964156357,0.8015528729664828
322,0.4703272116725806,-1.071886308737034,-0.998520068142623,0.4748387468032641,-1.0620672065283012,-0.9952524305447986,2.1961927978262787,1.471497182400858,-0.6387072685602416,-0.5547583885980673,1.4638658202120747,-0.681314303240277,-0.5517688407451219,0.6220383860228375,2.618053968399769
323,2.525097530276952,1.2820062804907337,1.123979695307209,2.5341761575148416,1.278152174801743,1.1377128425383298,1.2218188407960686,2.1506531213960183,-0.5058021543860725,-0.5069013015726911,2.1639042404886117,-0.5623337892970459,-0.7130832055585339,0.7981994640897646,2.2053453609626863
324,-2.1249818582514632,-1.96296039423333,-1.8732526695418537,-2.142612057851302,-2.01763116428512,-1.8700442633612715,3.9923789556981966,-1.8895195741751454,-1.532466961546892,-1.4674520347728695,-2.037890629281504,-1.4245540002225465,-1.509891849870625,2.7150765589040073,-1.9479514120020973
325,0.6504660037360889,0.44069292739695753,0.48964352598862326,0.6570189336735754,0.44432138414678757,0.5132259629720095,1.8604358277845672,0.9309741217339649,0.6529125527728159,0.7312886627662999,0.9184692141631865,0.6096231213365622,0.7341293440814817,0.5784935750283176,0.5415353527312498
326,0.17655938460516798,-0.10241758504723716,-0.09082263967296922,0.17923998678484707,-0.04096423072166236,-0.09767908045375172,2.3103587104571837,0.49638086757777516,0.13950786705851456,0.13788518122102267,0.486631007659197,0.06398166860057962,0.07991483431374091,1.1478705708131154,0.6768713693310286
327,0.663649449276666,-1.9402776822384753,-1.8547784871491482,0.6709651694823379,-1.9531642460843095,-1.8566845433319448,1.6368940814156545,1.685438255050592,-1.499364068772407,-1.4059155742606415,1.70278490960571,-1.4190993766637974,-1.3913565708009692,0.13716125663342785,2.4757051775788823
328,0.6308502627007804,0.8288091192364307,0.7797118187789882,0.6350263635636698,0.8531564537796834,0.7936518985173652,1.7874472322419113,-0.21196764203265564,0.04405656560505039,0.04214297240087266,-0.25052623590746487,0.06052247741938701,-0.0011730268038847448,1.499464391344174,-0.25524750234118243
329,-0.041692874201950364,-1.1416718380268782,-1.163957540170337,-0.042641761417490175,-1.1170935947908855,-1.1667749629409383,1.9310530290492478,1.0978144063326012,-1.666121281479316,-1.6054651706758034,1.134379164608635,-1.8488938371257089,-1.4840568204081828,0.19044392106570132,1.9232996311569386
330,0.5307760946999757,0.3743069101467384,0.3531880114137521,0.549609654620861,0.3522329195584663,0.3875866171485128,1.5969693527003828,0.4157800523086785,0.23713928590128075,0.2361039284197431,0.45799586996263564,0.19553771097261358,0.22327830984693836,0.5517308962854985,0.20052750509443562
331,1.203512404909024,0.00979446500125476,0.009157912345782194,1.2600095348167637,-0.043188510226449414,0.03209957898532774,1.8328911979683926,1.8843031622897093,0.41283752067761587,0.36652662618650533,1.8297938237764773,0.3439123685775344,0.41111612997065056,0.15384507277222598,2.3982270202181835
332,-1.1972166224512688,-2.3366927475426285,-2.2260149784536933,-1.2001281855435153,-2.3484935394112028,-2.2523780148795036,2.815009357102793,0.2974303117561218,-2.128918392682922,-1.986193293472758,0.2804914927778812,-2.11629371893698,-1.9644292135339476,0.6470661789228765,1.7181370169876768
333,0.4790856723044469,-0.24809262730359838,-0.2747320456611948,0.4621503942969389,-0.24380016107974783,-0.28973551411950327,2.1919743546884622,1.0183148358644043,0.10136241805993504,0.11139869771152183,1.028917489526653,0.10023669172186646,0.1043902623931321,0.8193059004863764,1.4420185968654369
334,0.8998979084271091,0.1042099526261759,0.11506074424052937,0.890486926168054,0.0962965432888126,0.11223467519153514,1.8575059518678023,1.0522201889737792,-0.2407423643445376,-0.25491991575916817,1.0645554974904445,-0.2550367019313825,-0.2851112571925927,0.4915128390222955,1.777461114468644
335,3.150023652184352,1.7903385422980853,1.770067413640786,3.1443000475471106,1.8260414898768598,1.7893075002041539,-0.7051547126848801,2.8454456889474082,0.6452359991924868,0.6573898952166047,2.8531356197512494,0.5983895485202604,0.6158555906400716,-0.8570665394744109,2.852824905617629
336,-0.7115228996644872,-0.6452432739695105,-0.6967012592983105,-0.720800314623857,-0.6610025215888555,-0.6808475668591614,2.803345029786809,-1.2664695575895066,-1.3971103222370924,-1.2673154190523257,-1.287970657671012,-1.4111818186783898,-1.2801351544439241,2.2306910455893143,-0.5392366691614988
337,-0.4305735379676216,-0.863205093277864,-0.890979250536037,-0.4226409008105742,-0.8916290600790353,-0.8977326561249789,2.9142546081649696,-0.01536903144301717,-0.822532627593366,-0.8379932605651866,0.04611318956892521,-0.8450829346594192,-0.8006567232818005,1.5128718367373648,1.5485831875978193
338,0.07080995416734874,-0.99239848284854,-1.056765603120946,0.09588481500994933,-0.9753128327625147,-1.0300597492692138,1.8422514268819614,0.9706110622967316,-1.0588452668182604,-1.2333104983307248,0.9185407276886691,-1.0999318424506093,-1.2940901471542343,0.09715826505638017,1.4813841656626965
339,-2.0087241990793454,-1.7496241416390665,-1.3660332752405093,-2.037044107246559,-1.7428446420690704,-1.3747287848871284,3.04543090374366,-3.133883572786493,-2.6845478157534393,-2.1229909625619334,-3.0855341531809666,-2.6067739193029715,-2.12614232340025,3.710043004383036,-1.3718884896863275
340,-0.21318827825055536,-0.11424936355036133,-0.11183868238416954,-0.2424366882632524,-0.11645309831787137,-0.10425276348064424,1.9555523174895182,-0.029830018341217963,0.11797926196837953,0.11379620227884474,0.01598383892563159,0.09128126449911761,0.13272037558422115,1.129094794554015,-0.38002649795994203
341,-1.1049575689442324,-1.126385620900213,-1.159747992750536,-1.1190966405956013,-1.1555592886692185,-1.1048723150987778,2.8816863741067413,-0.7750258865874861,-0.9104606812350937,-0.9996538903866841,-0.73469018875964,-0.9282082397729486,-0.9907780956626009,1.6327818314341367,-0.027404086030427693
342,0.04761797721327491,-0.42668263835539044,-0.4324076865532768,0.051042848276683296,-0.43972377468350454,-0.44168161736441575,2.34991452580001,0.7047220183009396,-0.3459561778426168,-0.3773758859488313,0.7401594891333501,-0.3793269822994639,-0.3635869391745172,0.36749253536929627,2.238079014620408
343,0.16032470058612294,-0.8128617006896264,-0.8217446451192466,0.17548367163914125,-0.8101528621817351,-0.8239381217786368,1.9735535884307098,1.6522590058436004,0.443183806980841,0.4069615191974643,1.6750634585875894,0.42725182630865227,0.3999860202381572,-0.287221349774222,1.8781647010574343
344,1.0490695339473004,0.6001145674026878,0.587294887611674,1.0526327802575244,0.5944942107974222,0.5910613870982949,1.822957766517675,0.6259960702164261,-0.22687348044951278,-0.22438512960503434,0.6181211451144214,-0.22270413560188645,-0.2238710791414144,0.8278166890078686,1.3598678285569394
345,1.1135077852895152,-0.6220746967090663,-0.5748857479342745,1.1234311872024096,-0.5902653873374174,-0.5812910868170601,1.65840175751376,2.3800705042952957,-1.5582775734340244,-1.3744383195702012,2.352037980495039,-1.6626319296844525,-1.3766688651084622,-0.5046968683227294,3.541233924148336
346,0.840464449537678,0.9093237772220856,1.0769661487834716,0.824771431220076,0.9192735415784388,1.0608075523041423,1.2834540767936562,-0.12329698315028687,-0.11265102646655865,-0.13539848673296462,-0.11051648862593846,-0.09290822261618915,-0.11716207614439421,0.9067618355868228,-0.19431486224277328
347,0.03802245941440333,-0.6594475960658723,-0.6350453851180039,0.07980400276605608,-0.6949468472194568,-0.6472482530863926,2.405447605490941,0.6360487637072899,-0.6489262715599619,-0.6094361345914984,0.6539776260892264,-0.6662821196219944,-0.6707714433307356,0.5857911402805124,1.3829659062929573
348,0.19496664712933157,-0.2677504432648842,-0.27260149883698165,0.20716785607557375,-0.275576507404242,-0.2820440240489438,2.1552261126326817,0.3420661241852126,-0.34829013255232316,-0.3235100526639941,0.32426727443585757,-0.3781619207638787,-0.35335684237066745,0.9620543383735685,1.2957803807824
349,0.6054494490573515,-0.03756779323871897,-0.040795501491905466,0.6353349419934226,-0.04494833525154805,-0.03751401901277272,1.6295863674869269,1.3527495130345495,0.5204920647156148,0.5492417017433385,1.3222505219630512,0.6175741308924623,0.4650858189866731,0.23108263008791566,1.3836933382657008
350,2.0613866545255974,1.7267203287011041,1.6891993645637986,2.0500649806967046,1.770917673408077,1.6815592096828058,1.2424598237241462,2.788873132392151,2.6774226485983474,2.8006877267978907,2.734323908862521,2.6511668370196357,2.776065371511159,-0.5720641965567961,1.551965461357646
351,0.7458130924473433,0.015415277647271623,0.014572952231409754,0.745390387098565,0.024829190043836057,0.013999166452050382,1.9711409287209098,0.6749296578656664,-0.372791957906108,-0.3675233687459879,0.6839885240537248,-0.32873284892330723,-0.34532115435459615,1.262902354046078,0.8358624126453754
352,-0.010991159427458326,-0.4069726140221159,-0.38745350903249737,0.004854154999145886,-0.41213558599328776,-0.39738969316753614,2.636904954522572,0.32528589662734236,-0.3218625039080953,-0.3102437522608604,0.35551384198678737,-0.33622306709647654,-0.3267349468925508,1.3402783921788197,0.916760534200521
353,0.7880219893124863,-0.05130590253797311,-0.05834767499588345,0.7553685229843597,-0.04673200140450943,-0.055230452157954885,2.050393358080538,0.8199854053274473,-0.5227636616045973,-0.5975397934928771,0.7948454556099256,-0.4793107640387499,-0.7114505162501034,1.064003699552757,1.1792415730784704
354,0.8882901703816958,0.12828620971763924,0.1304772966092775,0.8993516938324725,0.1516520144726119,0.11441214116024387,1.4382501190923758,1.0521679634118333,-0.247963063991392,-0.2704614026261124,1.061528494426121,-0.19672940185978383,-0.24186554785204092,0.442636926346702,2.403974849207935
355,-0.08844345251013809,-0.08869463363482864,-0.0760264483923733,-0.08637351517804115,-0.12587571142912254,-0.06772022044843941,2.8183835441946234,0.9489479588195173,0.9761731415604105,0.8265913402144225,0.9175770381390836,1.0145751814652322,0.8475186555714568,1.0437046324535835,0.4762220828597049
356,0.2089435158758605,-0.529052686114996,-0.5057505694016214,0.17480052025942475,-0.5549019103926506,-0.5048659399755532,2.6527858446253276,-0.09751783656594908,-2.1522668559604745,-1.7973611787173402,-0.0689591142635731,-2.076849013383516,-1.8640897993457666,1.6320362259371994,1.3606121741003134
357,-0.13023897364433354,-1.2843352495390385,-1.1046349718806943,-0.1285207655459371,-1.2757183022308365,-1.1080559192840025,3.4073044809564252,0.8114738205891672,-0.39889058296476865,-0.3795844753466114,0.8040118296699011,-0.43193228334496175,-0.40982722211890316,1.5268385966976044,0.9215219992188869
358,0.20164277196082164,-0.1264399807070779,-0.12066924249090023,0.2031525001532522,-0.11681308497160026,-0.1081881839768501,1.6332853583779778,-0.5257453207231348,-1.9830350189322665,-1.751266920353068,-0.5298248679761842,-2.0304567745506863,-1.7779904198560734,1.1903666860444255,0.6418358421717204
359,1.293464318635947,0.12188334235985393,0.11763414222954025,1.2771443794271609,0.12629207282729324,0.10304571079998934,1.6220622335178903,1.9166255741199765,-0.3457158987130325,-0.345266114005474,1.9083721195396361,-0.31751202696262554,-0.3137066710304253,-0.08205525883261038,2.5797946491144437
360,2.9723252352358855,1.4988125357951272,1.3473609982194106,2.9901695087119755,1.502904105051578,1.3399151041169564,0.5974896836878916,3.194544967715408,1.3539296663859581,1.2080369355123375,3.220372861586701,1.3376367825017064,1.2198859306053782,-0.684458767506754,2.485489840296447
361,1.469154810306013,-0.6064352774952046,-0.5902643898234297,1.4601804445136861,-0.6121275472810999,-0.5816117070401988,1.2479629996347896,2.3256506902968783,-0.3074169140440655,-0.30142048850382813,2.315741513297287,-0.2845102894676412,-0.3216483351578262,-0.48165660335993055,2.7960569579987
362,0.7574742161538055,0.3922655355984808,0.4208581538009102,0.7796048275277945,0.38331722460738493,0.42202213632103647,1.709396633432918,0.25594093933137696,-0.679308861985611,-0.7400918778679714,0.27531814341058064,-0.6793934702040626,-0.7911388053804794,1.2485395531192625,1.0046175834141418
363,0.06704859476790487,-0.25869754062351435,-0.23357525677886087,0.07716393748290301,-0.27136944747447445,-0.23796075224713797,2.571171520525459,0.13060989660167105,-0.542045366829057,-0.5515268918166386,0.13962499993174413,-0.595349934358917,-0.5737886233476021,1.6520043975152618,0.9738460085525524
364,-0.09422114679036535,-0.3141284446112217,-0.32588106246324894,-0.10394033010164241,-0.31730480634550284,-0.31113526709541306,3.1358515295165343,0.10310435446668598,-0.08958446295167766,-0.09309523296892769,0.1168446560455671,-0.08285804003337213,-0.09498397045730486,2.0564443253178504,0.0919604268558019
365,0.05513933237779796,-1.3789588682516494,-1.1774860061237138,0.0803554778492861,-1.387448789629217,-1.1788764452092808,1.9680690222784385,1.4984640101561142,-0.5773599468909927,-0.4939234905071196,1.4929734476428107,-0.541116617116373,-0.4489199441938301,-0.16881899896339375,2.116350404968371
366,1.037092853333354,-0.06431578878820941,-0.06604021658335063,1.0379280283776877,-0.06598124398504489,-0.05890959584372936,0.8948897659151652,2.077216460886214,0.6267825185149913,0.6234729321148755,2.08843968999855,0.6342674196626119,0.6110319074002859,-0.6636913220423585,2.4444716758697833
367,0.7654404787082681,0.5104548368905686,0.4934875695875912,0.7685168136553004,0.4805256343566274,0.5214679760580991,1.7903622303089564,0.9481491539264034,0.5345879575703858,0.5415083132528241,0.9366837841056412,0.516737207452925,0.5296682895896538,0.43889021991908367,1.2757460917521177
368,-1.8128115733735113,-1.8106969058992308,-1.813504464520197,-1.8080606486499136,-1.8042280292001358,-1.8369889705770774,3.47607272903072,-1.1188240948595793,-1.1488219199035163,-1.2029724626563714,-1.0931759560948078,-1.202064073288417,-1.2643403519729248,2.0202762411996082,-0.2828587933547936
369,-0.45792718818720335,-0.3469661621078911,-0.368617418210032,-0.4807794546135747,-0.34368263129465254,-0.39631816608165216,2.1986112356545786,-0.17150123239368592,0.08315056652414299,0.09208250217073906,-0.20365133015562958,0.09868854440626579,0.22295767031457395,1.0901362105543582,-0.45049441489745506
370,-0.023258155136264967,-0.4801490542273847,-0.5020579037058293,-0.07479143875857278,-0.43330620623252336,-0.5373782204063434,1.6584308575741125,0.23631181754462458,-1.6184603840109615,-1.551181192657127,0.38076689528680147,-1.3517693985292043,-1.492130335963583,0.6176944979158163,1.1289800826274379
371,-0.5049472857607352,-1.3054131467564372,-1.3588511471113336,-0.5037942681279133,-1.2950965881885472,-1.3567042652338963,2.929116885346327,0.5613821202748348,-0.5479503818274398,-0.5986222682379995,0.5513910913803398,-0.5373966443434942,-0.6184140811188362,1.0307355672739267,1.9220380808524196
372,1.5216812984940207,-0.47641762542730737,-0.4902976068279377,1.5318385346188337,-0.47857576258952156,-0.5011533900207329,1.298110388087026,2.386170435277159,-0.38325483472761357,-0.3962631148881102,2.3848813332096146,-0.4371474642245363,-0.40592928260098265,-0.3312440083716094,2.7597494554784165
373,-0.6845729392191815,-0.5373819469296546,-0.539522029451502,-0.6917141400821202,-0.5505848505504999,-0.528034869706124,2.9875567381469716,-0.866716214716647,-0.6602323734978361,-0.6785186147120299,-0.8689367100023747,-0.6448535493394592,-0.7052101006725194,2.098577035952159,-1.0424105777590826
374,-1.0447641339387037,-0.9011842280388231,-0.9726112559990326,-1.053072230764743,-0.8734063421214482,-1.0356118039762565,3.2068232523975886,-2.536683306558943,-2.172821157694826,-2.280368681908507,-2.5573423195677365,-2.223619535775568,-2.224621609297509,3.21355965256754,-1.8829075185612145
375,-0.1547189097479717,-0.9732031280792497,-0.9443988686805079,-0.1382094303528719,-0.9751492829352988,-0.9307592825638932,2.2777520869930235,1.3577815493464023,0.0072487860158305184,0.007206449237717186,1.369348626602572,0.015614792898088587,0.0014765510382318547,0.07555398195754479,2.7737910917298496
376,-1.0648132172182012,-0.9503008612378812,-0.8870221815929489,-1.0492534701088323,-0.9518043468322004,-0.8976465675395991,3.461403075043203,-0.5314471952595398,-0.12471422573023866,-0.1217645211548762,-0.5175703318868186,-0.09737059897365775,-0.17143859033461156,1.7069879041146017,-0.7756178435276359
377,0.13730924153773674,-1.1923504088385126,-1.217191290834602,0.1367203947307667,-1.1820892208741496,-1.2314027004429091,2.616588768784633,0.5253018874923556,-1.5577435847955494,-1.519692173687128,0.540725466506842,-1.584288551281399,-1.4803555732261156,1.309850118890486,1.3364058019237068
378,0.5632114355375089,0.048670597130525024,0.04730588070868517,0.5911942468192606,0.0030431649426164147,0.04510694080874571,1.6710795898759774,0.5365374717617545,-0.9870665170622929,-0.8919582584804158,0.48956867779178415,-1.0404855667210324,-0.924411795583568,0.45067931216561563,1.4200478788206439
379,1.0624334137289424,0.7579828992884657,0.7574371637248755,1.0707385641042821,0.7558937686702513,0.7510741536162259,2.4730564703605356,0.35160850077608263,-0.19666985698236267,-0.19926440629454004,0.3332347290461126,-0.19357724636060486,-0.16796629234825763,2.193770138268553,0.4262648539868586
380,-0.4308546192957321,-0.4146967577058392,-0.397376476783404,-0.4335452309977253,-0.3814723840365109,-0.4028554739533697,3.938718927330526,-0.18931099917623537,-0.12528954094404024,-0.12220307511853662,-0.18588756142978208,-0.11834996099233232,-0.1305016553979766,2.2642094975015206,0.15849767422927674
381,-1.6670745817038797,-2.2031108772279073,-2.2139979674814447,-1.667194007198897,-2.245375274158201,-2.153317428214705,3.418686831932385,-0.32721155839070964,-1.2406853300088305,-1.1810316041964632,-0.1735594336421474,-1.1467806110162198,-1.0238092883675654,1.2991331439906226,0.49193006608874346
382,0.15055589610919623,-0.05533240321292137,-0.06496590508255161,0.11593973884422368,-0.03963601892045071,-0.07245749244536182,2.0363320491385166,0.5253511310465211,0.1475974758457054,0.1607865397406654,0.4558355438591464,0.1390748549677096,0.07796585128961986,0.923348317888891,0.7899400476774286
383,0.5950785201088689,0.26352779182724184,0.2771311305679965,0.5964204070283676,0.3194880361235108,0.24933607945916855,2.5022425740560355,0.9386718216149423,0.3291826667135906,0.3300516961643315,0.9862484632457771,0.21814302529017543,0.2886229040531434,0.7415067167710437,1.7564377666812654
384,-0.7241036337758002,-1.5129449528291494,-1.6058445196164823,-0.7118080252594471,-1.490447806286691,-1.6018708300222602,2.8642629767671814,0.462865626371798,-0.7833655834177491,-0.8787359400136473,0.5003004192957452,-0.8092880658039774,-0.834108533527879,0.5944063855435946,1.2423904941680648
385,-0.8347480362304542,-0.48213239015850307,-0.4925327185905703,-0.8023585455835729,-0.47746232214982604,-0.45862234244214284,2.4629626282151476,-2.4444581015000915,-1.7066198163467292,-1.6819518129927937,-2.3562514522224562,-1.283340987571495,-1.453669088296615,3.001720129409594,-1.7653287763386023
386,-0.4665403004428121,-1.1432647241453946,-1.1358614888428529,-0.4704019015960863,-1.1334038445090118,-1.1587274482743972,3.0962339484475354,0.28168615145541226,-0.6843841383460536,-0.7393760371476922,0.1713972959550028,-0.5798432621165255,-0.7904575307006917,1.5108234431879857,0.8587529216445494
387,-0.2634274499504457,-0.4648649275466079,-0.5046263737934128,-0.2736652513037237,-0.47273942770750066,-0.5448955914939217,2.6486277132716585,0.4314784610212094,0.24328775243877065,0.25267295522353755,0.5657222886697763,0.12419653757842822,0.24612036072270144,0.8036890323363689,0.267667234809852
388,1.0985078604424432,0.6582716016562106,0.6040301344021284,1.124651956144074,0.670421598784484,0.616752579095479,1.3895744865878084,1.827832476212674,1.1716382565738546,1.0950902615742941,1.8225474793439744,1.1605660480563873,1.0868075545039966,-0.258774299360833,1.8329593118578182
389,0.07042954125979418,-0.048213187678149846,-0.0396879019588002,0.07526021072277816,-0.06474838926877649,-0.04457683485230988,3.284182872419796,-0.3281573650019804,-0.7206712361456787,-0.6718191094457736,-0.39725763018595756,-0.7186985962027057,-0.662516061125199,2.6186455194435507,0.30126411808094067
390,-1.2239090378885673,-1.6565161591914002,-1.7633283992026338,-1.2242146363042785,-1.6768299844341068,-1.770301717386981,2.953069554461846,-0.22426403991453359,-0.8103896092355575,-0.9118418668212764,-0.1601989334478299,-0.763360644087181,-0.9368013494586015,1.2601274574228896,0.5698741384389232
391,-0.5339980981681279,-1.086195317840125,-1.101510544445326,-0.529267588094341,-1.1013922375273721,-1.111319637845522,2.8943560542050846,0.695202601055527,-0.09119438719398991,-0.09062654542457664,0.6470530107566095,-0.13815996406081849,-0.08421576222074943,0.5633645144914113,1.174062576426529
392,0.17619538133774204,0.5284645529288146,0.5485909536034062,0.1533537556705506,0.501072586061932,0.536479566955505,2.601586754912904,-0.4797439572022934,-0.09429561084183777,-0.0955694548618738,-0.519258396839829,-0.04507751594947135,-0.10424121184521998,2.0048920164473665,-0.7861035346045742
393,1.2718717460783204,1.1546136607071862,1.1719616573208227,1.2814957526237056,1.1624392956051568,1.158710696426108,0.8944879228122974,1.1485558571043701,0.8564418107147396,0.850078128633098,1.1244813923529462,0.8424566065877381,0.8339377590583894,0.005484441905430933,0.8286772705079426
394,-0.8001906991143801,-1.0861493661457682,-1.1196532358759421,-0.8185158145138005,-1.09914115601945,-1.146816991116175,2.432173456454777,-0.20212072418118074,-0.6521762801029038,-0.8305424191642554,-0.15156788902434298,-0.6242203950782534,-0.7977687889490493,0.9700929214038118,0.6108879589546603
395,-1.381894510405601,-1.6552727872830988,-1.6925162860213803,-1.3887274811469486,-1.6799834612422446,-1.7028395376260046,3.4157325052639114,-1.1496888191738404,-1.9872940678397235,-2.061392152552162,-1.070736108617443,-1.942677490960462,-2.1818918316613036,2.1937771576143605,0.09910157817910424
396,-1.0474729326241714,-2.0293257222262606,-1.8540651751611352,-1.035773135018933,-2.0147823404814407,-1.847031635960564,3.076758738307861,-0.2343079549737218,-2.2073539269959763,-2.311878506911116,-0.244048913253564,-2.1026374059768944,-2.3907961482076767,1.4631228826737306,2.0589890063725615
397,-1.4279897119725395,-1.6466733591991256,-1.1801042415770642,-1.4394479238144844,-1.6460700388911096,-1.1717253926400304,4.880965652247322,-1.1920732350272327,-1.1958449918439862,-0.9737999977330294,-1.1814401369828436,-1.2301594697041158,-0.9645375570861182,2.8803058572642333,-0.8969479996012858
398,1.992109135672266,1.2587164199274468,1.2892638673735985,1.9882830347292364,1.2566977321690496,1.283702722242337,1.3112021157994027,2.0486367261734024,1.0875664738546467,1.1542248567563986,2.029095643035003,1.0717193100530726,1.1457975512151202,0.1839324820484388,2.2564537736811925
399,1.8235134607326082,2.4091686728106536,2.213579630538402,1.8361887717114342,2.389886140067751,2.198986487459091,0.8330686170064028,1.285541323767471,2.3572131655792394,2.1089976536018282,1.3044852212477707,2.3610178209774504,2.117325169692698,0.22093628843567845,-1.1052696497180297
