rep,ridge_cw_zero,ridge_cw_mean,ridge_cw_mean_nw,ridge_wcw_zero,ridge_wcw_mean,ridge_wcw_mean_nw,ridge_dm_zero,elastic_net_cw_zero,elastic_net_cw_mean,elastic_net_cw_mean_nw,elastic_net_wcw_zero,elastic_net_wcw_mean,elastic_net_wcw_mean_nw,elastic_net_dm_zero,mean_cw_zero
0,-0.38900538172220633,-1.0815691795059896,-0.9864505244257777,-0.39110486278456535,-1.1179752074951959,-0.922263574361755,2.603794717340765,0.30331604208646973,-1.1049190635389172,-1.005857061469906,0.25176114831570884,-0.9696698775221105,-1.0109336535071536,0.8135947374565443,1.2473324877495975
1,-1.5143320036896135,-1.5424119354322814,-1.3106096210065108,-1.5230363717178466,-1.5279973906787419,-1.323867330856535,3.541381998472376,-1.5460668648195433,-1.6063904495945092,-1.3486517085579737,-1.5303585487958773,-1.6093200362436098,-1.3584202869042414,2.802684122517952,-0.12660087924847577
2,0.38851471212181105,0.5115741003431948,0.5127721865596983,0.4385071379111574,0.46780536106707316,0.4549134247730374,2.594174601979913,-1.4266269219114567,-1.384835009432022,-1.337807947382816,-1.3809967676306616,-1.4879975193585395,-1.363974878805277,2.539046801308277,-0.2817972515016255
3,-1.0143450001535397,-0.9973996559706011,-0.9552050825588557,-1.0083625719393519,-1.0091978758581015,-0.9401744636596688,3.6664038487360213,0.21598022196495376,0.24814557824797892,0.248561917485066,0.20596909607685895,0.2772134198407163,0.25255134190244866,1.3574517350894044,-0.08924764146843636
4,0.18792339099221755,-0.5991862376107452,-0.5956466937698902,0.17260133991069165,-0.5910038969985341,-0.6043604968720634,2.231986666658383,0.6494660904448016,-1.1372579212850493,-1.1303509852148586,0.6795467911206141,-1.2266127676036185,-1.1225885436339074,0.5511483362929536,1.4226603547780157
5,-0.8515844888852315,-0.7499260208052723,-0.7515722288906506,-0.8610479960116512,-0.793411920369502,-0.7511263789171657,3.836113734146587,-0.8781478530662763,-0.6715997931716918,-0.693712080508858,-0.9030558364007131,-0.6261105895966471,-0.8197978230875598,2.7624180361006805,-1.2183570643204196
6,0.28146889260561253,-0.15080117507407137,-0.15997776945318595,0.2965200725424846,-0.1413133318108323,-0.15791926866851444,2.373192424424974,0.09853015434091404,-0.28581840047729007,-0.2826270554014785,0.10543158242812489,-0.3429730390956509,-0.2932032526002146,1.730579990558186,0.3207365860518823
7,0.7227567079330744,-0.6422006052607422,-0.6382304586863786,0.7475512137284728,-0.6437417092732927,-0.6319934476227862,1.4762865343386997,1.4385266628158995,-0.9851354811183433,-1.0138999306029832,1.4293336875054998,-1.0215187444532547,-1.0605239351059872,0.07420032819894427,2.5953939643218265
8,-1.5258728642044017,-1.068057762567805,-1.0538426986654184,-1.5112993107499622,-1.0675064585229501,-1.0463448139662366,3.2991420350518275,-2.129165310498889,-0.916473798269016,-0.9580134369065169,-2.1881488142884677,-0.831260475198585,-0.950970029650101,2.7837112712821312,-1.8453744521975421
9,0.8915178429149155,0.957917530131828,0.8614610787586028,0.9075475159489758,0.9919123407501679,0.8430268734360209,1.6197969423272374,0.0011417529612315507,0.133436255089543,0.13688407810817874,0.06489753453782728,0.1898314662806833,0.07443150145879052,1.2566252890773904,-1.5477708579974823
10,1.6425945351252051,1.4120716919198943,1.3773819582366598,1.5965661202191108,1.394195996749834,1.3724875039605204,0.816767793722842,1.3419891855752095,1.0403642293153246,1.007086203460868,1.2852027255012002,1.0611480807796412,1.0223811185639686,0.018414128141509927,0.385949732060965
11,0.3888351189399217,0.6719028662820854,0.6559178767272426,0.39821231773844495,0.6700516964505748,0.6599373686386167,2.5235149309371083,0.23245056987323884,0.7863232614360117,0.7540343285078867,0.213801538687517,0.8005987954896742,0.7886658457868209,0.9271638375787418,-0.9807143637944203
12,0.7494879974807682,0.7390946098712364,0.824306304829225,0.7554667961052534,0.7601117143879141,0.8055536102273629,1.8671348815590074,0.8627231636042441,0.8605396337286056,0.9580349006588417,0.8468949521858896,0.8720696711847467,0.9598781307015273,0.7600240313170755,0.32757544555638773
13,1.679133290170308,1.4581022008249427,1.5304632578328854,1.6456663564763916,1.3967137868981407,1.5084427915503604,1.1208046296720948,1.9137432897991569,1.6270906417079085,1.7202478664083305,2.017874373035577,1.565336809877915,1.7458642713738945,0.19566296002290534,1.1115206684840102
14,0.8000203455866628,0.03699083068435002,0.03713870566194857,0.8020410412271142,0.03631776444664802,0.03929676473558964,1.7528601970922344,0.8829801197064538,-1.0866692320822324,-1.0058179792227118,0.9007445219835868,-1.096838571041925,-1.0368809883519576,0.7256795901281997,1.7374775404167386
15,0.7974208881033585,0.9783666400498368,0.968988603059757,0.8034797257549892,0.9697619173447882,0.9601166829360602,1.5840012781602983,0.5491237999561774,1.0418206247342283,1.0409935962403536,0.570350478993966,1.0359260338064513,1.061215057477402,0.6076597142783895,-0.6568620132429104
16,-0.6427810363288229,-1.3867775301073497,-1.4240919232701814,-0.6244808438967869,-1.3937452162223942,-1.4173442185689151,2.818087737219257,-0.48553320786828297,-1.8485278043501494,-2.078436935833791,-0.5206364533749246,-1.8661126439230877,-2.0624077390298905,1.8696021399331582,0.8965295327923987
17,1.8777080475809989,1.4369450771703716,1.3873320946652647,1.8798818379008435,1.4299894236857735,1.3352540085905449,0.5803063671285388,1.883824145032847,1.1535964151998728,1.2042517467277685,1.938009000280444,1.1173474557069678,1.2105701178613293,-0.6395648577105815,1.290293187717549
18,-0.4668665637484388,-0.2427932654890379,-0.22285932328614005,-0.4449108317778825,-0.24684942477218286,-0.2157970987504377,2.6196263575691514,-1.3792799806340934,-0.8948149790612214,-0.948941660451933,-1.4249888984661105,-0.8608820664665198,-0.962860110389479,2.3947749065412505,-1.9015054203471025
19,0.7314309576771457,0.33023835692070025,0.34277510194086735,0.7345102906404319,0.3629064179686693,0.36448175930314386,1.9196511886558882,0.7180745893606384,-0.05891564045822511,-0.05794984904888116,0.7355674813582261,-0.0540440583626537,-0.0011362867442212602,0.6008628606981691,1.299675874225821
20,0.0690790832211884,-0.6021215068778899,-0.6161387256000893,0.056399341148442916,-0.5780771781386834,-0.6285815892153178,2.110509392233742,1.3253207071566775,1.1073776176230048,1.1405462144729788,1.2825568762867365,1.3828713281655625,1.0396044479462496,0.35765329553338393,0.9293170113943305
21,1.3461084530244252,0.3607333046282318,0.372143202173006,1.334866949435707,0.3678591058035719,0.3662575756802443,1.4916081706756323,1.6763926894576886,-0.03278676133978245,-0.03430604750746603,1.6414387652495868,-0.050723405835977876,-0.045916393900007714,-0.055004933074594614,2.3125181581886545
22,-0.23117360569536297,-0.08453221971878858,-0.0811331350377304,-0.17122072882271758,-0.11857097629819627,-0.09419960948481995,2.88002407039851,0.156833059921233,0.35419653419957686,0.3516387440412087,0.15077141680500206,0.35271336239812157,0.3971842084841549,1.4094860615664977,-0.22372454379956633
23,-0.11561521995150946,0.2297436929399614,0.23624843924150132,-0.16108107173362216,0.22844728876758322,0.2275193246252495,2.3995622745176113,-0.7098762946507106,-0.05021944066089166,-0.050858156884492314,-0.6784731015713018,-0.1114533755492672,-0.059044636822750345,1.825142362639434,-1.748119199978594
24,-0.9246200707883883,-0.9452127699459485,-0.8718693433641228,-0.9263922521529538,-0.930268024111074,-0.8575207013820004,3.340425824974845,-0.18968515904581607,-0.1334262783173555,-0.12153572657380778,-0.19132481749749905,-0.05304287852510174,-0.11950418757449856,1.2334917273173729,-0.3252248450061647
25,1.0269811729013183,0.9398697067866532,1.0709032622429127,1.0252808621167235,0.9414863548659154,1.0880229082205104,2.627178227402187,0.4496418106391646,0.36031043052893286,0.37254819657249477,0.44961895796059453,0.31984327764831083,0.4306212597367559,1.4058835205405018,0.26612194878731765
26,0.025547281767875834,0.10128490164032779,0.09104774432963668,0.04294346586936526,0.10532732933821581,0.08715361600962758,2.163698935466649,0.13819182510861663,0.36839269371976224,0.35004174138412886,0.178138704985253,0.3834294394281399,0.32755988249213763,0.9959240727126802,-0.5942493065617303
27,0.5554141307204667,0.1762529320891805,0.16264879874544613,0.5448873528637672,0.15783249269645613,0.14263012594278884,1.831125658404217,0.2979820906838099,-0.44419776743563133,-0.4620338579548559,0.32173149847988786,-0.46056817786818954,-0.455343628685568,0.9440572754504174,1.0612536637671752
28,1.603956596887072,0.9188589322411954,1.0440728170211229,1.6030427378416785,0.9211475197026545,1.0350105928460274,1.0963371248978997,2.062141403606947,1.250611168343166,1.404777781962133,2.04998107614009,1.24741536393901,1.402552724445574,-0.25982360563081874,1.8410580997718788
29,-0.8059611927880536,-1.2563250505205001,-1.2884449632238266,-0.8269800792468742,-1.2782875647395477,-1.2696394431811338,3.1042833294949705,0.37882379746259626,-0.2408138150235478,-0.2365743960447002,0.37602600768804484,-0.24246538009542043,-0.22189845348831994,0.8710430955510992,1.097272414290358
30,-0.8201498454502171,-0.6552431267898805,-0.5837314163324699,-0.8189217420420546,-0.6594225989138018,-0.5971741788944391,3.6037658368741874,-0.7883878463505575,-0.42826594108836097,-0.5151302746116162,-0.7513222461076927,-0.42266576060294936,-0.5045463033094322,2.252258518691221,-1.3845807730257298
31,1.1771131191797655,1.3199070795298353,1.3774995867811006,1.1729054852751093,1.3204481302860136,1.3832473402304961,0.8840705520230863,-0.008368256767017686,0.28490312162098547,0.2737128589197888,-0.022839561182527928,0.2749116256082648,0.2996303559826397,1.02850507921337,-1.0743842614129333
32,0.4537821643138026,-1.700853366531736,-1.582080818694298,0.43224547462961016,-1.6633197491855671,-1.5727437473590475,1.9677785828326286,1.0992354965557523,-2.2139086865380655,-1.6512781377320904,1.0687658054459248,-2.1942515326942313,-1.6234944244012675,0.7571317616219788,1.8351841569670195
33,0.5218014184657536,-0.5420161592468623,-0.5495916400002279,0.5361204833897374,-0.5628927587095022,-0.5301983339586771,2.7682228494899768,1.4253553048598804,0.2191944188422514,0.22845759960926185,1.418375337920304,0.28635204511467616,0.21923547926910364,0.6725763558986677,1.6887018974071142
34,0.22719481739659586,0.07504888782044025,0.06915952810166523,0.2692035533177342,0.10422968084022088,0.10760521171355007,2.0570413583119462,-0.24439009458273542,-0.9811994058373603,-0.8532779670316991,-0.14634244825559625,-0.9151378796762779,-0.8954594493851064,1.2703390476166625,0.665118357030704
35,1.39472701511496,1.0048183934930197,1.142597081315892,1.3649836888246887,0.9939971654415114,1.147921383628082,1.783769813324534,1.046337485255567,0.3501299144235754,0.4035657284520092,1.0967659633155629,0.2777178673773693,0.4674392463014407,0.42766202454728697,1.1085101373313098
36,1.1302826380833209,0.16100871394159583,0.15695655152515145,1.1170891542005017,0.14508426568905503,0.18207093619072534,1.8126689156259146,1.5263655897411152,0.4504027608363929,0.41086700776452684,1.4825760194125668,0.46618498635295036,0.4725909453894522,0.44748869296843424,1.5683637716454553
37,-0.2239226734125117,-0.007951190085220437,-0.008722783887111032,-0.21448312273712433,-0.018082070967687994,-0.01538248640081334,2.0656950157980236,-1.5390736559966551,-1.2538533147859956,-1.3806679308573933,-1.6202266851357139,-1.213496230002787,-1.3802411147695457,2.0836240325179567,-0.6501014300049462
38,1.0959584587965345,0.6481884294870027,0.730617183974008,1.1479878967690629,0.6389667952232387,0.7031958817224779,1.0228041701054602,1.5416866368307007,0.8042451432604295,0.9151785941686728,1.462457496128442,0.8136907114053583,0.8476327866788174,-0.41921823390013546,1.3686623148346155
39,-0.1408649252598874,-0.37016472199060335,-0.3886616625098451,-0.1332482055965464,-0.38424981904226824,-0.3896010139638999,1.8265204058638937,-0.47924934136206493,-1.0228198289372565,-0.9950156256403961,-0.440264883447401,-1.0507390766054407,-0.9759982252202282,1.3960037930379188,0.8383121263869954
40,0.35455556084718226,-0.7179272507251835,-0.7367357702134183,0.3473846960126921,-0.679470014670976,-0.7420296015481183,2.057605244930158,0.7839730746348922,-0.6243654207593154,-0.671501947198494,0.8487313083516975,-0.6247791524212177,-0.7021751829376098,0.8474717213313655,1.16816065136152
41,0.35472588305512387,-0.45581311817194836,-0.4619034699713182,0.3392361901481456,-0.4683989002769088,-0.4585769265187056,2.193767446842713,1.3665145125129858,0.36534556785701827,0.41540461454813327,1.3589969175112218,0.355859643511039,0.47248169830170067,0.5332476370536542,1.3942122914723138
42,-0.6796100721008332,-0.5501821541882829,-0.552444314853263,-0.6863484561153499,-0.5464536986783906,-0.5555742970269808,3.2810602579123547,-0.8665550865997725,-0.806170936768689,-0.7565102846604438,-0.848935044511061,-0.7639632524766824,-0.6940000033145169,2.0676926294506837,-0.37210477560784117
43,0.8900199014692238,-0.21913411318891188,-0.21932501593567158,0.9053794836021606,-0.19627677102079644,-0.25728826224481305,2.009863364003691,1.4592077840533837,-0.1146340275509724,-0.12063676378438969,1.4305312679205175,-0.23116422510871057,-0.03969450942135608,0.514024995884569,2.419174116502464
44,0.856177361420268,0.8694501564412237,0.7146233420728323,0.8622653064047688,0.891402083070785,0.7269117938407101,2.1473567789496375,0.5615399697967618,0.5715287698253937,0.49624044842010245,0.5927373899860444,0.5179682533439488,0.5230518030471749,0.6693635030489307,0.14992158637697844
45,1.4868060007965869,1.3841805550417827,1.3177766425240975,1.495267131051883,1.389484794072874,1.3194502030694797,1.1392494132584623,0.5708017575932133,0.30643187676999584,0.29800503993626537,0.532711771992637,0.26535604991783157,0.2752769108894407,0.6727315952828531,0.5408964308458081
46,1.3108965200030034,1.1595678228729496,1.202755916630004,1.308579554140313,1.173279132090366,1.2048805721053106,1.330722421235685,0.6002054191732052,0.07086077165765153,0.07467553726017682,0.6138400899435115,0.0820024549255045,0.06659091661336172,0.38718743984197446,0.9158181128058791
47,0.7207171248336631,-0.8929336950176153,-0.8765389869403375,0.7303733344372613,-0.8997446538136596,-0.9148372201926527,2.642582651958045,1.7442267594964909,-1.0794708584593784,-1.0873093679469918,1.7451058679873082,-1.1171823836496058,-1.1318505125607372,0.5197479907896154,2.7663583787642594
48,-1.35836352490934,-0.44529261256190833,-0.4826433969723028,-1.293091447561889,-0.4285184132777598,-0.44575993394440316,2.9937985201926036,-3.109059835504546,-2.3588207367198724,-2.6671807319501206,-3.1504943817561464,-2.2980248895678455,-2.6091428588292986,4.039500584504729,-1.260681024274292
49,1.7762845782992216,-0.27135882548261137,-0.28970404633557606,1.781610858450149,-0.2757407955383285,-0.2845298562590089,1.7107762906743442,2.439959218673014,-0.4073280577668199,-0.4164344395334299,2.4380427853685824,-0.37542371107443767,-0.36719559589715306,-0.03545510295072393,2.9757902472999493
50,-0.5142946833357039,-0.48288025461877704,-0.817928109051082,-0.5132531725577393,-0.4650737604917824,-0.8105670434813231,3.275212223459996,-0.16054354277632088,-0.06991433768232252,-0.15323316560338449,-0.16141154736038432,-0.09860652169142128,-0.12600330640989701,2.438686403369873,-1.6079188479465896
51,1.0615022861968049,0.9933260821286715,0.9610712780925473,1.0334924644957058,1.000241324746953,0.9847228831778468,2.0485152907816637,0.8199574576150903,0.48235981953760515,0.45325164189761125,0.8074186168423049,0.4724678423335627,0.42128901320918627,1.0206149483776157,0.6379160741254681
52,1.7573367147575931,1.6172853017429094,1.7984422534065303,1.7588997038965843,1.6124996735465993,1.802287432290624,0.6394350014911774,0.6454640854905551,0.2814669680192028,0.31554650481126034,0.6204751986976337,0.26775969824362644,0.37741215457510385,0.5127207773388952,0.8577058307259866
53,0.07706805338350915,0.010449908274876152,0.009968485950347088,0.06483584351379561,-0.005862607974430748,-0.011248350596257764,2.2908422401264845,0.238058570179253,-0.00647632811987079,-0.005661165629632798,0.21481899705856392,0.007988001954976945,-0.009423452812472683,1.33269974807993,1.0745077750972296
54,-0.49148285030138367,-0.7609718747171037,-0.6556203419947264,-0.4653251283313504,-0.7760758886009841,-0.6618582626708607,2.543894077461202,-0.23581485497653273,-0.4982462274904308,-0.44838063277640744,-0.30469865000593227,-0.4583309522628575,-0.4206960454410848,1.3569954394523427,0.044800592194919
55,0.5138214206481814,0.3471245116891605,0.365247853800464,0.5205385068270149,0.348407451527264,0.34085638732345247,2.1446463755560505,0.8478219371970521,0.6146319792559489,0.6398790983588682,0.8117687587347843,0.5060648198303638,0.6791171171089826,1.0045211512004468,0.6430391233203997
56,-0.6545312600638403,-0.4018327003534486,-0.4175739131793459,-0.6595212873395144,-0.40813921693467,-0.4321124726015566,2.668425916857682,-0.0997433685874215,0.2832548379702182,0.2891805258797367,-0.0595112540467917,0.2707130948102072,0.2951348524808619,1.3204507235380532,-0.9848089257007846
57,1.4486648352261529,0.8974256511749488,0.8875366435301593,1.458638114867947,0.8799222115912838,0.8748850593274388,0.8853662925262124,2.048830540725962,1.255815745460073,1.3025571646109835,2.0662094417398804,1.2419970437751906,1.3089998621881296,-0.4418640654150351,1.5182043053389542
58,-0.5377427690951341,-1.1965722944930295,-1.3065387557304273,-0.5328244527024761,-1.2098459028384192,-1.2833551407586332,2.4529443054501447,0.680920530657872,-1.1191421512094322,-1.2090456847324362,0.7200469000989298,-1.152964561283665,-0.9649533108390825,0.5207346378565539,1.1228263899039368
59,-0.3133482787279697,-0.18407428493922454,-0.19605007125814572,-0.3378880964222488,-0.15647324374270133,-0.18547168584161994,2.400523554862684,1.1622574563464505,2.15671233298204,2.2885080315453354,1.2047914364740144,2.17060001976989,2.3027995678184143,-0.13189141066196214,-0.3944569704122994
60,2.0876911822313344,0.6671735922349097,0.6977993791911533,2.0969732873281703,0.6546045672512795,0.7091928783389876,0.9156533495356008,2.565100156604572,0.9899703458243552,1.0229585597518374,2.5855372141336277,0.9906760065039247,1.0035356456913689,-0.3210374893458818,2.6478960999110224
61,1.1423544526412766,0.05682657037090173,0.06437021947112352,1.1487135485985762,0.04497201100301923,0.0498407156303664,1.1785499059664495,1.822526921404534,-0.20561034814912177,-0.24180062067333907,1.8304381677429893,-0.19083460473777625,-0.247702434357336,-0.5310230311270648,2.875856717025962
62,2.6983180741197526,1.8692681808955114,1.97446747007576,2.7007608537550687,1.875698176723596,1.9824417584020184,0.5758896803793095,2.8421450959434726,1.889355721227159,1.9921264813446768,2.8431121008113793,1.8745158949305216,1.9963460761419562,-0.3990372455211331,2.077709434353474
63,1.2390051730391525,-0.005181886302337016,-0.005057974014060371,1.2298248523459887,-0.0016464169707485544,0.012682996749652304,1.3117159271518275,1.4453751942986324,-0.6680191243763638,-0.6551718402365851,1.4476867958411845,-0.6791343962855744,-0.6754995319864281,0.24196256611244213,2.0258999401140696
64,1.8859081693673196,0.6220693146841562,0.6400550024714278,1.8491852202711048,0.6164845466618564,0.6140072286014154,1.139849833170306,3.5149161236249244,1.863161899773975,2.0309046720928796,3.5001788398429015,1.8491743484589218,2.016737693495521,-1.2885904360943619,2.847007027065736
65,0.14599872967286628,0.09208339588326135,0.08899155294679705,0.12447561224656836,0.07212983813803613,0.09279105921221888,2.502257047242619,-0.43843200885380623,-0.8097686663122899,-0.7945012060548696,-0.4803969178289954,-0.8548608895979313,-0.8021366043933243,1.939797575356436,0.11020115812538984
66,1.2747478094901243,1.2567504966267904,1.3005338294007796,1.2817985278632118,1.2596666639659229,1.2986333875904503,2.21891014550308,0.990829413735035,1.0578159705566175,1.0898746180727148,0.9879693370505991,1.0686015224171375,1.079022531112753,1.027669608254559,-0.5487889800779877
67,-0.9759118672854284,-1.2199518041527333,-1.002698410747601,-1.0057373382394033,-1.210428814548495,-1.0046056993326007,3.8874344016291342,-0.5913807759635519,-0.7884877669368819,-0.6061759929427224,-0.624930271351883,-0.8055521259971866,-0.5722969985044354,2.652614297394083,-0.39665406338697773
68,1.8719650640965253,-0.04585186168006727,-0.053031027473330716,1.8782229572446125,-0.05384668621604502,-0.06359498435522369,0.4754814121707623,2.4885362441880607,-0.4948784985362938,-0.5797925742837825,2.4709005269948525,-0.5264815932319578,-0.5595136230511774,-0.5927303809602643,3.0865639672628333
69,0.23398078981951545,0.10142077931244489,0.10042631098682506,0.24310414899950006,0.1187913590274314,0.09714278397246723,2.448331094817164,0.9101999775416443,0.7406611609874933,0.7666320626181473,0.9028421754402483,0.7372090367459009,0.7674169527418204,0.7259448253948982,0.5491426031556597
70,0.7402305862459099,0.631466589800979,0.6803381015696703,0.7562514619919638,0.6049480261776767,0.6771555528009224,1.6338110777815713,0.26392573635910105,-0.14318466206629976,-0.13452277307583577,0.2779971787410083,-0.1605402569873698,-0.09491394722803612,0.9181403868487472,0.5224894407395692
71,1.1653406924016596,0.9707971516679486,1.0379094010705823,1.1646638537365186,0.965713957345622,1.0246623931933754,1.6827101694321303,0.8770131065450254,0.4255981968054986,0.46120145890304837,0.8656294677044075,0.44257788089623035,0.45895278606491957,1.0154039362594527,0.8559100274649669
72,0.08387708560208487,-0.09435944577737514,-0.10072418945539127,0.09680351531789659,-0.09600785394824823,-0.14032352308918172,2.3575466852034066,0.18952216262365076,-0.21831137698541256,-0.23050194237606428,0.15959686198157988,-0.34446071742115075,-0.2022268188646962,0.8712458946282361,1.1452477775268157
73,-0.84682294884001,-0.9835624998863111,-0.9848237586515657,-0.8764394444839163,-0.9598752779700005,-0.9771408724311152,3.6143240933433973,-0.43325900706672077,-0.6093081419993749,-0.6499749164381169,-0.35414538885252234,-0.7173100490859818,-0.6556371261722221,2.365364421403718,-0.12867696473164594
74,0.05283812628663646,-0.42266215811599095,-0.40183355311151275,0.027832046345953765,-0.4067404179613063,-0.405009287558046,1.7170051400072381,0.6912313218578234,-0.0699508952131769,-0.07602203681791479,0.7601721421965242,-0.02775072614913978,-0.0628578009688049,0.3566041438609606,1.5818483168867203
75,0.9108013143337991,0.35088313714594976,0.3256717202195278,0.9078935426445014,0.3498272276806419,0.32124994593791023,1.5271360324599812,1.299516842710577,0.6917032179621264,0.6381968131813563,1.299329402335396,0.7132269330107179,0.6326910839034524,0.21866223411572827,1.2315538062012659
76,1.0257308229225468,0.7785224914743906,0.7376876603430578,1.0069617834446452,0.7839068966467306,0.7526655337752263,1.2678785296144093,0.9081196465009933,0.5419240389088357,0.5044592961927425,0.9163268335745363,0.5573514775976061,0.5364141567166202,0.48230910442677916,0.7606108168576615
77,-0.5949804779590786,-0.8392596102308724,-0.8076624640362542,-0.602376374531994,-0.8408691098614085,-0.7989715051795045,2.7683351893969306,0.21469481942145027,-0.27954765739379606,-0.28462150767857103,0.23260990429669703,-0.26762929035344074,-0.36942048113015985,0.5553444647623513,0.7836633585888633
78,-0.9082689568635088,-1.4842126825889759,-1.4174329479277967,-0.8916463934753245,-1.4920912405762505,-1.3829719022368656,2.763376299625018,-0.2806404376791303,-2.048546940522587,-2.0957095234331873,-0.21048450500085356,-2.0113659250030542,-2.1785760951165964,1.2003360725121137,1.3132170311586284
79,0.42241180104395076,0.5995500346860557,0.6420184544197436,0.40696530709161455,0.6595087899318229,0.5950844487459984,1.60225687780303,0.12787802534167383,0.5453397699000166,0.5363063637794724,0.20809562013724145,0.5827740361808399,0.4137919102013273,0.7858094899735482,-1.1899011655993763
80,1.8069612506310841,0.20046059525604368,0.19949176410685024,1.8234199048027433,0.17584567134856988,0.21147854491719004,1.4702597407580402,3.1859782966468098,1.8732483449485633,1.955361621689438,3.180271960121921,1.8522342053266512,1.9371174091865757,-0.7558983843242909,2.3853763725697394
81,0.04736278299023246,0.23941359965447714,0.25347614593283646,0.0493196427768112,0.224896654211017,0.2629086399078699,2.096369936413966,0.18665301794546044,0.7398872680995227,0.7092533540995491,0.1003175409391325,0.7997578180756476,0.6586369975091703,0.8525224274075575,-1.3741444308933453
82,-2.2612677412490196,-2.3395272081163974,-2.491376871240323,-2.2433260634131864,-2.3200808127248833,-2.444015359289744,4.763841568062991,-1.4116593927394299,-1.354284167034949,-1.3704504335778664,-1.4343310496462784,-1.3941698681272452,-1.3622957916992422,2.722011052766789,-0.6516807181611917
83,-0.6169364829196717,-0.6012545824357277,-0.5635255789496642,-0.6106164949230419,-0.6021746037802339,-0.540899005537772,2.796820517628199,-0.04511597685034534,0.007240093766630535,0.0067188372696475275,-0.04496541526953731,-0.0005368398803254454,0.058284802576600375,1.2223265845988378,-0.2662288198806977
84,0.35030766412218606,0.11478003964363534,0.11344577550059176,0.33095038697940815,0.12097478078380668,0.10032199570108896,1.7355259342989884,0.13225914783164094,-0.4650645362007422,-0.4527601067064668,0.14420367820914748,-0.43869591123136387,-0.4563831279040148,0.8487306332148178,0.754209477900521
85,2.3099807389979228,2.1215818326689533,2.447339700605514,2.313755729887522,2.1161684545549813,2.4723972363033484,0.2554811926329489,0.8310621016955365,0.34915603671673956,0.3758949260476472,0.9186883839369213,0.4822139072191663,0.36328423999859427,0.1834513650413717,0.9319406279903478
86,-0.9136356637112839,-1.2319842749899865,-1.2387429232555331,-0.9151637920653835,-1.213461857330805,-1.2468641230879745,2.696301671692094,-0.18423795816833463,-0.8242917055071016,-0.8951820808100671,-0.17504917309766327,-0.7515191066881908,-0.9234817334771107,1.1355465606516748,0.6043294752269354
87,1.4028810731258377,0.8836534235399689,0.9463084313350711,1.4061325781415452,0.8873632372058068,0.9508966438566483,1.9026666161987282,1.155709359212253,0.291621250764922,0.3261897820067974,1.1507693629373477,0.2978412819620159,0.3763043882890115,0.7311902884219229,2.1534722312630827
88,-0.2199096150344502,-0.24338063078025216,-0.24737164238016152,-0.21831655622338889,-0.26028495349628705,-0.22603208376483708,3.0231807392085046,-0.007785907820462003,-0.1971996027879975,-0.19931700546932204,0.07311484937219562,-0.19708661370945457,-0.20470707324945966,1.59542124373158,0.7668119015983234
89,-0.4935863044410116,-0.74445704355728,-0.6576932627365134,-0.5232437495295366,-0.7446243342472044,-0.6259141050505986,2.870373765954732,0.09052637269997818,-0.6000429243579959,-0.5205534307762926,0.1516695283909419,-0.5555408460984852,-0.4983940632108255,1.3735393810721468,1.553067563902154
90,0.6177304021827502,0.5825257384468137,0.5189871893874886,0.6082599414918716,0.595259821885061,0.5089271244221405,2.4976642050971902,0.8809660162618532,0.6998636810888909,0.6499687510975306,0.8949521852549039,0.7303197506432609,0.693609561026193,1.1808943988961118,0.5100318796547815
91,0.048180162197484964,-0.19981442640506905,-0.21095897663678634,0.03814068576444661,-0.17069312812013376,-0.2372967493461775,2.6403814617832486,-0.03907465088992206,-0.4637235192165165,-0.514685440920096,-0.016574745854646734,-0.4606663500603007,-0.515810213180361,1.9766594177936447,0.9545850232206419
92,-1.126798634482788,-1.0736043379488422,-1.2412175240681929,-1.1690921198800048,-1.1145989910904326,-1.2878177435726421,3.7489956404970455,-0.6809203536135335,-0.5891014092183015,-0.5837984848968358,-0.6934417587451719,-0.418226456751834,-0.5278144542306776,2.001202111388264,-0.3057270717360784
93,0.20889572553825747,-1.5047885658810147,-1.3911382094210276,0.19698235721112115,-1.4898498862428033,-1.4007499366851304,2.4202899334939487,1.2013452358284094,-1.1854037913654878,-1.045922721520576,1.2142679903641007,-1.1761552245991627,-1.0386029653998665,0.6571061224903547,2.3156746101691734
94,-0.22787731695651092,-0.845767068995545,-0.7956581147451915,-0.20453064600931772,-0.8475514443256377,-0.7969545390939689,2.192118918826839,-0.2037898784997732,-1.4061579083703017,-1.298240284077786,-0.20208387103842088,-1.3828813336361823,-1.2954373130638612,1.5196129900464703,1.2534615287920037
95,0.9352341180201981,0.7204244548401519,0.7632358561044803,0.922494815019987,0.7081858318634766,0.7737428052274093,1.7533722842485526,-0.4769615182874404,-1.290262468759328,-1.2636638581776338,-0.4445418494526228,-1.3094523345863405,-1.2522417866025446,1.4441804676567689,0.6941964996561867
96,1.7264617281125345,1.1600018989598007,1.1915980864262017,1.6945504324784384,1.1623865044176855,1.2295210496426485,1.0805628695431821,1.6427599967018784,0.7539664741172923,0.7886214498118281,1.6372086834081319,0.7249145617465345,0.8713064854702822,-0.06902382266627002,1.6107664999593958
97,-0.4622483639496168,-0.46220226867404296,-0.463627184035916,-0.4889751205459997,-0.5316531090152149,-0.452528693904117,2.9545129211886,-0.6678671402161367,-0.8676266594236705,-0.8519066551802156,-0.6151906885918823,-0.765683391784041,-0.6783403512113806,1.9094893612536716,0.040706097001409654
98,-0.011722587906851394,0.2130318098734163,0.2207811812369487,-0.02145248434914501,0.20581827963153507,0.21989455198922836,2.837887323118996,1.0470374246633194,1.3601675739462973,1.3990575954275002,1.040153766689115,1.3605187375557435,1.4205569294538603,0.5498618195355583,0.24608501954193862
99,0.6214066146709707,0.5452617428493235,0.5456864415093342,0.6264468113532997,0.5295834654390686,0.5311784613160635,1.4792761955028069,-0.34306334484303436,-0.8097792510281365,-0.7756947555045823,-0.35903349418596203,-0.8905729101509173,-0.7946352706032113,1.3115830149649799,0.2997383798870027
100,-1.311957304429847,-1.4234930997308284,-1.4443083838625765,-1.3244867931583224,-1.4429175336805218,-1.457532167780094,2.944117571294397,-1.1767615455779852,-1.70072388546646,-1.724907718225297,-1.151146029684444,-1.7466118729737408,-1.7388696158931314,2.0411774815560624,0.4061435473553541
101,-0.38595322794248454,-0.7770269280110412,-0.7832033486767632,-0.3837312206904892,-0.7920579043216678,-0.7854825649053755,3.487541752053388,0.5014795626340344,-0.023030988814556376,-0.0211175169008365,0.4754194333027521,0.009864652914444688,-0.044406495511770845,1.918557046785268,1.3057090789535974
102,2.0627174450071593,0.7171311990568509,0.7267428865643658,2.0903708788605635,0.7002046044014081,0.7374811724319611,1.3726192144268625,1.3400082888242912,-0.7991909169787742,-0.7667923872405604,1.3268973324539022,-0.7725760260105805,-0.7062717899765337,1.1035607184850191,1.7036006550286298
103,-0.2757740181962024,-1.3220553435031959,-1.3563433875821416,-0.25900592347990814,-1.3235506463970639,-1.331070998502489,3.480608623577967,0.5587521598134271,-1.104015124160493,-1.1722457168461495,0.6120355091084897,-1.1189149677822645,-1.1261328057092537,1.5880681346379695,1.033464346614325
104,1.8194951097223626,1.3939087920870028,1.395103460510894,1.8045040611952219,1.383027350391743,1.3972207369037009,0.89477984076708,1.8500693237214076,0.8470255926343794,0.8501339969522718,1.813857820689489,0.7594580750840529,0.8167800292256687,-0.7895428096847159,1.6491405084195874
105,0.04852563356052816,-0.12316424693962372,-0.12111040999865867,0.05711503402540722,-0.1410001070829085,-0.11117643004233424,2.5182088697900484,-0.16662210878475966,-0.5953991210194337,-0.6167091860093536,-0.10813946018508028,-0.5869937841527948,-0.6289063678184633,1.4121364812514434,0.723816986827634
106,1.1782561282116202,0.09070619556736698,0.08887762124919138,1.1588149381201038,0.08144432123675413,0.10028611752414601,1.772516306551202,1.5147043039922674,0.20185924581879583,0.19699097344835617,1.5381626895883231,0.16888182001616112,0.18640865912200572,0.5764638818572103,1.751154553126961
107,0.8551537545595541,0.4921352954616821,0.5454430923367853,0.8386780981502445,0.4884590462968345,0.56186787368609,2.1509068993533673,0.798508089386399,0.5149779493205674,0.5534739447649747,0.7958029035973703,0.46674469404406377,0.5571919907426522,0.7818411912349386,0.17399278847439456
108,1.7139763765930451,1.4069486578791919,1.4400584985416192,1.747974186928703,1.381914299053989,1.4163941404532547,1.2724337235712984,1.8645380995944274,1.443841587322457,1.5889293767810992,1.8916446111367682,1.4773524210301985,1.6285858461051874,-0.36448214744908874,1.308399311130738
109,0.3345205057234192,0.3059256814721799,0.3015840264639938,0.3152457749299599,0.3234730667777083,0.27919681918428996,1.9971897594560322,0.652801606786146,0.6906893990576578,0.6779226115124335,0.7025525378393899,0.6760966685698867,0.6810248737364628,1.009788167791833,0.19370739908363643
110,2.35738514643867,1.7668124278881838,1.793740455446383,2.341405245177339,1.7780640112592996,1.7750909745558494,0.41263076673601595,1.6039365477678638,0.5540724127540694,0.5903685003477367,1.6334264313631115,0.5696548372502932,0.5711506905486812,-0.20467311955489598,1.6382047694400335
111,-0.7894342774310259,-1.2467619294574672,-1.2250919467703916,-0.755812885042456,-1.2228009987073118,-1.186895631893234,3.211038987477294,0.8153274082744515,0.23528334149056762,0.21697290479693526,0.9096649132970418,0.3401362014857002,0.17759212085905593,0.5934502546915504,0.9911262837637799
112,0.5775460435265761,0.31827155541687724,0.3393763859065598,0.5955349562539839,0.3319211017631591,0.3236275933135009,3.370690283463714,1.2313632869049804,0.999168845361441,1.0589334240863864,1.2159782262989327,1.0494852763589622,1.0262791567644214,1.6176492055186305,0.8108053919520979
113,1.3682444701140901,1.0153382790652679,1.1342684349111096,1.3774006483079724,1.023289632631608,1.1294736212472116,2.098954821574343,1.0791012204947696,0.16891277783394215,0.19339584428731452,1.0555412659250372,0.18534278350612218,0.21162517244192208,0.10180974454194293,2.1200273139824257
114,1.2803066087592665,1.0908893221373304,1.2163847317265832,1.2607287770887943,1.046630872018445,1.1575742530038864,1.4017637827068328,1.1691485889535176,0.7566961372947554,0.8802379951699785,1.1403027559287564,0.7177155105725718,0.9067777856615117,0.16115580881436864,1.3817745976833398
115,0.7615660533274146,-0.4095027935425286,-0.4254558689444784,0.7592538230944653,-0.39090513650579783,-0.42333734316820565,1.8091856575522713,1.6024692909713247,-0.060725956246888715,-0.06069054221414931,1.5983123559384889,-0.0633219899011265,-0.09790703376246648,0.15832920297520559,2.006894774758522
116,0.9173921611481974,0.3575507688513815,0.3462220304288811,0.9230919012604297,0.3696824856704723,0.3518918476513765,1.5026355278641994,0.9649120066718803,0.1797761320956134,0.18201477416037853,0.9346178054462568,0.2039161090991843,0.1809828364970318,0.6558619982634359,1.66142577441927
117,0.24936804086981357,0.0029805523416315764,0.0028356635746304495,0.2605611693275055,-0.010616857859391182,0.016583835714197703,2.592056269498787,-0.06599173373636377,-0.5182681718579524,-0.5137110118094359,-0.07206038281420712,-0.427530253739587,-0.4920696324283718,1.1924671290981737,1.1942864574919319
118,1.49940289961283,-0.10154280747393528,-0.09804174109000867,1.5252940753172892,-0.07036934689826548,-0.10796772502400426,0.8576052280914587,2.694229952028292,0.7556088791438158,0.8314875448935573,2.7119085923867607,0.9201667170190869,0.774555742108409,-1.0104038812153855,2.5854196095723734
119,-0.977856837710192,-0.8196483789855245,-0.7870031857402916,-1.0421992375951634,-0.8023320109400022,-0.7357394574983216,3.197037374188144,-1.1032532532941448,-0.8304658327594174,-0.7780498827595059,-1.0593591314593052,-0.9127395345187324,-0.6687148423542045,2.364604396261682,-1.363129431650071
120,0.3905817096615138,0.13187662711927267,0.12338050709933743,0.38078358259959083,0.1404049839487895,0.11637732728449207,1.8388762024761602,1.3485622330360343,1.0406323655224963,0.9933008728774037,1.3539138246512261,1.048347072664002,1.0087598062611076,0.035876860614163515,0.8942223951928541
121,0.4208301343793044,-0.8060024752804266,-0.9048693220306103,0.4229453142623796,-0.8015541300901863,-0.9174787649971068,2.5887219004014304,1.1032633490554409,-0.40030700204414393,-0.4561979542887985,1.1075210145908285,-0.4044485610450189,-0.4433691665117619,1.1355200561637901,1.9922744490765787
122,-0.7992892468918273,-1.2156003125020958,-1.3363654168330128,-0.8091804796970438,-1.2023673172923008,-1.3370776242443232,3.2653914512945295,-0.919316612831336,-2.5083821121498064,-2.4539811484028817,-0.8811589565617405,-2.4965804840691743,-2.5119637807212123,2.091175824276649,1.3178306718367028
123,0.1503689975052916,0.17220982157095713,0.17279277588183609,0.16399578010622234,0.1784242510975502,0.16794668869979112,2.850872830761223,0.6349144173453931,0.6882492148133887,0.6961669788879484,0.6153858415218961,0.6923570107277452,0.6929088748366865,1.6373639269221194,-0.36729438590698504
124,1.3757246635604168,0.8921098349575391,1.0111288702819128,1.4316236803463236,0.9186269097434332,1.0109120107731944,0.9355960114549708,1.6229247993046905,0.8479134269637375,0.8656590100877645,1.584611581120325,0.8488574601982087,0.8687775380896963,-0.5451798244913336,1.4335148737028518
125,-1.4039656063951818,-2.3476427430447653,-2.4426361346004244,-1.4126834018038812,-2.340194961793765,-2.4187727399927588,3.3551582682320107,-0.32249183203683346,-2.2106286960927877,-2.1423979531105783,-0.31633955199717545,-2.151252125202897,-2.132014458031508,1.7509773639885167,0.9275125076770145
126,-0.06767888451039016,-0.7297838508360404,-0.67173578542257,-0.0640552262188442,-0.7056568619292711,-0.6546245855749488,3.120778756977905,0.2756208320635877,-0.46479839838274944,-0.4296105671762349,0.27991517700754776,-0.4432033203033856,-0.4453028932484108,1.9594646081771059,0.9104661209632442
127,1.9985393089874195,0.9934921216729898,0.9641929665921393,1.9474671655625557,0.9934688852418341,0.9592422586166788,1.8721892218225018,2.4486746305818703,1.4422610560974618,1.3166552330240235,2.446282999084929,1.4171824281127543,1.246663584473872,0.4187453866734538,2.0550781890850374
128,1.7912371366843933,1.1232596470314073,1.0912856345185096,1.823833389855988,1.1138046164567506,1.0773562497556008,0.8690559420149074,1.6464328445522811,0.5483453495203836,0.578924672023686,1.60411840783398,0.6061323343655757,0.5721895786107773,-0.3552171470972069,2.2496591812264697
129,0.6318576808602604,-0.11855001015203383,-0.12481514800781297,0.620950201169386,-0.15559344769168287,-0.11473225170288932,2.7652913441892317,0.7704729543159636,-0.48851952544778615,-0.5155165504572958,0.8078229814710767,-0.4678080415320351,-0.5123645728761699,1.4441099355127853,1.7322480248864602
130,1.0245919394189151,-0.8078122884211928,-0.8256627444076104,1.0297102344938855,-0.7922226508290011,-0.8182957158771046,0.8403051897763594,2.920902207660321,0.046745544438745554,0.04490773829704908,2.9213454556155223,0.0665280641138642,0.0036323809618929643,-1.8049797591239531,3.3725061692318565
131,-0.9456595533764999,-0.767725382793369,-0.7272995334069273,-0.9396821649136562,-0.7765710466396598,-0.7494962709486237,3.289033286086613,-0.7134553450030862,-0.4187845847331887,-0.4000007588610876,-0.7348903310861432,-0.3682930059655458,-0.4361466777973917,2.1642768588549655,-3.0897720931516317
132,0.13020908205104725,0.3338722369529908,0.3342943255346843,0.15016055378300697,0.3343035190889284,0.36295200212454654,1.7881355850700686,-1.3070577562093186,-0.9497067708833651,-1.0036653518991705,-1.3517985608218288,-0.9977000611290413,-1.090748253477411,2.094846001684876,-0.7176171087057359
133,-0.007239061475474853,-1.0624560992812273,-1.0795620239897352,-0.02093460121008475,-1.0607312824635688,-1.0708821175462473,2.2334746325122277,1.0189673426325234,-0.46452594309839224,-0.4760379499348075,1.0139176489920854,-0.47336950975583686,-0.4966998080230805,0.5986731096639092,1.6328372558385968
134,2.8635681961089468,0.6149600742976147,0.6500054370214238,2.868713843518675,0.6024532600431411,0.6551876278461478,0.055715185166269,3.433123065714432,0.5003602089413469,0.49371040760813517,3.424546673162252,0.4694238635891108,0.4976995509406546,-1.4362364902345388,3.9138638168837017
135,0.7137069437878802,-0.591995634056535,-0.5667192204823776,0.7279548814190152,-0.6006473935152641,-0.5617573351104671,2.0195121281640236,1.6361036104908013,0.10321675329860963,0.10464698357915325,1.6274284291897203,0.07800415996544402,0.06779878795674198,0.12425150607356258,1.9169311177244768
136,0.7856876815063786,0.48476692951881967,0.4336183633881377,0.8110520083286434,0.47501831355849616,0.4139850757896268,2.742905769553341,0.20945709142703728,-0.19972706772330642,-0.2140818580110796,0.227144739526533,-0.1814317796413616,-0.1895821622098523,1.4214178777663986,0.34660372270702605
137,-0.043978773910481675,-1.5059004927019883,-1.6433840801818036,-0.032372920920065634,-1.5358915834452902,-1.632047442722783,2.4906666295535365,1.1343903009912046,-0.8292797332923197,-0.866904787527776,1.1266355350284385,-0.828486016813641,-0.9085125127191038,0.7336788692697689,1.710473903424811
138,-0.6494216724594408,-1.8715621824272033,-1.8701897962007281,-0.646479356396628,-1.861063110120297,-1.8458313679759706,3.7981731919618924,0.45946999863761434,-1.5542424028875055,-1.4807353360453386,0.4526141989905068,-1.5600072097264872,-1.5362685888232688,1.965130010798491,1.7016046032408987
139,-0.5769093106172872,-1.1800952021176672,-1.4351619855025404,-0.5639734048312905,-1.167916557547606,-1.4485202115443567,3.7798209373741782,-0.5605629629232228,-2.264735939388067,-2.1662135981701285,-0.5240133034622847,-2.0804210788446493,-2.1342627079673493,2.511829377090478,0.6516685198218091
140,0.27455999760760685,0.11242189651381417,0.11895146117916167,0.24649889453092746,0.12254625814305627,0.13923198589908548,1.6438863726403903,0.6010311844391925,0.5756123561400238,0.552769189628008,0.5886897287828525,0.5957649464509372,0.5603868775790841,0.37248861805316885,0.22698712332731105
141,-0.4808312144556012,-1.71126199533056,-1.6819457007491896,-0.4622944104716797,-1.723281956336958,-1.667272457430569,2.3015906246301614,1.8067353774076382,-1.4048899541291096,-1.2751026363982185,1.7912298367653792,-1.5388350932390213,-1.3520691026829046,-0.8396152961458029,2.9243539330376382
142,-1.061936090189265,-0.9835900101139032,-0.9189111304450204,-1.036178846161309,-0.9793245969423453,-0.9097921218340773,3.2095457342337563,-0.10213515214858458,0.13668404033719717,0.12795573168344876,-0.0691810377636964,0.17654678736192425,0.09656966078788029,1.4780911761273234,-0.3528584197407452
143,-0.19885722470531825,-1.0664822022683562,-1.0921932649708006,-0.23207003753604705,-1.0673942727291543,-1.1199702258690174,3.199073156517351,0.3539554041843375,-0.16736966516763194,-0.17716075546355275,0.32626554347571346,-0.14950198762613037,-0.23398400505639289,2.0139542069061456,0.3930397020351377
144,0.3386562730958382,0.10006483716269074,0.09911217276375342,0.36134689918719687,0.08786608932567627,0.0966352561394504,1.792656430966795,1.3005506217958998,1.1721626397100282,1.1942078776006397,1.291785929422926,1.1747068102681157,1.222945870360598,-0.06162377943697299,0.5729859649775084
145,0.7718803010929435,0.4805659403256813,0.5073940177512868,0.7728866672778081,0.4937269567724728,0.4796040285094546,2.0504978092968305,0.7548178466527353,0.4264927965856366,0.4323391321595918,0.7283117709203915,0.4467627979626287,0.42758589350623855,1.2326902512949507,0.1438041918594309
146,1.7980777908823697,1.7498852402279201,1.7344551634693632,1.7878611613859479,1.743706516525021,1.7262016314767819,1.0606199737129518,1.1631588895955887,1.011571924750231,0.9830614032565864,1.175575677786427,1.0134199065789025,0.9667522791915885,0.3939877790994987,0.5914140328132104
147,0.4706880673734411,0.5372705110573467,0.5087516938770421,0.4522317601942266,0.49193128603530417,0.5396117514151457,1.8730317461435233,0.2721433114277216,0.39412674405235687,0.3751274971111133,0.295443444234864,0.33696203265114816,0.36540409122484624,0.9908213407203298,-1.426433641359491
148,0.37856438228061534,-0.5894115747839432,-0.578216239804919,0.3790241591947334,-0.5995537147901862,-0.5831576425747503,1.8464677907953722,1.4053159551803887,-0.26093941925039044,-0.2711778686513998,1.3804119631573157,-0.23328351554774024,-0.2615774580301711,-0.0848414587709958,2.07310499972387
149,0.11058953494098522,-0.4858242984558601,-0.5209782828631336,0.1419963615822649,-0.48345300041010697,-0.560717151682949,1.9029318460452094,0.8890239740040596,-0.19195859874071428,-0.19709927166354294,0.9301741319575839,-0.15038095532900897,-0.1879172534841423,0.5461328002097576,1.6212531388085079
150,0.9500534733313184,0.6206160126456681,0.6095219853813902,0.9389042199656624,0.6093360156879514,0.6146614928458353,1.8470376496204084,0.44568087868245737,-0.05503573433849822,-0.053079541420267974,0.40509240726712564,-0.06586651176220196,-0.03521451975589654,1.2071474627081504,0.9328251982557333
151,0.6003399042852593,-0.07541118360107989,-0.08010780515516895,0.6038472595534666,-0.06397443185514597,-0.08808387077639403,1.9615553813948523,1.3415168175230687,0.27358314804670847,0.2902742571379985,1.3785319224818648,0.24250381591632214,0.3143150360353182,0.15518071885554105,1.7295331286823228
152,-0.6960491857386667,-0.9982301480426142,-1.0024482277754987,-0.6851019499301945,-0.9932317803585825,-1.008758816854328,2.7912672047827183,-0.283633317454191,-0.7653110775490781,-0.7364826327973785,-0.29968367724976036,-0.7068104822899394,-0.7340399739192238,1.5382563091267663,0.28816759582612544
153,1.6387316242286114,0.7946773485504838,0.7777770194074504,1.638910103355984,0.7929773837958829,0.7707419855895578,1.1019969451594676,1.909893706029135,0.7650297008427365,0.7661322151525342,1.9123587342235049,0.7372353384575967,0.7880654165091341,0.15065096994745533,1.702556658511428
154,1.0705000532296747,0.15400010123447436,0.13759621237860503,1.0715644728284708,0.14710078794341966,0.13987136146500662,2.0490406177592613,1.3914743139887893,0.03944386984429519,0.038986676879544685,1.3902380815451223,0.00781567446728685,0.09382990918589396,1.0333579088370697,1.9060154595581078
155,0.2635183435049407,-1.4189676909922484,-1.3840628129645745,0.2653413141136248,-1.3926231651240788,-1.3630719493870245,2.1107492541927235,1.4648956922037348,-0.5202672925005202,-0.5458503623855452,1.4344382351683573,-0.5148651715392877,-0.5797427817138413,0.08979595837613406,2.0459475393177273
156,0.08538108143410492,0.19012553846975805,0.18275025453642177,0.10211851790319493,0.17374787800394742,0.12459418121984925,2.7659089171247464,0.67951598027004,0.9096037621541477,0.8443509884533473,0.6601044666429917,1.0040139272977275,0.7962469109893021,1.2447657407563244,-0.9269934797445637
157,-0.325698369078896,-0.6389063928370633,-0.6698206827481539,-0.39756347566320716,-0.6800136589202954,-0.7010995988795828,2.1561507587522843,1.394829557820736,1.0507554450661296,1.0118001936620298,1.4167932957006764,0.969899158700427,0.9775667222586069,0.1604260139555757,0.9790822122764998
158,0.4254523077455254,-0.3298791469316346,-0.334950310448479,0.41243291846422403,-0.3240391721504732,-0.312219050811863,2.7527576918405194,0.4839265313719515,-1.049679191383405,-1.0224490568533062,0.41580984406988214,-0.941468838958344,-0.9589651062581966,1.0132825817776028,1.2563115803191174
159,0.8188650935317175,0.045111122386786225,0.046753418955181106,0.8435995671529853,0.03406136929192607,0.06374263838480365,1.9345452883470282,1.5485206446319606,0.7000327976886287,0.70015437588342,1.533765982869173,0.7274525051448117,0.6628974740168827,0.13647702870309947,1.253206409771678
160,0.9835200290624105,0.9478720276169363,0.9425356764125069,0.9804395209702939,0.948851756950604,0.9378497619022822,1.8129266930963135,1.0870973503595958,1.1888769715208578,1.2473924980746518,1.0648836645364421,1.1844299722542364,1.2456837561205683,0.49077877244235785,-0.16545159168060536
161,-2.002499250263606,-1.9001285952410818,-1.8961358219647706,-1.962139288620745,-1.9396784061167296,-1.9289699400871934,3.8224785728948634,-2.126094848068104,-1.6686668393528263,-1.536459671176331,-1.9233403749281006,-1.6334703739304544,-1.6472315086490459,2.777621558627515,-2.024517889029803
162,3.5583332926225992,1.9916675337093257,1.8499098018039362,3.5627228540154787,2.0013913944862636,1.8507086548708542,0.08433681521385472,3.2834713690388084,1.3503901329176429,1.309696435471892,3.286253222936343,1.365395416868152,1.2644205890051021,-0.7470903904963927,2.96273944047773
163,0.7346485059409986,-0.6094721355897873,-0.635113875948974,0.7326255943619225,-0.6121294439376507,-0.637245504274654,1.7721739749398586,1.3622721237084559,-0.39979690387677497,-0.3887024889881205,1.352457582408034,-0.3785195375427498,-0.4462089839218395,0.21611669970985034,1.7422589518436438
164,0.7161821190752161,-0.10595014900901693,-0.11592806908435692,0.7267673577557399,-0.11709893067547353,-0.15356124344681243,2.390825871042783,0.8289396137339357,-0.6609506102742694,-0.7148363313120751,0.8424443982347863,-0.7062384451699565,-0.5658989000697783,0.8887126846460783,1.7094831356461941
165,0.262982179889033,0.43043651375910486,0.4511466684211898,0.20513378845444205,0.3960088345203272,0.42633114038907965,2.424254736763982,-1.129707431124852,-0.904269849474406,-0.9909265968237815,-1.0813681469484793,-0.822373053426348,-1.079825471508007,2.3021504541175113,-1.087800410145194
166,2.5490681072516357,2.397230751355691,2.1924146293037583,2.513094815987103,2.4418983444112135,2.188991316027294,1.1440717129151874,1.8823891408893225,1.6514558933759622,1.5683808933576922,1.7315924692101285,1.6449788126876355,1.5656248926324676,-0.2296923341414106,0.7000776053243922
167,0.8375429897596126,0.0032160001909738016,0.0033990559052078555,0.8222386387631161,0.0023324095997362647,-0.012723157866299007,2.712723484142681,1.4498761176451207,0.4278375930607784,0.4561464329624732,1.4445284663973956,0.41219117404886113,0.46123487388560597,0.9552550980685399,1.468787742527848
168,-0.3318565223300694,-0.7787876147653504,-0.919145007714305,-0.3581122708357289,-0.7501880216703394,-0.9511097215695077,2.9324566747923533,0.24997033545335479,-0.8025009577637473,-0.792645602006598,0.08045808057997283,-0.9318552731856204,-0.7683032855301974,0.9244613298973959,0.6415623978479205
169,0.1714605473469112,-2.146075182361187,-2.345796685910941,0.19442917000190751,-2.117454866275669,-2.3287158908540166,3.50763871251225,0.6210483192708979,-1.7504619331932054,-1.450531129839365,0.6214726296993694,-1.7574334852370384,-1.400557529176624,1.8310673506722779,1.5211461788084704
170,-0.6773436807982219,-0.5814950791823317,-0.5266764578427716,-0.6447832035317416,-0.5759203817774087,-0.5251853527971161,2.5715229470059064,-1.3547960244654047,-1.1110357392601702,-1.0633854185735945,-1.3967512934392365,-1.067018894476708,-1.0583787264477198,2.2871544596708153,-1.435503862267596
171,0.18972848167083936,0.3816620223708473,0.3687148171028627,0.19581646548568557,0.4247739200166713,0.3234509880850414,2.3007607889378128,-0.36990911654716757,-0.28500288601705764,-0.29415556732233894,-0.33203149049630926,-0.2784912268324999,-0.27730839923808953,1.9068458944748994,-0.08201712975484675
172,1.8837626243098482,1.5960087733616486,1.6200881086665095,1.9320457048175048,1.6029947645000024,1.6200400976184632,0.9743331869432006,1.3681170445026325,1.0490125897153875,1.091698071163383,1.404565270148814,1.0537800208974475,1.074574626023616,0.5219423488173809,0.9105010174443355
173,0.8873522043799942,0.8610334993876156,0.9132833828068607,0.8904417996681222,0.8514948696175498,0.9198708100581887,2.464762235729492,-0.32321164509874867,-0.4194771154627465,-0.4529952118438731,-0.3110551479975433,-0.4182221082687508,-0.4615753429876411,2.1434440395128753,-0.659970720243867
174,0.5336087911706517,0.144901635447819,0.14871334876194248,0.536541399420896,0.14953063675234482,0.1477672240314691,1.595122579016908,0.4352898922827425,-1.1673435492244786,-1.087835554969665,0.4465428127830408,-1.2233078785403733,-1.0419198216018242,0.8740886532338153,1.0818195793633918
175,-0.606713064877334,-1.0498040817940923,-1.0970373419910242,-0.6019661560469548,-1.056667585661592,-1.1156502074865775,3.114094266572048,0.24392446465908238,-0.4086224632657643,-0.4258592357563703,0.21980867633139597,-0.43099059962614694,-0.41881365941378856,1.3772312405451526,1.4721664954233273
176,-0.05886499956222411,0.07266052864431405,0.06992161358287345,-0.0634361809824313,0.07754433879339998,0.0884337730222726,2.6487716822935345,-0.7085531817557255,-0.33708456735289594,-0.34423321936334134,-0.7020732507716483,-0.33824964241334016,-0.36986301129189025,1.7682862228977543,-1.0135912098676318
177,-0.6065438317377151,-0.9758623380136158,-0.7861703980480466,-0.6053307630329812,-0.9868049103892083,-0.7746440325174159,4.059004768278741,-0.295498045188244,-0.6964808505055488,-0.5491362754212723,-0.2930917509243575,-0.6997654054553156,-0.5496126850792354,2.7656884764336582,0.44617353268585425
178,0.7442015062968852,-0.08491822377621405,-0.08217756671633106,0.7316564040710177,-0.09887446395321225,-0.08904664044606055,1.6387967542006696,0.8682893161732438,-0.6889469988943617,-0.7017185687752175,0.8694544503398395,-0.694005048912051,-0.7009810193074165,0.3839678105750203,1.6810635818268007
179,1.4505414077208978,-0.09012957417086767,-0.08812474862343898,1.4536777703038115,-0.09064476307779397,-0.08939783369099939,1.4661863121220555,2.2664491833900575,0.4408172275612055,0.3901377836811823,2.2636088465095967,0.4503383931566867,0.40209007886627074,-0.08496641222783452,2.528445109685199
180,1.4355729349210906,1.2060453526883563,1.252776895681451,1.445279010003009,1.194797676062429,1.2517890714148547,1.2326204126460538,1.2027742216548487,0.8868041875928876,0.8723835991021327,1.1911645366605907,0.9336646789918839,0.8918927414065088,0.4298961104460739,0.6944997788198792
181,2.6654516727717863,0.8533727448849973,0.8249132219517615,2.6539025107606053,0.8415296320489972,0.8275015734742697,0.4959814252156167,2.587537272497506,-0.5213936475660877,-0.5089701263596674,2.5884754279553537,-0.4667178918816473,-0.5806463515816641,-0.3688135295350188,2.8744084902226135
182,-0.28423828908511695,-0.22496130869121875,-0.26875986824376213,-0.27379194496936254,-0.24149609643749037,-0.3114183707742219,2.386684610034075,0.26141116008137716,0.4363233269277039,0.4710909453252708,0.27769284372150294,0.4143737736953005,0.3189484021021821,0.7709131031745217,-0.41927328504538536
183,0.04709254059646034,-1.2384652914376426,-1.2148964034646768,0.04998651641742033,-1.221617322042077,-1.2429429034886401,2.4828989254325466,1.245854888266997,-0.39187371173349006,-0.39473358977455714,1.231178445416956,-0.3325815337146908,-0.3930369807201096,0.48963567743392494,1.62800745034215
184,0.14092649870946783,-0.21434374546864718,-0.1801988936160788,0.16189224436468988,-0.214038108263882,-0.14830095591804157,2.6991533570452106,0.23321386513336,-0.431613065695497,-0.4521914132603771,0.33564669737277647,-0.47836563607750093,-0.2610339443770719,1.1104486751077582,0.8838746069901839
185,-1.186881633373806,-1.0626644603443662,-1.0529834110288232,-1.2419461510276253,-1.049140085405496,-1.0284146978901734,3.2812124189309144,-1.0931758677623975,-0.894120820165924,-0.8733993524774921,-1.0919532048882101,-0.9432930036961278,-0.8531762108674763,2.2907096883539664,-0.9830348833652469
186,0.13462183355475035,-0.5164643457203251,-0.5076472954451351,0.15495494819343075,-0.5040431168659895,-0.515374429071344,2.2867890243369082,0.7506751941267145,-0.6147835981711017,-0.6255651196519514,0.7488939686783853,-0.638040191921644,-0.5789560860948738,0.8110523066650019,1.1660744352661307
187,0.790118122925318,0.429870086060787,0.4154645955607403,0.7954481273826054,0.4261830507216687,0.40474546966746233,1.6935063172370743,0.8500521731356839,-0.11086792784135083,-0.10706381701770525,0.8839347118410908,-0.10866590216009013,-0.10211974043760283,0.4120903510872045,1.4471854079285542
188,-0.02940972724764156,-0.1455456472156172,-0.13920321723016213,-0.02940899604241403,-0.16189165579314152,-0.1426724584576544,2.637724787248474,-0.023412677111570766,-0.19341680960121604,-0.18600421310839083,-0.06286220470863811,-0.19872162688917624,-0.18794063901274857,1.7077649874081875,0.11938707318729161
189,2.560427118122723,1.8984883655812477,1.836829380733493,2.5609083187942163,1.8920554063951869,1.8341073993234205,0.5497277219101729,3.108089019496393,1.6353985578063015,1.631900704314225,3.1027125376852642,1.6681392472040768,1.615648543700327,-1.5342276738554106,3.595610442174445
190,-1.251729318900448,-1.3544955597269674,-1.3766931156704245,-1.3210500058696846,-1.33689022040734,-1.3664994251424478,3.736992009338797,-1.0180528925008594,-1.5760364400371345,-1.5818659311809762,-1.0939882488946666,-1.482246680788557,-1.6043041365000141,2.028576048251471,0.19035399650573054
191,-1.3530095399049589,-2.2976935696387817,-2.3134601034403572,-1.3529169733270778,-2.323858766014798,-2.2529264387853773,3.855341044515645,-0.2311281465243356,-1.5274416735138723,-1.5194478366319346,-0.23282790657438918,-1.4715858782127218,-1.6074378007376737,1.8916865516272388,0.6979325908651849
192,-1.8170273739584206,-1.8184021738539047,-1.839338126119364,-1.817411946011845,-1.829583646332614,-1.8456767491902955,3.761294587625827,-1.7077794161192523,-1.697453883627701,-1.8701136156694786,-1.694321063188007,-1.6785781903989268,-1.846346403456994,2.7249548353239037,-0.7441653646578765
193,0.4797879935605678,-0.1699232403847537,-0.174561004728862,0.4845148951942779,-0.16621685975807687,-0.1640674562792223,2.371429452701663,1.0757752880603684,-0.19242669926156852,-0.1937952180656879,1.032830177584534,-0.20407942402389317,-0.19052916711894022,0.9232823737038958,1.8300021350594333
194,0.4357966895562749,-0.9066741348897698,-0.9231316456461751,0.43040179261297884,-0.9053410417466738,-0.918749447570548,3.164337420424529,1.0746662904578317,-0.7403674682892148,-0.720586387795317,1.085244662348444,-0.7147140384688245,-0.6990246394120637,1.7299470498280587,1.7470712954009244
195,-1.1808265334514958,-1.2603552236827322,-1.1642276977332549,-1.1233294125069282,-1.2953874889797212,-1.2004854266317693,3.3470495952184476,-0.4964975636787036,-0.814297897206858,-0.7478432484531942,-0.47358607774921824,-0.7093460927888097,-0.7404125985533397,1.3069760077936654,0.038626392098564125
196,-0.7694105904560299,-2.800593334285248,-2.79888015521805,-0.7565008345156787,-2.7996041331541233,-2.8101627489627456,2.911566257679804,0.6677711435670911,-1.857641878892642,-1.9844343881572677,0.6653785999325276,-1.883177834405441,-1.999632916803256,0.8625729781920228,1.610612115907885
197,1.0118557287275727,-0.07072410668265335,-0.06431729344207282,1.0093293053733468,-0.07602950621159321,-0.04547690809702073,2.1342034866350623,1.1210670761541115,-0.5720359360497695,-0.5032713212860348,1.1105153951856819,-0.5751338007820525,-0.4932680669577123,0.9217970597369469,2.9019936920443703
198,2.0369642792029574,1.4524098166619608,1.4839797905099246,2.032965267466835,1.3731146895763875,1.499837450563779,0.4513414911046263,1.1211520464173859,0.2293104950587393,0.22933442891814534,1.0652232077095645,0.12067864049557729,0.24895307449583642,0.2879369777648508,1.5582129073568929
199,0.7519671966608954,0.5562547738007968,0.5858477291805412,0.747410220228639,0.5487605492894643,0.5816054099471281,2.23977992880069,1.7365812821466566,1.4457434961457238,1.58554810514998,1.729139637394131,1.4092854994227764,1.5580043476902756,0.05298090849461557,1.0393805842648471
200,1.1632990161529946,0.40605179901197386,0.3662736716474346,1.1691924209633646,0.429800662319474,0.37631702534917844,1.2630652044393582,1.374732172790907,0.40925646795964304,0.36571139956282595,1.3966576867595928,0.33874742795587914,0.4002089410045566,0.18182752302187724,2.6500731022786006
201,-0.3270132485376911,-0.7072092617479908,-0.7009887220145622,-0.3257556687100532,-0.7385739719142486,-0.674000097056412,2.3591212218905766,-0.003665370608450249,-1.2352627719234401,-1.4371217062312036,-0.037456765617437535,-1.2208019791938232,-1.4377341665226617,0.9834254949642204,0.8842610123533085
202,-0.3463692987090201,-0.3369839674145283,-0.3472401790864891,-0.3442141451969306,-0.34252867414744725,-0.32893237001905673,2.3859431959417314,0.24678245289690648,0.20083909477065853,0.20209082107852536,0.26003753835506693,0.23438963469861165,0.22871723085106688,0.9026341837963539,0.24256485401616196
203,0.18670097265751764,-0.7564361957786737,-0.7461896113432862,0.18907640106317375,-0.7451655827399256,-0.7417407878161918,2.3962295791157495,2.052130171806703,1.1479718060882624,1.2353950934607276,2.050986350953544,1.1109355279303381,1.2282937663245852,-0.2402043400888988,1.5558665630376434
204,-0.1530096414375687,-1.5657272181400852,-1.599567653550679,-0.15927973446312987,-1.5758348523849899,-1.5570393521672847,2.9456443989055674,1.1210948257444566,-0.42069389818513125,-0.44337640855205146,1.144151552702452,-0.48164166616351256,-0.4252989497391625,0.9232868058119524,1.7667053539884494
205,-0.4028606147929927,-0.8430450224927916,-0.9276651583046196,-0.3888949718646402,-0.8144239897640101,-0.9831663333803202,2.769639135011974,0.29445882292649456,-0.5033044441055476,-0.5564551890558264,0.34421599418409987,-0.4522362618817988,-0.5058364128199866,1.0188303636245046,1.0963611122906078
206,1.1259418371810415,-0.1966558342903313,-0.18772726931888659,1.1198977491279405,-0.19878875064858453,-0.179359032712639,1.4058652117322006,1.7031171722955434,-1.2633157367977101,-1.3007854415076145,1.6785726568689348,-1.282206205956175,-1.23288900643339,-0.2127589038046943,2.5334308918469306
207,-0.7346367346414159,-1.0857760284489566,-1.0865648850369931,-0.7607090751861031,-1.0702958376545075,-1.0718473786182992,3.2337230849130765,0.5260018749972298,0.05741860089575829,0.058905735869445204,0.5016718407672115,0.09234737781184399,0.049021047897127856,1.1104241828941253,1.1722146485345635
208,-0.7071168338562435,-1.467465016158551,-1.5230673764401392,-0.7146544250399336,-1.4741024661153928,-1.5545590405678928,3.0371666184958537,0.59978561449342,-0.6974700771584358,-0.6707262101599414,0.6091131123441472,-0.6937545625000209,-0.6863293486943629,0.5668045413465025,1.4277518755177336
209,1.621544410122185,1.5532722320015844,1.617891848492593,1.6327137741063833,1.5458629157051345,1.6215331334126792,1.8453925719624709,-0.5561155155410495,-0.6328087718951646,-0.6673727408740113,-0.5680511861047949,-0.6343121396103243,-0.6613304186054841,2.1365034634739577,-0.09927370918302057
210,-0.011149396138714034,-0.5034633586677429,-0.5366831276356069,-0.018694259673619637,-0.49887924477841805,-0.5359472885744332,2.7861959810558776,0.21090751652924483,-0.4217452749818348,-0.49633243442579406,0.22123474246945768,-0.40378382301987087,-0.4835685615888218,1.619195721033564,0.8800779101013723
211,0.30560228055171146,0.05622495040113409,0.05540302052629445,0.3063939038090003,0.06814701906799235,0.04528910642568524,2.348354628666874,0.9301615509392452,0.8067562644745785,0.8070823981590592,0.9471527598273621,0.8132097463741461,0.76744770827606,0.6610325672810676,0.25446313090506417
212,0.43838494429938973,0.16236514693084858,0.16388496729147092,0.4527860525347466,0.15035607408283952,0.17013366010977404,2.159427935024898,0.48777599105361924,-0.2606016511524523,-0.2526812913920369,0.4727076214466383,-0.2779930830559588,-0.26194988727344437,0.9966601684225502,1.3856527914883743
213,-0.16085742355963725,-0.3320143468851143,-0.3496574480361198,-0.1856704240258111,-0.31041326908125405,-0.37960881124594786,2.556979892889532,0.38868125014971916,0.022651217102518256,0.023452403561329875,0.3993571298886304,0.08262204673641053,0.07321233229157824,0.7850513815701492,0.9880877364543784
214,0.41881591157302794,-0.24327512678641308,-0.23983258160233356,0.42268175436620026,-0.23718388885141717,-0.24624894459053306,2.448820267847711,0.29091800168315146,-0.8222519425687095,-0.7723771300529118,0.30663853113210177,-0.8280489584313493,-0.7841306706073928,1.4361108337977528,1.1639843095158136
215,1.6512551673987454,1.2165406328936037,1.190977984825037,1.71617853265865,1.1981642195021194,1.199614994909095,0.40051685564153994,2.696880947009627,1.951066488574799,1.9205421028349228,2.6509342262293654,2.0089476494082033,1.9270049679376042,-1.1183992189285072,1.629278035969565
216,1.4445435165788578,1.4398218958130098,1.6298031521906313,1.430646807098965,1.4441591612017781,1.632393880355643,1.7367106289411476,0.8163040225406055,0.8090280747332041,0.9137511661156342,0.8160263697277823,0.8057690046640185,0.8843351773845457,1.2646080721520774,0.07984061487833553
217,-0.2337244914050111,0.004312863589686169,0.0042256814106000915,-0.20321349163724303,-0.031077384105080243,0.01623825471712821,2.534724193994871,-0.29954282563468176,0.1565879640900945,0.15899430004314372,-0.2927955168057311,0.14387345452327557,0.18044120397363783,1.6175163323796047,-2.7943245418301834
218,-0.7085878931526317,-0.9492107489654813,-1.0003833366715515,-0.6809701213428596,-0.9330309416426827,-1.04461412994115,3.6159129657762374,-0.6916344427191722,-0.9800478607927998,-1.0827650291840465,-0.7336576215196909,-0.8982963582713738,-1.0862072886240202,1.7711059279626136,0.05603057757764278
219,0.25051309797086263,-0.49474972217402413,-0.5236647024854195,0.23633570514000865,-0.4805268863636439,-0.5371467891657112,1.9398991258953264,0.9904616293452554,0.19194381830247126,0.20367676407417454,0.9442735700247682,0.1338034183585646,0.4103481944163712,0.40321519320532473,1.1230651470541264
220,-0.18201940663988347,-1.2377780973051409,-1.2760759651601812,-0.16458224656487833,-1.2262420723505094,-1.2573082733036225,2.50144669553555,0.5546076332566364,-0.6814938323276368,-0.686409174886106,0.5381250525442297,-0.62562734687802,-0.6560230523967914,1.1359004884352093,1.0545431402275842
221,0.6766159961388825,0.16886878993502752,0.1828388389541889,0.6698988525814396,0.1822575462741718,0.19045155617898055,1.4804908877478005,0.25160417127269785,-0.4675608321327685,-0.5029730761095578,0.2363755649416142,-0.47817706225476886,-0.512437362232784,1.0536203939450433,1.5830610694850735
222,0.553257617058384,-0.47602032818077766,-0.4904644036588753,0.5719581836643052,-0.46192938576752923,-0.4939221415477124,1.7040778225120259,1.3267244540115326,-0.46709272260475376,-0.5001733212004632,1.317643680771019,-0.46743985168799174,-0.45848301302303257,-0.04709845693874454,2.566505557601307
223,0.5863129737988291,0.22658074678397333,0.1977486038462313,0.593474523598518,0.22036017033407887,0.18423862828560153,1.9940377162181047,-0.017919030909381125,-0.80666770985086,-0.7688899331454428,-0.043590052123490854,-0.7985581957316937,-0.803365435849329,1.5753614235009252,0.5715817674005762
224,0.9350311884823391,1.0638222263338912,1.123468966918222,0.978072549563092,1.0371359951725148,1.149573210027125,1.0394713032910954,0.6702042869294397,1.2226761132823154,1.2936410863160928,0.9040982987972335,1.2603618936328878,1.251507788251968,0.2127586433429611,-0.724760350555346
225,-0.07675582599396001,-1.9006098020195468,-1.7959018493758998,-0.06176269719880543,-1.9269953370842827,-1.796944718241145,1.9401265313675928,2.7994487676098587,-0.9857498992428909,-0.83117568026944,2.824821294884011,-1.0102916214023465,-0.8297324562532012,-1.806483835493289,3.7505682902735837
226,2.140731978668699,-0.34633173299270464,-0.3517705005122655,2.1431981577368173,-0.24371294157198325,-0.25687902885096786,0.8518799776339898,2.2387771450861926,-1.2018199394189524,-1.2790105945335646,2.245473809262777,-1.3459992546786503,-1.190554050249975,-0.026035001911053905,2.584319017766877
227,-0.052163309756428314,-0.41628649043504895,-0.42329985161835365,-0.047434000057265883,-0.4449017257143999,-0.4312333293141121,3.2693467475145828,0.5108272712932743,-0.17931493440133298,-0.22568727528622073,0.540730043121546,-0.22672403195853427,-0.2549133441598406,1.8785209936611105,0.7503426292157135
228,1.4650490822300024,0.5152281849289108,0.5035516606923089,1.4661480338206943,0.5107421588820963,0.5101993008636856,1.9406653585085232,1.7097056528732344,0.47171454708525484,0.42759014130840367,1.7261893963110406,0.5337989413391334,0.4283035645190234,0.23054204354776678,2.144490911872358
229,1.9701103780683242,0.6186525437657031,0.6836974476051881,1.9430789020454227,0.6315477128262555,0.6370907217095672,0.750107572970317,2.2084649102939222,-0.16118642477393705,-0.17267938167859603,2.21947067550784,-0.12487192544378103,-0.298825639183013,-0.5181568512996797,2.6109237629229343
230,2.4827242470973614,2.0420759930008767,1.8038600376174336,2.480833478157969,2.0338617537574666,1.8063817171930874,0.37706032022979574,1.3873778288274878,0.43936760709398404,0.39817798069958005,1.3911274375997635,0.4565571941512296,0.37330862725769215,0.38644082089664494,1.8326024605653088
231,0.09976449883995074,0.26237768561138175,0.2617099772902898,0.07421917061878304,0.25217371750147916,0.2359184356533507,2.5364644985441993,-0.9429259361687404,-0.7297079467882168,-0.8389868361033318,-0.998215958826547,-0.7319433859800513,-0.9131118315570245,2.355481040837334,-1.333943951339999
232,0.884389598665151,1.506366856075424,1.44807139148701,0.8680861559470012,1.4794369802872478,1.4497652334780022,1.2355545291874697,0.30657885462577356,1.3526820051253616,1.3729544632541972,0.35436924976982004,1.3263155860392306,1.4154726502953487,0.9807337382781662,-1.1978661129945964
233,-0.005083683106398374,-0.3784766555808677,-0.3998092764866153,-0.010998286667604629,-0.4056359192935605,-0.4046576978963824,1.9237807735354346,0.14607358480687946,-0.9559325156243235,-0.9347642502711789,0.14861622363792987,-0.9711942938759875,-0.954646332578173,0.9043147514826443,1.3173304004037956
234,-1.2144422175021774,-2.857193666626482,-2.755524909418086,-1.2307104224486736,-2.860795924193742,-2.7268226985799724,2.8434982123292594,1.0348196837218635,-1.4470149449984784,-1.4382424891799217,1.0530143166201085,-1.4038102527679703,-1.5201967815982844,-0.043929993213342296,1.8397178035706498
235,0.7551642959238493,-0.6535087174134172,-0.633337281327503,0.7382762260438039,-0.6792035774041016,-0.6321616016432413,1.8883940189801167,1.008479465819929,-1.6107376384739842,-1.5969283890323132,1.0097306582282914,-1.6300966259664444,-1.6132961939514394,0.6840092713911349,2.870780014607949
236,0.5865098672328649,0.757359214568999,0.6903867740133129,0.5796318294716816,0.7538658743914607,0.6836629653622983,2.8393447351520824,0.9263866181739722,1.2026325726671132,1.11081691445806,0.9163625621626444,1.208976059046779,1.0908205537734637,0.8100195995738746,-1.1457311757511996
237,1.7807867035344251,-0.5730750487853046,-0.5872715355416711,1.7768378558131492,-0.5738823950333864,-0.5882257096923439,1.340832548234903,2.4730908563193927,-0.21399814161969208,-0.22454691093037063,2.4892226850543597,-0.1886757188440716,-0.19707005752793608,0.10768888136818904,2.6722050513949056
238,-0.6083069050948191,-0.8404463037873295,-0.7796541887008468,-0.6090580411967047,-0.8437308675507583,-0.7783963555245941,3.1523234167539136,-0.845695667852708,-1.1918863464007623,-1.0434905202088018,-0.8120637612960139,-1.208499937193647,-1.0054507042872498,2.2533274138524284,-0.1519284477139349
239,1.8668900429852906,1.215121566114042,1.372865607837983,1.8587535973574478,1.2115159471842234,1.3640574025671428,1.11324302423519,2.240463272376262,1.4075862099568535,1.5778121915252266,2.246197572829928,1.3955095223161138,1.5613491698419082,-0.04154729513684572,2.6371950049603976
240,0.8026168278396324,-1.4747655287011263,-1.4625448951778428,0.8099000481104887,-1.445258246581093,-1.4815906561898846,1.4318813034547986,1.7365061099746182,-1.5800868467054923,-1.4477344665987795,1.7230994083022801,-1.5871499372935138,-1.4484174400872232,0.03959515186739475,2.7378523945445212
241,-0.3768521117143781,-0.29801655664247584,-0.3602438860981552,-0.42001572586445046,-0.2427628974085267,-0.36611019130724287,3.0929685201116306,-0.58930980174505,-0.44366148359031027,-0.5516405575835603,-0.6065419885664043,-0.47120531001834687,-0.5632429403043905,2.6813427471427995,-0.603017242212943
242,-0.9077816825258238,-1.5141614295606418,-1.4388657767975297,-0.9003762245527033,-1.5108650371567254,-1.425788663194529,2.851091538131709,0.4424044776347414,-0.4679009776481526,-0.4628329273911091,0.39428249576376195,-0.46689957019283584,-0.4954574851415983,0.7381789327873123,1.0074536099016642
243,-0.08950315588736113,-1.3066876219636308,-1.3630162912736328,-0.08299649413415548,-1.293777681932257,-1.359986452452173,2.9954945338369696,1.0288410846729135,-0.5266786205069628,-0.5646657714906903,1.0254700792998304,-0.5135960898807465,-0.5709622215889809,1.1693861935511118,2.2324170558330865
244,-1.0774398243349297,-0.8843073583916375,-0.8597105706238132,-1.1326272936287192,-0.8677141271403922,-0.708941827171501,3.359969790678714,-1.1292454865153936,-0.6731065066170909,-0.6053224480226449,-0.9092008704389778,-0.6985329383584614,-0.5870428088626525,2.0247749542574196,-0.9176685297128432
245,0.16816463442640595,0.25918028166737367,0.26955072460205565,0.14845580956096746,0.25102529220230063,0.29722001373936635,2.463370533876378,-0.3385559142124714,-0.07035718421127388,-0.0716744564959668,-0.33457066272912983,-0.0838977624117805,-0.05531733084922701,1.4835365914592513,-1.031832025841463
246,-0.2831549001537896,-1.3860555271711368,-1.343467228194659,-0.2792639897935343,-1.3993769336481492,-1.345109375223638,2.3614876232673927,0.6530486608042753,-1.0211282690336492,-0.9984831884469079,0.6332177336585981,-0.9836675657690304,-0.9152698024120948,0.9737339039181864,1.0998783781863772
247,-0.12429651450880942,-0.27111980119549994,-0.26670369185699205,-0.11597782725799002,-0.25053880082073643,-0.24807031970800983,3.487742204629724,-0.1908981223932381,-0.5284077749804338,-0.4933938484783569,-0.18225792697961055,-0.5561667928026509,-0.4892172089502835,2.625400078032624,-0.22769683881680813
248,-1.1502360563099148,-0.8696799667269279,-0.8259472365643549,-1.1540347098099633,-0.8877846514666811,-0.8360925536861906,3.356359900003271,-1.2253598064502258,-0.6582386364337008,-0.6056151677092376,-1.2355051259862666,-0.671052222942409,-0.6297443781958891,2.4102046875006113,-0.9521074839870377
249,2.4154594341249984,1.992875569382311,2.0349346071956402,2.4112705220525297,1.9786906795109918,2.0308027964683317,-0.14380873615628637,2.363084636258487,1.8332093507686058,1.860642391021238,2.3773095614770883,1.8248493151990932,1.8990575564916716,-0.9201795922886992,1.5693431385603895
250,1.4394129689816748,-0.44734759050071626,-0.48517774697867083,1.4641715916956215,-0.4472519990961433,-0.47085330790054214,1.2633612289125635,2.8286623566423983,0.2820273476199951,0.2853280513466861,2.8307770520116646,0.30355099138261765,0.27986140151996447,-0.977637020811622,3.2971092315627692
251,-0.2664331286940238,-0.8870093482731572,-0.8612423911525147,-0.266413809114074,-0.894323598673359,-0.8593303943341191,3.023071746725096,0.8161247054436312,-0.06489015062889887,-0.06308768112809472,0.8195637366726307,-0.0704014229523604,-0.045327697060376114,1.2067459026586558,2.4677817053642994
252,0.13973529153841432,0.17868940320310234,0.18886843073249787,0.12393211187842786,0.17527202881874496,0.1780009200557754,2.0433574612670173,0.22961886190608563,0.544550708961803,0.5808416513020732,0.2308224198414057,0.4760452359600489,0.5360260270057149,0.9394436957964184,-0.3197328296761936
253,1.4071714114665361,0.0903863639291544,0.08898102505593541,1.4221218886636973,0.007785502187087065,0.1480909487748415,1.5804447582229466,1.8192219511513281,0.5096921232524535,0.5159764631504012,1.7596210947797737,0.5631144850134824,0.4914225253408283,0.17514664376660136,1.6332381537177527
254,0.24670142384427407,0.2915579500022601,0.2954581329226402,0.2594685233071141,0.29611821228325824,0.30009929337721986,2.05384362975403,0.8526828151107636,1.0456690136856013,1.130446473448107,0.8476534847721072,1.0814774152769586,1.130023190807967,0.3130251425550921,-0.37701474974769406
255,1.0856666293061623,1.2144497005156474,1.2279019468419623,1.0576559802899093,1.2340369703406895,1.2391610700619942,1.632746672952485,-0.4747638691147144,-0.3072389505233246,-0.3364688796534468,-0.49400372063349457,-0.3062343749232691,-0.4138248323802916,1.9615916338901,-0.9504529440652225
256,-0.416851693816633,-0.6610485494649282,-0.596259826737683,-0.41713314207286345,-0.6658554413710425,-0.5780404399562229,3.0346201067321554,-0.4129858587826411,-0.644644713392376,-0.607562706692284,-0.4046168679944961,-0.6413009007409392,-0.6209006166884348,1.9357060933063848,0.1689901794319599
257,0.7049478625146587,0.6916874790275712,0.6567495957217836,0.7143499198582152,0.693243594861841,0.6645316874501808,2.6328283197622255,0.10044742634581905,0.10868609012796095,0.11319629777367098,0.08784312015452699,0.16069644383472384,0.12801752425460447,1.3865859750402696,-0.23727975124144532
258,-0.8806418220321135,-0.8913384473553492,-0.8292353849096366,-0.8396642622947197,-0.8991628240662342,-0.8276609567880178,3.6926290899497785,-1.1656421713177934,-1.1751632183138354,-1.179106932409849,-1.1690379401830036,-1.1459939055088928,-1.10865107754682,2.9323380796410388,-1.6745287600040117
259,-2.1489220090835173,-2.056873373896042,-1.7990040925603723,-2.1362990376578885,-2.029425483998412,-1.790721465904543,5.005237549527958,-2.1927966690765586,-1.9756455703069822,-1.7974578250518025,-2.240892608166959,-2.0106019370521864,-1.8144880507563272,3.8122073007669446,-2.150250015638158
260,-0.2411907377479193,-0.13642624858627428,-0.1429517288424183,-0.29678462689850843,-0.09328874956593922,-0.1764850951628191,2.6579947461653246,-1.0565563504747444,-0.971821055193816,-1.0611917377448463,-1.0824785334529519,-0.9303834088329267,-1.098222516178815,2.116767704374969,-0.8373138383534695
261,-0.5370498029232328,-0.4960805238280405,-0.475152716279409,-0.5232778790008216,-0.518026381167169,-0.49306733975163874,2.9672172109563717,-0.4488256763980405,-0.843614374519559,-0.7879052951117049,-0.43715807186013567,-0.8591680942373497,-0.7403619876774709,1.8187571290870597,0.035779322407918326
262,2.342468744293836,1.871229790294072,1.7475385250442041,2.354098518116885,1.882006892277206,1.735812203226552,0.12650863173234192,2.789998976072131,2.220736923191738,2.1153740239126972,2.786575944087205,2.2322897690765604,2.17085676610267,-1.0925558538061149,1.6934572299040398
263,0.6611548902071319,-0.31652495403210906,-0.31628991721261585,0.6756722494509039,-0.3011229847311291,-0.3190254930556101,2.0253364582567475,1.5161452689970398,-0.12595899867978483,-0.13100945428288652,1.5131081935246598,-0.05210471915624004,-0.16622061335890154,0.3186136669044074,1.7114477929383176
264,1.8776302858887395,-0.28715082835032724,-0.2881792706575821,1.8510717232654454,-0.3149954849866382,-0.3034791930736801,1.1318851239522478,3.404206764841735,-0.16517757753210993,-0.1686559960709075,3.465322347011336,-0.15985462610058299,-0.0969064041815278,-1.5172860649373685,3.481420201003428
265,1.5908334981993852,0.1709241068714323,0.18209368721593178,1.5562590796675349,0.1673292775040852,0.21357513203976247,0.7047204263126182,1.9899178208643253,-1.2710784054880295,-1.1670203558215155,1.9729604078222256,-1.2897808731749485,-1.1812907480977295,-0.4305369274920375,3.3622629499423655
266,-0.8377358170804496,-0.8692060053123469,-0.9188608632345876,-0.8490555631297397,-0.8512005617915059,-0.9178832495601001,3.460218066920449,0.04362242891796409,0.05904795889403303,0.05767485620328071,0.07828560127558377,-0.09185269592210771,-0.008326086296816007,1.6384236758673196,-0.21453055565816745
267,0.32924811134432486,0.3720992831796502,0.41514810287986864,0.3861820369522409,0.40039191204500135,0.5290303314903817,2.372745478947729,-0.7672341267640074,-0.6493754186828864,-0.723228442092037,-0.6684660694516753,-0.7374506216157033,-0.5738724485490072,2.2365061403949014,-0.3110763726285291
268,-0.027457954274179786,-0.46584140740370833,-0.5040673421696801,-0.009239904265008248,-0.47737761358931413,-0.5116789342779053,2.514649876479688,0.22602186512872952,-0.6307750468748199,-0.6550465928407729,0.23162338883237896,-0.5869516891866634,-0.6100015804416525,1.1168987420239493,0.8775019175479344
269,1.5808409223557156,0.6610829042412675,0.6724070732191484,1.5885545974194877,0.6670538036781278,0.6493991716662307,1.8223013746786878,1.9797988431239166,0.7781807829698298,0.7708360081706577,1.945141731932866,0.8158858366983522,0.7650055704374066,0.449000419179257,1.9937573619471574
270,2.609450783792726,0.6775291196022447,0.712699569078765,2.6106033803553443,0.6711666006530076,0.7171817362164103,0.5286246047913078,3.129501050513861,0.8584123124047693,0.9482596503445132,3.1325598918803137,0.8360926499625908,0.9136265662531926,-0.8604836183096969,3.195811603373644
271,1.0190783160258263,1.1219535291500997,0.9456144487574795,1.017191449257784,1.1241372270007712,0.9372361885693643,1.1114709996371006,1.026788646212134,1.5417864956652902,1.3902280247976497,1.0564158685693705,1.5497411808888744,1.4258931172179692,0.38700099825825474,-0.25950456269620564
272,-0.8400885450226038,-0.8086459619934432,-0.8087033963102934,-0.8385056841862144,-0.7995770312527553,-0.8137015363880409,3.209991256650345,-0.8999278585140978,-0.8221260201344257,-0.8538415077978676,-0.881560530086126,-0.790739282497947,-0.8815134048499486,2.182181391712653,-1.0183159561354387
273,-1.0108119077498545,-1.1670722469835997,-1.0776128413812676,-1.0014254229913027,-1.1398798869212234,-1.0717992785904698,3.8293991116153716,-0.6412657849398548,-0.6909375383483117,-0.64254237700551,-0.65169159481951,-0.6154127378753869,-0.7504603280063871,1.6031950342730865,-0.3393782837458991
274,1.5019870816615886,1.6841022458035833,1.6335460076985229,1.5219317313527763,1.6937511809155823,1.6284959738270433,0.6900919920566891,-0.0009428109172925862,0.731232929873224,0.7419596306590023,0.0341208909965776,0.8367329833510931,0.7659751964185352,0.8682155998204932,-2.291536461946944
275,0.4945241809165507,0.02254256891431017,0.02300533161540701,0.43731037891189545,0.012064623056590756,0.029775598739248246,2.3436763419903808,0.08561922257542796,-0.9753247430114742,-1.0662183715314775,0.07341734170831257,-0.9625928948870655,-1.0512298829712452,1.5480645273158757,1.4002762608485053
276,-0.2026489770203317,-0.15567869145739752,-0.15102649273285998,-0.2239912130187998,-0.18716773687855034,-0.12686022528552518,2.7677184622745163,0.7357503415058845,0.7942081292283821,0.7644225650900566,0.6959486555971336,0.8179208690416029,0.7856764056972736,1.0228651418822223,-0.2358746540029515
277,-0.7276893319074688,-0.6698306543972264,-0.5635202320906609,-0.734334229647589,-0.6819235412473452,-0.5641018183429591,3.382075067836333,-2.2880207400901984,-2.2299542967310453,-1.6797848395088304,-2.2907877791011946,-2.2272089305534357,-1.6757517040861263,3.583937411876572,-0.6060565693026561
278,1.722564172633828,1.2560233391480384,1.359111552145219,1.731399340584329,1.2452814413686182,1.356520469405163,1.3174696578801437,1.1247598730702073,0.48209471350760597,0.5092289385232858,1.117582072352922,0.47516690258787364,0.48127449145173784,0.4793985022795154,1.0807094357896507
279,-0.10941417572165826,-0.0049035431703453956,-0.004937800563005257,-0.10518939658070975,0.006390018252761835,0.007025861878791574,3.064368659228338,-0.8308308627868932,-0.6636638212559304,-0.643156567906828,-0.8141251481942177,-0.7315722213606172,-0.6827455235294814,2.2383748179119194,-0.7808183812409326
280,0.8999863124478334,0.11850463325786365,0.12327464193115915,0.8521897524073913,0.10354563814942917,0.14939969173453155,2.954114639589857,0.6692690025096978,-0.512950996354917,-0.5236964727355203,0.662577369163777,-0.4929830692809062,-0.5508174214494828,1.8376011024946912,1.143146481902881
281,-0.12877667545746385,-1.648673193121206,-1.6540365446683636,-0.13344049442143854,-1.6568706502494985,-1.663386678079998,1.973391974021588,0.963206908227932,-1.3185904080972484,-1.3719688397244796,0.9423914818909213,-1.3796648371794566,-1.4358046199684895,0.401248548679886,1.3714189813597877
282,1.3023274126542665,0.5882194505547242,0.5716614850358583,1.319278923544366,0.5918311038203329,0.5877521052603876,1.6639635646086386,1.4345593854479084,-0.008689967907081557,-0.00851343291627848,1.4222451801034055,-0.01344294752900741,-0.01617959241957022,1.0337652260356924,1.601565940039234
283,1.288991431237687,1.2290787785914232,1.3008044200093223,1.3051349731653108,1.212539241205911,1.3120895525553464,1.2221316268532532,1.3340239682523194,1.260979126750448,1.3706396762263333,1.3616094317661587,1.2347093405708476,1.3410885383675237,0.19807960230439098,0.3103292777757749
284,0.9862408904979887,0.9677107844097884,1.0157630355250353,0.9591633963089811,0.9984532066481056,1.0033213928418,1.7366158025559961,0.45494393089821805,0.6950976577804439,0.7533938067557688,0.37879338329051665,0.7552032787609301,0.6364010685542593,0.7148647482068943,-0.42412238228088733
285,-0.6386921976307849,-0.9701605183089155,-1.0268378669182765,-0.6458377836865166,-0.9601322151485043,-1.0409717896454078,2.83106251666394,-0.1655555989630598,-0.579860461470186,-0.616116196229576,-0.15000452576419,-0.5960314686300325,-0.6368882688787971,1.5408109265238017,0.4959770879747855
286,1.0788322996952397,0.8607476326813801,0.9640419017761943,1.069348132030937,0.8729167799038481,0.9914338984963709,2.1652743958523084,2.0518991019584005,1.9225621817197711,2.137037663548444,2.0393165644165756,1.9078413049922138,2.1193964704384776,0.36787057524777816,0.2234795745836672
287,1.0378480645872337,0.10799458279239102,0.10860449469642494,1.0538405893289564,0.10939647156978259,0.139151034891933,0.9240441960848188,1.2457353512892622,-1.1297815975231624,-1.1517873183283245,1.2169661193091517,-1.1376228666361663,-1.116837164757817,-0.40878958250087066,2.0504619161368702
288,-3.02469077075179,-3.038064539354428,-3.1229130904424762,-3.005144057702993,-2.9949262553778078,-3.1644283748990354,4.281489156844249,-1.7328016541816573,-2.0093249125022106,-1.9235011929690773,-1.8153129782205404,-1.8156948021862453,-1.8904362578030784,2.2361453762501617,-0.7878809119485344
289,0.5675539856575711,-0.2313271056267568,-0.23203368857964984,0.5516340597351467,-0.2466432310265229,-0.242352825830042,1.7769674591418374,1.4550403010455144,0.3329361531891668,0.33994288683426993,1.4338491503373827,0.36633921739679837,0.41152357531319633,-0.041838483048422984,1.4362657186571244
290,2.668105336778998,1.3381708816394038,1.1747851011846726,2.669308528289076,1.3282951943207282,1.1541608140181394,0.42851173359935035,3.4858758872604767,1.782932312065729,1.6936494642802469,3.47194171886364,1.7753112587439508,1.6816083639905222,-1.0890481211893728,3.339158863317906
291,-1.036919703751971,-1.9665922821607598,-1.6081579407688127,-1.0962864682940578,-1.957022614862911,-1.6313975298346215,2.5782086504378854,0.12418237666045567,-2.2498324730581034,-1.9931517424261822,0.15556686890319033,-2.318668705933529,-2.0107068672475745,0.6239966634449033,2.1831080947724266
292,1.4062826977529042,0.9679979086815335,0.9985406819312306,1.399757618562192,0.9724871999573664,0.9916437118775775,2.4229534303644042,1.6662441070361462,1.2859842907862014,1.3226947481058362,1.6720007927066247,1.2829518827144362,1.3168622026391037,0.9263630903394208,0.6390275570664556
293,-0.5315183129410197,-0.7020895041041177,-0.7277951207800549,-0.5231234195397416,-0.6659383981256313,-0.7488634782473043,2.4192344765380454,0.44275911339456114,0.17650397099101067,0.16720319615878046,0.4263534685310113,0.170501799452388,0.18140806033446596,0.638563083059594,0.571729423312652
294,1.1314619020655563,-0.1666644463126653,-0.17116490996784836,1.1178118171528226,-0.1440904736170709,-0.18291965936506516,0.9635083112436977,1.7256721640218198,-0.4179148331012515,-0.4034943005962382,1.7332992306461956,-0.42080790502378024,-0.3915598041542896,-0.3607125210118323,2.587609000004366
295,0.8525226094735451,0.1022883010824116,0.08853796649430139,0.8557765650064826,0.0941688770919465,0.07557851523806931,1.668807309328317,2.0396671311268713,0.8162636053915293,0.7711402655493272,2.0486221832194733,0.869340164140765,0.7499853051900991,-0.4419716501704226,2.273099139819353
296,-0.035238694656047384,0.03593245530349463,0.03571524157265987,-0.03463887861982262,0.05290371278271094,0.034885611049582176,2.1205774492830187,-0.8799554848160087,-0.8259435685148506,-0.8638793943205652,-0.8772715352945033,-0.8213746707818288,-0.9086781667167351,1.966093962919032,-0.671668018434955
297,0.3849991945912425,0.17532137882290372,0.16934652302105424,0.41623659083865944,0.15306562930965822,0.20877760975965798,2.434794545392124,0.5263482989861771,0.21738806217118753,0.2104092015086649,0.556314089405604,0.23504104722610034,0.2388190007035876,1.2629043342257786,1.17340984977021
298,-1.5123157974887576,-1.3548915173583562,-1.4137036799649685,-1.5180032709357723,-1.3700301756278646,-1.3734878637981438,3.743848895585472,-1.0665088592630283,-0.8135679534757829,-0.9091831113780523,-1.1074341331400348,-0.8541762856824662,-0.863997198553906,2.8321605783912958,-0.9186716312252341
299,0.873862247874115,-0.19008387220910347,-0.18663181979222845,0.8527314301644692,-0.16609851367071812,-0.17202621042086455,2.117821695357441,1.3311805492654112,-0.06617815647972315,-0.06555466688471052,1.3633186810768974,-0.05253559638418217,-0.10400278616716044,0.5931604630770329,2.0229610594914744
300,0.5533283091471481,0.5966846767374452,0.589863432541466,0.5442941980787698,0.5971534205619344,0.611833804539457,1.5438334463723722,0.14836662851438712,0.2387276246443525,0.21994353163636404,0.25021763465657815,0.14413093681502243,0.24228032248923356,0.9331335679782626,-0.619026718592509
301,0.41323182723277585,0.5546323045991864,0.5369435135879901,0.44704852076775153,0.551676589448388,0.527327567468292,1.9645824945962145,-0.23939449958077239,0.107072191255166,0.09749681588194317,-0.21483765423790924,0.11183985128063917,0.10597926794975976,1.3490402697800097,-1.2136312330673027
302,1.4683194609039136,1.6433773780613075,1.5266964836957875,1.4306910212942536,1.654818714272184,1.5413164614922192,0.7719616198853927,-0.04745749052889476,0.3463640925053263,0.33370573872724063,-0.05000061865491732,0.45439898177123283,0.38152357263255965,0.7617749401470914,-0.7376693633102825
303,-0.2636133956000139,-0.6409818404001496,-0.67293003917744,-0.28819726084068403,-0.6345414795656225,-0.6424881400063498,2.6934805747287696,0.39939196246414677,-0.26760124065641255,-0.2924307901903323,0.47452287199142756,-0.3202000351607831,-0.3854992921219871,1.1781971754540486,0.6355859447686935
304,0.4090118715560998,-0.6845754958581469,-0.671950865465861,0.3988744696530981,-0.672735835552329,-0.6870813748543251,2.3843998711337178,1.4390052188880595,-0.03251649863417108,-0.03384599115420641,1.4295209635321773,-0.003827838829907656,-0.028216618724696777,0.37268414343018025,1.823634521354986
305,-0.20022045401197558,-0.31143050992885907,-0.34488789217630017,-0.22376917531559698,-0.3081787622080291,-0.36202271105116157,2.5849142576885455,-0.12241510116158485,-0.43260047288386416,-0.4222955946996599,-0.11040917191879183,-0.45956103212628313,-0.41280538998059846,1.3258991689930082,0.5500964982349041
306,-0.7914393327143318,-0.9373673717727616,-0.9880295555007355,-0.7778114352271152,-0.9177384734511425,-0.9852978464169474,2.904146934689906,-0.1740279858293177,-0.2241293664567238,-0.21253013336431892,-0.20180606232722847,-0.27289007812259986,-0.27186950047473424,1.5129823894657601,0.15531751676543287
307,-0.16674287753031475,-0.8606747537600659,-0.830862405632739,-0.16144236806940374,-0.8582619839759951,-0.8439559764479102,2.7046111141457385,0.31203551281160175,-0.7862656728726899,-0.767920749105245,0.29391666897375623,-0.7927597091399409,-0.7730135383255929,1.4357900206129877,1.175700748632977
308,-0.8510407098277047,-1.1202518843533589,-0.9988477380327114,-0.8586907334166803,-1.1439301151980625,-0.9909105492570093,2.9132185729024838,-0.5298458403038188,-1.9030515945498825,-1.7000696231013668,-0.5152292137421617,-1.9559946333454412,-1.7032374507487964,1.383544747886188,0.8472592772292713
309,1.081931165649583,0.8832763308444344,0.9075514413788042,1.0932045405890731,0.8791570453424447,0.9069926531056219,1.259722500256366,0.2986672762344153,-0.21128097549191038,-0.2062173996859856,0.36851758129859746,-0.14360671116149026,-0.21458322508740982,1.0068326826792888,0.7272655282478756
310,1.2084301377080329,-0.8415260111669984,-0.8347633840586283,1.205551496203021,-0.8513423442290753,-0.8648628732892645,1.143806634868898,2.4127378231129963,-0.6396407201872254,-0.6475338364754667,2.4312105397309534,-0.5859100395379205,-0.7018764060413597,-0.8649902167057708,3.0608927060892857
311,-2.1147476197336474,-2.0129391977422335,-1.969130690402988,-2.126103592090009,-2.019134816791603,-1.962964623114872,3.708368441748247,-1.3499513713506348,-0.8969170545974738,-0.9053342644786636,-1.2273477884000428,-0.8901064331157972,-0.941822863574759,2.0459247132940033,-2.0868718451960113
312,-0.999613711905516,-0.9363882266641486,-1.0469155986165977,-0.993975039514987,-0.9127280404622197,-1.026652565070189,3.438626329666595,-1.0595083189085972,-0.9652274655994637,-0.9893675710010269,-1.080951210989641,-1.0188289941663935,-0.9676129524816138,1.9865699970744704,-0.49571792478341314
313,0.4462690506549539,-0.45875041890386214,-0.4414682431104206,0.44696502328080384,-0.4403744730772491,-0.4386163016986261,1.9426603716078368,1.1432850560269558,-1.4016130795516109,-1.3192341361358464,1.1486616185595164,-1.3882050109994652,-1.3673441372652047,0.20050919687809957,1.6183401507830475
314,-0.6550229139499436,-1.3590654311370582,-1.352371588629484,-0.6620755339984399,-1.3504443318829968,-1.364780243008129,3.6808751870151815,-0.6787612258569949,-1.5321302972879378,-1.5250744008235837,-0.6784921743542188,-1.524565207132475,-1.527026318544009,2.4845674489118266,0.6747139945140627
315,0.20146084530407396,-0.47654450330255693,-0.44944520281023814,0.213423334082486,-0.46796969869322347,-0.46411624717539657,2.847963207181401,0.9378415094505501,-0.33565401707295905,-0.3379228112293221,0.9231222372799928,-0.35762721877265635,-0.34107720306834144,0.9771053638752238,1.8526453410430512
316,2.441917432946863,2.134404169579173,2.2491384863986053,2.45448065010845,2.141102714384871,2.252637409391141,0.48472764350579367,2.4999026824438078,2.254258990941661,2.4510549817161515,2.4695808801078702,2.2508942532775342,2.442675191993312,-0.41471091448364616,0.9227870856891942
317,-0.7874845329826404,-0.8539769486188303,-0.7827110583715744,-0.8067689348505264,-0.8478245759434029,-0.8102952170379382,3.2933129323836425,-0.45436948621746936,-0.6267046037801581,-0.6005549018679518,-0.4586954669674349,-0.6310488260462768,-0.6545643093301844,1.9224117162078995,0.1745193569073923
318,1.104206673752612,1.2415868833256962,1.2829966594957989,1.1161445869233986,1.2638677650041485,1.2752479336849842,1.188422214064017,-1.52028801477672,-1.6692306797127292,-1.5103256640928666,-1.465481841422483,-1.7722918376019035,-1.535881768345671,2.4678112654016955,-0.1712882146406974
319,-0.7736138588666364,-1.8648908274936673,-1.8681635871261382,-0.7774589112892702,-1.8431552515693619,-1.8744809442561592,2.6301323782775405,0.34878643773920004,-1.4211788285960107,-1.4186130224734814,0.3622818311195016,-1.4100962680905071,-1.4162321903404556,0.9693653247203879,1.0503096040109514
320,-1.5479885393993866,-1.8811401039980673,-1.3730031818289723,-1.5412214552734202,-1.9111156957560567,-1.3654657434929534,3.8333974185827864,-0.5266167324089788,-1.2447288091342892,-1.0879540363974587,-0.47000891996642735,-0.9737536697884374,-1.1993708051921603,1.6749818428784131,-0.09666590921043122
321,0.11066214670248697,-1.4612546330036509,-1.4055819064423114,0.14349229404453986,-1.462268478732916,-1.4010897833222882,2.173660974226784,1.1295696073626609,-1.3462571619062003,-1.3278004671052268,1.0996197366589429,-1.3426579473285525,-1.341479015972927,0.18614851903178656,2.6723689335764096
322,-0.2584732407252974,-1.1780126569444695,-1.1756106713744252,-0.20645465942759184,-1.1658793531578047,-1.1684227073454472,2.851716856698456,0.2552601219705654,-1.8021695620124132,-1.6447272873683378,0.249432895946115,-1.7420550552007839,-1.7518427174705606,1.2521775624045468,0.7617350956986046
323,0.609169848738867,0.31415085631971235,0.339766456556286,0.603672192239037,0.3247013168499455,0.33859309239276,2.7847882615732233,1.233141683596486,0.8277046335640073,0.9148527838132632,1.21223989001915,0.8518235695901591,0.9137729965431115,1.2671002520681895,1.6977681548795365
324,1.0624640034648696,0.2961260556825269,0.30305358259921333,1.0789794903108325,0.2871849725489874,0.30494431334747774,1.2119118660769646,1.7013564359437567,0.5233918069406797,0.5345897818510875,1.6630572577688727,0.49890797647454405,0.5126610914609083,-0.32621159554091206,1.8323470549142014
325,-0.7581735712039074,-1.1857463627127904,-1.2907852453099455,-0.7494848041240109,-1.1674851842639384,-1.2948490587801555,2.8533908518139848,0.47860498206916,-0.41219902476457393,-0.4512195427715065,0.49213843631521836,-0.39918698633351946,-0.44992733062763285,0.6697996229513757,1.2244045414238336
326,-0.6951896566575885,-1.6803965737696775,-1.6684957455437859,-0.7052130223820329,-1.6879195142406143,-1.6630150118291278,2.876075665457035,0.2623999174524235,-1.5141151482748,-1.5034327755821775,0.22878097101172,-1.5881968284784755,-1.4437714543310562,0.894494469324452,0.9650562495400786
327,-1.234056425898336,-1.9446736713922568,-2.0996890712959986,-1.2225497955607023,-1.9423192503528577,-2.1158459675144456,3.774183800757591,0.3251832636530032,-0.4866514518851308,-0.5356063815408032,0.3239374122452055,-0.4806205746997044,-0.5499118462153674,1.253962255534629,0.9993292054462452
328,-0.6859848326695505,-0.7346962146111813,-0.7498649617778704,-0.6965781113380631,-0.7544842556793285,-0.7612566134184384,2.5143853669805436,-0.2699220570670203,-0.28087271983404954,-0.2742435474581171,-0.3026868870338742,-0.31144875151949336,-0.2743457696648793,1.2821869685075808,0.023756916068644513
329,-0.08695616150004654,-0.13077718439326064,-0.1380436087408569,-0.12408438527988452,-0.1370717535043084,-0.1389218823739083,2.315241118968845,-0.21271483900218488,-0.39304660365874433,-0.4421414335502639,-0.3397847420006019,-0.2992707563603488,-0.45814466169883067,1.0151028372192235,0.6481121939185814
330,-1.4876535766308596,-1.2699915512625104,-1.1748124053402853,-1.5064151637905576,-1.2648954638918837,-1.1614732970939574,3.4487637882780433,-1.9334701272751105,-1.6394965267514976,-1.332984324766013,-1.9937084580788762,-1.6376571612479887,-1.3768418842179782,2.763205571834893,-1.4006230602429024
331,0.8860826982041553,0.5554602529258259,0.5291747527717514,0.9100493605156795,0.5560480060120867,0.5309616142230679,2.142929730670337,1.5707531582028698,1.019410477129786,0.9352233870242647,1.5520229402428614,1.0267872294772489,0.9108909608387711,0.16778343155386932,2.0052024252771217
332,-0.220296132295215,-0.18700271894788134,-0.19438659286559887,-0.20581970247489714,-0.17827211733490436,-0.2122904723372864,2.5375444738174777,-0.0396975828347397,0.08280238175187758,0.08877286561029621,-0.023723217289773463,0.07957893415326066,0.14014053308408428,1.4430601757518482,-0.8117975024724607
333,-0.36969304703609573,-0.2610920539551612,-0.2521008117805906,-0.33296767686769113,-0.2794104498395561,-0.3444109490459647,2.8942222979876244,0.5167205566961964,0.887852557380539,0.9056046027524423,0.5331492352921702,0.8907761178474448,1.0920813381585606,1.1137627317998438,-0.7189849550528128
334,-1.6192131684721174,-1.7812026275882962,-1.9453855757698486,-1.632412766190397,-1.757265003918758,-1.877388657178589,3.7950581028953687,-1.1807141228783533,-1.42918773895906,-1.4336363856868641,-1.0555900005545997,-1.4104832259233753,-1.5816207504477677,2.3045186604305212,-1.0943941713873786
335,-0.06875625547829103,0.1776209599582199,0.18440830911128828,-0.06559616131268602,0.19150128393043567,0.19528301864885336,2.561291916029723,-0.015234362628631272,0.2456884035197516,0.25705733375968154,-0.006595080013169793,0.2507559795547719,0.24879375198276124,1.577205677428246,-0.01233514831094256
336,1.6218806854064702,1.4435523886457966,1.3947461062155708,1.6262553915767948,1.418859389218398,1.3987229303860895,0.9541049544653066,1.9718306930662723,1.8821156522532105,1.8250861296940324,1.9743987989670622,1.9015393868617796,1.8603716787155993,-0.30623779563455045,1.0194974481086985
337,0.0954803463770916,0.19213384306767228,0.20992718082847314,0.09222897130178098,0.20253682934100115,0.14316470081350574,1.620187615982966,-0.19293978626516836,0.015549231111457573,0.017850364989728952,-0.23735058928633218,0.1962390447669556,0.10138847943686859,1.27430139307045,-0.23598503643864852
338,0.5546598522257877,0.43778513937946023,0.44046773611571627,0.5981083834429135,0.44302521166053627,0.43081019609267013,2.236212010726827,1.2016798040497205,1.0485905715532522,1.1007111492757629,1.174771417129761,1.0606764058133824,1.1012498722284703,0.4998173376087931,0.35614203522701826
339,0.8938031857954838,-1.0170031167438305,-0.9552370973345385,0.8897122321206726,-1.0225896395810459,-0.9278301739789319,1.9334737727110887,1.5623903769690144,-0.8471151968641238,-0.7191552118313757,1.608692980431911,-0.5973684998216268,-0.6840980634137386,0.5953770387461762,1.9758803665028901
340,-1.2942931218548555,-1.230518801898324,-1.3160667349130815,-1.326470937474666,-1.2285699657504534,-1.3334834439625194,3.4449202974530677,-1.205275701149897,-1.1120908446916977,-1.216535257830524,-1.2091217262800926,-1.202766361973434,-1.2189078667488562,2.2812781754244926,-0.7275687406516866
341,2.6567554091685492,1.6309188160996992,1.618418066173309,2.6524919915086898,1.616561727324171,1.6174413306394964,0.8692882092763815,2.0415426202289373,0.5766838749252668,0.5272917667258179,2.029737937518839,0.5716855214359761,0.5463357689262501,0.09290252036899486,1.9467744566553806
342,1.5037492397310492,0.8536918377191758,0.807994671988118,1.512873287216861,0.8485464695489358,0.8009966303815534,1.742255859812743,1.7837850663159085,1.0321577240831932,1.0039124194670068,1.78473707006322,1.0846893577327439,1.0746061015386885,0.5537592548434325,1.5548931949845877
343,1.4380089999210455,0.9297388732174027,0.8431464706446926,1.4487076410310318,0.9219030630818508,0.8489156091062663,1.7731401827172664,1.4396252296602237,0.9914950507363668,0.9470160998879643,1.4306381526295862,0.9576188016077798,0.9401668200745974,0.36278081060106315,1.0230852234591608
344,-1.2199946385036622,-1.2730224682471627,-1.2087634949669668,-1.2559596975965528,-1.2994284620603955,-1.2166960458600689,3.355141225326979,-0.3553759719370919,-0.43330671838189805,-0.38559067737504,-0.41557740963560164,-0.40045490813051593,-0.43596381032711073,1.4645818312185275,-0.220665981157079
345,0.14427636314150927,-0.5511870164490302,-0.5352478298636905,0.20200420577766917,-0.5615213649726659,-0.48781148055570533,3.130361910910689,0.11765062371232525,-0.8278217629377973,-0.8383116676520714,0.15970160128018795,-0.8121991667407162,-0.8205331884673461,1.784513280819079,0.5022465891841451
346,-1.5926236924552775,-1.6927058186544617,-1.6517760825559387,-1.5784508547535716,-1.6762529288843595,-1.6076699079673769,4.279633616347464,-0.023254757583420126,-0.7031189619810739,-0.6002081355576885,0.07185770540995347,-0.7944158993125857,-0.7019303879479716,1.4011955153404878,0.39034742678381235
347,-0.29857857429825085,-0.4814760923523322,-0.47285592949267036,-0.30077902759856917,-0.49173030664225287,-0.48285636356579226,2.673516242977539,-0.33009244299548435,-0.6896522918216668,-0.7494457257980256,-0.321076154977238,-0.6816007951613525,-0.7636610404091625,1.3792527096149891,0.21556201260757674
348,-0.826975152003196,-1.668320979728908,-1.5930025911028238,-0.8055861466659675,-1.6347574636412596,-1.5915644293740554,2.923066555021199,0.6985218150816004,-0.8710037842112789,-0.8657008715543036,0.6909926062330567,-0.7975651766822514,-0.8826556674824231,0.5533828855506103,1.3039362844724638
349,-0.20329588365798454,-0.27065044516918085,-0.24275835721910974,-0.16401744835310497,-0.24704284167811116,-0.22700352068624527,3.4135740552587532,-0.8927976004755903,-1.1194369751772273,-0.9639364564965489,-0.9190704538523946,-1.0369488615058169,-0.9813375461763268,2.1369604012615295,-0.16635160174391794
350,1.8336838448461656,0.5988840463761246,0.5883355849998735,1.8260845779575872,0.5997922712303128,0.5899744257987078,1.3838705489959282,1.3636220694621293,-0.9979169130025266,-0.9620854456612837,1.3616649266794996,-1.0134881018722128,-0.9633363578914766,0.850236612970567,2.2215299375219697
351,-0.007894322751568471,-0.8586450133766433,-0.7836604400533503,-0.010334992400904977,-0.8657830671513768,-0.7964319889782766,3.3916829373844175,0.7997188903664377,-0.48769185302948376,-0.5281474790389438,0.8070185867897293,-0.49067571147060085,-0.5243130753648588,1.5327236604210699,1.057876024906895
352,0.699667981019866,-0.06050271016700961,-0.06414807857605088,0.7408915448334908,-0.08306652686613773,-0.12502241027331595,1.7393149847797738,1.1559158801696103,-0.3488226200338453,-0.3540709057173465,1.1390475852701603,-0.2501898711633325,-0.3107387781919793,0.5919722343680004,1.519567326140623
353,-0.45020239422884745,-0.8001633445940141,-0.7701915501518504,-0.46076717810460754,-0.8247965348981603,-0.7799365415033719,3.11044598745451,-0.01453963603097847,-0.46325885686535784,-0.5059323228898138,-0.030719481213443683,-0.4882665613595445,-0.4872885755677064,1.6871140311144324,0.5844890726065086
354,-0.25694200839338266,-0.10865032446304314,-0.10396451499518763,-0.22548460339367798,-0.11992752729869133,-0.096339687598157,2.7260823454420424,-0.09484051445033316,0.32656017008947535,0.2991757592195148,-0.14505812144370644,0.3822272603573104,0.26480741418244336,1.3448356233897734,-0.333261670040627
355,2.200318261079815,0.40464311900535016,0.415041149379714,2.20940895584308,0.4121808604492113,0.4281510299839469,0.5407159761536476,2.570673242064974,0.19348656006084186,0.1943298082136967,2.5807627183457758,0.191922094569651,0.20329595381086435,-0.5467708490442555,3.104814807506452
356,-0.9330455949525022,-0.9582556871438337,-1.0324949244209072,-0.9068310733086624,-0.9228594326482941,-1.0721271464702684,3.6239747545590335,0.03873869008931795,-0.09404881481174628,-0.09884345378801102,0.055851249597491895,-0.16947300254928666,-0.08817239310556055,2.4613053551910067,-0.12504590792760484
357,0.7632670259720297,-0.8174830808991354,-0.8438456798822597,0.7694732965752431,-0.8314276996360203,-0.870188250483758,2.216706932348206,1.5220136265129625,-0.554158175745097,-0.5779671648859795,1.5068212869335094,-0.5304139276730453,-0.5844778789834669,0.5230512730513109,2.133945369936228
358,0.7924489105392776,-0.47333414570972104,-0.538323991093351,0.8514023012176902,-0.4602672319334134,-0.5940668852464994,1.3993856516697263,2.021667766020793,0.16101391347443075,0.15773009066826085,2.057810367564801,0.2584494087255241,0.09825712032942345,-0.8570657549949801,2.27041720703453
359,-0.0015319083344259576,0.1411045690275367,0.1421354305938116,-0.008262729773399848,0.15701152512343888,0.14984495811377793,2.2005969558758993,-1.3108606583030795,-1.517789352237825,-1.4937727253057103,-1.2816692710438138,-1.4909834932923085,-1.5032673578956808,2.6556469839542918,-0.7020418952968386
360,-0.5783956307157055,-0.6930617311065059,-0.7131220953168,-0.5711595894058624,-0.6819033744587099,-0.7198928440351015,2.867440888302871,0.11021879642922436,-0.1567383346914319,-0.16479403770040033,0.08638745656674747,-0.16186511517537117,-0.1312841601621769,1.4095653642286303,0.36965523292506924
361,-0.2751067375348291,-0.8596039458489609,-1.0786175657371049,-0.28408302821138,-0.8580079197886872,-1.0673371771758413,2.6273869932832494,0.6415616559825942,-0.21846881120904585,-0.26860912266722065,0.624569455121456,-0.139867264824817,-0.2889018673183703,0.964430170370612,1.037040726180785
362,-1.0427966116588188,-1.5055469150117509,-1.372130207530098,-1.0303611788286389,-1.4980519694042376,-1.3767764325115215,3.418329602180418,0.18831487961986476,-0.5960893501612937,-0.5887999269165852,0.18022873695256136,-0.6179282168242815,-0.5888559311039987,1.2498371059814555,1.6652222003370853
363,1.3514984154379999,-0.5728334628613841,-0.5985839061099342,1.3469160957278026,-0.5811911120778793,-0.597760190028442,1.3629671216693373,2.3979215023307523,-0.26672099011945094,-0.2853479219341338,2.4118050530689255,-0.321249495392784,-0.32437047536293123,-0.35168125539653633,2.8512756884219437
364,-0.8936001899242848,-0.8636981158036586,-0.9251510143681323,-0.8959199448912705,-0.8634764399673077,-0.9186196114289207,3.2711665985991196,-1.1089096751718037,-1.2942189130282173,-1.2637401508243427,-1.0033948877288026,-1.3117462656285808,-1.2504847117830433,1.9191534284930978,-0.2836592446143047
365,0.7467731765661986,0.4975657523936064,0.4809864538069187,0.7046229656913506,0.485957195255169,0.47429062380773795,1.0012840560021135,0.6785059159586796,0.17248223142442262,0.16710945313906736,0.7080161240878571,0.1000200054114537,0.1759115551651145,0.2949413220814421,1.002544421144414
366,0.15132007164075276,-0.03856595867161584,-0.04002729690086434,0.11887241952987482,-0.04757973749201023,-0.04208849703272764,1.6622235146706243,0.5481671493272873,0.1792667973782685,0.176511082394912,0.5463496473786259,0.18516272407953716,0.1902431840528894,0.46703091407177827,0.8690229979946628
367,-0.8827845461289278,-0.6652359640230546,-0.6956537791793509,-0.8801604844411419,-0.6644669620580677,-0.6832893179080459,3.08247769864223,-0.6376520803740708,-0.09667865862188922,-0.09740018604478076,-0.6070445365428252,-0.061589654225197014,-0.12644920533153306,1.8153106657139826,-0.7998695487651016
368,1.3439616880675984,1.2697696187023162,1.3081353192660357,1.3421661675272398,1.2784305797027478,1.3122017868346831,1.4375725682953007,1.03843819451981,0.9420214353562065,0.962236316162533,1.0407032395516944,0.9202548556029404,0.9219859318936001,0.19032823183782566,0.4497868650936761
369,-0.025241142710389672,-1.14361942260539,-1.1402340248711,0.003113388513170942,-1.1310888906326668,-1.1625873339561867,2.282297044591324,0.752852603242569,-0.9475293495394218,-0.9844533336533643,0.7982717460361258,-0.8707376550079418,-0.9724280719020596,0.5989580942104393,1.1948325103801056
370,0.9225881899575025,-0.3597941819826694,-0.32231398842363274,0.9139145996265141,-0.340208641584477,-0.3426078703841252,1.2840581972503278,1.3384624580340387,-1.2915916792751791,-1.1589436227104888,1.3487756064072112,-1.2815572389222436,-1.1703366290552013,-0.11355223119947108,2.5444225891766017
371,0.1740140955341912,0.06790656829927698,0.07245340612197644,0.22213758248413729,0.08488289788330206,0.10329827484840604,2.0263260736621547,-0.5046663635200428,-0.8594833118710641,-0.9277249311723804,-0.5335065185883937,-0.9160979221482046,-0.8772806404580189,1.6749310602132752,0.09006039380867127
372,0.596614126022967,-1.3319352118558976,-1.105926753278365,0.5658236260160484,-1.3391497750391435,-1.0975822564813849,1.7958506833222052,1.1868628002410297,-2.0582948271495716,-1.6821024161710296,1.2133091363021744,-2.074793885863567,-1.6773521490330432,0.8371143499372874,2.1774151369450445
373,0.7401764506815316,0.2219685432902057,0.2284393466435132,0.7452836459600791,0.22691223799409124,0.23545015035003228,1.5305248926905024,0.6022484194572109,-0.49303004773522546,-0.4919369064412337,0.6397984539009309,-0.5086271634827458,-0.5348409870995893,0.6540658114938062,1.441250771399179
374,0.09615749643939417,-1.0159443386032836,-0.9860342774043657,0.09662733337266846,-1.0190003386106263,-0.9715635737073232,2.969310584665873,0.6357470868606371,-0.7441802751612712,-0.7924989058398393,0.6246089121797489,-0.7793778875285171,-0.7706551315755787,1.5157138041173763,1.2133116410052713
375,0.6710386035660812,0.4583838400043143,0.49482603836045214,0.6755222591998962,0.4887179787450974,0.5143170786684597,3.068140717799816,0.25233691425396515,-0.11375575494416927,-0.12813203993861794,0.2200397489574453,-0.09014308377732758,-0.23625699711918613,1.5769394293498358,0.9595338459115208
376,0.09915635749081149,-0.6268935968117929,-0.5852133008657896,0.11158191906394269,-0.6131645787873784,-0.5885914274104204,2.9890447301474556,0.5921788794625529,0.05176031159612117,0.045552702230749746,0.5891905332697011,0.07856646554282601,0.042290621237634246,1.8336419956917558,0.22349424383959327
377,-0.2061840846158037,-1.2444953402056964,-1.3353539203652296,-0.20967076328612788,-1.2626888086632517,-1.3381626671621405,2.790730672968464,0.46851905721619475,-1.0908664407528315,-1.0529075266013088,0.471415487409986,-1.0733154765797122,-1.0630828028389374,1.3752122392668416,0.8676649477879388
378,-0.6425871575586926,-0.8194263493782088,-0.8008838144682615,-0.6455593739500578,-0.8098887612103476,-0.7766972393600422,2.614626934408089,-0.38346760755011594,-1.0538066563998856,-0.9648978725888686,-0.4051403702105846,-1.0425176174081403,-0.9215956280553032,1.285132933720461,1.4470965888378033
379,0.6838463704118036,-1.4737683500614653,-1.5903338807951015,0.6715005342668235,-1.4996987724346948,-1.591450744166848,1.6848815424106764,1.7987143137363055,-2.4032845610469007,-2.3591211049214,1.798855109700252,-2.408005869142531,-2.3367298268670615,-0.13205228291323012,3.127717663646874
380,0.22345738420922434,-1.4699026082475226,-1.4383701217020535,0.2233282552397888,-1.483908325641197,-1.5350410412080213,2.6352108988178204,1.37834678064844,-0.5633015348500319,-0.4955755366844443,1.400425661019666,-0.5469352748723677,-0.4695151087561472,0.4499038244219246,2.0070125986204173
381,0.5724051354313353,0.04719436878376224,0.03877236251608664,0.5667718794560661,0.07544575681179021,0.04320722570280082,2.586293709223539,0.9823702424708802,0.3604028200366654,0.33363181485944915,0.9728632607309441,0.2915032504396074,0.3490158379608301,0.930082364281757,1.2489209164406456
382,0.13643003341774426,-0.22806661881391874,-0.24224216782188276,0.1523013867893597,-0.22358260508737754,-0.23537776370480723,2.5740250009919547,0.807035217135089,0.3126430197946041,0.33250283760445193,0.7802222917604155,0.32229626261595895,0.305772085461999,1.2803223720132806,0.8053901937042529
383,1.1874374867706496,-0.026745478568839437,-0.024685837918015912,1.1997261091171754,-0.007264978981647034,-0.03364876659283718,2.3145237021969733,1.3321072957112294,-0.29126587116727737,-0.2606430537314021,1.3403686112184596,-0.39770577516285716,-0.3224192132610885,1.009634784568907,1.5851548737338588
384,-0.6414491526369684,-0.6880486235754374,-0.7276176894321951,-0.6309812122692924,-0.6890642067904021,-0.746014007670596,3.1555132956779697,-0.6903071209812128,-1.069178435379926,-1.1264644193506652,-0.6611791853737989,-1.0880917387699434,-1.1502209265491246,2.0400356380571183,0.14196738405048942
385,0.6922643585372692,0.8068310204257955,0.774902075672832,0.6459153636400821,0.8224218459705572,0.7915306813792846,2.199344604903834,0.528911821765952,0.7696630084269882,0.7821769185600284,0.5154999031908022,0.776205420771137,0.766001635491833,0.7538181512890431,-1.1675138520722252
386,0.01598838056141267,-0.02411310969928347,-0.02295000864647616,0.030188274554757335,-0.026372925555831594,-0.034399147094122166,3.6886944568804023,-0.0929595558385909,-0.17036615847901385,-0.16195570670054998,-0.013119607750284482,-0.19597739061070724,-0.16085317766218657,2.194881672236865,0.4073386234445795
387,0.3936023504825838,0.2427778389362708,0.20608998318524954,0.4039671268306874,0.2738523585612656,0.2031313198101329,2.103159228659841,0.704354685701534,0.5294516197768524,0.4582901715277221,0.7160104552743947,0.5512836109714275,0.46829897568407797,0.6766604964790419,0.381144425008252
388,-0.2135055643864831,-1.4472580366096688,-1.5373997181311232,-0.19342380744193235,-1.4711975316555934,-1.5279409833013051,3.558472928125721,-0.1676658299307256,-2.076277451989025,-2.0923381407562673,-0.16626343340258112,-2.1165249563876274,-2.0717901713431046,2.190344505669239,0.8982007525155411
389,0.7973135029695702,0.9564810948357686,0.865619536073907,0.7708244786348526,0.9742750366301387,0.8642623857448524,1.5693246137893797,-0.4601796113232908,0.027612595025120194,0.026166624316739363,-0.47784896036413066,-0.0002878897066355555,0.020766256719628045,1.2111536414966517,-1.4546050753618145
390,1.7685490720271522,0.34303739717905257,0.3674614465698819,1.756162520127217,0.35053074102622045,0.3926515147706402,1.1921895743404596,2.681813836666212,0.7100168449451378,0.768537226815484,2.687730499289736,0.7373786186179055,0.8128017928026431,-0.7725760362614416,2.8832913324723033
391,1.371043190958027,0.05357305926377645,0.05517792154191984,1.3533008785025544,0.09375997530193401,0.05393431781280775,1.5542208168195044,1.2830442872050023,-0.9044494029768263,-0.8190600197705552,1.2827539021864227,-0.91372461071132,-0.8041908229375248,0.555526110987403,1.8255716073866701
392,0.2717947543019045,-0.5054434997777657,-0.5229320390158628,0.26878834678302327,-0.5284896805188729,-0.5222139868274494,2.4144697123684944,0.8637860449515651,-0.04800669795339988,-0.05253937111017296,0.8500653503574211,-0.0015221234342598998,-0.04301651295805537,1.159161843456123,1.1210421641090196
393,-0.4737228784016121,-0.8282992928318722,-0.8375004123359663,-0.4896655366224944,-0.8561592931757112,-0.8656377291873031,2.292216724300256,-0.07880291145928373,-0.6053008269294087,-0.6275381312019227,-0.09001895713494858,-0.6046831239139736,-0.6104272124734516,1.2584400139461323,0.22566804649708117
394,-0.4147741235916924,-0.24389806324367722,-0.2355896441871478,-0.4125744488138966,-0.23694581254899122,-0.23116779225425493,2.6324119613280255,0.4721931591303778,0.8127126738859618,0.8434396788520384,0.47634125255723886,0.819586879307941,0.8144218763209422,0.8929475669131197,-0.7800751810662656
395,2.074364874486765,1.8635191943494875,1.8356282459410218,2.076852811885632,1.8707804519991476,1.8303258345506865,0.7495451061101494,1.511731470864146,1.3062236791110435,1.314743556560979,1.55945111197494,1.309382073175366,1.3275519409377234,0.03899895633161506,0.5911483091647025
396,1.155899180488131,0.11965890585603632,0.10811533711354043,1.157364296414339,0.0987646481566985,0.11075074192604006,1.335084291695537,1.6355586712029906,0.025979582699453132,0.020717387781951212,1.620499432925934,0.01590837646549581,-0.016552095514867044,0.08201998253608427,2.019606106533575
397,-0.2560843935911688,-0.10526593875962725,-0.10756962438433933,-0.2518740843650327,-0.08942196418190547,-0.11506257114764577,2.1339731285564287,-0.28785269839130967,0.0015924061418391238,0.0016414020716011414,-0.24774871497324016,-0.045376323401933844,0.02232066605166461,1.1052215775052792,-0.5572513110801192
398,1.8454827290373266,-0.33343565372109685,-0.3421257754332693,1.8398613667483676,-0.35735418146149445,-0.34449358453365825,0.792378191934866,2.382583176674323,-2.481837316702744,-2.6648181491606686,2.382841100220193,-2.404820215951992,-2.649084770839505,-0.31077178388575094,3.469858081853661
399,-0.12698463778803643,0.3804976531886049,0.3755444382068755,-0.12002194319971811,0.385145152641748,0.33382019544311675,2.509441327833184,-0.5940823609835545,0.27943380450903266,0.26899650361152405,-0.5198123980316709,0.3478186681991136,0.20550161174475665,1.7078413754044217,-0.9625287968279134
400,0.5948961097605282,0.3606982234880919,0.34924055236116225,0.5914842686421483,0.3617332788166164,0.3612124810129423,1.6480927457995094,1.2059641976532252,0.8273344045171892,0.8389219088918418,1.2121492178097268,0.81132470633204,0.8505132249405964,0.28189133770027847,0.9455700750620085
401,-0.96499281077868,-1.227035874805137,-1.0253812063576986,-0.9658534053631332,-1.188445863615315,-1.0740258049805507,2.9252348698087873,-0.799980297788017,-1.2877097549578476,-1.0517155137741174,-0.8029978813820001,-1.3449174728214026,-1.0493981582380503,2.1557991642943524,0.4997376765546637
402,-0.2818706793548325,0.18635380806830826,0.18967071938670557,-0.26700805895642493,0.19298526350088552,0.20700344250746824,2.2455003559195825,-1.8133611427214062,-1.7145040755829382,-1.66910897584877,-1.7881785864073454,-1.6432132466356892,-1.6511904769234969,2.574546302421504,-0.7147344810697565
403,1.0543746737126827,-0.09638102618138696,-0.08851108954337829,1.0525742721157334,-0.10273254815854674,-0.07879934441953858,2.7216414415896217,0.9965256050483169,-0.31949080607656255,-0.2878783430516741,1.0070652357233734,-0.3060491123896666,-0.2579637655706464,1.9757491797821964,0.8677285214171825
404,0.48555174918144944,-0.18441434468659296,-0.17591331557027415,0.4720885167886007,-0.20788647673440064,-0.16572740365003286,2.5901374059837097,1.1633099737538917,0.4953319163149276,0.48954067764982356,1.1698700867408984,0.4499339564555074,0.4506844911292822,0.9584818733868103,0.9497916810860153
405,-0.3479938704878868,-0.2997454783324079,-0.2993069707536326,-0.32813197601961874,-0.3044716884182547,-0.29190639345250596,2.2546324588894007,-0.006963822648714328,0.1918753726686307,0.1704061954894588,0.013985876604391623,0.14706054324117285,0.12850552395987314,1.1926714370548215,-0.3714868762326266
406,-0.6333952271575903,-0.4961614548656558,-0.5445044008133866,-0.6371156531299742,-0.5055588697386104,-0.5485449365361061,3.607077878693748,-0.7212228859034985,-0.5819497563212715,-0.7754107949892995,-0.6993781656573189,-0.5972035556151386,-0.7294608709569478,2.378159320944925,-0.0750038983491336
407,0.3048017017270627,-0.2561935711032271,-0.2750829105256427,0.29389283175924585,-0.2560820627003624,-0.2781152153701264,2.305631097971086,0.31501473802208996,-0.8181129305777206,-0.8348025753077744,0.31881866135025033,-0.8033404865307497,-0.8445976550169038,1.0097375144571872,1.145178360068893
408,1.168964029293826,1.209754327544165,1.2609867958427396,1.1676205823070227,1.2052859209820983,1.261681385149165,2.1932181270553124,1.1556987104138325,1.249139316248487,1.3088629576357977,1.1373194662865103,1.2362260985777467,1.3145650881792148,0.7409773962906273,-1.0723356330781724
409,0.9569307412424282,0.3692337184030926,0.3531525413312968,0.9577349299432016,0.36574975696065876,0.35810537890756167,1.5176436942723066,1.8931368694596509,1.3974919775489973,1.3935635444815466,1.8782045429152567,1.4198066689179543,1.3797069403154256,-0.09729401816077902,1.2084733465863406
410,-0.37191570844887406,-0.5359906433858129,-0.49011598724557115,-0.36468986390097247,-0.5466327865542088,-0.4991861472881705,3.4041343459064026,0.202632450602285,-0.06220860475545508,-0.058322607786011525,0.21945773860733236,-0.07809777779924554,-0.06516009689375779,1.3417922785888832,1.1142610412784841
411,-0.1303630277359751,-0.8296255166040012,-0.8315499083785309,-0.14722218183497826,-0.8365049149931456,-0.8068329349103868,2.4511206956226115,0.737552744753712,-0.5380322161342319,-0.5383189342982168,0.7071222037073336,-0.49300296149900374,-0.5574684261541601,0.9650344041170543,1.2761828760393776
412,1.0306887499740063,-0.4964813240051407,-0.4630871258594829,1.01591827997927,-0.496786897607604,-0.4589400069050252,2.019051180714974,1.4451727185122207,-1.1753569819254106,-1.0883647733489166,1.4583158635925928,-1.1766434936535308,-1.0796926843355308,0.800716023071612,2.0602293001279457
413,0.8771575481599292,0.4630078256386408,0.516424651377028,0.8671542567333114,0.46285811575948077,0.5394832086124443,1.8466298293511947,0.3209285514176737,-0.7112559060868698,-0.7079292742524058,0.2894178849010756,-0.7176604979471757,-0.7344184606577085,1.3819281838761595,1.3718582892312101
414,2.093375666525489,-1.607854957043287,-1.4828713719355444,2.094405835842806,-1.6129320870267847,-1.4848330600094979,0.9176269957661454,3.5989934567156716,-1.2301297666682007,-1.2142423209405415,3.6051912273798075,-1.2216151921709268,-1.1962422642663133,-1.1732049658044674,4.120111965901821
415,0.10699223443608999,-0.06142004017357038,-0.05767065215496176,0.12272010127737217,-0.04769119455100094,-0.04653540301089295,2.0759318061722474,0.36346107803481936,0.051289003063418284,0.050579437040464074,0.34962296424535466,0.06781228999946762,0.029796531035212688,0.9572384616071191,1.3820732549926698
416,0.5928323467695357,-0.47594027813450945,-0.4967941942067178,0.6078287214439452,-0.4844383210609189,-0.4801092374743086,2.4011987403673767,1.2246604047937064,-0.7274148758641097,-0.777399065331518,1.2662600906127248,-0.7424509259051938,-0.7228673780674487,0.6265514911031588,2.1418977745552854
417,-0.4921172258092648,-0.9306936894330492,-0.9754400057897976,-0.4846239463420871,-0.9378104579464719,-0.9857112589816399,3.3357455740506854,0.17825731105322268,-0.5276049142111692,-0.5862333704143838,0.16825379415734779,-0.5123469530795274,-0.5280141159775853,1.5889464274331284,1.3948437659181234
418,1.9036903489221828,-0.13952644101453704,-0.14538690924195136,1.9002424025201134,-0.11647386402659383,-0.2011223282139008,0.450664792503868,3.0889902629589887,0.20389514136154838,0.20056247443608613,3.096138538629769,0.1808534023491465,0.2112791832288535,-1.4699537948116714,3.4329785461871767
419,-0.60937818521576,-1.1119793500323512,-1.0853001376205562,-0.6032763765717911,-1.0874680575166986,-1.0843950056629803,2.7381533999279535,0.06633917895414532,-0.33098839872890723,-0.32223777697108624,0.05943401894616835,-0.3744982584511073,-0.3447353568282959,1.3594181519390223,0.011569262725461004
420,1.796291485673305,-0.3138932542798821,-0.30230214028915436,1.8208674800395055,-0.32681575155382575,-0.32675306378862223,1.1561073753552311,2.3580661833960295,-0.875125995668448,-0.840405203296948,2.3589971737811766,-0.7141264219449539,-0.7657901535075927,-0.05282215554759712,2.6566857586773804
421,3.029737182080411,2.048370021193608,2.066628742620062,3.0425653878609626,2.047350503930571,2.0657031989735892,0.30872171858897773,1.5659032936558643,-1.6517139722426994,-1.701780966027291,1.552652000655588,-1.6286556019462117,-1.7091545770272072,0.21300256149601002,2.494311432593172
422,1.184777995561508,1.1134956652044514,1.1168987032789555,1.2110737496167077,1.053098297706066,1.1251518116752737,1.3067191074754048,-0.08669671851170282,-0.5449559181381914,-0.5879779865480564,-0.07875532908151917,-0.5662955884343612,-0.5998773697421367,1.675355115857586,0.824609114189277
423,0.0201974957515805,-1.192747189351417,-1.236168109569684,-0.004329600249264196,-1.2257044138153346,-1.2329728418772083,3.117894618578063,0.5932626855647759,-0.9145493010248223,-0.9287018735333334,0.6437353080176551,-0.8957009221642117,-0.935126355752178,1.0968631497049224,1.6451289535921825
424,-0.8329301439623753,-0.7852610176436552,-0.8584895827580894,-0.7421933853274311,-0.8082840450049188,-0.8190017475894976,2.799287004478983,-0.45525293528394734,-0.20639492168587328,-0.2096905786421981,-0.4297948042424039,-0.2944619856355655,-0.2587525079715838,1.723156831456238,-1.1586054218354727
425,-0.5282390567137124,-1.1337583650646519,-1.0422947724903528,-0.5133141566508649,-1.1311309284566125,-1.0442314106160004,2.9195814999100773,0.5258950117428568,-0.47189963962557974,-0.48612493180417776,0.5357833903037066,-0.43725559272089215,-0.4462765676319979,0.9037443552647563,1.1312312087906067
426,1.2167083716411722,0.38657317049279993,0.454787606625361,1.2163031586413124,0.37394807733303925,0.4404805620611399,2.525407502160569,1.2169435242083542,-0.14887809410562644,-0.1930034368532676,1.1905452366155684,-0.17643548767420583,-0.21932336024111132,0.7109377735406607,2.280786643182979
427,-1.238583921607209,-1.3930371894023548,-1.4508895449249857,-1.225643250800496,-1.4002776140370503,-1.4637277026852304,2.9704277604947635,-1.0447414932042167,-1.4276555785707572,-1.487786448853373,-1.082510780302607,-1.3815390707468107,-1.4886770890446759,2.290481634559241,0.5211477473253716
428,1.572732848941348,0.1600764094021424,0.1617137097946016,1.5717518230021434,0.14211790448696063,0.15465533254346542,2.714741523744259,2.187554350399705,0.43103750339184493,0.4770690168414419,2.1972720637549825,0.4227576601643262,0.49103123601568355,1.2564805631112244,2.7855653411917625
429,2.5158967594119335,1.666252594868858,1.6914229838141077,2.513650322095466,1.6720131649013958,1.694681249508229,0.06528805037303466,2.155154241987607,0.6489123757952924,0.67035120650069,2.1463629320128366,0.6374162014627165,0.6536276825603503,-0.8050295649006677,2.3985264153948385
430,0.4774825396520667,-0.14071556340737718,-0.1319525541306069,0.4967076415765669,-0.13613704017957529,-0.14321303128769014,1.639477779116244,1.530422479194919,0.3254026645139886,0.32042049540818945,1.5766895927856421,0.29119937998453643,0.3155710677845621,-0.16551212254347744,2.4486745416136175
431,0.2559842888419434,-0.5917017684952357,-0.6109373373372287,0.2644007286822973,-0.596839461813827,-0.6143267421277285,2.2207290596041775,0.6409476623956591,-1.8047105532626104,-1.9672879710548477,0.6394489471899855,-1.8314157674358655,-1.9555923643853528,0.9410708333397255,1.4200086380967734
432,0.7559213128837224,0.5548626626614865,0.5382271332239309,0.7458903417313484,0.5425986416597243,0.5212570232483458,1.7019488128604376,0.8278183959302325,0.46255787594825737,0.41500844100807444,0.8131211982034338,0.4624501344072772,0.436947929854612,0.8362497194014078,0.9749782147001432
433,0.4399845828433931,0.16687161000438533,0.17182346816943803,0.42719011645077576,0.1973384187125585,0.18039565251542852,1.945702537700169,1.2011880174736353,0.7855097410998568,0.7973978669101808,1.2479864231040931,0.7984225575013074,0.8031618548000935,0.5558253137096546,1.1909382039669405
434,-0.9541454738867486,-0.9623687643504606,-0.8769038928368752,-0.9576884415516109,-0.968623262367495,-0.8505546482041554,3.6410419754610404,-1.1618761199421033,-0.9910138289508688,-1.0598805051724256,-1.176394990784104,-1.0468790472710534,-1.0458729556606536,2.5552718561916654,-0.6427116405866278
435,0.5064777986927111,0.22401678474387107,0.22928630262545213,0.5128555871276526,0.21797686035015665,0.2224322461682897,1.9326761420591492,0.32118642733327374,-0.30612063886639146,-0.32529853729032354,0.3256823534682836,-0.3159478877549341,-0.28680788100256305,0.8985306497780661,1.0099009817690394
436,-0.6999946112825588,-0.6202971409615035,-0.5912537292144873,-0.7397984554614485,-0.6294027011817983,-0.6123288585654267,2.34481927627212,-0.06279882059170983,0.11904697315000912,0.11689468590236063,-0.093198498483899,0.09237851564453416,0.10574994903857828,0.9424443974029932,-0.9467539323028684
437,1.621134842134018,0.1475913623245025,0.15049005520786551,1.62184974123005,0.14593024156490353,0.1508864044201804,1.365144042571814,1.8637938788272763,-0.3154419021628055,-0.31823881020318534,1.8510235452906727,-0.34285934932588363,-0.3048213504805328,0.45107719385512707,2.3997693459505776
438,1.8980440402040115,1.8487876456737689,1.987991686169525,1.8949418588849767,1.8380600265570295,2.018616464349256,1.7346155921610154,2.604361742042604,2.4873230595160596,2.6578286572347682,2.5900516017195847,2.481368694172479,2.677934991237923,-0.310650259929129,0.7378700544890773
439,0.14229517320066462,0.3779075474187813,0.4001578058452097,0.10335522162459604,0.39468651346520867,0.4016689560824616,1.859756214490112,-0.9146270529915141,-0.630392767207312,-0.6406961256949895,-0.9125799882288024,-0.6169567833833928,-0.631866512623932,2.0738625393331622,-1.6928894456549113
440,0.1692537565067975,-0.005612288159134384,-0.0064820918062845215,0.15559604808193547,0.009564255678886389,0.02504378468380238,1.971865626338298,0.3082174413277167,-0.20761533255637007,-0.23591145076436457,0.3386318602177171,-0.2696252979723703,-0.23957448777961524,0.7469351917644473,1.067280312664355
441,0.7560276814566671,-0.4457841973670323,-0.44695545619992616,0.7760996915993446,-0.45990229923471715,-0.5016755593680989,1.8713532212847015,1.6191505283133187,0.18043125352394926,0.17227914932155716,1.5999823927860175,0.2994930892306164,0.21549028307143112,0.3229492252182406,2.0324726031403406
442,-0.674761918491196,-0.9706804504664654,-1.1534094592357917,-0.6742124467376474,-0.9121695199257256,-1.2111163031241077,2.6181527215660205,-0.19029739856620012,-1.3701932694008314,-1.5419154217802529,-0.25440663127106705,-1.2820252198738198,-1.5900732587346245,1.3921205459996113,0.38525457525181683
443,0.08781701392909873,-0.018116424373403932,-0.017713665106735495,0.10972685397254466,-0.03439267762400719,-0.013289483232924693,2.264501511196854,-0.3803270455644887,-0.7446868876071742,-0.6535632905098689,-0.4183949200969852,-0.7617844581905622,-0.6218766561663972,1.2919178299143839,0.45601107332926316
444,0.721792764483401,-1.107820061553631,-1.0596574132785632,0.7409212571683567,-1.1239448680127153,-1.0598740939226319,1.5928340216883514,1.7275593031886993,-0.6250416240496487,-0.6042893043235498,1.7564922241733882,-0.566157427430359,-0.58686714135171,-0.2339544544781849,2.385847763423047
445,-0.353670714803512,-1.430766094121634,-0.9612495089938834,-0.355907851641326,-1.4358941724420973,-0.952194546147622,2.567851493522764,0.1617213119798475,-1.521364079211503,-0.9374729968051959,0.152449638597529,-1.5446110453758808,-0.946450566795543,1.3463117313635389,2.7518044985606704
446,0.3662262276555308,-0.12906410028966292,-0.1311269959732211,0.3549583552363111,-0.12022219420029374,-0.12859374938894944,1.6204894543909885,0.9825969510958904,-0.20307029438623667,-0.2029003444352629,1.036676735495964,-0.2292840648599592,-0.16024892750016487,-0.09661266190394083,1.6403705814369367
447,-0.19614684773330268,-0.9753367291316025,-1.0322430516138779,-0.1917726309198877,-0.983835977617084,-1.072966033544583,2.683477727015685,1.0437239998585195,-0.5708788804518028,-0.5548081223591828,1.0508585494831,-0.5927340899298,-0.5238725564852812,0.6497032404164539,1.5063740106414416
448,0.3065380163340283,-0.1605691278832461,-0.16091429797187068,0.30113680540320886,-0.1735788742457334,-0.16276267916126302,2.1392153650565366,0.6912175766958408,-0.2537096986186851,-0.2569475015927083,0.6915388409967238,-0.27085472981516134,-0.30629734479943765,0.8937783340388787,1.1274412464777952
449,1.5047614905300457,0.48135851339266217,0.4666630592459275,1.4927442030896707,0.5069503409392939,0.4894301394116217,1.2033203129221683,2.281463586146466,1.0837814855992522,1.081015177883421,2.2914315757895523,1.083725993977931,1.0722253619471802,-0.3475323167402235,2.2152070826333166
450,-0.9772535438204525,-2.53544217030799,-2.5593983678426397,-1.0027679390650421,-2.4953693826576155,-2.576187194228694,3.2070778752393063,0.45266312542868925,-1.5134465998896476,-1.4424954179594165,0.46517244412055825,-1.4984711482244308,-1.3180720731558273,1.151121995896457,1.4694187693278575
451,-0.574603004024366,-0.5138376348947066,-0.5064702180990143,-0.5721930032842423,-0.5255210923520823,-0.5075097169032369,2.7929298954790607,0.0022015163430373604,0.09009328384172896,0.0889602213534602,-0.022756842219356112,0.10583679692338731,0.08124084822735948,1.2533830195641236,-0.04555424577892062
452,0.10725726155340255,0.10703054409898498,0.10247765306559883,0.08916004283132943,0.10980691417553505,0.09372803202185458,1.8848662949387274,-0.11825613307580221,-0.5722031466184077,-0.5462092052161814,-0.11552793128385792,-0.5656340011096072,-0.5367434948907396,0.8718058281815374,0.6980273346735484
453,2.353468576403793,2.2056183603801887,2.001600935905732,2.331270511538119,2.1945010389093556,1.9830883737586174,1.481507342331634,1.9409138341598724,1.6625984933532028,1.4666557817334522,1.939810456290911,1.6523179933426444,1.4780168418682855,0.2255651128102798,1.350753125181074
454,0.6008276873345565,-1.325083795388563,-1.2710266835141975,0.590960790302677,-1.3363809683815033,-1.2728698133275718,2.0554282197543587,1.7408351888486167,-1.4043978076672985,-1.4607639127565801,1.7188606237119366,-1.380451394459799,-1.396739943885848,0.051107575992481086,2.4642553569789514
455,-0.23574473063674287,-0.5313624098913308,-0.570649502039413,-0.2552857412527428,-0.513572014643629,-0.5867706978144642,2.1855254010653558,0.38037749086811445,-1.0341668982286885,-1.0364621061664527,0.35562308255499697,-0.8930446753962898,-0.9984804083665518,0.8129980422080064,1.0891805117451097
456,-0.6990443780792353,-0.6796196831269875,-0.5973786228609835,-0.7101814746777994,-0.6730386110557002,-0.5898950406586023,2.7663568935089895,-0.6480893203510809,-0.68356430047514,-0.7026113066571765,-0.6273161424485605,-0.6031437263803718,-0.6696099390912109,1.729261413269457,0.18032160188445895
457,1.792984277286697,1.651434905470909,1.6843851225238544,1.787800635671209,1.6599299152863423,1.6796707701684028,1.2920256218913375,1.6903926708975028,1.6425971448816583,1.7017805305363665,1.6832932570562091,1.6417509046588954,1.6910863439467052,0.38373656349832513,-0.40362491844224263
458,0.7446657496572396,0.8914409551696796,0.9176971657957482,0.7178364426652114,0.8958873090396642,0.9731684052549396,2.315536056876415,0.7144367234730019,0.7887151188061049,0.8087732949767656,0.6433298278878478,0.785751927895503,0.8840302758769886,0.8935398511461231,0.3374138921787043
459,1.6572753875265351,0.6617819252353254,0.6881248013731996,1.6568539684192176,0.6832471120702158,0.6932026136218622,1.2473248122651097,1.5213232565475723,-0.6447628852923311,-0.6117563120884227,1.528250213450557,-0.5732061789656253,-0.5896407465992344,0.2217460044941743,2.094537054849174
460,-2.2052798250981644,-2.544242877566923,-2.5809712670434624,-2.236416135969138,-2.5417858131735853,-2.550579422407097,4.114107728536637,-0.8888928661298731,-1.5778999838257668,-1.5808410359121614,-0.8872993069330292,-1.5778598843044904,-1.4983590854775464,2.0181804207438723,0.1421421637124714
461,0.286036973881225,0.30882508630825245,0.3172395696040586,0.2876840801683508,0.3032536633077897,0.31373277610292105,1.9169601324755075,-0.5721513738319116,-0.45997305423648355,-0.49481416345206963,-0.5425505397787075,-0.3671956331499877,-0.5623722338052151,1.4035953283880207,-0.4662341534294912
462,0.6859954066467182,-0.1000684789936513,-0.09882414370144116,0.6267315368083591,-0.11849049054398894,-0.08947937230079225,2.111322958101934,0.955856929713462,-0.42524472387507184,-0.4301981447531333,1.0087682994993346,-0.5791898828233248,-0.48707167332106105,0.46671379032351684,1.413127867568099
463,0.8723671636800657,-0.5926046567564355,-0.5607255325553534,0.8835734138052613,-0.6076089659044178,-0.5019973855065253,0.9300525927389145,1.8269935079664552,-0.9583558870815518,-0.8987860769478755,1.8506995296690856,-0.917629036215886,-1.031304785321201,-0.8457419332319465,2.5056952914826196
464,-0.8678768763556098,-2.2549843145189157,-1.864614063582485,-0.8852537318957838,-2.2310669646767387,-1.8649160863105,2.9259516669459353,0.3550681114093718,-2.024059766544074,-1.6343810108952734,0.33681840642897143,-2.0313742927969267,-1.619540793483516,0.983720768754951,2.1199616450669874
465,-1.5060624485737746,-1.372181542235345,-1.3687700488974988,-1.530308999642495,-1.3769717239424237,-1.350329080686121,3.398754933767754,-1.3775317846027582,-1.190029566634194,-1.1344108270597875,-1.3568436981440506,-1.2011869857476665,-1.1358311950596807,2.5512127149077926,-0.28582598020734484
466,-0.8603174484557989,-2.4289948475715644,-2.299261243746236,-0.8524173908694084,-2.4183835636578617,-2.280386815707417,3.678298018641803,0.5027938125451615,-1.5802645018593569,-1.5504758997646622,0.48901939473154016,-1.587018227766808,-1.5541876807911317,1.5180254366066817,1.6930693593235202
467,-1.8531475560973873,-1.857466600949439,-1.8171203128003899,-1.8745952747506678,-1.8469752143126614,-1.7829528260777658,4.023507540560725,-1.2526179096443242,-1.386002825466465,-1.3834158641083287,-1.296885298351798,-1.39135642784032,-1.3803164302065112,2.3259808634841854,-0.8731470165460101
468,1.920784194675139,1.4533844030621108,1.5901399344049887,1.9189432088718568,1.446590111100503,1.5664618062004814,1.957530759464389,1.512431484177086,1.0324763646373931,1.2466822909868132,1.4926106187631798,1.024757614523015,1.263124619072824,1.093247557588337,0.7382939458669135
469,0.32775015973986354,-0.6372078850926527,-0.6781499360334104,0.31274379651551365,-0.6471399662811085,-0.6516523749883671,1.3851621540422596,1.560947358083447,-0.37062585257852226,-0.3821162537730663,1.523159980125422,-0.4418085799250511,-0.36060222054752894,-0.6569362549454001,2.1794167161885234
470,0.24441443532442664,-0.4032098762435532,-0.5051570422003091,0.24126367903276302,-0.3982631301094905,-0.540442783024762,1.6611308612793463,1.3183062195996154,-0.40646579016479467,-0.46429958646733077,1.339073539644409,-0.37807959935121555,-0.5343769683448613,-0.06389423297653697,1.8872795128582933
471,0.058777684942657824,-0.11597505264296668,-0.12277349189922131,0.07125261674431094,-0.07908006838573153,-0.15053756870754217,3.598095488113817,-0.1262085187947869,0.05052274177063973,0.05657273440073706,-0.10316634669755623,0.12491510961469636,0.013041500446435532,1.029980123165469,-0.5831048536398438
472,0.7606155899383491,-0.5079806700149424,-0.5053565051400606,0.7809398469032456,-0.5084174352330391,-0.5141598036096244,1.794283761913331,1.4277432204389977,-0.5122694711962279,-0.49353785560404884,1.4533999399267448,-0.5296562746030452,-0.45563776837130837,0.4350646021912702,2.477631045326504
473,0.47930113791398216,0.6616674106306304,0.6818924448262084,0.47217191564127986,0.6463941020539657,0.693332249437834,1.9695608414753107,-0.28877604249352606,0.04680864904394434,0.046225987029446414,-0.28311086976993766,0.022668077200523367,0.0611755400225273,1.3869892938835855,-1.3206450951989481
474,0.5722426683659234,0.4994798737981827,0.46083236106630765,0.550212591216568,0.4894158090726708,0.4574113659162724,2.8984014927712844,1.1018287326228426,1.0920743653772849,1.08029591797387,1.1329540573126557,1.096094548817185,1.1075987402222183,0.8279284068917764,-0.053218900968529145
475,0.9463625212564647,0.18345796405667544,0.18202895758098317,0.9445443017066,0.17444701250353564,0.1904937871266128,2.1945001322415623,1.8667164235763865,1.1904891163288118,1.2261076635008306,1.856478961708116,1.2072205012207877,1.2307510606119347,0.04841032251761789,1.4346366357261675
476,0.4009120617759129,-0.12014255122793085,-0.13241530819798633,0.36911531307452455,-0.12662553572750695,-0.13745425793868504,3.059599419667304,-0.16063308664127862,-1.0114991588857227,-1.0455186531389498,-0.17032219321420447,-1.0140642349511735,-1.0807152800806903,1.6020275483793458,1.1282935543148587
477,0.9850441314979302,0.8221589119499338,0.7991311451946977,1.000847005807211,0.8225483683950999,0.8180859024275657,1.432684863333423,1.6582297727723188,1.5298724938409907,1.462262536210641,1.6329938461169942,1.5087982368521848,1.446267862989079,-0.1342327474096574,0.6179772293373789
478,-1.0538199149812972,-1.062490486568302,-0.9833938714085386,-1.0391687488141417,-1.064157862927134,-0.9262210500939019,3.1416418990991564,-1.4775253193915356,-1.6477957674803159,-1.4979324501779052,-1.4366521559715701,-1.6228015086795409,-1.4581631789629346,2.5883196240322364,-0.789670638940926
479,0.8560174120732018,0.34969905726394584,0.3582505735855537,0.8668083446194039,0.35276160512685983,0.3624288089703686,0.9490522563974144,0.7605220556724916,-0.9920390685319626,-1.0680903659118781,0.7696014716536769,-1.0672364967434542,-1.053165247333234,0.2735918793941737,1.3376972283456117
480,-0.4136923191307387,-0.17929856413140013,-0.1654329360429063,-0.4066403784930255,-0.20408353545294644,-0.1458302597631361,2.9038289004030746,-0.2912643407401068,-0.022665594463529788,-0.020992900110024443,-0.2973945390986359,-0.013038379572034332,-0.030178967147310182,1.9333026012058174,-0.7917435236967748
481,0.2803767651306782,0.06653030846294176,0.06666947731184905,0.2543460077350169,0.0745262539024084,0.07417317686656491,2.0669828947995144,0.24133920434157127,-0.3881400739946377,-0.3602858813877697,0.2672053388719752,-0.4534773143753378,-0.35376613459449285,0.7884462778512034,1.3467851535509872
482,-0.3404073995301256,-0.8750912453919988,-0.7893130893142632,-0.3465754676208788,-0.8967384911070321,-0.795656742055174,2.226616661897799,-0.12141194451627861,-1.4138029363591724,-1.1800077337216295,-0.18722073528969996,-1.4115257111730635,-1.1411414598127496,1.1281793397510755,1.7372052141430765
483,1.8124574670579647,1.1111566059861946,1.2073232644333345,1.8153878840480469,1.1464512054629805,1.2083424068008617,0.8170763717185626,2.0503346722774665,1.333205308440594,1.4067432094767705,1.9953755657835754,1.3183481307091751,1.3537780839719706,-0.36721435356705834,1.227966705165013
484,1.4974398470521502,0.39295859114195414,0.3534955404405911,1.4997367842261506,0.39772229615644844,0.3486864742794126,1.8554972871741184,2.4266696208783953,1.229936737243028,1.2886140811180211,2.4371541952753155,1.263113697421514,1.2929929282092083,-0.08850853198314529,1.9939329545630595
485,1.1341403550632998,0.3800479424083978,0.40506738888730703,1.146700550197835,0.3998236160877165,0.42806398522961286,1.084042943591112,1.4831855560795502,0.17535682430345728,0.16251963468735228,1.4273208360533893,0.1512320406343612,0.17885544872925202,-0.17256154772998758,2.001981235583592
486,-0.5843400310154925,-0.8534976138842674,-0.814196644465766,-0.5962505171165347,-0.8615669407194554,-0.8255461461797736,2.562952858732694,0.25306213147072826,-0.3637629622948164,-0.3268333378328446,0.3276409381732545,-0.3493875917778566,-0.38819472176893377,0.7107920775762908,1.0853064783118598
487,0.8334446908318424,0.3031930803519512,0.3311354569345201,0.8372057729028992,0.30409783258899603,0.31868499884802637,2.0116252859265895,0.8749831063388949,0.23662408047917916,0.26828165838006846,0.877794179436137,0.22979582926808842,0.28300141288182484,0.9826274259084088,1.154360099466968
488,-0.42445786014339454,-0.40360437633630664,-0.37506506463654066,-0.34848183395764054,-0.39285341985764144,-0.377958264499315,2.8113133038301883,-0.6256697420597934,-0.9491745392896687,-0.8804375801943666,-0.8463623437856028,-0.858665708691208,-0.838839658960334,1.7096187756217534,0.2430096561537105
489,2.2893668618842016,1.5587863605838987,1.4703138208047892,2.284507141610234,1.5709310246450598,1.4621030214929547,-0.24242650873741767,2.417397398303606,1.1245221099316631,1.0808187591583442,2.424181229338882,1.1067739408718447,1.1172476717026483,-1.302047333480788,2.3866766978425344
490,-1.3480312066307547,-1.2009496078520794,-1.2000119584931213,-1.3542434175268456,-1.3085663606512261,-1.1534685992828257,3.2761503419142697,-1.9747899356117775,-1.7158632407874834,-1.6900866144360438,-2.102937723854058,-1.654964837267856,-1.761626420297325,2.9153837299866843,-0.7862062248371923
491,-0.43395518807118194,-0.3470682699980469,-0.3691962804332442,-0.421862492543925,-0.3410439358805574,-0.37318556745342546,2.4888363404163303,-0.5713090739354681,-0.40824246044965895,-0.4048375507611183,-0.5996577068788459,-0.4626215456274891,-0.4022912981667633,1.5235412696141983,-1.1679757503596004
492,-0.3826653465029687,-0.28501201691098815,-0.3084034475769407,-0.3878304894954798,-0.23892503795190054,-0.3188995566076206,3.051184376634161,-1.5628288593478514,-1.1817093168486144,-1.1382786001301652,-1.604883451067394,-1.1427284731447513,-1.0905063337244287,2.848669597791303,-2.172257081392902
493,0.4822364957524127,-0.20319381453448868,-0.2152461933725372,0.4811098717099612,-0.1887974475740062,-0.21317527080782492,1.8845976670899178,0.7563118216022154,-0.524506636483418,-0.516243227355509,0.795166811349637,-0.5948106113005102,-0.5372001794635833,0.6032603378789844,1.1395668099136593
494,2.2939920871470205,2.549153284421601,2.4376582690956803,2.2954928298959327,2.5575561054641907,2.430997148396486,0.48555383477796954,2.2718833505356835,2.6022435516068017,2.458341910084506,2.2818802373918636,2.5831850252462134,2.4416586750648857,-0.27316520899277996,-0.8800294232545208
495,-0.7718744155925916,-0.7465796033487764,-0.7367788501903396,-0.7657572439483483,-0.7392924116560313,-0.7232346742472753,2.65371522731258,0.11756679039764856,0.3525218226535637,0.31427915088287595,0.07208057909603603,0.349131709734897,0.31230971726717544,0.8522411110892867,-0.5464288570575255
496,-0.384285493271554,-0.38612971902154924,-0.3844032090006532,-0.3860447764335931,-0.39606057822703783,-0.40260810859297747,2.4958134241467365,-0.9665450586165532,-1.0160196956409417,-0.9791733632977355,-0.9670841145121927,-1.0251737009495847,-0.9813409385426424,1.8239538244065028,0.18532395057101358
497,-0.13073189057473017,0.00898803965598311,0.00979341186458517,-0.1584192422522611,0.01099744684582928,-0.033096464385527644,2.3589152057773375,-1.536756368716541,-1.8421802546847956,-1.9633055541771263,-1.5936611141151313,-1.6153364022293537,-2.087592898838234,2.793289856520252,-1.1589306317194648
498,-0.860102026346114,-0.6191807792087279,-0.6351883953486965,-0.869758461211571,-0.6003911204720007,-0.6300467395341244,2.7302910851230173,-0.6587852642245994,-0.2774626506736347,-0.2789528730893827,-0.6841504332383477,-0.23070977798539638,-0.29017093896441404,1.7110248872083378,-1.319586263903224
499,0.6322919129351288,0.6913076606177287,0.6839883409695573,0.6314508407241323,0.6983129213661601,0.686792223567554,2.1273983060680193,-0.09496348241605694,0.04987527207884388,0.0449934219088692,-0.0813824871561219,0.025756310765180597,0.04690266364856284,1.401917020798543,-0.7346801524218826
500,0.11234777385334219,0.12210501523042762,0.14471860482033622,0.09548011055475736,0.12370141944431791,0.15453658411630541,2.5019588840765916,0.05879910481909503,0.02767231291025559,0.03367218491212299,0.050694438033806355,0.07608707806067662,0.03862002608708661,1.0738212024872025,0.08518343654899524
501,0.38637481637621235,0.2662556881851888,0.2596459425256324,0.3798406001163501,0.3042292874128459,0.2575434458768546,2.563095644009986,0.04112608449905078,-0.14889108344032956,-0.11548174045018142,0.00809544461047362,-0.1020561771267133,-0.10230659644176773,1.5784329818817315,-0.05969942091697265
502,-1.3138124707463994,-1.4344206830899624,-1.192146148763659,-1.3134835171770165,-1.42914615087103,-1.1957328796816968,4.0427209506042345,-1.5945518779351693,-1.6253392590579556,-1.3366598633047966,-1.5897782214555543,-1.6323073868820452,-1.34481342837114,3.631631010793994,-1.3741735715799217
503,0.9534047784854985,0.39253528291377454,0.3938622181038759,0.9466442726361366,0.3892855813875588,0.3976185691935122,1.8768110657203494,1.6172341577982026,1.2436255160131138,1.2520359639076715,1.628211061485194,1.2375460388007784,1.2655232408980293,0.35166984188603617,0.721175190554412
504,0.2416542269681288,0.3528033764921708,0.3744639263658959,0.23836705679166612,0.3499630429977786,0.36437886336316155,1.8624181333493484,-1.3411987625259916,-1.2120571690298,-1.362566493928029,-1.296538573414147,-1.2180683673833228,-1.2966844251634613,1.8289032151530216,-0.8103334456964841
505,0.6566224210691151,0.2583714437668482,0.26476431660657856,0.6387378489343581,0.24101923527246533,0.22774038579139946,1.787500999049636,1.3180617794051577,0.8746535280607125,0.8776701260321497,1.3133789126108324,0.898653286273954,0.9681634672607478,0.24539383428917988,0.9074584228549447
506,-0.6724144071622313,-1.0511430183490922,-0.9816840425602642,-0.6707046475962224,-1.0366562213956454,-1.0237911754141324,3.2390838174445094,-0.5956037282748259,-1.2572862724955371,-1.1641246419190865,-0.6108922781984818,-1.2246498706061673,-1.2029164163806916,1.950875995594824,0.5686740888650232
507,0.8086837278205228,0.8344673306695694,0.7955718212015119,0.7991575728368882,0.8155774441398815,0.8112137244308822,2.808629982378912,0.042755057231578124,-1.2833650539397135,-1.3068801402667798,0.035697533550954084,-1.3034815009993808,-1.3585726493560957,0.9873731277292725,0.8087098650373831
508,-0.24684133431479643,-0.8357940226969173,-0.8163301489177607,-0.23196468692923816,-0.8638623983328408,-0.8171608279871458,2.767799107192992,0.19529545804074838,-0.6694589009121381,-0.7926418115667051,0.24133954616478978,-0.6248307993066201,-0.8308228814474289,1.516151875469954,1.8733227489465885
509,0.24004581900629135,-0.14183097666095976,-0.13336576087186278,0.2399282145520809,-0.13841829916955517,-0.14356264088376738,2.525314861357452,0.07526649922872591,-0.4737952643434649,-0.47673133189450606,0.08877985533859599,-0.4260369533235877,-0.49768399191712914,1.4101358650278575,0.6124674813722922
510,0.11316530144402347,0.22841768798063022,0.22531126069723034,0.10245346525778566,0.23538600710408908,0.25699139562386664,2.3896316967548668,0.8954568873557055,1.1312885578620098,1.11923688901191,0.939104994863507,1.1728954916630465,1.0967852812649688,0.6236122449684308,-0.9530259427314323
511,1.9135691299385102,1.0407674515793204,1.1542545786873386,1.9264338433162138,1.046953141262814,1.1647448142433958,1.1362808477455755,1.7446130873702963,0.3241741169018733,0.32689832266835495,1.7609535768735365,0.33908375156205517,0.3595772411855198,0.5137176645493648,2.0511159576200546
512,1.3776878994058632,0.49866599360359604,0.489945876117466,1.3690756859103304,0.512822846813551,0.5227832286009438,1.7891555526661747,2.133705685553437,0.6772452153649069,0.7417694571621082,2.093189532769448,0.6522805047345533,0.7321086217035726,-0.35965177393268183,2.986522656582893
513,0.9711775605373548,0.5938593384680189,0.5698321711805537,0.9361832633741886,0.5601170980319885,0.5561960114393886,2.064277964042489,1.4017485075400733,0.9420479230155219,0.8808457771644934,1.4019789036878263,0.8809441251178287,0.9366927610953352,0.810829178452955,1.0260285248666408
514,1.5286406832575332,0.8090206936337258,0.8202996298179908,1.536387429863674,0.8223414934058536,0.8126940682684665,0.9909817216836834,2.141212409571826,0.7055858902690068,0.7006840242479178,2.138754462793918,0.7083336544940046,0.7027671602935983,-0.46963991421822565,2.574991074639797
515,0.39308308608429104,0.017818802889381088,0.01660813564842038,0.41250820399290394,0.040071736350184343,0.03792974036133022,1.5021522570913013,0.29891608228257965,-1.1004332308921425,-1.212798886287035,0.3254730891272959,-1.0912025138804786,-1.212630010057327,0.7852019072585039,1.1614782580817937
516,-0.2679350501448546,-0.39144783845615067,-0.38073139510933335,-0.2604122151031743,-0.3698870434269764,-0.3626900601161666,2.1199610451758883,-0.20806060215696362,-0.49977119576062445,-0.5203967087095468,-0.3226633085085442,-0.40797127445350245,-0.38340816627791147,1.3569300419836963,0.41902416868798326
517,0.9730273804702416,1.159529000936414,1.1137386019310755,0.949223478383969,1.1515987721943024,1.0987513540330216,1.5373002398522502,0.6602826070155868,1.021981200755746,1.0975378895687857,0.6512336426011145,1.0592113500170879,1.1587874105711937,0.8244811475187765,-0.6231548377304432
518,1.601139082539907,1.138298826743336,1.0593492780021612,1.6271560096727313,1.1341816968738174,1.0898413081427751,1.2828222791927142,0.9387766417390935,0.07006361914744136,0.06529423285067665,0.9173070930035877,0.0491724265225907,0.051728682795788405,0.4164773164384205,1.8058176819409815
519,1.599560365517965,-0.13311579755934513,-0.12445510161735358,1.5818989157977363,-0.10839333350997324,-0.13237526068015196,2.0292960752000138,1.6445154476982,-1.4953773489629236,-1.2529604325076482,1.6565615073656033,-1.4461469350916838,-1.2251360532144437,0.7006275696161678,2.4352859145564967
520,0.8046106098470788,-0.5929411326196549,-0.5765669695105441,0.7992855202408715,-0.6175455758660757,-0.5906861240186184,1.1346824117405974,1.7670420121188735,-0.4884190430633029,-0.47967402126972103,1.7647813625499302,-0.5426158733253547,-0.42260035607256774,-0.5100146016867119,2.187033210941001
521,-1.5678026936881868,-1.4010450434877508,-1.491726109431016,-1.5761024281449811,-1.4312358971680967,-1.5403699979104626,3.1088501876107264,-1.4537792761074586,-1.1490439653342421,-0.9974627368848159,-1.3142398599290126,-1.1960785207390838,-0.9664828212041371,2.274200144801504,-1.1834292208875958
522,1.9762816437644004,1.2095343903831752,1.2164978686113141,1.9921332345834493,1.2093163400118225,1.1956395958979653,1.0659001609481251,2.2894787273909456,2.033525618823894,2.2042603982411877,2.3305443688097016,2.0359049892121646,2.187298704817923,-0.5149981360384566,1.5301117490480909
523,-0.4737000219025801,-0.19999622861834546,-0.17969071130788397,-0.4778020468181897,-0.16447120755807693,-0.1803507077518816,2.8640756899798014,-0.6748772456995704,-0.24589681766653318,-0.21298699452382489,-0.6176140956342087,-0.3034265074743759,-0.2599977409215697,2.0713021606539312,-1.8550559701882798
524,0.6931377558670313,1.116634860529572,1.062713515316322,0.6834160872327701,1.1090608285348138,1.0541228720764386,1.3285881794608851,-0.13229173492944366,0.6030626436537025,0.605380149587471,-0.12817784127424572,0.6077776391954568,0.5710735225132413,1.2261365576367589,-1.884865174434127
525,1.0183177820866696,-0.08785260635702306,-0.08565617880955498,1.0110456963609948,-0.09310162427029683,-0.09939622255683446,1.2222772836625884,1.8230327339718506,0.10595479895209478,0.10443055306517628,1.862575529893984,0.07784712057007995,0.08997319437341927,-0.4266693299069422,2.4971185793968984
526,-0.29441974813413063,-1.3680848109029142,-1.2973595862512735,-0.2990763441112652,-1.3643030612865472,-1.29393675750476,2.6655805861723603,0.5598950026415928,-2.0610954480026984,-1.9738969493140337,0.588225218998128,-2.0873462246281473,-2.0034470389187975,0.8331018777003569,1.8253281948170181
527,1.593430636087677,0.9121948711194194,1.0047688577273304,1.5881639574629542,0.9204978253443087,0.9967463451892479,1.4446238819411523,2.1716447571665767,1.2086935149444087,1.3677407037412326,2.1615134974183254,1.173270594733492,1.4287981522094777,-0.14082191073533487,1.9943776542232055
528,1.7621212447200183,-1.1271084169331078,-1.0564006665447057,1.7575841044404994,-1.1294204603671152,-1.0521448684996515,0.9401026642231394,2.646152063433671,-1.1522409115971797,-1.2117238425808659,2.6470505959047825,-1.1835398568066127,-1.2087577187170075,-0.3891742749009731,3.644191453416765
529,0.04882874648214095,-0.6096289243383952,-0.5948524436012398,0.032056565238672854,-0.6071953397724948,-0.6020025296136519,2.5774301567942524,0.47522004051051314,-0.6233936311447875,-0.587786577629786,0.5025306666861514,-0.6468412271519872,-0.5482139743553921,1.3227841080284435,1.27789101959405
530,1.3575195730055083,1.0590974580422388,1.102623354397078,1.3830126125188587,1.0688779724026445,1.139982394741054,1.3971138980302664,0.43200100356707316,-0.14420878466005121,-0.15011593082957292,0.4704118153227591,-0.09271253794224794,-0.14418862970202243,1.229016786579419,0.8936236148704223
531,0.6829078515742113,1.4230788024043262,1.5691168361459569,0.7114049378702216,1.3953315418547165,1.5770684562004118,1.455298311850766,0.5260739923324197,2.1772197379263214,2.248656528978167,0.5390336977138451,2.1810126293840955,2.197489555552898,0.7329620892813489,-0.9134553657961236
532,1.3862279204920511,1.5307059223062087,1.5079736152531102,1.3871166108729587,1.541264603026569,1.52267134553029,1.4137764453167045,-0.6825821696878598,-0.3996659937875913,-0.35873967744829877,-0.6323081703900072,-0.38999815276270283,-0.3169201489839313,1.8042683731226983,-1.3660185710785384
533,0.3083373110712601,-1.9464885099308264,-1.9085310005940266,0.30740074814690865,-1.9789194904984058,-1.9226208276205394,1.328118995661909,2.25776947843513,-1.655475503554053,-1.6810157687448883,2.256057790872056,-1.544686331242592,-1.6109634310860348,-1.1110276400074028,2.8383436537021813
534,0.8906206714251607,-1.020234436535717,-1.0387509017081458,0.8887543095552132,-1.0273037471111541,-1.0515427836993052,1.3375360600087811,2.6801372084104416,-0.1003201530873837,-0.09751145304252627,2.6672557879581786,-0.09535306596844037,-0.150505955094519,-1.1401545701919236,3.205700509180169
535,-0.8829644945011551,-0.7551576950626595,-0.8418173627776433,-0.895116114498798,-0.7363175773257535,-0.8426823025886918,2.9345366902365932,-1.0599210687107266,-0.9077052509914768,-0.9345618436941027,-0.9651137063228632,-0.9195667494378578,-0.9245741458197984,2.3678992369976055,-0.861280279820737
536,2.2981168569540156,0.6966151910620489,0.6990678529254473,2.29654492044598,0.6835683819876961,0.6982203991706659,0.9778071960007374,3.176464766411396,0.9147216011371531,0.8319875117700751,3.1725489697037963,0.931473692443683,0.8220929738304195,-0.7699152170199615,3.03050586283531
537,-0.9079550160258737,-0.7824605708942746,-0.7625954211701959,-0.9058514345504434,-0.7910380141041268,-0.7422039393916618,3.2236668998406537,-0.268413019158314,0.01817484275768527,0.01858225394709122,-0.23987402969058133,0.04206665676551165,0.05184345864284403,1.3149246609599954,-0.4100544641318242
538,0.0399306507365778,-0.08396045839146705,-0.07469174197702177,0.006241979470813678,-0.03792693420173723,-0.08446741831569787,2.651740614332906,0.031365580751530044,-0.35338998423817125,-0.3379409084114956,0.08648185388942393,-0.37024210726557816,-0.3017603033453506,1.1111264183498448,0.4854282320884365
539,1.7574274618737242,1.482275967819027,1.4765940456994269,1.7616662421760023,1.4733869545097702,1.4745018957332492,1.4096340805114846,1.2382817309054754,0.8794715320351822,0.8958594729501892,1.187025339641213,0.9114768228830842,0.8719997740689625,0.904952913656217,0.7461711014558697
540,1.3861832331028399,-2.1233131931244724,-2.1554266462292886,1.3772480512127725,-2.1204905077744356,-2.1614481333801643,0.918626502529572,2.7333693249054343,-0.5112272693156165,-0.513245180961128,2.7219880835640304,-0.44393283801321465,-0.5204231405004712,-0.751609669066258,2.906656901790912
541,-0.84594921340626,-1.1902627950285842,-1.3701327755381898,-0.8660144490654875,-1.1725534494647036,-1.4013173809426351,2.856901821156505,-0.15649215699469152,-1.200483381485509,-1.4282675946958896,-0.10379325779383065,-1.0955793869004833,-1.377558565025823,1.3042748049842123,0.4304633026596977
542,-0.6965380596754561,-0.7048052900690742,-0.7573256627496706,-0.6926367705154469,-0.6773929598086413,-0.7576725056154637,2.5719603770877493,-1.3286032077250414,-1.6275850505952072,-1.706407485437894,-1.3052266158360066,-1.5853266880469727,-1.7528286999344853,2.130449412449776,-0.3297656875948247
543,1.0199264155812329,-0.372146580247256,-0.413793201318603,1.0262395215125195,-0.39286350848079166,-0.4057540789573526,1.5843465197694482,1.4806103828896797,-0.7902951836624972,-0.8250600384910174,1.4633683592319957,-0.7785114474494976,-0.7963032535928264,0.369759767917701,2.443393141676259
544,0.2911727082068806,0.1736787530767927,0.16209377934977665,0.26386746040500675,0.15804220170825758,0.18367548171632161,2.5467242167761674,-0.4508745634126081,-1.370870248382991,-1.240410977742781,-0.4215856138200504,-1.423237245239601,-1.2234888963296702,2.031943590194834,0.2493747366746397
545,-0.2796612460912788,-1.249584332779283,-1.31290134607097,-0.2611740449620548,-1.2319346059505052,-1.3155939528289853,2.108330706671045,0.8060292927339354,-1.4423054816542868,-1.5119392137597294,0.8313466972896937,-1.4257919773937018,-1.5520494064023131,0.06248749660172389,2.6482316790745855
546,1.1923067175880857,-0.2984591933033086,-0.35075160047017595,1.1986559101319132,-0.31340490236966384,-0.34734027623473246,2.4118524285271583,1.5561468732825725,-0.641000963020627,-0.7493126218475499,1.5665576583409642,-0.6572917026162306,-0.7609492772671137,1.2798945411288978,1.7605528946165252
547,1.6237904010805937,0.4375342048921204,0.4595540656284671,1.635484508048272,0.4314975085415337,0.44902521802917583,0.6717739231098535,2.064855621286142,0.15223689161283777,0.14835440759665516,2.0752719003145588,0.12283647749973174,0.1272895635819585,-0.38153369332954207,2.4517113356559483
548,0.0982747122144834,-0.1381006114481111,-0.1390079923178587,0.09653545523412838,-0.12486202149944081,-0.1310668355972708,2.398176006960857,0.5324004900542583,0.16101084792435352,0.16553985993225928,0.546372723009325,0.15378661433982216,0.1748337461718757,1.1234983330074468,0.7979519187905109
549,-0.12231769679223742,-0.657752328484757,-0.6984804817994303,-0.09797196002283177,-0.5863212443541884,-0.7135647846017601,2.283965741366481,-0.12803673514990754,-1.4298849517037293,-1.5052557701193265,-0.063786930052572,-1.3434560356845946,-1.5483748212095756,1.2150123565531965,1.4788239550126636
550,-0.15770097934614205,-0.4639807355860609,-0.484287293784631,-0.13076887700495804,-0.43499832151215845,-0.4725365740991944,2.0228421837850683,-0.4293645680708697,-1.9818038896643735,-2.0515818424850663,-0.42794109240178185,-1.910203508223896,-1.991165116231485,1.2348923421096694,0.5590083104684228
551,1.1860827530824398,-0.09249877357923462,-0.09359099119770889,1.1898990192728125,-0.10252078424028928,-0.10956731178012344,1.2947392063462335,1.6106150038604063,-0.5524187947989557,-0.5850731354286344,1.6060536957445628,-0.5454692244872203,-0.5460859368188378,-0.04219297581510606,2.8596978022728203
552,0.3308083636835025,0.2270597040575889,0.2419834853436615,0.308683898803588,0.22227059568507634,0.23173952247851537,2.49831672767937,1.275264087113485,1.1914113461452196,1.2939577225208552,1.3003386760111049,1.1633103782463994,1.2956196470107784,0.7610575591072748,0.19952065987682943
553,0.4877320374586489,-0.893102995042077,-0.8879186268526921,0.47470087973634834,-0.8964227434034485,-0.8714135315633296,1.6262087334757869,1.8229802646375988,0.22430511639461667,0.22088937833169164,1.8723543012967359,0.23959714134302112,0.21452461138125245,-0.11771584772140439,1.9432655829391523
554,0.004690905379816558,-1.1576107444988304,-1.205368641642323,0.00571276554015322,-1.1456676426477628,-1.1754866001619548,2.168997893929816,1.52302615201947,-0.1813038580162691,-0.17564968140450402,1.5242911024208818,-0.2217980142273771,-0.14854635718495426,0.027619372318224766,2.0565050960321893
555,0.24275160544524693,0.5165201693936883,0.5320256826834929,0.27756726370565693,0.5121018990378469,0.6071517482844712,1.7562155537968287,-0.3595584820052277,0.2990860091454564,0.3118658330275498,-0.3969393562224428,0.2964372595830683,0.3300862150636419,1.0866455566187476,-1.489751525465364
556,0.024355181493309275,-0.22495607981923485,-0.24176192025762436,-0.007770137414135395,-0.2605087030384687,-0.2942170925466057,2.3847151435696072,0.13510495578581064,-0.4055877152495332,-0.4260363945171617,0.04135523843981192,-0.4020448780108297,-0.4735444886218412,1.0022341684980052,0.7979410422001711
557,-0.0918010760416802,-2.1680119150424018,-1.7541933540482961,-0.08586010177109729,-2.173952188024643,-1.7497919304745588,3.0514718590957224,1.43311144226875,-1.3255501495700914,-1.1157523519374895,1.4251419388564182,-1.3416274534640318,-1.1139887217854194,0.7687082461963554,2.6877430350536073
558,0.5582231976668613,0.15710468366677902,0.16001352366397736,0.5776370530680596,0.16801732181385,0.17709752118443134,1.5754891561176532,0.9775264750965524,0.4189646800871417,0.4188346113033693,0.9680896447407555,0.41097872468675883,0.4279222091127066,0.37694163120237795,1.0282722285031571
559,-0.384782790192875,-1.2737025957090202,-1.2824202742657158,-0.38391205665920325,-1.2651072650195705,-1.2821350670725706,2.3270614320616385,0.26120477838739914,-0.90810769345211,-1.20067518014418,0.2428749684001425,-0.9089817206198193,-1.2137543887226132,0.9251547058674154,1.512029926398492
560,0.5391913394676664,-0.5328334649121097,-0.5496899451134332,0.5488340653667391,-0.5142939594321386,-0.5720976469614781,1.4312534635109828,1.2958154285689043,-0.46859494645508787,-0.45773259761136326,1.0452278658304563,-0.6390606510401432,-0.36119443484586505,-0.23875467802744063,1.9152596222724347
561,0.4997798320147635,-0.15195724789416232,-0.15329959780310873,0.49220215082487195,-0.15540174869163315,-0.153017937414333,2.940247573429275,1.2832233495642242,0.39748782487453693,0.39796261919381165,1.2738156047522797,0.372488333093889,0.4147390649254618,0.8815831271950788,1.3585879772454144
562,1.1398787837454212,0.7095877220701631,0.7615473337658396,1.1461399083635426,0.6979364944992511,0.7555774340606735,1.4000980067327797,0.47902186491514476,-1.2582451870734752,-1.3052096169462728,0.45535142132362166,-1.2743068039197762,-1.2189452903415319,0.7885929296501443,1.2388132600825073
563,-2.5596386765435346,-2.671420359152364,-2.450841010949075,-2.5510612702100346,-2.6414286714365427,-2.441549328955019,4.228973296958218,-0.9354769296104294,-1.4323811716376103,-1.4754014275893876,-0.928984070320326,-1.425480988653524,-1.5489953979433495,1.8696746001386229,0.05616087165380448
564,-2.2926774991458334,-2.5338625254384075,-2.068029932654069,-2.273580124482234,-2.5248815825759343,-2.045666922284586,4.6030796343113725,-1.4016018756232484,-1.69474408953232,-1.4893219365613812,-1.309780201960669,-1.750626477329938,-1.5196578006628247,2.1704111888109527,0.21902107327212328
565,0.49325323549516203,-0.4518726551597797,-0.4722757160519965,0.500707147311166,-0.4606002580050105,-0.45209151929966146,1.357758201349077,1.6220160076258943,0.37804236389654056,0.4098435589874998,1.6062746851915897,0.3894245720251233,0.43049101372028703,-0.33740239769212393,1.8858997001210618
566,1.2727687896942415,1.2200711655746952,1.4449904675131926,1.2434464384092432,1.2264526616480396,1.4516294216144323,1.0875457874928725,1.3585462115012912,1.2964536898035115,1.4785171735674933,1.3664345330535854,1.298936932478598,1.4302542962356835,-0.09889314721358518,0.31097307507159
567,-0.8108184718522854,-1.4060982021514645,-1.416234878108101,-0.8019364081383851,-1.4180962687370324,-1.4197157353084806,2.931151899162886,-0.19473314148690035,-0.9722925118488802,-0.98828361138603,-0.20807221592663797,-0.9789676993048481,-1.0080875664843414,1.5550791653094844,0.2698242523783003
568,0.151050885257488,0.16436549681367402,0.15775833625802943,0.13860784309897634,0.1872906778894472,0.1897046311515433,1.7401724267190537,-0.05195530186561297,0.0570896827763526,0.05552208510654293,-0.018864008163668584,-0.052640404251204996,0.1659886191560553,0.6794458469581182,-0.13626179543596662
569,-0.9176461745250024,-1.561192227876502,-1.4816597514994314,-0.9221085386792175,-1.5633577152734583,-1.4946932282168748,3.0794869414544066,-0.8167618452019509,-3.004629208771061,-2.9505828325191095,-0.8255759999698868,-3.043946259069767,-2.94654574472245,1.9129046753787078,1.1273507288625413
570,0.9005116851401277,0.389979447772633,0.3729768632038509,0.9318826287515739,0.4197821292352913,0.3658352863132047,1.995972406565122,0.6729008391776871,-0.35362140065011294,-0.3329151691224258,0.6487891090669304,-0.35440630470437795,-0.3544758459738289,0.6580036457328668,1.789713478729257
571,-1.7152875730024888,-1.2910706895657609,-1.3482338495052932,-1.6792612282165296,-1.3278022801454266,-1.315884529574025,4.323164597440371,-1.81124275707678,-1.4986107614894286,-1.5473341653293768,-1.738390275325323,-1.5686790306314549,-1.535158080751548,3.3129630530347365,-0.5539374506752076
572,-1.2537362495532407,-1.8178561161266185,-1.8166811070900273,-1.24849302128112,-1.8379467357000807,-1.8282878876728526,3.248235993635025,0.5111606461647453,-0.11549304366937645,-0.11692567419957205,0.5114884407132773,-0.14788563252561723,-0.036054016710271634,0.6644450380462373,0.7834064833550186
573,-0.4425013385894294,-0.6832720834794672,-0.7064061910641098,-0.40525693907848154,-0.6852537990023703,-0.7860854571180603,2.696332335735916,0.39099219079588876,-0.1750614580963525,-0.19184905312314218,0.4365749650057708,-0.058500017558168846,-0.2502224431946212,0.390912880066792,1.3026524050261439
574,-0.5403995807509746,-0.3405331532756424,-0.3361461561237489,-0.5438095306004345,-0.3562254443287927,-0.34131084331680067,2.394393814058826,-1.7084131747658262,-1.8580359263772794,-2.0550159868166724,-1.6918105657567788,-1.912987077879386,-1.854176973687095,2.3665737024235196,-1.017078570722192
575,2.4138380534291524,1.4186849199796754,1.2937969532370148,2.432190882979878,1.4197118414229577,1.280839537994796,1.1171782820535359,2.230823790512833,0.8770543882102779,0.8052477426677327,2.2301039502204802,0.8857349363969966,0.8020194074336391,0.11566380194372061,2.0220440970007174
576,0.6517400676750585,-0.11904814495137263,-0.11801403588972188,0.6395539454968119,-0.1270300973689411,-0.11218918019777831,2.4668386048464166,0.47862017584879035,-0.8003858384951773,-0.8079958221092173,0.47798458195114746,-0.777631493108584,-0.7933262189831835,1.5300575959398826,1.5657338378162196
577,0.8447897195795898,0.8498265585912432,0.8880569579641786,0.8035661029159024,0.8475914472370576,0.8220902527756961,2.235721403187199,0.5057853648177314,0.2921768841398095,0.2784372388962524,0.5108600906790194,0.304288887641729,0.2694446904721816,0.49861327264530103,0.6039410594661312
578,-0.35112857575003237,-1.083736452523261,-0.945447483015968,-0.35888967953077827,-1.0967527043235743,-0.9505399359417704,3.952218614320755,1.3081379705305263,0.2618304311819339,0.23264417908730317,1.3492710113724071,0.2986687916462496,0.2594510165454704,1.1042235781513308,1.763983919533453
579,-0.30511365645541805,-0.7637921681302668,-0.7676976546539531,-0.31805424137013855,-0.7552421792510239,-0.7622673113542159,2.11217909131381,0.27634750557738086,-0.6818422512154004,-0.7664968516845183,0.19527522706983363,-0.7069929249937523,-0.7941243974996479,0.7921401398013065,0.9383651151837147
580,0.4285259852662786,-0.08677753390372715,-0.07958003602938822,0.43173592915251124,-0.07266943947563297,-0.08533760941761376,2.3115025215094005,1.0615866937683016,-0.40464213663972287,-0.3652941157798174,1.028227423274243,-0.35744779210518984,-0.3431985582417832,0.32260561382922814,2.106885111858015
581,-0.6731531448580846,-0.7952832701814307,-0.7533769089394027,-0.678863835712943,-0.7852413741337336,-0.7501489775136355,3.471369460471832,0.18148185454183485,0.1917116991224052,0.18131606936922615,0.17367123672600637,0.1781594093901153,0.15703432993185404,1.4928441751711867,0.028383153989036985
582,0.9116849497198728,0.11407837858545153,0.11078196739644587,0.9416775425004074,0.09242096368998963,0.11593355862102679,2.1937880809850503,0.888598946627732,-0.2879129679303059,-0.26105910154142714,0.8421099583513183,-0.24631891490336635,-0.32592819291543634,0.7585559948770056,1.4491399980449502
583,-0.5229230775988102,-1.113434530864335,-0.9937958777518215,-0.5491593184397483,-1.1422771871857265,-0.9940207853893582,3.292442751459127,-0.5878985768260098,-1.328754277420642,-1.096808727484986,-0.5869009850473104,-1.2910340000553249,-1.083881891454141,2.601189114526517,0.288373269032078
584,1.5059086019437777,0.7270724967473137,0.7892258972407105,1.5033348754116949,0.7462555522021554,0.7843906463656121,1.6952588602210195,1.3850895722614045,-0.02984786702269646,-0.029851231910369022,1.397656565625243,-0.05764635610489857,0.02718955535880001,0.20075193764118426,1.6878074414807023
585,0.18137889544678504,-0.12743811941726244,-0.12619072296168857,0.16852007874176503,-0.13792968393890606,-0.11740197744909385,2.0825301938289846,0.4017222113550628,-0.22162165800372283,-0.22561585592167327,0.43482107512760027,-0.14391430523076837,-0.2165256412030383,0.6083900244710521,0.821956940199273
586,0.6417339810326244,0.21916572927663003,0.22184379610269667,0.6445243108508474,0.23118258329335525,0.22784270767267578,2.7683318995734654,1.5557116376511115,0.743526582301381,0.714915222869747,1.5357522190215083,0.7391408553542214,0.7149493394216689,0.5855760490412184,1.8608896899568734
587,1.7686014211578258,0.9200044746413817,0.8532934946350044,1.7713979647594917,0.9228455576523638,0.8584864009240429,1.3602504493088048,2.3003157185802707,1.330288163970472,1.2206204992705032,2.305628967128204,1.3163534344889307,1.225911796861006,-0.22759957482596999,1.974124042891473
588,-1.1897908403359283,-1.1669760488805914,-1.1474353890902957,-1.1996888378043622,-1.1760587228730293,-1.1707285189820515,2.9119273156931436,-1.215636038606505,-1.2492682124987557,-1.3144721618902706,-1.242978816753457,-1.2417433185904903,-1.39023959797511,2.0202379908286994,-0.29316769455641006
589,0.8820857053639137,0.49409931341076024,0.4899706552677557,0.8857794776033829,0.5018561671549016,0.4924984370152432,1.9079532774578243,1.7194298359051867,1.2351775920162924,1.2832332667527682,1.722414875655212,1.2412094326518757,1.2891153075117479,0.21009776141183217,1.3699610768345778
590,0.8515111801161827,-0.060274881452850086,-0.056776311059275913,0.8504754107382437,-0.04443282201312985,-0.0978604410672708,1.8165196178764687,1.244331470838815,-1.1413438774406883,-1.1506977840568864,1.240644721196698,-1.0379491933254765,-1.1641043985865311,0.4534145516246371,1.720666659773654
591,0.9528501676150768,0.5209117626072329,0.5723358764189871,0.9660664276301869,0.49976864636279916,0.5866243967681448,1.3652891189549803,1.220374210695047,0.4285349713999758,0.47752881558145804,1.2465683017042024,0.3827355300937969,0.47421999134641696,0.13655287403925825,1.5223192117250681
592,0.9059421291162733,0.7689696148240832,0.7552649737385334,0.8916909878792866,0.7722830089597305,0.7473042745929979,2.5422594905301983,1.280522238149775,1.114266725493292,1.193494002355499,1.259161217116888,1.1089766576497828,1.1752309178037506,0.7568365882098519,0.24698746187711726
593,1.6237667188018807,-0.3732866372053806,-0.3628301245742827,1.6241514208365762,-0.3708169625478659,-0.35578298482918996,1.3311104663408,2.10326385676317,-0.6099048252886855,-0.6155785910915851,2.1159695422876386,-0.5995846508413464,-0.6019749256416825,-0.058916611737795326,2.866615258182456
594,0.7600457579710048,-1.185332006238353,-1.1801103793323275,0.7458749055049165,-1.1714085722311658,-1.1607614144369096,1.6098527516657524,1.7304236000423243,-0.5665154952776784,-0.5752424282528578,1.727757284358815,-0.5584364978049354,-0.6085014157076715,0.1402122509496529,2.0678113102898243
595,-0.386422168962042,-1.7502512278268163,-1.9173605480127824,-0.43380993708042276,-1.7882001710478312,-1.8906561831093094,2.4975477431770945,0.6377346418364247,-2.013925103350503,-2.136774051931674,0.6471826357180233,-2.0865193530250914,-2.056657397628308,0.7071919149890292,1.285132681014073
596,-0.36988364287513814,-0.4030898170426048,-0.37508084652786916,-0.3668196980342026,-0.39661016012879813,-0.3768612332315579,2.7491172326898323,0.07261932959798431,0.023900926500807766,0.02493991275401034,0.07222499618209657,0.06625603327307382,0.022585038750154548,1.4013955405626337,0.10806576251720261
597,-0.9190373723399616,-1.3901099545573852,-1.3609302165621369,-0.9177864223522715,-1.3911818993863647,-1.3747228904483002,3.0539769419917207,0.47404689798104893,-0.49163007247478774,-0.5233474333901967,0.4302419439738398,-0.49485217759997646,-0.5435674079809987,0.6419570127984141,1.798034373142004
598,1.83908167611074,0.878893921670854,0.8807376373017726,1.8446929278925206,0.8390152602976538,0.8781729247654595,2.007336005652434,2.3492541574613797,1.376009646176714,1.3804696150008673,2.2966596686549443,1.3426258609986716,1.3634906795493962,0.005039360490153027,1.5529019984622985
599,-0.15298892155171678,0.05016237918322308,0.0471803646615973,-0.1573459823423019,0.04889597334754293,0.03490435593542743,2.9103755361456574,-0.8841650239755363,-0.42211645456025354,-0.3982189291312724,-0.8880401669838851,-0.3885416210867042,-0.4083220076067264,2.017341688737982,-2.1507419462880484
600,0.2190235173956887,-1.0417630387134889,-1.0350500423439974,0.2042897881235792,-1.0299859351894,-1.0197640271225357,2.4186320312220504,1.0941018920381536,-0.8018043777408106,-0.7593150288431807,1.1040782450401885,-0.7973867464237793,-0.7379251508917473,0.5582050361482226,2.012168269359316
601,0.062184103897155465,-0.8643158247056191,-0.9223057729430865,0.06309395782477745,-0.8819684592948435,-0.8858776407450135,2.300635474423461,0.43415891442325943,-2.330621397340197,-2.136633109832927,0.5003421635190854,-2.35263403239365,-2.119851330001058,0.6628055104547307,1.7283453787882617
602,0.3623667649714324,0.4857746806395574,0.4861968450710599,0.3698311462979607,0.4918744174566262,0.49242910553975183,2.118069351150517,0.6040587102637703,0.9297522307284861,0.9182320733371531,0.6067813285172426,0.9351525984369315,0.9217493816718976,0.7993574115475213,-0.6699797528714703
603,-0.5267287705337539,-1.4054200188397097,-1.3021102816601013,-0.5181645597235587,-1.4271086659569705,-1.2988527804380303,2.597881470951242,0.32056002760157887,-1.6063573331224326,-1.7843901869192376,0.3347710986136245,-1.6096776006503144,-1.7455432406027562,0.9105886459502143,1.7806050013833314
604,2.1778907220778683,2.1667386838068428,2.2172988183043167,2.1786005308720475,2.174817621195044,2.208242184541754,1.42934963431697,1.1622341872289657,1.0972774129371818,1.0477292401068952,1.1492921311980713,1.0807274338470543,1.0211596190080152,0.4456380434108817,0.24487274473183168
605,-1.3921134536481166,-1.368720519092331,-1.1936370334366568,-1.4128125709201456,-1.3773870999688598,-1.2260763920145215,2.7760489568288262,-0.9757282287784289,-0.9258871471579562,-0.7570466680572076,-0.9995725800954643,-1.0226421889604884,-0.7047252888527317,1.8042502470275208,-0.35218885483181234
606,0.6600343127171249,0.2560087795842826,0.2446417456138234,0.6564480132637317,0.24233455277027938,0.24546554272916393,2.7489118829945753,1.0688085933142535,0.44070031415525895,0.434392893121088,1.0879813492760961,0.45196830998917387,0.44830271163103624,0.49829978091744764,1.0456687007131078
607,2.475631096170984,2.019307962422782,1.9782651074136326,2.4781401005632326,2.0261802597818983,1.9730075649535788,0.9789827678176339,1.9589248105408712,1.1155211776717946,1.1462345048831029,1.9659718853033104,1.13647136796575,1.1473679603066327,-0.15325528057446922,2.2546305657029158
608,1.0517180362338037,1.1826033017937387,1.1341273165387302,1.0724614242746349,1.1815705616523586,1.1293751410684933,2.3281049687117217,0.17573733778596443,0.483794212449642,0.5507663917053901,0.1950030267962622,0.4972609368311371,0.5743820673773149,1.8063501609874486,-0.3575269496592468
609,0.7140394524026376,0.2671754332526577,0.2558508279188763,0.7054728878033923,0.26796659934502165,0.23141448163463432,1.2406991103474423,0.842282578829465,0.17039217009063795,0.15922711643541343,0.8654205704383889,0.16145760081959798,0.18352276291942443,0.21514288139971016,1.1644441025757062
610,-0.31165626187577855,-0.9861714406424626,-0.8986332218277415,-0.32725420565927493,-0.9778398338335823,-0.9010706017901754,2.4818072867941723,0.12928139157407956,-0.8289714288877923,-0.7241593467260558,0.1457817891449149,-0.8489928934805814,-0.7515242394586259,1.2084577226265314,0.5639207970006659
611,-0.14078822494364987,-0.3917798461511109,-0.34936146118779443,-0.15168538770381346,-0.3949915820584798,-0.3449387941913913,3.2814571044933847,-0.026834667790198285,-0.5230681578353358,-0.4634985380977539,0.015571547644372448,-0.5702935620789843,-0.5064517898999187,1.8780366458350648,0.04952273924761803
612,-0.11925432475781701,-0.43964914162874974,-0.4388792162996496,-0.08785574292751043,-0.4230181757019442,-0.38751714707126905,1.6261373826847947,0.5994383418528519,0.1453505261229923,0.15516761073659247,0.5151629765223094,0.10363705482503957,0.19002124754942418,0.3497147795601367,1.0253064264965006
613,1.8622354677236512,1.1997081643829175,1.2022319861200577,1.8467494639578559,1.155844721743744,1.1996717733864783,1.2034547007435399,1.4489042442439157,0.02909798651806387,0.030908215903941418,1.4424692480868875,0.005218160211493558,-0.018273682520185477,0.2127011218760948,1.9829351219760303
614,0.3712582421687532,0.05682641528310935,0.058061620798843555,0.4122502930552055,0.023506666390842444,0.04305483726967507,2.6309698931833188,1.0339187316219873,0.6583686613728909,0.6692733962873952,0.9124079490325103,0.5806450361085161,0.6648050229659297,0.8120315873748933,0.9231586032167024
615,0.9723294587667525,0.8785080508372467,0.8247864525472637,0.9599748224160953,0.8889689017875851,0.8229425243747374,1.9549621260633527,0.35262073265221816,0.09450233337769832,0.08648899372004401,0.37330597029233076,0.07633692914431345,0.07890053107051641,1.0997296805455221,0.9796326521206382
616,0.23431505184375143,-0.6910275155503893,-0.6926692807941157,0.24846435952473897,-0.6987188829731039,-0.7025369187030335,2.402605502368955,1.001277421171686,-0.9166459937667646,-0.9313348120587434,0.9782175524312033,-0.9444613600715814,-0.9730239119740018,0.6384149354700173,1.6696695359512732
617,-0.40299637273593286,-0.6370523864650519,-0.5908645428602366,-0.45523669919836485,-0.6601850352916643,-0.6110985685668109,3.1047935427483835,0.7011198280685583,0.2624352292428348,0.2583064229189234,0.5603167997205952,0.42899808879734286,0.27960286317221883,0.33572649278889655,0.8489252817360702
618,1.0880365201148687,-0.06645522067158688,-0.0652073993957987,1.1133994510493468,-0.06619145654249606,-0.10187160564334205,2.5037327782590943,0.04893573361842613,-2.115145864646337,-1.9957805798630697,-0.02809361901288957,-2.115656149750473,-2.10672226222564,1.7485592808165096,1.7576047208029888
619,-0.8777895214997329,-0.929747124297491,-0.9653763113931999,-0.9160043617653385,-0.9924573326109141,-0.9434472818915671,3.0789695192282,-0.28035094358001333,-0.33081169838173663,-0.36247174480481964,-0.30162850723363555,-0.33669956394665806,-0.3682976389844198,1.4146248642753902,-0.09276981030905346
620,0.6701053073685216,-0.13177229032962454,-0.1396026594505002,0.6505073166433557,-0.13619918085695185,-0.13133550032774613,1.791774725425992,1.251840904995065,-0.1756700978627593,-0.2047714443309177,1.2633455217097387,-0.21222881982815858,-0.21461861618960396,0.187075463765069,1.7688021687786493
621,1.3021202989172438,-0.9100916165522116,-0.9331077856982578,1.3079152820230455,-0.9100338673949134,-0.936743558336924,1.5300286639030085,2.2405132448326066,-0.4142976012201817,-0.41024866663045106,2.2379721554305005,-0.4366137507813722,-0.4155357895082341,0.05508899478234024,2.7280955419790005
622,0.5376815477918289,-0.41078612607981924,-0.40151667157990784,0.5386121631000923,-0.40177860218703004,-0.4082932236105894,1.6840462644746186,1.1797926382666921,-0.25185361665689476,-0.2507864712758443,1.1667119671392518,-0.2601962260348482,-0.29069346442175725,0.19094302815436273,1.5857444010454758
623,0.4928873996312843,-0.8084039643911414,-0.7434640231964745,0.4849756071275966,-0.8191168895295056,-0.7619298829862775,2.3313963015303885,1.2299071785401088,-0.6455005944052861,-0.5886765860776865,1.2221001664009523,-0.6875189301552146,-0.5691279042957141,0.7219770393869488,1.8836893953038236
624,-1.2385866180384664,-1.1564897858674685,-1.2081381541583636,-1.2773946867411021,-1.1166580923036884,-1.2291831750793087,3.234596728054011,-1.0470402476838696,-0.9194977328640476,-0.9211864204221261,-1.0708718434132682,-0.979311148845903,-0.7965569300576598,1.9016769651097092,-0.650611007617645
625,-0.4844019248708491,-0.49988501304713195,-0.4947188364086582,-0.5072207040984411,-0.524455541010368,-0.5173101207865568,4.0287453518992615,-0.21135149649679466,-0.24000068765768748,-0.23500631056830926,-0.22944776333903882,-0.2562454964342874,-0.22624887094689008,2.6875502660765553,0.12567133940935898
626,1.2530696691659142,0.9787935824475112,0.9581849366146881,1.2647911966495933,0.9831012555618764,0.9212555698625935,1.2304161335489403,2.0990605859549185,1.9549415747554202,1.8357424466540835,2.0448036005040464,2.008204593735042,1.8369706705113822,-0.40589419703750496,0.8534879439513658
627,-1.4780129553507126,-1.0644399149543615,-1.03842835883721,-1.4941123794475446,-1.0609825770394583,-1.032252628355438,3.16079177660458,-1.9081758058461635,-0.9700788411692318,-0.928866689763666,-1.9997671612863244,-0.9899684925773957,-0.9581295221803052,2.628960872969709,-2.0872481188012895
628,0.5948899319250542,0.20489131694663296,0.19214494704009774,0.6075067309642589,0.19946438113502188,0.22526435446343812,2.0750106861294975,0.3205440731581105,-0.2973021344092166,-0.2863666843370879,0.3045799853409708,-0.29186433403326384,-0.28837777627146394,1.2277764398413653,1.0489903135064307
629,0.4649293402521098,-0.37496266089471025,-0.3158561562124821,0.47259055868470384,-0.38142144886154755,-0.28914431165106397,2.4906642584114436,0.7888520326502957,-0.5027985240734923,-0.41088150768838066,0.753164942894154,-0.49183971691961265,-0.43312863108018296,1.4459888437164403,1.3549812282035207
630,-1.1468257280237355,-0.6973209711967443,-0.6626945937745097,-1.1368451729073337,-0.6866122194059908,-0.6759203405946934,3.7784285363375005,-0.7615035717728204,-0.16608566069874478,-0.16165829964190775,-0.7488938204693244,-0.1642699222354247,-0.15060663606605001,2.2816036400553474,-2.329999473393258
631,0.9821018745708954,1.0495013652197454,0.9853700649534909,0.9987784455176929,1.0494292455235064,0.991071475117539,1.855958846974277,1.236759547323695,1.4265311551650903,1.4818478039025045,1.2312411740739049,1.4310151449533755,1.4587064610188267,0.35777874145529615,-0.9997915934948428
632,0.06337852742066596,0.01101901216757221,0.011620418665171604,0.05201100361150013,0.013537602438228751,0.022632015512172202,1.995545092369358,0.6929027892316394,0.6711588510012814,0.6921767418539215,0.6938318356334997,0.619836273370933,0.7348433984145912,0.27211098251941235,0.32271979127615136
633,0.11546289081257069,0.11888978545799671,0.1199206339309218,0.12776218699258354,0.1211916402949888,0.11943178281920801,2.392621600881097,0.09928935332007847,0.16850692727375632,0.17477789585421138,0.07234595739815908,0.124922294347542,0.08452125602479185,0.6432272596239986,-0.13336812763830608
634,0.43717340405760297,0.7901935076018325,0.7749383003811376,0.42966425690973753,0.7751029278564413,0.8032224569275932,2.2193498192789773,-0.009633224063651389,0.4108367861782458,0.42618085179517856,-0.024723527578943635,0.38148150962820476,0.3759254324741225,1.4660373939719005,-0.023925562026685977
635,-0.6692998281660781,-1.71732695245563,-1.596906965572144,-0.698675971476661,-1.7025963451121895,-1.624255973566393,2.6151802964959687,0.12168802431479081,-1.6445272560892195,-1.4861835300484485,0.10516504393160153,-1.6697689898976509,-1.4692632419290952,1.1169746210404916,1.3664947928451416
636,0.39829617394029115,-0.37020036363578335,-0.3525268786231672,0.4082108511717749,-0.3524019195034371,-0.3832347057422686,2.3237293752274373,1.3453060271847808,0.6038284498019557,0.5955632785279967,1.3240138567437092,0.6922963426995316,0.6318714193136822,0.4019752750933229,1.4984618369574327
637,3.1060789310332653,2.9960700400531266,3.3851105778319983,3.1126969609154287,2.968913549252616,3.380312036073196,-0.4216158013176216,2.062201516339848,1.8556374983405706,1.95174832442564,2.0582429062695446,1.8804741882436284,1.9486315102195815,-0.5187063305343766,0.9067734651758783
638,-0.7781310106474751,-0.36079319865431625,-0.35693685684978954,-0.741254380559961,-0.34674486207874533,-0.40234519313707473,2.8776198229339864,-0.8785776328782765,-0.02531848364476255,-0.026463746127715244,-0.8719478579044767,0.026345703895281354,-0.1330029226714859,1.879550038616907,-1.5909154460052413
639,-1.5930798768580705,-1.71184913905076,-1.647644348769581,-1.5766645322187354,-1.7241420655448656,-1.634542310497556,3.6511056355630407,-0.7351783190677565,-1.2169199803548092,-1.345050650165199,-0.6800528862754568,-1.1967833911937344,-1.340199974187478,1.649286792847843,0.21701328879054838
640,2.2154448443558827,0.7780244427768109,0.8192551525052627,2.2151926162490843,0.764975499242871,0.8157378606992677,1.2212151690815864,2.568033116957119,0.40304642644746425,0.407250203387319,2.581436703180522,0.3765333133994364,0.44172045230768525,-0.23000247163468104,2.90327629005324
641,-0.30073493870947765,-1.0208787278638454,-1.049990692912546,-0.32140820880570825,-0.9835491066745594,-1.0539487252206228,2.672817222041036,0.19037160170257938,-1.5852303485834538,-1.6288313457267252,0.18697440029876367,-1.5805746954682325,-1.616758113359133,1.0055130638677834,2.060406953363554
642,0.8115090066626125,0.27081357927036337,0.2809601681587432,0.8125900895355789,0.28767530262582297,0.26479495728048213,2.3774669808399187,1.0059364149679768,0.7274300824583654,0.7264719353567965,1.00142721820855,0.7699602878123534,0.7044013620927874,1.2066515157933035,0.9827587037568968
643,1.8385186222263745,2.010265620054303,1.6637371573657374,1.8403463823736945,2.0054464310366464,1.6556861908523426,0.6132066791293234,1.6631063941295623,1.9816499449651912,1.6221316590961783,1.6598409932115048,1.9775694176669554,1.6325789395670798,0.05355554380837732,0.11529931367552604
644,-0.13693979490756644,-0.5327042190632005,-0.6477725401027944,-0.13984038972116491,-0.5344421891394435,-0.679702506548389,3.1113943541576554,-0.5738468137269257,-1.2055394272707682,-1.3832307526769916,-0.5937338181929619,-1.241090747337514,-1.3798783246461026,2.307367080357923,0.13421383082066157
645,-1.2922800600738427,-1.323930954092946,-1.3805460556913953,-1.2900570732131147,-1.3112910247584029,-1.3616824717149176,3.3662304941820316,-0.8658350939249496,-0.9303777193384334,-1.0174449882291627,-0.8596248304722335,-0.9038859298858207,-1.0076878044589175,2.102009835817801,-0.053989807066767606
646,1.9150812275014293,1.4472922946718894,1.432958506363358,1.883335521840217,1.44667036262547,1.4313518470535773,0.8750852909817126,1.6015255861338045,0.6926464901091309,0.6956042655646543,1.5840826004286725,0.659470739418565,0.7012372683500638,-0.05956010984293103,1.5251010184171758
647,0.22014232596450578,-0.18635212790809064,-0.17646403440303765,0.20816675277581714,-0.17735135894408977,-0.17195608523179326,2.4137666183387707,0.5757866468960128,-0.07413485799375856,-0.07239707572133319,0.5941531391153441,-0.07412090297059908,-0.08338725654189962,1.1088287887278867,1.7731929978394168
648,0.6837582290793853,0.38480744001880324,0.4227153910101663,0.6993375886258455,0.3917045637350345,0.4178579289814858,1.2614457168306097,1.591639245338339,0.999569915763228,1.0553700773269348,1.560131048345112,1.016307796762991,0.9979035144905756,-0.4631467520223692,1.2823311939201214
649,-0.04913299766418759,-0.14781264471328717,-0.14874771879276208,0.0028370982561487404,-0.16006298479935666,-0.21285536718241033,1.880678515816252,-0.6368497892754172,-0.8347512364894746,-0.8649652197343943,-0.7102431183839661,-0.8013449455593681,-0.8709335382723034,1.550875322208937,0.46976916146702496
650,-0.03925829898827183,-0.9720338355868879,-0.978081176817208,-0.08252481980499632,-1.0268467502804097,-0.9579065457453309,1.8676453664949606,0.7580353607385675,-1.1786153651097588,-1.2629138908215238,0.7680466074125237,-1.1577572202999808,-1.1930159022251772,0.552143636942365,1.1023840447890119
651,0.5275949479300995,-1.0847364434395794,-1.1657953849389318,0.539291077949074,-1.079653307320821,-1.1638552330620928,1.8453379493337452,1.8005669067757006,-0.8130547388037661,-0.9065289361039219,1.795834942004976,-0.7446661309728817,-0.8869582882819267,-0.29100067832140997,2.9444599509671185
652,0.6205577612103601,-0.7912440603761905,-0.7880892703761252,0.6121870205391209,-0.8157716484037709,-0.7920899487030615,1.5778675146046282,1.6494534402259071,-0.8910830939667198,-0.8722891145442446,1.645036579363373,-0.887014185700432,-0.8964951151215337,-0.11318011139360096,2.839859842161031
653,-0.311263463494369,-0.4753523475876891,-0.5576469677747626,-0.24883288771009782,-0.5133914900001606,-0.6214117259828067,2.029189874198718,-1.1715274987007671,-2.2083234940323604,-2.4152046527110893,-1.1260291015775292,-2.1465333376135947,-2.449891495065172,1.8637846662547688,0.4096237388905706
654,0.44069673294052647,0.14121528179565185,0.17134103342201448,0.49278031388825744,0.04459138537049698,0.2048681430497248,2.080552923452845,0.2854429972950879,-0.43058511916378583,-0.45314441749406215,0.21794136537939424,-0.3712874101658944,-0.2733838627757336,0.8797425928002037,0.7696299827100102
655,1.2113375222748144,-0.4812371153910754,-0.5136475728065764,1.2135726652694576,-0.5031486198995153,-0.5580416152663783,1.6848573886700493,2.0835995476713967,0.23116029084708606,0.2541578984109932,2.0672678727039258,0.23063035363823134,0.2533798730055833,-0.019397518622619934,2.3164386007486324
656,-0.004191269449585616,-1.0093400682001674,-1.0264217872294348,-0.013791879077422605,-0.9869601325075726,-1.0388762834192733,2.936127344715159,0.20453391547235328,-1.9853090047658601,-1.9635746976091977,0.18405484252190105,-2.0118552088549153,-2.1148738260968503,1.3488198214766836,1.0086548573806082
657,1.9457532728823133,0.11306635968001849,0.13974624324848892,1.9811522365632221,0.09006223673530861,0.12507750155978786,1.2568300037255467,1.9584902165202778,-1.4909586325076367,-1.351269407008399,1.9648765702011424,-1.4755374306824025,-1.3865030161306848,0.07432200085317434,3.472847824079784
658,-0.23213205177782423,-0.4042067041576262,-0.3979314581369806,-0.19602471730948606,-0.37919649886532075,-0.45646536479117994,3.088214956379422,-1.0849338928282153,-1.5746485454139907,-1.4359203248243746,-0.9952924754615022,-1.5461257333557639,-1.4592385527743434,2.7246424198951247,0.4737197153015003
659,1.0961533869445241,0.414327813079711,0.38366040074995816,1.1025096974691406,0.4151901254716207,0.3891355129153145,1.7533200315104553,1.190270119901044,0.19196542041381753,0.19107633971224303,1.166115769084769,0.17812690688256405,0.14703019262414668,0.47070590185329586,1.646452776052718
660,0.997107593174191,-1.0165388161851714,-0.9601210512920617,0.9971491505154372,-1.0248368121749647,-0.9507602967078059,2.1229059492166904,1.6356542886628782,-1.1805243550418636,-1.1459367780492211,1.6372280902943097,-1.137568546188078,-1.142006649542856,0.5456971901022927,2.7444592988657948
661,-0.8680662167466253,-1.0324363218710164,-1.02976169070105,-0.8519783771530207,-1.0449689731009122,-1.0087176972583691,2.6965664725308507,0.44475943995180517,0.3999977889391263,0.4203534127016675,0.365297911739589,0.3371808131068541,0.4958182245910847,0.4320092678944087,0.2454357431792353
662,-1.7187193118398567,-1.5568393535897056,-1.4368726852884868,-1.7144124619846166,-1.580931993821628,-1.4445356362451873,3.555372662965337,-1.5166461122108479,-1.1240838213306488,-1.0231759707919703,-1.5445767052068182,-1.1148390334083706,-1.042286563950811,2.7454619838563645,-2.024762619769626
663,-0.42303369245776856,-0.6199634061898965,-0.5577416519073701,-0.4418685354314936,-0.6071113824058599,-0.5783649121030714,3.2119213105325817,-0.2689239051364068,-0.4016327127261486,-0.3725977934509765,-0.2485724900493673,-0.45732702368683,-0.4909483892538164,2.0530343582930297,-0.24290148471984513
664,1.4002837184618355,0.2962969077361014,0.3452150948773641,1.4033060904566819,0.28234751516432727,0.3525477420022782,1.120891121587983,2.309632451058886,0.7832223151263208,0.8634018772869724,2.299186755872233,0.794021100449517,0.864892898528632,-0.5567603868061156,2.4576895664295906
665,-0.024720177185322333,-1.684381228164993,-1.7510707843694866,-0.02696196764814836,-1.7364465523833628,-1.6664569329166643,2.9878205261590782,1.0613137261097607,-1.1725676309685018,-1.1315665789699212,1.0318708342452725,-1.3168900100653964,-1.303034596989552,0.3207495101030284,1.6781297899617547
666,-1.0216120061528087,-0.8303692263654968,-0.8004944063551088,-1.0111684085007506,-0.8104425438298549,-0.8355256340932231,3.148011743534725,-1.5031153458287305,-0.8317330349221798,-0.8614065918532887,-1.5238935379496723,-0.9798824738312696,-0.9480578005016745,2.311706828532766,-2.1158172021109425
667,1.0553529204029215,0.7577957747668655,0.805731404527381,1.1279309744994046,0.7530997588438644,0.7794952462935562,0.9342853204170026,1.601730613956976,1.2963990899130378,1.5052623750940157,1.5862583753580308,1.2459517166651837,1.6201717920114833,-0.14723765597065294,0.8901399410591225
668,1.0251578863341875,0.6692821460356643,0.6437850015997951,1.0239861660352976,0.661697713190888,0.6551270811057632,1.7044420464511427,0.9469022505049342,0.4917072835229516,0.49776193777032135,0.9593453991886814,0.4870332733753773,0.47528548506537205,0.6424322061467315,1.0188976820666207
669,-0.39466254574422455,-0.1323463254478845,-0.13710782454545514,-0.3941370569979691,-0.12708524916704494,-0.1535923247811893,2.6154802305037883,-0.9973526509440307,-0.5028205785946771,-0.48052304908336685,-0.973414706953884,-0.5662174551153701,-0.4846833332261177,2.059428179546403,-2.264935706494755
670,0.9701545878033457,0.41314240739123237,0.4350495687628142,0.9889144752907961,0.4183155525681264,0.41994377407936834,1.558354647529954,1.6046035860265409,0.6998228764076415,0.7599549342957675,1.5779575737176739,0.7185558901625194,0.7681381915498923,-0.0003785934861878289,1.8990296782533171
671,-0.5235050992416482,-0.5823265535273277,-0.718729751728013,-0.5151104566308707,-0.5759381497005346,-0.7128112157223677,3.1392688832933495,0.3378515514927523,0.2713713161411587,0.2994091195953566,0.3599463010213953,0.24163413679038867,0.19795305816717534,1.060430350891208,0.11385047484951467
672,2.5618078560572832,2.0774408546417122,2.1887388120531903,2.558029090843365,2.092238757724796,2.178139973689785,0.7263508963559098,2.560522650434297,2.0103358080865306,2.0360594474618656,2.577707712409086,2.0168021957329145,2.0167241023060503,-0.09407951677065642,1.525901595993745
673,-0.49438425033415817,-0.8865483758978191,-0.8872587441158301,-0.4954671699214247,-0.9051511695802614,-0.8710307168305361,3.655160956387042,1.2138745507196578,0.46968232725531367,0.4723878001713337,1.2476866607528878,0.44958836365254906,0.4715573878193331,0.3994444011771323,1.7350939406881367
674,-0.8187615935329922,-0.5481423187459965,-0.5525783823523542,-0.8324308660487121,-0.5425913750526908,-0.4970414569489423,3.628365932370094,0.09903305741609202,0.7188041491521123,0.7515354318838606,0.10237614799945247,0.7347819750111025,0.7574139212897858,1.7463138798798739,-0.8580035386156729
675,-0.16931508819834346,-0.4406615832057442,-0.4856107441865933,-0.18580266200819937,-0.4068564511832695,-0.5021452035408376,2.65452652532801,0.5297563567262109,0.2862532671250035,0.326210200396325,0.5491339061864356,0.31101749004581847,0.34842051667023144,0.9172067094748274,0.3728212469118171
676,-0.3681886271689711,-1.6514797494186617,-1.4638790568318258,-0.3717305955843773,-1.6747282240586931,-1.4698029326788575,2.6883049848162566,0.9155913688336383,-1.178916989316244,-1.109989605338628,0.9153424352710078,-1.189190936828639,-1.1196542753161434,0.5089541347197613,1.9414160982691675
677,0.9941925320663793,0.9247473167239197,0.9084872550424893,1.0063272895755673,0.9255949674589494,0.9177283666513043,2.1947842792155945,-0.21119899861169142,-0.3858861531176014,-0.3698681448512569,-0.19981572638200917,-0.4019259686618701,-0.3884029628396267,1.654815073695355,0.2598045177451251
678,0.703671967170052,0.16617099904069835,0.17267101939274165,0.7030071378784171,0.18723539584574236,0.18835225710544248,1.1865464099974918,-0.05869238793211172,-1.2415638779806357,-1.2491015091158861,-0.0787253441963265,-1.2489755751557026,-1.180240269152233,1.0575451598832153,1.3828273800333581
679,0.9559496233954267,1.3122819915102995,1.2549714309683142,0.9678120245315055,1.3104442086890637,1.2510445788291025,2.2293288289867474,0.19224899441199506,1.1285565041403636,1.111743848834776,0.1863083355119511,1.1996697376888494,1.0948233470465563,1.1839338566352753,-1.4603503830178792
680,0.29370344062382725,-0.11432309212652572,-0.11395816910896013,0.2760683227925308,-0.14294095417903913,-0.11834719579979917,2.041874949110995,0.1668585667813385,-0.8376548218314043,-0.8163964256520306,0.16583938241633625,-0.8828793057281834,-0.8455041375212471,1.0539653993662206,0.836435625977856
681,0.3339603893333566,-0.4389352754418418,-0.43910085197334153,0.3398462198649164,-0.44542242915039926,-0.4507765177415075,2.2550095998409643,1.257414310082155,0.17773214700775375,0.17362239260161957,1.2565588472460452,0.17138063112868407,0.16349953872541684,0.38099466082431366,1.5488644436826655
682,-0.21955303766567574,-0.21788776095327506,-0.2220150648908823,-0.22284092784572332,-0.2432649221298859,-0.23730127999841147,2.5364817505642128,-0.3616803794184726,-1.566657579370749,-1.4868197676762382,-0.34984317160803935,-1.5530256988075175,-1.5163788600873425,1.5377983315674923,0.15258988625384715
683,0.47647860942657605,0.0751143165703253,0.07530093381438706,0.4862785403680707,0.04570017790999235,0.0894440825823222,1.9763815474297521,0.7570802014867011,0.1270372148565191,0.12666912849888232,0.7151091832753733,0.18352792219560812,0.13351689522876814,0.44197086815242403,0.9985544705120156
684,0.15710527684333342,-0.022182669461915116,-0.022601234411599863,0.16301059420844863,-0.022023798433821937,-0.028173730094415032,2.1983024836963367,-0.27372104520769314,-0.9779915633851869,-0.9238570404719496,-0.2631274349763378,-0.999317488940919,-0.9246945562349671,1.1927636043138379,0.7080741666291014
685,0.29567075796606646,-0.1533292077335235,-0.14682610778703445,0.29672627681559643,-0.15906929317940846,-0.13439387664055857,1.7319997841051973,0.8224338520258817,-0.7327171237288912,-0.7725359070528931,0.7921377970962165,-0.7495482849386957,-0.7740567632225491,0.020347154091632357,1.664036308187086
686,-1.4115779833326816,-1.4768717113262269,-1.3738790639750158,-1.4210713356072326,-1.4715448138092746,-1.3455171892309852,3.734822859106276,-0.9018033201830098,-1.006907998758817,-0.9243656840995247,-0.8992884380659996,-0.9955069773834688,-0.8926554505926154,2.1773029858083386,-0.09063909308531971
687,-1.266758135930364,-1.5233192130700233,-1.344915918854637,-1.2711167516853428,-1.5109366452689572,-1.3452808183280798,2.9616569738515808,-0.37833043064744626,-1.3506788577018922,-1.2037645682972629,-0.3899713870949823,-1.3878147871826352,-1.1752101322592603,1.248194811151754,0.35054308611852053
688,0.23675596321833198,-0.11408280843855126,-0.12034490378142691,0.21832021961577056,-0.11749066710179658,-0.12756796780542934,1.8179759319227118,0.987908067193492,1.2251372991152523,1.3515700974667983,0.9583607744419192,1.2539006069996697,1.3492024061613557,0.21611010098531877,0.3227322327617163
689,0.19375213462382662,0.11797158027973784,0.11520577142571005,0.19573342387987244,0.11889998434839841,0.11821602458307327,2.107153202047532,0.10589752905478461,-0.035740418199350685,-0.03435424463977645,0.0800612246766328,-0.046797753621155666,-0.05513183504847383,1.188943723177806,0.526247501141506
690,0.40435178518199344,-0.5477984985605154,-0.5463362253146853,0.3852202527799312,-0.5142259885406331,-0.49377343803506063,1.250633048540976,1.4180080387692964,-0.004575802932847818,-0.004759793425393818,1.4034565266902017,-0.020940329500958223,0.026688204307716974,-0.12865051597370988,1.7139895245070176
691,-1.345543744537234,-1.757273701271392,-1.5488883577588137,-1.3689340494417637,-1.7577671106093367,-1.5666564999964507,4.049657069583933,-1.2743531524347256,-1.9418531400985142,-1.6195790368279146,-1.2664407303436185,-1.9144669070375788,-1.6487651754009134,3.0238495001880286,1.1326781515982423
692,0.049530033732665894,0.20645484193905514,0.22251348832689097,0.01179375244874167,0.1985491609440722,0.2227741737409661,2.479648528563775,0.15803062232440235,0.6520616420678063,0.7621098355981508,0.12740653037078664,0.5876565437437518,0.7212250954252591,1.0050223368033164,-1.4792912977175734
693,-0.877788349777735,-1.2258375685335665,-1.1602052998347818,-0.8728065995724784,-1.2245539571619004,-1.1624682480391273,2.5081897350098896,-0.02368092402250078,-0.6164001120021161,-0.5649232328776577,-0.06795402655545313,-0.6243791925843228,-0.5294916372300935,1.0112523222670509,0.7106624158400507
694,0.2330039371626551,0.11905257136821527,0.11219749697429117,0.2463786083383437,0.13133023423379625,0.13501516886779252,2.8963814582974066,0.21365825284148285,-0.002722003846123367,-0.0027980701559772404,0.21915301117059627,0.007438017582880606,-0.015021586810549862,2.2025579626923655,0.21040350143176417
695,-0.5065196645761236,-0.7682088083928905,-0.7574517457251995,-0.5192009566891462,-0.7243984893697458,-0.7557158295096522,2.7797091468947186,0.5486070726086565,-0.014419305757552172,-0.014547675142536756,0.6566586092043517,-0.04424097764842437,0.052736220852546624,0.8347232406469879,0.9736925438450763
696,0.5886102245106158,-0.08774139595511887,-0.08332876916392451,0.5728333915700458,-0.09086568098133989,-0.0784515120033615,1.9849548065406875,1.0162026340299695,-0.13547844660709474,-0.12689896845069099,0.9959824597798185,-0.1306443871691996,-0.1556526476062957,0.5938196198101717,1.5923980019551924
697,-0.2484965567669223,-1.7517936347977068,-1.8439291172245815,-0.2666233509187212,-1.7478513133836027,-1.8399880043271575,2.4232370688241893,0.8155878400238423,-1.8836200344240355,-1.873407041656476,0.8390767857929641,-1.890443424171822,-1.8774339628578507,0.4236279721878645,2.7567736267032745
698,2.1668190307317023,0.7864695172905214,0.8039893398126325,2.172129971167372,0.7877404504733896,0.8222794589035678,1.1639449406681077,2.6835237953081625,1.0727943516981853,1.1137446233164223,2.668193780697897,1.0615854311893729,1.1193610527478313,-0.012896050341073375,2.404812776482481
699,-0.6059657772758378,-0.8571635451702025,-0.9132016316428925,-0.6209921499496602,-0.8483500870814746,-0.9232110804878284,3.2409634803606493,0.01753741720331891,-0.5118633867133668,-0.6043068339457917,-0.011758456112719919,-0.5015107083613606,-0.6371710068449316,1.4050530417716356,1.0878076870544324
700,0.23925380661192797,-0.49736088442796805,-0.5054503983037739,0.23117781186664518,-0.4997566900740437,-0.5088405563971727,2.7486397308159494,1.1069624005023726,-0.26175193551117143,-0.2837393685594473,1.0806714723069104,-0.2769623221770557,-0.29312159844744046,0.5184087493247673,2.295949665259811
701,0.44907341875406215,0.348654464821662,0.31904097128526815,0.43099964065830265,0.3424157248390313,0.32934859011642287,3.871052728027659,0.7319694128163977,0.6833071207957527,0.6031924378906129,0.7257688882039953,0.7063312336813311,0.5618721259979327,1.9309134995558235,-0.06643696924602935
702,1.2831250484725172,1.2347763581655087,1.2852463690267126,1.2923591023832055,1.231377296044397,1.2984274838711038,1.0770616498115795,1.5933065530812258,1.627020038073624,1.6883164014761294,1.6427924995573138,1.599551891602137,1.7046031626918559,-0.345519370430753,0.33135478093838955
703,1.3680307007216557,0.7823551071509127,0.8288468977191316,1.3901241685200811,0.7945558993298324,0.8556894707086854,0.9408806660664539,1.4750994498608117,-0.03622182023734435,-0.036815056943483006,1.455571347720448,-0.05772439259270685,-0.01757160649173439,-0.3883941527606141,1.95093438788389
704,0.8481070274834531,0.7118299299341895,0.7173287056687075,0.844357210763141,0.703383027783702,0.7123475008778348,1.0311389992118491,1.3292767093481395,1.2566736927906548,1.2338115943059298,1.2948825128323895,1.2399649131623613,1.2294502502811404,-0.22500339281752332,0.5401546242540296
705,0.9298141208207253,0.931505833951636,1.0374775796126068,0.9232859260273929,0.8945027102780656,1.0122653864191358,1.9251441236896232,1.131555339458505,1.2160710862927369,1.40139149510352,1.1141445424965666,1.195512393238218,1.3010837752828477,0.33852070603842427,-0.3466245437194365
706,-0.46249833933507023,-0.9399088108967627,-0.9071326502639,-0.45418883179573977,-0.915596905134331,-0.8018287028876402,2.4383258332047926,0.21231554109614664,0.11055849814454964,0.12968152485585122,0.11186614028989568,0.2547556237454868,0.4667146961736924,1.1137958171904576,0.34668041737179073
707,1.4613951311807845,1.3395583384814542,1.2881744783122624,1.4607727378033775,1.346238366852089,1.2814586470111653,1.5198950196658305,0.8857144122092283,0.7079412417768449,0.6998343980049598,0.8775146976707097,0.6943438260819434,0.7143788313658135,0.9330307772707414,0.3483598178797897
708,0.5466355726603378,0.176701721716596,0.1729061049860793,0.5462853694514831,0.1523189597183736,0.1615064870377104,2.392622336632539,1.459825473077791,1.124755250047415,1.1486632206681053,1.4791893532570146,1.0396615093875379,1.258857193161554,0.25737391688085576,0.7480625304542322
709,-0.2121497865590632,-0.5827939289386667,-0.6288435302692233,-0.19677676088787105,-0.5980155151616842,-0.6476563362518039,3.0230218807473044,-0.8365194955068077,-1.8525089150492418,-1.9285637327275011,-0.8499072362748689,-1.8523496496037672,-1.9376006674527473,2.175387661931691,0.46689168802284525
710,1.846589346499934,1.187816894479279,1.2865376667563795,1.8535916908975212,1.204163782481387,1.2993027476331704,0.5918559845191101,1.3970822254778672,0.18490868006834915,0.19277606603930617,1.4050754799213874,0.2169864783824152,0.17621423037392628,-0.1160394198701225,1.8608430226786097
711,0.797850217407954,0.36510252356816375,0.38495261269450604,0.7905427913485731,0.352183601176668,0.39335505214784705,1.6457823109375957,0.9613779173008025,0.32449688206035676,0.3716248264671689,1.0199468839728119,0.34795691191331096,0.3944826983987166,0.42044352548204483,1.016546245605719
712,-0.8566024494678641,-1.318242822616837,-1.2738703475106596,-0.8569837906023573,-1.269713486830127,-1.2968418680476324,2.451508107046814,0.4566462834477044,-0.15627666465265966,-0.15995192562614097,0.4392602597841876,-0.2064958222205086,-0.2090207110388178,0.5128430161709393,0.6646192542451586
713,-0.1906102093404281,-0.5957883506007016,-0.6129130128552175,-0.22151877709876522,-0.5776499764570957,-0.6640387949195001,1.8229140914647097,0.21334629583837578,-0.5305241964345496,-0.4543919450380763,0.25577518011881933,-0.4795219591170348,-0.5136600288734583,0.6345487567914725,0.7694187939801103
714,-0.1866196111849228,-0.10001703572678843,-0.10178552309731306,-0.2001615501857763,-0.09281112933285664,-0.13820447575416744,2.5562377175525275,-0.19482466903038537,-0.006653017678921851,-0.006599390781634735,-0.20215740343025299,-0.07786858002810274,-0.08920450962125094,1.78894165662171,-0.9648331195890929
715,-1.248625329701535,-0.9742528438229934,-0.8277138132767907,-1.2842146357111537,-0.9773401383647567,-0.7964982616505139,4.25560117098277,0.2530244610389587,0.7473400894983889,0.5697090377135878,0.18746439417129623,0.7737326922835948,0.5917360940064741,0.9005845706742158,-1.2674244096812501
716,0.6166191457744216,1.0999309143832565,1.059102374051076,0.6165798461264814,1.0783281182373445,1.0554739222241585,2.114610687618348,0.462850039223842,1.2019712164208778,1.119185960437377,0.4733240979855306,1.1835736342276844,1.1329989090736583,1.228388118095117,-0.1672323636260275
717,0.5658562132840441,0.24285308114415505,0.2389088488592299,0.5680429812550795,0.2461143011420426,0.2320294067675338,2.064900798393667,0.8268699575102525,0.4303997360832425,0.40813299547488435,0.8291719196288506,0.45167050944407544,0.377679460809729,1.07967593907036,0.8180714910549669
718,1.4803644454032305,1.5556937022398176,1.441731215954457,1.4742948390482356,1.5908631983364951,1.4423189185151462,1.1853742229186979,1.057290931616045,1.1413987248256157,1.2625814025378046,1.0491883077050808,1.1639060302380078,1.320651671079652,0.26120876424706696,-0.8971906400720803
719,-1.776265191150688,-1.7861173715703849,-1.7607608955310834,-1.7717040772504518,-1.7347020980638201,-1.7573558774887255,3.8775843706844393,-1.1995987746259877,-1.531698475751774,-1.572366562884009,-1.1440614369798892,-1.4888093159810423,-1.6122713228123966,2.570587273979621,0.22520659862302603
720,-0.3829518957703094,-0.9245048618592331,-0.8811219890541643,-0.38877026641500145,-0.9390655627043047,-0.9151741748044652,1.9059378730274914,1.362877416130683,0.4541411578933264,0.43245847586414005,1.4143932292368484,0.5118294841738881,0.4867458376558124,-0.5420528158395896,1.631532604509901
721,0.01766461126572123,-0.5188234368791046,-0.5105216458283383,0.028357080345153562,-0.5230424870835686,-0.5463575790658587,2.443122241456772,-0.006960206185408712,-1.3794328961413158,-1.4205810270559949,-0.05659685424577516,-1.3783377440941136,-1.5091597311589549,1.3066742627571244,1.092762962948257
722,0.4778608897438073,0.4455931232156457,0.4305270538347345,0.4458349695038617,0.47991892741087316,0.38440761687459485,1.9064894555603404,-0.3195952594262963,-0.4977181654022871,-0.4816175249563951,-0.3449308503826454,-0.45011145633736954,-0.4839043240593396,1.3555656428143836,-0.1482437795383194
723,0.5382590807846641,-0.25897595632855214,-0.25786083578221625,0.5415183849860556,-0.2605275849911945,-0.2450459304819106,2.112332829113305,0.6970352017362713,-0.711734049009351,-0.6894631153501803,0.7276294198126054,-0.7226589070824728,-0.6490383296201693,0.7397585381219856,1.4681038687983758
724,1.8538169040850538,0.4962966805550527,0.4979514800160744,1.8313375316545348,0.483342595787779,0.49643638322309025,1.3084072366725663,2.1807545586246344,0.33972532380193404,0.3235837586249455,2.1470054060276844,0.37927972074920263,0.23666251735711522,0.2098967714554103,2.6688604014161816
725,1.4992585260309539,0.9780323358709285,0.9530836902866437,1.5306896660826632,1.0120601055994345,0.9790410355278052,1.8786270872823805,1.2012723237229888,0.6829867034397297,0.6891582545237211,1.2025485986512032,0.7093994639346605,0.7158192018487393,1.1062525622550927,0.9561691180959582
726,-0.5385058522717007,-0.6706182740127856,-0.6380461436831999,-0.5225487541795929,-0.6933379220593144,-0.6238470424168471,3.0120565978143206,-0.7203727982891649,-1.151466448129053,-1.0762374641119632,-0.7641380181883677,-1.1919472206957302,-1.07433564077849,2.3589354445128,-0.015400206316724455
727,1.3543813456151246,0.9549817068980412,1.0536917482048698,1.3624053282098305,0.9554598576113674,1.0806806639048714,1.8531783387076848,1.273758444036456,0.6523381301996396,0.700824967763176,1.2641316941329142,0.6346071384416778,0.7524186137782156,0.6053367759594287,1.8524018076664712
728,-0.9531239286766584,-1.297347753363894,-1.2261707314928971,-0.9562407919931548,-1.2955958495851136,-1.1803419245024473,3.246997042356338,-0.6463665155626733,-0.7700763892886351,-0.7387646486085959,-0.6682574000266583,-0.7449254536523872,-0.5786624195867646,2.180187883483434,-0.21215039493020318
729,0.7327117031138144,0.12674659026342652,0.12304569472598716,0.7309522592778778,0.13084913314378122,0.10490015225880478,2.0162413593063304,0.3510095683789136,-1.0926082045670558,-1.0118967985516405,0.3133638661176995,-1.1227904416954322,-1.0380876003731836,1.352466713431454,0.9902790446287877
730,0.4504738182574783,0.23543887547891304,0.24559595087404879,0.4064431670041677,0.2798172901419429,0.23352184066119383,2.8515375899084163,0.12486001321700349,-0.1848840117680584,-0.2073733450777686,0.08921585902323552,-0.1230189229930223,-0.22574108330560178,1.6714130578694257,0.40291560478658134
731,0.30117386909484,0.020075296416613774,0.02075709418799055,0.3142620330596056,0.009289859920240224,0.029219267834511394,1.780100253811776,-0.33620533546440623,-1.158930056932786,-1.182800051566255,-0.31649737618932083,-1.1499169251983,-1.13211505423837,1.4716369620693577,1.0380902051877265
732,-0.4937311860455035,-0.4091915381415918,-0.3994149415748753,-0.48850113535171713,-0.4046079857959321,-0.4013165324133723,2.6068922956986684,-0.4114035743505835,-0.2563654284336197,-0.2545224406368672,-0.44025429183617376,-0.2415777352536469,-0.25446007259157843,1.5439281441932948,-0.543818578915063
733,-0.298756048470091,-0.8987747023293869,-0.6774013414546444,-0.2785517086753525,-0.9322926188043177,-0.7048607997880809,2.8055874617651257,0.7014905972323404,0.27847032874349825,0.24420275386747278,0.6972382003226802,0.3952644928618261,0.3206643989728482,0.635114392286595,0.6663541252529169
734,-0.665137990209046,-0.6169938601891687,-0.6425126606540595,-0.6753295165395051,-0.5995772512392006,-0.6740930300757356,2.7900676511316735,-0.5809328274178484,-0.284934529459803,-0.2665422292385939,-0.545692891745387,-0.28362726985814674,-0.13346491791396714,1.5509603864306643,-0.7754846436466382
735,0.19458508355670742,0.02917866955505001,0.028364230656253705,0.20922479825822854,0.005804116533599078,0.056562526188585684,2.731952917768534,0.4931011756235185,0.2616233985995104,0.2651297519015603,0.4944999284763413,0.2845514694532161,0.31490534712893203,1.400003124518961,0.9580717775425884
736,1.642022550652397,0.9261099127085133,0.8567194986672376,1.6361110661536107,0.9198787393646248,0.8542557111169791,1.2846043643995109,2.101997269276891,0.9239377257061985,0.8695254040025019,2.071683599142396,0.9268325178823097,0.8813630190508775,-0.4989079552874174,2.258876220335782
737,0.8062443498013931,0.47885301886661685,0.48154860858186893,0.8107542346204635,0.5111576455917008,0.4924618775120754,1.9681086006345518,0.5397957732338355,0.1444504451198406,0.13623860323221357,0.4697963347972783,0.06922225083867108,0.15921914577355772,0.838772770257102,0.8037214370520169
738,0.5738715658352898,0.5577821959520904,0.5834557302840936,0.552552311164802,0.5537407872315145,0.6347962228527199,1.4643668773744758,0.12986022585399887,0.23020425657375976,0.23718630864470416,0.07970779828951306,0.23936691731691948,0.26467682220646266,0.8204599824291087,-0.4359094089144684
739,1.871606637404902,1.7142279914647922,1.7170058285515881,1.8411044963017507,1.7417352639050716,1.7066952332195615,1.285030528309449,0.9144976988865315,0.8911355504438978,0.9804865485410081,0.9358422571409518,0.6853345515379189,0.9924267943794782,0.39462482152855005,0.23385542328585104
740,1.2963699253193168,0.3481603763855144,0.32370333655981365,1.2668757102812769,0.3348103897496151,0.32502094303989215,1.304088882162438,2.726300006367766,2.1477369179082393,2.3090147296774735,2.701355783198387,2.18381279458857,2.3387888171567344,-1.0772537393393666,1.7557745039988257
741,1.1519464734475646,0.1175261037645092,0.12244775647122932,1.1418186876808731,0.12541069262369697,0.09485779738007419,1.5402450372049714,1.3541435652262586,0.011245056823244427,0.011801411898868814,1.3687817440849617,-0.005963066711847931,0.016103300591827498,0.49627019442507003,1.7688925854107378
742,0.09511998358508528,-0.15388600124954022,-0.1553993060083534,0.09543004338741476,-0.15685239744504828,-0.1312484735509854,2.7015060119506242,0.49893680006418817,0.20066081487363385,0.19758911062109208,0.47435651707170623,0.1741810139452765,0.20533790224330806,0.8848715290406493,0.6039355141037437
743,-0.4273257539510649,-0.8982434078476463,-1.040084259627793,-0.4433224415750614,-0.8938372862253913,-1.0385520841204823,3.438999329248796,-0.1214389094859244,-0.8019985269294628,-0.9955028201447907,-0.12276189464399452,-0.7752016985042566,-0.9610183612781751,1.933929163080403,0.18127996017077766
744,0.8119852003941707,0.5285323642391129,0.5566588536572995,0.8127353738463327,0.5321476783011484,0.5584253050985877,1.724052398295048,1.4866253721189608,1.250819564437335,1.4111876364470728,1.4808021727708278,1.2656605653621855,1.4074445938571951,0.25817759633477566,0.7318405723295476
745,-0.21434914262075866,-0.5771166059199454,-0.6043376152886085,-0.21695688263119514,-0.5096843232987717,-0.6262200775340814,2.8379468902057003,0.545777829787099,0.00439171607980115,0.004746389821036054,0.5854394219544766,-0.01927722878212612,0.1404373901035587,1.2242477999820562,0.6490391443876404
746,-1.0434439456483382,-1.1241007143350417,-0.8167457770519045,-1.0275109766851807,-1.159368427539658,-0.8318499927835191,3.048168598774203,-0.6343030713840423,-0.6930288831688335,-0.5211901414642273,-0.6691677095781086,-0.7178793533970352,-0.5357186430219658,2.1166571196465345,-0.20648398449269798
747,-0.8417513499344256,-1.0471285317096626,-0.7972341683733059,-0.8371586594652406,-1.0284444958456975,-0.7922122655055333,3.366192176046749,-0.6630151380494659,-1.0041833449737934,-0.9027779945460033,-0.6343889555991409,-0.9479748383927233,-0.9594265564255646,2.560304495932784,0.4786571378311166
748,-0.2505612224778902,-1.6955625365307103,-1.7275261765159955,-0.24736960177968387,-1.731125883366785,-1.7030676273727723,2.514612214790639,0.8577545094369735,-1.3539175533467878,-1.4469153772929673,0.8657509271872905,-1.3861161720938981,-1.4902766523646471,0.9184178488408853,1.3961979238457962
749,0.8502829696637372,0.5437486536990651,0.5786279047131943,0.8754432529534446,0.520342704917354,0.6006296889479551,1.398000677732524,1.2777338911770664,0.8397435025773873,0.8810856438725652,1.2475337880450013,0.7460999516948792,0.8412844915029786,-0.04898151711327998,1.1319571615421717
750,0.48763479474457505,-0.6452687444362157,-0.5816408493053112,0.46515884051640205,-0.6265813088385476,-0.5696218723743279,1.3617591454250086,1.4144321085082405,-0.45862086370690613,-0.4375457537044375,1.3872297441045909,-0.4320656679214794,-0.35869571790242244,-0.06430061188550883,2.4048991877928496
751,0.2539527433277012,0.21882112242688143,0.21936373425344358,0.24417540950516795,0.2356054071293963,0.2274126771932427,2.5124780247545075,0.6560367832320482,0.650136773889356,0.6874929832384494,0.6464720481149062,0.6204467925190145,0.6936930036821319,1.3547706455537727,-0.19458719794427842
752,0.8757442887217073,0.5710246415519104,0.6304810653581822,0.8773805647436739,0.5679078242595879,0.6022714716043526,1.5040375434066844,0.9804057172388485,0.43966858152720834,0.46243696854004546,0.965463764375612,0.46211984722486116,0.4788131216096668,0.3809755802164758,1.1777146593595422
753,0.23998575219728263,-0.1710930637155636,-0.16477313192939091,0.206426612385296,-0.1890890645570166,-0.1598912252445675,2.3097369667588614,0.9317229554366422,0.3130510303490228,0.341972939548536,0.9481723954028978,0.4239411434580889,0.40256547980617274,0.5280950845484587,1.228753750086455
754,0.5804146125686587,0.3914259058106149,0.3898987739948055,0.5632963541907715,0.37918001837919585,0.39065687107705604,2.5105600822722534,1.2033820515202491,1.0305695690312238,1.040056030792566,1.186129809990521,1.0176824576561243,1.0277094963929132,0.8778465036978444,0.3893312393122566
755,-1.0944795855416953,-1.166573361315222,-1.165481832591925,-1.1016187452924835,-1.2275554794156898,-1.1626031699409325,3.1773358141671943,-0.4075823705486331,-0.3431906316518343,-0.36270639282444134,-0.35592930942523177,-0.3559034369896549,-0.2665164032202458,1.4851919720846065,-0.5476034076734021
756,0.3379129610867393,-0.58923112173501,-0.607126661367917,0.3176995654564139,-0.5770928183320275,-0.658395567441547,1.97171748971005,1.1247800618336532,-0.25697846220526355,-0.24493404811434877,1.060685527765409,-0.32560363837060863,-0.1829975083879862,0.45902375277900853,1.5540388711593718
757,-0.14790958388339948,-0.5526920684033416,-0.6031768367859862,-0.15274518091459421,-0.5545599688170065,-0.6236981798620108,2.4684711580170946,-0.286986562225927,-1.068233968164891,-1.1482085707239038,-0.28126815085566087,-1.0538770932787032,-1.1594357918577471,2.1086043439512148,0.8220547564614908
758,-0.5809138646526981,-0.9452481711659767,-0.9715407074948982,-0.5963760312878885,-0.9536314027040784,-0.9780412153606917,3.1554274254908514,-0.2855354390073636,-0.9146030585149912,-0.9426145729023822,-0.28418216624699355,-0.8637669408991405,-0.9353050656569039,1.9751418421972378,0.9359145275729585
759,-1.0869359332947568,-1.6822648118299495,-1.660937877937273,-1.1021938247859697,-1.6857860899855195,-1.669417798979193,3.212683791361699,-0.7676040331359083,-1.802454572786156,-1.7739684304629166,-0.7096609396226481,-1.7970749441600937,-1.7943993278415833,2.039784264400333,1.5230694861202145
760,0.9059353537052082,0.02703643234040473,0.02638743681272854,0.9005706050734055,0.014130105107578811,0.03343943942165826,1.5950467930238281,1.770180969209775,-0.060895588231901554,-0.05916736053424703,1.776140632257104,-0.005913583637515048,-0.07956781183484893,-0.4591889535448021,2.258398293043088
761,-0.47114425315056757,-0.7179476492089164,-0.7497516210359765,-0.44516175638894745,-0.7218027867857936,-0.7688423836509793,3.4462886469499194,0.2289632610474369,-0.019949983723256497,-0.02084047361427421,0.2193494619035762,-0.009898383338631207,-2.0825280846816697e-05,1.6818574371071324,0.1342660789605403
762,0.06415843632481205,-0.09728770583307189,-0.09965678899576229,0.07128672096228883,-0.11454953920222553,-0.05547663009981472,2.122687371742709,0.8973811175297456,0.9275867328232366,1.0351340478046682,0.9654678519664134,0.9149386586262374,1.1026608052458906,0.43454718501376466,0.11454209211445661
763,0.25211494018702235,0.35257883132049816,0.2945722780205839,0.23991838196001936,0.35652670664226266,0.26852774928036477,2.5167129339874457,-0.12207013340255707,0.0378861586714293,0.03091833899267017,-0.06634469565744038,0.03281017827604221,0.0210565289257758,1.5889651738241672,-1.5085085290218123
764,0.4202673762235233,0.07754507360601065,0.08379447882631329,0.42442237019483126,0.07454824059435607,0.07723341431637341,1.4862525984947235,1.323583033061822,0.9720928937113765,1.062562185601802,1.2899908846792498,0.9679618613169607,1.057048503038553,-0.1156128193674764,0.9660950830736083
765,0.5649942181530712,0.3051657385235789,0.281763668128755,0.5738129286811794,0.31183120413941157,0.2746822019855176,1.8926532486516956,0.6583187144568979,0.09586710000969174,0.08811246822371446,0.6132405240183418,0.09432363786913055,0.08715372663632268,0.47195007884350754,0.9704555025193126
766,0.4605962689874846,-0.5442489684351092,-0.52838278990802,0.4556670573824249,-0.5550895873824491,-0.5412128597778222,2.020804705695054,1.3003347214589942,-1.4621220352238338,-1.3839490763702236,1.2760715606861448,-1.4587357416414526,-1.291499109803826,-0.1013273396954197,1.9781293245090048
767,1.138630867359341,0.42676377383980396,0.41264337596582507,1.1573830530313387,0.36567963594197167,0.3844616531755082,1.8546125522387178,0.9108385241048796,-0.2730556356931735,-0.27240207787908494,0.8671756594876437,-0.31711169933964334,-0.28857142294848626,0.6654587629303442,1.3475749674594566
768,-0.5723330523625718,-1.0489571912460858,-0.886739748407759,-0.5318031301903269,-1.003676797604422,-0.8821690337011464,2.949190713588841,-0.05983879802612545,-0.6556560239699877,-0.5068507237143824,-0.12908737684318103,-0.6634232041585107,-0.49035043869542067,1.520904524314986,0.6014926942928512
769,1.3233858742586606,1.0298013001640312,1.229697398850255,1.3014801876024207,1.0287879392675603,1.2333119738291667,1.7470312554562002,0.2556382760234671,-0.22043298450187943,-0.2501283668934367,0.2690266425408663,-0.22233511246317583,-0.24716768045867135,1.7981369815029573,1.1033303953815756
770,2.2527885694279637,1.5992328791554873,1.638923792575343,2.251186243535089,1.5736725890612162,1.6371063819281624,0.8926005675934873,2.044633089183009,1.1962701061118517,1.2951912541048203,2.0335998753646565,1.1717724631565638,1.300633665186245,-0.06676253962700224,1.8102092888116577
771,-1.049175836569113,-1.2409257562293619,-1.2110843830400095,-1.0391520421293838,-1.2316544179767999,-1.197229899795634,3.150560220742434,-1.005991211889586,-1.842541982957071,-1.5561069424695175,-1.015447169010863,-1.8779800347051014,-1.5485093651423985,2.2152425270870095,0.4784845137221627
772,0.8940960861596552,0.36724106617636915,0.3868510156053505,0.9034830992717885,0.3634395377075985,0.3753619519727628,1.1575051800508493,0.8501143545137978,-0.34714428773347444,-0.33543634955288176,0.8422872270431547,-0.3262076740440723,-0.3673924001691957,0.3150374745244145,1.8168639131085793
773,-0.6333175119553618,-1.1006383894031682,-0.9666834857400015,-0.6475117899115185,-1.100909491126381,-0.9636466800804728,3.4476970900423844,-0.6842860158617678,-1.3681667508793722,-1.0735635798322236,-0.6922656150945111,-1.37800458805306,-1.0410604519482707,2.263842499620271,0.7445834907058987
774,0.9896797950514024,-1.180746742782199,-1.1215946493469344,0.9904183218694071,-1.186222844045675,-1.1301898697486794,2.1442909843409446,1.288317506214526,-2.1366927911444336,-1.9010787638775486,1.2914004196952715,-2.14968141468928,-1.9376957140251543,0.7904371117853948,2.9000853735754966
775,2.6133976751303747,2.507345312766646,2.503761648061389,2.625629535869685,2.522425633384047,2.4940215380362756,-0.17898517416228857,2.533563228598235,2.2960097062328306,2.3877854191498202,2.512257729415523,2.328162221480241,2.389715749259808,-1.59352104614297,1.0531685280547602
776,1.4881055086620665,1.529133770525699,1.4540927172304774,1.506687436014721,1.5260110427789875,1.4648642026231333,1.1843350637495544,1.3818180951664791,1.4067607428655444,1.2865330588178185,1.3596251664298298,1.3935334643597312,1.2962763468202287,0.4778475081227624,0.4219841359597301
777,-0.513206421776662,-0.630931466415588,-0.6925800436614037,-0.5229471100246312,-0.6154226908553786,-0.6958913713812248,3.0231053335697786,-0.2691420476803297,-0.3569229961737302,-0.326846328812844,-0.258597939375687,-0.3949539307676577,-0.2919886853595832,1.4233500806721218,0.1765252762414989
778,1.0276782367322437,-0.7496796837418337,-0.8264387926026268,1.0115347309053215,-0.7797116925091958,-0.8471600917053778,1.9510049904544213,1.8132740846288664,-0.9431498587357577,-0.9624596534064823,1.7294125040908748,-1.0393963133078399,-1.012933118198651,0.44645309528647587,2.28209609260126
779,0.5789404085787271,0.2656693911673571,0.24894150003326568,0.5912890960898305,0.2547482969069876,0.2139785048870968,1.9110755486116044,-0.348551336555401,-1.2120675460353676,-1.1042655643187287,-0.3579364764654817,-1.2526409417945852,-1.0839699901899844,1.4029811064980382,1.1765851861717787
780,-0.852366475309835,-1.1624069839668103,-1.1655246938093395,-0.8135277272755944,-1.106145304862354,-1.1110274270392346,3.2469730700648056,-0.41161535325600107,-0.9052448329117336,-0.9364228956973267,-0.42930341529062727,-1.0600577748392275,-0.947932843743115,2.0001927856810857,0.11946431472312086
781,0.47960351950129965,0.48771305229257905,0.46234452277267146,0.47921319587492517,0.4918950842196315,0.4786220977317172,2.3414725194681716,0.802172360824785,1.1637055506538871,1.1558945805078886,0.8119781469615823,1.0759125876977602,1.1720267136646974,0.42781734703082647,-0.7679744229759872
782,0.9494507210133939,0.30644495477654243,0.2919076998511931,0.9510576572905134,0.3131919032176016,0.3023299703258874,2.4662236144929763,0.5380055664023138,-1.1906536643151144,-1.087525088399164,0.5721344980178956,-1.1956858203563885,-1.1096780779225124,1.4045572090180953,1.961856131238216
783,-1.5387349550599636,-1.4432791255851407,-1.519199507562956,-1.5366042176850383,-1.4443892333903319,-1.5436981543874186,3.4085744010150987,-1.5068468287500631,-1.7903896572826752,-1.8336047408653469,-1.4923719753099045,-1.7794177110738099,-1.884288408019676,2.2752957317432445,-0.4559710070437373
784,-1.0997198481610972,-1.4846714588942083,-1.4105182091927153,-1.0980315529582152,-1.484367772333171,-1.3942685465213898,3.03787747898757,0.12524216607327884,-0.6374062487294555,-0.6507863328708309,0.1173923519196379,-0.6858917264874774,-0.6210229963116145,0.9235192590410055,0.8793960712544485
785,0.7446493766541529,0.19212687021710828,0.2420677953969178,0.7768398546531362,0.14219147613345384,0.295618655728118,1.6094615995068293,0.870157214652516,0.13706205763870205,0.18805660329813328,0.877743220965682,0.1309630414037337,0.10062147704890141,0.4743326995230082,1.1168665312995496
786,1.9977942377487958,0.854348398286885,0.7698300169753824,2.001792271913849,0.8370600592448963,0.784163967053428,0.8565419310947031,1.9283769264476303,-0.026611141566090936,-0.023547141097275133,1.9171758508540497,-0.025893572012309535,-0.0428588535921499,-0.15076061795396684,2.4847240503544405
787,0.6629098025334673,0.6048587649042134,0.5766738061519556,0.6686549567815699,0.5805618870895318,0.5512611525239682,1.5838332234929196,0.6450935032561538,0.5879495123310844,0.5545648484897847,0.6803438354612743,0.5846107093642711,0.5177350251895295,0.5938051860243204,0.048362308354323674
788,0.9316421525549946,0.7655243347031855,0.6880386712599222,0.9213807729194368,0.7463309772687003,0.6968763502229247,1.6736976767613017,1.2045564438126328,1.0365601475551336,0.9679516177267363,1.1804906530632449,1.0307996651334537,0.9858044491159699,0.5604403213148413,0.7119580757658633
789,-0.5222477075186427,-0.6435110058887639,-0.6668985141533965,-0.5285476629900551,-0.6360900356534028,-0.6435093550048047,2.3241024957536345,-1.0997829782288775,-1.9586884626937524,-1.961440585601995,-1.1070738683257655,-1.84641388563529,-1.911177202291543,2.1347778378672975,-0.1946839476744438
790,-0.006123618932091144,0.02670114445799086,0.027939699506949,0.023005403430148594,0.04443694073858987,0.018025106726957153,2.2224217468279956,0.9054874042971546,0.9364211502132779,0.9645231086836781,0.9863879725697495,0.9178335043274887,0.9391389780452255,0.28838414594670475,0.12650327886330337
791,0.9658224415899637,0.5692156505669673,0.5836886624761465,0.9754574488777729,0.5621533439156925,0.5722848183656195,1.480511281749144,0.6375356313537911,-0.16113214276041699,-0.17095659805710028,0.6478889237185371,-0.2125951525003126,-0.17585884046184458,0.9509176027154723,0.9784640550417176
792,2.458489339133034,2.108388241945229,2.3760279557967263,2.417921593240848,2.121314546238488,2.3265879564934036,0.09009878741635761,1.662997682610634,1.1342901850656208,1.4786267761407947,1.6670700051672271,1.2315413017901267,1.479016533774007,-0.5832935826359328,1.247675500577342
793,0.7610582108143473,-0.15869895068111378,-0.16041822915073,0.7598444989441885,-0.15687117553661772,-0.1773479623172513,2.124556630828618,1.581995857551429,0.3324554172290595,0.34848719042592924,1.583139318462976,0.34545439335359207,0.31758863511634605,0.37311892673986463,2.5402141524783244
794,-2.6187930769756513,-2.811445361553381,-2.7646249151074653,-2.612284713102696,-2.8331419141567893,-2.7736174925794543,4.327126756056657,-1.5456872406777202,-2.0630035846526757,-2.3880040131476847,-1.5512050258548304,-2.0517789730342493,-2.4600414943807727,2.299497274238425,-0.186441608586147
795,0.9004378237564867,0.37832259240712074,0.34089618669811306,0.9192802850495881,0.40645295908003165,0.35443401685797316,2.3299453135491057,1.069537311090269,0.14349413685904977,0.14654672301784577,0.9852273819814784,0.18937724642396103,0.07793562492937502,0.4395472933534218,1.3737732067662562
796,1.3753645068490323,0.4834925403755229,0.5325785569000195,1.3333628709787395,0.4439602655127105,0.5501889069960381,1.4076585591494586,1.0692762301716654,-0.33895552859747297,-0.3536375465628472,1.0202951328004224,-0.3893122756467767,-0.384837445953573,0.6787553366167928,1.3569394938519916
797,0.022750613270111263,0.13898892298267584,0.1411686832040768,0.062011051512099874,0.15123345620926323,0.1633760650700876,2.2565346920602427,-0.4910062189861648,-0.22187907295592496,-0.22558271542449274,-0.6295484681849541,-0.21751488236907499,-0.19730356889402306,1.6311394191196855,-0.6993490014471712
798,0.9491203296518366,0.5662392967362581,0.6482366367811428,0.9410741300694868,0.5512308264851085,0.663979920347499,2.1263217550062117,1.0679586007130757,0.5736054488327017,0.6017997594493025,1.0626263634062414,0.5468534022773202,0.6214386087143309,0.9094422149695942,0.8539785079535407
799,0.26913872857359133,0.37154036450842903,0.3961777429399922,0.3386357222942747,0.33501189877052284,0.4138130014983332,2.3534647414803582,-1.1793652897521985,-0.9893212168539721,-0.9837441371021401,-1.2214221449434832,-1.0777373013854041,-0.7381019764996227,2.227118125675524,-0.5491255942014385
800,-0.8310507529131997,-0.7841422958688009,-0.7643858434542309,-0.8258085746099013,-0.7294123614329008,-0.803165172516116,3.322232667716431,-1.4042629449161452,-1.9574216443917622,-1.9288034362168898,-1.40754476253595,-2.0873870976360522,-1.8615157332016816,2.4742284282513403,-0.06710885766555673
801,-0.35160754700623603,-1.9822156480305417,-2.0101512223163547,-0.36870882839506436,-1.9904113827793517,-1.9910241888552451,2.2461340920231767,1.079062671044087,-1.2543856826143458,-1.1810889463783327,1.074187699402213,-1.2883222719581715,-1.2190435583272365,0.2595540692813645,2.1518027895018808
802,0.6298135084336954,-0.9947253512837212,-1.0279054541683945,0.6295538791592111,-1.0061991936763093,-1.0420792987916336,2.340509602078366,1.6004441335061859,0.26580555951942225,0.2757319460595585,1.587543460899723,0.30295025832765,0.30987506692155337,0.6132767061801918,1.7230396461245392
803,-0.053584048054547966,-1.1758489343984941,-1.1819204813474768,-0.06386732281660036,-1.1569218331075641,-1.171472187830018,1.9603467128832772,0.5644696530270109,-1.2445471359851805,-1.166537805446823,0.5626553924056972,-1.2739503383874942,-1.1638747028147194,0.8092990776960637,1.8750059477103735
804,-0.4559617169017005,-1.489352616367476,-1.406335241952748,-0.45711086728970024,-1.4893414520127721,-1.4116057302789204,2.546279111775254,0.5753182034226294,-0.8254328380464607,-0.803315791081029,0.5789175057541607,-0.8639315880813869,-0.8188390991795856,0.7284713330947565,1.2939698492827179
805,1.3272744325861934,0.6747179910949276,0.6561187872628035,1.324205037051176,0.6441868834763179,0.6698249383903238,1.3384126632747302,0.7782835178187147,-1.0396731284867968,-0.9980333388064798,0.7935241944166459,-1.0613727876473418,-0.9911588599788639,0.297914275632864,2.549325035547777
806,0.1519246342966818,-0.0782081551908889,-0.07338839373072746,0.15540403577564074,-0.07100750156344278,-0.07413744019365905,2.2987558752457207,0.17312615098840356,-0.16489994492575116,-0.1525919512418833,0.16636110470286788,-0.130333916150015,-0.1394421290076605,1.0814257104675973,1.0706030832115894
807,-0.44577596139348413,-0.7641879829202193,-0.7842711950256691,-0.4513545638409978,-0.7639757380649662,-0.8140942219936684,2.7427106390937928,0.19163143983787437,-0.3519123606492583,-0.3618913987580408,0.10511891895097104,-0.25854489444782097,-0.3411439613013334,1.1428707875908877,1.0775182882332561
808,-0.053885622944852184,-0.8090254863182131,-0.7974263732696748,-0.06065533926447365,-0.7920617487976361,-0.7585881192752343,1.8636709943509304,0.9169234367525384,-0.2302078427492282,-0.25892844396212966,0.9080839070654496,-0.3015057877005689,-0.24209143545877654,0.68079302501697,2.1671219929914627
809,-0.06796356526158699,0.0915536705533674,0.09092489958509588,-0.07176789454793757,0.09953514054984004,0.10914973717305593,2.359260305829944,-1.5093547128060505,-1.207756091961766,-1.1685438203982086,-1.4331100943456645,-1.2184936105005917,-1.1926313207932229,2.293228018808664,-0.4547420424369363
810,1.0130260671138944,0.969536378537699,1.048062346987264,1.004958075454243,0.9709173121711283,1.0776200409023131,2.1868285011074673,0.8009886186002169,0.8177954341258914,0.8148112836148319,0.8012373307549904,0.8385188675766059,0.7988946078332091,1.1234570479182702,0.5312965415508305
811,-1.1595400531525777,-1.8316783523401192,-1.834591444387224,-1.1529338408589445,-1.8690954482807391,-1.8358615852331566,2.7906779545387894,-0.01212701728484244,-1.8392767204696905,-1.7957114342883165,0.004647118842222913,-1.8502629341286752,-1.8093367566048333,0.8929153558461235,1.4402505794942273
812,1.7064715901025758,-0.143084929106342,-0.13997222007251706,1.706348979569929,-0.1490246317063283,-0.14740624364606472,1.7866734526962023,2.469924553022767,0.6144145733083785,0.6122528076513286,2.475017738952211,0.6037025341891512,0.610229643676156,0.3818022620803667,2.5399618172922573
813,0.5560257628920658,-0.5009457641449613,-0.48645110094289945,0.5780099816213269,-0.49300949790780935,-0.5042205936789321,1.9918397189152268,1.2433873302039726,-1.8366270982773774,-1.9251371238144555,1.2297956091209983,-1.9156833761169443,-1.9063658332787334,-0.07348181117972782,2.6491148213400577
814,-1.2904904087802076,-1.4090234457017272,-1.345944981592666,-1.2628401611162317,-1.3963862886647984,-1.3675862331697255,3.7825605605347192,-1.0764629484798967,-1.1094723184387798,-1.112655333258431,-1.0650446721610625,-1.0887831480972312,-1.130918227163231,2.787678598763434,-1.2986117549726541
815,1.4744884689202842,1.0851825245045188,1.0808599701452979,1.4865700977759349,1.0750772054609035,1.0623833245774201,1.3562323935660565,0.5115644847497539,-0.43025787339585103,-0.3850652065605659,0.5014211888303035,-0.38414728588738295,-0.3579519878684754,0.9360144900535068,1.0845939452794755
816,1.1227153778842631,1.0708171981534904,1.0591934941359482,1.1460181705721841,1.069264028794013,1.0447820823554024,1.6301209831617323,0.49831713921164383,0.2535882755999961,0.24618058192145348,0.5076877421481489,0.28939420137581995,0.2356869297580705,1.3173940408939269,0.3574030620854578
817,1.650738719749276,1.5974460993235005,1.6436236602165981,1.6387565430241429,1.5919966672792332,1.6424691493335344,1.6732492122237463,1.0967549638297327,1.0575777445652934,1.1343829074326257,1.104853767223882,1.080559793983744,1.1685295827573354,0.7748278413686748,-0.08637357149239025
818,0.7722229630428301,0.44935866568654287,0.4187245403492825,0.7884059510423425,0.4340053063260429,0.39484080426149165,2.5309433277769733,0.848850001889308,0.07942875580389606,0.08547231551217466,0.842312170734181,0.05620042714729796,0.07336513891175422,1.1473436545985363,1.1389931137112232
819,0.17052253572864434,-0.05662870901719535,-0.060963400884872496,0.1643974750781447,-0.05281768659097513,-0.04560786965018413,2.4911586156784176,0.26605031909265686,-0.34399108713192045,-0.3977316086432846,0.2762914994965277,-0.3422306139489006,-0.4045879029468284,1.1046857518247875,1.5937975958400732
820,0.151906000707483,0.3356938948627108,0.3306559669953978,0.14110271552440493,0.3275943529551637,0.2944759851505723,2.7895331084794646,-0.39007417207260076,-0.14248330877365872,-0.14227524333318287,-0.31058829190313153,-0.20084832316357767,-0.1118850469800591,1.902661014204596,-0.6486283318083687
821,0.7667847714339527,0.5837808070695362,0.5883435462459318,0.7513471934968617,0.561716807090735,0.5902086000492626,1.241223739335645,0.7127290799479611,0.39373203307974486,0.376052360307202,0.6884659267725391,0.3934802816297894,0.37917628162010886,0.34628434604145025,0.6315758736596214
822,-0.6320552414529582,-0.608553674131596,-0.5992124716035881,-0.613028448306167,-0.6050500232123431,-0.6151295707333128,3.018059239888139,-0.680161262946716,-0.7717694640510634,-0.7453620067100178,-0.5954771354616903,-0.8228681183040395,-0.7151454354447889,1.893398636383048,-0.21864966417841
823,2.4338344254890223,0.8475045591141438,0.8628920385726875,2.435538260234988,0.8420045304914971,0.8549239764567035,0.8829454520091361,2.640370535997476,1.0844342856911573,1.132766459422644,2.641087121401212,1.0827906608810398,1.1495660934877332,-0.01770535369411001,2.4076606396954916
824,1.060552084364152,-0.8142828549238417,-0.8676702389564368,1.0971865375004224,-0.8356925400951799,-0.8402474746051156,1.2077819604430684,2.1880381374101927,-0.017253801533055738,-0.017934652950421525,2.176091891538454,-0.02520656800594881,-0.027031333466818203,-0.41341456818195116,2.522278116086984
825,-1.3748620915098373,-1.438010752116692,-1.2363818872507568,-1.3641029820187438,-1.4621459109824477,-1.2230001611223364,3.775191126705063,-1.5324797349762822,-2.083582102351957,-1.696107567277817,-1.4752371056026563,-2.1286222445000154,-1.7262328492561307,2.8552099915218836,-0.57737293080496
826,0.8767036973404265,0.8268978745975549,0.8047774562201737,0.8652976883855565,0.8444172925115417,0.8055778661165941,1.1346537034763364,1.3187732967347026,1.2507017613534506,1.2046967572319163,1.3182148575268655,1.216304672725538,1.2246352682858201,0.039219625469839065,0.6019907652582225
827,-0.6496981125901166,-0.5397848092181443,-0.557992476208942,-0.6413927879304084,-0.47829211691990947,-0.47976396910037344,1.8717797201172652,-0.5736329769386617,-0.38746009759194944,-0.3916798126233345,-0.5013769827467663,-0.35822793352487436,-0.4656637631048351,1.1762350804970796,-0.7502870464399484
828,1.0187936354636153,0.38017781021309904,0.42998428115235016,1.0441311319934012,0.37088658267671243,0.41823537575353487,2.3620239169208057,1.0939689721485593,0.204466946996292,0.21118300628462244,1.100674827592025,0.2027294333520143,0.2940091308231756,0.847445405678626,1.1261362692511696
829,2.247530630424446,2.2080078671131953,2.350167207430341,2.2322660004817507,2.2057926197317292,2.3495531275112613,0.828006881564469,2.5760622208921227,2.651347326875746,3.0174378952724683,2.5985125827113955,2.6584658026522368,3.0141197889688964,-0.34082333854590724,0.27350789379931234
830,-0.5098732570469544,-0.6148446209525839,-0.625551547563255,-0.47866010820851507,-0.6225898725618484,-0.5819389866976357,3.0608143884442893,0.092474872585899,-0.1781202203492394,-0.17905868928270505,0.07487209658404588,-0.11084968070717749,-0.27845811509188634,1.3449000100166588,0.5227693013670639
831,1.3108201553829575,0.013682143835501141,0.016202156426453142,1.2822221880157556,0.017854319152320573,0.08341794145250296,0.6631052039608853,2.4860613682281842,-0.3185441642252179,-0.35667569212896505,2.481536351891938,-0.27972377120186553,-0.2528331585942994,-0.7529322571638317,3.147872651432535
832,-0.47266379830398153,-0.7881212554708664,-0.7843470650312321,-0.4727371526301921,-0.7604186858075649,-0.7823669235189756,3.792579302937809,0.40106567564694606,-0.09819818999556414,-0.10661589434302877,0.39914770772568864,-0.04286677981413155,-0.10269209818378232,1.5351334285605278,1.3241037776633506
833,1.5827269455545143,1.4872617086325295,1.4124569559414353,1.6024847728804277,1.5107925004647955,1.4333293082107146,0.4394513892976299,2.045013644741214,1.9169621168495423,1.7715321154110262,2.0696913740160303,1.8934150804190373,1.7466392809237283,-0.9363728586308612,0.6964968999775655
834,-0.07111540591295108,0.0680546079545086,0.07003082264002573,-0.06654234499217195,0.05874998540885292,0.06385915795735507,2.3996982700262928,-0.0994475990301544,0.11943008427849305,0.12657790093870472,-0.0804359341709306,0.13607522591921883,0.10390793897533536,1.549207997804728,-0.39076421673344935
835,1.4327546373806386,1.5497358492828885,1.5889207581290956,1.4612647576685494,1.5440893903196242,1.6244103215043948,0.8472417258222934,0.08898264867394687,0.3655021197997666,0.43393007698344516,0.09822873073565377,0.3967929861276104,0.42490978958613085,0.8390501883225313,-0.7871722132832437
836,0.02573297159758649,-1.2252029107465134,-1.2594725208030817,0.0408673304793668,-1.2112130565669803,-1.2577964764606469,2.254325007534109,1.2392194091790074,-0.9307737756978416,-0.9766450036216928,1.2101057798231452,-0.9073732731057879,-0.9676300722172851,0.3472124701884764,1.9227432738470933
837,-0.9186494711818495,-0.8307744268472768,-0.8193017517040992,-0.921695381555267,-0.9016283933404924,-0.7849526975635573,2.4838259977856834,-1.197151677874859,-0.9944120091723729,-0.8976644907375844,-1.0495488528584458,-1.041675897042242,-0.8656601882581559,1.9589197409849965,-0.7245954630737745
838,0.15716479066661873,0.20752234369785183,0.22305261433401813,0.17936048217816264,0.20460418650236184,0.23229462355615724,2.143940483764945,0.5623559892018808,0.7260226896840858,0.7450476151903269,0.6117887071237011,0.6680113391680768,0.7807434648562986,0.6515978112956098,-0.8358632422264595
839,-0.5291235822973804,-0.5482443903530826,-0.5150345082095105,-0.5139763268096066,-0.5053533575255085,-0.5329882957089485,3.183453987803812,0.15406444190440954,0.2465324717370428,0.21004920636239013,0.13418447934058383,0.23800926744937495,0.11706428976718503,1.5258200309843455,-0.012518418882877526
840,1.0231074023538504,0.25552907527872726,0.2863010731004247,1.0373787621293564,0.25572178109429083,0.2961788228351988,1.5996437682137108,1.4366621117845515,-0.637668941365159,-0.6926178091790135,1.4323791601926805,-0.697331672081073,-0.6979851160358309,-0.1922861039278369,2.341268214270334
841,1.393408351506853,1.033679607250936,0.9736897590656542,1.394044564266825,0.9943959845112824,0.9693653863806604,1.4260205849420924,0.972487542639972,0.49232585949177715,0.4969230940666948,1.0147423634244954,0.559840270168482,0.5688075248591907,0.7362479131884723,0.5348718647450382
842,-0.6884641590867262,-1.0149502108994284,-1.0384407503674304,-0.7069706392231434,-1.0085178861839972,-1.04308339794917,3.1182830106601975,-0.42073898900215767,-1.1734785454693522,-1.2753133179838738,-0.3999787356527792,-1.1981957372188166,-1.2782687182902035,1.727492937719326,0.98841644745086
843,-0.09296021635008223,-0.4774084402806087,-0.4201056359708202,-0.10389771685812224,-0.46456554085571106,-0.408705334044361,3.0860412681887133,0.9345181449029341,0.3223019756972944,0.29710859675024615,0.9280527738275175,0.33789691949167167,0.32191129534248647,1.3405493062882934,1.2763675135497612
844,-1.189285197325081,-1.024175893614261,-1.073218748856383,-1.1799911390279818,-1.0045195490140304,-1.0533535801721274,3.534180313525797,-0.34153149617350964,-0.10218592851010858,-0.09947202207168436,-0.35369780372067616,-0.11247593270754871,-0.050663952040399675,1.8769158562374442,-0.5818918941743858
845,1.145973431029716,1.2625564078425042,1.3532853263782751,1.1512722179605723,1.2691722411100719,1.3295753194255708,1.6148431623089194,0.27415991612742885,0.7011667881326096,0.6637032344702803,0.213212101554137,0.636246190269868,0.6722083244604361,1.3271183330101473,-0.02813756668612057
846,0.8458869497537472,0.40407899218915394,0.4089643139905706,0.8298773870895148,0.40422026439452635,0.40480830256592515,2.0082868311683915,0.6111553916426159,-0.5805280791633396,-0.5925955153481259,0.5706217540533763,-0.6282602634412069,-0.5753451276669014,0.9935539825019974,0.996394718781866
847,-0.2794296861693147,-0.2632798166371734,-0.2747563306265099,-0.27885608663496436,-0.2525840866840058,-0.26228350693199787,2.782387369117231,0.31173277358839685,0.3737226901578795,0.39037478697946937,0.3188901479536804,0.3852922217832499,0.3773639480326515,1.0479048004786449,-0.19212842162002008
848,-0.44600388260584334,-0.40777739819411163,-0.3730184958361968,-0.429528218605355,-0.41367895610608363,-0.3654266181945507,2.3515605600137484,-0.16078659730879105,-0.25294459618626725,-0.2655679915920033,-0.1300601492859409,-0.2686593456985664,-0.28715047159364054,1.1956316692081768,0.0548982527781216
849,-1.912086301606273,-2.4083766024456508,-2.41843759649464,-1.9171671978335996,-2.423826292647955,-2.427782433192002,4.064648079733003,-0.5435784549214308,-1.1060810249080821,-1.1220030685815758,-0.5430721580575033,-1.1309239716339952,-1.1278854618357521,1.7918455650418739,0.42010527232495104
850,3.3877657321593926,1.7491855576872024,1.7907007309741914,3.390601766407183,1.7477592084338356,1.796290239175698,0.8045523746052127,2.969328858949565,1.0269333799062137,1.1033254810218838,2.959787532876244,1.038664582950301,1.090002287522535,0.15005649689050418,2.6194647581856345
851,1.6741884089994736,1.3207982812894765,1.235578144585669,1.6280260341772332,1.319518116276408,1.2380958344507553,1.3850148452365627,1.679977693022904,1.2175534032415003,1.1727089142242275,1.7167269059466086,1.3014132491317998,1.1913212535812996,0.19328517627862773,1.1017186643967645
852,0.05036042258599745,0.15661935227062831,0.15828395746798138,0.06525256515950457,0.1545902945296622,0.1057914045806936,1.968214304084685,-1.0477860830237373,-0.809190980973033,-0.8306963581501072,-1.0890249737394482,-0.8591255594707268,-0.9454051291760387,2.05362285748881,-0.491881432806582
853,0.35057414727651554,0.5028762547814378,0.6832033322746861,0.34350096256272816,0.5181074283997951,0.6472083836690898,2.5498588854871214,0.2701668289121269,0.5084872576547694,0.6876835889330227,0.24200675643474714,0.4864408563118403,0.7070409584620146,1.292590999293606,-0.10266778415200996
854,0.26800919716594307,-1.0278992530936089,-1.0660222248509348,0.2640420546548342,-1.0068255868844724,-1.0669931286373415,2.847714810114486,0.7859731798475857,-0.6908891325833457,-0.7368317397737021,0.8528890486035416,-0.6873884323815023,-0.7453432838269294,1.456181122167863,1.4657978580403863
855,0.8391096199662571,-0.6612205769578475,-0.6719994560467373,0.8556837480979455,-0.6556916429610408,-0.6781455399603135,1.5121247334026484,1.4621316597096117,-1.2725721216650487,-1.2915636713703766,1.467023047749929,-1.3008575850044208,-1.2804511665093465,0.0796296535987526,2.0188307669417593
856,0.7634111574931102,0.7977765603257274,0.8414742398242386,0.7493549191497079,0.8514578621487169,0.8397288506997436,1.6759876047029145,-0.4781603566504749,-0.6799138472589206,-0.6845194728968276,-0.47407720838243805,-0.6707594521597975,-0.6237375100324425,1.5372675363942514,0.23305882403572462
857,-0.8006455302084616,-0.7170076960541039,-0.6442565146803062,-0.8092875683478411,-0.7256363754472108,-0.6314220412896011,3.309902299422335,-0.9229332794126237,-0.8763013592715022,-0.77349399872582,-0.9624738912970839,-0.8945924867503324,-0.7853180486732085,2.203642974352213,-0.2691912250297596
858,0.8281685812093497,0.4094582597618613,0.3917458593220242,0.8149686694258719,0.43359315976185636,0.38448186585443705,2.1789196053360715,1.0435510936087815,0.19289685648158972,0.1969141931828828,1.0491461939946474,0.16537781800439316,0.20934256353658898,0.7343990664222265,2.029200651725864
859,-1.0891557661492934,-1.074672414731413,-1.0806261213738488,-1.0815743048221236,-1.0757765245062096,-1.0830091580801964,3.3734748862351447,-1.646626815319935,-1.6938293715421884,-1.5981651097348,-1.6305491750168475,-1.63502131892555,-1.5428869273836685,2.7652764586439904,-0.5446807480780149
860,0.3336243872228275,0.3165130271168385,0.3634137488279018,0.3301589386789263,0.30292930997227124,0.36867412565832325,1.9907449030242985,0.43621712906999754,0.374032250754488,0.44267985611541516,0.42856838246961176,0.37694969142979684,0.46363944123465195,0.712645025604089,0.27971764135698457
861,-0.10140830412166653,0.0341485147606086,0.03572510930293221,-0.09185585183067548,0.05610798203069134,0.02257457670303343,2.3451954749209794,-1.2582559030686975,-1.0444254020414667,-1.067985020436517,-1.2772485426524578,-1.0497511341478494,-1.0405568101407656,2.2863409776201307,-0.7683172964082644
862,0.6972998645294413,-1.3947517610010727,-1.3848004712952156,0.6873577310405363,-1.3943330626276473,-1.3809109427150024,1.4397758603144892,2.1502873773315647,-0.8505946481036446,-0.8456999183110921,2.1417620491146336,-0.8386899871569726,-0.7889973204043763,-0.7538912800325785,3.3432159870507143
863,-0.49076363389330285,-1.3393254754198634,-1.326977720326257,-0.4598975278556697,-1.304561348578628,-1.2560933821697828,2.547333340436603,0.5164207267855958,-0.5096218431481143,-0.5693910208370938,0.507845342039634,-0.40724904469794493,-0.6243086003153415,0.7943578805782174,0.8415581934341532
864,0.42596485030859477,-0.13507593807662527,-0.13094806045819415,0.4197833817027691,-0.12408754476298978,-0.12263750319718872,1.8776987060767771,0.972650552866565,0.06199205437728711,0.05912194195550356,0.9945152713748046,0.11914997041523465,0.09602269633072037,0.46119111742377605,1.3593839717217133
865,0.32525648957721465,-0.5579193610197105,-0.5281005210371511,0.3272831506902621,-0.5530522924296423,-0.5334818539641493,2.23998719988673,1.0305555063264207,-0.38257865979424044,-0.3411410777679464,1.04872771298824,-0.400303776079494,-0.2975898078663821,0.4897587160489763,1.865986681731136
866,-0.45609710292583766,-0.85154163821514,-0.8374471801413234,-0.4436849218505587,-0.8719082186411851,-0.8134868741286817,2.9493863491375323,0.6646667410671343,0.28132282302430733,0.27293469510392054,0.6893010516022343,0.3459305132612714,0.24766316268664773,0.7641590057188293,0.7796698376546135
867,-0.30056577601274526,-0.6315851265426699,-0.6452542516749504,-0.3092008487397131,-0.6437064065328343,-0.641787411738056,3.1340891745414723,0.6597932304763742,0.1514221706042926,0.14774621887541914,0.6513441915153785,0.14544291478013863,0.1428837052121307,1.2371047986735313,1.0038267242867625
868,-0.09772073758604641,-0.11218949480575889,-0.12654556048644205,-0.08788933131157177,-0.1579804131821623,-0.09581952933794671,2.423931000196686,0.4423012041854272,0.3761825166392816,0.409589145938054,0.35959200045613243,0.3474627639777981,0.4186266909563729,0.7298993918321579,0.28772734232987124
869,2.178323482414823,1.1972962863385779,1.1326046557874745,2.1408832670458398,1.2276168409906407,1.1474538861028778,0.5992353745264929,2.2769391131201213,1.0787863666225241,1.0083632963001212,2.2875546218980234,1.0278054890498143,1.0418826141120618,-0.1413602020587735,1.7704411298905518
870,0.9769501166785068,0.46464437071039066,0.5186272186407981,0.9773812089225878,0.4571647566102481,0.5233684690231009,1.4091422033924066,1.754451396928032,0.8874726568872618,0.9700362987261902,1.7479149866191641,0.885709947306651,0.9716393613040017,-0.07344006051108184,1.7388862230381457
871,1.496525901299249,0.8456828795474891,0.832673094962554,1.4890268254711958,0.8631475146820423,0.8265067240912092,1.4798201948562648,0.7876503278746889,-0.6722896843744034,-0.6409585718754434,0.7666363379185047,-0.6566252115434628,-0.6043255137104769,0.9749206369844787,1.7257276697069706
872,-0.6339653548708658,-0.5913888715699755,-0.5965478563051319,-0.6768111934941434,-0.5744477550024875,-0.5821855010671907,3.4868970799227847,-0.11063946066786216,-0.006870429193374302,-0.0069028267381374495,-0.06172887886449376,-0.0038816279664246347,0.10748818938552253,2.181496849503086,-0.9592711381866219
873,-0.47250143389242943,-0.9011739633998269,-1.067175065928747,-0.47111715900809764,-0.9181322055162965,-1.0676362992809387,3.5799359689936825,0.36105652947292444,-0.28087576059035985,-0.3218847623879965,0.3243113701537059,-0.3067443805186027,-0.35340504105971354,1.89409372316772,0.8267713017640057
874,-0.5516418331362398,-2.1026633418125025,-2.1836808366560043,-0.5597519648140374,-2.0737929586893826,-2.1900112685203807,2.3705508803128357,1.0568281314644246,-1.565723622668663,-1.5983728241125972,1.0385685231734203,-1.5924359295999082,-1.6055088597248814,-0.012859510502307622,2.0293414029426406
875,1.0686526612039067,-0.518945819432257,-0.4776797938027373,1.0819574965000172,-0.5218131733983379,-0.48456175971215204,1.8958851237323664,2.447598641901004,0.24375583880141322,0.21210072621918258,2.446051750238185,0.23722404708831415,0.2046708538751664,-0.5587501606464135,3.2843527789801072
876,1.1766963010345297,-0.4630424077067593,-0.47275493630440135,1.171663819706754,-0.4534107614035711,-0.46408894972103193,1.4077340413663488,1.682700504283407,-1.5038071486157827,-1.503984287384559,1.700268940281254,-1.4982591028412906,-1.4940334341803816,-0.2071849871755449,2.590775581297741
877,0.11444576421990228,-0.643580056737442,-0.6242394901414583,0.09683346454141294,-0.5875432799347529,-0.5957650444009203,2.2363173438338992,1.0306529381584821,-0.16035255255218406,-0.16487208977178786,1.1398759101032747,-0.18294194161566743,-0.16491021637638717,0.577954854381373,1.6757745545266631
878,-0.2948761579497199,-0.5704453944404516,-0.5366913007067762,-0.2892224117899862,-0.5760191163335809,-0.5240339669624181,3.096516381215896,-0.5869036978971015,-1.2828487062335792,-1.3147270792980545,-0.6160927668126984,-1.2691717195978327,-1.286810712688443,2.205083086644516,1.2541562406469788
879,-0.11211836992972898,0.01687204720804184,0.017133960114407695,-0.10342534746727866,0.005047403417936008,0.037410684697692445,2.501494588823133,0.6648548495725484,1.085571866600772,1.079267622441562,0.633859485177155,1.1005413755087416,1.109821612338607,0.5344332432868059,-1.4771554081434124
880,0.25360841100300685,-0.036318851339447365,-0.036370967877824636,0.2644461427480608,-0.05006892637972099,-0.040678099648363,2.2050520727027614,0.24976910221210266,-0.10888650641636388,-0.1037288385897403,0.27639338864144786,-0.12067136352212748,-0.1335556746786015,1.1940706332815652,0.31212996625864026
881,0.6596220645514043,0.2981081960870066,0.296196547844051,0.6582112940014319,0.29428472577604076,0.2914928021959462,2.7612049946501567,1.3624872404696242,0.9286122017727998,0.9130822460567927,1.3924961078313214,0.8951637982888405,0.8616210140245962,1.0533746312863566,0.9396184289367996
882,-1.4505112185828428,-1.4696129132975673,-1.3286872031842654,-1.465390096813362,-1.4757375202487573,-1.3368566185454198,3.1436808150945894,-1.0529698355155421,-0.9444726163978431,-0.9219154510251614,-1.0440036429847115,-0.9074815509417021,-0.9217011106482794,2.3631921963502913,-0.8391469354994668
883,1.219296552787025,0.6364131265052647,0.6437142276348609,1.2017749022442632,0.6420230926136492,0.6748177765316243,1.5569603624713528,1.9361046804162243,0.9260953374806955,0.907028042856834,2.1485812203417334,0.8948816434094649,0.9711604853137832,-0.4031435168378152,1.9143639914337034
884,-1.5839603505169306,-1.2575364140272098,-1.3249966846115981,-1.6072600153256245,-1.3139190092260422,-1.339341842562468,3.3597055215795346,-2.9853188746100243,-2.40966431375573,-2.6100449066882057,-3.0384471433354707,-2.439548791368254,-2.700761117255044,3.5390193434115256,-2.0338416315298415
885,-1.2925830865869652,-1.3653332338303714,-1.2916902883960153,-1.29755065014426,-1.3702995535573288,-1.2727409941847685,4.235776865132158,-0.17807452036331173,-0.20168531812250845,-0.18438030625539162,-0.11604726192226565,-0.18197295859355944,-0.24741825574555762,1.6423200179657618,-0.07493125379410315
886,1.024721529630747,-0.20623503601311977,-0.19932547022925928,1.021763072485374,-0.2039599282030149,-0.17334986844236563,1.4364612231324994,1.823261164487673,-0.48346748106091963,-0.47209757662701396,1.825251839183652,-0.49704951207516473,-0.5177312188476518,-0.23149451256521208,2.056268300974866
887,1.98907213464441,1.613103764274726,1.698022104172525,2.0003392123770953,1.614064377909772,1.7029353963801717,1.890567339539967,2.1784472760813243,1.7180272702371187,1.863800064271434,2.140442505280684,1.7336363148923533,1.8619053958264797,0.4035419560616656,1.0251784828666157
888,-0.6052235427429441,-1.4132252993536307,-1.3350541722239984,-0.5952599692523503,-1.3996381814607994,-1.3197372274215409,2.872901328554997,0.05651045227165853,-1.1786013047772745,-1.1983198819371688,0.0981542677196699,-1.175157660167712,-1.106061182444896,1.350793202460084,0.6585900190158724
889,-0.6562775132596309,-0.612317731570842,-0.6275371323519666,-0.6399396769587746,-0.6094914003638782,-0.6324756202357711,3.5957690669843934,-0.34433791177442963,-0.5420458612487723,-0.610794021878324,-0.3436605110110618,-0.5457796568183059,-0.624320097189667,2.152560625343876,-0.7321036087982908
890,0.21361902826244672,0.25312396030949746,0.29470158023308296,0.23026835151954564,0.2498398842289115,0.28431991400176115,2.4637979109494728,0.34986781230732106,0.562610325451146,0.6133669915315636,0.3485108894369336,0.5217896181653473,0.577385857833109,0.9009131036867799,-0.6132686985050698
891,0.3993831066702896,-0.3650237867402424,-0.3710690117886437,0.39940204921184175,-0.40307900719547607,-0.36759994205770247,2.1380885868856003,0.9867367844277084,0.017287471515492904,0.01682186579658815,0.9417263925338988,-0.03982084194141437,0.018701160625966325,0.8081702707245302,1.2312231997504715
892,0.15897406002853368,0.1404098821015909,0.1772953328955699,0.1773264320917443,0.14279444003115205,0.1009156334603591,2.506572145623621,-0.41173476206398973,-0.31267862646473543,-0.3258873634792343,-0.4208001391162584,-0.28323554354050506,-0.32911702112189356,1.3472182343238335,-0.4225528095998186
893,-1.3716225343927098,-1.6582766826475555,-1.7029838962431068,-1.4108769291703422,-1.6666555107597454,-1.760801815026559,3.163913769233091,-0.3192405542836893,-0.9635262415767148,-1.2324533952654004,-0.2500284818783934,-1.0067335819581418,-1.173304928609981,1.9472406366900672,1.6432783849936574
894,-1.2415977424725986,-1.1513084290321882,-1.1193906857077007,-1.2617982778484376,-1.1365359969355393,-1.064050490877939,3.6265294249613804,-0.647317955532495,-0.41177810231052653,-0.4561238167761601,-0.681426854385653,-0.28611704799513293,-0.2864441100939875,1.5998495439030405,-1.2089845317242094
895,-0.200089898275988,-0.8272074625742502,-0.8774915236258427,-0.20017595951938866,-0.8091844017140257,-0.8755393840910289,2.9348234649307137,0.47540658560916066,-0.32427783065466864,-0.3504254834525354,0.4553482735958792,-0.32705110569624607,-0.37037700019588715,1.3424608934362565,1.24096875484724
896,0.8562373480831987,0.7895930685434024,0.7808281979875896,0.8507203904053906,0.7646113901201353,0.7802603462130024,2.6258086861174617,-1.1512585977421814,-2.1404906050358594,-2.170409965342372,-1.1535412707156412,-2.0709653944440056,-2.1530803124282896,2.2434300071493016,0.6121361143552506
897,-0.06786555474354558,0.0258178725250521,0.027239883264550305,0.028302419337611153,-0.014235808373529567,0.03425863248270414,2.5822097275377645,-1.3226080450970763,-1.1652468464222079,-1.9355741631393848,-1.333238148559984,-1.1723232174399367,-1.9508016122549576,2.145898733276132,-0.7275732288139107
898,2.1938015511159836,1.0361823417149625,1.061084429952905,2.19516560792169,1.0400213578037587,1.043467803633784,0.6855414970899153,2.381438277610401,1.0889998970861123,1.1148757983518498,2.376707378422103,1.068611772047014,1.0861554318519753,-0.15866220245556606,2.1320729910567753
899,0.27308593333105624,0.2910130210313068,0.27766137793931117,0.30090103314533473,0.2872752725387473,0.3083999634726634,2.4446609224540365,-0.5128906052497316,-0.43249766176034776,-0.42945463867568406,-0.4902359742077854,-0.40659065602216427,-0.5018646839689295,1.9511605293851446,-0.742501455137252
900,-1.3928520492083092,-1.785663738164358,-1.9706447485092446,-1.3836652214580938,-1.8568070743350438,-1.9710603382337497,3.5482707424115225,0.19977655203270583,-0.6334335357810987,-0.667186028758098,0.23022445291526183,-0.7448789757525142,-0.7654011801955324,1.341142203259251,0.70584896979308
901,1.8713428121969076,0.42117477427121336,0.3857494010590488,1.8706833120052206,0.4139734326227408,0.3776449372359958,0.8554191870590431,2.2850609288739947,0.4990587951496667,0.4994733686721053,2.2935135786078917,0.46952355422092534,0.47810406797364996,-0.5502361967347296,2.417593235160752
902,0.280562075259752,0.19390298231368516,0.19074841188332187,0.2613181458593765,0.23634571908160348,0.22101010516956704,2.255327015807601,0.42991665612100993,0.3538551872399393,0.3583707168781151,0.4481429910474069,0.35075404725163034,0.3128738335621862,1.0281310564135917,0.37633459067161973
903,1.9768119042794965,1.5757817987469391,1.5911773749790878,1.9338286935971236,1.5071136755793986,1.553195530595882,1.2057145084265564,0.9971172183401499,0.4501371801423523,0.48998413748005154,1.0759579294693036,0.36576479061460404,0.3971743516180682,0.6423275873053541,0.8667215877953046
904,1.4120896661037738,1.1893426125367825,1.1122964781913898,1.4109939185434208,1.197853259521854,1.1062322750220492,1.7830023109862427,0.8092083310582898,0.10463304264127822,0.0976425756117206,0.791509236618029,0.08711373307802399,0.0838563139842271,0.9810463344402047,1.2749084081330804
905,0.28968213559397027,0.6488172261511015,0.7153181014924856,0.3334839248050563,0.6144076427229779,0.7823365267177433,2.4323153183459914,-0.1452115205679967,0.6437309001090201,0.6898861271793203,-0.23866443847646948,0.5656094429133092,0.6307500907931329,1.4543810313362413,-0.3497521016309543
906,1.8796783014845706,1.9495380307468873,1.9432887887682155,1.8819230330591126,1.9427368543257613,1.9541604173071714,0.7532320067392072,1.0888330568958222,1.2637060730720044,1.2594222841588887,1.0984596000770275,1.2764510475001534,1.259136348086462,0.4992873608121359,-0.4917228112834601
907,0.6972993033567829,1.142176834499035,1.119659181073966,0.714245947179148,1.1488373988786027,1.1301580950303947,2.5224002755541988,0.4987313621703021,1.2287700345036847,1.2341141358030818,0.5142696728358267,1.2113165780555526,1.238238085253413,1.8097288251711539,-1.6843806218554085
908,1.2374535415163694,0.2841465936584478,0.2659718869283713,1.2349540376381056,0.3098094001062153,0.291544494344146,1.8223727992075724,0.9568256551492208,-0.40564410418087826,-0.36621396747191026,0.9642820613233418,-0.4558099357618694,-0.34560796293008295,1.2735553212346782,2.209793361053111
909,-0.9512734207936103,-0.8807196103952863,-1.136595440061562,-0.9364215507269601,-0.887433240340578,-1.131086700147258,2.0242383966186925,-0.6744410544769256,-0.4610201489031704,-0.6633736163925955,-0.628586740231525,-0.47285914216203995,-0.7168825724006367,1.304231923155313,-1.0853134432050853
910,-0.493527832202504,-0.3880681060653184,-0.39035597430951374,-0.44454469405636293,-0.4233701798434179,-0.3141242986241323,2.659760502036835,-0.49232066173654987,-0.302635883284045,-0.3316578023085316,-0.45887288271314103,-0.35528580585771724,-0.3471054777786669,1.4379238257777043,-1.0214686951504641
911,0.5130173956144375,-0.1392031772241003,-0.13588949211828336,0.5109289387692185,-0.13256340512927267,-0.13427922288533198,2.0848686901572937,-0.07450140965642772,-1.2051619630110473,-1.2078975582460438,-0.07190014227674922,-1.1909258801578404,-1.2277265868993417,1.5298050773442666,1.0850678669386198
912,0.3079911336950459,0.11263885023483634,0.11294172122656236,0.3203454375603079,0.07733998128204327,0.1346510205204836,2.327608100312571,0.5510393289373525,0.20852173234015553,0.20600455759929923,0.5022235186266991,0.1913859003696801,0.20900782604673,0.8265173426477975,0.4977962714279788
913,0.705535978634228,-0.5286578813860128,-0.5290271279794488,0.7129700510440351,-0.5112426958921931,-0.5258009006489294,2.23294114805747,2.4079482503486775,0.46470708622379386,0.4541586972313366,2.455784409197498,0.41491412622367163,0.4499963805187186,-0.5529612200882777,2.448156598959964
914,-0.1465471545121166,-1.0901305355877842,-1.167970921211568,-0.14734262530082032,-1.106525387485196,-1.1593459092364669,2.759454753355092,0.43498271127063304,-1.0263623871558356,-1.0971981008806901,0.4508226106162107,-0.9782463412738495,-1.1063423092318028,0.938930553058838,1.3426095882672282
915,1.7218996675974405,-0.44037747766358665,-0.41095476313617174,1.724846450920674,-0.44455305099135806,-0.42559178829147964,1.3517856566112423,2.3106901373009947,-1.3920028282466699,-1.3710424017465466,2.3078582148397833,-1.3822357037328366,-1.3391492555034905,-0.055355071169541775,2.9807363073488484
916,0.17262694346152221,-0.30371707146279797,-0.3168535441891101,0.16894516296101175,-0.26388744596184993,-0.3117312056410757,2.0575435600788996,1.4755594634218199,1.2644779618995567,1.360021195546103,1.4503795871733056,1.3044031250343073,1.3332241752531866,-0.18842804471305966,0.8164531619650602
917,0.5072161810735446,-0.00914403770041465,-0.011308115886540139,0.5264069114170734,0.028632900460934946,0.01866439872115807,3.20078799604392,0.6899301294737288,0.12735868858042124,0.13259121531636633,0.6176440444451564,0.12389116154580043,0.03896249130376543,0.6240467415663254,0.5578318623812563
918,0.9743916007491443,0.4465120935532161,0.4228015117116489,0.9813472561584927,0.4398923358827438,0.4146854834890349,1.2415339948324216,1.3340628928250629,0.6407848741147031,0.5662994113798011,1.3268398047233623,0.6396850509875465,0.5654311890215366,0.07043159028262047,1.4929519090750076
919,0.27705424067638373,0.18949121253333695,0.2046316335592335,0.28728716110689373,0.19031510719383712,0.2140035570523006,2.337714135311577,0.07594221697400924,-0.1394470391282126,-0.15446651373677595,0.05521444453294468,-0.14246233768895553,-0.17839877315987454,1.3280098113912127,0.5569228605790312
920,0.3476158432642933,0.5653041857446272,0.5561302646941395,0.34316830774806495,0.5841751301407166,0.6062413215570969,2.10401857757269,-0.7826696759685668,-0.06762687351215381,-0.06868899957428981,-0.8431092158430764,-0.05332580412340877,-0.020184957302767672,1.6478509072433634,-2.5392403503265073
921,1.1982306768405657,0.8917929791717198,0.845860009887217,1.1796390394855965,0.8894328015686437,0.8546806457777228,1.1446165462691016,0.37771179149048983,-0.014721945665738775,-0.01518601958317099,0.4011926103627225,0.014910241469922004,-0.03749676350792069,1.0110792978531409,0.7956062826080639
922,-0.09146071196819362,-0.16098517061978662,-0.16019862366165102,-0.04059717512695084,-0.1548414560019239,-0.17708378145929826,2.2063654896340275,-0.3394387376111958,-0.5283669898167525,-0.5589900113588933,-0.30607866975636655,-0.4497058793143207,-0.47017284490313527,1.2363545541547802,0.39212223686927206
923,0.33406341948449536,-0.7749124614249976,-0.7618123540407382,0.34955377733522713,-0.8508244793508551,-0.7659394942057842,2.132357204392396,0.9683432731820732,-0.5470793210462573,-0.5674829010232421,1.042081095284978,-0.5984726282045465,-0.3185797923197889,0.5106854444349367,1.4080389570376883
924,1.3418828213798943,0.3734824113230052,0.3658084443239293,1.3168737010208693,0.3821725126779744,0.33520969115813243,1.6985341814253732,1.6636582026439428,0.37089955985229767,0.35693427460990335,1.6652176474982259,0.32202636635563814,0.3145957510001368,0.46712308771746835,1.804536899430538
925,1.5773383554849707,0.5949445425147672,0.5752546673719796,1.5359000914437757,0.5938164387500061,0.5672952355296332,0.7579394558029091,2.31270066952589,0.744941191991815,0.768085990164861,2.265830572135766,0.8579115808660164,0.7701871336309442,-0.7657184409989403,2.250414372826504
926,0.2166163196670992,0.20427954168140838,0.19623801186085105,0.18651472920597836,0.2155776846328822,0.2128308673470659,2.0235261446857487,0.5274573560856858,0.5764958458149313,0.5691796612219945,0.525795824232111,0.5845602019298377,0.6030410747859946,0.7780739744696876,-0.47522720220599124
927,0.19176631965648697,0.25869305668120945,0.2843076125549502,0.20753498323985275,0.26405675814843016,0.259693397989921,2.2441140793864722,0.536052809779002,0.6873326694521881,0.6546106630231768,0.47671727939916664,0.6645910130863668,0.6744473185074968,0.8200951587547507,-1.7450108097150299
928,1.0932217783528342,-0.010083436481343919,-0.010104256305129776,1.1060869202951809,0.031520398065113,-0.04611865820529614,2.0303341472780456,1.9878073645784613,0.7842906139986684,0.7748510331820746,1.9327238003178295,0.755387832657567,0.7774477501253011,0.1337559097460567,2.007285618857352
929,1.1860696474715253,0.9547736331764078,1.0554868679784253,1.1900124354169783,0.9687568061205393,1.060523255627172,2.279245759186353,-0.1391916991896004,-1.0091726169391038,-0.992227179067467,-0.1242992595508691,-0.9998753058557899,-0.978799070843489,1.763326027391993,1.5733979603550878
930,1.3075273108197525,0.7444283475501497,0.7098859054609108,1.3220866820069737,0.7484568303465008,0.7104381766690682,1.1060334958722475,1.39221260558724,0.6148945260029623,0.5546349995541713,1.372282905776311,0.6030604149592332,0.5326191448912202,0.3961648269591844,1.1666700437653477
931,3.193769758457412,3.1269191035972006,3.283471771257285,3.202843283699129,3.1223519764688197,3.279834089742387,-0.6177845226514013,3.374237673503608,3.7617023487368737,3.9585977192599517,3.38187491002501,3.69336986160305,3.923704891496126,-2.068961611802376,0.914280539339975
932,0.7491604080950595,0.22510852959319547,0.23718584763060377,0.7428690814810921,0.23806064386012168,0.2304878592572898,2.2469797984511195,1.344894239487717,0.7738646305995192,0.7913309479319117,1.3342435600855909,0.7655428475014608,0.8282176529356582,0.6793534793301969,1.288185695954155
933,1.5039015114784098,1.0445949830235224,1.0390964043136512,1.499283030889965,1.0256158457633062,1.040929583526604,1.5893395102002175,1.3561920435148598,0.6834744965082127,0.6838359668652239,1.3753881351876132,0.6707417056945056,0.7161187890599495,0.5299219336504712,1.1145424879136117
934,0.8672173731309458,-0.4691184606530067,-0.4664994582745678,0.8602336431556108,-0.4664888409796254,-0.46673454675582376,2.138431060809709,1.5656777094266174,0.12778054708655795,0.1284427163503075,1.5649974895217609,0.12638295657173768,0.12629787629325886,1.0363136089862257,2.895394536729214
935,-1.581655915801196,-1.6336846301918522,-1.5737664920414858,-1.590882551866851,-1.605175141987604,-1.6072658057232356,4.016507402410976,-0.5686132350224326,-0.7540967776668971,-0.7430837527660513,-0.5742016625510646,-0.714820616642155,-0.8105458439264152,1.8113247272897015,0.27282651162256366
936,2.279974668393171,1.5007686323800336,1.426203813018835,2.298953723295516,1.5030560789865546,1.4161436724170746,0.20744847832792704,2.3919520605825024,1.2617735223742799,1.2070968388145482,2.3801301940332347,1.2553516447373192,1.2031809754937646,-0.9633036390324439,2.0833613005037264
937,-0.028205357364457565,-0.1890489217083672,-0.1950509525898398,-0.06352891447350441,-0.15953130234117235,-0.2726846655415073,2.1064866245945986,-1.0145878226038165,-1.9065058188169834,-1.9000619610238205,-0.9934625140490165,-1.7743463531587407,-1.902255076773715,1.70653398635936,0.5167494014899957
938,0.7887088242581843,0.395154814130236,0.42446854649814414,0.8027389357578817,0.4103118731375746,0.4562031231114576,0.9793508013065588,1.4398472051993816,0.6567442415941969,0.695632467472659,1.461905697824104,0.7208596263489373,0.6560983005058338,-0.2282569533783428,1.4021214070195003
939,-0.42129245376692775,-0.9695857622103744,-1.0074310633966237,-0.42463004883026795,-0.9840130263493905,-1.0373409835236667,2.479775978285979,0.7950633883851487,-0.1744513371997378,-0.184492655766937,0.7791783194303861,-0.21809766139393913,-0.1657262753973648,0.3719542084687145,1.2920234625571263
940,1.1926382044763209,0.7184102731815311,0.7514583653349709,1.1851531809598927,0.7146141325963477,0.7588005660421827,1.931526710712714,0.8679828990553231,-0.2951970196353784,-0.3241108460527066,0.8143500575466759,-0.3364916727920356,-0.274968992839759,0.9704885234240522,1.4948797995018779
941,2.1167229086346566,2.1233559122706844,2.190860167762359,2.1483415812283986,2.100956557260982,2.198066164373505,1.1642181089932684,-0.05778671005306466,-0.18190901804847937,-0.17592982825966896,-0.059140310473449385,-0.22753643300844664,-0.2540376675647306,1.2737365100050024,-0.002230088775718756
942,1.0866742711286725,-0.049550501142252325,-0.04258010693113848,1.1123496403368922,-0.052303996946631896,-0.07097055508373361,1.6895723918376606,2.2047721287041853,0.09762835900942146,0.09106147604430499,2.293874856964872,0.13139232570149895,0.13232241544444165,-0.1696872861387466,3.373702467104478
943,1.3074936591223814,0.3546171094521678,0.3507515408846773,1.3063873899379985,0.3476518327098148,0.3655887601281461,0.9205270039813764,1.942166216328803,0.4647268916478587,0.4570640772617262,1.9612267113821897,0.453567152493413,0.4816013159219315,-0.5565808401552924,2.2043613301374405
944,-0.14157612138206424,-0.5579897740054186,-0.5378953506417105,-0.15795433384234078,-0.5670965318274435,-0.5455259081700189,2.55620679442347,-0.27351355457334803,-1.1945959905311185,-1.1038625970796887,-0.21600098459102568,-1.213246261580274,-1.1431747055491257,1.7745754874295223,0.7071922185746821
945,2.2530792588938975,1.3426242322530924,1.2898818353026176,2.2532602382574205,1.3428735228334372,1.278977485508137,0.8801227508663686,2.437569088658408,1.3256834214087587,1.2107230103148594,2.421575700450242,1.3520304721677268,1.1887604525127604,-0.49434069488195637,2.0633209484322528
946,3.8359971828787844,1.169922844058448,1.15344159588616,3.8002506380567924,1.14859721726913,1.171238981867992,-0.7630105099065212,4.189506690626554,-0.080575139192819,-0.07224344323284691,4.2249401313031045,-0.1811004653337442,-0.17593923340519843,-1.8149957414523474,4.274544745129176
947,1.314412371948014,0.6079605896818809,0.6719500666650877,1.3404459456967237,0.5881130610259451,0.653318865364859,1.73654362060758,0.9515629653737622,-0.2589295011488391,-0.2545428217070107,0.9252385524546285,-0.2739798546328699,-0.25584735310642553,1.0698560448354744,2.539364233578558
948,1.991145292611977,-0.9624022437196215,-0.957713694460919,1.9880374433862757,-0.9877852008604279,-0.9490081393655315,0.7341268923451391,2.490702620414846,-1.4056955202321224,-1.3953834897831296,2.4864428854303253,-1.3982406724272016,-1.3679545226596757,-0.18689220212607482,3.214684895155565
949,1.0484253621796062,0.2251929079483269,0.24270379288592794,1.0659338944632986,0.2038220478223569,0.23358232814246657,1.5527202992183515,1.6270003917082143,0.1915552864526623,0.19761497912358475,1.5931210178662578,0.12545781911559728,0.2551034989317356,-0.06501369598361656,1.986654263615887
950,0.47114865250807486,0.6659334820214565,0.5704682191587204,0.43371236359226345,0.7053233826022856,0.5601344591145792,2.38397047224993,0.7814270192597637,1.0899506356486817,0.9224240047617485,0.8100965056170869,1.0713242018628868,0.9528260688667786,1.0784793258695033,-1.0210873812637968
951,-0.3888370746920365,-0.3144789791672218,-0.3240047315034288,-0.42519387434261763,-0.31699747011471924,-0.32389085408874274,2.9289243420429956,-0.864892251131967,-0.365767386863374,-0.4289711720139551,-0.7787439410547379,-0.3554142500318447,-0.5681789303523349,1.850191541451576,-0.5432286677987599
952,2.028757560074109,0.9322759096443175,0.9910641488863488,1.963983631435618,0.9524544069660354,1.0165623656672353,1.0019410815889782,2.2742338433590197,0.9940889185627344,1.1005162535518842,2.286839137770651,1.0743781029466555,1.1018215928402533,-0.30339077264681774,2.103796927836696
953,1.074142097735932,0.718273660476278,0.8146139648692051,1.068784498541109,0.7103699977810882,0.8202718024206427,2.2275191028717125,1.2225322216442756,0.5903952343009602,0.6761328909651785,1.2318388604259523,0.5911212461896798,0.7490456467202226,1.116205830632132,1.5822097680989442
954,-0.8203664668682202,-0.7626156854989106,-0.824811178179991,-0.8126960972791918,-0.7686533048143925,-0.8281764642709324,4.068676106059894,-0.07780041680334768,0.09066297224176724,0.0814768252763162,-0.02964143319632804,0.08642253652058025,0.08303876789557833,1.8429075358488207,-0.46159868663838727
955,0.8989813201558842,0.13529473781538767,0.11539980795696199,0.9051828281216681,0.12969818924536358,0.11404885311743415,0.8718700256969382,1.631685319587345,0.1279296902357875,0.10852423941036263,1.6812926934915604,0.06148315861546552,0.06310993079963353,-0.5525748314000708,1.799616536342095
956,-0.19104006544079227,-0.7833686507106481,-0.8507292455833244,-0.1998640002942632,-0.781816268519087,-0.8561319443440099,2.9876072202926425,0.6528811112531758,-0.14315553721956298,-0.14686611671734454,0.6221320451649524,-0.13642197540134732,-0.18059077528748974,0.9309781331895638,1.4810836152697395
957,0.7973282801005732,-0.855846783660867,-0.8791550272607759,0.8182050393122775,-0.8462129683240003,-0.8646672990210895,1.5506447067183788,1.470715417787576,-0.9664586919478697,-0.9232789422690867,1.4970141709094236,-1.0100862895366045,-0.8916194693736331,0.3056768562215562,1.9446048390671333
958,0.7373371493938069,0.15160089461478735,0.13241382175677352,0.7399564831576246,0.15944021403346742,0.12889521666459533,2.451784589930492,-0.08755375426376782,-2.098087753826891,-1.5152330534342555,-0.09485001859806047,-2.097893102915889,-1.48213607300365,1.7403428939826595,1.297784002462926
959,-1.0052502408121622,-0.6205702546379095,-0.7533066052472807,-0.9932762000855353,-0.6677248709228456,-0.756831980332825,3.5137631438348222,-1.6747696237592746,-0.9106472870572591,-1.1879048475479208,-1.6555042030067628,-0.913656421322079,-1.1279372279530895,3.206873643121004,-2.290629100060895
960,1.4616162121537803,0.4746128477333517,0.5116293807399354,1.4534050601995,0.5049713172735107,0.47483134321184706,1.5309072303864302,1.296835448631027,-0.3423850694125359,-0.3350087964566288,1.3367852508114983,-0.3156564469974069,-0.3540052283700608,0.689464943108665,2.1486060683401385
961,1.1099338100898841,1.0251445920941578,1.0959232667735521,1.1065323257430244,1.0583896994423294,1.1041471679147359,1.301213750426526,1.163787808936412,1.1012805800646348,1.1936155224767413,1.2345806266161288,1.1289334018084958,1.1774270920640162,0.4717462942392043,0.1634666936645099
962,-1.3471816788371416,-1.273897510310914,-1.257088345600781,-1.3459280373893037,-1.304302367434588,-1.259621759037206,3.647408975772319,-1.5894352918905894,-1.606529502677544,-1.6164218355948954,-1.5827910954476625,-1.6082902039262108,-1.6312823641395835,2.5459029495773358,-0.23009559906103905
963,2.480949167202755,0.54297480784006,0.5510675298252474,2.4830542080462106,0.515891791448359,0.5415392983983681,0.5250097138387213,2.8297909050573975,0.5489525174812528,0.5662681851232468,2.849699009179592,0.527381994400926,0.5863376942911787,-0.4580197108812536,3.1568246278760044
964,-0.9033813898367645,-0.8984040977687497,-0.8987517186374699,-0.8605287147574746,-0.8586113063126067,-0.9179648034679607,3.321315075735998,-0.9996226495770144,-1.4063940101364985,-1.4058094888035302,-0.9627565827329815,-1.4357556617943095,-1.2691490353132802,2.2914104986428034,-0.21989996701776812
965,0.5242955118222465,-0.141480649029094,-0.12870300415173522,0.5317230005826414,-0.1687903168831779,-0.11277985619672731,2.270237773483337,1.0898344240475921,-0.35524869234385154,-0.36027251566361757,1.0357445234522722,-0.27540684508776964,-0.41336020726925843,0.727079532780253,1.3487215968851025
966,2.6410223160127906,1.6691382779726576,1.8005048206589118,2.6558956025037763,1.6655803370286935,1.7881268875891847,0.06270442351116992,3.1709916565806586,2.2007229491067943,2.3251900470583315,3.1877900778179633,2.212198174024946,2.3284375945852975,-1.0526682292478857,2.4583370954359545
967,-0.9466001300989845,-0.9186792701641565,-0.8723500877338628,-0.9486400029150325,-0.9111822078599422,-0.8922389582100504,2.770848392713675,-0.7195197288570017,-0.710006618396239,-0.6620698460751532,-0.6907090950237189,-0.6976752132610454,-0.6528265985915939,1.678321989290144,-0.1387366750070931
968,0.16740811443566578,0.1441672884820148,0.14903783565487164,0.18416726861190533,0.12688057875635544,0.08923817367604121,2.757829325058116,0.08769758342911212,-0.04428528873820564,-0.045289179552613364,0.055306770670693624,-0.032617986993769034,-0.007119920000541997,1.3986929547994384,0.32779532391905214
969,2.1965597039969444,1.8368672042297485,1.9078267047812205,2.1928605218658266,1.840376655078729,1.915751645812151,1.040406972142191,2.3356908587877165,1.855162140832243,1.9810185969893728,2.327380572717049,1.8763393354460576,1.9669247717194331,-0.1405785839343186,1.5053521498398639
970,0.5880840131196898,0.12710961735148207,0.13008387305749858,0.5933570603361279,0.14742541556232786,0.13708601958465141,2.4087694272058697,1.6671213031428556,0.9859059111627256,0.9834958115231549,1.6873856553341664,1.0195887487659885,0.9820662899835623,0.12347200538804629,1.2946729107856287
971,0.18717297839367877,-0.4564472887592354,-0.4205795573131747,0.18532945758036276,-0.4446587266969027,-0.4092579341633263,2.5756198483732673,0.03669977587358027,-1.3599752654867154,-1.1568277002935061,0.025591140883873084,-1.3312919547076496,-1.2223039413617973,1.6879846571195383,1.2071646595075343
972,0.46762910553941006,0.39610999544777314,0.3256876110141944,0.4528430686359952,0.38508297186906415,0.3346114744756129,2.720082495276633,0.8810822364612065,0.7656687608302065,0.6910538203715739,0.9071124907687541,0.7563478763213741,0.6855569274234784,0.6109959958456715,0.7657566823149901
973,1.296862271081396,1.1336943950311842,1.1510380517010812,1.3385465208476262,1.143648632894812,1.1789772603872537,2.061871981033969,1.5217084771779037,1.2630577996687438,1.479363325754216,1.504616601554324,1.2667924560821198,1.632690796805343,0.6719523720201103,1.0185283066781947
974,0.598803259418966,-1.65042613815183,-1.6784265279743265,0.600367075916009,-1.6462352656166086,-1.689678443832683,1.9042496206671486,2.113190984399064,-1.0782547715658888,-1.207315159204379,2.1304750088808424,-1.0442775652302374,-1.1268657803351598,-0.2746358305212088,2.777686066825997
975,-0.11319773490782566,-0.9272141612713856,-0.8573187047228827,-0.10486900041253985,-0.9362573938846018,-0.8548009241586029,2.4287350198017115,1.0203263431272815,-0.13701320011085716,-0.135133417331203,1.004519590764799,-0.12883416276323859,-0.1340293584775285,0.2876448609692652,1.8199404768208465
976,1.827686608822136,1.9171510278108805,1.9238367478543028,1.8739147976316497,1.9326286692226191,1.9319440133349945,1.0593388899368983,1.7895567208851861,2.0092707601326674,2.043582617181757,1.800692380590269,2.0467256022265405,2.08485796552743,0.21227642753698275,0.4128047116211417
977,-0.4023270258793057,-0.27791815054952695,-0.3145470183470783,-0.3971261517919023,-0.3208243195809748,-0.3550147967627745,2.8720962497256144,-1.824024634456301,-1.6662539273965893,-1.5471955471749077,-1.816080050648195,-1.8232827895982406,-1.5518205547687145,3.2016399028523255,-1.8669731939860408
978,1.1325775671846514,0.27463450793851457,0.249727136997772,1.1061970253435804,0.3047318842774911,0.25285289071942996,1.2273699498562685,1.058301242403156,-0.19426862024036082,-0.17429325663509126,1.1172694119032491,-0.20105285173241727,-0.16438708705823113,0.36642216913910164,1.8420552857740615
979,0.12243020990273151,-0.5138808668563113,-0.45232335273649976,0.1148563294538358,-0.5155214027744813,-0.4599394306568211,2.292252817529555,0.4708055444346859,-1.5365123357173327,-1.3274221546875171,0.4911690148480011,-1.5190809907963243,-1.2772581631035462,0.6246279476201841,1.926791967011574
980,0.7178241998951669,0.24992723821278814,0.2699748770635719,0.7038866983700494,0.2529770155489267,0.2841732585728508,2.0302392066709185,0.522254132819574,-0.3120748658730013,-0.3373142042719447,0.5011638156050325,-0.2820508137427583,-0.33157719945395786,1.2465471011045646,1.2431465862499116
981,-0.8861524804311036,-1.9027529756861483,-1.9726221443708507,-0.9176989048206441,-1.9102036745595672,-1.9906846025118914,3.7053679363167182,-0.11153080090083965,-1.4944170930087577,-1.4718017891427113,-0.14427767737638855,-1.428902112325248,-1.4907720322883347,2.1210654413879397,1.5521960835178943
982,-0.0790036409626555,-0.6867601935920058,-0.7317524356899632,-0.03954225865538542,-0.7056170916675685,-0.7473088724281701,2.1274215733725423,0.1967982008390992,-1.107833371981929,-1.251455288246909,0.20627838886794053,-1.0575114952349893,-1.3281748315569888,0.9121789840592536,1.7709580044685134
983,-0.3495473605480677,-0.4284331266076318,-0.3834397926129797,-0.3629598804249432,-0.45322689719116455,-0.37385205519285236,2.748793232675069,-0.20151755515707703,-0.6544926673450041,-0.5665676219699579,-0.1392136291919105,-0.6628878444201697,-0.5378842143213631,1.4432564422490848,0.250202000327531
984,2.2593297770314007,1.5234749408508566,1.4493163320681655,2.266117110274869,1.5181464387060375,1.4520676125324756,0.8574004013454585,2.7759921435016435,1.9967276831357073,1.872354427746491,2.770462739234368,2.0056372904017308,1.8896953160154644,-0.27298642927802985,2.2722207227217646
985,-0.764325914890335,-0.4176511436818309,-0.3737443825228616,-0.7951835101702471,-0.41139543268683676,-0.384534741499042,3.5859578102438254,0.34300523804669997,1.264178408999497,1.0851910747305689,0.49110890091671644,1.2523094534168198,1.0703682126624645,1.6818201257420926,-0.805953019105744
986,1.680150839211122,0.12047571271208918,0.12443137680428581,1.68326058461686,0.12761579709428714,0.12235512525532738,0.9864755514038395,1.81343253691107,-0.5538189567231576,-0.5761012431301586,1.8268265703709392,-0.5456570423779048,-0.6359006901510177,-0.09044727523424019,2.3832328783339665
987,-0.723911657766944,-1.495015702709322,-1.487035566194594,-0.7206260067143703,-1.483903592107382,-1.4910016362814187,2.9189927300551846,0.5217158902899645,-0.8185442956265088,-0.8516061668778468,0.5064742866139107,-0.859464388185467,-0.8454352467490696,1.031481703695637,1.257785924196382
988,-0.39507939577707984,-0.6541854925005366,-0.6438708174707293,-0.4156338902839225,-0.6352342811772812,-0.6380621677208902,2.5151932759681928,-0.10254942805389572,-0.6469162960118682,-0.692548755225591,-0.04314760893134531,-0.6356474447192817,-0.6464819242881341,1.3413102322883934,0.5928984802149034
989,1.4755485306316494,0.4307434942406979,0.4344180396442144,1.4760850036075257,0.44284255962569247,0.4312226547229248,1.624392686315364,2.1697488212484184,1.234555746817485,1.2330703515084358,2.1872132226397487,1.2551151316966858,1.2030577255331503,-0.1379340730522708,1.7837132295286782
990,1.011686058850115,0.6125291975594709,0.643300549008445,1.0146105330427093,0.5993054774740166,0.6493421080896654,2.2929311390542706,1.090704416782496,0.5436291440643067,0.5882885918931603,1.093375009371972,0.4983406072407321,0.5901622816645353,0.8052780550095516,0.8172591716912337
991,0.8436477692878508,0.15007400750944905,0.15050279116366616,0.8386961857983616,0.16348144447108465,0.14487980020512098,1.958630156361873,1.6731857046082506,1.1048896329731737,1.1029996287894328,1.67052066191598,1.1016066478530366,1.0955464259233116,0.47385624692791906,1.5814902280529197
992,0.041949998666423814,-0.03619769747936729,-0.03800151317482293,-0.011209802877308817,-0.012645297626212228,-0.03633860348262466,3.162177558731174,0.611768582796052,0.5874521013342878,0.5745570454400127,0.6042205497906319,0.6193573343507576,0.4762749403056433,1.1175491663869208,-0.41393429756229
993,-0.024210744240412693,0.07668584680142718,0.08080082436094432,-0.020258068683633623,0.12015210916753345,0.12184195776655092,3.021067429525421,0.48318160102115326,0.7073683055505285,0.7724470366012913,0.4853032303279023,0.7347488491446675,0.7817166809184813,1.609674201791826,-1.5812043163513332
994,1.2602527116896454,-1.8270695703455284,-1.955394696762,1.263289633914465,-1.800548337762976,-1.927009488442668,1.4438639147265713,2.007449157227516,-1.570957008888576,-1.7362737096013845,2.0079428596980073,-1.5029476788783733,-1.7815018418724575,0.3058714058433538,2.4897076113454957
995,1.028942304223882,0.18700071495542014,0.19121343642236596,1.0288005932996156,0.18832653089841186,0.1953068609756469,1.5898336428151503,1.385867544033214,0.15292252840517312,0.15032539533209271,1.402951922634081,0.14993322940691572,0.1710521712912606,0.41705249796568467,1.5516721571514573
996,-0.5997081940196153,-0.6865330584666531,-0.6848380877886717,-0.6383106440762653,-0.6992506552766159,-0.6726764399731647,2.84458032650531,-0.8048764410643535,-1.2589722596119923,-1.2044276074059828,-0.7913658065481639,-1.2019917490875864,-1.267165170970821,1.7704087639431483,0.3107812237029962
997,1.4078485669007637,0.9579804915877337,1.028962907134909,1.4187035251977227,0.962616514575377,1.028883139496266,0.6330571851552953,2.1201099114506956,1.5646593802549549,1.7502538014861178,2.0978582007101934,1.5787616043489405,1.7784023572218108,-0.8538184031783341,1.4955776219439432
998,0.7932131104450012,-0.12437694870891497,-0.13824875710111442,0.8126165094846887,-0.1402059232573549,-0.14408883007455545,1.8866732232714036,1.3939595144529284,0.033557452962842245,0.03771471706056158,1.408389060420412,0.009628520018860057,0.052086823455048344,0.45337307396899007,1.8894643658850268
999,0.9310131177175097,0.8751618935035417,0.8519944546295932,0.9388270982602825,0.8754799299533996,0.8810699089032074,1.8540581311055182,0.8392870713753379,0.6990322867501053,0.6438232837710125,0.8409588889814326,0.691014094257137,0.6824420760965613,1.1500713819722295,0.6172686757280036
1000,0.6919520477901281,-0.686401602601578,-0.7295234981705562,0.6819485783340389,-0.6934132204843798,-0.7418854058121559,2.970190690752347,1.954125405900991,0.05092736324017517,0.05182983008392608,1.953021659075505,0.06873895531792752,0.01803168311651434,0.43229652900171966,2.509914807349591
1001,1.690051853821146,1.650592499897651,1.5882479398142788,1.6828197327433243,1.6477695570472186,1.5879555614607976,1.00042839549903,0.9553519557182084,0.9041177047430302,0.8583919471732855,0.9271099273762011,0.8762852882040382,0.8620141354226912,0.5167297074229539,0.3052102155436022
1002,-0.0879066830209726,0.06030354577850936,0.06054082400444939,-0.09092888449094921,0.0427592571112685,0.04352249359275023,1.9355105365800596,0.35027911928386923,0.5663504710769945,0.5785536435454842,0.30931546314405883,0.5823176957434351,0.6037962670562835,0.6184591670111738,-0.331239083430095
1003,0.18583037128315416,-0.2698870226714213,-0.26148101147005176,0.1852966170803244,-0.28603836945069744,-0.2599829359890898,2.0520611136840863,-0.14163516891924915,-1.372728284636002,-1.4355813086168054,-0.11944632577293854,-1.415502283856886,-1.4032007940948938,1.387316996484869,1.2204409201987572
1004,0.8668857589689875,0.13237510772967778,0.13095801727222559,0.8678889282723691,0.1450100009282116,0.1370922748016543,1.2192315447465447,1.0637239496993776,-0.47185225708387546,-0.4304234142283301,1.099489887980181,-0.3552803716350687,-0.3812151578100983,0.13324757179889662,1.8118422250781487
1005,0.3982589759765798,0.18292336647771373,0.18828856470717628,0.3967129813156728,0.14638238044622984,0.2012593901570822,1.9389430086672796,0.0679599533979361,-0.39230805952834596,-0.3942293379392347,0.048505987055780846,-0.44137893524500155,-0.40190853915317865,1.3936802501501506,0.3771612689289313
1006,0.2095972409447336,0.0019533367330464104,0.0018753400724582407,0.20701572833549736,0.0180927502462646,-0.01205405801314985,2.425595996160726,0.9323034013088164,0.6651800218946922,0.637727636770673,0.9232191186791784,0.6609064760949203,0.5912365496211847,0.43979188434081884,0.7600254163797825
1007,0.5826175528119469,0.6522587289291997,0.6743606163558126,0.5692936070366225,0.6638611665277958,0.68242660117075,1.8317513234537206,-0.377604333289062,-0.4055591198746429,-0.42501819855415013,-0.3893115361316815,-0.4509261624933477,-0.42273962197830606,2.0128565516664096,-0.2820310913258646
1008,-0.7648891113720367,-1.1652060121125227,-0.9408343394124317,-0.7317503657179953,-1.1755758227607007,-0.9532424545198891,2.962363344541064,-0.5087644917476905,-1.1049411629938448,-1.1758325211909972,-0.4232577365324428,-1.1266584579584438,-1.163683915030305,1.7362685027864304,0.16477300283868235
1009,-0.3830363027123267,-0.9339468581821887,-1.0976845366640728,-0.3804176492665031,-0.9076783293930416,-1.0835721804665819,3.597407752953072,0.07530418932946654,-0.8645086620731783,-0.9901048296256466,0.071526680629316,-0.8829507061822932,-1.0524114486980178,2.1705287821225356,0.765094867023505
1010,0.14317346473725348,-0.021820021385414116,-0.020958215878767037,0.14673516701906486,-0.028464521807347532,-0.02891948833483809,2.387181805066279,-0.042623519014527815,-0.3823586133418731,-0.34472268837116027,-0.0048892719432335405,-0.3401212520580562,-0.3398062656122765,1.1612836760495742,0.02178134025325501
1011,-0.6694653391336759,-0.8017952511661515,-0.7543910050072498,-0.694799562153758,-0.7920140522499038,-0.7645577493788432,2.7488716300533347,-1.057132196500013,-1.617570957124033,-1.738323583781168,-1.005679601293201,-1.6918609744191082,-1.7474561463989395,2.0442798680122585,0.04691943569118111
1012,1.9864387914351997,1.2952694683724597,1.3856121731330124,1.9806517769610628,1.2893017416431165,1.372046913170177,1.5730646466745974,2.3666587356259225,1.647642890399993,1.7988613590112505,2.3728912011351,1.6618061623547915,1.81226766990672,0.38787718337016597,1.5993819166392829
1013,2.6366398705921044,1.9749868591330433,2.084719909352149,2.62097275158736,1.9805495581949322,2.084236460301863,0.6017102982554089,2.069135906064202,1.0404341799996017,1.1218420565391438,2.047018580219357,1.0281101591685857,1.1034313089601078,-0.5077343235222024,1.7590227802458616
1014,0.14789686439979463,0.05274415567273468,0.11010473321323404,0.1445776998830001,0.04218189227755844,0.09396702262754389,1.6152618451305325,0.12589967901638438,-0.13843600851091972,-0.3241920320639329,0.13564166037112127,-0.10918331549881519,-0.2776984196882723,0.8522371990126455,0.6961905027711061
1015,-0.4339771821705039,-0.07934122210259603,-0.07769934337676508,-0.4258164019226327,-0.10873090298967247,-0.12820982467830494,3.023056810529469,-1.2738258585076805,-0.3370568157208118,-0.32215613146170824,-1.3556873826471367,-0.2639479251023265,-0.30073851628261444,2.1596065297665183,-1.9579808531375475
1016,0.9109096653813903,0.8344493360278351,0.8718371554483565,0.8954455799454338,0.8455877252738213,0.8514804664930583,1.6914554394659749,0.6839512873479342,0.5545920140166056,0.5867031182831939,0.7188854469042043,0.631554565432943,0.5201991729641562,1.0142046924228079,0.24190039821380765
1017,0.9067925375806364,0.05080135423834786,0.050545949032117635,0.8870322568142361,0.04876696363072457,0.06810603598265698,1.0256721100055144,1.7281348415947815,-0.46002840202140793,-0.4572137312444439,1.7151350598526447,-0.38878515943258696,-0.46147598571167014,-0.6938701856006634,2.2853661474508415
1018,0.710867992361588,-0.33258416602641505,-0.32038052648736975,0.698050482560525,-0.3355965411290755,-0.3036410044777064,1.8005292788302312,1.3406513767094719,0.01832830560409056,0.016751596261639787,1.3239442513311486,0.016645777091047417,-0.015131867031257613,0.67487122719857,1.4401572958159374
1019,-0.19589217129418335,-0.29560549859835067,-0.30897577153981093,-0.2204977482350104,-0.30349809879942996,-0.27777741294209307,2.3059979730220723,0.7053025129527806,0.754108306369301,0.762471702434866,0.6850159210644757,0.6140320819373679,0.8293156210056227,0.6614872930068971,0.3873900195469758
1020,0.6447586916493309,0.0008640512606460551,0.0009107839359134611,0.6452204067240989,-0.01211624816075515,-0.0030869382476159143,1.9663786693543504,0.2331256770944902,-1.4567384673671193,-1.367185138669469,0.22866884477686805,-1.4668416793461005,-1.3812045798895525,1.3212614714181883,1.0110339515895792
1021,-0.32375824362525707,-0.35363806608865767,-0.30909841894125706,-0.31397135768147205,-0.34696153983902933,-0.31426041064254157,2.5629164102139588,-0.6828504239286924,-0.9040798915759888,-0.8208393070626561,-0.6908670346959569,-0.8931261425807374,-0.8527144128029184,1.8171347750233942,0.2171124760708659
1022,3.645867084616066,2.617600881916048,2.546996883379641,3.655380980647099,2.61510198877941,2.562712962670837,-0.702887494220224,3.061280595001082,1.6268653952780792,1.4953040902622912,3.0809058116547963,1.619509087754675,1.509684612154777,-1.2872270926785179,2.553049491690294
1023,1.5884163749420963,0.92375338748115,0.9328956886665074,1.5866979051419614,0.9323383058870415,0.9360861786272768,2.1667472376321912,2.30203689160915,1.642918231126726,1.6407250999211647,2.307158897048562,1.6438955316907218,1.6417974181673534,0.2305202866874773,1.4356791691141542
1024,1.1580808108833491,0.7523248031483124,0.760356680791844,1.1760513526800513,0.7600215468393311,0.7782379256641387,1.2553730568479886,1.3691499624577714,0.9630415658320115,1.0121534600789794,1.370464134083771,0.9451197197211836,1.0375272009352052,0.3353280560957869,0.7912156263236101
1025,1.3262897968823992,-0.3464689702132628,-0.32661454503062953,1.321188807907,-0.3479980932324849,-0.32047689953382175,0.9676582738847335,1.869749868430846,-1.0783798621833325,-1.1370374814370667,1.86967298905155,-1.0726718221976517,-1.0776504345667284,-0.4017080943523207,2.816554520590359
1026,-1.5317653320597955,-1.540214917451177,-1.6137047780683886,-1.5187407320156505,-1.568362748513851,-1.6381288818350093,3.828750370988895,-0.9432490210310986,-0.9047008071203877,-1.068269088461719,-0.964726441005112,-0.9677942989094093,-1.0302153867342352,2.393239222885158,-0.3361083129676852
1027,0.4067606197036585,0.46962397218817875,0.453565515822125,0.40976928253245565,0.4656010228875115,0.4662511987459771,1.5979383255281199,0.029973859029348675,0.1671949211342446,0.16538898005655375,0.031152585137804355,0.15140827856917327,0.187045768923962,0.8346290617568435,-0.29954389503169415
1028,-0.3849130799240537,-0.3189726246830059,-0.31769781146930326,-0.3837768836168193,-0.29809431218026555,-0.31989647931345083,2.5045416143999666,-0.5978737148210695,-0.45843867636954183,-0.4687167580812245,-0.6065123032587585,-0.4649407827854063,-0.45820142637938527,1.5902571559464063,-0.7087916238260802
1029,1.518155305979532,-0.08892598728010827,-0.08839266503807945,1.50812672269844,-0.09000130315415414,-0.10418351873397758,0.5998757820074558,2.374544476605878,-0.9004220316453349,-0.9427981382855714,2.360698229441549,-0.8647724616703142,-0.9513227717412629,-1.16096986684075,3.295557561761757
1030,0.3713535385827762,0.10592408185632043,0.10538858947668105,0.38941481104572623,0.08672321863212602,0.10558298770995457,1.9015410964807213,0.02841649255944987,-0.4381257230229385,-0.43505603600822257,0.04610970381318242,-0.4650462261926266,-0.43687518191290625,1.3138467794110011,0.3880864931784383
1031,-1.5057640378142247,-1.9080389809436786,-1.9042329060963767,-1.5149516981173397,-1.8977832706208504,-1.8720110838015915,3.7585941906368596,-0.7202302704201496,-1.4522086555303824,-1.6042513305334305,-0.6721801858860644,-1.3799892816019497,-1.4890389235544206,2.287558985246688,0.4686531354906773
1032,-0.822929401775546,-1.3883118503763203,-1.5559010691004482,-0.8306450336708795,-1.4377066450807314,-1.55887514776,3.047519382133925,0.07457320218437599,-1.1457525971875,-1.1997140711511471,0.07415409022117225,-1.103490964481087,-1.2155728991643406,1.3381287910151083,1.0673444304022432
1033,1.4855975591843458,0.10448645460838261,0.10430649231394398,1.4581028429759841,0.08405430815685934,0.10599184128680739,1.2864643039859174,1.5036462434634712,-0.7996526538299926,-0.8370734253426115,1.4683088885526667,-0.964869992707569,-0.7443708055629306,0.4894068144338477,2.0197144262449434
1034,1.025976472709171,0.05126168334723126,0.05311456893438288,1.0233351552481762,0.06667528347761943,0.06408517511568788,1.607705193930061,0.9274926861421738,-0.9460363996451322,-0.980098610255128,0.9040945578220598,-0.9329330339997495,-0.9258493131582436,0.48588752505130156,2.1184497299974425
1035,0.8557584775909434,0.5748507822542918,0.6305656237018713,0.8672741599951753,0.5695543057516649,0.6643552756970831,1.5235473358090534,0.4954774213298221,0.005314716511181808,0.005911149035658305,0.5280860184264367,0.013389441890607146,0.023120424596130767,0.9702808109824791,0.6728539609623544
1036,2.671343984226683,1.9755074115851663,1.9614616154544133,2.667777516740841,1.9768519107921505,1.978217292971978,0.21031367592522204,1.8691950661417223,0.5865106447019968,0.57398737315961,1.871944089041689,0.6016064292400207,0.563831818345789,-0.17560532682155144,2.347621972678704
1037,1.713349552840165,1.0638444825907984,1.1222630129814717,1.7079237154100786,1.1368175649347751,1.1602708887660327,1.1812131864244064,1.5351735700540072,0.3535172629234892,0.36384899239031937,1.524756502321285,0.3847641185810178,0.3756412754735746,0.050966807781879134,1.8622618770024735
1038,1.7390683586911564,-1.256074004766323,-1.26712728505905,1.7264722850920466,-1.2555701772395782,-1.2584137608558907,1.1037799252021483,2.838641827260478,-0.5260922419818208,-0.5370090497432742,2.8373076133489565,-0.5084320272848316,-0.48863836776741904,-0.43087550038310146,3.203769024501341
1039,-0.6086692602164766,-1.0004553874611712,-0.9887894179463417,-0.5923916387926319,-0.9892578532310573,-1.001245278041245,2.7797120222604716,-0.39582592811581413,-1.7625452639888426,-1.9175248730913004,-0.34697604029157514,-1.7064489882211076,-1.871870839054572,1.5825976216129698,0.444511607915358
1040,0.25749253863018606,-0.4035092324245472,-0.41849751291065207,0.2711319078785436,-0.39698806076275095,-0.40634801979655016,2.2395509464551764,1.0246804563101835,-0.020298631347295266,-0.020126445024148742,1.0274176047148056,-0.025900938585534383,-0.02919150914663355,0.4368708337787958,1.6955118581491138
1041,0.05845134746381214,-0.1175313274390809,-0.11515030739441137,0.08736104472445418,-0.1312680260102411,-0.10209827771138666,1.7259129501877468,0.3171623945645307,0.08893904187414248,0.09430059942279982,0.33671892670994175,0.11116955656554499,0.06269105052229909,0.7416133111758597,0.5189671606131829
1042,0.6009778489063953,0.35272497803188085,0.35928323199307766,0.604707411959294,0.3466255435274684,0.3405828954383754,2.091193863867922,0.6995651727922985,0.23116416076630183,0.2265120375757692,0.7127997055993872,0.20998290784589158,0.19753671536623765,0.9033421864605454,0.9373449180341934
1043,0.6148839493944812,-0.38297124643833824,-0.3864566442534689,0.6328423363333471,-0.4098029638075075,-0.3758221361651955,2.852900254363972,1.636394836814593,0.2932216353378699,0.2928191158206487,1.6205536220746193,0.2549717569252656,0.27720191108951625,0.804582637042098,1.6452361376742308
1044,-0.1743146380128602,-0.5350365081012638,-0.5322908241228143,-0.17124929559323138,-0.5348429704677203,-0.5395001716680381,2.4098001945871617,0.18233326021539722,-0.395531308635005,-0.4056520503918676,0.17787074025817393,-0.42442092966519873,-0.4070204895648037,1.355766164098318,0.8663718545249829
1045,-1.047100196058173,-1.138789865167917,-1.2779685564967098,-1.013135671610033,-1.1426803025235055,-1.312933396488141,3.621696055574519,-0.8561246047696637,-1.076981786881787,-1.1249087667687845,-0.8966871832629243,-1.0447665426494404,-0.9415910992155291,2.535867302279515,-0.49868783871934164
1046,0.6209459709203329,0.5862146807348765,0.6206453676654371,0.620965226228336,0.5619485368106741,0.6451322582586603,1.7944524647572568,0.6247011719618657,0.5647991580530994,0.5630722523105323,0.6752442465205101,0.5900252048828496,0.6060540572326668,0.8194596943454562,0.21351991929833747
1047,1.5386606030478946,1.6130948074718259,1.6895321556292011,1.5375939287022902,1.6117304384437081,1.6822544455919635,0.7038629135714988,1.4568318929135566,1.6739089626831325,1.8393319553069765,1.422769143171771,1.6750086815787815,1.7789874509475132,-0.4079783018938217,-1.0956257496198551
1048,-0.8074587538106162,-0.817811747973783,-0.7681550240771108,-0.8117696223446624,-0.8338913541141864,-0.7560858310898787,2.64471432769179,-0.8608613323046749,-1.094579926411875,-1.0516594196077687,-0.8819350451808258,-1.1242332796555714,-1.0897588958737257,1.7446468663513146,-0.040650504209962766
1049,-0.6938078736445561,-0.707479875705017,-0.7549802162254592,-0.7295753988675409,-0.7297605567051114,-0.7428469856256907,2.5820690762927963,-0.4632021249454481,-0.5409022456694832,-0.5869120143216215,-0.4842737879532019,-0.5768771418221231,-0.631812157628166,1.3489211560995606,0.005153903517479279
1050,0.8476608673771693,-0.20446558966976586,-0.22254668782911644,0.8549026937132871,-0.20121444568627014,-0.22418643493778398,1.643383882648979,1.5551074605873092,-0.6042017455647454,-0.6101942232047538,1.5512357536069303,-0.5509743336422257,-0.6884960307949095,0.16147670890502447,1.9788603769622308
1051,0.8961256604530753,1.2191700124036169,1.2836128777239113,0.8948525282700289,1.245713059739327,1.2906649318648615,1.4161839726863468,0.030384387951279856,0.683524356519593,0.6965643405986154,-0.05029469728313999,0.7135705717454522,0.6843002977583288,1.049561336684226,-2.2385979189348153
1052,-0.6522024333299675,-1.3250795579581478,-1.1935732272704611,-0.6460216587525591,-1.3172753065217429,-1.1973093023456998,2.8027093826744105,0.7983382348005923,-0.14254624332516885,-0.1312336117717424,0.760043481461138,-0.19600441039969604,-0.14529755286693213,1.21256548388418,2.3239328927687137
1053,-0.1459644046628366,-0.08544014304811975,-0.09320788657166029,-0.12052715709255786,-0.0638658878117494,-0.10356759854265563,2.25503870623117,-0.9899438147200839,-0.6723749432969903,-0.6819889279045159,-1.0623241341135206,-0.7084728144554899,-0.6556965826282669,1.8147962748555087,-1.613218821182086
1054,0.05313634922338237,0.123836428593995,0.13538023786465006,0.05949497276267477,0.10904219653705675,0.11294482350656737,2.8441726354661947,0.0501623771720771,0.22172771285383808,0.21382100210668348,0.03828685975347474,0.18394588727844552,0.24436422363849722,1.823432017091502,-0.3643186793683111
1055,1.5138875602936328,1.3632549053662262,1.3611513630023817,1.4970986335669945,1.3669820402327686,1.3723627607281608,1.1806704448133545,1.7411020263439703,1.4502017756658874,1.4760262785378486,1.7244395399392296,1.4551985101128921,1.4724288919408952,-0.23974721257635445,1.4728452854183944
1056,-0.9408887999103654,-1.051526909816395,-1.0958732305155776,-0.9349517193071992,-0.9666594654150213,-1.0523325682899802,3.7546529255598173,-1.11519201255667,-1.5504224937508608,-1.5929101714822338,-1.1390735391572444,-1.5731912381288728,-1.4737391901573218,2.529428595601427,0.6753237170530639
1057,0.5949350333379574,0.577104683171922,0.6073195661451151,0.5839165729630278,0.5910506868890416,0.6218044777468079,2.381990449165237,0.09344974154936282,-0.5561465128593256,-0.5022129507701352,0.08727123563019923,-0.7508137104576577,-0.4588872184629925,1.1465505861229757,0.6729447978884064
1058,1.2495190422166933,1.2770304475077099,1.1743230341444877,1.2883851116952183,1.286149518790299,1.1629370401892463,1.4822982503649529,0.7082926479555774,0.7390843338875065,0.657338451514203,0.732184484344561,0.7644924776591064,0.6488095597240737,0.8935552452877932,-0.07171235021615631
1059,-1.0673059886839462,-0.9832122343326442,-0.9933766469017973,-1.0674561652955856,-0.9890543059200221,-0.9924629755098213,3.352481687514628,-0.8793302848434857,-0.6477563819002691,-0.6537998364067327,-0.88699601395096,-0.6534262648210372,-0.6412370714978697,2.0453035579154664,-0.32608382036976563
1060,0.12902670891820187,-0.00255887203682357,-0.0027249937092085966,0.10957351539653798,-0.03171097774224083,0.009279875901004209,2.297491230638817,0.3666231852252504,0.31725585562547454,0.3506612339778641,0.3688152353654434,0.3437906375508602,0.2791103077561436,0.929216733826807,0.048205249120022366
1061,-0.3702351196534116,-0.4201088621316299,-0.5106543961361262,-0.38116150815875255,-0.4284752897240306,-0.5105546754873781,2.4814726482015743,-0.16029726342962905,-0.28174888377377333,-0.332660565803768,-0.13484960510391947,-0.27014421833774965,-0.329760142981879,1.6075244342198516,-0.016488560779426953
1062,1.370630538451673,1.6069186772223814,1.527233958405211,1.3976147218440014,1.6634332245681085,1.551524050394047,0.3230731296026128,1.2151970436033188,1.8077070043500199,1.7582269226753193,1.2152515747889179,1.7007080130530259,1.7501978454967322,-0.305423323135992,-0.36679312419392474
1063,-0.7816087977186938,-0.8532198544495475,-0.9030970989876593,-0.7681474624585004,-0.8018054619822771,-0.9512482989144727,3.2234537095030893,-0.09703236006749556,-0.18918310288523837,-0.19533885760137573,-0.09528559706077408,-0.24461651098495926,-0.15229545414966225,1.3630155275140245,0.38765851994634265
1064,-0.6822059168259821,-0.43391029879826637,-0.4816626095054333,-0.6611250792876187,-0.3734374875545968,-0.4642574899012578,2.3253262166220856,-1.2580674266229661,-0.5408563222808078,-0.6718536243938898,-1.3794448663248189,-0.44381478994520607,-0.4259533635538893,1.9561065916430465,-1.7746505608163625
1065,-0.38300117163811276,-0.27475401792516896,-0.28860751463551865,-0.3788139559812924,-0.2716896794469693,-0.2743920918196719,2.7784872109830916,-0.5752909479614641,-0.47656413630685146,-0.46456547580404395,-0.5609011724967584,-0.5061185755170587,-0.45799301515294,1.8843569768809074,-0.8972429773168575
1066,-0.08977935482356555,0.07193543029539852,0.0663306419052345,-0.07803425031590107,0.0455129287998969,0.058136858829444096,2.1043103025673076,-0.3783734150197534,-0.012118136483057866,-0.011726204483476554,-0.36699552140857744,-0.10552128895000408,0.02928073951030984,1.3338180416389793,-2.7646580392126103
1067,0.5280812544250651,0.5109878074783325,0.5493230222074582,0.554518855516296,0.49247038793067516,0.5130833889250559,1.581199070237361,0.056624071572528,0.0333257167125176,0.035287918048165626,0.16960577221937104,-0.05976094282640321,-0.04175665554670966,1.5291909878742527,-0.1337361519575415
1068,0.5728068004417274,-0.47574622269231776,-0.47580363186209546,0.5493621404911424,-0.4753487673791062,-0.46614558185970273,2.8013942952151987,1.0505244044387456,-0.3156808142401256,-0.3079495093811056,1.0979435607917816,-0.3116057116952628,-0.26517052260307716,1.4137377322356923,1.496697488793584
1069,1.9190283047728536,0.4480287164632308,0.4397229332692838,1.9300511285161632,0.4371168668843765,0.4525567470929369,0.9925183279595996,2.7316671146387774,1.1435739862450518,1.1491549921676927,2.7388805304547708,1.1416921093935826,1.1373278655534111,-0.5230744876271557,2.8076374648712705
1070,0.4794229261916381,0.19255308781248345,0.1906273675536682,0.4926270648167793,0.1879697040940408,0.17716931816635123,1.8956095838607454,-0.24527147386562642,-1.0771990573425247,-1.140671936733182,-0.2562812546835147,-1.0682851891475498,-1.1329346930707533,1.5219777773657899,1.1911153054327677
1071,0.12601765322208622,-0.20626451174389265,-0.20857467988797018,0.12137063398190108,-0.21335562054003637,-0.22078139989413076,2.117386613576481,-0.24126708540755643,-1.2436057177489948,-1.1867924995978463,-0.23600832861213483,-1.3206673665411102,-1.1924473084171474,1.2874987808080598,0.7438080841595789
1072,-1.4532807554593652,-1.4855217793375353,-1.5994480077419753,-1.4623459465625444,-1.4896850585560881,-1.6014921869256737,3.416317118308439,-1.2524449494762901,-1.2470563549491331,-1.3768856030243886,-1.2428626330423247,-1.243401456890117,-1.3755057519185914,2.7974818151810203,-1.2996687767829491
1073,0.12874359726157625,-0.3757928680512594,-0.3590429777582292,0.11666409602801721,-0.3898951937618125,-0.3740355658944357,2.616539163948159,0.8408408904130685,0.049090366619502834,0.046101487739693484,0.870650502708702,0.07461607416092525,0.01792669425699353,0.9672240688440584,1.2621902496696782
1074,1.0036553095571794,-0.2571114406513422,-0.24421010639047916,0.9810056448261402,-0.24708586791596573,-0.25052598347420085,2.1174661930046943,2.0456621333337197,-0.0895409704544094,-0.07725777964397677,1.9999162279441343,-0.07894481540918902,-0.042434868823789385,0.12163849517271595,2.695776667857798
1075,2.6112880476242206,1.1796098129972092,1.1777405026888492,2.5918981730693273,1.1923160151555139,1.2210465559139199,0.657651019077762,2.6698774200144557,0.6684663728292698,0.6364743140157451,2.5523385276196686,0.6497810943261287,0.6422406575810296,-0.5668224362690938,2.6560512128311955
1076,-0.801403324107659,-1.6067570552487782,-1.626580709550212,-0.8155217179190039,-1.6219568718526753,-1.6069836090127578,2.709503904312216,0.10595283797111885,-2.3544335223361084,-2.434547304517155,0.08294058987641148,-2.310793648877324,-2.2852438249193234,1.0531433351487614,0.8825770706565501
1077,0.26799167031494314,-0.5964524462258327,-0.5908612341896441,0.28727220556990274,-0.6054554780757725,-0.5744086774958254,2.5202745647528766,0.8454968910045724,-0.4284509902252586,-0.3987969927720455,0.7949616062809407,-0.35421435211762603,-0.4050911286040296,1.086374171674885,1.3373437239316355
1078,-0.42630141880991373,-1.5805848207157946,-1.690084647172748,-0.43159759372680495,-1.564855775404634,-1.7051758466667175,2.3275800031756617,0.9253789586852215,-0.49023432059482136,-0.5084973836685198,0.9464957149610497,-0.48922348940993693,-0.5418977812108438,0.4757458624768324,1.2996939038910407
1079,2.2927417130975085,0.6775653416073882,0.6785889526521527,2.300791920712254,0.6780038237601114,0.6616233489571839,0.21648438974559586,2.7555491388510007,0.18124108641986247,0.16596331876613543,2.7595004112791464,0.15044129411548343,0.22476372213775878,-1.012662763583303,3.0727934537060584
1080,3.7991894942565163,3.0423945043925493,3.0795641326600376,3.7783036843410396,3.025096562740995,3.1015350941026427,-0.5489194982445278,1.7055135095487322,0.21891937041569906,0.2183919357575693,1.7142923821367277,0.08339179673534228,0.0789059658648746,0.11963598080862267,1.8397066483760431
1081,1.0709876160663958,0.4243333636353447,0.4419392249611994,1.0623083648416363,0.4355238135500921,0.4516811069681706,2.124548754847381,0.571436433899366,-0.7238165627246297,-0.8063985467637875,0.5559762997425882,-0.6991470153786298,-0.7689400165953394,1.1198047188335722,1.0284509564753601
1082,1.1964064860477053,0.27160738071413704,0.28699086278998387,1.2088777499938608,0.29948792896117726,0.2919288786319388,1.3240387686304516,1.3615405140588024,-0.46828240969248774,-0.5019008314388227,1.3454141804826656,-0.41874685292161107,-0.46032763583604097,0.043020249607334096,1.8540182997870327
1083,2.2004200983123785,0.6205780802698945,0.5868057523828006,2.2066439346749513,0.6245466942817053,0.5984856124367182,0.30738218246456483,3.0676291846982995,0.9582327091094397,0.9961067273866949,3.076281626091596,0.9197132776470227,1.0306476173817727,-1.46407600638676,3.2599327781641474
1084,1.9515412223025383,0.8798332317910337,0.8723212499559202,1.9683895024839393,0.8722590955523629,0.8477061918829139,0.9332637979322438,1.6477005947363583,-0.6369034697318803,-0.6233101168244073,1.6599786185956038,-0.6382280838899185,-0.6986758410240979,-0.2193187763944866,2.101718512226795
1085,0.7157693290183057,0.767617780679071,0.7952122363913612,0.6901479577350761,0.7771948544360964,0.8355593056290812,2.3394108809347025,0.21617012505657737,0.1791153350254785,0.1946942230817305,0.1637944072310392,0.23311083431959959,0.18475929618972134,1.20183303163929,-0.089310467641006
1086,2.3429298369816953,2.2700940434150687,2.306304531561806,2.327261802568,2.256594558575326,2.3349637952525635,0.9671610833616106,1.0160583180808198,1.015809964355914,1.0167355424115445,1.0493432593932337,1.067311402789924,0.9331207929776595,0.6607136439813075,0.18665012758469554
1087,-0.1990309054370777,-0.03716426948570205,-0.036561596881652225,-0.21839466502347465,-0.03916662130792911,-0.03119168032995829,2.840951354803619,0.5058433869723311,0.7413470141015708,0.7890894178840437,0.41882062430368633,0.7288399004001503,0.7609086148765297,1.3092746445832493,-0.9598143701945657
1088,0.45718205569289955,0.1291219809919909,0.1366399948954178,0.48808019207209696,0.12176046274322973,0.1618168858592432,1.5501970637801104,0.2643281525475897,-0.4638152433992367,-0.4654005590989083,0.23479825774987811,-0.4457230891701908,-0.4695522003952987,0.800489523792191,0.9067230351639258
1089,-0.21400050809196722,-0.13175748627785125,-0.13939723244168667,-0.23978286642742,-0.1441465129085954,-0.14074636764770398,2.84496475318485,-0.1325987692963748,-0.07297733685972076,-0.07410081566888033,-0.17063830367973717,-0.05334845592124402,-0.05434625547747554,1.7580822695317164,-0.3293798462928105
1090,0.5271474397644776,0.33607391239336937,0.29321190723121715,0.5439068021581732,0.3546631100210609,0.2756994573498303,2.213660590919301,-0.11626478860301008,-0.4020971415317556,-0.3787503629577478,-0.05192857449432436,-0.4876387827755678,-0.3427549821259233,1.602234765667739,0.5037621791981671
1091,0.7814896295052582,-0.39496363902602755,-0.39538831408926084,0.7855757877382552,-0.40314533729760565,-0.38017428265916997,1.5902125474823459,1.6600235760658126,-0.03211668364345282,-0.02965192897861247,1.6374657386913287,-0.058766390253987104,0.01046218268417969,-0.12483553856254631,1.9077279770365352
1092,0.5588001350761282,-0.16140846386146201,-0.1814628325873616,0.5477851840298501,-0.16296512659344745,-0.18983245297781884,2.739459666298663,0.7435637783315361,-0.3318954200467744,-0.38942439808008517,0.7465274943511454,-0.32900743901465024,-0.3113034980986353,0.6642570196137959,1.7131448285757425
1093,-1.732603025001871,-2.12336924161057,-1.8433408300016763,-1.7289966291148842,-2.120286170496993,-1.8331586761496694,3.6627653581968294,0.1307877075193925,-0.5060840156983172,-0.5418516155528471,0.14502034867059915,-0.459884078542755,-0.5488047942480366,1.610460293658239,1.6591941328363962
1094,-0.05098766955335705,-1.4947986720952076,-1.5387269169885711,-0.02882384720133837,-1.487830108313609,-1.5277064221514205,2.3545727668027197,0.8850738710602535,-2.466522084515624,-2.055712522723111,0.8482257406341945,-2.4410471618843563,-2.058792815741772,0.7584307398647772,2.536956676037975
1095,-1.5050453850103729,-2.052719854751362,-1.9911371723730562,-1.5155588657114778,-2.0928378084553514,-1.9710879064581321,3.233996533457288,0.29341607746256937,-1.3995954835537063,-1.4143564716363675,0.33624675532192566,-1.4887863206402165,-1.3442976834850857,0.6433942511798657,1.1833613171106543
1096,-0.25245582799621963,-0.27817377942094706,-0.2920668932363486,-0.20212304306012852,-0.2476500286161347,-0.3155875223514778,3.249064434856682,-0.21880423593679757,-0.2484652045534999,-0.2092815025895814,-0.21867481588307688,-0.20363196484394983,-0.22101529032638215,1.9251811425260328,-0.028530032562778987
1097,2.130394545506628,0.735043687888204,0.7558223221873268,2.1240310270324216,0.7315766758235637,0.740032401128418,0.8727256632712669,2.0229721302963393,0.08266381594228693,0.07760426964918418,2.0375872393018226,0.05513329919302296,0.045143573698410946,0.11017735519219457,2.216104084659242
1098,0.25207107382568883,-0.8120666773130807,-0.8271768413756201,0.26415724024474674,-0.7782993191942996,-0.8275215735267005,2.8662953057210556,0.9308490917123915,-0.40448712020217614,-0.43115972645148276,0.8997657929847697,-0.41588973160210974,-0.463184686044334,1.0672122640900894,1.6640760173800162
1099,0.9056405614341599,0.4921384182589254,0.4978798423718659,0.9207071685884067,0.45298710563758754,0.511676508103986,0.7818449641223142,0.5002513915073743,-0.9257346754427644,-0.8912944577567571,0.5016021101898928,-0.9060757928674318,-0.8265112148274975,0.3643334642683327,1.147029580670556
1100,-0.24497354652852474,-0.16869486800497002,-0.182354032297432,-0.21061405082230086,-0.18523334145809264,-0.13200939519939733,2.4666693526283905,-1.4158892939298648,-1.4806716921358263,-1.5375528401237537,-1.4711155417364268,-1.5983986604930758,-1.532316413759997,2.3547157456766885,-0.41568546650683225
1101,-2.1616895869217476,-2.1147965261283526,-2.2236577706124825,-2.1498503462710925,-2.123189721395214,-2.1991513937302836,3.937663108919497,-2.041684784538242,-2.1979279645459138,-2.0556351607102505,-2.0402035243468317,-2.1829049514820866,-2.036206676437347,2.826675311724865,-0.46792461033402155
1102,-2.3551310031392667,-2.430749460387446,-2.12849649178914,-2.381747064179367,-2.43395197952896,-2.161094708044571,5.447236433337722,-2.3311782776748475,-2.2941537680403896,-1.999553029790113,-2.3069446511308143,-2.3193489986138167,-1.9865971974981789,4.257529881996964,-2.762596268154328
1103,0.8349938329496888,0.7870394184589242,0.7955052928267657,0.8360011394414077,0.8409526401369766,0.8004188649599854,1.6850303119004086,0.5001859845101624,0.43769214204356705,0.4176136436630971,0.47994715638582597,0.45560367618014874,0.38672424561901153,1.2586744760810125,0.07793498308410887
1104,-0.30052195897628403,-0.22530083773347273,-0.20954925023149093,-0.28426802821393765,-0.22245804458454896,-0.22826965090244145,2.6306489245117346,-0.04913479420124274,-0.19483716836129353,-0.1852567420673392,-0.05036559272922975,-0.17946979248996067,0.07566903149169357,1.039344276437104,0.1451980271892072
1105,-0.27669303866821837,-0.642692381948594,-0.6774081904058736,-0.2517604582122751,-0.6125938242197664,-0.669351498565584,2.620051177723077,0.18024210972659874,-0.7049189654347428,-0.7048657897095131,0.11885218634202432,-0.7759986005228054,-0.6466896228511541,0.9190469268815874,1.6321009001141542
1106,-0.10418631616478546,-0.13076313006526716,-0.13236521613662836,-0.10068282853230358,-0.14117517170918287,-0.12495228053255816,2.611850348454869,-0.06705006233607551,-0.07696611896641271,-0.07698641024683005,-0.08188771697947166,-0.06479633999192469,-0.060971810426861166,1.672865349348132,-0.3255876310093013
1107,-0.7352184899875077,-2.0893912238612113,-2.2097375141570454,-0.7460548380202566,-2.10620368187484,-2.2301357465020253,2.6994285849232114,0.5720484186348593,-1.277520205941008,-1.364114172594276,0.5788246593773109,-1.3196548268581816,-1.3258777852168429,0.7334809546574614,1.2980252692179188
1108,1.5608129365131242,0.8553868319894291,0.9048463018134187,1.5562909131695835,0.8355764541168842,0.9365589531629974,1.0316954028334224,2.1684146170938576,1.434680534777961,1.3652646264344377,2.078446440436588,1.4167989455662182,1.3831194868845,-0.2404792589491903,1.53591665651945
1109,0.8160791407442163,-0.709535738965804,-0.7652759925504609,0.8268833220710727,-0.6974377910784155,-0.7695680529327923,2.705478712730959,0.99999111294552,-1.2018271171189931,-1.262335588118619,0.9889347308517116,-1.1570646736747239,-1.2725438203375996,1.3311156705583271,1.5272302162097335
1110,0.24904871447853089,-0.24446919321093408,-0.27291615244437223,0.26673003742930346,-0.2744056353676223,-0.26537527430613755,2.1367456495126618,0.6095807935838252,-0.31882852947523144,-0.35763175836973715,0.6778463331550233,-0.32882079867882236,-0.33516397512606516,0.7667205453049174,1.4302464567452926
1111,2.2021516570435034,0.8210443630859859,0.8447769863051814,2.218654125868468,0.807183536466981,0.847843671280702,0.39373168264164554,2.53049875399792,0.17180946841161068,0.17485517221121982,2.526828210817959,0.19894873612362485,0.18074063006748262,-1.029170988818943,2.926956721398126
1112,-0.279551441346381,-0.1093105407194987,-0.10612019556259561,-0.27137215911908463,-0.1034811145712768,-0.05394168899614608,2.624630141877242,-1.265614727045307,-1.432078883982362,-1.2445273746191194,-1.286683104829698,-1.321057088437499,-1.2144260564076184,2.8253737568871564,-0.4547114799346426
1113,-1.089963600816467,-0.9084776402036873,-0.9192466147333885,-1.1044157937829222,-0.9245767500172134,-0.9282668728671336,3.1160686555272226,-1.075020551813127,-0.8000690482423409,-0.819446773294311,-1.0961815987464167,-0.7950131792606305,-0.813936840275102,2.2153906355542525,-1.0633178136380723
1114,0.4300756504055308,-1.366957196837823,-1.442660905995887,0.45136466122195235,-1.4049002339932557,-1.4301918572008745,1.6948140168460113,1.6788185833998488,-1.5069219933033484,-1.6338925459810134,1.666015089523248,-1.419296563394878,-1.6918607883064367,-0.07463255361677382,2.6145777336369447
1115,0.8806722780306031,0.3215795429754252,0.3216313960799118,0.8614910878734439,0.31675991640206014,0.31376818251449445,1.512110841136301,1.3218113164318817,-0.027737789199475806,-0.02847702871055621,1.3515291209874394,0.030612685052166296,-0.10924741437142252,-0.14394812532621973,1.7189510926411236
1116,2.538620148649898,0.054563004510683834,0.05740948092116594,2.5433759538271623,0.04231521410335401,0.06063082493030043,0.25718249593931236,2.9412621288278964,-0.8319035142836522,-0.8270572059850001,2.954412660085044,-0.8468066573876039,-0.8351907994090111,-0.9626638430372342,4.234224484621774
1117,0.8487702293548136,0.8370597116595463,0.9006430423166252,0.8538103565667909,0.8351262416338721,0.9040914139319114,1.3690805746698373,0.7841937268485375,0.7606882187554485,0.7781327606180396,0.7947068058467033,0.7345140269293057,0.7831222123803763,0.3505681197610677,0.17939869168716158
1118,0.09281246987087849,-1.0372155168121948,-1.0610366929998842,0.08771839479588274,-1.0684144875416792,-1.0632432960589302,1.8654594882989648,0.9519347249274425,-1.5383715410202177,-1.4110164683523094,0.9583353735445659,-1.518590742567527,-1.4431003499364738,0.2167480943079832,1.8666941566002793
1119,-0.19457355091158335,-0.38707068897960717,-0.39412669355874896,-0.19053493071589736,-0.3700906576446717,-0.3855476064154975,2.673622782113386,-0.44819085822678795,-1.0788907348332366,-1.1223388312969218,-0.4373869311348619,-1.0821210206906116,-1.1499873061447288,1.8169455095292306,0.75878490444421
1120,-1.6933141713100406,-2.483861416504892,-2.248862234763178,-1.715429200920857,-2.459852311115664,-2.2780245322516812,3.7782291028208888,-0.6526291434917278,-2.1417043249040906,-1.5996678020959236,-0.7367054065431327,-2.254193414597529,-1.6465008978998743,1.9699680940627424,1.307672344028838
1121,1.7856762902506282,0.31354818354031516,0.31908139024711796,1.7961029339176076,0.31320627496609144,0.32264315337194716,0.683765459283267,2.310986288303639,0.17067462893154303,0.1642423370984375,2.309307105594411,0.12086350023064463,0.19233550632958651,-0.7912784678139902,2.6528764442325805
1122,1.3314144873580114,0.41649369437786954,0.4195306656485054,1.3396012679469467,0.4263521727814978,0.428006273122287,1.0574711219659119,1.998751026690209,0.4410888433403029,0.43717723372358114,1.9743985587783752,0.429972715045125,0.533147259000579,-0.7612346306499415,2.1375664505226903
1123,-0.49120383000815676,-0.5265510418503908,-0.5104214408416835,-0.5052568243023265,-0.5217338160564022,-0.5195359467439926,2.8981373364051533,-0.36010862063099425,-0.29544855042829954,-0.2785862769712968,-0.36722349587125336,-0.29145029343836143,-0.255884162526005,1.8802764973059598,-0.33332157679816127
1124,-0.6192811038484627,-0.5499899616282599,-0.5526435127328073,-0.6247527801638338,-0.5357467476983302,-0.5923974048674028,3.086874565164398,0.10324384223736346,0.2071019560407751,0.19112340812034503,0.11085995214312845,0.21173684577803226,0.2730684486521159,1.4295961065533913,-0.13685344645736666
1125,0.061152400654546725,0.27298998992695117,0.3158688017695877,0.08867334005867128,0.2739313647408241,0.2936918926192765,2.0190456564001362,-0.49630452236626293,-0.12453008448092888,-0.1410164061359827,-0.551248203400544,-0.07517814947485084,-0.08638688596174945,1.5915683223644357,-0.9177344823210332
1126,-2.638431383089223,-2.8542918636014467,-2.7970503180619875,-2.629209255225674,-2.8562595429532136,-2.8043692366722484,4.8052166513204115,-1.9397448661021002,-2.5126813640064456,-2.5051126074992376,-1.933477055996192,-2.5497242500091972,-2.5079848675512735,3.0130637219347505,0.3846754871797967
1127,0.13108875184442476,-0.39468877760222687,-0.38977105213917534,0.12289740388980303,-0.3940738134457446,-0.39649970989888056,1.8439728955755066,0.9343853538922569,0.011793762330405296,0.011558096472020742,0.9366569963075807,0.02495235034522566,0.02284510076002684,0.2439725834516919,1.1484279375529916
1128,0.8140763519792624,0.03654375515851749,0.039156051534865226,0.831878081255196,0.08447947582515812,-0.03243855136684304,2.2588363477297695,1.1556821809309024,0.2706449279017297,0.2892631350351394,1.1340280621322905,0.20979677348886966,0.2845275211203088,0.6690258333722026,1.2302704241839024
1129,-0.24561426448135898,-1.1658477974081949,-1.1816384537700722,-0.2572485277199139,-1.147105233502908,-1.1564095420798488,1.8295430227171705,0.9554378413135642,-0.09565153802095212,-0.09638212156424254,0.966965481201592,-0.07663257342840647,-0.10594656101441233,0.16968565186301546,1.1154822577504162
1130,1.1249090624568139,-0.287563525475844,-0.31903658412211877,1.1385359981759158,-0.29411645695376276,-0.3220497200223267,2.309663914014278,1.8204044309436778,0.39865776607347325,0.43897641338508675,1.7917734535853604,0.3770377210860673,0.37133152351491033,0.45912136392695385,1.7314780132488343
1131,1.4353209750720641,1.3384312417769748,1.4122101799024822,1.4426053496894555,1.3357543766067346,1.4475185485379838,1.4584857767957085,1.1237210461430562,0.9373455567998518,0.9742537519041704,1.1254623238883035,0.8857098527899222,0.9838045177945142,0.6228851613596946,0.7369858793749486
1132,2.7475107242566517,1.6520209495565368,1.6959627567098423,2.7440461701239975,1.6291494272853486,1.6690119227664004,0.3870211389179157,3.1738041542772057,1.8141701018962768,1.8299973135856773,3.182640887628025,1.79790269391136,1.8407029700508253,-1.0276172521120632,3.2405568856926257
1133,3.101631702950072,0.7894862240100329,0.7613647458450573,3.101172033148357,0.8025507340244846,0.7395456296696475,-0.8976438954210745,3.733481000620647,0.1287852965712937,0.12377649028704772,3.7315683270656517,0.19880717917684446,0.17820060020702821,-2.1027221649966656,3.996323132344761
1134,1.4238718125468586,-1.6306913292580643,-1.6957403077911528,1.4579936299917602,-1.6266641139949274,-1.6607752275149195,1.7490855345733163,2.5980114345662346,-0.560532197719216,-0.6015657707337289,2.620854413922485,-0.5303121204249583,-0.6374880385251447,-0.06713154732877331,3.046580822361156
1135,0.834793579696452,0.42006935297641146,0.41443918109018413,0.80986069355852,0.41644647395913326,0.4305879136351391,1.4415363469013869,1.707281403146743,0.9204389196326263,0.9919628408253179,1.75903020551228,0.8468662962564568,0.9830980213837083,-0.47019959519310056,1.9570056058664824
1136,3.519774481154317,1.929526996713925,1.780461798948382,3.517362937180122,1.9248797086328913,1.7742824477519643,-0.6516750107582828,3.9779956844261304,2.0550005812565924,1.9820540679551857,4.005780410106317,2.0409358889023808,1.98548219516584,-1.9690255308568525,3.464666950733826
1137,-1.4414307487006763,-1.280711265382035,-1.242370239517205,-1.4340401044363749,-1.3044523483131782,-1.2418860762250568,3.7959424477256105,-1.1666089273223041,-0.9748794322828458,-0.9344526942099625,-1.1627481742517565,-0.9581488729086861,-0.8398082039131584,2.192455144539212,-1.919910068199177
1138,-0.9927503789026374,-1.8069553429058234,-1.6326971551244596,-1.0036714057259324,-1.807185583322054,-1.6177590367902783,3.5531205938314323,0.23100655961634764,-0.8697236137591667,-0.7807062057824192,0.20609117027839716,-0.8159193254253112,-0.7570531444777331,1.457423345354834,1.2037538421161966
1139,-0.8339906298391491,-0.843289107860905,-0.8764638209724783,-0.8205775790780347,-0.8326928816183206,-0.874346088812875,3.509808634931661,-0.6204461411009149,-0.6119298050137747,-0.5979161123207873,-0.545718949349775,-0.5907083936976617,-0.5982297340241197,2.06269081535088,-0.40776234161202596
1140,1.0230532529729264,0.029285960513754386,0.030315573709918393,1.0255279231511703,0.02757265933295665,0.06670116413971275,1.6240556545792175,1.8917819558750564,0.7205795349251278,0.7405812075394981,1.8403750297569847,0.6916395916446066,0.7858264277218433,0.22719571208625516,1.4722667770686624
1141,0.4768860107154554,0.21518658116703906,0.2207126031089125,0.4478226677835612,0.21188055522723406,0.1919849117253616,2.1730522314285876,0.6410376611990402,0.6431898242063508,0.6578029915545336,0.6683283971263202,0.6683549516837296,0.6156001472701681,1.0120984860674471,0.10775525319570929
1142,0.5354318096090679,0.5707360006996105,0.6275458366494899,0.5603973232777428,0.5572675353267711,0.6065778298360127,1.901177395961496,0.3690141759257158,0.5185078580232466,0.6316706008598115,0.35925959656794,0.49702680257787546,0.7386567647493119,0.7261547480568926,-0.017391565123811993
1143,-0.5306696716065248,-0.6798987630623862,-0.742472980180058,-0.516882866153769,-0.66829106303808,-0.7385493623505022,2.9299772055953417,-0.5692766133600317,-0.8334298465802356,-0.9354323456456338,-0.5483331590589762,-0.864421458079512,-0.9334913936887459,1.7376766379055282,0.059816329016086224
1144,-0.6172601482464778,-0.8408926715452872,-0.8476234861225234,-0.6099845726344194,-0.8252958104274956,-0.8627641909124122,2.939108802025453,-0.7584840613144883,-1.469493797129784,-1.5047500640596718,-0.7433194338562441,-1.4708272454313773,-1.4931160813922986,2.0512871951430753,1.023949435926298
1145,1.8116140484809518,0.4638245435582752,0.46867282793282955,1.8255344549626724,0.4611954570088058,0.44815787820145375,1.3501654154079168,1.9511469510156059,-0.023263487398707546,-0.023175545049761728,1.9321434214790116,-0.013461670528298414,-0.049840111011089955,0.27637036216212374,2.229648522928232
1146,0.024143648578490672,0.09284725381236152,0.10006002613837237,0.035797085532103944,0.05258977548410168,0.08153700367125775,1.8910960128150585,-0.21968154596731915,-0.05498902806206705,-0.05625159324152679,-0.29667338198837534,-0.1197263101965152,0.03112568294848147,1.0570262541287139,-0.10222645457465404
1147,1.0332370510498186,1.1952899235594099,1.2612785271192093,1.0636273418328916,1.1795296389719467,1.3264659147924749,1.7754522796416365,-0.056978051784397535,0.24433741429174907,0.24829762673870803,0.0023816119812639343,0.2570236779031126,0.49916469527829993,1.1974776178916708,-1.740988332713953
1148,0.4307440061696534,0.07670842257625358,0.07290131552681346,0.4272633160330898,0.0839597221463712,0.0784255845900376,2.4131739329818953,0.9785882853328228,0.659935395012123,0.5611355029724547,0.9886412502787177,0.6354602741320331,0.5987721727788786,0.665754107557065,0.8582381867812314
1149,-2.737274993507529,-2.4199096837550695,-2.2275472387047275,-2.761844148187452,-2.436279804082105,-2.2194666292310448,4.414728059989379,-1.6216844169708182,-0.986304879797815,-0.9834119061223274,-1.573987810144667,-0.9672296714561862,-0.9582053954115294,2.5435087344909437,-1.0486130317182114
1150,0.37735234353567365,-0.8939138498141593,-0.9647202163343469,0.3966820552985653,-0.9067932345527397,-1.0020760425064537,2.222130726217329,1.5773891930443509,-0.2358314367617211,-0.2567218580392152,1.5707337607039376,-0.21332825797673785,-0.20683133099598597,0.12542852809486713,2.0420796466813464
1151,0.884329427916849,-0.2949230857718421,-0.2743647623922289,0.8907026482021866,-0.29483487567464123,-0.2610312079047818,2.2888752594022836,1.4244112316237294,-0.3045826035090149,-0.29062095225572976,1.3984508102118,-0.3242530009641474,-0.3062637408504784,0.9597616777907548,2.4568895465088834
1152,-1.1948260677189193,-1.5117597107917038,-1.461848160597355,-1.1953852281923432,-1.516965427074194,-1.4574156802617897,3.7527597041144993,-0.8930425732680924,-1.5428669210341204,-1.4894823820485763,-0.8669522618399931,-1.4648599059035605,-1.4302251101914552,2.336401206898309,0.11117255462390817
1153,1.2604253962116692,0.8440246879100223,0.8352818053634359,1.2529921299964037,0.8180104992201059,0.8323415655269591,1.2271710399278402,0.9868017017836703,-0.007896474803053336,-0.007931261359445295,1.0100434406467227,0.04032166574965487,-0.04771509509343764,0.5639057414475549,2.3679352198780648
1154,-0.29555584623951625,-0.3510170179652205,-0.3885914703904381,-0.29964644489983194,-0.3667355549894854,-0.38082266820425736,2.628527590262983,0.5787025587367548,0.7839993928906421,0.8228867942808408,0.5231734256608964,0.7143247472334202,0.7714114208562683,0.5859998012582665,-0.34186466369617075
1155,-1.2788252456343525,-0.9920787782112782,-1.1767657657040211,-1.3217649368665232,-1.0081150069043026,-1.190724373650553,2.924794760331588,-0.14216627661815862,0.07724274295916483,0.08223364228798498,-0.09786995477645163,0.041070983204588435,0.030284759353259583,1.3041553463487803,-0.06960513831669383
1156,0.8659539266565741,1.1290552832134968,1.038753390176863,0.8580348389572245,1.1312454503438245,1.014287970051705,1.3514064271348245,-0.23987214656296196,0.36174257138109656,0.36904558070564664,-0.07455466203804083,0.23808048510754934,0.3464378878692574,1.054856412750537,-1.3642910930437617
1157,1.0238797335084255,0.7231557582856811,0.7454125802521454,1.0238893506601234,0.8083706700570518,0.7657379509901102,1.4284631352345056,1.2112772070155209,0.8010977494852658,0.7934886178748713,1.1757939401137507,0.7340230213800676,0.838027684875086,0.42195314657902805,0.9271496722502439
1158,0.7462217672651962,0.6055841766517722,0.6673743328710324,0.7457162563369678,0.6161238313564903,0.6330690255296307,1.4809987483703477,0.05742930544543767,-0.4692218813666644,-0.5429233202866721,0.09852082148990272,-0.5037202704429543,-0.5792854528161011,1.0688102859899737,0.45212292996494774
1159,0.15551765591498448,0.29852694417350034,0.34331657030117335,0.18107962303860192,0.3105909975902136,0.3345723137795416,2.2497110437089223,0.31074820934509956,0.5137354800270582,0.6051547718770671,0.3516004326499081,0.5276790382046319,0.6355328956699924,1.1849835221339733,-0.8966280165204189
1160,-0.17120407333731993,-0.28423262463747784,-0.2886184229805632,-0.1589113807877943,-0.269187820734868,-0.2852998470995064,2.3721075700848173,-0.4598987274139419,-1.0839232607109759,-1.1108433205313466,-0.484537987493139,-1.057038756536758,-1.094099613854638,1.6689653168881453,0.5658369097866011
1161,0.06217375849938892,-0.28824124339650964,-0.27753706097108277,0.06734004409251754,-0.30519375125233145,-0.27097452055819293,1.6574765824507158,0.9431118282341235,0.39811863285022564,0.3885442032493059,0.9128149995526338,0.4435554809248231,0.40139828749439826,0.12790128279278717,0.97032185122017
1162,0.08872484382762563,-2.0742855908648026,-2.175711539964985,0.09158576413261676,-2.0716496953974763,-2.177747509400853,1.8440479775559357,2.3924357730402876,-1.490370939143309,-1.5190422495196632,2.4010152376318223,-1.46985701178677,-1.4721086304168944,-1.1447044100372352,3.1255139115978987
1163,0.01170401483151274,-0.11548689050726774,-0.12311516810588535,-0.0173551406094057,-0.10649821914327304,-0.1243783948483706,3.019148289113556,0.2834990064526792,0.03689544101763225,0.030870869953756003,0.2100465137125996,0.06803010609694307,0.03559687300353776,1.427288634456039,0.8482337747716736
1164,-0.007192219197054879,-0.4964939399445523,-0.5185513078018472,-0.005488037440453277,-0.4953710894335274,-0.5315181221471552,2.4710607055641916,0.20951203676402821,-0.5799937645050255,-0.584601287421557,0.18487238231820105,-0.552374728411564,-0.5854716965480182,1.565130519126023,1.5753897612411965
1165,-0.7486084255790674,-0.6242551604610719,-0.603347473869975,-0.7745670897379436,-0.618672325392321,-0.5988408085995289,3.510855601192687,-0.780450858010578,-0.6200576311825393,-0.6267929432211762,-0.797802251665038,-0.6158084316972383,-0.641603993859289,2.2677660231633903,-2.066445223319481
1166,1.4820217748817093,1.1732949549924179,1.068407004113844,1.5057637455475312,1.1185955152356077,1.0614585051753733,1.242615195538274,0.24105376536111056,-0.8010743165660963,-0.7388042405621374,0.2673697030380339,-0.8061987672032686,-0.6771690723026685,0.7452044838911881,1.166414161625564
1167,0.16323080681902294,-0.6317542497194205,-0.6593599581394813,0.15467932936418521,-0.6326746821864906,-0.5954851505386003,2.4340641622945247,1.2982642935955049,-0.2917847785693814,-0.32255539886746953,1.3423171047353233,-0.06821390846521562,-0.26251516064940683,0.08343324129540042,1.5560704161690944
1168,1.3805916006514862,1.8157102000156764,1.734667614937324,1.3879494873540292,1.8324106618818918,1.7581315473446344,1.8507722482131617,0.370397257100868,1.2661840044932542,1.297647071057295,0.3495774599035381,1.242740638803651,1.3031765718158996,1.5982646425837355,-0.6466279995971217
1169,0.8320373017344739,-0.013997604640384836,-0.01439832839793222,0.8401240696028663,-0.004260740364597726,-0.008998378233526293,1.3740809600536734,1.1517460638533215,-1.0498305007117017,-0.9977243506156213,1.1359490632299112,-1.010588638527982,-0.9978641726604209,0.09118574031020894,1.9818571024107026
1170,0.5775991782486455,0.13793074081072695,0.13637183318189344,0.5517319951289646,0.13528160594376473,0.1890628989228839,1.6709913746720644,0.5465910005013876,-0.7959802535609873,-0.7681113341910033,0.668558423324521,-0.8327953358243564,-0.6967351725582206,0.4607193771733769,1.5238228121805104
1171,0.6324840053313083,-0.3527286180537022,-0.32917938961820736,0.6139786545021253,-0.32757722720070986,-0.3289825587144007,1.8334690050715623,1.601190983714678,-0.05225869617025537,-0.05031384291830404,1.6017857442976764,-0.1327702581945545,-0.0643840227761115,-0.17038308398977145,1.9214414037429002
1172,1.0435463203714823,0.09232018744473744,0.09081756920087972,1.0459654753550294,0.09674852358201307,0.10947110762918834,0.7535057393782731,1.6751050519592001,0.1527203896672023,0.15511359479906986,1.6925347369568995,0.16196672298522508,0.14574780262929413,-0.6606981844610059,1.8885216979518775
1173,1.6331720368426268,1.3492210522832637,1.3416609324452007,1.6122452901946451,1.344904688855866,1.3418174598949097,0.45578792057493334,-0.047619378033864845,-0.8306981376910486,-0.9158385882042466,-0.034907951551921536,-0.9147280430489477,-0.8738327183659459,0.9651710699214323,0.8554971621171408
1174,0.0986741670622845,-0.21513116905378232,-0.1961801910720351,0.10723221854494126,-0.23697058726880252,-0.1872255618977683,1.70931130038586,0.35040749323756915,-0.06709213639811232,-0.060155344431055816,0.3648369514347026,0.10361986754307662,-0.11216810139915441,0.7202942986717019,0.5271209318194455
1175,-0.02051028638206678,-0.45073346071926995,-0.47318257787019313,-0.020083759450793943,-0.42599440874017647,-0.48198086888852454,2.753182216198134,0.6831624876233963,0.13133589562972559,0.13203093658355597,0.7702681589497559,0.13351691189978454,0.15327531610093917,1.2550298966340154,0.7026619796111563
1176,0.044735626387998786,-0.16140098518729054,-0.16430495305770332,0.060614635784638535,-0.15631878191651416,-0.17388065092897956,2.1716159009118363,-0.4495942762599394,-1.1991836695456621,-1.180165752255067,-0.4517061284946863,-1.2020541979671988,-1.1516788773908617,1.8133945309160089,0.8408355191848471
1177,-0.1263166691379699,-0.3142701948286341,-0.28450184394995165,-0.12740279445283295,-0.3194166834659877,-0.24958837214374024,3.0491069086451033,-0.0014734365486513649,-0.2528923566024674,-0.22016345256543024,0.0386269992208839,-0.2642191536855889,-0.18969311396547356,2.0141221755665897,0.5347254980755541
1178,2.453512384609792,2.0935033219454597,2.2712463622903805,2.4497574652593106,2.0981422562129066,2.242310287448808,0.42513545975874817,1.2362735037774548,0.6461963695415023,0.7202426684723263,1.2892803306667004,0.5203664204194697,0.6698870807787339,0.45465974840057805,0.8764405441637253
1179,-0.3577618835126438,-1.40007439581271,-1.469005848908871,-0.3527094494218897,-1.3857379395535592,-1.4553594929258484,2.460409518942378,0.9732246583262839,-0.8262209319499703,-0.8566941356896502,0.9814999377946959,-0.8013873577206287,-0.8393201334973753,0.602842209032247,1.6258182584128495
1180,-1.3813102908352064,-1.7705569802683,-1.6832150922500777,-1.3847691007684582,-1.755965232128864,-1.694780941522387,3.308308507179461,-1.2347289384080677,-2.2602122169214183,-1.9667447797845337,-1.2134200526932366,-2.228013405780237,-1.956793698817528,2.2348588025905896,0.4657072146021228
1181,0.9778176640678075,1.781472360813998,1.3629804984666005,1.0316796792199574,1.7624334730272524,1.389477920206237,4.060216580205996,0.760492432325952,1.9758052626617482,1.6844188739966808,0.7039537289034444,1.9100391352971882,1.587643775240267,2.117773313027368,-2.129389355468495
1182,0.9438875699304526,-0.9411299237005346,-1.0143952559383702,0.9371752005284477,-0.9417115765618076,-0.9898950953164309,1.8894904030804822,2.054448954446292,-1.1644756537239096,-1.2771579790402652,2.050383129953159,-1.175194303494841,-1.3790549455358272,-0.34780963003753196,2.9456015951762473
1183,-1.2318957790119096,-2.3325816825088372,-2.23714549665719,-1.2565328127085615,-2.283914384630178,-2.2944301780773255,3.605358820200584,0.21271915089037247,-1.6970440976026262,-1.7439453351549299,0.200923868615844,-1.6949370194625173,-1.8033426199729328,1.530315514761775,1.7678694455140116
1184,0.7687335347993761,0.8550798764403654,0.8916043955039573,0.7578198244413774,0.8601811375195908,0.9204713704751527,1.857523793060724,1.3881070918039784,1.523628317626929,1.5772438697291422,1.3824005430327364,1.5196381184999432,1.5640234508125817,0.3635733711100089,-0.7188491205565386
1185,3.9546896733562003,1.4493605801412581,1.6087564687779197,3.9529374591287763,1.4520691415151652,1.619423588167434,-0.346449704392603,4.511012838063836,1.5069036504312736,1.697605966896408,4.528070788116399,1.5005080275364764,1.7011377771931118,-1.4163757850686787,4.676302667498848
1186,0.5607824983874223,-0.04581576496133098,-0.04206115291234221,0.5730434666935439,-0.03976272748501127,-0.03335730507800177,2.3427870153992414,1.1264897342296734,0.45079594085760644,0.4427335199954517,1.1249574467284156,0.4511669106906266,0.46983383506922316,0.6849683777556759,1.2620506904373856
1187,0.6922541580493585,0.6882963298864013,0.7054945356233971,0.6971236635474227,0.6956754918643586,0.699127447234711,1.7563822232031698,0.17532106035396833,0.20494665792158498,0.21859505410502925,0.08529287600182327,0.16348791872646173,-0.018403241378605665,0.9806083560510882,-0.13521835018570716
1188,0.0958066416305049,0.22950223160895317,0.2386425161368164,0.04489395346252533,0.2396911368574068,0.24843492459187588,2.584632073064047,0.12800662030064272,0.41678584707583793,0.4151565737448723,0.12426989564659367,0.37876061677774403,0.5412431454976887,1.1831181055594184,-1.8220510308055329
1189,0.5922940730861443,0.17645767464553253,0.1739565161306326,0.5933607131435198,0.18319393107904802,0.17639355778731036,2.834087167288949,0.2730528580251902,-0.47609752175571013,-0.44281196718271115,0.2563708489742777,-0.45560439049901064,-0.43946506639995087,1.4088381021541887,1.0854831793461142
1190,0.008678382316101185,-1.135725603099099,-1.061528817507975,0.020832154591343622,-1.131094731308246,-1.0740004329261204,2.1142012182986254,1.2521718687050116,-0.6164461593399839,-0.5707812192646777,1.281614873020952,-0.617295553670745,-0.5670449030727266,0.2846368403263375,2.229350069667179
1191,-0.5190471730598328,-0.44003432563343986,-0.4369192346658384,-0.542442141393377,-0.41746702038644407,-0.3932199203588476,2.0861535582787547,0.5467745467718131,0.6634642339881339,0.7135834820003093,0.5235056347010291,0.7650393498164645,0.7784311539557894,0.18152888937769476,0.1276733751904041
1192,-0.7799646739122612,-1.5024007320298356,-1.5344281290509882,-0.7607920017084175,-1.5211233448464907,-1.5438666561938745,3.2311708480212924,0.06882479981680618,-1.2756723202441538,-1.186268702396887,0.020477534977293817,-1.337395999815376,-1.2101027791899164,1.1299123297103482,1.0864454954466891
1193,1.602990134081048,1.3712358622415726,1.390724401086686,1.6222322501737696,1.381997560676714,1.3998128522576387,1.2808540801700785,1.7057261139715587,1.6785982354338573,1.747244891232987,1.6842292728042918,1.6920017855134206,1.728332122624108,-0.09202215849449126,0.7707953777256904
1194,-0.5693887979471657,0.12173093555110094,0.14674372269214633,-0.5517367958925942,0.10977313833881766,0.1356632039030039,3.107207218031458,-0.8646369708404845,0.22039244159736773,0.25020425931325635,-0.8741804517456956,0.20497813196278353,0.1405280271884656,2.329205362089097,-0.7880702280560883
1195,2.096356716963346,1.1398522466239809,1.1528669006463665,2.087361938441203,1.1373570768212746,1.1599192885668297,0.7916125452094516,2.484288430248456,1.247725957722862,1.1470175794434427,2.486614911782966,1.2320035940906475,1.165814440829537,-0.6208454291768346,2.2494561078234354
1196,-0.6104859214577827,-0.7117359485986958,-0.6334292654623078,-0.6192796209774615,-0.7111376282057618,-0.6478964224696347,3.339137656374378,-0.4653775877853786,-0.7104327726129104,-0.5824014393025377,-0.4805754908393851,-0.7237223759150814,-0.6089388962775131,1.9091036122192457,0.5380705873485884
1197,-2.211913231882048,-1.396758266001962,-1.3935841622671519,-2.2256759704582487,-1.433329246427302,-1.4233663409931288,3.7327923291643716,-3.0837125618541315,-1.9826241536159797,-1.8771853431683494,-3.1072457116180026,-1.9926967857922382,-1.8813209441615133,4.047870954576581,-1.3466727527311118
1198,-0.46303558255284705,-1.4362999390037605,-1.2767830729381802,-0.46922925602271004,-1.415464832121722,-1.2856132603809474,2.5968709553593405,0.3973214449664468,-1.024801808737553,-0.8778654709019098,0.38387582860459774,-1.0813520154035665,-0.8668509692902211,0.9967377934160935,1.3482927715698543
1199,1.0653412455974185,0.8310242313053362,0.7780421046837057,1.073063633239982,0.8880364631268348,0.7344021200670467,1.693090925357393,1.8137843051082863,1.6073634070172425,1.6747702587136752,1.8189592831239,1.6265882933041735,1.626901899429304,-0.49728107242916114,0.8575596540373259
1200,-0.056481578183868605,-0.6020810839588701,-0.6594769020497135,-0.03833448212150437,-0.6154152017632174,-0.6228760710826058,2.4344757778777626,-0.20412750224641624,-1.1937151572736049,-1.2314106624033125,-0.2166836975208921,-1.1859881727497872,-1.2575597698445518,1.5323147029355515,1.3763625915302826
1201,0.39539574142186024,-0.09683322132336589,-0.10848813728852263,0.42463051203216773,-0.1699877414196387,-0.1322921439363569,3.3142440544445138,-0.12533904069129068,-0.7074013851373483,-0.7676622211285167,-0.14406091319350323,-0.7702708710021227,-0.7989207251600737,2.4221310756114476,-0.15405567030253864
1202,0.04999788079761042,-0.8387020168691538,-0.8311911337256594,0.04818661461566154,-0.8435835712681523,-0.8233343543370524,1.9623442626293865,0.8831526324887424,-1.2565154224004453,-1.2908661695871337,0.9142846359478292,-1.232427907759764,-1.2258663414227284,0.19155814294290868,2.302076520406191
1203,2.3057004781981463,2.006933985560938,2.1065619460431106,2.298721233242227,1.9825312460916233,2.109895402095698,0.5918196039141974,2.0299606820513962,1.7075185266185064,1.7951098201706313,2.03090605058205,1.719465440898553,1.8123501475882489,0.1180721057160977,0.9324789603282685
1204,-0.09359755975661653,-0.04122615600866512,-0.043946841059862844,-0.10455040122237938,-0.040637019938707275,-0.060105791800334325,3.267346314419799,0.4583872798741788,0.5765734368365719,0.6123274447150568,0.4569338899948889,0.5706176336473501,0.617341173996148,1.7179031219456289,-1.442813658157072
1205,-0.28069047801719943,-0.19130250872165575,-0.20324762408853997,-0.3118602998232198,-0.15799541210864954,-0.2421224787740891,2.3613838060781407,-0.10566632989175766,0.13995838947070696,0.146399957049824,-0.16515446532768172,0.17447056906985892,0.13052407133401087,1.3009046363732735,-0.9922537120192029
1206,1.9100889184827141,1.3123709657972662,1.2935078957262212,1.899452880141007,1.281644828992596,1.2848993644156346,0.8982972914745686,1.7719337036309808,0.8373058321658408,0.8670467773480504,1.7855181944209109,0.7672619422668571,0.8766709676544048,-0.194387432474839,1.6782980893462687
1207,-0.08434060993839747,-0.41015135773022526,-0.39813268326922857,-0.10000688352754,-0.3866580237202855,-0.4060761574944204,2.643811872627966,-0.44946334088217216,-1.272247503521621,-1.3880770459875036,-0.4527064420271529,-1.2830734471554008,-1.3879473580559913,1.8277005527607018,1.2072445513107186
1208,-0.520119449347719,-0.41394538914664164,-0.42551292816849345,-0.48817153010283565,-0.31907988281680316,-0.39713816040842614,3.204816553045905,-0.6652351039895087,-0.38867550638067677,-0.40654426170712465,-0.6284144819388021,-0.3048370858334412,-0.39907852426034907,1.8437263250080764,-1.5535143494727888
1209,1.3494199780262013,1.1167303357702114,1.0791115133893128,1.2884319442000325,1.0989808573697457,1.0966153878650131,1.0971873893146837,1.5814882448865217,1.1024969346429314,1.0280920268629232,1.6168895448335832,1.0893163037613733,1.057427488346945,-0.1880801886636408,1.6776522392498088
1210,-1.0917092292926887,-1.5183733240699493,-1.3739387005620347,-1.091207755382682,-1.5180471174354042,-1.3947504015681542,3.845130982947103,-0.24677093982282008,-0.905310052310973,-0.9503971423280274,-0.2379465892993039,-0.8824755252815542,-0.9132489879724113,2.3888040544213993,0.4352988107254346
1211,0.9654522540942161,-0.05577743291034043,-0.05440545341864839,0.9726807284918394,-0.049154891694691324,-0.05763770346579435,1.4986121396818268,1.4061088611528836,-0.244895048107534,-0.22007621648486098,1.4026833103337424,-0.23978931751318985,-0.23455136911094773,0.09046614650145963,1.7801465585232494
1212,1.7034085258216758,1.2941402308061138,1.3079030202910762,1.7380450727420993,1.28733048787486,1.3248374724510528,0.7303886802552927,1.469665486057312,0.3394982797212344,0.3582309189996203,1.525259712174717,0.3824160471789888,0.3582581018277977,-0.4919353918790586,1.5654561254478547
1213,1.8772257579980987,0.5068453932649756,0.6146169710028005,1.8829310632142593,0.516931306357939,0.5753886594833885,1.8191046147019159,3.009026111628197,1.425559953388361,1.6142190437633042,2.98691199053566,1.4014435993274026,1.6079033256327893,-0.5788338151063233,2.440938837596539
1214,-0.4301727295439726,-0.8079975136230239,-0.8381399625380749,-0.436082733533819,-0.8168524049819534,-0.8270372215678634,2.9870409959322837,0.02006372760818621,-0.5630895806964155,-0.5594485804816997,0.014511214496282083,-0.5699346309314502,-0.5915960385795636,1.739575826483817,0.4910727604803053
1215,2.023503399041468,1.2132702671284,1.2767962730463998,2.0420670553836984,1.2176504247581206,1.263777409360283,1.241886825563192,1.8667150096573935,0.7535483667851587,0.8159384056335369,1.8769447709396425,0.7788922441768431,0.7943396825494409,0.1877534334864922,1.673721070856209
1216,0.22344624592348558,-0.6556896164733621,-0.5977190222848213,0.2258789080526084,-0.6585370510855079,-0.586769941880703,2.6307678746283005,0.5734793559690274,-0.7322385990321544,-0.629726022146953,0.5970070738737754,-0.7259672024473711,-0.5499013625961343,1.2188646707354873,1.7112672628736847
1217,-0.33769955786534733,-0.21878172343477054,-0.24872941321348813,-0.35754351740704127,-0.20855454857592035,-0.18103869281468227,2.5163030917327553,-1.4282750162942002,-1.4370942270069262,-1.4963521732791552,-1.2382702638051657,-1.7320188548952844,-1.6595699507194617,2.2279758320588723,-0.05732275290891867
1218,-0.0006217815357679259,-0.9531415297269421,-0.9603589817232911,0.009282457387596746,-0.968562943649143,-0.9655546632484782,2.6002637583771966,1.3582701981893304,-0.13340813294151294,-0.13673606188014872,1.3717017391576527,-0.147799523244327,-0.10649907187814549,0.23979273325970565,2.2356682298084722
1219,0.7017752308050517,0.38132147006200223,0.36049789997936466,0.6978552013647575,0.39649240207573594,0.3791832082369994,1.4048771410297565,0.9012059567181245,0.48165364826390455,0.4660086436850462,0.9225198160965316,0.5238983756727869,0.40117063233129424,0.3743417842115352,0.7387106436274063
1220,1.923969120757827,1.3824193131390898,1.464639535983256,1.9354300558485507,1.3944698412580634,1.4363368940214976,1.1883222374660878,1.6156957163456924,0.6746509802135294,0.74082879803685,1.6341418416392541,0.6487943858299736,0.718879412216136,0.3048484765773591,2.0877351508118616
1221,-0.40770674275015245,-0.40089228139928257,-0.36069158471517443,-0.39617271555510153,-0.39434295283263443,-0.3535545376863324,2.5767850714633624,-1.1186455316559565,-1.213996416351556,-1.1330508368811918,-1.1420428939227443,-1.1714367801439045,-1.1849015498706736,1.9911840801786207,-0.16053622137441367
1222,-0.45773529018453385,-0.1848352178005229,-0.18779808645456758,-0.45000389721075656,-0.20363749818091187,-0.1934358518570488,2.389542252599702,-0.8048539424991038,-0.21666340459259958,-0.2369661320465463,-0.8235550678076693,-0.19964510586875378,-0.24743768504283414,1.8481509788552566,-1.876103058034621
1223,2.2528712942517637,1.8937748309554683,1.801039838191611,2.2384829149973173,1.890933271136121,1.8049392782172398,1.2270562820513249,2.8767938984043253,2.873263406940621,2.600145023194678,2.913159940709427,2.838113017268108,2.5857150409959653,-0.31690600840202166,1.1461776615023231
1224,-0.007188503835693313,-0.7095541977810395,-0.7863160700353877,0.031859517617717194,-0.7427338447133716,-0.8047168964744117,2.5431313746210864,0.5661143857967746,-0.08338061912923111,-0.08958073546338821,0.583429276977638,-0.06683710902870696,-0.06219818017663264,1.1281443987347093,0.5962994953348173
1225,1.8797121947281161,1.551062099586878,1.718378940533553,1.8860089854676227,1.5775552895777778,1.7057778821739,2.065531967675992,0.4716738926590532,0.10312523749057458,0.12468995400219417,0.5016441106967563,0.11150794631696767,0.11717774844078525,1.7628039043146886,1.2599581306161916
1226,0.6187014767743094,-0.9932667468405472,-0.9985349330644615,0.612714648212534,-1.0021431185831027,-0.9726315778854748,2.1665379911058995,1.1848707265028893,-0.7380862349312312,-0.771096210327326,1.1818773623318104,-0.7673174877978661,-0.7865926085603913,0.6577003749088326,1.4988988845414941
1227,-0.08367152702661407,-0.7536097314798275,-0.7556260782878416,-0.07212973033924566,-0.7347519901713752,-0.7530897623595671,2.406450946151841,1.1294652588641307,0.14353461999299955,0.14189956846199067,1.1485923297148777,0.13765034440265703,0.15165978507044336,0.4663327514181108,1.6026503202426121
1228,0.23946035531133586,0.40334445701560995,0.39624698023861044,0.26830687016187177,0.3899080373049135,0.4184146809825043,2.05546989756819,-0.371389163935889,-0.07735920062347976,-0.07821352623050092,-0.33409201568759245,-0.04030714046235013,-0.029864191115122177,1.2418525537270826,-1.050080389498681
1229,-1.057571214092514,-0.8876042101664288,-0.9173750558754981,-1.057226154505956,-0.8810014209410925,-0.951914025497187,2.978576338751719,-1.6211981612873507,-1.1504870077855922,-1.2689493377246879,-1.6226235054263245,-1.203981741964081,-1.388819962980882,2.225171262293093,-1.4572280171014942
1230,-0.44341446155356057,-1.0521529431580416,-0.9486842951588648,-0.3969701932598318,-1.0604347384610442,-0.9465388987067155,3.241061946903083,-0.9934313807108714,-2.731831728755052,-2.3949842649666575,-1.0117957747559196,-2.639715030108867,-2.3294063719262765,2.6498699879572007,1.3892401432868104
1231,1.1328234949528293,-0.16080209950134688,-0.19364716655117037,1.1455459683383504,-0.16853330790322812,-0.1759507232223247,1.1059190745755403,1.4809974795846215,-0.5229615069946366,-0.7743453738764408,1.4859464371934656,-0.5334842366458792,-0.7641252787691639,-0.10708044586578917,2.3952824840912665
1232,-1.8438573750338265,-1.6312478371556034,-1.602240431903927,-1.8517977417367197,-1.6237511053902747,-1.5729319392488441,3.5004467594767434,-1.6366633032643245,-1.230906741901822,-1.1230313729031345,-1.6852147665432056,-1.239693546379169,-1.1258139772877156,2.317955066869356,-0.8730941605218449
1233,2.113177289868624,1.8603727627226032,1.7580404247439891,2.1173224133621735,1.8409851793890968,1.7783946442571945,1.0785191187069636,0.8986646462784343,0.18567192682292827,0.20557577673782002,0.8541242813684173,0.23076977056692524,0.30522723790936634,0.6824998321211266,0.8547660713004206
1234,2.365229739142995,1.210563185567918,1.1851366335882194,2.367461468274983,1.2203449994973286,1.169247317522297,0.6290897256183864,3.3820007511022863,2.3804596096820054,2.44661335414331,3.3750968784367874,2.399700986676903,2.417477286862511,-1.425901280488693,2.3766164451932346
1235,-0.8649312503469111,-0.9318059852655519,-0.9008567902698812,-0.8306039755944696,-0.9425709436650865,-0.8850269360477965,2.394137448767139,-0.6700788449993109,-0.8241077888850568,-0.8060067848748962,-0.6828084611189726,-0.7919425561163614,-0.7467363089450757,1.4408408303938307,0.04904182002286778
1236,0.8920973049914415,-0.10275145052915315,-0.09649930045340054,0.8894248173569025,-0.09267981747216392,-0.09225156007958779,2.0265589326522733,1.6863155373445708,0.4992592798027762,0.4624061139492124,1.6819383431950596,0.4883544121689804,0.4675019440714574,0.1723116700504018,1.9665804424720337
1237,-0.40030017713163857,-0.6351360629768105,-0.6049826266112937,-0.3813887344356177,-0.6475019878702302,-0.595349974241777,2.878518735371932,0.02420765956663055,-0.26040808547606475,-0.26192112535548956,0.0014798608381404025,-0.21863077692251454,-0.2706286365993483,1.5209899595585183,0.3064806990799427
1238,1.6825585143211217,1.0988049994203086,1.1064035144173057,1.6757717892953332,1.096758990573856,1.107087594422676,1.61214131503312,1.1220034248190545,0.2655201988755453,0.27047584608582226,1.0158821570609962,0.34359583487587064,0.36020202939530466,0.38231142654404876,1.1111331395728214
1239,1.4811077251185412,0.2537119608195411,0.2656592047683207,1.4961205570693696,0.259701899709453,0.3088538823103162,1.0198239083300502,1.9631573219241854,0.7931307213250821,0.8011738699901138,1.9304815336889893,0.8020615016799084,0.8452015863628654,-0.07775074574563799,1.7879851947438168
1240,-1.4308885196047811,-1.4564749921230167,-1.4126663154421557,-1.3990778323000082,-1.4797929688583864,-1.4021776905551466,3.1035815598759684,-1.1041458317633026,-2.0755134772181596,-1.9820846817574727,-1.1068383946594282,-2.054320232520938,-1.9847899830717286,1.8414881060238995,-0.25302820400573867
1241,1.010450692102396,0.5363071733600918,0.5662056545233012,0.9875889350652314,0.559797846352053,0.5744924147990428,1.3565739267946604,1.3910228413207983,0.7343563646201807,0.8006206735839262,1.3872987675669324,0.72162522206468,0.7602086282889142,0.0330533808949885,1.4593197258466284
1242,0.640566507263304,0.874636400206097,0.8519834435626126,0.6382401224538704,0.8548582962710088,0.8866192838202507,2.692891405030015,0.47250947255070713,0.9905641918000894,0.9530183927598249,0.5553850656137067,0.9821376160694911,0.9423820725316472,1.5060077678927122,-0.8456381658624345
1243,-0.6567522703976358,-0.7459927306376379,-0.77302745262792,-0.660804831200215,-0.7456808418216276,-0.7622611707086632,3.149449370011005,-0.21349600095104213,-0.39581921956669824,-0.41594552343696733,-0.2019772996233224,-0.38894716691387077,-0.42166441167377255,1.5320091511343872,0.3005945572435241
1244,-0.5111049281863597,-0.3721536817473567,-0.3776869204517862,-0.5472089535349312,-0.39353149234797546,-0.38439064441343485,3.0526949651548416,-1.248020249683577,-1.0913720677843304,-1.0343282689460302,-1.3064114994907632,-1.0543576314838405,-0.9287419080206835,2.456773417392252,-0.8479612978680064
1245,-0.6718721616884942,-0.49981632727483677,-0.46722020222694943,-0.6799805562014878,-0.5079106529420514,-0.4738187151378894,2.6628936177619984,0.0035075231941981283,0.34318413390567387,0.32083350886408996,0.020026964243858504,0.33721375981318635,0.3380970591624967,1.1587162664519226,-1.1318992280492706
1246,-0.46566993523265865,-1.0117079400738471,-0.9354541200492518,-0.46840619610086187,-0.9821319913170421,-0.890917317464182,2.888741600428585,-0.009115579151407531,-0.9211715171709213,-0.8597700145406716,0.01056226180890851,-0.89833955355052,-0.7706162476543129,1.6217087722216612,0.6404293778987714
1247,-1.6348362173785413,-1.4872754353719078,-1.4726474797374562,-1.611108829429969,-1.5073562271898309,-1.469962198467194,3.338792794378885,-1.0943580385879113,-0.8999618117447638,-0.9194556326589759,-1.1257637735996744,-0.9511091195999161,-0.8995902327292917,1.8930833755342034,-0.6336548472803405
1248,0.7949107070292203,-0.3139563981814792,-0.3123834664321433,0.8071237379387607,-0.28287671514673657,-0.33266289935735177,2.043501794616433,0.9359639981964902,-1.1013495607604424,-1.1283018464214953,0.9624697687414056,-1.1642459973869081,-1.1310196417036402,0.5812400702300599,1.6232256332547395
1249,-0.10725978346155039,-0.09312953193637401,-0.09385923600218367,-0.08470933428505337,-0.07096494383325881,-0.14493078655585598,1.8874780498231178,0.46634113835640717,0.642543330595413,0.63839591964105,0.5026217414279013,0.5977756686590898,0.561772040894049,0.5623988479200162,-0.2113037726189266
1250,0.13498058254738204,-0.23594700292556414,-0.2532651066179723,0.12383842735209778,-0.2383678105907382,-0.24218380060830255,2.5276052317505275,0.5625721987196243,-0.006959277071905548,-0.007424879539410409,0.5238256372741977,0.01100085919260483,-0.04850486012546351,0.9437215642845462,0.8337487680126157
1251,0.4006029013430031,0.5161901372011796,0.45724724246712656,0.36835988275592535,0.48796164164901723,0.4638431769449499,2.6761341006378045,-0.2360881429288831,-0.06330874953850885,-0.050762945384408266,-0.21347571743672725,-0.03519835360183438,0.007245224034877041,1.82252183067674,0.06781959975917684
1252,1.2229130371032773,0.2783911792574078,0.28554527423656983,1.2613639335485753,0.24102808085415733,0.2788302038323903,1.5364697926634177,0.9464624970855391,-1.2421304545384468,-1.1527825200213584,0.9711466757688103,-1.1971678459744513,-1.1344549120634941,1.009742938985625,2.2322497097286624
1253,0.5218732317293528,0.09911447287296264,0.11395891137363459,0.5302615050089325,0.071466658550181,0.13380141744202476,1.3834949626505453,0.7553539949376084,-0.5190237065166436,-0.5510040866404635,0.8519354822721101,-0.5003043372502859,-0.5511794145357497,0.22875010192374942,1.3306067971652822
1254,0.3679265523764213,0.27675980947917617,0.27915204510342023,0.34595003425034865,0.27628653956432503,0.2757767783941854,2.382358119032849,0.1551164808321939,-0.013084141488383421,-0.012386057405543651,0.1565680541882935,-0.01379286033247785,-0.0160104485124011,1.7017005049549663,0.316991602392391
1255,1.816020628098006,-0.45716949056359796,-0.4210927494831428,1.809829999960064,-0.4603531270524686,-0.4311369521076857,1.338010972004285,2.049088401444717,-0.20428786423827242,-0.1819309791835693,2.0562062833540193,-0.20276552103257947,-0.1546790008707363,0.43845665429850783,2.050574896497825
1256,0.147170126666042,-0.7659302629395736,-0.7715666905776357,0.1216520626448077,-0.77475435608755,-0.7841962603047986,2.2020719491228755,0.22589178303916496,-1.3479365096340499,-1.4106438876033345,0.2157494011187871,-1.3769387348524507,-1.4347976268301719,1.2751894809073832,1.206184949244304
1257,-0.019302526001927466,-0.12756468294254775,-0.12963129056791908,-0.049033276991409934,-0.1525526366973739,-0.09939431672718838,2.4388706814494463,-0.6187478049917898,-1.5048106061397828,-1.3775699237209955,-0.6822197902073619,-1.501517046014964,-1.369130252212526,1.726564165000781,0.15515996545684504
1258,1.7046907806294818,1.0030876020482045,1.0913504177284352,1.7079019320425717,0.9950761968949172,1.1097498869580293,1.3274426159634962,2.3902779090632427,1.6604131304923595,1.8771400884977785,2.3897405206779907,1.6874503146831212,1.8673433099065002,-0.17604812062741698,1.6733804172649505
1259,-0.21024729835549014,-0.5436054258182416,-0.6093592947398746,-0.19558035613232735,-0.5553146837782649,-0.5558493641032343,2.128406244172661,-0.04304720247251029,-0.6262116988096307,-0.5799765860354278,-0.020584592781237903,-0.6691187093766279,-0.5765156312618116,1.2153026090163812,0.8602483356308245
1260,0.8180042758742943,0.8272651219931091,0.7979169362213319,0.8428803392213646,0.8055818530319415,0.7917601238783215,2.225757424737606,1.2023003300334765,1.4110477838870954,1.2770046242876438,1.1684493409086507,1.38286707177685,1.3564867527548514,1.0979513163692813,0.8585070321412598
1261,-0.5469674173228137,-0.5994784021304085,-0.5677022136914064,-0.5409122732336835,-0.6031921860802388,-0.569357197239869,2.7223761026057973,-0.9149276663567997,-1.065823974878395,-1.0518419991172654,-0.9343817110367494,-1.0321805900775967,-1.079336352355164,1.9505618460835974,-0.21502963763981456
1262,0.7322010662956306,0.20652805003425787,0.22072716638887266,0.7211481297618832,0.1976464609852397,0.21998299750487707,2.0813783235617866,1.024118571071162,0.4441525853439567,0.47119157108222015,1.046194147629076,0.4526380586472151,0.47085544507343796,0.6659519274496005,0.9307771854177332
1263,1.0039350485431378,1.0347592197970314,1.1399637556757527,1.0348224690525423,1.0489826724459472,1.149149793540834,1.3039210796781058,1.2124520312924174,1.7574745392478253,1.826153030631833,1.131212945325209,1.7884378115598483,1.742430031185297,-0.05648116037669552,-0.46011599272035075
1264,0.9395434355350302,0.9772960289419855,0.9881147903201176,0.9658869433157764,0.9694572253635998,0.9843577900935685,1.3890575690560987,0.5822627320360385,0.6143776105243471,0.6715821391260001,0.6212759025949384,0.6394600815339692,0.7045097478413352,0.659153962375584,0.1157943843375314
1265,-0.3682352538816869,-0.6062030883552676,-0.729853028418558,-0.3534654400003035,-0.5970135280236516,-0.7279492583320258,2.7806063163126673,0.042990662576534534,-0.1811450028922039,-0.23840417186883311,0.05691787179968236,-0.17368075574223144,-0.2303708544465711,1.635439833075722,0.8586028948506956
1266,-0.3963961300919481,-2.114556214960173,-1.4713120769325048,-0.3656218019332734,-2.133778015203517,-1.471313661422139,2.9745718922916025,1.2432387059589554,-2.7119064481650352,-2.0451963191744635,1.2027633766727805,-2.760241878753257,-2.0861314071942325,0.3691888273096904,3.0418524449744595
1267,0.12722346017669384,0.2309919075970721,0.26948648563475774,0.12749572785196583,0.2704304533538833,0.2625042129545416,2.0814703397944787,0.05733367907063012,0.38044395511556367,0.42005925663709043,0.00040254700365102914,0.3603996340410532,0.3245331480563382,0.8227830683577827,-0.8553264391004564
1268,1.8458426428698687,1.0200836533554032,1.104720486040393,1.8578654413778457,1.003067673297669,1.1050936994027207,1.1055615336248457,1.815672227586333,0.5123857951655025,0.5639672943429209,1.7569080112849218,0.5574432139195422,0.6281224810677803,0.18353758419924485,2.4683406077283987
1269,-0.5371421826013614,-1.0288549535806808,-1.0072001099142711,-0.5598580140919973,-1.011574711209058,-1.0079266120052044,2.808707016714365,0.5173991019454726,-0.3475797726156666,-0.3468719215872302,0.4533696100169733,-0.4431427232457953,-0.36455489331554447,0.5069607310309056,1.0206033213196475
1270,-0.15496623996388387,-0.9305528378507083,-0.8969341807050155,-0.16931599301100017,-0.935365412364459,-0.9038299065460126,2.448859564974037,-0.23128851931565517,-2.113215488725961,-1.8480980132412446,-0.23015722276291448,-2.1930260573883937,-1.8707872929632106,1.5159182815579477,1.6820806353905031
1271,-1.8870031039902797,-2.135262702847358,-2.135718492024457,-1.905705610450622,-2.150165389486569,-2.152809429323225,4.240691283970814,-0.7988556725116273,-1.2499233664539204,-1.3269671084874404,-0.8749537235447866,-1.2168804453795574,-1.3438029845720683,2.570144016251869,1.1039825634744502
1272,1.8041465551531608,1.293618814988622,1.3652778932134357,1.806011729231861,1.2994275463766245,1.3565888067628364,1.017307815623457,2.085940464314109,1.457329955491665,1.4862663430689322,2.088482956358939,1.4655192625856757,1.4924884367340918,-0.1865902484243678,1.5685287453858587
1273,0.9653490992451139,0.039241659771927846,0.05472533342752475,0.9844966013808621,0.04506316313346159,0.08174164917031142,2.05443290744942,1.2976187611430674,-0.13518750756267822,-0.23227201933371358,1.2849131264575142,-0.09761111334108521,-0.19181512242652113,0.8374912757482913,3.754597492174245
1274,-0.6424556258053485,-0.8612716443502967,-0.8403873847314177,-0.6629254974101725,-0.8485007353518862,-0.8559162079413075,2.964812806629361,-0.3809662182305411,-1.0778988604981545,-0.9732065012087187,-0.3887995007548147,-1.0838177286015092,-0.9921652588193601,1.3669384361984023,0.5281583365386254
1275,0.34873224268073344,0.3456522674090079,0.33857437985713035,0.334965246685529,0.32646615085198527,0.32485216135683065,2.997725521395494,1.1277969231171363,1.135595184327395,1.1346806277704804,1.1419288175257898,1.1574456325045417,1.118695234429765,1.1070750357452444,0.00831335295092443
1276,-0.034410624067317534,0.16861585117914552,0.17115287609881003,-0.032098055003811334,0.17465465134236363,0.17631303164426637,2.592245977062481,-0.05367398574265172,0.28933425465575924,0.29075421529076956,-0.07841062160180325,0.27906478162710474,0.2894913585460377,1.5341232220817331,-0.9234529425821162
1277,2.116449069258914,1.4689972259302677,1.3939548347043018,2.1197039959045756,1.4754963939296937,1.403630536759475,0.680863371408052,2.0060412947473925,0.8540864561411837,0.8100657120015047,2.022107185723566,0.8529486452151251,0.8114571687313811,-0.3240628812991169,2.4122205245896993
1278,-0.5548038470753939,-0.41061140951390596,-0.3627304432864808,-0.5515608214640405,-0.42164944978274504,-0.3464743766205446,2.6906368619088195,-1.2200104831845089,-1.0188790905297136,-0.8575764690391091,-1.2238819259467781,-1.047613030030188,-0.8664100817727998,2.1199185615042873,-0.6186644769618488
1279,-0.6575754220813068,-0.9058246077598981,-0.9314131784639094,-0.6217524412134882,-0.8657277896312526,-0.9361437184715511,3.5081777958918714,0.04242701321341006,-0.22802290033652842,-0.22988815724059758,0.08905482471429628,-0.3013194359238955,-0.20462087357670483,1.1850134515823454,0.4629257007522189
1280,0.27413603587173874,0.2615749252823002,0.259910342532382,0.2562601596535749,0.2703653310017527,0.2643722279248504,1.6722966670754733,0.2632127402564926,0.1847137651944667,0.18148292306563069,0.2495265263235501,0.15502673212028945,0.15989617381028517,0.6516282105184275,0.1144402679362511
1281,0.38464704370507713,0.05348407547686414,0.057929051084370756,0.4013799212606285,0.0405673536479236,0.08428043770070373,2.078628742865797,1.115711440716296,0.5474021015043857,0.613037990758469,1.0607931265538693,0.5408219405871024,0.5972255785116827,0.38907495866464786,1.2015251792171875
1282,0.07341165293788231,-0.7558639302518833,-0.7632978252373193,0.10209634723472052,-0.7412851819489292,-0.7697664733194945,2.308293857478589,1.391888850349657,-0.5004222576657887,-0.5066525688351757,1.3615762306050183,-0.5037016544524165,-0.4772185729538304,-0.21463692622553257,2.037645318683165
1283,0.5684260108628407,-0.2034235685638246,-0.20283663400720311,0.5830726527897171,-0.198449998336768,-0.18484401868630987,1.5242482384160472,0.6918560266079615,-1.324479734852107,-1.3278215292824374,0.7106116314217907,-1.360265429930478,-1.339228167658148,0.5755182543897513,1.7411396490913238
1284,-0.03358939615763879,-0.4511532956124654,-0.45200751326327177,-0.04070769108495323,-0.44626005274509994,-0.4521184414937758,2.385272704047103,0.9287298442690125,0.32460007734043633,0.34310623465461654,0.914253538235611,0.3064653245472888,0.37633235719915725,0.5867238972008009,0.9412769255711062
1285,0.3319833924135832,-1.0778603781446827,-1.1250730249082865,0.3557361830907705,-1.0671775456900896,-1.0995109022505356,2.337815020608366,1.516596034044559,-1.0414861726800104,-1.1514293025939786,1.5269320239927142,-1.058992759786357,-1.1513424951243618,0.7258287102375561,2.220962116799411
1286,-1.672250617806683,-1.4656691734376535,-1.4081044143358816,-1.6771142951053755,-1.4581583310795527,-1.3939620355161124,3.814658173348451,-2.0257818146499322,-1.6124229306499904,-1.6353572768388185,-1.9930071334119224,-1.5909288442890221,-1.6078058993329065,2.645599806301777,-1.3463137847619393
1287,3.3242017489008258,1.427375854539335,1.477830555095643,3.325365679384764,1.4163686658268426,1.4859743963446874,-0.2872555041511824,4.0995669593031225,1.804036296360905,1.7996311196046308,4.0951552311196044,1.8072241261577537,1.825112676126041,-1.8085004524852473,3.8065145802932037
1288,2.0730896066386744,-0.20547067610375583,-0.19609043561093145,2.0799313528620385,-0.220621193842458,-0.18815906919459094,0.09242244744299176,2.96697135390601,-0.44467377495102955,-0.42948557628686523,2.9686197979910256,-0.5081838028711201,-0.46837449996965896,-1.4235288192094613,3.258757645911448
1289,-1.4723020560723346,-1.160481936618874,-1.2623118454558597,-1.4959565232682985,-1.1155285131182113,-1.2402976607772347,4.069724676280404,-1.6748336160001882,-1.0438950499762856,-1.1289359524511853,-1.6892943182826832,-1.1048480016323292,-1.0989871859878289,2.887643055436351,-2.1564206026892667
1290,0.648088928754098,0.6790115792135389,0.6967466311674358,0.6152515634795926,0.65307974215239,0.7170018375875911,1.737849984222122,0.7132115722330298,0.7023305187020777,0.8184217073196719,0.7359811005343816,0.692804323151914,0.8271761881922838,0.6142849411358857,0.31236674788995683
1291,1.0089163240415424,0.930733786618405,0.9497984574663152,1.0087413700830627,0.9297123792283642,0.9532651486943491,1.3950974694070888,-0.03557502539139019,-0.31301267816818334,-0.3229738063281061,-0.04751925186339713,-0.29860563787266964,-0.28692171644926806,1.0967776833174445,0.27661756476228494
1292,-0.7342558517047609,-1.2841001502168905,-1.3024676412113458,-0.7434443631168143,-1.3374134956441812,-1.2553063365777108,2.184044941134965,0.07140268014492823,-1.6625756619963241,-1.790392269299668,0.069170647062014,-1.492710106774732,-1.8862322873303141,0.6862007546906504,0.6051081198969619
1293,-0.37883696416311147,-0.3516663593128085,-0.30697001902461923,-0.34198251027402177,-0.29075429316373885,-0.3006268127801207,2.872120128254333,-1.0083576187783343,-1.1545684039810902,-1.0479161281159783,-0.9943877239672365,-1.2151695960878373,-1.0231951063328673,2.0409520782144353,0.10923429368906305
1294,-0.1528480320111363,-2.24404570414971,-2.221388439320733,-0.1385084072792247,-2.279845914636967,-2.2347653826203704,2.558667257393393,1.0944082213583648,-2.725169721238613,-2.438160272449623,1.0476494501868112,-2.586369970181064,-2.3078957431024736,0.5923858289527776,2.0450700197288
1295,-0.9709045179617243,-1.3318404659048426,-1.2904540913577827,-0.9917330154326031,-1.3032127264379574,-1.3053421703869665,3.6729820938002664,-1.3961350104086083,-2.7424088196384533,-2.4649270057570063,-1.4403278057612263,-2.648103314556049,-2.533590942669167,2.870494073874752,0.09598889353022824
1296,-0.2882929572174893,-0.22074502502119062,-0.24575708239339517,-0.3003305704905422,-0.2249414890809946,-0.23424271479174882,2.8768590038365955,0.1896168254518253,0.3362561148776346,0.3738808588299122,0.13207489245767828,0.3004535870007638,0.38311050925455487,1.4645055593275946,-1.039246414468259
1297,1.8259125460397465,1.4056808092931063,1.3877120110636136,1.8201992974187706,1.3730361550392252,1.39109001624155,0.6819673276574197,2.5069110651857494,1.8955598119307546,1.9711264552456134,2.420609828268167,1.9139316146857488,1.9908541580540713,-1.079983675630056,1.5936676430201142
1298,-1.2904745283142358,-1.3457110120019407,-1.2407980724225376,-1.2855137185479477,-1.4354614799622332,-1.220070655005233,3.1736603822088045,-0.3412556996055553,-0.2548977740215199,-0.24517850093825216,-0.40351896488506883,-0.1974898180697351,-0.24386122956478645,1.4088573247203313,-0.1155759930988273
1299,-0.3882493668362141,-0.9084082222212966,-0.9695264957373232,-0.36420368847875595,-0.9257002592830958,-0.9321081871540783,2.9236468139109384,0.8935215126154643,0.2589061877601214,0.2809403415568558,0.871087081991133,0.2766773795070106,0.2779402877469919,0.6851242419796645,1.3620095534191474
1300,0.753777934926234,0.5854939189270878,0.6168892387367448,0.7372844198298978,0.5702889714884497,0.6209431930629505,1.5334896395564774,0.1490369826097851,-0.505408764265903,-0.47665883259626585,0.159288898019575,-0.49496957204080094,-0.4794002713664902,1.1448056444698762,0.49017248972757643
1301,-0.7942797199595761,-1.0770605658148118,-1.1184226532874408,-0.7513734784595761,-1.0752896911833774,-1.1487175437229697,2.995524771746651,-0.19174409502883952,-0.6326896948331938,-0.7030315290680094,-0.23486528798448872,-0.6184953401983164,-0.6752833271285248,1.1907308370806868,0.501025631494828
1302,0.011212029256899573,-0.7865693214150178,-0.9097344173334994,-0.05182553621152871,-0.8374259175745812,-0.893992149365315,2.2634581908089806,0.8851126975228764,-1.034091877015413,-1.1717106233739145,0.8829677520126039,-1.1323271009809686,-0.9994304653923605,0.4495372127384732,1.6431743904297331
1303,-0.9772786280970904,-1.126379805181252,-1.1635902732665029,-0.9893094464405299,-1.1400179144174292,-1.1684867759529558,3.186802795085204,-0.35470632991067297,-0.6243235153118945,-0.6566806159358635,-0.32083272221604037,-0.6346039955967201,-0.656519590517794,1.6594613035700572,0.5015402207707221
1304,-1.1866341637267905,-1.622737027783305,-1.6672576723058345,-1.1914305475205873,-1.59715637997733,-1.6851075706941814,3.8781837054349073,-0.28507263265980837,-0.893882419691952,-0.9345110934599841,-0.2666378794740831,-0.845215091528007,-0.8727487169295481,2.1465210690434953,0.35807982620222584
1305,0.6021106993784091,0.5333558041368089,0.9225736973658332,0.6004377631139667,0.5599117122556483,0.9278410205455915,2.5027196184357754,0.7777562141571642,0.6761357639142754,1.1445018725309244,0.743271659860715,0.6875178328186928,1.0843773560058274,1.2908402599381743,0.46796515487856155
1306,-0.07126149433869763,-0.13539185444870386,-0.1410094148419638,-0.07590872990496922,-0.15599575296655688,-0.10640068543665306,2.5933459617876293,0.43039932177504686,0.33249889783176745,0.33878081495873213,0.4698847600808794,0.47864083089203835,0.32763549631365113,0.7207094530120215,0.29953603471880963
1307,-0.7906798855007061,-1.0580492558831183,-0.9914810835670345,-0.8091830993510464,-1.039088252440844,-1.0178761131371783,2.806794550962536,-0.3928770416217989,-0.862972064412181,-0.8281383129905192,-0.3811213353643729,-0.9068862169312983,-0.8343150476931701,1.5879203334099619,0.2575189817245541
1308,0.5407359052949252,0.14870723810706724,0.14843724316214754,0.558293625532013,0.1379358093159145,0.15083564172784408,1.5017085066939373,1.8380455627296166,1.4638181349712014,1.4631788316028866,1.8507197309748502,1.4653364011337768,1.4924210019238369,-0.6975399483320367,1.217034679200477
1309,2.1590214250909243,1.271933387775192,1.2354835120408465,2.150793847318603,1.2561025847423832,1.209057423835364,0.48020192468436346,2.9466224428493923,1.6317389944987932,1.5815210327202713,3.0282826246719043,1.6745746820196772,1.518783545670577,-1.3823413032650531,2.718141617634897
1310,0.3545023216198637,0.24124050925231558,0.24973842256029835,0.36624909012357304,0.2508856016164646,0.23108590231127846,1.5852193967969708,0.41764902274104443,0.24516359173702887,0.24130635856202404,0.4007306026034174,0.2461906213904674,0.22399077102424958,0.759525301397765,0.33801276501010724
1311,1.5146597368843662,0.2257410027142572,0.23964998937755416,1.5169509578837577,0.2181654134470212,0.2475125670291235,2.4976992864035408,1.5921638732172172,-0.04375987006171888,-0.04664870895095748,1.5824428683037874,-0.03292854025146608,-0.07270117599612867,1.5018420828409687,1.8165725893572262
1312,0.13944337375345114,-0.3216550775505556,-0.3100445561981895,0.14635806170011653,-0.31551469318559666,-0.3102536683020217,2.4003698784043017,0.24853404839498075,-0.997790898706955,-0.959339357806604,0.252616456497291,-0.8529432308329824,-0.9950620713697671,0.8818105445006402,1.0014710846655985
1313,2.1445322791888466,1.2025966660827783,1.0872598716936748,2.1277944292782354,1.2482745864225562,1.111005193142532,1.4559758396047153,3.3643934627018623,2.408688380167014,2.3602439936225514,3.375693724208031,2.4270393703902644,2.3332951773801636,-1.0582641046841197,2.246039607897919
1314,1.8959606489907892,1.9056317319606968,1.9919477301637993,1.93517869445739,1.873609997379086,2.0365121123801115,1.2395190912768723,1.6047463677853036,1.5937924793315275,1.6926685314498913,1.6544098881548848,1.580668563013874,1.7219172759517112,0.5186279054015406,0.3161887374369681
1315,-0.4585532744476172,-1.1011122472944874,-1.1844243342756902,-0.44648055597604336,-1.1061941490655292,-1.1560419621230962,2.4698970203985686,-0.03896123608952711,-1.2121677268391264,-1.309836105553688,-0.03714369403524219,-1.2037465859017278,-1.2978437474264841,1.317938374738005,0.8889618585641594
1316,1.2221140706858087,0.8864070348021469,0.9113863653283594,1.222679560038734,0.8965850238981822,0.9362034839633083,0.6351700638155499,1.008041009134772,0.29140054938961824,0.28572366245279446,0.9876951922951168,0.3276850790501115,0.255639719188917,0.08612347846842545,0.9084967116917029
1317,-0.3196520919010517,-0.21388632199262847,-0.22884415565605176,-0.31952739120942986,-0.22880689380263294,-0.2299130560952359,3.0792927129556693,0.1236358616966554,0.4591107632671659,0.4803138898749715,0.040014380586693786,0.5307592251863564,0.5485205904856448,1.0651609423414299,-1.5290142067288492
1318,0.3800807126596243,-0.5335389090754885,-0.5100461713805496,0.3746251649656919,-0.5217514888912829,-0.522413720946889,1.6467332360929452,1.4730641168519651,0.18999676264986096,0.19013034552184507,1.4714822613444623,0.22991690634191442,0.13067050538843422,-0.06064851505432913,1.920460244208274
1319,0.633639011490442,0.7349364139480398,0.707790196555979,0.6301040003747895,0.7081809910594401,0.6772994869878723,1.7500535729221516,0.48759998808698585,0.6829916049487955,0.6069748661300924,0.4793350929260559,0.7176442924925939,0.6092046772662539,0.9842442960189243,-0.639184264778361
1320,0.8876206010987578,0.10034535634335282,0.1037787772676925,0.9090628267090235,0.1170291289964821,0.0965550424847067,2.1359396282825602,0.9822991602250082,-0.09666007023368776,-0.09963991508457645,0.9711589098910876,-0.10552418917381265,-0.0899400265086252,0.9229650093580742,1.2295435788830145
1321,2.414312689921973,0.7675974302370661,0.7222299376054325,2.4055311680194094,0.7493220143467626,0.7142156943061588,0.1599636301409233,2.6582546535104465,0.1723293807456675,0.16915206071679875,2.6569319676157983,0.15284383303057153,0.1435709693215432,-0.8598710068566741,3.128229690652247
1322,-0.24468317743296944,-0.5061532805858692,-0.5124855065389925,-0.24388104402323307,-0.5099026346449927,-0.5147160625882772,2.4638656427209864,0.5021126089115683,0.43573395005227394,0.4463670267696949,0.5155670750070431,0.4511948456371096,0.4421311424649233,0.8710248604017983,0.20294068739598625
1323,0.69710433413269,0.9157507886985635,0.9388151618974805,0.7642699628287805,0.8846907596330419,0.9279405896698171,2.0222062882190333,1.2529023122799927,1.7449748625687296,1.709457572869796,1.3121396577984565,1.8093488143487015,1.651435914235451,0.26635844955264903,-1.363688931221247
1324,0.460883841707526,-0.7646044451563311,-0.8426748594742903,0.43844288761894984,-0.7631664108181389,-0.8570833668815092,2.609897782272752,0.7925784791957415,-0.8013494415253603,-1.08736808079727,0.7789250151286321,-0.8263153400148627,-1.0596722090513555,1.36374182230004,1.9667097465076924
1325,-0.046487752614310804,-0.13149188519518254,-0.18823628437997286,-0.041180889659206625,-0.17707755568820213,-0.20047907557672312,4.066711827383907,-0.5662401486654396,-0.7376799740123697,-0.9695500633909268,-0.547948720669259,-0.7121915239916429,-0.8850470914940308,2.6695526952350934,-0.4592680477839647
1326,-0.23888955007059773,-1.324149471205491,-1.4183827438788787,-0.214414094241612,-1.301524138885648,-1.443460526528174,2.9213979385538495,0.7697571878733569,-1.436613586424115,-1.424724253140569,0.7490042044357517,-1.4415917930990911,-1.6166937765321365,1.014668962516575,2.2103044815587265
1327,1.365134281632518,-0.3582260067998733,-0.35897153391448683,1.41899254268903,-0.3121785583705913,-0.39087616441354817,1.3172881563980732,2.329238238945735,-0.2797545213102861,-0.2450269955529116,2.4264882380239325,-0.1010728358732666,-0.26131576377474197,-0.3799856234615758,2.666787312514746
1328,-0.664114682271411,-0.6462000732434388,-0.6272218179005914,-0.6678647066169875,-0.639640587862348,-0.6221170167006734,3.0057020741026603,-0.9152735312912965,-0.7646065211358574,-0.6980308076897622,-0.9063939662226074,-0.7513987332787468,-0.8059318331899816,2.102669090919197,-0.5713649942628817
1329,1.409991016982006,1.1625667848853276,1.0931830808841019,1.3802250000134297,1.117631624540952,1.1027413044629604,1.3729167901897035,0.6129454633869832,-0.1945791754733052,-0.1831397167827751,0.563729513911079,-0.4145245169803755,-0.09296206333551917,0.47956034397846065,0.8271760550347489
1330,-0.6871098933042378,-1.148177956269983,-0.9836625304803764,-0.6777395458690348,-1.1584052435264138,-0.9805710327427919,2.5018045348912286,-0.012686869124037527,-0.969227425083508,-0.7716860280721705,-0.021559563896539187,-0.979280618584916,-0.801258351575319,1.0970748410836233,1.0297600684112467
1331,1.0685204639069925,0.12279283662263628,0.11373308943885391,1.0623602486322397,0.07750349056184484,0.0848407965089021,2.0340022136949565,0.872937771068183,-0.9087894209117489,-0.8677252880345079,0.9203855832006426,-0.8697886107840012,-0.8888638690094793,0.7515109304225154,1.8750816853600976
1332,-1.082226879738301,-1.2471032136463087,-1.2077472295813807,-1.0884615934230342,-1.2545474119139304,-1.2030209034037422,2.9084078838784477,-0.42570159495433213,-0.6200379898638295,-0.627112381332607,-0.4425995712920836,-0.6343815636081198,-0.5986649189301343,1.3697991727518417,0.2970611463265008
1333,-0.9283071411249576,-0.921680769068318,-0.9157314889686563,-0.9363103014877593,-0.9205700213947432,-0.9127687947582315,3.4559172784952206,-0.5342123236817392,-0.464960431862511,-0.47069937316601607,-0.5268185539394417,-0.4601859266192359,-0.4673708587572152,1.6543778113268761,-0.7174694410826062
1334,-1.2907706046789404,-2.2596663599607587,-2.393127428971887,-1.2903214984395028,-2.247529193316129,-2.391687070591461,3.507165885671698,0.578205669772152,-1.4466550755940735,-1.5242100044238214,0.5469780297703308,-1.2776816197611602,-1.514466661381961,0.6386652991284221,1.6334525597083605
1335,3.326738043709963,0.8930900194377025,0.8799635552390572,3.325695094258357,0.8965120588528209,0.870644404985928,0.04131044685257671,4.346430531288041,0.8826183765777015,0.8631491095772489,4.3426186334788355,0.8822934873851522,0.8793711000884721,-2.0420204453708335,4.448862989236511
1336,-0.8633247294393264,-1.3203854548665985,-1.197534564577772,-0.868672872270388,-1.3169168401041773,-1.2051019215455292,3.312202118418086,0.24959612663877317,-0.3317801245286842,-0.3231709593747767,0.2626779575960478,-0.3638030529794713,-0.29827028853504167,1.175164662795165,0.8087140666955156
1337,0.7255610475403927,0.6827760761575745,0.6856436800613107,0.7259963532266483,0.6940202381634696,0.6970836716869094,1.9008981123262576,1.4766533249475935,1.529751151699446,1.5305061281585404,1.4873365392233593,1.5264750760203118,1.503528863342323,0.03477373798544458,0.22302491109398365
1338,0.09081826731696138,-0.13009956170639367,-0.12783450242528246,0.09754271314987395,-0.13015046937643932,-0.11612095191222105,2.5330247639358063,0.006699541336504904,-0.1715267413579548,-0.16783498409461536,-0.017826994604895022,-0.1315194945245345,-0.13582317180152154,0.827456188678302,0.2589306870608038
1339,0.38236584164941806,-0.5087355360210276,-0.5293657740912443,0.39370025415133014,-0.49488817007813257,-0.52886136270701,2.3688072406055927,1.3742120724031295,0.10855068960221355,0.1073040032391437,1.3598748549193094,0.09394549074339159,0.06946388232462572,0.631379316607081,2.0138142594577406
1340,-0.009221388513784479,-0.715804006266375,-0.7174098955976363,-0.01710397767669058,-0.7386664242744855,-0.7200482256900688,2.14340155183517,0.4301625497050346,-0.994196451132912,-0.894122353039363,0.36537554651765575,-0.9022785119418152,-0.959162321195184,1.153097562477993,1.3404559603825577
1341,0.38856657957945145,0.644852184923108,0.6549426991412001,0.3857305464600312,0.6586356398494041,0.666132743404208,1.6379089130160738,1.0960987545755965,1.582865002774951,1.5638322234623843,1.0806858236157286,1.604331048223619,1.5982477764844698,0.27884565081922463,0.22983631388734202
1342,-2.7706079413220057,-2.94593873228179,-2.896437546915257,-2.7604643426853532,-2.936371322054552,-2.8700724649361424,4.806615669697431,-0.5428053614723493,-0.8143675805821531,-0.8879600084581342,-0.5287540657048928,-0.8883049340817459,-0.9429400756900862,1.4682273895868483,0.17171736288694334
1343,0.37889601155422775,0.28465642432740046,0.2856867156893901,0.415864266712503,0.2868050857960046,0.25906090561116646,1.9125542488975296,0.5195119844737651,0.38238241995400574,0.40791712214777365,0.4914756596956522,0.41595976334680684,0.40287628435411227,0.8761115899648958,0.6316507502598613
1344,0.8720605122134606,0.5128451532097748,0.5286414997440283,0.9261847371335296,0.5396685251598501,0.5361820586144493,1.98991488196137,1.2943834302616852,0.6975472903851863,0.7227078730878729,1.2774862546352885,0.6673333417909989,0.6661102878649325,0.2239149382297896,1.0669902078370939
1345,2.5466450794472073,-1.3446595901729725,-1.3560247002683403,2.550152468909427,-1.3625487598930297,-1.3287260956640903,0.5814424797130712,3.9115625523634865,0.30967878031587337,0.32508488935504576,3.9075788279859984,0.3402306742732176,0.359976175111148,-1.2510162147477883,4.111028445934596
1346,-0.24057116413660656,-0.7775424757527607,-0.7802885651895096,-0.22461058536884157,-0.7713755691103763,-0.7539829254414279,1.7744350254485466,0.41194767443469715,-1.2620775758376441,-1.2620225541102028,0.459900303403891,-1.2652625215029478,-1.3467313676274708,0.2946282726893022,1.4264492447799022
1347,0.3645947068432762,0.3949761417951281,0.4685332285633309,0.3620017128888358,0.3943200809448089,0.4477102631695506,1.9951311435888615,0.6023868526399879,0.7827893742264473,0.8615816256036654,0.6248419858357424,0.8225716921575068,0.9277139039139223,0.5863646688447804,-0.24153750875491029
1348,1.8733139076700416,1.9115893425019317,1.714943054181667,1.8885408190674529,1.914098005390722,1.6944153316148178,2.712215030078068,0.4517483627356612,0.5388449923157462,0.5315571345406588,0.3828318209359668,0.4778662078241629,0.5278084421409039,2.196400964558179,-1.4610729048207216
1349,0.2278054252501508,-0.03604944338511926,-0.035387344614023944,0.2270490571294612,-0.04210632223748733,-0.03457541076742266,2.6670068667684337,-0.0030877428694031216,-0.7978292664377044,-0.7990482039694069,-0.054331645675969015,-0.8146772376128906,-0.7971462337919115,1.172818578627701,1.9972175724482244
1350,0.7509571419981216,0.09742185727303193,0.10054255020996332,0.7423299284625765,0.09937355566987333,0.12204456693375978,1.8108600745041943,0.42295468456845026,-0.7409796640976426,-0.7655926586608449,0.4362583661948939,-0.7239436995399121,-0.7864218247739756,1.056287705003576,1.72296579533629
1351,2.517261309028037,1.323710967447912,1.291623596936404,2.514907267827436,1.330871518889173,1.2835234593163505,0.6488188388229151,2.030083854694806,0.18765991944801091,0.18049176881658024,2.0124764697648283,0.15196047881541558,0.18071904949572906,-0.12836490437855416,2.4481015174295275
1352,1.1781727517374807,0.7003437767401259,0.6669893856056784,1.1797575236225633,0.6898192364385157,0.6654048546952557,2.2526158178177087,1.3039931245953411,0.5408377351002096,0.5054934587902963,1.307210683447377,0.5434575944689222,0.5028704823533109,1.1459033621486405,1.8678437487452983
1353,-0.6162578167660374,-0.6033297897126061,-0.6444092806991581,-0.7054970985902637,-0.6541737280958246,-0.6362864037090636,2.5059004276371186,-0.4576940661171494,-0.45130538688718624,-0.5117095612753105,-0.4555283378469223,-0.5467972794477634,-0.5410753599250113,1.3734367137214485,-0.13596099260480016
1354,-0.2583343551604675,-0.8081760326662047,-0.7750985026438912,-0.25485457134779177,-0.8116010611865205,-0.7713469529326119,2.755935318799214,-0.21413199742990607,-1.2455462530501946,-1.2181902083055434,-0.22373175248562893,-1.220486466811329,-1.2172183245447565,1.6473717929790144,1.44471244506618
1355,2.0162176747909233,0.5844048027285396,0.5969922113544085,2.011236754629688,0.586608800369416,0.6235747128698225,0.7599639864451705,2.24297787337499,0.09844244644297721,0.10519505649732172,2.23603813805182,0.06582792715552693,0.06419303090579498,-0.029482151347235898,2.3654392889705873
1356,1.0858608654405288,-0.08279654091855843,-0.08385172073807844,1.0920516137911174,-0.0846941247264886,-0.09821796606827463,1.505555517391763,2.0639437843936506,0.16532175092181367,0.15606899467784657,2.046041305621964,0.09534421212163943,0.09059221929917122,-0.41243597612873595,2.44413627293293
1357,0.3687074226987257,0.3688689230173507,0.37364025379086646,0.389297863346457,0.3567657274538872,0.3540219643641968,2.380437494449935,0.25230655578116806,0.3482648872436196,0.35739196735031403,0.268373209326424,0.37895460708023293,0.3712092452873686,1.4171047989001206,-0.8516360329332697
1358,1.0881073050186731,-0.16318273356534121,-0.17046689121733832,1.1011316159716094,-0.15824641628326347,-0.1379293721077648,1.6502250067659927,2.1907671691851567,0.500502815955911,0.5121058997652295,2.2125292205673746,0.46863978394508604,0.5545342174936284,-0.41578299206799474,2.210264997789094
1359,1.148615412772822,0.85446096641548,0.9633019272744919,1.163450997308427,0.8516397638583837,0.9541171145100928,1.4671677368516745,0.04810327706928291,-0.7426181157786383,-0.6838054677830792,0.10022393172730634,-0.7480798543419999,-0.724877394525282,0.9989230432718847,0.6441357831209545
1360,1.0572077914104159,1.373766294202502,1.229790064996759,1.0311197127822012,1.378260870258954,1.2372866792153778,1.6148269317444919,-0.2682154272073847,0.25707606895993185,0.22780290167178877,-0.2466296799307051,0.247287495282729,0.2579037072969142,1.4067758651458881,-1.0013267266901071
1361,0.39981208528892853,0.2612902689142637,0.26185617235051306,0.38881263642500485,0.2460224614664065,0.27530062111850734,2.308178428628783,-0.7035445581142589,-1.4998156419264117,-1.5291533762428917,-0.7196575503202932,-1.4918008665041975,-1.5386043832331517,2.1862972032484698,0.5262468240031476
1362,0.4650718486002039,0.5421672767979139,0.581102548659208,0.4566876205768038,0.46864522824857535,0.566245913089425,2.0758478575864885,0.46142625921396574,0.689636903949085,0.72463144377097,0.4407050419158596,0.7549539947191692,0.7415350498402091,1.0169082432279142,0.04836212865948104
1363,1.1603351435662559,0.6290661311427009,0.6627451571249261,1.1563583741070833,0.6386500474941896,0.6636694867630069,0.9433892410941518,0.515283640400468,-1.0489600338331944,-1.000832772052156,0.5077917962525483,-1.0465163126561865,-1.1090425693506092,0.5396623530889774,1.5277276059145957
1364,1.1287420402852437,1.0406531975072666,1.0074228397222966,1.1143476996611743,1.042296956281151,1.018260779053166,0.7647154683998556,0.32193106116719133,-0.0675102431800097,-0.06908796280560858,0.3085647766259132,-0.04194718854654321,-0.04272345212388195,0.6339091852036891,0.5753896892906564
1365,-1.0154603452383189,-0.8836664465090597,-0.8703870243107857,-1.009953721892739,-0.8616090684482296,-0.875701459592565,3.100299612148301,-1.0900622764420373,-0.9301160602909528,-0.9193153494314054,-1.071134917866444,-0.9363534020552509,-0.905499997308245,2.4367950658889614,-1.1310129550980288
1366,1.63222808885654,0.4846246578752462,0.47106066364203386,1.5643698142587399,0.5433451183245844,0.497610486137592,1.0908318106930437,2.2133939473134205,0.7864130161989661,0.7663438325690691,2.3020072267159226,0.704105461313337,0.7461763690165926,-0.5491950679808846,2.273493817836536
1367,-0.5247872440212534,-0.8753118287312058,-0.8194608137489348,-0.5387300879855169,-0.8518580435400372,-0.8162499192832499,2.7145661244087016,0.053304098964242576,-0.5388659431161194,-0.518681818400103,0.029319361128662843,-0.47265819251694774,-0.5957835479381015,1.4941957456853716,0.8123304560799889
1368,-0.6121659638922207,-0.27603800689389874,-0.2651920254055126,-0.6368775722751151,-0.24561379747399367,-0.2587981211572805,2.8379812797209585,-0.22946560394926588,0.5853593055044399,0.5479072347829906,-0.22970348278336003,0.6798530014606199,0.5804442111773478,1.3803963863568403,-1.7865491953138852
1369,2.1807350199285858,-0.03680019923709575,-0.03642003951694403,2.171739450015737,-0.036894004352784796,-0.050199349826556494,0.3743343309052404,2.864035484929645,-0.6094565294143878,-0.6043786468231799,2.8736648473212743,-0.6284491751805592,-0.6057634718336959,-0.9839726454509303,3.595839124821056
1370,0.06989388292064265,0.02812590652244961,0.027687180248054312,0.07023700130293438,0.018483819711358273,0.034993005723965034,2.490334626052788,0.3218745677463418,0.28716171903801335,0.27727682409806687,0.35032611737836356,0.2759662680552829,0.2973270209711243,1.230220868401265,0.024680109100705953
1371,0.8522179286841733,0.744995773083704,0.7181770561635826,0.8517468308463615,0.7770566231231767,0.715557869204314,2.0489729201277007,0.17451601001418837,-0.11516790089397316,-0.1116332711810342,0.17171914465376192,-0.1193910756835218,-0.11567087771986102,1.5204764847115,0.9736417725007577
1372,1.6332609535267604,0.1525325755833727,0.15529748626953402,1.6069071578939076,0.14580495208002492,0.1336325382603888,1.1938363311230888,2.5877055553201402,0.8514206732296284,0.8619071406876327,2.5520411069248765,0.8408879111578598,0.8651075287499407,-0.508101685076176,3.1731279879124776
1373,0.11821405542773082,-0.5091585714897167,-0.4837042769112204,0.11854326111625664,-0.5160684835809517,-0.4607225823539048,2.632931344101201,0.5657622990698065,-0.36043054446635414,-0.33572462882878723,0.5600490233665746,-0.3438473107533781,-0.33745338095696414,1.389427118856535,1.4026571934573704
1374,1.0510967770376123,0.7911079944620305,0.851530923595819,1.0515222210229662,0.7940815724463143,0.8672720101768645,1.3953816149039047,0.17423821198267997,-0.4882937335435515,-0.5013784797323209,0.18408360317569916,-0.5068175854788356,-0.49647290492457796,1.0340584842909977,1.3433152049337957
1375,-0.4274099701570659,-0.9402849961094758,-1.0527694401949748,-0.43937179504659185,-0.9337817952572053,-1.0361738307148727,3.1102800387951355,-0.4224038024372152,-1.222795886814959,-1.2933576203177148,-0.42160461668910776,-1.1985234066526134,-1.2899583776686543,2.17195460189245,1.439735063313446
1376,0.6230993160560448,0.31266039498581005,0.2831986979809908,0.6027939246199742,0.2994352783822167,0.2738461778469696,1.9410137495419322,1.6762251291832195,1.2185509145532447,1.225665453181309,1.6369019503409947,1.2120374550724236,1.184406092199606,0.09804843333048929,1.2003288755283759
1377,0.3934951394366171,0.1344298084304941,0.14819332421529963,0.3800901869848396,0.15650646008178076,0.12392037387206473,1.6261595811201826,0.16954516078436363,-0.47634886739850085,-0.5419573228017551,0.16993348317284118,-0.4365196272408992,-0.5074300292741195,1.010704129785898,1.2266000473748824
1378,0.18044594073309117,0.1875027608683404,0.183433589935589,0.14423569634328007,0.16767734907404167,0.19516510201992074,1.804352540605163,1.0729769308056947,1.2181731828931783,1.221867283373451,1.04496589796245,1.2268655739168548,1.2845523408224477,0.1677270732247118,0.011893592794576156
1379,-0.3964230575790133,-1.298555945706836,-1.3292273778823553,-0.3608363434109987,-1.269195487732971,-1.32141214893562,2.6399722292808883,0.5573280819228615,-0.45493565509434125,-0.43546065672690415,0.48525296184790584,-0.5283696477320033,-0.307151506264834,1.0295316794447977,0.8654249092642068
1380,0.8129786261479658,-0.3785310199687458,-0.41480805323192776,0.8466347393484578,-0.39057518351450227,-0.4943320073068824,1.422510444715759,1.0688152112058098,-0.5945329030620969,-0.5929082720237481,1.034317553379952,-0.6541253034783638,-0.4206493685314392,0.5171560805346143,1.3015982534919361
1381,-0.23369275958084818,-0.8421887658282143,-0.813700277872873,-0.248320677466961,-0.8358211196544706,-0.8059219525812412,2.2637981462575727,0.7071576832412513,-0.18229641676978145,-0.18424912208938968,0.6848049043726102,-0.11624320391281356,-0.18881542277150254,1.0891907654328497,1.2792212558042269
1382,0.20855922142222916,-0.3429644606143242,-0.34090227761149094,0.2054744753525871,-0.33119597249030885,-0.3167293145490873,2.093660596324203,0.5037282983332452,-0.2854481742811935,-0.29385102573095767,0.48686409398207336,-0.3202850217055113,-0.27158605966552646,1.1287190610224143,1.1327290942059192
1383,-1.1987876690468238,-1.7087051446950294,-1.5085084920195102,-1.1896501502892574,-1.704440369424057,-1.5349524276726787,3.23672672743414,-0.8774300689640938,-1.919104120814743,-1.8771431179350797,-0.8398623293041158,-1.9660312332464402,-1.8625078963216986,1.702568302199139,1.4507318245974328
1384,0.1284227535583394,0.008570931488400093,0.009222375645691,0.15803615088963469,0.008878104135456382,-0.009046216682746362,2.53459555654122,0.373521405434607,0.11031069449750507,0.11641686084431996,0.35946450232277777,0.05910325261300821,0.10138870725626502,0.7689826576019627,0.47398369962681136
1385,2.430655396826281,0.1388778754618028,0.128758560925614,2.431336982254079,0.14121395050501426,0.14275177207748985,0.5333722503527899,2.7073170944680176,-0.609990720975313,-0.5653806460385467,2.705782809297775,-0.5720146326959141,-0.5219390114595867,-0.48430608585796975,3.4021255420383265
1386,-1.0599207437889866,-1.289896847946362,-1.2869250698607657,-1.0564299388638605,-1.2809139778462555,-1.2992665425436183,2.9283067197031105,-0.307362628401752,-1.0002735198620802,-0.9408843706649607,-0.3196635326004697,-0.9757749331162681,-0.8944559830628551,1.4530932612755958,0.4267166054312504
1387,0.6882816942426995,0.09175954650801992,0.08749439117671737,0.688027034410142,0.14772167144203446,0.09142999161296912,1.6732438198245523,0.6198040177448793,-0.436388588331689,-0.3931043529516228,0.581004397254773,-0.4026400682305183,-0.4374198097532589,0.7824610142529008,1.5615564540084526
1388,-1.9290409211904207,-2.3163030529139217,-2.3875634766721245,-1.9448085449072388,-2.314290355063037,-2.3914733953097906,4.314939962829908,-0.9694049061488282,-1.3306435285822311,-1.5221131011903688,-0.9176241727824269,-1.3770742552715443,-1.5152799330842712,2.2770413820876874,-0.06788509968634987
1389,1.3054500845751997,0.23440888619735406,0.26276079618478276,1.3088891629090749,0.2550470246784293,0.26494018685026377,1.683618942069611,2.3924249857121698,1.0938469696465014,1.1266154761795657,2.3985272139647633,1.1000458815596086,1.1552937921445363,-0.8105426055370755,2.164927362136301
1390,-0.6527158222853817,-1.6265172029830839,-1.6920729544981452,-0.6854963251218417,-1.6161402006092824,-1.6742832343771852,2.763602298094186,0.7081793118104472,-1.68682697792241,-1.714819230341856,0.7861494709329864,-1.6974836048224802,-1.7028885496635586,0.3481613170869673,1.8410856823493582
1391,0.047786634134198924,-0.15583282720604252,-0.15365013061169358,0.06179734296779816,-0.15036657232019238,-0.15133171087797,1.8963092461485107,-0.6613955149485546,-1.860359347206557,-1.8480926454184643,-0.6633901652888711,-1.8224006663594345,-1.7959056815546004,1.5079553778424126,1.3333643521645564
1392,1.649799086657448,1.5538209607223539,1.4641247949960197,1.7129403489928936,1.5950415980985984,1.5389592504726821,0.8810754992568887,0.9432274933885781,0.7706289299655696,0.7702358883401239,0.9915455482576104,0.7558008518001716,0.704989446909034,0.3032075436523789,0.6517664330412987
1393,-0.5765173882684542,-1.1759457814764172,-1.1424714036520969,-0.5518850999133289,-1.170575318910837,-1.1502047630556576,2.4969250570803156,0.07116995396742042,-0.7975457566448592,-0.7505515918745901,-0.05209574077847418,-0.6698942669234982,-0.6670701347457563,1.133330675193913,0.5796046564555349
1394,-1.1601849914477071,-0.4430080073025433,-0.4401805203875893,-1.2079708267406328,-0.45447544501687104,-0.44786778088962653,3.2852402994167837,-1.0086299539902501,-0.08655172567000448,-0.10465130256100416,-0.9794147613306731,-0.22269144802305074,-0.09401986714680557,2.351039295113304,-0.9554802814969062
1395,2.7408784026266066,2.0575961778901752,2.015899167867014,2.7540535534580637,2.053336868932436,2.023941730845889,0.6897860415725103,2.459982757443173,1.547937531533227,1.4955441959253064,2.483072063477183,1.5689502220185847,1.4756694023562504,0.014025008370549291,1.7600548739813002
1396,0.27739754174586945,-0.2927830793645086,-0.2780649136369872,0.25207376154078237,-0.31152959304794176,-0.3118152129060727,3.5016920573482087,-0.043638181121846135,-0.7571452457043235,-0.6775868567139794,-0.09114724804520827,-0.7410053722366833,-0.6254509827104968,1.9902953795852003,0.3350256910273258
1397,-1.3196446783108067,-2.5408869932026863,-2.5268513608003054,-1.2997924697899266,-2.5501872523722438,-2.5318591899161347,3.464608201364186,0.49692570687037774,-1.332797982273559,-1.3746605273208308,0.4863632156145425,-1.402092284996682,-1.4234899407765176,0.7753818570521952,1.8323337683517522
1398,-0.5254835803350384,-0.9618711251891585,-0.955607320788911,-0.5218898397610207,-0.9437872559446302,-0.9535291264594645,2.8758577950407824,0.15711655999027924,-0.4222174392517736,-0.43235598944464737,0.16208967452177725,-0.4710242386153624,-0.4521075421481285,1.420614031297392,0.8054525279208358
1399,0.13161372011236905,-0.1826893660745803,-0.19975307924598013,0.12690211416381952,-0.2133561233911693,-0.18578040160678974,2.7752556519673957,0.3461425405627383,-0.33521031001095186,-0.3375231483299094,0.32915346844823196,-0.3171407810442436,-0.41572483590979015,1.1441244889797477,0.8735362705931686
1400,-0.9856802970197986,-0.8876441023979462,-0.9555578758972305,-0.9820573703969259,-0.8842401904287601,-0.9630667714184927,2.9137284866015554,-1.2035316694084224,-1.005423723948745,-1.0467160078271032,-1.1829121688438304,-1.010547749032961,-1.0757811057330198,1.9916308687534374,-0.6086153293605093
1401,1.8104350187853324,1.035517085976841,1.107329013039415,1.8314585539180004,1.0732950600854019,1.1473637610744134,1.0031745370460257,1.605590256088805,0.09894748627081695,0.09466859745951761,1.5383746221179282,0.22770711533969967,0.13509646305780015,0.34759076603489636,1.9052426840635484
1402,0.943743588911597,0.6624054324245839,0.7649592362599341,0.9660074794889302,0.6708094040826588,0.8022495468779233,1.3782150156824713,1.8760819410033396,1.469927728646906,1.4486145124441059,1.8555387827081296,1.4791569784274499,1.4673493573567593,-0.12045981470991521,1.1429503209813716
1403,0.6907837971546421,0.4966489433967974,0.4498980210248203,0.6388882069334652,0.5339955960377728,0.455674632733466,3.6496839822412435,0.38647137417924726,0.15036695356528756,0.1363440684282361,0.370438450390108,0.18129670343142265,0.11342917677256562,2.6838899393276807,0.5804737785486902
1404,1.6716423156335025,1.229746778701413,1.230991811887795,1.6757503406587468,1.2202915882427763,1.2292228094805535,1.2380075228922578,1.5357687760809877,0.8862907830780713,0.9274127858277786,1.5426224556848556,0.8967600543883261,0.9707232122558482,0.3628967105314595,1.879265475596282
1405,-1.102597838656144,-1.5290847841342408,-1.3828221686502309,-1.1183195605371965,-1.522769419339181,-1.3903068844914248,2.794714992364841,-0.5331773376830692,-1.2109661535491172,-1.0735784397186963,-0.5371002924587426,-1.2332617776990424,-1.0521096690915435,1.6091147260066858,0.4591589281949003
1406,0.6804291065298229,0.9101873751467533,0.8365955760163173,0.6940878178589037,0.8839450618655454,0.8310204981009843,1.948565964080674,0.9023928556454877,1.2939592218745846,1.0810299713977927,0.9554535554545769,1.3746254012706771,1.0940725730647645,0.7928400297582385,-1.6575288360307547
1407,0.9166247166267134,0.861048478740109,0.8281942955112185,0.9510146969079877,0.8739989515034493,0.8487369026395503,1.766406474613962,-0.12302626103119242,-0.18240058654653102,-0.17680829158425385,-0.08590840973684578,-0.1643007623066156,-0.19386507851535018,1.643932348124407,0.4272966985051645
1408,0.5593183361978248,-0.6310147155050312,-0.6481474839547439,0.5660460429842525,-0.6260893686397428,-0.6721404331551398,2.0777894776279706,0.9217335587339248,-1.1915889077386068,-1.3498494879862601,0.9409266090183653,-1.200934097840571,-1.4347606360684664,0.7166831828102717,1.6152426679856053
1409,0.5484386606793106,-0.7885773777607585,-0.7623145807494761,0.5442442171614853,-0.8019292655795188,-0.7601522235358632,1.893010504945664,1.3936603822276443,-0.15633775380265047,-0.15237147121344788,1.372917762339298,-0.20428365105374371,-0.1362041152763238,0.3496490600860579,1.7474780262733591
1410,-0.23116026522883334,-0.36207609171980776,-0.3797199265386057,-0.22713038524560686,-0.3491848212296441,-0.3772050282627588,3.831442386862885,0.426674452069369,0.11031004037679472,0.11255184164030385,0.4874286794902861,0.12049027043366807,0.14787324095306947,2.1760409019016698,0.6020526476941496
1411,-1.718040576196191,-2.0331528120564375,-1.7339987092173914,-1.7181527656186315,-2.0300256224241755,-1.7470180074311816,3.5412679198085537,-1.6526750565776596,-2.0653104638600395,-1.7111763266997475,-1.636195855933974,-2.0426600493571225,-1.7302380896782548,2.842298556112728,-0.8907047053350067
1412,-2.435982930308608,-2.3191502652919325,-2.4053255709881816,-2.425532303799883,-2.3447993438283996,-2.405060672273822,3.8982900225556114,-2.26965029177359,-2.2909996174508156,-2.1813168652673762,-2.265859852031893,-2.255513891216751,-2.2485314426755165,2.8162709716546463,-0.5779086612680329
1413,-0.15470633987832255,0.05398106831633582,0.04743657071141027,-0.11634120591447109,0.05489641525072378,0.0385326234045614,2.1287002004131743,0.3205871959876926,0.7246337434937857,0.6789672227123774,0.27826840188033647,0.7239453721539943,0.7175073727879313,0.6078974878354797,-0.358842350431405
1414,-0.2465697461486132,-0.21313808553919578,-0.2379062646402774,-0.20865267363483994,-0.2037095484236766,-0.20194313502820382,3.866213035938631,0.22083857699835208,0.2625384644073519,0.2730344058857944,0.21664990540053392,0.2908645880960731,0.26263428143702755,2.3472260458927363,-0.3529631045582899
1415,-1.0271565097076103,-1.2399712401690595,-1.249950024881499,-1.0592512020008944,-1.2323844954016623,-1.2850301495516485,2.569934426144689,-0.8631487141487361,-1.5675692319626635,-1.5886005728007293,-0.8094148926509437,-1.6338694420797681,-1.5980167973641077,1.526459660007879,0.7659322557240125
1416,0.36164446686027535,0.3768789138188756,0.34366932881360535,0.3753966700243134,0.36450096445217767,0.3343043087015302,1.6727420185544586,0.45601536384166963,0.5446234537721917,0.5073343195633379,0.45219468760929593,0.5833564986353829,0.5316331729491326,0.5579986023897331,-0.36079850926068996
1417,1.7346313795985764,1.4538725106630277,1.290809810657616,1.73601203854828,1.4606463402291976,1.2939154552904664,1.3826858738882009,1.492941653675203,1.2091894303965103,1.1257835505603624,1.4946602796417543,1.198136860024876,1.1317592608142246,0.4063327299903192,0.7113966942790119
1418,0.5295467341707752,-1.18728336603346,-1.1900818804893996,0.5287608608431857,-1.1767894928847187,-1.1818336705303882,2.2008367603129346,1.1731809406136853,-1.123954706972711,-1.137723862593797,1.1665314591750429,-1.1380858759666865,-1.132214935965153,0.7946282563143031,2.8776931486695827
1419,0.6729393394681311,-0.09376071190789072,-0.10490635007737359,0.6901057653240554,-0.06636081839443583,-0.091225295551717,3.2881542372477885,0.5253733153590451,-0.4628955747730715,-0.502334145322661,0.564342397221041,-0.46168202959455007,-0.43052380522039607,2.0069594142968326,1.0509231080787256
1420,0.04233443994754738,-0.08031967589431292,-0.12077709550896566,0.022793277662324304,-0.08313018363840388,-0.12105088988900559,2.834671160355715,-0.380190469733495,-0.7122290479667833,-0.7424856192228424,-0.4005205921701563,-0.7681836850503364,-0.7541343934487472,1.9011646141785696,1.095991770779169
1421,0.3402988919310765,0.48358002323361077,0.4535947010164609,0.35851406030729704,0.4982348228636708,0.44841765899963765,2.2080587186128886,-0.2305230243140799,-0.25301009860124446,-0.23410097495208432,-0.261218613690298,-0.2616026930341411,-0.2079169358767363,1.8496878304028646,-0.49653222630058236
1422,1.08604329377425,1.1705062287769346,1.1519176200169867,1.0841481538654432,1.174868865323007,1.1539183075372559,1.476039192333269,-0.4020188172109597,-0.22714292809579945,-0.21542848597205588,-0.4006768835260266,-0.19207130382973087,-0.21537969329120288,2.0199333717925585,-0.4688506574948262
1423,0.6259760365539312,-0.6429904165001235,-0.5973741140182754,0.6354918009843481,-0.6166636769773091,-0.5564848642690096,1.931495701932206,1.4999547536299127,-0.9985699690680047,-0.9268601139154803,1.5178893233046564,-1.1967321133882955,-0.933151395343304,0.5139952775637777,2.252181594038454
1424,0.951312731055956,-0.23525341473043318,-0.2338125666260495,0.8958802319451393,-0.20838896838715895,-0.25313160533622836,2.0309793542651007,1.1208261118368734,-0.9034209751609132,-0.917119070467476,1.2380682398995548,-0.9504564128201268,-0.8808390547092902,0.42858860017472633,2.1365800346611854
1425,1.0308052065174513,-0.378090501548827,-0.3544829707260673,1.0089674443422307,-0.35892446155638175,-0.3399236606462867,1.5850853280285222,1.698824896472099,-0.1634442062025269,-0.15554574833857837,1.6750345564357767,-0.18465782564755373,-0.12676373407702726,0.24333614738264492,2.331888158261494
1426,0.1286571177674388,-0.3593288207514857,-0.35100597602343075,0.11962702597797337,-0.360594198062938,-0.3318540283803282,3.3038843374760973,0.39974856828881783,-0.2551727826597644,-0.23317707035526497,0.37952784279090274,-0.1996134519447391,-0.30915292305946246,1.7785983868476225,0.4388832508211766
1427,-0.0722370741195364,-1.1046359361535658,-1.1075029110626964,-0.06968376913010556,-1.101668007150429,-1.091235164941865,2.247250422403591,0.9678212313343428,-0.3714249475402115,-0.3928478807352641,0.9744464528854611,-0.4071935567938987,-0.36453521150511103,0.6118466512618262,1.691743699390313
1428,1.3948662548270139,1.4463213395480101,1.62149638411654,1.39897422671054,1.4528620485931794,1.6368637971309776,1.4176150872815265,0.03712875021565337,0.1782649042087134,0.18028915635078577,-0.054803093272572524,0.237244816673312,0.23488700123273623,1.146858189201471,-0.2071852932014714
1429,0.12486948068790225,-0.2176188592063531,-0.2430781834338654,0.11675938356276105,-0.19608937567401666,-0.25389432965972003,2.000072916770681,0.22929127558928275,-0.5669883933675719,-0.5881673640560889,0.27676796755911315,-0.5604261492679685,-0.5696893500510667,1.1252461153661941,0.9923984664300226
1430,-0.4433597978672344,-0.545300818118913,-0.546891206415119,-0.4215884098633921,-0.566553484625898,-0.579617685773911,3.248862976464958,-0.39005440037630673,-0.5185734585116558,-0.5251475723833656,-0.3376589772512604,-0.5150112507784924,-0.5331890526290299,2.170468377746953,-0.021942242504809573
1431,0.8342001798142219,0.8591724189743022,0.9415395499984804,0.8170696452023244,0.8883612800543835,0.9188760785406864,1.7858090857047921,0.24321540054810967,0.35775544052733776,0.3950413451980117,0.242979933730342,0.37985940594163553,0.3454899556863768,1.447643863401014,-0.47159093749305125
1432,-0.06228156540159129,-0.6186006723207849,-0.7485300686505081,-0.08818851138270196,-0.6528936927446494,-0.741353211998253,2.252762910807121,0.1526303756171057,-0.9218648764119866,-1.086068127328698,0.16827343437322725,-0.8751710729030066,-1.1333218329429569,1.3855044631964952,0.7330617967178066
1433,-1.1874381996767271,-1.549602142025889,-1.7538318885788065,-1.1898959694523357,-1.5361343901913909,-1.716280310248243,3.4682288059804374,-0.5168628234896488,-1.2131528523879485,-1.2664881334025833,-0.534152822582318,-1.2302726817812362,-1.3355466292846758,1.4634190115239172,0.9054473864893602
1434,-0.8475033336890677,-1.3503854566736992,-1.4285340767379882,-0.8573492991399798,-1.3328825455608042,-1.4199508563670928,3.2880685297122234,-0.10950343475783728,-0.9543624274793581,-1.0189186276249111,-0.07679027421752314,-0.9657483394930335,-1.006001237036356,1.7237041632753578,0.9241756409599052
1435,-0.3533588092236967,-0.6384565116713268,-0.6279146307758805,-0.34539285591370733,-0.644874495629228,-0.6409278540467545,2.8082652841238134,0.40864765935347164,0.6509249774795157,0.5862805936756363,0.4361791018942066,0.5889283087301519,0.6086146510492055,1.289510951761133,0.5577705164761622
1436,1.4804483747404498,0.6489366756881441,0.7243448343842156,1.4398963684834538,0.6822446720142442,0.7707099311875166,2.1101477833132742,1.6720411592012208,0.6791658492792031,0.7596087203153168,1.6798058774142084,0.693565578115085,0.6898868054006269,0.9192226411999723,1.7439011820503798
1437,1.9970130117824325,-0.5163399104114088,-0.5326582686872471,2.0032968181034785,-0.547791122882815,-0.537926559348262,1.049459134417992,2.9060259062568288,0.43829799094796773,0.46236265752759825,2.9760761348187144,0.3810541314580409,0.4122274625078061,-0.7810039458372184,3.1879637693562484
1438,0.11514519768312409,-0.35342554295931866,-0.3986948666806872,0.11136795175225499,-0.33539611634081057,-0.3931934914376421,2.930646439205169,-0.22627708617722198,-0.9308232829136583,-0.9870841718668811,-0.21592561751421302,-0.924878822823007,-0.9709464359596848,2.11452478139854,1.5884123799313403
1439,-0.9286659922424145,-0.8032814661408094,-0.7850942659515151,-0.8759016358542221,-0.824744068179227,-0.8177490077448439,2.9463904368584366,-1.3613054064956593,-1.1722549994003957,-1.1686413003167697,-1.4314065720095197,-1.2044202886595672,-1.1477266645867312,2.1494471029347713,-0.7697850800353075
1440,0.20347351247232806,-0.7933451939069756,-0.7877592298365682,0.20461434571034154,-0.7957613416105882,-0.7999117534711571,2.7718254684753894,1.0102497959998695,-0.24093108965938742,-0.2463299830358893,0.967982317970302,-0.2555960078796668,-0.25200069882892434,1.150171681419199,1.1826901064230333
1441,0.6136656647903594,0.4515014012752789,0.46626686637354947,0.6356730610149864,0.4390226699150983,0.4431083776840839,1.1754493153994694,0.7811594882503434,0.4235391685639911,0.45212405494191815,0.7971006049330025,0.39690728608295867,0.45101706902567185,0.15019483766319688,0.7037207621790987
1442,-1.0099602641440952,-1.3314437553217888,-1.1861351790951036,-1.0123239506281307,-1.3205644098356508,-1.1932109701468945,3.4113925602983777,-0.5383383042237778,-1.173853960289293,-1.0046233535202194,-0.5663856279394083,-1.1825040113052028,-1.015768316506602,1.9478300999085396,2.0370264638921327
1443,-0.12079928165943961,0.12090485724327102,0.12446654051556141,-0.12301722380067935,0.10699320714522187,0.13141271956838602,2.802355733021107,-0.4923645164309625,-0.01818769810286982,-0.018099050639834743,-0.5924703455517809,-0.08427068687916063,0.063815578956912,1.9162622673282916,-1.2405715209432902
1444,-0.27415231891357583,-0.31257159276415414,-0.2918674127076132,-0.25633807976209194,-0.30646589514908035,-0.2984925196295359,2.5768030762753686,-0.2581404966719285,-0.3127423151946565,-0.2896705976000716,-0.25968956645738756,-0.3350653349316241,-0.25323057634669033,1.4071598422975693,-0.2832945915851952
1445,-0.8137794435729239,-0.53052851716312,-0.5306913643785468,-0.8290850114376638,-0.5362019996871443,-0.5162630559403778,2.875226795851905,-0.6604163680945045,-0.29049577882551714,-0.29047769348643643,-0.6791061062958145,-0.18551920346176878,-0.30325258810168126,1.8725334635721342,-0.6268454978597633
1446,-0.43945591459403394,-0.4349899647041897,-0.4613573409782049,-0.35898125179405127,-0.4099878633267576,-0.4694717909486155,2.876221849055392,0.28526423440313803,0.45283044521390353,0.48725882847196794,0.15889429676303196,0.3915295171709949,0.5417646692184619,0.9583012995071232,-0.2913889384349116
1447,0.6480632667112579,0.27665345708773065,0.30110517296737205,0.6319128489132059,0.2712473356053339,0.2873718575888026,2.4105290946992324,1.0348352171710846,0.43147948113912477,0.4588665985069063,1.0288693238001665,0.42282676354410065,0.4414907574373819,1.2583246925687641,2.2094756974482146
1448,0.5569557018598542,0.5228432906814092,0.5156395512375024,0.5586251546091652,0.5447324575976445,0.5099738246726818,2.2610225210710744,0.43962980063263396,0.4221551754334454,0.39885759479333693,0.4127050424394846,0.40352206963247955,0.39433060564196915,1.346547155233764,0.12691914872410623
1449,1.2321151890267943,0.33192517828367957,0.328132940752205,1.2401635436515066,0.3472185905064368,0.3279312654152366,0.9534828670285466,1.3723749946655728,0.03839202072928189,0.03763193196379976,1.3872780469175008,0.031937677744690515,0.03763264249861249,-0.05862898151350999,1.9579685639766091
1450,-0.2565639353329543,-1.169980594939082,-1.0910058913074212,-0.26204539145223626,-1.1876198750033105,-1.0955249353789422,2.4545191013076275,0.08057230891222306,-1.8565210245071568,-1.746604684824538,0.11773042340838978,-1.8205691886075177,-1.7390018867177583,1.2989930105227996,1.5788071886499386
1451,0.6982870734951034,0.5936054975986134,0.6684843895142711,0.662605630665164,0.5824613710667899,0.645030808711923,2.3107105547792903,0.8267356052884726,0.7351460970718819,0.812769971530777,0.8753319109159794,0.7908444695434479,0.9080112587182375,0.9087124336025373,0.3477469930765013
1452,1.133286106163956,0.05296925943273857,0.05121099520323052,1.1303305329769244,0.0698932163672442,0.042496300789172534,1.5915520179556786,1.9156092863589418,0.6469815169181542,0.6186335495781128,1.9126368110837444,0.5881650644081977,0.6455712047779467,-0.018132482929610453,1.888864223436696
1453,1.94941669062589,0.19880585088056707,0.19630603854295986,1.959997389822144,0.19776042304970384,0.19816309762613668,1.0856487270564836,2.5117668024180237,-0.1842105243817197,-0.17958170399331147,2.524562696744302,-0.17583739478245455,-0.15339637803559478,-0.44443234147077376,3.8484575949617192
1454,-1.3712141063327876,-1.5057633736832337,-1.3981651333179632,-1.3736501114110613,-1.5089265194905186,-1.3814297495033179,3.333320612038962,-0.9907912086640653,-1.3496506299006181,-1.4003119354095297,-1.0580044484701498,-1.365736590950515,-1.3898299389087707,1.9029526147201885,0.6129734383050304
1455,0.8983450919407926,0.6207896689783313,0.6514196504795542,0.8658984402648263,0.6492237565124203,0.6242611591112812,2.1621979503551274,2.05124745850175,1.6970445250054882,1.7174468300292367,2.078575875409451,1.6302002857758062,1.6541846579969355,-0.09388436931829836,1.3086964993724421
1456,1.8483123499108178,0.3926581724376817,0.42354316531161246,1.8575054327299887,0.37500920628678336,0.44084435297369257,0.7934930160815361,2.4007417413082055,-0.16453670514729188,-0.16261506025399985,2.389012397166191,-0.17784360783396982,-0.25392156179012865,-0.6926767172216968,2.7360367697069883
1457,0.7877070062973703,-0.5242770853405271,-0.5045845739646166,0.8094074152613766,-0.5693170033631476,-0.5068852614615784,1.5399963476733458,1.3301937128541388,-0.8614522037317291,-0.8126833388840488,1.3514313206141368,-0.8539474475841335,-0.836588932187409,0.157978131128046,2.332459984867616
1458,0.40186284708714454,-0.7104610023217727,-0.6819919436996109,0.44057029191982217,-0.714614621659703,-0.7107251700740047,1.6652170008588039,1.525794370928937,-0.19425195220594924,-0.19693771467424773,1.5925666873028055,-0.18088635604336636,-0.32878630117118274,-0.13182616191386715,1.845166045565923
1459,-0.511462495617045,-0.4010417356951983,-0.39849629489635896,-0.5236772441865066,-0.39057021444474105,-0.42181829950652283,2.4824424979664466,-0.7643262633633428,-0.4830535100691579,-0.6499580399361504,-0.8729522077161713,-0.45608058626848613,-0.6114062216741509,1.6806165348979574,-0.7091594169536044
1460,0.9199934089726204,0.7637520979088006,0.6983469190558473,0.9091161192511473,0.7846084793179423,0.7173710830130273,1.3455992256974738,-0.379764269521232,-0.8831176387892846,-0.7398721454997221,-0.41597128253104054,-0.867612942948557,-0.6776996275942815,1.4632347854296968,0.3803252017298171
1461,-0.3196465649651074,-0.2488583068597115,-0.26742877369204665,-0.31963998657171194,-0.22971480071135877,-0.2615851426015722,3.029907215179261,-0.3998282662116103,-0.2515880775276241,-0.24885751867073608,-0.41545471682775026,-0.21786216175589268,-0.25709177473322486,1.860355369359497,-1.2940082919245823
1462,0.5494823586323312,0.7720974046081427,0.7532876128717789,0.5109681430286963,0.7445833708344354,0.7919428189716998,2.751498884420999,-0.7236607365251696,-0.45756306850507905,-0.6505986093395194,-0.7340574226721004,-0.46050464883954706,-0.7730030409416786,1.778254689040443,-0.7074123665852177
1463,2.2552855760586183,1.8856353242998585,1.941490190019166,2.241117728705276,1.8948823596306303,1.951816065685882,0.5490687752806136,1.9118935812211117,1.4219382785341816,1.4251315407624323,1.9182503320500837,1.430080849377734,1.4406634894432715,-0.20868111589878957,1.2117768163405604
1464,-0.21890902361133657,-0.17602524720349402,-0.17556476688020875,-0.21327256289645877,-0.18627138958094452,-0.1550912574763157,2.2588900627399537,0.07537107869612975,0.10219035746056698,0.10023878800969739,0.09555102279961057,0.1296677864823785,0.0799433156159853,1.0231394089751735,0.056956165202661946
1465,3.0342735617409162,1.4124677210842351,1.4994857308876637,3.0482819920999877,1.4315010500163754,1.4726308900114433,0.09195208761884456,2.9034329711388045,0.8457014707635598,0.918483021963828,2.931429907467339,0.8236963761746104,0.9193482820966029,-0.5111082180522933,2.8456180953549706
1466,0.433128146012455,-0.8130415868598646,-0.7758299751535279,0.4321377267802596,-0.8210310459517299,-0.7633371735661507,1.750496533095347,1.4715175523756714,-0.34380321879192,-0.3185649951116558,1.4982075252050817,-0.3458806937700781,-0.33087388409709034,-0.06232161623009293,2.080507974601061
1467,1.7436244497740117,0.5968205702473206,0.5930902930526403,1.748752917927304,0.5957136349223966,0.5770669005790156,1.6618185214915135,1.955419270019481,-0.15302228465287956,-0.16434397007686832,1.9756005752017298,-0.1520728932450656,-0.15962966010253613,0.08155400223475745,2.319255103249602
1468,0.5832405083265219,0.4586690726632683,0.5239483179713561,0.5944391600999804,0.4613802607937978,0.5251418495002277,1.3232159480045764,-1.571798597246562,-3.1717166892621727,-3.237212087652988,-1.5477222639002646,-3.0250254927121536,-3.0092982779023774,2.4739074865514645,0.42454269907532605
1469,0.12087200115863746,0.1847021771522928,0.18645460709092976,0.05545250899381032,0.19140842334120542,0.1758671745606894,1.8548899591707944,-0.8743388939152646,-0.7222685148736545,-0.7898217493187317,-0.7466999384936179,-0.7055025615428011,-0.6428447214417724,1.7108087535825942,-0.5009391337474329
1470,-0.12724253252701082,-0.08422485972143953,-0.08430484594565774,-0.10769985754312923,-0.11779469147892789,-0.09862570722245625,3.148114569408122,-0.9562315037902267,-0.9357752087890974,-0.9416491698981432,-0.956209735482254,-1.0102490773656516,-0.9986810776938487,2.2403706920834523,-0.7254664428992187
1471,-1.5836639679672198,-1.5639950463074987,-1.5374214603824696,-1.5958180940371816,-1.5790297968043787,-1.4718267136735774,3.597584588035065,-0.7142519321184105,-0.8040784952089406,-0.8446001752483032,-0.6323168994752812,-0.6246241897989006,-0.842920345191688,1.8620325822958999,0.004731787295911111
1472,-0.4845436657724959,-0.8328786150539862,-0.9991363709382727,-0.5025025917192246,-0.7918585556688524,-0.9562182615406859,3.095223569571605,-0.24112593869576435,-0.9939649011562017,-1.0390868293246507,-0.23152094530035514,-1.0314201015724853,-1.089498827100732,1.6101667029646938,0.6245098513622516
1473,1.0403321840021307,0.7661726891849381,0.7545927704270083,1.0413434327468036,0.7703589033697545,0.7385055913885645,2.011691074197943,1.0184266015397423,0.624046533340782,0.6597317105655851,0.993704228888799,0.6098022666475722,0.6362305876271209,0.8946474331295869,0.867118467329345
1474,-0.8976214897134961,-0.6326643406861049,-0.6318274986639736,-0.8841943312557805,-0.6238371308762356,-0.6495396556061922,3.2469077549712084,-1.0547641798150538,-0.5367345542618419,-0.5553676056062249,-1.0215689803168035,-0.5053721230086557,-0.5109278702598549,2.1401419240178354,-1.4508336353660687
1475,-1.2830214878717017,-1.6950896254543648,-1.6180262863954065,-1.2983211708418556,-1.7120538043616182,-1.603467644292811,2.896115347283169,0.035432676459198606,-0.6821886137522991,-0.6663693303054046,0.036219204027057465,-0.6433632523974667,-0.6853603247824341,0.821904423991492,0.5506615120218713
1476,0.6562059859248521,0.458279064509684,0.4313291013778393,0.6198418394247339,0.4525785933707767,0.4260198610545143,1.202352679182402,0.20661712966610016,-0.45399454321145266,-0.38659435134436676,0.16079660632281628,-0.5194036698868346,-0.3790283508568382,0.7290746950645884,0.6614762750876771
1477,0.4575171031153573,0.2814784835144583,0.2882199996025152,0.45929045987524975,0.31358090198513516,0.2767171774980457,1.8004132408267193,0.9223096436140886,0.616141234408164,0.5368650273099592,0.9222788889894307,0.5972811674023959,0.5152932310371832,0.9266441942619336,1.2320539597520148
1478,-1.5858577028459715,-1.7914667369874937,-1.8275604866927597,-1.5546191464072805,-1.8129374472744246,-1.8418750902053005,3.851547811628,-1.321783536443267,-2.048621870010227,-2.230178840750409,-1.3357881628141135,-2.145629882511727,-2.282947552976136,2.2855870346238705,0.7891720086973867
1479,1.3819151512204848,1.1532479899302002,1.2074975801163454,1.3560364691946198,1.1828287861284192,1.199870973308685,1.1337790892401385,0.7849792018424548,0.48994866580401625,0.5106316734927535,0.8094790028694355,0.459972030298893,0.4863528553866502,0.766921647036818,0.45997652058339916
1480,1.5409783051195067,0.8601351873807762,0.9080553255660894,1.531607816390681,0.8531513449381427,0.9085366731606654,1.4928698832077514,1.2329919050706901,0.4733784861299924,0.5080238078924593,1.2185576650700125,0.4922923529402999,0.47952535150414444,1.2222225664732596,1.1510984676658893
1481,0.8167801816888515,-0.25526508803723014,-0.24738056320600926,0.7995376300310092,-0.2662371160428612,-0.26754021995400273,1.7005082213205929,1.486479729168708,-0.07369933027447914,-0.06982906411034064,1.458779259173241,-0.03220121865885859,-0.052680245779422506,0.19687959917983108,1.931433759293933
1482,-0.15818385009389851,-1.186666671240841,-1.2460604723863133,-0.1640905283622338,-1.169530106390584,-1.257214194025181,2.443507593256595,0.8636753850493155,-0.5965251424900513,-0.5732172297653809,0.8499868235091962,-0.654300533793074,-0.5770888427789307,0.7641099459825441,1.9335873702838038
1483,0.9339352328896855,-0.2729980708555788,-0.2558062491231018,0.9220911615135136,-0.26621013312361036,-0.2574368725132132,2.5194307290040485,1.5379818290166754,-0.09391586563727887,-0.08547907923697777,1.5435335964182382,-0.10439354274524867,-0.07191034004685289,0.8895169014345982,2.0316143397657576
1484,0.19844688749902983,0.20311639585268415,0.19290543046373376,0.23169856101329028,0.2161372661390222,0.19052950448757291,2.7701616839625367,0.8360648855318202,1.037337459794735,1.000662652843777,0.8053689728035915,1.0187980621605799,0.9825804455879867,0.9160957428783078,-0.3477317602392815
1485,0.023351765584834008,-2.3791179227525543,-2.1577829243666073,0.02693019843363462,-2.3753237433967707,-2.146927876370871,3.679021941526594,1.0089070185456674,-2.345623431764988,-1.9421283607062059,1.0036773916143833,-2.3527738912615526,-1.9576279838764545,1.7630524328820933,1.8125087857854394
1486,0.9420382398806201,0.3523762330330245,0.32530507609209625,0.9350679786779802,0.36485293475003167,0.3288556214018861,1.613035993669768,2.065500213052102,1.4760747057531476,1.4132619763242091,2.055754200909787,1.4700969233637724,1.4355775108716333,-0.3964770947324213,1.4317637522299884
1487,0.9801111196443901,-0.1416659526916091,-0.14398937745107038,1.0047919038422193,-0.1406267853921052,-0.14299954727086508,1.7215727445936693,1.432765206048186,-0.3068631741743509,-0.34843614974467413,1.3978186344171364,-0.3169200798565194,-0.30899527578251,0.6107907745094601,1.81473546037211
1488,1.1208436796703436,-0.1303476892715714,-0.11892796469955687,1.1197175721436876,-0.1423538729957364,-0.12638211355586895,1.7176025989268768,1.8252091166648015,-0.26810290670582626,-0.23774754951354532,1.8359616204318219,-0.2767014796428181,-0.25158763285045666,0.17663416685412586,2.9553122945197283
1489,0.21681795590912625,-0.144492511055489,-0.17662414546369481,0.21903994485597753,-0.13435407508117442,-0.2173991206532618,2.500277348730943,1.0292880421506685,0.5428886313174791,0.6449547986791325,1.0584076258043837,0.5924455659741379,0.6058565682022444,0.5762174272882926,1.0408951280176484
1490,1.2579852342513995,0.757537776008219,0.8143648056094479,1.260625645971112,0.7593810859661151,0.8113144179170931,1.6294350427976152,1.8183727322368832,1.1327040771929837,1.2584939789390204,1.8239178541568257,1.133872596681354,1.269091408157543,0.377223924570981,2.5773614969259016
1491,0.08500986633676572,-0.19748369584122516,-0.19037011841913193,0.0844927423150315,-0.2007303285721858,-0.17849152410021582,3.044086355649701,0.5888216230264733,0.09590436084529039,0.08663979446574727,0.6074778887959225,0.08998823975277534,0.07653544858513803,1.3625765023368188,1.5802487679302357
1492,2.667848408384343,2.342462116061989,2.397773391925459,2.662798209246996,2.3326199202749573,2.407935821465595,0.23140700391784927,1.9504839762606472,1.5675128527044435,1.6495520371293388,1.9634684060871737,1.5438220147963142,1.6329452275497223,-0.21652360148106028,1.1196155047591454
1493,-0.28685146683626184,-1.8840865390813926,-1.9112443883736876,-0.280008729526016,-1.8808674452098617,-1.9168811341937948,2.43772254142794,1.2349126454778945,-0.2992890665533767,-0.3133692243916087,1.2290980447677917,-0.26632432441160275,-0.3592563937483227,0.41963824774845887,1.7201358268060216
1494,0.17249600300700316,-0.27169375572422616,-0.24950587038776462,0.1867903763415317,-0.25568172512197507,-0.28958133503831984,2.034155159682269,1.2072842415550988,0.35128523219106556,0.3148191785165449,1.280906795620651,0.38146691819631845,0.3112878154693682,0.10426230630935901,1.8221868877833987
1495,-0.8554499208436872,-1.2644848856380067,-1.1605155522335557,-0.8446783125830509,-1.2433575667225374,-1.1625065728184019,3.6502843491167987,-0.35898056890777846,-0.9709373147103992,-0.9179708384976413,-0.3463698772857198,-0.9549658782517322,-0.9101194242044508,1.991949762134354,0.13961694877398187
1496,1.4529451689023511,1.2499440335615997,1.312085812633816,1.485395983139065,1.2422021753803296,1.2996766629972105,1.2532880739708114,0.39672733266412413,-0.06767982941380228,-0.0713744278153751,0.43799407043221783,-0.13109664351774988,-0.12174727831885164,0.8449909969235043,0.5535222212563186
1497,1.9641107652696561,0.7571443445837888,0.6892042160825957,1.9715578577075215,0.7432477785604843,0.6696336778371849,1.8013590269554853,2.1344202044242975,1.3725247387826478,1.2009198623561803,2.1364990196815765,1.3420183737727815,1.183686186699996,0.5305681179004801,1.4565102478395369
1498,1.9365488046065285,-0.008992792541488059,-0.0091770376150411,1.9260628396878172,0.002107443945615394,-0.0005961510181720402,0.9287230524123903,2.9304820041634025,0.08838281836130754,0.09764042578641144,2.9118297225387053,0.08397416822385866,0.07040870818519979,-0.9573269397561733,3.346765948822478
1499,0.4874244042485018,0.5760281420835074,0.6229499246449027,0.4612506850311272,0.5938936782353078,0.5724321570250132,2.0697929205032426,0.633348452298675,0.7691269579875524,0.7438457461889458,0.5993207760081042,0.7047796161253883,0.8411286705714105,0.6067176961156416,-0.1855273238800656
1500,-0.3746665572305328,-0.3931947473242254,-0.42392355802850284,-0.40292583629000905,-0.3605137566264063,-0.3891032475723851,3.5699770377695335,-0.24874489517890658,-0.16446342908669997,-0.1653666098491048,-0.28051563717679917,-0.19910585910877002,-0.19952077837814333,1.845703709232281,-0.3623357432341934
1501,0.9163407884411613,-0.6317287800189205,-0.597574500660669,0.8940055639073353,-0.6470013655047634,-0.6242639455289922,2.050963785838111,1.3513755461792298,-1.3060219677670326,-1.2521845541964476,1.332410967122732,-1.146061971901653,-1.199132155762219,0.5613722090787953,2.6725658680628923
1502,1.4826539593097767,0.46212666813486497,0.47892040204288655,1.4864973022861736,0.46043912766445644,0.49130375025320155,1.4873732601501986,1.7205332058122471,0.12457096617495392,0.1293359281189665,1.706720453465963,0.11106682240724038,0.12340874516309065,0.47830408178806944,1.862172185082504
1503,-0.5402541677905508,-0.546168267710452,-0.5986774940095294,-0.5691070401856044,-0.5662003602611226,-0.5737654232487117,2.5189136919360546,-0.7320397653395956,-0.9085594274691754,-1.0517551712363584,-0.7041208891458617,-0.836062597884783,-1.070135119988031,1.762152504168921,0.0258870704887635
1504,1.6862592805138281,0.9679686246347545,0.9545956809684367,1.6939217061962164,0.9920154809951228,0.9232013493876811,0.9217646644116173,2.143298166180059,0.8441287121303687,0.9165832061282655,2.1511066469412716,0.849994539239205,0.9178272807381315,-0.6541562812793497,2.2865272898271822
1505,-0.5136721496435162,-0.654645681532112,-0.6383462572993738,-0.4348593366037342,-0.6288385516811729,-0.6697435218482503,3.0054707712457267,-0.39465356092767273,-0.5966068898635009,-0.5795873085056914,-0.35331977255443037,-0.6097788864030125,-0.4894890553721281,1.9326088675867947,0.007404106110427331
1506,0.9174165512599756,0.842613886855212,0.8875810894933941,0.92928478147573,0.8699872844355484,0.888428471734621,1.1867058448430359,0.006013062996705462,-0.29846569528940725,-0.3081309628179671,-0.09704689007057,-0.4049640267879987,-0.29815261493071793,0.9195140759823812,0.44890894392589875
1507,-0.11208923128930336,-0.8392933390254635,-0.9264024168960902,-0.12383985513427535,-0.8141639324012788,-0.9288405832044526,2.9795599095395064,0.5214754682259132,-0.30818133376103735,-0.3136949562665432,0.5602750610324871,-0.3120391691765826,-0.2575370312867128,1.242695724485616,0.7603435996359469
1508,0.7856883354798676,-0.05709829807673208,-0.056479892533831864,0.7349040256949169,-0.06748221408190228,-0.09550899377521029,2.5455584185988536,1.2990867679782412,0.5718772318326987,0.5350209221436352,1.2553831442925087,0.5780829895865538,0.6996313717733473,0.4928850111597608,1.1897716779408638
1509,0.2737333534737601,-0.40768422506598595,-0.3948769069868407,0.24047004872233183,-0.41480846901348756,-0.42053245332400196,2.354561088695644,0.6331380510417924,-1.0200993127461384,-1.0521158954681191,0.6102796682069885,-1.0424801943633777,-0.9547149476458583,1.3792815134593053,2.7595565452337696
1510,0.8827114030316073,0.41781027316934527,0.39131888483019545,0.8979733741612916,0.4390094710433792,0.41221292391724373,0.9509383462374593,0.7432608348483847,-0.7352128227707214,-0.7301460805889904,0.681815782522601,-0.6811869620804687,-0.7219703110841085,0.08345083279090502,1.3219092470927638
1511,1.4725457429970845,0.4700692650929128,0.495056382305743,1.46545517154881,0.4763006514530175,0.5000326029265569,0.8667834787918527,1.7656035207848417,0.12650838130986194,0.12870768907497823,1.776927214425879,0.13149525822552793,0.19022848773192888,-0.2219007377076095,1.8888362543965136
1512,1.0411809373562264,0.35916342289591735,0.34367117020944377,1.0579944467753823,0.3598607247139142,0.3423584861749149,1.8275510303963016,2.004126220651368,1.1828482723622054,1.1244250901924013,2.015775371303941,1.1854269886762898,1.11779876898456,0.07843814161385007,2.500934346401683
1513,-0.887191874869568,-2.090144051510491,-1.9817013772024947,-0.8900172455173746,-2.094243538090769,-1.9830121536120566,3.3551730158182695,0.953129982033953,-1.6668178970968521,-1.7940064397814228,0.9232154223537409,-1.6915693738644544,-1.7722661210364536,0.3771571283202161,2.0249487830047643
1514,0.8696454034065122,-0.40003027890498816,-0.40534502757657004,0.8708458587859449,-0.4290500588944514,-0.38820755492711206,1.419594253405027,1.4571294394762924,-1.160724944831706,-1.081686800180359,1.4235712518442234,-1.1915399909921096,-1.0494156707754234,0.1412126589767344,1.9845826949740544
1515,2.142857396249501,2.2198644801322276,2.404735061576926,2.133983890134094,2.2233640223733357,2.409247436993703,0.5040238719467897,-0.6027036327768138,-0.4092999119465035,-0.3933613470986404,-0.6134445759974395,-0.44639546895664106,-0.4466920886225661,1.6218054931787835,-0.9536236387390223
1516,1.6663539529360327,0.6254377022589593,0.585169331443326,1.6580515918042613,0.6348723453734738,0.599463450603993,0.5757335066960184,1.8365849852006773,0.12778291550233992,0.12002797715740027,1.8321366697646189,0.14266855238484696,0.1658213454079309,-0.41482956926767056,2.1520950771046627
1517,-0.36765621912341606,-0.438048543376824,-0.40376568918132344,-0.3340060132245387,-0.445045089713248,-0.4152339147310683,2.785260007802578,-1.2724218109258358,-1.492275962899944,-1.2683035600276955,-1.324801608568902,-1.4624481661250097,-1.2664939112117424,2.631106369450408,-0.30148022323904705
1518,1.8854833393515815,0.7907375586193117,0.7966941587728071,1.8985699769338424,0.7800972031269268,0.8019594637955595,0.8041056288231796,2.9681562298116493,1.4768896450240963,1.5562476322570533,2.96538011831666,1.493996018269992,1.5655882219626054,-1.2234887283398217,2.551543679023915
1519,0.8240328477189078,1.142978980744767,1.1145235457460625,0.8075387527812283,1.139231724985431,1.126605169812682,2.111537035251773,-0.6764561135297097,-0.05016749994258178,-0.04369014504788797,-0.6478781948369832,-0.04341542684103322,-0.029579748699020633,1.74688314518378,-1.0162763317251782
1520,0.3515416413477898,-0.3457175543157711,-0.3043848590223711,0.33088579357014897,-0.29183467910192173,-0.2592088107654946,2.389077887315941,0.35468619445700916,-1.0895110271918673,-0.9947770438361119,0.4421764062540628,-1.08377155509745,-0.9619902336023575,1.1866371971534568,1.7339580373144288
1521,-0.04238897207395709,-0.05814058303458637,-0.06036776575668391,-0.04514902242659102,-0.05195994557188203,-0.06331787159997145,2.3395076459113926,-0.5659834340278427,-0.6622938657655173,-0.6569897423141515,-0.5474296249924767,-0.6570511821771982,-0.6319748586186881,1.3188744753313923,-0.10796269862175302
1522,0.8634800790328274,0.02989424872045829,0.03250283414365783,0.843613419269165,0.049488920448563525,0.0373349047742926,1.877223082899405,1.4166045053274905,-0.1645749299867007,-0.16921797000024633,1.340693454262063,-0.1497646352437047,-0.1680517381473849,0.5101278079526349,2.037631633235001
1523,0.3136155796764612,-0.5569564843582058,-0.6285281090646634,0.2978635704176869,-0.551650501330066,-0.635718516520937,2.5603500841923243,0.6610947756592731,-0.6881579091682246,-0.7688216672985945,0.6407453303920442,-0.6487090786831874,-0.7624389587877951,1.0892985035672285,1.3982270903874554
1524,0.9347699496120652,0.7001139199715108,0.7573459959285437,0.9785069569060297,0.6411716859436971,0.7725935606291425,1.528220348902354,1.1915071980002645,1.0650377980173236,1.0739749745500342,1.1828503257340257,1.0635922331986891,1.130749549648569,0.3118676408536943,0.9327577627526373
1525,0.3763399436539713,-0.5492736150669608,-0.5653917216893871,0.3850189442562633,-0.5349502292331447,-0.5682842957821022,2.197878659014246,1.2258150501594012,-0.432715720387415,-0.43274347531637625,1.1850780055900125,-0.43799635298822454,-0.5345206610529863,0.3796003877561404,1.9635026666116615
1526,1.931722258079396,1.005515689714673,1.1057461702234017,1.9023442869268055,1.0218448299622085,1.0985744967809783,0.2575275562831732,2.7368122399634736,1.232272564977491,1.2522787899223853,2.707761307937898,1.2465209710448872,1.2255367193794988,-1.1230823403293002,2.4372735226146016
1527,1.5427972820901283,0.8124236710030228,0.9031656816840361,1.5453426975485094,0.816138083323025,0.9112165699239861,1.472134172893903,1.9956680267890625,1.1013730477534722,1.2494403506625646,2.0057015878190048,1.1159362253429224,1.2315805984253783,0.0213153742839648,1.8010628152190393
1528,1.4638491700688985,1.3848813972053629,1.4205688082562673,1.4568361929574734,1.4352767017539707,1.438098565924952,1.6871247006052374,1.739140465983647,1.6845197997998886,1.7363282405812517,1.7121149949533663,1.639790465714777,1.7431029674787348,0.2918863567688467,0.554043383071533
1529,1.173859962852378,0.557803481712517,0.5480096176629917,1.1679141811493623,0.5558717516240884,0.5499800111438905,1.0501476469528117,1.8719916437773725,1.2849081769310005,1.3766750743395941,1.892807793082069,1.2454628708903615,1.3619107231690057,-0.5069753278787377,1.3973898735742891
1530,2.5575114942818824,1.5407765194338967,1.5065082412618718,2.538632520343457,1.5521257806466466,1.4707184262592732,0.204618958114917,2.5314566030227588,0.7542873521706138,0.7556318759262772,2.5622852049908973,0.7996884399709895,0.7601489484962783,-0.7909610790232243,2.5100488175164823
1531,-1.796885596347515,-1.7911005853328397,-1.8284963488427468,-1.801916194885418,-1.7945268853544174,-1.8225731934319738,4.369984230003166,-1.7523313324436178,-1.8946829728093653,-1.8666223217713271,-1.7250067478429965,-1.9017530052406044,-1.7594388642889032,3.2461318665795593,-0.42598623376019384
1532,-0.5523437695331507,-0.41177380491247617,-0.4703012251897638,-0.5519821598273035,-0.4159929855985261,-0.4930212684547422,2.87727773672379,-0.11275098796159966,0.27904899117258763,0.28532164688374434,-0.186241212074961,0.24039707556039686,0.39857855541088877,1.6061963792975376,-1.2745396712410608
1533,-0.9931184125132864,-1.3704968738031893,-1.447441451733465,-0.9879272220363181,-1.3938949827398666,-1.4359823625605823,3.096192243309823,-0.39370794327686537,-0.8809479980596261,-0.9686473117575466,-0.3935847124957141,-0.9100542548703755,-0.9261261110115928,1.8329378813839845,0.22601823350493547
1534,1.727356894704152,1.728201515343498,1.7489244735062226,1.7522010377894623,1.7178161079553853,1.7435730229348334,0.9453955642313111,1.0451197105438217,1.1434318680695563,1.150695266597911,1.0337750992004957,1.2115992619622904,1.1635732117893596,0.24009203628334208,-0.04406236983505226
1535,-0.5705247636600757,-0.7883156206429823,-0.7925133772299655,-0.5659459167986018,-0.7911897091855927,-0.7667891779643342,2.9368355600263856,0.019593662642334794,-0.22344330720114436,-0.23185804548889782,-0.027296552940077396,-0.310633903259495,-0.3008363649440331,1.3737729546315691,0.5220116870573572
1536,0.04105663094226178,-0.5104065660926755,-0.5383485962095271,0.0419079160680676,-0.4980158122711582,-0.5254675132606854,2.229014482920158,0.8472426209430566,-0.06545360280492207,-0.06711899514430092,0.8317205732084787,-0.05700753112481152,-0.03925891833359261,0.4288447889722896,1.6963799457952167
1537,1.1766555117707524,0.637250228025019,0.6547856409267607,1.1840971080364509,0.6403150933111907,0.6445038342997138,1.5782658555843574,0.7723788069863297,-0.10039794645794906,-0.10744671089583407,0.7713993058588708,-0.08874493654644626,-0.17853681596176715,1.0293847006192005,1.1087585224929135
1538,-0.12317157058323558,-0.3630480155998455,-0.36187937078684795,-0.11647962238197006,-0.32251320056144145,-0.42310054051514817,2.647846527939186,-0.8500973320472504,-1.2210503756844897,-1.1446942735089918,-0.8446700430595212,-1.197493568932158,-1.145372898542122,2.0868514144733132,0.33781325497859827
1539,-0.17328803937951331,-0.16270951580351187,-0.17211544933525436,-0.16561140264644345,-0.21018270786364243,-0.21135337182349012,3.1549507683753584,0.023407294080041753,0.07428636706123402,0.07782309159601544,0.11087037634349187,0.20191813170873127,0.15884988164011146,1.297011781280862,-0.22774244584356962
1540,-1.0369141091561425,-1.3337947871920302,-1.3039997589826295,-1.0340226317148882,-1.323487872266499,-1.2943761372794051,3.353005565720619,-0.16542705587470388,-0.6633803645493918,-0.627586678240192,-0.1343814729627665,-0.6702798547033724,-0.6046327047755499,1.385521519291289,0.48257434954519507
1541,1.9778543166887013,-0.11545353678290479,-0.12103251934762561,1.9576514609795919,-0.09808347560129821,-0.11431536030661338,0.8726005390555304,2.568943255130434,-0.8701101174450213,-0.9324110404875684,2.5753323178639675,-0.8722315853657588,-0.9056689078437313,-0.6129012134699565,3.436302909234572
1542,-2.42253525062588,-2.469421922244218,-2.150914728904922,-2.399030203093433,-2.4841898693369355,-2.1429282815653763,3.9837735350715127,-0.9165823238745068,-1.367900288870781,-1.257616458208787,-0.9667503209930987,-1.3765705597312239,-1.4086333469806238,1.7499086750758024,-0.0490749118769121
1543,-1.7256788554244733,-1.9274003699242508,-1.7833362144869256,-1.7307188711106438,-1.8853236177455226,-1.7967793206294722,3.373857498503222,-1.2254114758884853,-2.040155286638494,-1.8091975453415337,-1.1842300588301184,-2.0641384204266795,-1.8177896661203785,1.923879614082231,0.5339760160246411
1544,0.12593728565146498,0.20732005375483897,0.1896536017562154,0.11520597997808776,0.18588427586990716,0.21587919960888677,2.089706567766683,-0.2485952148075366,-0.06897826606685935,-0.06521393236169395,-0.19881570659039402,-0.05033284821235498,-0.10021018108451682,1.4198841902774497,-0.40216956344964133
1545,0.13678666213941668,-0.6214255106263612,-0.9931378525059219,0.1423568894022271,-0.6152242338824263,-0.9864171631440657,2.870440620521254,0.6700205780040643,-0.4379717643347924,-0.6962042766443135,0.6696284713813356,-0.45597967740629747,-0.6940722768460389,1.3742902280110356,1.9505334941793235
1546,0.6955845041831522,0.1845181783950479,0.20593421955913885,0.6997134850937743,0.1896915191466663,0.20905441586257714,2.3895049442923773,0.35028155975578734,-0.46358211517776454,-0.49446684232063837,0.3708865675700609,-0.48139290168129845,-0.49515000019894084,1.7977915831606655,0.8213048741143825
1547,-0.1960928999735092,-2.547539126498724,-2.278559399617423,-0.16266500677234735,-2.5647167278659957,-2.2890525279921636,1.924718427960351,1.3978623924429552,-1.371958254636719,-1.22722236511148,1.3632758884951908,-1.3937247977621892,-1.2364034923005542,-0.06890480417781551,2.4017440153001566
1548,0.8385622709030917,-1.1259920446793639,-1.1293085101594764,0.834964874157933,-1.116515504556966,-1.1274569064551085,2.1441379314139013,2.2158806940199662,-0.49038003290335486,-0.4833857187713124,2.20647284002187,-0.5032960819512282,-0.44432364586679457,-0.20464170790379033,2.519629959251254
1549,1.8401595834709867,0.9147980732274441,0.8431152255840854,1.8293591113694385,0.8988493544943855,0.853005861742983,0.37636240428628215,2.0060080831571168,0.3161522246042945,0.3159651780626053,1.9901359544588686,0.2920719674708379,0.29493573860443756,-0.543049003030714,2.3634035028318903
1550,2.138919006380455,2.3089620479597905,2.23253675719776,2.144938791096483,2.334557847730739,2.227446170274696,0.06292383703285719,1.2347209327367945,1.632514081581148,1.5331219820491309,1.2067647983738823,1.6417345507181862,1.5490137226843024,-0.35700696954461764,-1.282108650926887
1551,0.7678646429919354,-1.0452144220909152,-0.9877324713293291,0.7258361615486608,-1.0077667845563472,-0.9830109003905521,1.7476964275736167,1.7853794585072398,-0.6826582938003279,-0.6605341027062959,1.799136262898344,-0.6913439530810626,-0.6879088997655359,-0.2769177410875941,2.6027026724773816
1552,-1.0217256013488771,-1.5734427065096905,-1.5282831444015978,-1.006485410880338,-1.5922046389159092,-1.5184239892565374,3.739973652356639,-0.8162072020889569,-1.21516367988213,-1.1016785577118253,-0.807466626534588,-1.3082872144160045,-1.1096410567076875,2.2559412206256373,-0.4959369875278112
1553,-1.3513509488103015,-1.450734124084206,-1.4679877647893549,-1.4007024892609081,-1.4725179411628968,-1.4950015814007895,4.982817597009138,-1.381279547495098,-1.4926135307366677,-1.500282166928633,-1.399229312240701,-1.3923777029900035,-1.5337308993205805,3.9444741762564526,-1.4851271562512662
1554,2.6214951530858808,0.2800350936095757,0.3159637926422393,2.6210189091473883,0.2861972369462268,0.325027197934494,0.2886664381995569,3.6228640528183056,0.5184509298167217,0.6052683591100494,3.637293507655259,0.5455497710581083,0.622279147496315,-1.435519152642541,3.818922353136426
1555,0.7853714021094231,-0.5084851492367866,-0.5463711425669086,0.7774199843457205,-0.5029165364520418,-0.5230709349467685,2.321714737947519,1.1844803792394532,-0.1597038778055231,-0.174546333009875,1.1885477264546047,-0.15282931068593344,-0.11068401826752332,1.2128806503184002,1.0913568645656677
1556,0.7978614579578669,0.17305179111885943,0.16591030541791174,0.8080470542120627,0.17812529421796686,0.18204760042264492,2.354532671409619,0.9440666367705669,-0.04445217725248229,-0.042059946388312,1.016269378517662,-0.06816212093135708,-0.06744185044466558,1.029404149656288,2.109943567555371
1557,-0.6948991524185908,-0.9543831890696849,-1.1818112426972773,-0.7035825987914722,-0.9533366864698036,-1.1875817721151516,2.5751173864670687,0.19078087068809432,-0.2635428311985383,-0.29245930472300136,0.14386764036987673,-0.08586062521745433,-0.2725869406949908,0.5751223324733021,0.6140460847022998
1558,0.635200902794482,-0.31201722128269244,-0.3245324480772714,0.6289337557970696,-0.30274923347562116,-0.33562631716668034,1.6510081673214285,0.8793342315991022,-1.1600117414106526,-1.0930911378938177,0.85064881078543,-1.1680688861365491,-1.089563579629777,0.6040047344481198,1.5015789400930382
1559,2.5167825921410225,1.8170456074671355,1.9721134150796558,2.5160367797983714,1.8154823089963779,1.964919320031568,0.1680607760128722,2.402182034710951,1.2048368573208306,1.3211398909956604,2.3935361631379677,1.1828857413847575,1.3185047942510513,-0.7480128074152737,2.2625653944253132
1560,1.1000218821909657,-0.2868411636504595,-0.2932350445204074,1.1127786110376467,-0.29374623129989824,-0.3038508357773721,1.9188330380225023,1.3928822749029446,-1.1463052309614963,-1.2667565136223689,1.3925598154228744,-1.0692771492456172,-1.3517253164579581,0.3678486910783007,2.8726864687332467
1561,-0.7241445926695889,-0.7338530547956841,-0.7706148364373215,-0.7334208745832167,-0.7274995724014,-0.768353534247229,3.5824393362826554,-0.5845341623912007,-0.6055611391833423,-0.6416265379863481,-0.6345603099612307,-0.5119143203480839,-0.6411379529873287,2.479670526620771,-0.025236067456205054
1562,1.015675479533602,0.3412517725034189,0.38442569264333826,0.994340936863984,0.38186680058111294,0.3606418802045193,1.9852280645235791,2.029334033159817,0.9572664247587725,1.0461486968595608,2.014037224809271,0.9749559936204049,1.0282930105706345,-0.0984340016288698,2.10560935878189
1563,-0.7340437641478778,-0.9827911126215628,-1.0928761672565568,-0.768967851867886,-1.0420757718659872,-1.1004878510557918,2.6196941277535086,-0.443606566589915,-1.3057879193484616,-1.408107260991913,-0.47704937437752504,-1.174425710561188,-1.356907440027443,1.4536241438490285,0.5980529925315603
1564,-1.1672286448061713,-1.5649696593769453,-1.484193241520932,-1.1563183376386599,-1.59687854895005,-1.5089412854451076,3.8620479947707507,-0.36402660595177316,-0.9508109878393577,-0.867051470308534,-0.4458872148996055,-0.9773271541889195,-0.8147324072154343,1.8867492939152886,1.2201137424677562
1565,-0.22996399712294438,-0.13924374266111866,-0.12616013415427474,-0.23002740933545876,-0.11931291557558468,-0.09758901503621284,3.415718566872556,-0.3124296279960751,-0.3602103808356439,-0.37757400505169175,-0.3336188765955982,-0.35907249118655105,-0.4059593948009483,1.5058610625837314,0.14472952686942486
1566,-0.38505897143187245,-0.5449096100157849,-0.664195123306914,-0.380425325889264,-0.5413233118173127,-0.6902567066993072,2.444713791602763,-0.6605438109586166,-1.3361618889690121,-1.4006176698254347,-0.7201739341192502,-1.3568439121013267,-1.369695356362692,1.7152911255464343,0.4703962234060825
1567,-0.021563755387712182,-0.1493969238933729,-0.14687200334435388,0.007864114368793544,-0.1522362283288594,-0.14360533012003937,2.403516787995529,-0.6431572343262933,-0.845633517871098,-1.0984691758427203,-0.5915210484400892,-0.8293265873970068,-1.1361374074203523,1.8192948180340198,0.09864289311332958
1568,1.3885508153340442,1.3109638866437572,1.2514561352424676,1.3359622448278279,1.3471815910306897,1.225491530032259,0.7891971605653798,0.9871808625191716,1.0310401167570966,0.9062833795219369,0.948972763624349,1.0667836885327089,0.8939238866992427,0.021414171513463136,0.7096004242341533
1569,-1.0913103395937407,-2.144205117041339,-2.128017716151007,-1.094790648644275,-2.144381776918456,-2.1092162497289713,3.731599538952719,0.328997389619848,-1.9710770971131386,-1.9708858848858752,0.33269811882508876,-1.9482112516820573,-1.9340939376467068,1.3473405357728638,2.0098526512637376
1570,-0.665284348017464,-0.8630387977081614,-0.8822087660478718,-0.6475021700697805,-0.8601503928073352,-0.8687293284033922,3.706134394977057,-0.6227008142073897,-0.8755960621602435,-0.9253477947805776,-0.574826501561047,-0.8713773645132703,-0.8530671424942373,2.90207755140116,0.09094819175184986
1571,1.3694076055183626,-0.1734787157876445,-0.19633099807559723,1.3594281128583143,-0.168221265407429,-0.21654033316021226,0.7635243675211686,1.8922657702356835,-0.4496474596705836,-0.5427039210532028,1.8849540884539921,-0.4141810962587706,-0.5287591594368667,-0.638356523933005,2.6946133167543156
1572,1.3301860769073015,0.7606213412780488,0.7437653858872669,1.323004384847251,0.7609872487161545,0.6861096761370514,1.2998524732361048,1.5644831406867212,0.9017764852074207,0.8942913731866876,1.6287506869898483,0.9201470554131278,0.9157558631370007,0.06328223285706724,1.2454065342914558
1573,0.3773659943795593,0.5021771686820888,0.5357808235241062,0.3539568608207214,0.47791235788247843,0.5404433572144909,1.5776152764847917,0.34866257738077083,0.567035928729139,0.5700462020719255,0.32321006175967826,0.5821050503265109,0.568733521010738,0.706637705559824,-0.7139218263592834
1574,0.1822162634149769,-0.5475820508505581,-0.5269175054098602,0.18308043540306781,-0.5593557282537838,-0.5272226490228983,2.2286986204492116,1.0818706344357751,0.16778260666182693,0.16726537555109583,1.1023460184119382,0.14551935735061153,0.18517664969955278,0.24364049640892224,1.4284316893564515
1575,0.8139501979704612,0.20229878054458683,0.2183385336941582,0.7972676836820624,0.2054411610746418,0.20533984744334965,1.5423923375150574,1.188040274948643,-0.46677571682930646,-0.48861749827211975,1.181209714926952,-0.45957947622242296,-0.513597424053914,0.03648583770678963,1.4718699490999954
1576,0.3447913045503382,0.24301070929805577,0.21960448483321215,0.3600640808470979,0.21247633697110174,0.22826010584853873,2.514815070394123,0.6048415772225908,0.30718059544551835,0.2932454396737948,0.636552732555641,0.28064754526763136,0.3276698562846041,1.195599096911757,0.8248315001655089
1577,-0.19004404957841842,-0.8343765999074058,-0.8654427731929896,-0.19771288937105788,-0.8328069048038065,-0.8524969796811088,2.2342857929167277,0.7998152421900347,-0.1013979831089067,-0.09659422902363791,0.7837562505107724,-0.09916349380742098,-0.0633148975012326,0.44300581755657775,1.5895042536050537
1578,1.3286395586250164,0.7274360699654323,0.769496269660574,1.3643854565259759,0.6879548909273623,0.7675836978817058,2.0858778673514577,0.9971928381992115,-0.10268497735032395,-0.12153471610041214,1.0428259245151705,-0.07803573003450082,-0.029781951225492712,0.9228942924864033,1.8068012177671327
1579,1.8287657460384956,1.1795418114412808,1.205980725060658,1.8294740738138018,1.1708462740741865,1.2323389981686057,1.2809577293758798,1.2829288352174701,0.339395894030443,0.3381194347700125,1.2855107551901233,0.2282455550622929,0.30117820607800105,0.20987691023229743,1.3507046736841855
1580,2.959340219116564,1.1958552379927785,1.1890472924135835,2.9274576555278604,1.1950613023181003,1.153590280737023,-0.4435669770545883,3.6239812496438275,0.47322092552430944,0.4741263004049053,3.6203689884175945,0.5150195480189925,0.5597927244405179,-1.8723096471620055,4.06601261060031
1581,1.4573079777015596,0.7428416835854941,0.6322435275969353,1.4648738794884195,0.7372654032111444,0.6237475641131014,1.6652984113768892,1.0108526525802821,-0.2792939185904812,-0.26850049272206944,0.9902147438794232,-0.2541383889079977,-0.27650589215639026,0.7012206382911155,1.5148216602221918
1582,2.7693184519493235,2.0895284588783647,2.201165978822501,2.7603161602942725,2.0945729413326974,2.192866631685617,0.46748396646851526,2.6471847921344445,1.3144051710336309,1.29116219865449,2.659574815342093,1.3252253578731674,1.275951165011244,-1.0095003658227975,2.8560387393951543
1583,0.43941081156013323,-0.6850246546535459,-0.6239037038969398,0.44160532851393364,-0.6724886494635801,-0.6420365391418574,2.18094362445019,0.7521172089124941,-1.3173234831756897,-1.2158115957573257,0.7543466160849631,-1.351929956388609,-1.0956197462655883,0.944972599238969,1.0335630853723718
1584,1.306829986004034,0.3510829948868836,0.33182231936936574,1.3143142128751228,0.3716758079014108,0.34030910179181606,0.794075559038119,1.962043307157044,0.4238938178657818,0.41454772759403,1.9478767072215628,0.4206366617464085,0.47098171633747293,-0.5902095554937095,2.7547158764964927
1585,2.772498372715846,0.35115039997741215,0.3340175681165715,2.782740123597046,0.35398227891399187,0.31112833518402666,1.2530368298801562,3.0472761294156188,-0.032254756044744606,-0.03040752706719513,3.055907881439556,-0.03254891099696699,-0.04176251233673102,0.16530501363767486,3.4555313345444167
1586,-0.996432639729022,-2.217609601335207,-2.1855749301981047,-1.0273559966928416,-2.2148513880816676,-2.179599198008458,2.57221589229404,1.0151424041294488,-0.9303527344502043,-0.9392512280112553,1.0928356261964447,-0.9374001631953565,-0.9053844116346953,-0.029330549552509907,2.174492044330364
1587,-0.060923741293860724,-0.49271329640515543,-0.5037929945352622,-0.05978370120453601,-0.49509915915778513,-0.5097358578917328,2.1851075926154784,0.960082009651992,0.4128832675432534,0.4206363965208195,0.984748135208452,0.4080271122424694,0.4441411533243236,0.13750203760595847,1.0779170290609714
1588,0.531086001681193,-0.7469199088224109,-0.6902558490111821,0.5225757569599543,-0.7405335680199814,-0.685671764849504,2.7728266318609203,1.120475089974701,-0.3365262179195405,-0.33156324677995036,1.1003611698959554,-0.3479162348799037,-0.3257594897548334,1.1872180653820732,1.1953965670885565
1589,0.9866148927190544,0.8251817142713314,0.7754863683690675,0.9770850383430865,0.8345004870780136,0.7625478405329332,1.5142870895774994,0.5095255073813828,0.19460314141739543,0.2005688510866374,0.5145438552309233,0.19046759757254292,0.0343592238559673,0.5772339673291875,0.6736648524424886
1590,-1.3904143484709808,-2.011415682647596,-1.8447592518377556,-1.3991882603497183,-2.0034819070472234,-1.8660632600965426,3.33986039665209,0.35194748427267764,-0.5957868631519373,-0.5830197651927228,0.37870710680638986,-0.7146445273339109,-0.36977436327544927,0.9023167975517089,0.6481285816431911
1591,0.5934919163248089,-0.04275301645305258,-0.040683795319866566,0.5950485998224277,-0.05851935057351626,-0.0526361108197214,1.6243690568077638,0.47142498899746116,-1.4934579751641353,-1.388176609847886,0.5097054456868213,-1.4468939375588152,-1.3967528219620333,0.5906472653209093,1.6291312408932688
1592,0.7030160855594048,-0.13622322675654366,-0.14540885235661744,0.7243662380436361,-0.10807166121724446,-0.08351673278288041,1.7127576412946457,1.1609958905627582,0.15191817825865514,0.19166715320143943,1.1517795861681424,0.15958551154734327,0.2836084133072106,0.43214111032686325,1.5813429016445957
1593,2.1816391518909617,1.5934818626287415,1.4783256886231615,2.2081615629486175,1.5997945118194892,1.4666364812157677,0.9154157719714924,2.659437540987248,1.845431446587334,1.8825715845954885,2.635944229962031,1.8017862948648686,1.8755353126939116,-0.8715464859702245,1.6854666126034406
1594,2.0948355058274104,1.7505329849671185,2.0692426956296894,2.09481423868825,1.7373343550553777,2.0593268513551655,1.2768054993961362,1.0711181708139808,0.30095294230660474,0.320199379095736,1.081115859297623,0.26311711115149206,0.2734204546957339,0.23003530097783978,1.6049528667698862
1595,1.248794060489927,0.6451888281649419,0.6441357062337991,1.2485477052346654,0.6367846632940959,0.6595648569319913,1.427504561342654,1.6147443279830467,0.6556212686594086,0.6676165403005616,1.609337894312316,0.6543087416329697,0.6671361030927124,0.0834617054947882,1.9710654447161455
1596,1.892295409761597,0.8927939600088971,0.9080070851675176,1.8907023704956492,0.9017209731539048,0.9027905872922488,0.9894704043716007,1.4359400598858643,-0.43063069025311546,-0.4426121632593252,1.4564638193380017,-0.43777146974209324,-0.4449940715054747,0.42643867094492754,1.710862717092139
1597,-0.10797052806012293,-1.2161479914440076,-1.2675623020182518,-0.11931141722533721,-1.224553163706274,-1.2547193590269474,2.0346629446827467,1.1061855126380047,-0.8374070349544918,-0.7462665554882898,1.1129816229809384,-0.8426826091881898,-0.7587761859486373,0.07193473041487927,2.0963341875088646
1598,-0.4836147261068214,-0.45756119909477694,-0.42586495142261016,-0.49151689785094976,-0.456851620995081,-0.4477010105798122,2.4393895293089845,-0.3714698345523769,-0.21372202082553005,-0.19810823148894727,-0.3574516493804772,-0.19985580036092424,-0.18181992016627707,1.7486559904312213,-1.285018694062229
1599,-0.5076512898494773,-0.5791194799937589,-0.5455721036197311,-0.5164316252245321,-0.5916158017892121,-0.5553322963356296,2.9918742375725818,-0.9874438447110483,-1.194149906541114,-1.0689166127716214,-0.99870126146501,-1.2334098873997934,-1.0569928899969017,2.206450644492397,-0.14075090769347604
1600,1.255563208452905,0.3974224987889415,0.4105854169185915,1.2559696604405703,0.3952050132086788,0.3915654811939073,1.371123684677967,1.5165010180683407,0.18785756521942182,0.18815380091937603,1.5366686258429356,0.18016445311145526,0.17211544647541885,0.280967662141337,1.7978468118861795
1601,0.8623851177042863,-0.6755910015955371,-0.7174955879324794,0.8758888765212449,-0.7002398589790721,-0.7548909763330974,1.4521468845366519,1.9017020132721305,-1.1684233948380895,-1.2617422447444664,1.8042377015158995,-1.1611741074499762,-1.2426417728677992,-0.37934047596534637,3.068366861356715
1602,1.440271832306033,0.27874464847887653,0.29196330408995047,1.4457591726526804,0.3001360684792472,0.30233484687347467,0.8309876782454845,1.8310423094531636,-0.25531814947935133,-0.2729195613950135,1.809204211202733,-0.32761736310968465,-0.2243761896143255,-0.26783128367344233,2.0934511732002448
1603,2.1492656533138805,-0.4462256080941479,-0.4600435185082018,2.169626340657165,-0.43306478526180214,-0.4756409909412156,0.7008082935211551,2.904933857396268,-0.5556896515920193,-0.5622688564170993,2.8311001913077387,-0.5343232448686137,-0.5081778408202638,-0.806146699161241,3.2094755077947474
1604,1.619120707825285,0.7345408866586794,0.7919513544596586,1.646258240778615,0.7538660254818064,0.7768536413144741,1.6006522407633792,1.8516148259670366,0.6165583850412254,0.635972564931161,1.7863173654240525,0.6127829564919667,0.6447124719732523,0.6131011286604516,1.5350298620509515
1605,-0.005952047347662414,-0.003711810637391325,-0.0033741509149312738,-0.0235106620025072,-0.006734847174631121,0.0003915813337280619,3.515671918552523,0.21052339530866238,0.181735648070102,0.17880341044958772,0.09610900865904624,0.28968331573824735,0.20675064613132688,1.5554872008009435,0.015476989021114718
1606,-2.0827479105340907,-2.1042202713931957,-1.9731977137431678,-2.0769055365066005,-2.1012276107805095,-2.0097291907202846,4.239399090921021,-1.1915114313529869,-1.1147915593484776,-1.0547843647579023,-1.184804438729256,-1.1072457388369488,-1.0523940460516341,2.491514960366491,-0.3807589842216548
1607,-0.17779314045000158,-0.14167957756136418,-0.14250948479533457,-0.1664757531027742,-0.1137177251024003,-0.10368324963207304,2.4760288719850885,-0.7474223126207317,-0.732293211866176,-0.723918590053404,-0.7617623837357943,-0.7308423458043578,-0.7479276196941995,1.822907831423607,-0.5151343826874706
1608,-0.9105235026602111,-0.6692962809181107,-0.6720785556442987,-0.8596582089396729,-0.7578859654039357,-0.6612807986244322,2.7460990286896982,-0.9568530400867366,-0.867089258806566,-0.7922113487034678,-0.9533786158209832,-0.9068600342134409,-0.7481796308218517,2.047474887304029,-0.5978940196268041
1609,-0.4376135645131232,-0.9665435128659148,-0.9921884203335163,-0.4418584632237502,-0.9635486391606505,-1.036252320802765,3.814813296206611,-0.48244118006670844,-1.388057583328575,-1.58655114358824,-0.4978645578225317,-1.3762562888598149,-1.556857618538013,2.1403431575244976,0.6353672316484733
1610,-2.242026510153843,-2.3835201396269645,-2.381249725853761,-2.2735882100524982,-2.370243321290304,-2.3759447097360376,4.290333167905608,-1.1680345057850379,-1.427830829024428,-1.3120723050327787,-1.1574457185052727,-1.3724742020056835,-1.2673415771360472,2.1673942090808493,-0.19528075946646095
1611,0.9547149444624287,0.4642395979847983,0.4642137681164485,0.9525974903370834,0.4886627082170348,0.4601199993080734,2.173402863714796,0.8158776721758394,0.32057953931575073,0.3100395428265744,0.720086755074683,0.20471800975799986,0.2797399919868978,0.6010665936302064,0.7450843454897873
1612,1.5625382766992024,0.5823872298462437,0.5717801378269924,1.5854430363152892,0.5789770640420943,0.5238330972243752,1.612441858282374,1.3949937843648283,-0.396939677145261,-0.36706202931826326,1.449365960095906,-0.39283084030642335,-0.4028588890073597,0.3128078319805718,2.5569367840474335
1613,-1.2465404215378728,-1.2894338887047316,-1.3162847656510055,-1.257281615702392,-1.2950156295421613,-1.2624822840497112,3.2214407480821676,-1.5382770031907245,-1.6469860052538594,-1.753368987889966,-1.4347797109626916,-1.7199774092863964,-1.7580783552306642,2.5277334053864844,-0.10736653600869793
1614,-0.40043834739225564,-1.3660949968048228,-1.4504818262215922,-0.42156352598123875,-1.380499446953049,-1.4997564890409756,2.5583359908508148,0.7526332444111558,0.10548991136542572,0.10973855226655835,0.7237930333556912,0.14602569155861897,0.1167623878855053,1.0763710494329506,1.0568728246981292
1615,-0.4011413589876064,-0.19543579608231962,-0.19018508241656443,-0.45681397721381667,-0.18263692619348107,-0.237016412132354,2.3189144697335173,-1.2646278774896351,-0.8204389399327804,-0.7969757427179419,-1.2731136364288935,-0.8943087607201682,-0.818974898359811,2.057686106448168,-0.9167447857876561
1616,1.1454292274130333,-0.41076938456501616,-0.40600375513301096,1.1367932135924959,-0.43583704176474597,-0.3715392523907737,2.328588682515012,1.4853082188847306,-0.3782794986230959,-0.34407178850033804,1.4603517136380295,-0.3374629588797934,-0.31103578465587883,0.4549185401367515,1.937011964344945
1617,-1.2857977670823841,-1.2492685685968545,-1.2777609280136726,-1.3280235659916881,-1.2072960855062493,-1.292933846436649,2.7673853439445573,-0.7825403332427916,-0.8506628639598369,-0.8424007274489539,-0.9071917847704097,-0.9445296699248891,-0.8632575130041134,1.4334075132867343,-0.1497588549110309
1618,-0.8837500012537133,-0.7685387502720379,-0.830282632000479,-0.8588507082257404,-0.7731819214777587,-0.842526947888494,3.605356676122019,-1.1585514107484667,-0.957301112345422,-1.0335732328705158,-1.1686803748724,-1.0055756844174486,-1.0490191629458654,2.848961119257989,-0.9172755608765528
1619,0.7086986613436859,0.17752001748156152,0.1928589049223784,0.7007172477078975,0.1882371453178525,0.18987223891765714,1.5996303631406947,0.06776317231479724,-1.4916427791945923,-1.5676312888715354,0.11278319255533568,-1.4607377766359284,-1.5726181044112997,1.188360392341475,1.5418998782512454
1620,-1.10704683758091,-1.910959449020505,-1.5446237141389219,-1.101710435911304,-1.919913488047918,-1.5387436494527744,3.3404014390787102,-0.06252228225056435,-1.3455172720516677,-1.0358980590063644,-0.09135269581817931,-1.3476026868540973,-1.0721380207115065,1.3939066575836203,1.1662942859367242
1621,1.7980367342299777,0.9407472141401483,1.014803658967986,1.7935342765716924,0.9309116163071354,0.9982068323945684,0.7936349082085719,2.3426051226190627,0.981317373178697,1.027711217105051,2.3355696131413892,0.9744991718096356,1.0314906414728913,-0.7654443348705514,2.564606907730334
1622,0.6576998493519002,0.330369350900751,0.3308246174380351,0.6483771256799039,0.3212174269761486,0.3387477832132651,2.12455004457214,0.8853541971198367,0.056055106292978114,0.05201133422369589,0.8982636562459021,0.07685972081589952,0.03057597315779134,0.8571561959449557,1.3647458292955295
1623,0.2740260826269184,-0.27334277208161467,-0.2594044650611202,0.276800367608627,-0.3347511792189458,-0.32601015778173514,1.7771785106084883,0.24978624524373597,-1.793287181194882,-1.8404352052928596,0.14787278140789542,-1.6885958657788362,-2.0230394917175056,0.6740233318462446,1.0140399540667833
1624,0.40299087960698676,0.47318708400721626,0.5291534100526544,0.39957247700808884,0.43895923309714163,0.5324862469113192,2.570503946766967,0.03547898890141062,0.21587094958147857,0.2576182801847186,0.09832405007523715,0.11281680845073035,0.23287184613845044,1.1232220981233443,-1.0063644210283043
1625,0.5765374362559335,0.02783253426930893,0.0345821599746603,0.569042043714058,-0.012983855759786644,-0.0009876102162241851,1.9396440083560809,0.9435441343732108,-0.47482431421686483,-0.552146340298914,0.9470921343856951,-0.48640863017111324,-0.6735434948344484,0.42007136466399697,1.4679050014999004
1626,-0.46675397909864985,0.009809618010583958,0.009529309092465129,-0.45878240314262103,0.028454199244985243,0.008446232036371902,2.4896214610529976,-0.4891176533000105,0.34321738351598424,0.3406638362308179,-0.5401393219360954,0.2947514437392087,0.36455490784493333,1.3971035983362217,-0.7796233974486981
1627,0.6197288914429379,0.5996262024157246,0.5694861907922447,0.6486919580263654,0.5678116242172583,0.5586992732993395,2.564357234931183,0.9730453710029396,0.9057314126944771,0.8799353799800295,0.9969484979310093,0.9286131051898413,0.8666303633980869,1.170303107023342,0.2951249099939534
1628,-0.6772813966939822,-0.5810840993602794,-0.5255458662458056,-0.6802021341705667,-0.5867515339712018,-0.5279423559627318,2.5854562381803032,-1.3318531653873376,-1.239009896506995,-0.9858912294888249,-1.3001363516341775,-1.2203667508598366,-0.9576577929793544,2.254413396600303,-0.6495561520909071
1629,0.2687178201543471,-0.28622415126790746,-0.2760628952501832,0.29172622354768835,-0.35412721248561085,-0.35063914662972806,1.689182816190881,0.8802696165310528,-0.12464242851194075,-0.1228519508099744,0.9268211091514283,-0.02551361255177326,0.1630210102144061,0.36772878736724157,1.1740336700606597
1630,0.6716008828564087,0.48506160651930647,0.48887998519736947,0.664784961643684,0.48960760176952356,0.4951830021085913,1.9306962882585792,1.3546323235248603,1.2164217376689044,1.2114643551574071,1.3619767303926626,1.2327023110734248,1.2022630764587017,0.12095213464479049,0.4048937016111446
1631,-1.646631967362097,-2.124308666232862,-1.797185076304967,-1.6603579160880753,-2.0831497433392827,-1.7804147574402474,4.200162184953436,-1.451601747710662,-2.17467792379213,-1.8150953597372865,-1.4689463113376653,-2.149921880711386,-1.8887828552896297,2.962300155125326,-0.19072123957082268
1632,0.44282381350227007,-0.6096071220597707,-0.6072365037641156,0.41876323578320546,-0.6146896408654454,-0.612559627224894,1.6581197628811453,2.125451282777543,0.18410190092691112,0.17199031619746424,2.107177237551889,0.2040724647488102,0.16687016809227107,-0.891505278814225,2.6643691004244228
1633,2.8289495264012867,1.921942325981883,1.8641200276771586,2.824954988786844,1.9194123381025774,1.8573489083809966,0.8992219550927029,2.185415182599334,0.7145810425551034,0.6714291963509439,2.1937096648178125,0.6577362054533796,0.7190505642011704,0.027483809780324317,2.259980177371656
1634,-1.008208057185186,-1.0517570486217285,-1.0789805990775252,-1.009750641366058,-1.0347713520497377,-1.065421475951316,3.2150092922170397,-0.9265346425989859,-1.1369187304976585,-1.1684875046980963,-0.8580737815778953,-1.1538180283425454,-1.1707136812985797,2.029437909489078,0.2945875099657157
1635,2.0673517531153065,1.2360713863292179,1.2174505248373264,2.0540500273627744,1.2401828252301652,1.2111399082316305,0.19423636701514047,1.988723991463111,0.39040728941658326,0.35673918044188957,1.990984811728566,0.37954603488844135,0.4113509662615549,-0.5312814430228268,1.99099014890368
1636,-1.5243723059491328,-1.804995841481414,-1.8599792275953257,-1.5055310556662245,-1.7828737739437608,-1.850061734172741,3.353331501866145,-0.7380378311164989,-1.3778300662686112,-1.432159040644812,-0.7598402249069566,-1.405457678994814,-1.3844765826022614,1.613156361939205,0.5414928787453538
1637,-0.2853088327434111,-0.8283256849531775,-0.7666118486819037,-0.31119241683233495,-0.8441212324474907,-0.7382187103888352,2.4177618992043377,0.29616123572207514,-0.1750635607413772,-0.1619692913579315,0.3082301705588516,-0.13965698985753108,-0.16069557456527916,1.2056652767350502,0.28261213439865246
1638,0.6101413049742002,0.8010174589463523,0.7906342000867576,0.617488934693652,0.8165690905087902,0.7877956812677114,1.6006381622791153,-0.2792349106232768,0.16782114638669993,0.18606184031650028,-0.19596957915568122,0.19140018559693892,0.19182184169089525,1.3022134330451973,-0.7444308493703926
1639,0.6137573579428578,0.02698268066086386,0.02654067327505381,0.6170202649997869,0.02146875741037481,0.016440163226367356,2.127602404665553,0.9345727113247407,0.027437752545034572,0.0271209153429665,0.931735652472204,-0.02228820103721173,0.04263997501502097,0.5923605194730469,1.3796949408544503
1640,-1.4410528861299992,-1.5982799269923182,-1.6433385961869549,-1.4155689010852894,-1.6206723312544178,-1.6483744003087086,3.154122648225681,-0.5713945429416595,-1.0826376916903173,-1.0589178063417455,-0.5780691228688729,-1.1432646092240475,-0.906288684227027,1.5385090740765264,0.08205879231559857
1641,-0.4851825480888747,-1.0885693002079144,-1.0876579258103585,-0.4924790264831098,-1.078524390685579,-1.0970528743713615,3.063934999061732,0.26581071709762827,-0.7391012543709852,-0.8022455740815881,0.25458147308316365,-0.7306111688627884,-0.7602065378767422,1.159087282606265,1.3640603462564171
1642,1.0070614224025458,0.5050616193688738,0.5490799060829513,0.9714490236961246,0.48539527579546415,0.5575049660527831,2.285198143987112,0.6336819212730707,-0.31938471422339293,-0.36053629700196843,0.6584275276315126,-0.32025994648233763,-0.31021750119531805,1.2415233947330049,1.8280425872182957
1643,0.5624323636906549,0.7436461982113083,0.8225210924493837,0.5688745957260861,0.7714064872079746,0.841582341631585,1.8904990007459226,-1.3152714397147565,-1.0347180326767378,-1.2972108619932068,-1.2818323170007258,-0.9752690921513113,-1.3814711239428124,2.1965853467520287,-0.7179356456636454
1644,0.3140484771463057,0.19299939388051976,0.2020353577909769,0.3088520740021057,0.24051138913611939,0.2428291741186406,2.138557601965758,0.532532788689292,0.5151480418016289,0.5811765925316761,0.5286232750880302,0.5298852325266634,0.5741186317503054,1.083187381319088,0.1860783980280656
1645,-0.4836688102675734,-0.9111650031487133,-0.8599867896692922,-0.4668028139417511,-0.9387004863767873,-0.8827680247968327,2.595210409806751,0.426436687033433,-0.12693851363288605,-0.11471176376744943,0.3400268329375426,-0.11275702307281336,-0.05114302960719985,0.8092452434007973,0.885715097480047
1646,-0.5873344212739064,-0.5758765908221597,-0.5985644982848792,-0.5910886248713191,-0.5749795629207987,-0.5818959121791776,3.1625661449574505,-0.4658002248385071,-0.5562849257027106,-0.5775854175960409,-0.47573724573910225,-0.5598162594580026,-0.6259817544715925,1.7087544628120444,-0.1516917758311517
1647,-0.07850643297038142,0.02530093374214096,0.025531576770713178,-0.059810285612040666,0.036150561030841195,0.022174518575886783,2.6119415655701785,0.2402265590063033,0.5861585129237086,0.5682998011805712,0.2566190449504033,0.5314350140314714,0.4331751531535649,0.9075241577283402,-1.1067257406599345
1648,-0.8359803128566767,-1.6061335584411298,-1.5075838348272588,-0.8416060788657543,-1.5904183970361818,-1.5160424604402438,3.0775430630718423,0.2215976552823462,-1.393046611659947,-1.3218645482124416,0.179683769395245,-1.4198963253872676,-1.325513459521452,0.9981138876450346,1.3470424357075341
1649,-0.1723042689418564,-0.917038001947814,-0.9756184611911461,-0.18267711660577116,-0.9151696963631578,-1.015626408788268,2.7045359126119144,0.5480848089472489,-0.7355831764709911,-0.7796819616900006,0.4796054510135951,-0.7755796699252123,-0.8078070601084245,0.8683933735263875,1.3667909511852128
1650,2.2822911802399544,1.642790049671336,1.6997729600011944,2.2962026239209807,1.6467771659421682,1.6911647320931837,1.7853871782045663,2.5556867807112043,1.6763001092578982,1.6948701318401749,2.5837777992277786,1.6751055167412938,1.7106758256063057,0.3819028639143297,2.131458443560407
1651,-0.823061933849105,-0.8028357595637493,-0.8423683052221276,-0.8392127183715002,-0.7966176826461776,-0.8432736709342906,3.5507336245970738,-1.0803199399031447,-1.3122368181709838,-1.1145020975316942,-0.992644631957092,-1.317849504480916,-1.076142810663555,2.074367392882207,0.09100520825441077
1652,-0.5260741467072507,-0.1647487021035927,-0.16355314935864562,-0.5243208892257305,-0.17085631487784267,-0.14909732467110745,2.272527119704,-1.644156861677223,-1.2664875386311087,-1.1731708074471554,-1.5985069486271524,-1.2908224487143425,-1.1804225933002614,2.60801781140709,-2.326355706739063
1653,1.1652026351266533,0.3579383333675132,0.352113804306136,1.1711867098318525,0.37055488513900503,0.35068597386532163,1.869036010945984,1.540629882202401,0.3320033316926615,0.32182966999694396,1.533225560047064,0.3436255251150578,0.28351777712164844,0.3196323364723678,1.7438296136581142
1654,-1.3241078094028529,-1.336342096589707,-1.5404205843228391,-1.3670850002883406,-1.3062320253409936,-1.5249520208555918,3.245997142034302,-1.2058002102004177,-1.3689129953365573,-1.4907374290424285,-1.2318709862838106,-1.3129803874607984,-1.267085580855873,2.0254838292238433,-0.20993176116175385
1655,0.5605949469590539,-1.6950449076936402,-1.605377300448681,0.5742247728304649,-1.6992565822709564,-1.6170775153535841,2.334491305690955,1.4235357356812122,-1.536707841765674,-1.3647892114570106,1.4204850484363172,-1.4745383015434521,-1.381829026508407,0.8883404367568613,2.082616108887277
1656,0.5789665060760798,0.573053928190115,0.6745797457991107,0.5697447361452772,0.6135773402575342,0.6798777212112326,1.973787813512438,0.8328336862022847,0.9587997648418337,1.1195522913931806,0.8298857195459586,0.8705540956913769,1.1440256141761933,0.49596483835978533,-0.3156689081532972
1657,-0.5687206997557485,-0.5917523748984573,-0.5732628861044505,-0.5767695604907834,-0.5908481789041793,-0.5769630846421855,4.119701290762326,0.24505338510292685,0.21739756767353835,0.1979831992457625,0.24798024282131997,0.22330818287049223,0.19892927221321852,2.185455595846794,-0.025524192197293464
1658,0.015171241234270565,0.1118708918303692,0.11017402324378034,0.04775787109611771,0.08646587519445482,0.12782717869843638,2.591434543241322,0.5297678165881764,0.7994117145663815,0.8530611078696808,0.6869379303321479,0.7451931268160572,0.7950553718320917,0.8640532568859869,-1.420394205429988
1659,0.851855519106253,-0.1870068567736714,-0.1978819507146487,0.8571066661430186,-0.17426036451663252,-0.18821844960244344,1.6881467883904215,0.8670176937028768,-1.3883805257076278,-1.36953339313862,0.8680048339413295,-1.3880901728645663,-1.3807509501426705,0.9033180269854774,2.1677745681900147
1660,0.09107383609223126,0.15784160797394636,0.16378379326542375,0.07466608865282362,0.10908798730095519,0.11209723005327442,2.645900938361707,0.06525857771164797,0.2816306678375276,0.30435450250995644,0.12937463924242287,0.2620396908812391,0.30910452290329876,1.2377685637620628,-0.5101615529910107
1661,1.7599868649790804,1.528304871208353,1.5754103247618303,1.789349620579121,1.5051583087041056,1.5530859962845047,0.35937373669987854,1.328901312757178,1.098090165507621,1.146668815841159,1.3325035537749712,1.1071370803782936,1.0720102728403837,-0.16215215871355187,0.7536223532103896
1662,-0.1538012532648678,-0.48991362843988856,-0.46428901975958603,-0.15288021304777744,-0.47410437548383383,-0.45832115994774153,2.50965229399676,-0.3646115591487143,-1.0610844801624641,-0.990485898953715,-0.3643654202082223,-1.048898417769403,-0.9870223842836553,1.496512546935531,0.8258455346976946
1663,-0.4202365415737001,-0.2367303789707373,-0.2451228493092304,-0.4407735629815911,-0.22651337835635066,-0.2210296625489218,3.20829799024076,-1.273727992329176,-0.9299045311488332,-0.8136233177490465,-1.2700024651078619,-0.8302222743691005,-0.7945517722924192,2.5753290342647417,-1.1601160119825353
1664,-0.0523727663927674,-0.7910083948509471,-0.7613261188248629,-0.10606166362423854,-0.8196784338828692,-0.7476601679149187,2.4521513734677174,0.2624915528014365,-0.8916827078461665,-0.8618489034914103,0.29294326998966186,-0.8689503322548825,-0.784984834387223,1.6492717825772634,0.577401703618176
1665,-0.0377458888705006,-0.584867094929315,-0.5567613784252132,-0.017906468357017976,-0.6017227684662614,-0.5847273653089224,2.5078637849177716,0.4471150524625511,-0.45800081605724635,-0.4841678189420809,0.3746672228054357,-0.49658215123386457,-0.43121850432225994,0.9265083075868995,1.1992108101057855
1666,1.3471578242160012,1.5462499269554508,1.5428949916582642,1.358204294363381,1.5383205841781185,1.546059176360433,1.2581354809079586,1.9010759156969976,2.26488669151298,2.3023346606208692,1.9035183064841223,2.273150307744683,2.294232676228452,-0.38064222441669743,-0.31407097233986797
1667,0.13480750107564393,0.35550384036806015,0.3585450674157769,0.09867303137454041,0.3792487314366343,0.37253389648411994,2.1035093566436642,-0.44697947785097464,0.14646954747695465,0.1588572095956522,-0.3721873640575373,0.039588353640470655,0.2646238430121714,1.3283985329932564,-1.4345543234909177
1668,0.7327131719375316,-0.513823252138421,-0.45468185607196104,0.730470103725593,-0.5216066118813684,-0.4630603066975021,2.225790311834382,1.712453109889643,0.19621305909860765,0.17679243881960605,1.718451676637775,0.20181707992476292,0.16511261227737525,0.3784968471171309,1.930555762354302
1669,2.112559648194945,1.463304774561167,1.5181112887036385,2.1058971938565665,1.4480265098290448,1.5190932577649803,0.5781020488593237,1.555921188002264,0.03379326509624516,0.03478885723078541,1.5199283226985008,0.08894819059237444,0.030275701903925426,-0.10348536158856535,2.2266390838988626
1670,-1.597415103929651,-2.0353485475762016,-1.6100623724178553,-1.613201172577908,-2.022724819538309,-1.5932746255928822,4.3324064430517835,-1.2552479904450848,-2.3075044615345788,-1.8021402573861895,-1.239817838454856,-2.2651621793349417,-1.8087387650796203,2.510405777568946,0.4410582263197754
1671,0.7160818686919694,0.6900930190250298,0.6985438589353122,0.7236338481454324,0.6796809802348571,0.6948102820542542,1.7170648553891579,0.5257813313872247,0.6020143274844434,0.6263886567991833,0.5209584413009409,0.5704121742178913,0.6231785818889883,0.8385706034291265,-0.13544271503760405
1672,-0.6107993798932485,-1.3444216328990026,-1.1885179331235587,-0.6056276577360672,-1.3025895627438195,-1.152005995607575,3.4811386524166394,0.5538839914247391,-0.39995372149861824,-0.3692731702179604,0.537307831413055,-0.3581458049393748,-0.414139466148729,1.554761386766546,1.3109341842110107
1673,-0.6820564469792965,-1.2222759035334128,-1.4042144677372748,-0.7019368218884824,-1.20010353877327,-1.4346590972694964,3.478600316900821,-0.8324343871150329,-2.0388966975116523,-2.7164182712476586,-0.8830967495600275,-2.0484802951609615,-2.670060452409873,2.1693762626920527,1.3640563009923488
1674,0.3050862784742853,0.1303633123553084,0.12650606398766706,0.2972438834802454,0.11180007334480165,0.13344071415416756,2.536816025300192,0.7306696053220156,0.5319831930028656,0.5447210610795102,0.7664883757965338,0.5069360718547016,0.5107005582823955,0.8585158675993539,0.4162252498213148
1675,-0.5647831482900301,-0.27757041789730436,-0.2726535995132709,-0.5419383414689947,-0.28810050229551276,-0.24423249850070192,2.93426628827119,-0.510650817441852,-0.17929874868431464,-0.16934192962404174,-0.5224160811755502,-0.20727853662530743,-0.21103642593039834,1.8760351484576505,-0.4304913001312868
1676,1.5750491919389138,0.7341588864514355,0.6181454433957376,1.5578748945081553,0.6715250161135462,0.6686882756981215,1.1006253095173741,1.093415038074422,-1.8760570653141586,-1.751670327038299,1.0774540096631693,-1.889469158185108,-1.826824457397633,0.4009767460547312,1.6373449757657206
1677,-0.2182590383122187,-1.3476757240697614,-1.3047425017829617,-0.2151816237685067,-1.3701702089012457,-1.3443179207144358,2.8043265400366417,-0.02813489333079864,-1.5065882952948078,-1.5001363552857874,-0.04622572250633096,-1.4796795559704867,-1.4951083038816881,1.6719243140716356,0.5253932599828778
1678,-0.806141509318418,-0.9106799750774811,-0.8482611173684658,-0.7558287158868368,-0.9165183385913936,-0.8451371463025953,3.022671165220643,-0.6745790257013657,-0.8803206586543857,-0.8543690955487013,-0.6178016146311011,-0.896150926167952,-0.8186895141841003,1.564237443837628,0.36528298910102297
1679,1.0138485292871962,0.7984653572289302,0.8396670111496587,1.016499344733547,0.8067833690645385,0.8282275277097683,1.1115047059479533,1.5298063698920195,1.6572553977848103,1.8022844722868971,1.5563326874265,1.6829538460472273,1.808079984648468,0.020662457952433832,0.49387849765132014
1680,1.739250458130906,0.5670983958444603,0.5699025157679731,1.747149818520035,0.5527967272962824,0.5596587617027923,1.0050238286609638,1.7660518350546688,-0.6836785350301291,-0.6217895196818936,1.7581751595621458,-0.7181589246542811,-0.5977554282583155,-0.03537186766350266,2.2583110587929234
1681,0.6203154783572358,-0.2318036996941352,-0.22703502184331403,0.6125086595726406,-0.242018945505098,-0.21161119535110312,3.138921525402179,1.1738413479255254,-0.04548895533283193,-0.045891766109091764,1.1816339465408219,-0.03892689724799561,-0.1208198926370905,1.2814394187236573,1.9015148088025902
1682,-0.8918981609347438,-0.7207174407826397,-0.7255936987740305,-0.8469708056414498,-0.7463951218266077,-0.7121121746413295,2.985507733191546,-0.7394413104141716,-0.23457275155652133,-0.24083718025342643,-0.7768937464873178,-0.3253711907689316,-0.25539211709110726,1.7835994408576687,-1.3933404513413838
1683,-1.0442769498402997,-1.361360197182725,-1.2047738899537332,-1.0464724051536862,-1.3550442823391313,-1.2058160524211945,4.438236050223201,-1.235456121426551,-1.5427185242648158,-1.3892617994885041,-1.202273024566151,-1.5256091627870436,-1.3482618866666336,3.8871567937689435,-0.6096138764820443
1684,-1.4568574564115429,-2.1583104384567613,-2.2358070543279926,-1.4720697383611745,-2.1631266055555223,-2.2321903153751212,4.260786138460603,-0.03344111286727884,-0.7830877247069692,-0.7722559374391894,-0.043327342108003666,-0.7584058028294928,-0.7694389447244542,1.8069116491786117,1.1011465409661623
1685,-0.35969600591088163,-0.7146522523154667,-0.6933443177533422,-0.37128443667143357,-0.732216149038385,-0.6952855508007201,2.5307512784906,-0.08478378492437161,-0.6669828046578005,-0.62170663806194,-0.06867587249856218,-0.6166591662017172,-0.6724757445568736,1.2854599484934455,0.14725332891770052
1686,0.2246628770568106,-0.10723094279880385,-0.12339172801052402,0.24935771605639812,-0.10687912179152119,-0.11930103996067129,2.485355443452951,0.5984117965141154,-0.07386238716818004,-0.07752991188053737,0.602917311023712,-0.17163297215002424,-0.05931457239090549,0.8900961454238022,1.0652962649647664
1687,-1.0694553629516939,-1.3764420052375392,-1.344170166552014,-1.0430394793969364,-1.391847615625321,-1.3047805482720212,3.183053313757333,-0.4762673075421741,-2.2099934422345777,-2.1952801139220424,-0.38329602435401466,-2.1106510137813954,-2.131107878441045,1.3621204326214427,0.5213462010834716
1688,1.4296918154763754,0.6621780413959555,0.6004723082641792,1.4327492731985882,0.6677321731581559,0.5914896997204658,2.5156379118860692,1.5999063431351332,0.677365592941146,0.6173087493110369,1.5960137410761535,0.676460498174112,0.6134097133863067,1.1401085055224718,1.3338197431402123
1689,0.9320051178345753,0.24407425377497588,0.24794075995890208,0.9345861347375356,0.22456543083122804,0.23813930561989535,1.4077038256289156,0.7719250803568816,-0.7675661125407842,-0.7629592310549876,0.7850196669934033,-0.7732647678810876,-0.7901604355451658,0.3189947968617344,1.8028271691323061
1690,-0.6771063711659073,-1.151898746535543,-1.138015357834065,-0.7040172146430064,-1.1167742761419843,-1.1600709066673762,2.5587606527770763,-0.09977057482155902,-1.302811469493687,-1.3337268371497266,-0.15645684117623837,-1.2962120371490589,-1.101381841308336,1.1601310963011089,0.7984382538366814
1691,0.9366126604556713,1.123719997877966,1.180809920194336,0.9472330253110729,1.1072602831249452,1.164372400715961,1.8045395672953883,0.8267265523858184,1.2384263622985021,1.3196289440859645,0.8144626963566364,1.2450625877057455,1.3182709103515773,1.0221378813266386,-0.3618709469520996
1692,-0.890491508717488,-0.7408017218525896,-0.8177198575568457,-0.7938226811655115,-0.8695826186768644,-0.8375750620250735,2.723169592186429,-0.2626949369251269,0.12755682486582887,0.14362074280994272,-0.28554974396315036,0.21185050333794814,0.1525132271401805,1.247288839274406,-2.162306246944265
1693,1.8633945806573136,1.8741160831696817,1.8691003479783481,1.8564656509962882,1.8771684410914191,1.8708173164720334,1.1483476183792263,2.139100576544772,2.199730940009539,2.222292692906074,2.134220195755825,2.1592880459073944,2.246433406937761,-0.26684342025168295,-0.11976455109994286
1694,-0.3697882731441324,-0.3292304900331356,-0.33343546478866387,-0.37768813237217047,-0.2955201839755297,-0.32894830201594394,2.8452952025863256,-0.486844548766538,-0.4847798831457857,-0.5590453472864307,-0.42907124279543474,-0.5059662099738375,-0.3664383793223552,1.2863434647328966,-0.008561669105172238
1695,0.0002761830641986801,0.06703950318456045,0.07368005068627956,0.0002801807193983018,0.05926063510171337,0.06955313911721225,1.837852725699881,-0.5115063035646207,-0.3556975928869162,-0.3625774477925359,-0.47302499418670535,-0.3067143697738749,-0.3221306358247382,1.231812955285479,-0.741987119552467
1696,0.8568443409410392,0.12045624830213603,0.12907343819115155,0.9088414358642489,0.20313492698861635,0.16787825313526125,1.1802600179620002,1.1610175242341325,-0.6295211317641188,-0.6506897312305996,1.273841191608561,-0.49837957078302125,-0.728908680008897,0.009122415329829693,1.5619490573092722
1697,0.8998555703094044,0.7052183946642017,0.7718666754310094,0.8421726881083478,0.6931504469361917,0.7573859438032319,1.801791920467159,0.4572130583344469,-0.09593807115360183,-0.10084693169390806,0.4456449568686491,-0.06883980063134013,0.010931521527132428,0.6852099139386152,0.8486902265198331
1698,-0.16332617769037328,-0.21352835147973628,-0.2115534230343199,-0.17547403648705043,-0.23415577759366005,-0.25701058170256663,2.3485935316092323,-0.034489540346165,0.0874431687476938,0.08502481052517132,-0.07824318489233074,0.23949231261873638,0.1699355037832884,1.4561450862136411,-0.20362381753726758
1699,0.6726207106967914,0.7670761690239027,0.7365675910054695,0.6187539389553783,0.7477540503499032,0.7139350379801929,1.725444744550383,-0.9730021487246877,-0.8385354796306429,-0.9392126835001626,-1.0493291595463679,-0.8490860955509518,-1.046072484614162,2.0100577328325695,-0.7653272211705529
1700,-1.2298514604661195,-0.9849702425461581,-0.9364251409598267,-1.213100554388873,-1.0052734272993673,-0.9357511659777764,3.2611546031495986,-2.1655980277580906,-1.3731600887976907,-1.5638639789247695,-2.1772434627348556,-1.343237848564551,-1.7522858215921109,2.7950793894786563,-1.874034167819453
1701,-0.19766819338917416,-1.559600258462201,-1.457385209310082,-0.19734963677303785,-1.570773680480474,-1.4582233036877612,2.74374385312851,0.12220091438077951,-2.1952377788902777,-1.5840241342846444,0.14130207209967008,-2.195084730541722,-1.5668145391276387,1.837714956147668,1.3113395891962518
1702,2.047617778561866,0.8177542922052692,0.8175956027434814,2.050296537077005,0.8085437619170583,0.8184052415145514,0.7761206439666524,2.530109954998633,1.074713209085664,1.1016407638196792,2.554455269936903,1.1124883285981517,1.1314939544217308,-0.7819388902761474,2.2382759089939714
1703,1.9060588867374555,1.687288927178962,1.646812803097535,1.9066327624858315,1.6823790962129266,1.6760240891264437,1.1254590044557655,1.7682336132680658,1.746460855537149,1.718152696076459,1.712036606570455,1.7266858379927563,1.694285525955064,0.336977088326497,0.8871269809348434
1704,1.4095812259425866,0.2765318633471496,0.27361889127928074,1.3885412610760142,0.2915539373697189,0.24942093072701566,3.1062586973823487,2.5505332670061347,0.9544206751903702,0.9031623418346195,2.518651270435491,0.8780175512472731,0.9481086005211912,0.5456691298378251,2.1509141985195352
1705,2.3179646593908894,2.370521098723606,2.2744375138658155,2.3125363721008525,2.3765760640544937,2.2582506608826356,1.443377108248614,2.6836996405597318,2.8061498084033842,2.5846952208918923,2.6865519655684165,2.801177180798363,2.5976832647845605,-0.34221355399801984,-0.801507342273498
1706,0.6844025777073613,0.02232559905287535,0.021461900984794342,0.6857758101099373,0.0194550658724132,0.023073861266297964,2.1751549543031152,1.3552584653486304,0.44772094615723196,0.4786795233121776,1.3405562962579762,0.4378086704841041,0.4691061160160923,0.3005969433355717,1.6166536388379216
1707,2.3403737401668945,1.0156967418632001,1.0697614097230916,2.326531122104317,0.9904795231116188,1.0472509169934205,0.45941678487351767,2.761749508406034,0.8679570047587626,0.936673007962454,2.74704668451828,0.8631493690335638,0.9524743540832821,-0.9263566452288295,2.5963927783448235
1708,-1.0681437956323092,-1.1787580713551096,-1.3387394792036589,-1.0867644551419287,-1.1670259808051315,-1.3643984031054326,3.3274201301449278,-0.6809159979455167,-0.9483151593779485,-0.9884863515836447,-0.6407801213523825,-0.9192078633423639,-0.999287184524184,1.850816741028245,0.09077434381013944
1709,-0.8414412979477153,-0.6518217962035769,-0.6457771212039332,-0.8569118393339489,-0.629616851010087,-0.637316830150289,3.5613355168004577,-1.725949417120239,-1.8318830694380865,-1.8537768041127263,-1.7461682491244406,-1.8116264357085483,-1.8496724065245775,3.2045646702298525,-1.4394202638034388
1710,-0.2764201856278174,-0.1904277974074211,-0.18580101828584342,-0.2890057375089023,-0.1824702533503871,-0.17948552432216466,3.122517868041704,-0.8298559859922198,-0.7565945432185908,-0.7540925326269311,-0.8699064042555849,-0.7345857354109055,-0.7593383992424086,2.257879478414349,-0.3617397473727176
1711,1.0816292122686153,1.1537203942459486,1.229601462247606,1.0677095315736,1.1773867245763514,1.24207195765399,2.2566068125976972,1.0608106480674184,1.1627947984225153,1.2020865240019567,1.0934073017463615,1.1803135473796218,1.2127512302491095,1.311870542554699,-0.6989453996977812
1712,0.5359783703976502,0.7724277760371323,0.8271812550507229,0.5229765435497779,0.7722807935624943,0.8456249945619281,2.4048718718901587,-0.009857327188238221,0.4616104261346367,0.543570028815078,-0.03085616495670754,0.4470102885936898,0.6341033107667601,1.436935688873929,-1.1990671513833475
1713,0.900925862688691,1.0882968060450477,1.1148452551781798,0.9496141283058115,1.0913094262362475,1.1165185813846072,1.8282117411089924,-0.7092590548130449,-0.3416098956244203,-0.365398804527337,-0.6945773571197306,-0.40809191447463344,-0.32999399167606974,1.737331238377472,-1.0304129279691212
1714,-0.7188498707061379,-0.8894411635329638,-0.9848983622349418,-0.6982211399379549,-0.8945515455435257,-0.9635591621855168,3.129098685699517,-0.9457888330189635,-1.4389479113996269,-1.5317576290268955,-0.9178177506514484,-1.4457840194188671,-1.7583967074836997,1.7044546411538841,-0.1955830179108396
1715,0.2796903532060261,-1.2195608641898374,-1.0674314086062044,0.27138864030978205,-1.2079127468895772,-1.0783410347318492,1.8789561013040559,1.8373544816871656,-0.9436900119802392,-0.8599873534260859,1.8505991599559712,-0.9110915665413267,-0.870785461283344,-0.16143354867697443,2.641463746455969
1716,-0.5673387242679621,-0.8759300065330914,-0.90766842686135,-0.5564326193269463,-0.9034861690039643,-0.8698077039773613,2.79975830922482,0.17789879956863236,-0.7437047190811134,-0.794419996133917,0.18855217883678932,-0.7873590769123148,-0.5948364700159627,0.7340690697189165,1.0680906623393365
1717,-1.8776081897546717,-1.6796982497703568,-1.6791014036029586,-1.8997341766708098,-1.6587460608482782,-1.6299262415754956,4.387133796354791,-2.0382208826122077,-1.7569914360390064,-1.6990176983646081,-2.0294438744553487,-1.7750453936947073,-1.6732659080795953,3.3508138035326924,-1.7564098739164582
1718,1.0787690982127969,0.5577016596602224,0.5125765944782175,1.100952951195973,0.5518724298565056,0.49998274282618926,1.1033540608666625,1.571170995656368,1.0054556008722981,0.9933148791065907,1.628249770553667,0.9980457122452873,1.0389252950044818,0.03449778768874409,1.1975793696031682
1719,0.633561403409618,0.23006799588715876,0.24657142377282049,0.6191452945255282,0.27011770067608826,0.2448108668235866,1.9816586980793591,0.4150122994755229,-0.47244102977070207,-0.47646639590038337,0.4557113229627532,-0.5291695662258786,-0.6699767129146019,0.6005765046234419,0.7014189915242739
1720,-0.40446742261999274,-0.4745963438078955,-0.44275049342954653,-0.3986884495542707,-0.4850542117928905,-0.44723512709585306,2.2123110388630924,0.07156938906774539,-0.06537718459048353,-0.05741860730939457,0.06662473386074957,-0.014623602682702602,-0.05352085372608744,1.0334543276214627,0.6553981399182236
1721,1.1785364369134883,0.20166718809204703,0.20189258071927826,1.1746824569557293,0.20236078194610335,0.2071600502965118,1.8573010028839345,1.7118318559814822,0.2435569834291752,0.2308300218850391,1.7282706097496596,0.2544012834487721,0.1854970966584597,0.10857856913896081,2.2206203445404653
1722,2.17808612590329,0.3156966051293636,0.33680718405281834,2.191233188470549,0.3238261005339408,0.3399916095098396,1.8437817023359613,2.606915657999776,0.7684734405462705,0.8091977269480182,2.5980600440123793,0.7925253622447599,0.7680069181168492,0.3498929536073057,2.4634261666996746
1723,1.028874970594533,-0.2957946131600936,-0.2780912975331429,1.035361188162972,-0.27930398331368783,-0.2694094684386425,1.0047339479243877,2.162296033582007,-0.06370394647809871,-0.05984856719981034,2.1104913622504733,-0.04124703498784835,-0.0462949642837021,-0.8114457808929789,2.476919601729186
1724,-1.1670906250304658,-0.9870638233042556,-1.0553292379330779,-1.0997902071552257,-1.0175823737599845,-1.0136603564817672,3.7407529588058996,-0.6503561145619706,-0.36683433282441247,-0.39481631763696107,-0.6362959066649466,-0.39754922247860935,-0.5332677306374263,2.2850165859281866,-2.346651525630365
1725,0.34810295287573917,-0.6561124813955099,-0.6258259182816526,0.3505973259428268,-0.6537369351743658,-0.6537604685905061,2.196599735448885,0.5041013841367261,-2.0810637167783947,-1.9046316320633658,0.4465174373084847,-2.119183859136193,-1.8570422559884072,0.7198609175343746,2.0621376043697226
1726,-0.8086433008789109,-0.7701288517995627,-0.8232394362923218,-0.7889275403507408,-0.7746131975671658,-0.8269772687427577,2.6495680663935968,-0.6033874085870133,-0.5843409647898752,-0.5818503032670699,-0.6089271492791865,-0.5840100705383334,-0.5902678595014756,1.5867066825648837,-0.06342257835162832
1727,0.39236252085632234,-0.6756678771092454,-0.6960118424663803,0.38313648117505344,-0.6714322326010536,-0.7093289139241432,1.5633698279840835,1.3287365906376398,-0.11780598007913569,-0.1258212069003682,1.3018250486557306,-0.1570078378020266,-0.11875124290545579,0.05505315061330378,1.7761089333531297
1728,0.32585641330796555,-0.4045234093121271,-0.3862070493619009,0.3118633203149702,-0.41015569051809636,-0.3705007126471013,2.4978664365246823,-0.1554057005699985,-2.0888547157588855,-2.115330969241293,-0.1483288461060502,-2.0791081106699485,-2.0791060843894833,1.897809884261393,0.879487419816563
1729,0.3012974481209195,-0.18628709595967236,-0.19090476413834045,0.28777701424553237,-0.19261501713328988,-0.19618167242931164,1.936547375302476,1.0796268648221603,0.5153780547882207,0.5503427197738167,1.0980244152556402,0.49866203873664094,0.5686978554969933,0.4232060669294301,0.944811054416412
1730,-0.21051746817064415,-0.16630742331939408,-0.160257083460146,-0.1917224807515156,-0.1799064755682599,-0.15393334195114947,1.7069588929921253,0.9051289962397385,0.8417440072193995,0.8863126146082616,0.9192687020562837,0.8121449040645191,0.8825154515626996,0.053905659223249185,0.4316760424959257
1731,-1.5668366730429675,-1.9603893993637331,-2.042669838439013,-1.5767229058234693,-1.96883986589354,-2.071910030237559,3.4385412257186996,-1.0910644325678993,-1.960064264148063,-2.0607480300763483,-1.1274986878388662,-1.9279037926286304,-2.0481648900326688,2.1991015743345423,0.4254944951944727
1732,0.7303672041821576,0.5714190591428459,0.6326064892505326,0.738625359910243,0.5881656400788663,0.6164595541025311,2.15783882197016,0.18819329715838534,-0.14445926390115224,-0.14650800768684305,0.1938917054258433,-0.13647503586831694,-0.12211610331977474,1.51151690122182,0.3468027733633113
1733,1.5501519485549646,1.053155124257305,1.1112718495130811,1.5402293676307661,1.0632209502572625,1.108583100019951,1.8096022936339486,1.7264894844159053,1.3962026581313816,1.4965465102619824,1.7337663697888477,1.3752954654343397,1.4897171116690175,0.46865502599497016,0.9616456418313157
1734,0.41328822744151766,0.45442224122106195,0.47502741963682377,0.40568205252473505,0.46350296848212885,0.485142131302368,1.8908060899883319,-0.5650558077842445,-0.9496173590077545,-0.9874130296314663,-0.5712962736578377,-0.9022839968007742,-0.9935912443618423,2.0416301357529947,0.12634213778979922
1735,0.9851740683320594,0.38497190066026526,0.3620381917664457,0.9831169515291284,0.397943688461934,0.34236963277910626,1.536002540344039,0.9417523015667211,-0.516454949429564,-0.4394674488655281,0.9262508824181491,-0.4154184946648072,-0.3878792423781162,0.3338799949498168,1.5166392309091161
1736,0.44139373330017617,0.2761689458947642,0.27708769005304956,0.4484564823394757,0.2766963183630127,0.24483451208142523,1.9647699736654423,0.43141014425697527,-0.21073569362769967,-0.21291903873850931,0.3941813858522392,-0.12050630206276583,-0.24148978722602377,0.46169438442031085,0.8439059411500726
1737,0.11394152410492113,-0.04018432380155953,-0.04069499824655299,0.09769565163474336,-0.03328062663801597,-0.02535957388849835,2.111002027288304,0.6057689538954605,0.3327478595406386,0.3367822236892399,0.627189375749856,0.3267920179079949,0.344958462281306,0.6857121197891747,0.7030086431954515
1738,1.1911624642302123,1.284576133967853,1.2602238325745019,1.1831249090655482,1.311536622780936,1.243653320989288,1.2722903786464501,0.5515212140265126,0.869647726288393,0.8268352437238226,0.5309700136388757,0.9168292952884846,0.7944463801162113,0.6501669372534189,-1.065947715517853
1739,-1.102292664632698,-1.004849567258784,-1.2036732263382535,-1.1323840009839108,-1.0229403515609166,-1.2073882076790996,2.88913107851919,-1.0952012901608856,-0.9276998777908787,-1.1176076548787666,-1.0479622271785478,-0.9112633242882912,-1.1655656069529103,2.1481624502973453,-0.7696863893819652
1740,0.5852408471391763,0.5712260514972124,0.5681320914081027,0.5676697056824713,0.5723139333739778,0.5666501973661907,1.8063028761876836,1.516671793265466,1.5084838683846042,1.43956349302071,1.5205611823172749,1.5654999621804893,1.4305471385282926,-0.16137715844975697,0.4875735152160116
1741,-0.9840344449849165,-1.2766808239780612,-1.273584533879839,-0.9961995464155466,-1.281827927340485,-1.2747178672227966,3.4496420571527917,-0.04740988488060278,-0.3930573668421478,-0.39017268161626756,-0.05602893652443771,-0.40903137698535713,-0.3855972436517097,1.6441949538553584,0.611325961711003
1742,0.10447666505159067,0.20767040747707868,0.17776176901900934,0.09442409320240824,0.19705202335437477,0.16272862966454046,2.6007686291089116,0.3993458669250328,0.7280291290762623,0.6753356136747668,0.40881973427706614,0.7296076138203403,0.5880979152959148,0.8302344010960286,-1.7941660105879835
1743,0.45254320851613666,0.17953201252045767,0.170670614321323,0.4528266065365143,0.19736234772985445,0.17446511426801345,3.470528918782508,0.7728688536467777,0.4981525067290714,0.49338262996548127,0.7739168696055204,0.485908083834353,0.5041754671340797,1.7858719709122264,0.28654896491059784
1744,-1.1061940532047012,-1.8064658629145147,-2.024356381220829,-1.1326683865658145,-1.8273411903596912,-2.0430301121457233,2.67458084015845,0.5341262612950348,-0.9861851037808619,-0.9727597975877785,0.5527731190361201,-0.9945327835704684,-0.9525453573584207,0.325709829317633,1.2054614871512066
1745,0.6500238741550909,0.14489718242345495,0.1398830384238846,0.658200275319295,0.14144068440755428,0.143155040627798,2.1949483393962512,1.1572141674602423,0.4928311538628598,0.46497956832275017,1.1627347237553676,0.4961775090243635,0.4593259566376081,0.7751971755259913,1.5545586990750826
1746,1.394751317731853,0.39043141269653864,0.4374208059103168,1.400205124715879,0.4152956417228106,0.415950583898719,1.2267058246238571,1.7931756838752015,0.4256858275320554,0.4651940486015592,1.7881147081261362,0.41384700535600316,0.5130767769291228,-0.05379167955552027,1.7379245417168203
1747,0.011865712727220219,0.16438925742541274,0.13868564497602298,0.06952525288741011,0.19278787127932848,0.12378965839922529,1.9606588393381874,-0.01199855544632966,0.30532149300152617,0.23313360499723926,-0.029085846653112913,0.21202341734497138,0.16606739045988583,1.0685720016007172,-0.19444694448436764
1748,0.02884515487975007,-0.137555900202325,-0.13200507306003256,0.020083623851005823,-0.15024336604900337,-0.13047017055172974,2.2595872714682255,0.7028107320545636,0.6087755718022575,0.5748555951875042,0.7203670267778266,0.5944063481889967,0.5940891054717672,0.8250023174140628,0.5213122492338174
1749,-0.43608538465832436,-1.1475303750149324,-1.1482286842220735,-0.44655259649823564,-1.13408616966999,-1.1497700738464225,2.3607283596087627,0.8863671225000705,-0.8232205610300533,-0.7222430330415275,0.9165658310836052,-0.9075458981903328,-0.7184596476355857,-0.026605643943252093,1.4955518644452996
1750,1.7029629755206153,0.18489509664019096,0.20033485376992585,1.6846437713619327,0.1584680380689228,0.22270671241730483,0.8922100408212847,2.1678597274205966,0.16982642519487443,0.20177932347649538,2.205375947312282,0.1636175231201205,0.16888280136370654,-0.35702675435143594,2.061036946000122
1751,0.5792988441047806,0.5452659419669027,0.5490129116921376,0.5615161746569971,0.5337343728146431,0.5646232725889737,1.6880200381028454,0.6341949454040015,0.5935493552909787,0.6375146065536615,0.699024121898908,0.5946065895823768,0.6326030877678122,0.4542660132461751,0.15435834924186156
1752,2.1320515133907523,1.5366393281630424,1.5520582433311911,2.139889364735586,1.5226636676786949,1.5620965604087538,0.9992783611373929,2.180472659608846,1.361681181904397,1.2874881364864004,2.168542493185687,1.3556893257069664,1.3287263655825805,0.045863847473421746,1.6624397064028444
1753,0.888439584376779,0.8658794626121756,0.8616899477219924,0.8897341337627366,0.8605126974144859,0.862954311742779,2.48809056436144,0.8151350637143884,0.7941714227426167,0.75442908499069,0.8104099005354587,0.7865262275291526,0.7391963496245298,1.2898734482470033,0.4056272650529208
1754,1.8714055908423257,1.67860716130063,1.855690462878618,1.8600912963494627,1.6934688899901662,1.8680891193259492,1.0231506779773711,1.2501312062016763,0.9909036732633227,1.0855049431342658,1.2591424243802687,0.9964908557823304,1.0567743375813239,0.5692097254828478,0.6273553807781502
1755,-0.7751391881963143,-1.0343100038236979,-1.0393863952212816,-0.7668392203765904,-1.0478968858766173,-1.046862326247736,2.6760730566704187,-0.15000294708677597,-0.4989110391475168,-0.49726624179589285,-0.16778402498323503,-0.47234818270090984,-0.5207169745079797,1.2543639674281626,0.46852006486159387
1756,1.4280866951577642,1.3484313991822359,1.4444689258783705,1.4258926934488603,1.3410699827008878,1.4353706939188196,1.784535636687959,0.7485632679877899,0.5850009295175617,0.6212067570553027,0.7333388263445652,0.5545091998391426,0.6305016614073158,0.604719201735977,0.44270375113906246
1757,0.867631874078795,0.4212147204706285,0.3998365470746441,0.8645325994352976,0.4081940576433523,0.39361598820666743,1.4591127535202555,1.3519996109876524,0.51900957514741,0.5161104869192726,1.3315903793583774,0.5414432248736267,0.4792248560813009,-0.1486244975332293,1.5629081106621487
1758,-0.5549037722374236,-1.538330486143466,-1.4886114486838962,-0.5194604794351417,-1.4996667852473864,-1.4233303314724475,2.305546622342987,0.1521495487964623,-1.6339630338013393,-1.4390436657617767,0.15908980535212644,-1.7029925697193777,-1.4452100808998622,0.944739293742234,0.9622214887056322
1759,0.003138441848625177,0.10627621996481662,0.10049227231220326,0.005958326388915462,0.08533143571809015,0.09213021355163994,2.022322418450121,-0.5131313338405543,-0.3130736125695488,-0.2982199899484024,-0.5314567012291386,-0.3605161216151632,-0.3263730203606964,1.4502793112263066,-0.9055207111340166
1760,1.1720848902204992,-0.7825567712155441,-0.8150031555420711,1.0875839071367446,-0.8046507701481224,-0.8724324255176318,1.375991095961568,1.923682733329496,-0.2802497409245181,-0.296244439754431,1.914776854857923,-0.17045103759521418,-0.3364381442181645,0.1060378666815683,2.2049595422054913
1761,1.7940152604262167,0.908223292452309,0.8826772364650665,1.778886440406602,0.8987807194070347,0.8780410339072754,0.6813688971989758,2.6927117634439064,1.751595990140185,1.8064477864040842,2.7009674238817136,1.740392289865965,1.7394054446806206,-1.123554726246204,2.058749932883774
1762,0.4117575031966305,0.442809933846616,0.4505027208811848,0.3917896684482335,0.4539413648781088,0.4614826849297888,1.842926971140398,0.6300605232323969,0.9687097074429583,0.8775634050271192,0.6240441601369898,0.9123614103180063,0.9046478776015173,0.664484339019538,-0.3093685738475763
1763,1.9565602757919982,1.850635522421577,1.8209887043492197,1.9450243344480291,1.8533767794391471,1.832009604351776,0.909765859025543,1.6793857906600265,1.5105009802251175,1.4800345024259183,1.6974487229904147,1.50809144628757,1.4991338105757273,0.06195972938233014,0.8972957742834017
1764,2.5102438498186683,2.213190758936633,2.299853544085265,2.508674257902892,2.2773815415275247,2.2521032207908,0.5056405932415146,2.8436748941297147,2.619516311114751,2.7658010333554737,2.8136700877397334,2.7503299200522773,2.8161589134466682,-1.0973455931583882,1.305361544529816
1765,0.09539505963683678,-1.2190940566620723,-1.1610149277257382,0.0533971733444165,-1.1597609885925986,-1.1541149233219403,1.9609236580087404,0.9947321332490725,-1.1849975449897783,-1.1642421129936547,1.0037618870584084,-1.1849782523245662,-1.1279405503729696,0.2522662079832545,1.722861387428009
1766,0.38742371979821866,-1.1655667518930986,-1.1922177442520312,0.40841522125608504,-1.1470874919786704,-1.1982047761117336,1.7596317126201042,1.4097127214372178,-1.430821969802536,-1.4260975375980924,1.4783663591943226,-1.3312528380472144,-1.5689604484770414,-0.045421539951899785,2.5226527507757606
1767,0.027830643181932985,-0.5225644864771529,-0.5442173637817517,0.056574835285921915,-0.5529436802021396,-0.539842662667482,2.146666721215742,-0.14023098659556332,-1.1936618905895466,-1.3010345503730503,-0.12593435398506517,-1.2046795950339266,-1.3097787722146432,1.4827956332535324,1.5209875968235083
1768,0.0995257378295579,-1.0185734246810472,-0.9062136598043645,0.11244805257557867,-1.0232626781868668,-0.9119563790449793,2.7375506433803003,0.3898435301107057,-1.0945260484611614,-0.983989218967397,0.4352202269788325,-1.0995111156920403,-1.0032603747695072,1.3899702966202363,0.9075004120292385
1769,0.8242045505037084,0.7018636729021712,0.678764382225669,0.8222022953212104,0.6799952303821435,0.6747126032464761,1.4984898779313722,0.25843540155684175,-0.012862061885085378,-0.013169120052669092,0.2172111359014652,-0.050977811424787835,0.005400473053041513,0.816503817783531,0.3280263457947062
1770,-0.7214748186949334,-1.7920973581504178,-1.8459276986311046,-0.7069507519783508,-1.7761514267092646,-1.8445794962318038,3.1876572854969414,0.2631787308714416,-1.1288064833799958,-1.127200486615801,0.24629549459447422,-1.1428855444118606,-1.1321786309120894,1.5545082405112742,1.7944556472836688
1771,0.9872387539413322,-0.02520932449488295,-0.02483177819054588,0.9941219308222898,-0.027848548915877163,-0.01567284002145584,1.578776915892918,1.5703238389539291,-0.15934317050133298,-0.1504887924125222,1.570210390652824,-0.16911404378220346,-0.1527878648490061,-0.011309638656855452,2.0781222296935185
1772,-0.40155175260354575,-0.3817786344449549,-0.36736326879928793,-0.4301267799857091,-0.38113109574867415,-0.3147329013541423,3.0195814242859664,-0.9391127432628192,-0.8832723942042731,-0.8434710315405024,-0.9611547339193465,-0.9017908501188171,-0.8355478548643125,2.0036463011196073,-0.4902680102306585
1773,0.006177138889390461,-0.06694741125905339,-0.07770004397570282,0.0047574490890995354,-0.0697233740808974,-0.07295916173441655,2.6952019712047908,0.2170140024950352,0.10385564706738905,0.11435309435661482,0.21304117793186278,0.10645077857728437,0.11304202249192306,1.72204918901077,0.9388346424141435
1774,-1.147185050421754,-0.7892374634644092,-0.7770418828955723,-1.1147023681432822,-0.828938716059773,-0.7746640141026573,3.239012489233507,-1.8217464718280814,-0.9828495952956848,-0.9766489578570607,-1.85605828055501,-1.0959393253740943,-1.005754448576808,2.712559112512707,-2.435623660000948
1775,0.20789360106660446,-0.5945225980381151,-0.6444001429521571,0.20340929157580895,-0.5984006971836082,-0.646513863882503,2.110569615535675,1.0894911677407435,-0.0069369656893999215,-0.007584188470168207,1.1098129934004408,-0.02491435704715752,-0.050724038747372954,0.571778806905941,1.6066864389750026
1776,1.2024874000851564,1.0628085116360495,1.1304477338393462,1.196170065111771,1.0945837374357494,1.1495894148908508,1.1428935694204754,1.6609590637372944,1.418477022926193,1.6002376919393972,1.737122230214583,1.4344704446018182,1.59049295949018,-0.27901194475849167,0.8243829624900213
1777,-0.854505506185139,-1.0923438738330125,-1.2651633557105764,-0.8645607379225967,-1.0889331434186058,-1.272220494742125,2.88396833944369,0.07868717161036799,-0.9513296497907713,-0.9372263245956428,0.0516019037904087,-1.0201958635089978,-0.9233235568184369,1.0868261911886234,0.9472123235186545
1778,-0.12703552232386037,-1.145172218503906,-1.2349477103606854,-0.11848912526778846,-1.123601518818218,-1.2656842240108497,2.4499738400977025,0.40064859475248193,-2.048174126875299,-2.1579353336038856,0.3633606114129765,-1.9818483439883363,-2.1518273172758273,0.6918376001320528,2.0064072188808537
1779,1.3751113505004673,-0.29748220483899745,-0.3142459756215152,1.3693129525033592,-0.3070566418291861,-0.3067507483181719,1.527254306810012,2.4224101782650753,0.26514526900477114,0.28537795858874043,2.4423126955267405,0.2717881092594786,0.27563564247997524,-0.1584903131441676,2.528901185191466
1780,1.5287754156279931,0.3318596997970574,0.322076252471152,1.517495771368725,0.36379205282200305,0.32008340703578364,1.6381458853832127,1.7017102428477529,-0.56575736099006,-0.5331397693511134,1.765164955347796,-0.591247263804136,-0.555198047759765,0.22435757622867356,2.392631584354917
1781,1.6943587824472806,1.8845532678005121,1.741797836129681,1.6846415775312442,1.8938650092032026,1.7520342373696218,1.6040495012193456,1.9065559636125093,2.1526744158521236,1.9304266454666843,1.912839638398096,2.0740317895272797,1.9207141476763354,0.1938451475157238,-0.6776284241649233
1782,-0.6072985362282358,-0.42214081615484284,-0.4416916804059965,-0.6143468186768413,-0.4462139984049122,-0.440917197201189,2.7445942565242283,-0.3713738764556177,-0.03821642952394496,-0.041068412013639956,-0.32287129055429586,-0.027533391064939905,-0.05742274410076411,1.7065201600366908,-0.6909938289327245
1783,1.6751391544794174,0.03965096899421699,0.04056632679571642,1.671249773102261,0.053137820859239036,0.037213085210497085,1.5302735226118254,2.1742960375686424,-0.08141165740498857,-0.07562136549629832,2.1496564782073952,-0.09036190798794838,-0.07351171062150398,0.12437912010759603,3.0378353829517217
1784,2.395150219951764,1.5993835684404796,1.6445564053341517,2.3823652155341817,1.625548597574594,1.6672874415701406,0.34826946567914857,1.9541581428762063,0.3553273393655194,0.3704961509161451,1.9100864131814799,0.45389549001226465,0.42403841954456234,-0.3415624147498032,2.136999721606492
1785,-0.6401996685797006,-1.2167606154128963,-1.3267701532529035,-0.6394155239688601,-1.2510090814393444,-1.321786571428573,2.8443496425222072,0.23386193766560737,-0.9484278459077731,-0.8516550143458259,0.24161590238582825,-0.9517493608771734,-0.8843649839879313,1.3249438921689363,1.2588782581009037
1786,0.39535449991665106,-0.42285912151626753,-0.40243632470896046,0.373022723254097,-0.4311709313808386,-0.4205065358179459,2.3637479513609865,0.6443656747798263,-0.6532647591870673,-0.6199455145224144,0.6460033139938136,-0.6495691135167981,-0.6153853379615661,1.006380942185007,1.6626940655731577
1787,0.7700324663039374,-0.6190471223445833,-0.6230370824667052,0.8165461257839839,-0.6052122782483139,-0.6345903050631903,1.6934212774287185,1.4630366875792813,-0.6067946571932684,-0.6100027413507848,1.390847180092523,-0.6070828240376764,-0.7100326077564632,0.10437805161227598,2.115677830777823
1788,1.020299864393574,-0.7710731549329652,-0.7112022614097874,1.0286132010579454,-0.7721188318528173,-0.70109216559489,2.3971651942717624,1.6647949108435607,-0.8224070452265466,-0.861346272161662,1.646614893819129,-0.8335906492910866,-0.8803415531779899,0.6236363098162594,3.3387744953586065
1789,-1.5830247621677702,-1.3306521638401425,-1.2619364174483827,-1.6124930318598774,-1.333544357975337,-1.2977966289643394,3.086499883126943,-1.1593027542238297,-0.7511910436920386,-0.8540991604810662,-1.1012485799885916,-0.7987003782662506,-0.7800686445645458,1.9843634040328337,-0.5047370447994862
1790,0.015588307929703072,-0.39189575465113874,-0.44158397543003625,-0.009756621855507495,-0.40835285293361684,-0.4198211330285868,2.2822161849481435,0.6161977814350558,0.3018590358647072,0.32045921040056424,0.5719917589136996,0.2610388562847653,0.18912655568788514,0.5262967609739441,0.4738655910206528
1791,0.15275421921211804,0.1852882313288381,0.21896314684250007,0.141326517383604,0.20526981459056412,0.2058524569998906,2.034580432835053,-0.6438723477483936,-0.5697370359906987,-0.5745845190219644,-0.7043935331401466,-0.5579643728468071,-0.5380750161185023,1.3414155574863587,-0.3146027235094348
1792,1.3333225761565732,1.207955703926587,1.0797742316410321,1.3132126077451276,1.2108780648082629,1.086270388165219,0.7333139820869815,0.7459923595782766,0.4246637762245257,0.40186718690984996,0.7547736990000573,0.44631521051092177,0.4198035356035258,0.17122349853233687,0.8697202493841778
1793,-1.7474149975473288,-2.041398023336249,-1.8447848592338765,-1.7488331697094133,-2.031834905220985,-1.8491480245581595,3.8759712273370748,-0.9300433646076638,-1.0649979613472682,-0.9440098158116665,-0.9187143384218096,-1.0683854136421407,-0.9020687529859175,2.5290732214893517,-0.8743014737481875
1794,-1.2156657298548545,-1.4599514592634026,-1.404605858962339,-1.1733693583300375,-1.4499810839990641,-1.4156264264480352,3.4147623071730524,-0.8341388274464124,-1.413895473551598,-1.3567836438558651,-0.8551716545131823,-1.4282379035580388,-1.363871453736951,2.0789279381281425,0.463181378956548
1795,1.6935065368426638,0.8891616712687673,0.8148980732437788,1.6854850859940376,0.9028723689840772,0.8113046693506004,1.5998094937818694,2.216274876997185,1.2347914340624864,1.1638545960430267,2.2322936796336514,1.2465281132128994,1.1835650403301887,0.3080517300738289,1.7108437391735059
1796,0.9059751061293444,1.2324159276254725,1.1495083564077904,0.9243807722187599,1.2473463188157217,1.144968910473388,1.1848812945576739,-0.11131767802893099,0.6373724231745043,0.567135015206563,-0.12144799634290221,0.6068949788972584,0.5982397416275899,1.0427732750479382,-1.045431099331433
1797,0.6645205315169924,0.7387734634607163,0.7195078358048317,0.6448794055754298,0.7449457752360615,0.7061801326355723,2.394276385460514,0.20734216984350795,0.3111174590696357,0.3087349133991655,0.229159184495012,0.3365841083071952,0.3138365298444614,1.0941680841308994,0.0835704898127952
1798,0.27042048902197396,-0.30586971267194696,-0.2866238828156782,0.2772626954253589,-0.3356775974404269,-0.2578628721425916,2.427674703794187,0.43914268779761245,-0.4914867772266118,-0.5149855457183072,0.4860779407517932,-0.5476018411700255,-0.5574933771335101,1.2417441836287733,1.0815522525551478
1799,1.012165300510108,1.1504714388455473,0.9868771574272104,1.0233969554855242,1.1629039107426757,0.9746673345466238,1.8078070990772614,0.2831567788118278,0.5142919109585437,0.45719288942035324,0.29282690192450894,0.4903242828859731,0.4751953710382458,0.8707744824361764,-0.16746690430683933
1800,-0.2585920547092609,-0.19398506769224785,-0.19360973011617835,-0.2572028366688963,-0.19140457045254922,-0.18768192770829725,2.5256838344524017,-1.3774511452066878,-1.6675614593164145,-1.5889600442843832,-1.4114773358908388,-1.6432147572691438,-1.5516653821635857,2.2356128257398464,-0.15755127956213125
1801,-0.1211087030892115,-0.7779663575653231,-0.7621674271851987,-0.12705599840051426,-0.7846142332824233,-0.7647265152417344,2.2157981834812146,0.9771426123767901,0.20428941663752515,0.1796154261307903,0.9986778357511517,0.20246888531168863,0.16423829892222053,0.3572456498178386,1.3269782230899974
1802,-0.19137564660202333,-0.08429471887085037,-0.07866956364386449,-0.20407047929154223,-0.09186531112747547,-0.09035437453909706,2.9557032442350866,-0.7423748849034139,-0.515423232932393,-0.5064647272871358,-0.8024395577046519,-0.4910751482097655,-0.48426200834558425,1.9539846308193454,-0.734442029657227
1803,2.25188340121527,2.1021013784751608,2.336338111787674,2.2130983038297978,2.132589796300329,2.3826560097742178,1.0862553667363786,1.9700360786420954,1.8034221779711408,2.0353478337885016,1.961000462913281,1.8315711076892032,2.0726087719877717,-0.0825807049720619,0.7962139754016048
1804,0.8369117351655211,0.56252801721816,0.5737480707143526,0.8336243118211563,0.571228900364519,0.5542901868281072,1.6735079224582416,0.8325476434591265,-0.2858456315161468,-0.27975138549926065,0.8287504595052316,-0.2611430161887094,-0.25129584343690187,0.002613690275347204,1.3691871956552393
1805,-2.338533130950264,-2.104898682175746,-2.014217473996357,-2.309878345618004,-2.171955738412359,-2.0230185061799615,3.8233248613302817,-2.2167991722535447,-1.7704354610250777,-1.6348083149759463,-2.2177446511584376,-1.8210687971499517,-1.6439620238267727,2.863894214173523,-2.696504586730325
1806,1.2237271236503937,0.0406890681472972,0.03986456594014031,1.2243944062038943,0.05214127691641085,0.06860796533636261,1.0547756179950338,1.2343783060623417,-1.0254520439701258,-0.9612851789031288,1.2285476368535202,-1.0447520865355306,-0.9454156121763576,0.293016866877664,3.603010400796819
1807,0.30747834227720405,-0.06785224528522231,-0.06343515497198485,0.29501963709270673,-0.044049034418619855,-0.07984417237720046,2.352234318105878,0.38509373106365585,-0.6901970936355828,-0.6354678655963467,0.39739423389082984,-0.6709615996421262,-0.6657071764183742,1.340375063352407,1.4079541376306692
1808,-0.009473731094084881,0.23330466346869796,0.23837018720110006,-0.0354240461524673,0.2357104897236597,0.22870228247808122,2.055735508228877,-1.159139732382265,-0.7889156485770631,-0.8133748704328084,-1.243111940820583,-0.6916817623891203,-0.7431677609968578,2.0953810280551517,-1.6320593340722895
1809,-1.4041558195109027,-1.9496687927175826,-2.0092506833788106,-1.4016840883841426,-1.9842836812950808,-1.9921304815136565,3.8610066492032664,-0.3711177385776544,-1.3561024097315222,-1.5222965627495166,-0.3808345668499049,-1.3026518478607185,-1.4462319970942483,2.2762958020452344,0.451996911512141
1810,0.10846261528357919,0.2590168767987824,0.26366496609071494,0.09361903916713714,0.23126119285639174,0.2587844860182363,2.2664996994399016,0.2783650632322758,0.55389182207678,0.5914179800684838,0.28486528945716744,0.5059688742728465,0.6149776207097837,1.001300662613284,-0.28233935489467615
1811,-0.2012871400918421,-0.20633074637857995,-0.2143864583366648,-0.2316512449616911,-0.2285979656454414,-0.21432756365801023,2.7038162597237543,-0.08994119288306353,-0.10440797332710253,-0.11275274387991577,-0.10694823037132695,-0.08916428813648875,-0.10154100547410388,1.5882712898393454,0.012877550858118533
1812,0.2845140703561382,-0.2535098633974685,-0.24405459215019842,0.310179953548788,-0.2535000079721623,-0.2592626281543742,2.0955762571163152,1.674901999345654,1.0959284443594925,1.1005003169083762,1.6586401387868543,1.120553772220051,1.1018982635560874,0.07131344145541735,1.2303267913361007
1813,-2.3615675244376737,-2.439947167347189,-2.3681088698838,-2.386074593901906,-2.438547957462516,-2.385288331837189,4.056651578315586,-1.6348000521921713,-1.766874975080305,-1.6525840975912165,-1.6447150931645655,-1.5847998652227033,-1.712307836146019,2.3577212747128495,-0.6858640372850361
1814,0.282685276152042,0.14409019417164262,0.1558590466037948,0.30392090928039367,0.13864605560348064,0.1840089709539904,2.191522470829764,0.5460724669217457,0.38087604480320036,0.3947624034333729,0.593590177388506,0.37679393680479834,0.404977075373825,0.8844030979130038,0.2906913613213784
1815,0.3124125588304365,-0.8601378258263721,-0.793756298625034,0.3270238184322046,-0.8646686708419499,-0.7665490455962475,2.0349837805839486,0.5856426596579344,-1.667608949552427,-1.4349867649030639,0.6097831965661964,-1.6666660137159752,-1.416652529143048,1.0149312262482606,2.5067384463553393
1816,-0.6482036199558799,-0.8925469068498199,-0.7819133287485457,-0.6505372420028938,-0.8728568747862238,-0.7678371931115522,3.9956297482570347,-0.863696381895097,-1.5536662002520538,-1.2442635741307417,-0.8565539525678904,-1.5333129916552215,-1.2190280483335125,2.8785376994196006,1.014361145626536
1817,1.853799578289958,1.4877055579021004,1.4125081403933188,1.8603273177410864,1.4889893792864741,1.4142445069181064,1.2520606176180529,1.252916351274541,0.4592508361761101,0.47513698240081864,1.2852888695582863,0.45358479322956535,0.4072869163859532,0.5351892154703755,1.9642181459360997
1818,1.2414199793234217,0.8809697812986428,0.9542814063308388,1.2183217435502678,0.8905714942922126,0.9425786949905431,1.5025511607227733,2.104881734626535,1.4050354853817617,1.4165243012262339,2.1089218019100087,1.3790551964479294,1.424505520826381,-0.5748479382467777,1.946248485698637
1819,0.5958621829672808,0.4807308632061639,0.4563481282654791,0.573802033962077,0.4753840624971294,0.45221336722849015,2.7792692791635814,1.3403698180012151,1.2118266202653734,1.1583980467246369,1.353209471179945,1.217383044364734,1.1669743138288156,0.6614544907483854,0.39282434674472927
1820,1.3668371300910833,1.202796239330821,1.1487537993528767,1.3656169571489445,1.2089592038307335,1.1379093316052404,1.5727608019944872,0.4396358410093297,0.18153083783570495,0.1741456665359609,0.45930208496925207,0.18620948257715303,0.18679767573499073,0.8181052974567989,0.52077599150052
1821,-0.49419033496786174,-1.1361284404300755,-1.119926419888071,-0.5042397239472436,-1.1557070573854502,-1.1178573459155716,3.0297445165510997,0.11973690814878359,-1.4006174932607456,-1.2711848588679353,0.11546141563766033,-1.3938595787345758,-1.2618073739671207,1.3658446311322499,0.817357207459437
1822,0.15942014304745064,-1.0923064921752332,-1.149457993449761,0.1633975117488217,-1.107816785208451,-1.134941422218056,2.250176038624313,0.8007253879619242,-1.0452921180304553,-1.0755258259109093,0.7812132480307047,-1.0548539988547188,-1.133954541554421,0.8362025397913302,1.837387754975224
1823,0.7362341593495095,0.9362485212602389,0.9782411572035018,0.7547263644168763,0.9425404063472823,0.970714731423182,2.5289456591900565,0.8913279457585002,1.4554506292147886,1.5321958506721907,0.8788095037102636,1.4238626062643074,1.470482095361637,0.9041490667706253,-0.42098344667960547
1824,2.0353379416416315,0.00802809183171974,0.007981729094915718,2.0151952125034103,-0.010982218568357665,0.03470777604520755,0.4467822702546079,2.925641390858819,-0.737309279408992,-0.7399738014720632,2.962361654729905,-0.6111436584153256,-0.6941972132632268,-1.2284076189031967,3.4152476137750645
1825,-0.16409425164686572,-1.3303224587126188,-1.2321058624518522,-0.19848976714374206,-1.2620091085077307,-1.2128836007910435,2.6524621387550567,1.202129041152795,-0.15212675334433187,-0.15158718565909696,1.2746110104579293,-0.11004824181556537,-0.20642087884535973,0.1738432936667971,1.528764624951976
1826,0.5491784723410325,-0.4426520049249382,-0.3965700211341324,0.5409369345410806,-0.443684087335861,-0.4013288840481537,1.8322581179388504,0.884652568098842,-1.9833707447096884,-1.7109318358392704,0.8781726528629784,-1.9433629515800934,-1.5803763097932606,0.4383602442417101,1.8232203505977838
1827,1.0762440276610383,0.9484137818432179,0.9558516221574478,1.0628941565867616,0.9661120124603323,0.9543538905967367,1.636077145323967,0.5723691972219864,0.259245782890253,0.2822699622069501,0.5484474763301173,0.28664517624031083,0.3124011491428441,0.6494964603670942,0.6102316415735891
1828,-0.1424624191121715,-1.4441217761555656,-1.498261726301365,-0.1435000680576407,-1.4139414728099,-1.5192849305168858,2.9282707004304735,0.8272744005313264,-1.0666341386216842,-1.052890692557271,0.814790493651056,-1.1212405067148845,-1.016933433661348,1.0302616862740746,1.6836371851514709
1829,0.17820303491102465,-0.3706462923661981,-0.3492781644381624,0.16057633972855526,-0.3650064479194523,-0.3479067905229508,1.6991429651000654,1.4399091151306207,0.6765647493960935,0.6090489075286436,1.4895480855282108,0.6761920401219274,0.5511132648642152,-0.42077367811142363,1.3321073273883852
1830,0.6897738945913431,0.7084305627753194,0.6426564244601647,0.6932873170926535,0.7269922357024969,0.6307923141641858,2.0479052335625445,0.9210641263332761,1.0039639430529121,0.8796482835682731,0.9615419536977612,1.0393682432044162,0.883499385923231,0.5666785018625806,-0.3644226261118449
1831,0.2493288575531067,-0.8398343419681313,-0.700362712599431,0.25293709477969234,-0.8237714269521454,-0.685298678969579,2.039321152045022,1.0737301555229966,-0.8811274805777384,-0.7858882716521736,1.110761188369095,-0.8123350014044679,-0.7500422388112653,0.28105847345662194,1.8326849688495128
1832,-0.09462636985129094,-0.21087157446899066,-0.20955733198220747,-0.08873499842709073,-0.2295114853901214,-0.19578438188321132,2.3547277265195556,-0.6245536644636578,-1.1675737191564342,-1.202224118074768,-0.6517264066904991,-1.1471358949613815,-1.128414408531938,1.7568411183001034,0.28532084175363004
1833,-0.051925387093555424,-0.08391944800950693,-0.08812220038855842,-0.04705809380931208,-0.06489531850845806,-0.09901224001311669,2.451300739145972,-0.005227178904523571,-0.39434865212043335,-0.3873959220328618,-0.01587816303584468,-0.40703837813339816,-0.28376395153336803,0.8963735882061205,0.3373686326351467
1834,0.17838376120491384,-1.5053285574518849,-1.6161987972536964,0.17108560714828644,-1.4549346756404633,-1.6271362996814138,2.8715320923396583,1.0918917394051713,-0.8397992539370809,-0.8990804213209183,1.0884034303595056,-0.9004229671672701,-0.9633289158818441,0.9398380834237313,1.671274187722874
1835,0.4935199558050345,-0.16593246885581034,-0.1651582260487237,0.5338098707351494,-0.20375372423799645,-0.14799259959798497,1.8480441133057623,0.8841917631260335,-1.4002731209070998,-1.5150145122938456,0.8770586379556085,-1.4174366611453018,-1.6009694984313478,0.027813675682180093,1.5579760858523428
1836,-1.0485434995148117,-1.9670832057803973,-2.1068465241692538,-1.0604295241893935,-1.969312184987381,-2.1242495433648134,3.417514605685071,0.6701250173215714,-0.9679968641267044,-1.1154911673626478,0.6667589297421365,-0.9934822478707673,-1.1076464374627546,0.7490355883324965,1.7590456275929442
1837,2.375783574326925,1.9409156747142862,1.8668546297919595,2.380833555135922,1.9253535463764002,1.858729295443195,0.8456591304118785,1.108103523351775,0.32374633665882224,0.3363168293337779,1.063973423092967,0.326323460123772,0.39441111693598024,0.6451764103483447,1.5415186258546092
1838,0.40779667783936635,-0.07947559318159625,-0.07160604366765229,0.4047847131611566,-0.09120971548127631,-0.05482933276604007,1.7709021164346623,0.13395635516903087,-1.164053797904109,-1.012662599237151,0.11626324246617022,-1.182414568449718,-1.0223303910545973,1.1231494033376814,1.261937638869439
1839,1.0696438967955348,1.012647912290914,0.9454279358338387,1.0653344823144932,1.0218009411482816,0.9204902315858492,2.415131052921735,0.3262894084709253,0.30677331437620486,0.2622564425959415,0.27766464181505895,0.2866931932076889,0.24920888318556958,2.0303496699850263,0.14874555473870965
1840,-0.4570469953684152,-1.3648142897264683,-1.5374451247847905,-0.478889243067986,-1.3311070104739584,-1.541063025511676,2.7664849902205386,0.2346084771179728,-1.0926424871735323,-1.160501124086104,0.2332510725146491,-1.1774743697229026,-1.1274413902916487,1.428748551199815,1.299457421261439
1841,-0.40984290799917705,-0.17897971099155927,-0.16213654178617745,-0.39934300079636825,-0.18779865672562673,-0.17606796334402236,3.3074333395736137,-0.23266468143475993,0.10465928255761754,0.08640374465089508,-0.23683718365322892,0.1181386740320143,0.06678813198811188,2.0465694032066484,-1.2661037414488658
1842,-1.4678894626720869,-0.9195663142653667,-1.0581197828324986,-1.4129601169408037,-0.8831702273048816,-1.0038110609308661,3.676129448481038,-1.400511576661217,-0.6638648468104245,-0.6967198627362967,-1.3282826299764907,-0.7425708617607597,-0.5964020799071177,2.476759828150516,-0.5372481575060944
1843,1.6640371669945713,-0.9516407465695923,-0.9607261022547993,1.6619055070555107,-0.943240798874183,-0.951231534487064,0.9398500230077873,2.9771432359663796,-0.4523014480145585,-0.501396915265142,2.989760451131223,-0.4036282540076747,-0.43078884191120953,-0.9719392685174444,3.396165019820534
1844,0.24169035105329897,0.30956756912403305,0.3186954693351214,0.25890033858239986,0.3324425150924125,0.32438307616835854,2.929603533193526,0.9041973258677729,1.0526774115281976,1.0698363242215112,0.8471179470626071,1.0310989951168494,1.1082233265202295,0.9393833696823555,-1.244063108931097
1845,-0.5708318599089076,-1.0017267750028576,-0.9180060515130205,-0.5897395649726888,-0.9527977291539659,-0.87491692491813,2.3835284116411044,0.36965821910179053,-0.3398010508837328,-0.3108993369555686,0.28758482088400605,-0.4751292564194833,-0.43420622456473207,0.7650898022558331,0.6588634565793269
1846,-1.7750830116022374,-1.8697702894627208,-1.9208248754387518,-1.7681927114030846,-1.864607705505131,-1.905252543994547,3.722753267709955,-1.1670339757398926,-1.223832424647685,-1.2745807736662897,-1.1777139918367312,-1.1173750709753678,-1.356149373233816,2.133726508188636,-0.5072431215834492
1847,1.9293329327269595,1.851350150890557,1.8987078858683872,1.9252929915035648,1.8489047050357381,1.9121181801335925,1.2263256560064277,1.4413595716821752,1.3472613082327294,1.4101449881160892,1.4508480286749315,1.3427416489779636,1.3699682313508041,0.6056878758392682,0.6825540918028404
1848,-0.1350698609056716,0.11283788147232748,0.12013059171809042,-0.15797778367354526,0.1513034068322059,0.12769970475971978,2.4468220509583314,-1.187082302660872,-0.7302136627863093,-0.7494617366773603,-1.1654559604005552,-0.711685130400759,-0.7280744219071945,1.9538541570110646,-0.9079398263949402
1849,-0.15389288324366326,0.11654862401623445,0.12073091626813111,-0.1923525799358894,0.15074824025598774,0.14674015805630788,2.058823720392419,-1.3526667296994757,-0.844559924437803,-0.7928999959600883,-1.3387534054868955,-0.7487220925658877,-0.8253543992332062,2.4610902115793802,-1.3839777654767924
1850,0.15652670615279646,0.053316187274249964,0.05617309755085826,0.15693125716322445,0.01316148274598813,0.06928780229197778,2.0208215259939983,0.5060194534853838,0.5108906951055266,0.49928595002282766,0.33466553575637364,0.5312410200252651,0.4875806758235325,0.591749238510675,0.11586251283407537
1851,1.129440409589481,0.3789304399690109,0.37510057342211134,1.1342772577587286,0.3475818987004605,0.3977261222254138,1.826029974533401,0.9172816601932448,-0.018240627634326375,-0.01842587109048014,0.9221353238815618,-0.03471829883632016,-0.023519696273376595,0.967290324318193,0.9873598430458366
1852,0.5447733202352525,-0.004045132812587207,-0.003964217564605533,0.5428279872532036,0.006242803701929669,0.0004314870416390166,1.6337527382467285,1.271961356590448,0.11392896087308962,0.11045862194532936,1.2578879299266366,0.14269667688460827,0.12767884119143905,-0.16852695011378388,1.542735075408482
1853,-1.592322732029224,-1.6290801650812428,-1.6828195989577923,-1.6073105957162956,-1.6432513700619207,-1.6836020244515968,3.3818989884194246,-0.8173282079462484,-0.8426664822738615,-0.9944745951871657,-0.801286055821008,-0.855979319184524,-0.9852067420779144,1.8038135942793792,-0.4570984232544521
1854,0.4366422544857225,0.09949196340004957,0.08362764808628173,0.4506258548441573,0.09506531820194745,0.07243275331880804,2.625707155967927,0.05216026026779132,-0.5489308965241966,-0.6074004056377772,-0.03672147511948479,-0.571273669326478,-0.6443809039012326,1.7687930019672766,0.20064390307740756
1855,-0.9964866435649593,-1.3525283799919268,-1.2842486669654434,-1.0019461105862764,-1.3374711546717701,-1.2876738138907875,3.5314327139373978,-0.5002547825988417,-1.02858165627704,-0.9849128412650887,-0.5099483061261403,-1.012280054257817,-0.9717257688003033,2.2080562119835534,0.20786188637749403
1856,-1.2761242579999814,-1.3280802539657746,-1.2513100187310024,-1.289971472306956,-1.3113112549866246,-1.2418763022755015,3.810078188461023,-1.7475300550744093,-1.904964055961876,-1.702124649703508,-1.7485836926780594,-1.8983742663669996,-1.7005926331235082,2.9723353927887963,-0.027556107059644074
1857,1.2369533051256145,0.6293162997021704,0.703322748299487,1.2433194573768902,0.6632307649952176,0.6885994458391064,2.079627712624811,1.141029975439797,0.2939125571253878,0.3260931010103257,1.1657709539591434,0.2169952557125809,0.3611710950842225,1.2026448627009858,0.9969682797957481
1858,0.9627862750435634,0.6232008633972195,0.6193221454271925,0.9628580749546467,0.633515590415691,0.626205924349865,2.0555392037222044,0.8202969419010391,0.34233161076441754,0.36084860638687516,0.8277644293976616,0.3342876141766269,0.3393130417759629,0.9805765265764147,0.9671105218762353
1859,0.18108777429684106,0.3531707538633198,0.36005070850522874,0.18674491683159244,0.35192977607210324,0.3365050126645474,1.6519274183431412,0.127614177979852,0.4576503757086821,0.4738405270488717,0.15414863081638813,0.4347934449331667,0.48615104248068647,0.80948898385303,-0.7760507925324399
1860,-0.011319552191710512,-0.5261924775017982,-0.5276816657868492,-0.00804725571742203,-0.5039247631390582,-0.5211294425187374,2.63656835128016,0.4674047594430938,-0.409703515792468,-0.4436477216874286,0.47306009725593834,-0.39146226617338675,-0.49121253735459663,1.2067477651484995,1.712636862745432
1861,1.0082891426086598,0.8513978627006522,0.7948766949298448,0.9910003982244479,0.8525843914283533,0.7603054410961286,1.9410236655833863,0.1334407787333064,-0.23614452495989563,-0.23468014804933582,0.0678101811496119,-0.2826787973948135,-0.2331058021143816,1.340144058850235,0.6843197987134662
1862,-0.8003905605140545,-0.666057579718363,-0.692199027494389,-0.8516085250659983,-0.6326813932324002,-0.7072789575959599,2.8540893748733356,0.14896727786941868,0.5595020253459863,0.5374101389607754,0.1067959609932034,0.5376978725543702,0.5354915356408219,0.7749907514263787,-0.3803560972017481
1863,0.5287386641101823,0.5870572532836035,0.6258110692356066,0.5205527319719192,0.592426956641828,0.610048219730257,1.560951906657085,0.3768443480110732,0.5011358689825101,0.4831616493335574,0.35668446691383815,0.48962946389947104,0.5323293533114825,0.9201230578496977,-1.3984698229767818
1864,-0.1792992105018369,-1.4282539959734737,-1.4854490310638313,-0.1758042815313572,-1.4732186513705217,-1.4646936711671024,2.463196880381142,1.0747390663997192,-1.7450459567616576,-1.7194692284064244,1.0513826955994998,-1.7903830106230485,-1.6377519822216813,0.17037243362738513,2.420241626355265
1865,0.6897248180310673,0.28322090934256505,0.3613281347048087,0.6973890267409236,0.27658026070444897,0.3534702530563062,4.167396352106749,0.8305051208137995,0.21209559238142658,0.22468553619520937,0.8271336717145005,0.212065793061196,0.2244744987401734,1.9755813397234558,2.0386925521405916
1866,0.08216804620531723,-0.307319434027822,-0.2901468963518569,0.047551828071568145,-0.31194353482304094,-0.29206103002213196,2.285099581830791,0.16216604518353994,-0.5341274253006469,-0.49173265572712765,0.19684223081049507,-0.5744870042780928,-0.5026414889193106,1.1597990443110409,1.3105142691345222
1867,-1.8430450976341508,-1.6842833213396247,-1.5731250731485946,-1.826174070445219,-1.7140615488348168,-1.5692497426756409,4.3945611339896855,-1.8416646436841735,-1.4015065335371568,-1.1939962396090298,-1.832487015985209,-1.4095443304290103,-1.232195087599216,3.3457735501836523,-2.002414225374772
1868,-1.6714660272387143,-2.4320803435927782,-2.4239772402043105,-1.6812030650301808,-2.4476759623672018,-2.404548730770954,3.3069664018779443,0.07242655027785552,-1.0553957399054814,-1.0576756346957268,0.10354995939712659,-1.0568102781326258,-1.0449639195537308,0.9174690696626266,1.497143796372671
1869,0.34211325345944626,0.4095487049274741,0.36208011260334516,0.347105153846585,0.4160489800927153,0.3583128828164065,2.072757883325307,0.2660444555187037,0.44534444768900755,0.3987311858984719,0.24702354997909412,0.48341080457707314,0.3825410162539624,1.102062273817022,-0.4832030723747185
1870,1.664915660035148,0.7639335640603693,0.8081802954678973,1.6669550512751512,0.7461714854008255,0.8011068512371022,0.5591433455581273,2.2263730953376406,0.9733640289772679,1.0239003039489607,2.238211950997022,0.9547728353150305,1.0232318492410752,-0.6747395473592916,2.4317903594868007
1871,-1.364745322585554,-1.6317560507790168,-1.6193692606987873,-1.3647565941642947,-1.6266214574917537,-1.6136193803971177,3.447155967862639,0.17355823414771646,-0.01506342280984952,-0.015617496557445026,0.1256761877906209,0.010588086179882753,-0.048184583624978884,1.2146021953453272,0.345873551267559
1872,-0.37740178287942666,-1.0198238690668109,-1.0700496977278753,-0.4183290606361513,-1.002783792011253,-1.076355176133267,3.367670496351514,0.6942882969484295,-0.3909048255001242,-0.41488439943882505,0.7542020710990434,-0.3272033172777221,-0.37854389308923875,1.407060594487793,1.2265719677394071
1873,0.44206086124110333,0.5311642523647092,0.5328885918211539,0.49799354818730796,0.5316477923752805,0.5061791860308769,2.127686284992123,0.6661624786762306,0.8201015012918592,0.8409265026614509,0.6421827294977841,0.8199423855244827,0.8657714313015829,0.8968300962222073,-0.4517945003626647
1874,2.2452464389353426,2.1127510197541084,2.1365026901537596,2.2401784631274735,2.124078948336386,2.1379226665295965,1.5378646960623146,1.185078169503769,1.0942926017866204,1.1288315458808718,1.1984852947878948,1.0705684085644713,1.1462657882873095,1.389918490010716,-0.1836289606347481
1875,0.1723665926509144,-0.25555771779169417,-0.23753810824705146,0.15575402425372828,-0.2632278462454968,-0.2162345514952388,2.676897284887519,-0.10708471978056627,-1.0111707917441797,-0.879985024261224,-0.11518478996192416,-1.0581476050738656,-0.8776840876255453,1.4813390852897754,1.6210028130993552
1876,1.5457172103953023,0.47227798464316095,0.44601992866057577,1.5397988878593631,0.4772116079480087,0.44738930516065434,1.3023852625986585,2.3476793190765957,0.9527296089552498,0.9703781028459588,2.347474180302716,0.9349077621060526,0.9717179526340347,-0.45183355059118907,2.6960161455510283
1877,1.0641957584856963,1.067852379099247,1.0937079589986272,1.0822700517869186,1.074376834376539,1.099659762737465,1.4052170088776406,0.8574539491409137,0.9821466714406762,0.9188859680634318,0.8754314725911223,0.9996608790891499,0.9653379121156728,0.36220121910845837,-0.25152993276245866
1878,1.4351177309258343,0.279499419688237,0.27728258554055424,1.4488431191767521,0.23048263912159303,0.3036223736411786,1.709309672350725,2.171390546630582,0.06955005916113761,0.07440658243606144,2.1642326898430615,0.08708252788198904,0.11784065996591457,0.05223532550404891,2.8837226250832617
1879,0.4311671061929568,0.36213561600079125,0.39546753393920686,0.4430428645696613,0.3167432011263047,0.3741468531970457,2.987805892170927,0.5035393553550769,0.49524016817233635,0.5270091338208573,0.530467019458213,0.5217059044537392,0.5079877334271041,2.079011001860149,-0.41405396997377447
1880,-0.024536293983157743,-0.37610986273829017,-0.342011822612481,0.01129007506531493,-0.37047916497866995,-0.32425882301895026,2.3211100887526417,-0.3208172985519175,-1.1600874328551418,-1.059096405404942,-0.29391339214609297,-1.1883168689688135,-1.0449655434735041,1.4312720069183755,1.1810783827393112
1881,0.06375347960788968,-0.36585386318267915,-0.3916571336049965,0.05272814867990346,-0.35941877168895886,-0.36280043256272,1.9461161259332054,0.4309007788173405,-0.2817125590682315,-0.2718112283682983,0.3931656724655283,-0.21445374637919726,-0.14161586336110502,0.8130388419305239,0.6813277111668408
1882,0.4772016371152856,-1.021349361396722,-0.9905870895730935,0.4684428147093286,-1.0330994199400303,-0.9919874953130028,1.9506682569606884,2.4194214481069376,0.2322907232913116,0.23157599554930428,2.434081811576177,0.2683177192157445,0.18626376396983071,-0.9733050712864146,2.9426146126052743
1883,-0.1483958594746299,-0.46129142897881475,-0.47942968239763056,-0.11750882268839069,-0.49671986069880986,-0.501463875376456,2.6305727863676194,0.024199895177471675,-0.6835897136618695,-0.6613574251551182,0.007088618111678608,-0.7273746767976322,-0.5720114258980536,1.323885892714514,0.9158924405151129
1884,1.5096089383706695,1.201304554503221,1.14927962185367,1.519208663908781,1.2057590219957042,1.153550829204902,1.3076028031008082,2.083765516285269,1.8714822417985846,1.8338993779801824,2.100199230242783,1.856742209552821,1.837519130495049,-0.09112709168143904,0.7979109744577082
1885,-0.17384947732497727,-0.8314822619512547,-0.858112969171931,-0.16736894011370454,-0.8384182789906265,-0.8636647462758288,2.348237983738206,0.5409096044946144,-0.5033798859693335,-0.49048628545671435,0.5114055979856287,-0.5284008076162321,-0.46424292815729323,0.8154260880446379,1.4743297385724528
1886,-0.00840685051724021,-0.9056789712653591,-0.8575996113190084,-0.0005453416455758647,-0.8986267092142946,-0.8584201121035061,2.7135474191106645,0.9683875674023876,-0.19423678401915895,-0.1935697148522854,0.9521971563730534,-0.1802453555023746,-0.20357574737620673,0.8823677265652534,1.2472845883672483
1887,2.068960090968908,1.4040077725552411,1.4506154105686577,2.061095366333607,1.3905786166628653,1.4534931498992454,0.6155864493486692,1.784757803115762,0.6561890888885131,0.6479309813819981,1.7857213150440059,0.6722652158976162,0.6414719777642321,-0.4204747186239049,1.9431800132990757
1888,2.030678457782719,2.2174550116026874,2.0393905782260573,2.028879635036206,2.1795281048891386,2.0486209048850617,1.0882823655658465,1.3938846147578854,1.6772278765170638,1.5550312661805352,1.3284884129155807,1.5905915029361186,1.560680011411973,0.8734200945651387,-0.5184445652586817
1889,0.22293829110546465,-0.604485361565126,-0.6566317829490379,0.22587265956206945,-0.631940615077871,-0.6587522839444615,2.038959496164819,0.9673868988026483,-0.7434446927019079,-0.7418313044523739,1.0237704957715885,-0.7182692634878317,-0.7135270614311396,0.0281148526419675,1.6873459518750524
1890,0.4779295506132687,-0.2872559206372103,-0.28482785631839147,0.48555527552171274,-0.2949322480188028,-0.28901667293042066,2.0270065786701603,0.7026562362945394,-0.7906774089558138,-0.7106647903194587,0.7053490726681715,-0.7950265324416419,-0.6785348110906309,0.9457863794098041,1.3242741110484286
1891,-0.39424430499065527,-2.150984150668367,-2.0511415506887896,-0.38244467114066377,-2.162274679677406,-2.0602391574549475,3.4995898424274876,0.9013697198696655,-1.3458081963616688,-1.2760939983050499,0.8565332392730789,-1.298156478959354,-1.2783549317589542,1.4247590197695494,2.224155167342414
1892,0.5031097240039372,-0.3752644741597736,-0.34978635592276,0.5063265040575574,-0.34207638162355425,-0.3715994897951458,2.219535570939751,0.7561703743640895,-1.3395783173019786,-1.3092233828282331,0.7666478504867128,-1.3697941010707215,-1.1951398931776722,1.2390580256074075,1.7934844980995288
1893,0.8950555101858115,0.42816465849063173,0.4349292715499815,0.8863249955343071,0.4938040898476876,0.5185331009196193,1.080966819052953,0.8548825489448024,0.14226388340023316,0.14249219772406596,0.9216573184376102,0.1366769574648918,0.14837608420924642,0.3229332369531599,0.8140606533985557
1894,-0.03255148158754309,-0.7166732539427434,-0.728528544850477,-0.05214751041222102,-0.695995730381146,-0.7215746291941548,2.161447302050384,0.9832567703639346,-0.3456014889391021,-0.3593900482406302,0.897102963834748,-0.14605891626691486,-0.23885119011758277,0.25604612499858026,1.4637560754711922
1895,2.3724070097360888,1.0909202560188986,1.0660192831281314,2.3511836075328176,1.0875720082057165,1.06631446561782,0.2582758340396679,2.406416856037748,-0.22765724995665082,-0.2182631414510728,2.389652672190446,-0.2489865156598642,-0.20610098120709142,-0.9365565437614147,3.3296873193366907
1896,-0.7049334764470317,-1.637127589512929,-1.7265780724937936,-0.6289436282224669,-1.5891823067681152,-1.6795058009734245,2.722937037055512,0.5036143495523493,-1.1389955624130221,-1.1562585645235977,0.6479757330493693,-0.7787831391179697,-0.958094732008362,0.4713196438282003,0.9906265175872702
1897,0.5513712095388134,0.07565834571039048,0.07499781616226724,0.5321806147125351,0.06746064630953968,0.08729072562585316,2.235410759678285,1.1569799733406414,0.13081873017895967,0.1535357085041308,1.1715357578677694,0.20078193130045757,0.16553391671173667,0.25749105255354465,1.8710761609625295
1898,0.60974700689268,-0.3448783352917862,-0.2963070814049556,0.6051842204133224,-0.3303210960914774,-0.29239482306090425,2.269341716785357,1.740335814579055,0.7404450639359034,0.6155747849367131,1.7301412316292604,0.7526562122697326,0.5972521674540587,0.15756254326929142,1.5266531344938155
1899,0.5873405730510137,-0.6096101452659086,-0.5661424175042196,0.5732506702316083,-0.5872855225843437,-0.5641141466155416,2.4464968528220847,1.8683020165660031,-0.0007664337929382803,-0.0007216821895971305,1.9008880836526663,0.0301760880892984,-0.05062888793273688,-0.15161092355136427,2.9429090849166117
1900,2.1418393985443505,0.8902027588636867,0.8600290910983847,2.1306315849866326,0.8850213991848815,0.873232825619479,0.3712261132357599,2.646793383801436,0.6290366995645208,0.5586077108342626,2.6428897604827117,0.6310007576953205,0.553397107330457,-1.026455613373588,2.6851660197221223
1901,-0.20916422516980548,-1.3339298851653343,-1.3237648098130004,-0.22515872266622078,-1.3559462801731306,-1.3511181600159565,3.209569636599536,0.2108909513365904,-1.415826464506342,-1.5091880640668063,0.20957637523333392,-1.488990374843016,-1.4817896725947095,1.71332906408039,0.7260942585167612
1902,-0.3531881533974957,-1.7935419774859622,-1.857064766302452,-0.3525316748040113,-1.7430324313155552,-1.897751943672945,3.299021615200705,0.4849849660397189,-2.1242050724224977,-2.19796498260207,0.5079787138133937,-2.1017772029859714,-2.1366937751760773,1.4719091763478431,1.7322746135333928
1903,0.28585515178313164,-1.2702789861889192,-1.207089614328962,0.28771267108934595,-1.2578088524254356,-1.230986520346758,2.1311024361791366,1.386967629838466,-1.0239079552360104,-0.9260809179303371,1.4276699450844326,-0.9786721675064105,-0.9485109604794143,0.18049432296974466,1.9835245944624764
1904,0.8190311521240727,0.7456002542250899,0.757533377148469,0.8523516199217941,0.7373138462175403,0.7718462879667819,2.163378476333676,1.2062178640823509,1.2048635439779691,1.1875109505289256,1.263447094336103,1.2131180288689156,1.0820747453972448,0.8117782516651801,-0.5004129986720283
1905,-0.3149469485770661,-0.8877038060796361,-0.9139040596197959,-0.30413075228776915,-0.9025141113684307,-0.9270262280150581,3.3509645836151822,0.22187625506999684,-0.7025968120473498,-0.6991315310555056,0.21827847316846982,-0.68284769343123,-0.6501403172070839,1.679748279510772,1.507657011896465
1906,0.6397166770566104,0.510658265032113,0.5461629192322356,0.6390578978340598,0.5424742682708457,0.5943547552801972,1.8118981657928799,0.37083398439894755,0.07791025680662526,0.07925678797840072,0.43060679052306533,0.08023425434194355,0.1426246538114806,1.088514444073766,0.2327233177738192
1907,-0.8452516482983331,-0.9949109882665282,-1.0349315621373587,-0.8352494307575897,-1.0220510076322917,-1.03525774467273,3.106925243676429,-0.2928770283564509,-0.5056107641585031,-0.5499345012825507,-0.29791412395137995,-0.4588875129530619,-0.5614720676819718,1.700074867233265,0.3828165792125931
1908,-2.1498101661097166,-2.335920589253802,-2.309566206525836,-2.1604231647372103,-2.333006624675657,-2.3106814004436846,4.742185025343442,-1.2023685622503353,-1.4378364137701531,-1.3910723573970805,-1.1820680132811512,-1.4418515765099051,-1.3895005656520534,2.763975518403244,0.2275164101678291
1909,-0.215684856134644,-0.2317788941376811,-0.21975208137263302,-0.21368939923400598,-0.22903646636904718,-0.21484637905569634,2.6571031540055303,-1.035995359315251,-1.2055630585344916,-1.0411976195623107,-1.0541794459272493,-1.2010662365981886,-1.0518195457920527,2.2860367288478285,0.20459909799906456
1910,1.9796466774080859,1.4171844403906675,1.4462477613362072,1.953613068951368,1.4090649919949125,1.447820573528719,1.2650735349719295,1.6594774497696294,0.8135346670525896,0.8771849697975975,1.69139711427811,0.846760020220866,0.8905458599889492,0.06297547264406783,1.6443478185672156
1911,1.9450567437024446,0.16426882900083245,0.16579369937021865,1.9373095247131198,0.15171579759131684,0.1833518373759498,0.12171879566548832,2.618082073431911,-0.01106878529687491,-0.011671064378240939,2.600653677581341,-0.011902131338572503,-0.019630470386752728,-1.1926827226010226,2.810011187696167
1912,0.030126507118064194,0.012147336835993049,0.011969062266090597,0.05309685152387011,0.010992537842142523,0.029347144455530893,2.3992269205744856,-0.673525417046651,-0.826503767882672,-0.8293991629696726,-0.6188549697236868,-0.9265654203213601,-0.8068035854482903,1.5235966190924695,0.017459646620111638
1913,0.8490743223446505,-0.4370351657741717,-0.45334507326246287,0.8386412801040717,-0.46263602398405296,-0.42435890725992576,1.5817776117889157,1.1688663057804523,-1.5264103397050954,-1.6077220972967095,1.1090773732926575,-1.6909869792920862,-1.3997799833097542,0.36617813044133574,1.7222600848716367
1914,-1.4150656159172337,-0.4350467874097273,-0.47692340000592714,-1.4255497863255409,-0.4437934496672599,-0.4983047060850367,3.773174258834499,-1.9321164173693224,-0.02349595651464553,-0.022901350170094145,-1.9787013923645418,-0.07600441267120042,-0.031361291854221304,3.0516111664234735,-1.7252191445993275
1915,-0.40578367000963417,0.21666650396576265,0.21818141770968663,-0.41441585944651355,0.19913234433913687,0.2392836836566153,2.6355255820374253,-0.6705198168156749,0.6696004022794212,0.6839969607810824,-0.7480661531837033,0.6620089581618092,0.6654556845282583,1.9809547912526648,-1.8330149131007334
1916,0.9951612704939926,0.44219864700341815,0.5261758900314246,1.002098199339963,0.46078970249983814,0.5349445274617208,2.0870478007967392,1.7608181394946294,1.0420869930582326,1.0349771174502322,1.6926874493468738,1.0548205408728186,0.9774203665605568,0.40784962382622475,1.5904949293354351
1917,0.8475746650721042,0.650939024399541,0.5958666971461782,0.8167979060389,0.6089138492319995,0.6188672397956013,1.8737148829253067,-0.15261812067912206,-1.1935363212438523,-1.0911328590073117,-0.15290282974827565,-1.192298875163922,-1.0891155915230994,1.6516276365514369,1.042702374964236
1918,1.131232321439776,1.1301684304737167,0.9557611488483496,1.1426424690756276,1.1583499108064739,0.9604657695851033,1.7199047663231974,0.9786565368224391,0.9700909503481644,0.8350703166832343,0.977658338464364,0.9856806381718313,0.86277508173441,0.8673598719013593,0.15216861118735
1919,1.1067140421087316,1.3155915512869383,1.255372785002993,1.1072425771120373,1.3239541494859528,1.2606154233470097,1.374652369608169,0.8553389357906928,1.295993610374193,1.2841262466391374,0.8241655516335527,1.340764916577461,1.233914706764474,0.7421273542711802,-0.2589389435485207
1920,0.7976781218614588,0.13438354336387964,0.14266832545763786,0.8093347880848437,0.1561826040073003,0.16470621777778996,1.9188913875220623,-0.04823958075543902,-1.5294560397158032,-1.331163607522882,-0.07588155576647856,-1.4273846006027284,-1.2525253156258516,1.0603077723378536,1.0835210748606021
1921,-0.5773562228740668,-0.9308901435640349,-0.8005790166204813,-0.574886055111436,-0.9041170036427176,-0.7840810699237697,2.3502487980449795,-0.17450530588154523,-0.3867232298292982,-0.3532070082181972,-0.18965740456981928,-0.4410736243017548,-0.38291401190377344,1.2894190069192595,-0.17668511968524353
1922,1.096716896004653,0.6256335315165138,0.6365269577673358,1.1108259276528867,0.6042625426883115,0.6436783336847177,1.0539438161291983,0.8907568757070927,-0.2181946159171553,-0.24479628212349952,0.6854938136215027,-0.2575341028732435,-0.2618110771499643,0.17530406827835926,1.5051942529926188
1923,0.7386577351187275,0.8929227248174488,0.9078190189175118,0.7151565210815677,0.8788818837590259,0.8676956036251372,1.7231842092769627,-0.20406381416827907,-0.43276844952311705,-0.4236299573756987,-0.24354894941043528,-0.5335037397591663,-0.5326347339566473,1.5726556477209317,0.361795276522535
1924,1.209962570205128,0.4309839104353023,0.4528824490884087,1.214419538005957,0.4479751244376221,0.44978032021370207,2.082840217527738,1.315780969274583,-0.030511459537364703,-0.03250078518736798,1.3150066229547637,-0.016187321335061153,5.639885628177982e-06,0.8433117666681682,1.9318348171416881
1925,-0.7385155158326832,-1.7268133456690167,-1.949847607532575,-0.7206955850241145,-1.7039529931231538,-1.939278601629055,2.653014876525141,0.45048770699160345,-1.4053365885061522,-1.443080195348386,0.4032276893151178,-1.3729804218090682,-1.4461453452904909,0.7032709219070732,2.000710762146873
1926,0.3101655903816037,0.10281184709219461,0.09507059375577405,0.3071998204959722,0.08808886444567113,0.0963015378822928,2.1135631710391056,0.7516246326858981,0.48464187766903005,0.4615774669270651,0.7510794683605394,0.4575644199392191,0.4886606653935074,0.5728609451389535,0.5990210965871826
1927,0.7392283205847671,0.786757803513601,0.7426099348750957,0.7589167310791862,0.7765614386689099,0.7612278411172294,1.7809055552286013,0.03483002051755517,0.0886448620355553,0.07755209918664575,0.03757384456998094,0.004759979939656231,0.11836134706540037,1.10958729266357,-0.03164906283830686
1928,2.1772090145083114,0.9818498921900414,0.975033813043359,2.1481611202089184,0.9676441980448806,1.0032907496725785,0.7605874244098212,2.196923502456613,0.29002697131437344,0.29364728698949033,2.1952878797332533,0.35799020796046127,0.24308217919096925,-0.5616014003663381,3.027760688565943
1929,-0.44342273774398233,-0.5910159096600979,-0.6121905232599714,-0.4220884400039451,-0.5556390827076915,-0.6068769871315304,2.8990157774465515,0.28845512607525653,0.14464758828367325,0.14539894188639355,0.2777835425666441,0.11675675463136154,0.15203336778774268,1.141648511407845,0.3432119396340727
1930,0.09852423410373974,-0.5533473695114908,-0.5474437663378876,0.12710562959114347,-0.5489652745824991,-0.5228013442714367,2.239754643085763,0.16695697294119421,-2.4529791135964314,-2.3881934162785052,0.046242222353410946,-2.5855667732506546,-2.3624537601709434,1.1451519444990368,1.6114205528639896
1931,1.4892796098135501,1.3779541119839593,1.3195206768158836,1.481251515895556,1.3838284309365219,1.2989255734885166,1.0301506094258643,0.8890342764412152,0.728889908514874,0.706907643294799,0.85936581342618,0.7662185195969823,0.6770498541104768,0.494901876714654,0.5473106103030438
1932,-0.8175515147572398,-1.376424180209109,-1.3624616973138317,-0.8097878418788022,-1.3546745911996876,-1.3465075040509598,2.49179569746413,0.04626095277544955,-1.0900064829531608,-1.114237712596165,0.0342893597240292,-1.0856699456170233,-1.0677458499511412,0.9343632176248154,1.5068658904015273
1933,-0.5731579545226333,-1.3685795458598724,-1.4631534246412026,-0.591018567944248,-1.3497886024253667,-1.4838224383402836,2.931999271912323,0.7874250308420574,-0.7427245117682741,-0.7336918477263343,0.7564298257770702,-0.748195996756814,-0.771774917139437,0.8140173020340159,1.7047212698409415
1934,-0.06500790407012097,-0.05659765228016761,-0.05317517446918904,-0.05479727496369727,-0.02837387656028576,-0.06572690520794705,1.8219743000589943,0.44940529385769057,0.485211026944347,0.42113433261834504,0.4345082894251292,0.5235916123084893,0.431523937384456,0.5112150143559325,0.03245848101367371
1935,-0.4333595684300674,-1.5238088251315913,-1.5400920648062164,-0.4364591097073871,-1.530674858162811,-1.5071342541949961,2.454697703090266,0.6652021973602993,-1.1786655633886478,-1.276772100002812,0.688425082546449,-1.100640342111688,-1.2608266224509415,0.6125743607769902,1.783407298147286
1936,1.4145594996221902,0.5103649911064317,0.5122135463939742,1.4266962823305025,0.5248362738967183,0.501665897422887,1.201424395741673,1.9704397170851158,0.5224504437190218,0.5205033635954252,1.9641682057840706,0.5176968106102149,0.5249173668048562,-0.3545338896318484,2.3575733961856002
1937,-1.0629683099737728,-1.1941529413386829,-1.1314218829571543,-1.0218951502873659,-1.210766423005984,-1.197668801770889,3.060476492528989,-0.9834617720817508,-1.8640495363707208,-1.675255521551467,-1.0800804371295305,-1.7810851717917868,-1.7132068097694964,1.964353578520973,0.1903322034239138
1938,0.14004307938868163,-0.037150800322376186,-0.036102810058235076,0.1340193046640869,-0.033350635542251025,-0.04573883143660655,2.431381035155856,0.06940773579101767,-0.6345557107164091,-0.6084581123542225,0.08524774800563596,-0.690208887709479,-0.5697056763016879,1.357612988360093,0.8453701340567579
1939,-2.7199776473742006,-3.0309233275474963,-2.7091404047947836,-2.7791384218081916,-3.102295126479156,-2.721207822953598,4.251851807775824,-1.4439272850628428,-2.7305358990688657,-2.8146802530657538,-1.33708577060252,-2.8396533001593274,-2.934361761272859,2.1848799867020507,0.498470421895658
1940,0.1655903805498704,0.21208994573075238,0.20875354209611743,0.17131450703481488,0.21154906025847492,0.21807112002441068,3.303114628220977,0.19852979371112423,0.378430710302488,0.36462333624798565,0.18529902160643535,0.35495388836114056,0.38339994135102873,1.8137641026067697,-1.455369144196707
1941,0.47310119586809746,-0.5787588397689063,-0.5561176978162586,0.4639055272879115,-0.5762905593292026,-0.5663116354674421,2.7423267291398,1.100989548602547,-0.14157131226717495,-0.12685949939108454,1.1123368494492603,-0.15678655623456478,-0.12429952596524067,1.1683569594918959,1.862163874443849
1942,0.5798184750886081,0.6295858985291334,0.5677005110142396,0.5919261685957146,0.621552470281926,0.5863348312585426,2.670011103384923,0.3254759155186625,0.4441791058183075,0.4074892714264858,0.33333827531108823,0.4061460850948362,0.43479349252227106,1.8945543964637788,-1.1379312660900378
1943,-0.6578473331237557,-1.5368469281412547,-1.3152322033310795,-0.6606147147317503,-1.5659150707356642,-1.2823959433880716,3.0138907882186876,0.8636392571637813,-0.860328505811227,-0.8653112783910111,0.8926721337620862,-0.9432170965353273,-0.8541617438836615,1.5443143580408276,1.47159285992643
1944,-0.2185475526815487,-1.2539671159082368,-1.2022663923953965,-0.21306460097807553,-1.2720391893080418,-1.1902009763336352,2.1717080435705496,0.9285688281802914,-0.9377711389266821,-0.9092527395927058,0.9362377311471873,-0.9746032621292008,-0.8701101510516887,0.21671378123620097,2.121158943796081
1945,-0.8690159171015687,-1.3423287925926446,-1.240881388221216,-0.8439644522564602,-1.353994261394091,-1.2630349378258885,2.8494248269607474,-0.6045426075335044,-2.3647124877440717,-2.2655617460733777,-0.6087966103654937,-2.4031762402904957,-2.3075895230989216,1.2853392011653066,1.309775210718796
1946,0.3727527596064088,-0.2167377756033348,-0.23120459062092905,0.36265022423432286,-0.20686451711371173,-0.22193638098361626,2.3222976156672512,1.2108030340093539,0.4749946926769144,0.4939001223849764,1.1907825967678793,0.48389801966681806,0.5106962720128925,0.9257817515587405,1.2774648118121914
1947,1.095386398599734,-0.14085617043060344,-0.12781509475227187,1.0717231388280009,-0.19570948084125744,-0.12896229965970887,0.7247296702715235,1.764109245688091,-0.9391099555213469,-0.7982635808950548,1.8909132490255005,-0.8557604027662774,-0.7160132456906775,-0.8866636145738374,3.1404019863701667
1948,-0.021447923862602424,-0.18946541843373085,-0.1940551337931041,-0.01984715622523646,-0.179373098386184,-0.17588505925932674,2.274892519166816,0.030257488514129877,-0.2843779939011711,-0.27086928432639173,0.05243254111735812,-0.27426555490906174,-0.2717790841526331,1.118857634627226,0.7203102681385376
1949,1.3725281133484328,1.3189837616256075,1.231855687585814,1.393152107435134,1.3077675399148287,1.2354318338240746,1.5886334657368015,0.8745623076575101,0.859824569894872,0.8066010876985971,0.8554742745891311,0.8884072144412493,0.8608486290567925,0.5517693340441221,0.32477647989831826
1950,0.4056453837394566,0.2175526975402101,0.20176495932011365,0.42076607354675016,0.1645456672151179,0.18715409345412828,1.9703800106323623,1.1879520469634706,0.7374637066587763,0.6597161217985108,1.2048358223623843,0.7196381120356298,0.5874814219773505,-0.016584341154530106,1.2050279052973945
1951,1.7128597611116096,1.191427538841897,1.1732652893301998,1.7022849331706988,1.1828236120310467,1.1531322164666833,1.2249213531161005,1.47933464624458,0.7366221883672143,0.728145638973666,1.4669501060333192,0.7847314599384398,0.7210975783716678,0.4262471868154921,1.2925058469900321
1952,-0.02944746111434092,-0.2379768132594043,-0.23578608977461998,-0.03462777127962311,-0.23130687037939957,-0.2324028129204031,2.776351060117527,-0.2176942757700533,-0.5721622956040056,-0.5512702224603019,-0.1400594428157272,-0.6137779367482255,-0.5369652551603866,2.0522923112798437,-0.3051886464222159
1953,-0.5847378180561567,-1.2231681688977034,-1.2315219238758703,-0.558231309686064,-1.2221333428045658,-1.232462525491779,2.4199721193989814,0.5868763732877785,-1.273582343316826,-1.2115433777742541,0.5326895816893776,-1.2849716138480864,-1.1371700899005492,0.261489413804552,1.9403417866290997
1954,-0.5963953098922663,-1.0685348281130844,-1.142202849068967,-0.596800190438306,-1.082826875522307,-1.1235961021556518,3.362775818445175,0.0371954353715395,-1.1150567678382197,-1.1655092095651542,0.009647619053625286,-1.1073544036000231,-1.1217237366399566,1.4850777849480146,0.7413410022828911
1955,0.8946957937713842,0.3596755202896864,0.3480408461030998,0.8817560325966634,0.36033938001162935,0.34417811410294535,1.8549777591497327,0.9462108335152426,0.05851355893131142,0.060335304730896974,0.9863470507412735,0.03564329713375434,0.09329731957873837,0.7767026105800843,2.626794382952702
1956,0.14846318622693933,-0.6723809830049372,-0.676664067675687,0.15278960477226972,-0.6270569524968154,-0.666770321623004,2.316843839316296,0.5184196991351896,-0.954555676491739,-0.9615803203922634,0.543284565040116,-0.6939809163562917,-0.7968884871448617,0.8137052171470104,1.2300050058441465
1957,-1.0240786481724666,-1.6607573220212133,-1.6591368968549387,-1.044328502697945,-1.6462794037013424,-1.6749997700947719,2.842398409852158,0.19904386967140886,-1.354966974570472,-1.353620591395436,0.22169056158861475,-1.3064003751016109,-1.32850527118461,0.7463219099837026,1.4432910653791662
1958,-1.2846562737892935,-1.491370771629116,-1.2113263003929702,-1.2884564419737958,-1.4943110251907634,-1.2164679679298538,3.409903955548519,-0.3445486852685005,-0.695223708630866,-0.5805755935251973,-0.3236226749623004,-0.6567980183250153,-0.5862333274263001,1.9635981405285294,0.8558947421508559
1959,0.4601365894262,0.09974459656984036,0.10106534939032928,0.4697670406832252,0.1287419480599973,0.11257684093677002,1.6787105024759024,0.3563478550729763,-0.49095354731248736,-0.5178684815998089,0.34072359873536745,-0.538007628528573,-0.5198021285176069,1.0393610202369654,0.9575909262101295
1960,0.8164480132047827,0.9493668813262165,1.0044616874866334,0.8827520705639551,0.9730034533055935,0.9765681075054806,1.8711690487928463,-0.27808799607438695,-0.27513878056376934,-0.24673578025821055,-0.21510677768186137,-0.2771611928995555,-0.24110957921462584,0.9395676921695659,-0.3877323392723326
1961,1.149977605147988,0.13306833114663943,0.12286420076679583,1.132329215038307,0.13388904561072318,0.10541033691767711,1.835500627860619,1.935635363567712,0.6015438602193306,0.5981673612395584,1.9568746532531365,0.5791563158457109,0.604238116798911,0.14027198773970437,1.9520195136415412
1962,-1.0567518840619077,-1.0540652127484307,-1.0444475402298412,-0.9882130127981801,-1.0319164505693263,-1.0059824732628229,3.3871127350164336,-1.8775254516864244,-2.055257849566088,-1.8832545092441217,-1.9438656292785785,-2.1372309847332356,-1.8506640754387218,3.0989044682649656,0.12057318578820622
1963,-0.41304150645712734,-0.8958171456853652,-0.9277051193533351,-0.39453290273226643,-0.8971372375747004,-0.9187900760957217,2.3999356447815714,0.38250952493143225,-0.6016216103712159,-0.6334652566759114,0.41559174861757786,-0.6305535059261168,-0.643613236334178,1.00924359171298,0.9569657705512165
1964,-0.8549131784819819,-0.8454774950420474,-0.8712568874489064,-0.8540926088710957,-0.8531054616897851,-0.7987508934794683,3.505633414345849,-0.9026236724761453,-0.8858970634454242,-0.9044493353445958,-0.8607291574231314,-0.7949478931714096,-0.751768347700012,2.142236348003966,-0.8410724941674866
1965,1.329245909289053,0.946432813957036,0.9586381673326875,1.3153497549324917,0.949299137532534,0.9494466027593153,1.5859254138004162,0.7913198702399041,0.1758148823324111,0.1702297243585031,0.7999673264467078,0.15868604992302843,0.1919189934223893,0.9901758760584697,1.037146363826034
1966,0.2588713808931999,0.28481341864147397,0.3080251821875579,0.24874376084176444,0.2805290278800502,0.3139094107811736,3.275741223033503,0.5370796846261401,0.594961039234741,0.6253798825621274,0.5370802957416008,0.5800889281466137,0.6241061220883966,1.6020296645102525,-0.5699710173370419
1967,-0.1515324634031897,-0.12889213841792233,-0.14219439509876633,-0.16451102356427277,-0.14329411162740033,-0.18431892072932976,2.5953340061050234,0.18061581706915084,0.2851469077962969,0.2924937856164307,0.18071420250416118,0.26409873207895074,0.3420912879446602,1.1842072603608345,-0.20940767521528486
1968,-0.05344334178519307,-0.995468172053151,-1.1316012913554474,-0.05606846846596285,-1.0163984828156172,-1.0982493964994091,2.3201101370723527,0.9972124653490153,-0.5217074441687193,-0.5576542263213805,1.0452382363018522,-0.38763189946942506,-0.5070451921163681,0.3667288216240574,1.362305771907525
1969,1.613837713593258,0.6082236480066705,0.5910414518542387,1.6171538554486071,0.6104324223497132,0.5872531376051228,1.1418815108006164,1.6763547761580488,0.5993002541050862,0.5679852655003483,1.6962666706415706,0.5954136762125778,0.5668890945151251,0.08494821421992645,1.4551990930215053
1970,-1.5224997763257748,-1.4804691590728307,-1.3085666646772691,-1.5313843762755306,-1.4810560278787073,-1.3310546354672055,4.089791414581275,-1.7565781194532855,-1.9241097889801662,-1.7562486965355786,-1.755734560795132,-1.9125858921479961,-1.7507320092310945,3.0488148782242863,0.08862589157489531
1971,-0.44302654965639143,-0.8954030540442756,-0.8502384679788038,-0.470230358665213,-0.9334355640442247,-0.8384387553557339,3.1047827289987016,-0.40346567843301084,-1.3999823657459434,-1.2535108751063202,-0.40101739669234143,-1.2926121829792272,-1.2661982702515153,2.0389879094550634,0.5492861155055192
1972,0.5398599784064203,-0.7941913669889984,-0.7547801876836089,0.5260746687307969,-0.8001861291935741,-0.7267609930175534,1.7933893972787172,1.2230060041641075,-0.5977363825825341,-0.5628476507108674,1.228092549185262,-0.6126653889171273,-0.5323671933592388,0.4945419366027441,1.807343506105495
1973,0.6620812142220559,0.8070824797689687,0.6987835219607812,0.6648128073979939,0.8115576448802625,0.6968788279290596,2.680912106221129,-0.5701137585082701,-0.3400851061209085,-0.3206871530267319,-0.551226586111958,-0.3336695481675443,-0.3505371878728037,2.3097627547845216,0.08891527623924597
1974,-0.8332533651729047,-0.44630057773592763,-0.4365346615223222,-0.8412385011908151,-0.41166569399995606,-0.4799164399496364,3.3159953346809643,0.8493741500320999,1.313337905631948,1.0359361941232035,0.8521438055055769,1.287178269235154,1.0422877955474728,0.7073851164409642,-0.7776318408947324
1975,-0.8039819649281968,-0.692001681029181,-0.6890571249425319,-0.79623039499112,-0.6853622483299336,-0.6736831426866443,3.369392623976845,-1.4926413376121355,-1.1434388026487359,-1.2064621730811163,-1.4620511735003872,-1.1071493314772702,-1.1744866041518047,2.679569892661868,-2.397965666932604
1976,1.810386432481412,0.5398470331681295,0.5459174018258746,1.8020320014369793,0.5316445985002585,0.5303993399379286,1.2750623546243747,2.6414579564762324,1.017450030684797,1.022672330182087,2.6359242740042346,1.0225784174483958,1.0341931483777367,-0.3646436884940069,2.8387059100438616
1977,0.7327656633494657,0.6685313775687488,0.9467746222641223,0.7436823851451334,0.6779430179311882,0.9254007366658566,2.224194299790188,-0.2211578275060762,-0.5034326541853397,-0.6691340613558305,-0.17106928913838856,-0.48498920039345,-0.6164188241108378,1.9007570807650656,0.008746409497651294
1978,0.3358570046142079,-0.4996920912736995,-0.5182355622200882,0.3380972745191998,-0.522964314197103,-0.5249789383375575,2.3094729525639206,1.5681453783603836,-0.03213978597240218,-0.03366249805841935,1.5796973130041136,-0.02053838622297981,-0.04456864951049522,0.16425821913872796,2.2674904111421985
1979,2.1068631342194744,0.9874454048503768,1.0655256101198876,2.1214920581531707,0.9340073396004721,1.0595343386493064,0.9949912769191557,2.54510342938747,1.0524717529681,1.0708770823641522,2.474082548782017,1.0318440913899845,1.0076154930716834,-0.5782880349549971,2.338347506363377
1980,0.21652481088301476,-0.28245863275465866,-0.29114774471263344,0.2120333528905568,-0.2794061121402981,-0.2965011811953712,2.448570070838195,1.1192191882287532,0.29738456760551263,0.30412864753476837,1.1107484294315115,0.3300125646966633,0.2852389823115207,0.09104435438522442,1.327531805316467
1981,2.358961776548998,1.6025513023117186,1.5813660839989863,2.365718949037365,1.5996565425690377,1.5542473050364494,-0.013913896464112811,1.849780735617472,0.3319690435178155,0.3149699817701112,1.8471110991596056,0.3304746377483814,0.20446494078414665,-0.31822574777362517,1.9750684953430802
1982,-2.3103217338898583,-2.35429013152355,-2.466901831554644,-2.326783579496381,-2.3645086278751424,-2.4775360710995207,4.368650662050191,-0.8011917766253747,-0.8877237467893476,-0.955708778937648,-0.6818551218649832,-0.9395250878905453,-1.0523160350071277,1.8290414962239177,-0.08316397939120977
1983,-0.34008121198825547,-0.6489065639636818,-0.4794230771875093,-0.3290776113172771,-0.6500509886791734,-0.46629541204735325,2.4605391620271164,-0.8583085713178571,-1.8972793121320437,-1.3969554289010302,-0.8583785564800707,-1.8755032938726994,-1.3944921516473927,1.7826098591310122,0.6627851174532549
1984,0.775165005452592,-1.5858861595797595,-1.462153015235039,0.7748507073498812,-1.5846551883608586,-1.4559912488354125,1.785019041660652,1.9866317598774201,-1.9063263221759357,-1.971636468554516,1.9750831191482543,-1.8943985735814584,-1.9865190150754433,0.08440763490442578,2.404892321652766
1985,0.2928601862547383,-0.05444870917910729,-0.0559249014150406,0.28725005541971893,-0.04905397351930046,-0.04165971711174338,2.5312519939816616,-0.16417122493140388,-0.8636086610325012,-0.9299925837793821,-0.20901594474862295,-0.8558976296047042,-0.9359357087041743,1.646191985709265,1.3267576121918345
1986,-1.1810860673865589,-1.9370380812218206,-1.8633390142630952,-1.1548375101668138,-1.8902034829914633,-1.949037946451766,3.1416869222646056,-0.18108148318744957,-1.248272340337069,-1.0933495782977265,-0.17993549389929053,-1.3616412822225452,-1.1063667181152663,1.2956033221139571,0.573502047111606
1987,1.508514183834628,0.8472083384965384,0.8111838500052312,1.4833997656243187,0.8484942305795696,0.8020103574666271,1.6825183558524672,0.7216429301287223,-1.3704528272005363,-1.3735944221631669,0.7194885582443582,-1.2949971406306053,-1.365338382359704,1.0841697709347173,1.2210330868805765
1988,2.6008358774349203,2.373310578855934,2.01136363665756,2.666441892039688,2.381269840247657,2.021598148241498,0.8977105177648217,2.7007249305095216,2.4393822979078217,2.1179272985600393,2.696444808871304,2.5113940373824497,2.1073392027105573,-0.8179633080369465,1.3169538037447495
1989,-0.2485945894497882,-0.5821459482727731,-0.5565278062134825,-0.15839661800599922,-0.5152314575387695,-0.5102709531459095,2.4364584727740057,-0.49046659234006124,-1.012602915585069,-1.0975512140820138,-0.5016047738356342,-0.864008200923002,-0.652748306657583,1.8723471519643833,-0.31779895803699676
1990,1.0511302323307619,0.6842843260752244,0.7536525533472445,1.052062650663482,0.6573732185035266,0.7308952628938917,2.3997502013717327,0.17174628639569006,-1.2315843348446254,-1.2084549251997665,0.22676138252097766,-1.3173015033284352,-1.0268531848687632,1.4685870704688773,0.598711090858736
1991,1.42647641399351,0.9705810193483393,1.0005290314967612,1.455966711662918,0.9552368918425409,1.0101102013764514,1.840733473729408,0.660071740903911,-0.49068985176070407,-0.4488787303665446,0.6555853667654749,-0.42710255165255,-0.40035478939861807,1.1066493736265937,1.3924975716156798
1992,1.2762292333765337,0.9201279925786874,0.9468102553940089,1.246165985363028,0.927784023211926,0.9804818805903875,1.7650591813838776,0.82541026211843,0.26585378461478865,0.3043566818967289,0.7712849588598474,0.255351527373569,0.2797398141687134,0.8174715241497802,1.5298915752386375
1993,-0.1502673514933005,-0.6841467394960139,-0.6956553021456136,-0.15179723738718884,-0.7036380946605858,-0.6881550227071745,2.705310730489375,0.3251125992351174,-0.6407990834610535,-0.6649677856487326,0.30755680358874615,-0.6390157223151495,-0.6469734210860509,1.4057894744372716,1.3387795091968588
1994,1.0139945649871487,0.14182126768574674,0.17096800913420893,1.0084014824712226,0.13964670740999802,0.1587669404150772,1.1701304035433848,1.2287293247109081,-0.22792482866954158,-0.27453972125267023,1.223488748010817,-0.2363924039012791,-0.2819091733766361,-0.0074385461400090485,2.4910872342460957
1995,1.029894903276714,1.2549861805637068,1.1609339614500098,1.0156068566833496,1.2428679750492428,1.1293113509122121,1.9403654051102666,1.218394400637822,1.3990831812357307,1.2830866963752414,1.2015609011430404,1.3904333012709658,1.2964685389918489,0.8472456359669712,0.33148915138370555
1996,-0.6925924342841981,-1.2847406578341298,-1.19354716475934,-0.7099402728240641,-1.2435903483170914,-1.162119334643659,3.0057514096419635,0.03536244624414536,-1.0125957080751233,-0.8938454544894652,-0.030282390308697154,-1.0873775724246828,-0.7801554166962028,1.3170542477883196,1.435858174720855
1997,1.1174171006961522,0.8442507526759694,0.8130280096942221,1.122166719478559,0.842836740829727,0.8078205632712494,1.6155601690028811,1.2448299184604192,0.5696206038559013,0.5804598340359103,1.2681080409469314,0.5771569540268644,0.5566670684989834,0.003906420607256557,1.3662437744166598
1998,-1.7113603735526424,-1.8685883665121876,-1.9103571988525065,-1.7236766520663824,-1.8740223987110973,-1.9034515707529642,3.925585876618427,-0.7288924455990963,-1.1194972746271679,-1.2320637709116595,-0.7040991298845284,-1.1059963387149068,-1.1749231237521887,1.9548031660254244,0.5654691761264904
1999,1.066463318873956,0.6625053499106213,0.6856823384545783,1.0593161523729302,0.6570057815416533,0.6779860601945202,2.0463458764941267,1.0418032322692738,0.2771410382358983,0.27807730819818843,1.046306568111089,0.2766844156632776,0.26441376860633886,0.6603641662872911,1.4957454551848075
