rep,ridge_cw_zero,ridge_cw_mean,ridge_cw_mean_nw,ridge_wcw_zero,ridge_wcw_mean,ridge_wcw_mean_nw,ridge_dm_zero,elastic_net_cw_zero,elastic_net_cw_mean,elastic_net_cw_mean_nw,elastic_net_wcw_zero,elastic_net_wcw_mean,elastic_net_wcw_mean_nw,elastic_net_dm_zero,mean_cw_zero
0,0.7881818575441866,0.4346925209322022,0.4279675351294313,0.7804826409777819,0.4262971978799102,0.4071063670920737,1.7167460962913348,0.7896663079418995,0.408472601431518,0.4020589879046542,0.794589759318975,0.40188057374106706,0.38836594518045314,1.560442191347975,0.8883278693521526
1,4.673272233417143,-0.03309421062102557,-0.03242835210111949,4.676173428957724,-0.04194406966775687,-0.013133011179973038,-0.4240371422016464,4.813664892273678,0.10760975522240593,0.10536771940233124,4.809922313495019,0.09712145793968745,0.09971496880923367,-0.6062633546742878,5.683435125603075
2,-0.29283948847166374,0.6546330809874074,0.6380774506889255,-0.28980939109591203,0.6534745339274226,0.644659801416749,2.2159054033154284,-0.5472441729632076,0.3941344428724138,0.3828663634948309,-0.5510956045830215,0.3920959446925787,0.37130584961093893,2.1874337487468085,-1.8245253647667479
3,0.8981357850571927,-0.2101459664119042,-0.20063954199279613,0.9006223526372942,-0.20829717013874155,-0.20453583338313033,1.3941347814410905,0.9798873548805941,-0.1825238559134941,-0.17427726485167322,0.9793383348315353,-0.18905038904237886,-0.17482058913340184,1.319483697120215,2.9977135486167343
4,2.0261422567714313,2.1737081200875803,2.159280189152152,2.040150575065784,2.197700136439303,2.1606890587413714,0.5109823405196694,2.1095189168538444,2.307460916650591,2.288773259615293,2.0839914760652913,2.2997271569835336,2.337450502445369,0.20154197309653638,-0.18390342962710182
5,-0.7587906453056301,-1.2137022952542589,-1.1848844116907191,-0.7619796692573726,-1.211954118520737,-1.1998915412100088,3.1778162713709572,-0.7847407401361828,-1.2663691672765083,-1.2372749001959709,-0.7768408592597214,-1.2523998162060401,-1.2280696999250096,3.0853158225468285,0.688353959040343
6,1.651118387967803,0.15797017005329342,0.154189699262538,1.6515936785310965,0.16435703216234926,0.16473641593612035,2.375137302303916,1.7534700384946837,0.20779264580135176,0.20285708349307763,1.7543263708665495,0.22445143056731154,0.20709277012568467,2.0798031375025468,3.401294392762851
7,-1.9933023687511564,-2.123999501834679,-2.09003196963208,-1.996418654522957,-2.1367920505179865,-2.089146306142531,2.9247904535309805,-2.0897105425751117,-2.236847208218779,-2.2109745386464414,-2.0958409168307774,-2.2135871654629136,-2.217083314606721,3.0115081527247534,-0.504300620570986
8,1.7079584324934096,0.7974365656844467,0.7910953034314989,1.724173222001874,0.8145426577510709,0.8083238346600413,1.2040666271473701,1.8046988323625848,0.8553184480737948,0.8480124751343572,1.8227224121455738,0.8471858976064355,0.8624328988255897,0.8158951781510286,2.137990782279577
9,1.0823902180232483,1.1544997600072116,1.127654601648858,1.0758855497533355,1.1519480741920831,1.144785393600404,1.4440663513965055,1.1864030426420376,1.267054824397733,1.2382992253374776,1.1781157100013069,1.2560629370014649,1.2158682693677538,1.16753263583746,-1.0459488600772981
10,0.32808772869586555,0.20639150315583477,0.2047203675850962,0.32789454842116234,0.20066436227404055,0.22429799944586512,1.9287188475594417,0.32665898107084207,0.20622784338411687,0.20482065918820744,0.3386950694174743,0.20731907576356795,0.20098107841449295,1.7594897772754223,0.6021859878502077
11,0.8940053696455853,1.060682426143884,1.0332887956350831,0.8798181922595731,1.0927933803377112,1.0319463186654423,1.5670008096516788,0.8253102845072173,1.001054252283286,0.9756487632215598,0.807294658257616,1.0342409390868832,0.9903686933099782,1.4582612661413115,-1.6564949846159673
12,2.1307165129267456,0.9234486923513787,0.9159738962608334,2.1321819790843617,0.9248240151121645,0.920481753124851,1.038290012481032,2.1307170533546325,0.9051312755656299,0.8964309986193846,2.1251664205066194,0.9058322912923448,0.8815349031657644,0.8270116883020415,1.8604020799327818
13,0.4616105173144727,0.411311967779692,0.40245920355824116,0.4750330353171472,0.41721032014827564,0.40756001337290026,2.3769987907002235,0.6567763017260816,0.5937432425418584,0.580166877023207,0.6745282442629356,0.5757602992059887,0.596218764237115,1.9476248342148554,0.21509101166795153
14,0.7298245791401952,0.8348744551401248,0.8117505163538296,0.7336568064542193,0.8388901731835335,0.8075914976317927,1.905508334714765,0.4803906707169337,0.5760854983265271,0.5594872256760148,0.481990243396892,0.5775356923788247,0.5561035781440665,1.9146815118208982,-2.0109512873728517
15,-1.21433075816659,-1.8753243578735708,-1.8444870765376018,-1.210648376630168,-1.867277100010599,-1.8730528221818479,3.2747660161793877,-1.4563976036912345,-2.2420215780875172,-2.197293220587769,-1.4508020868083722,-2.2230311553221536,-2.2065637874452655,3.2894168294753676,-0.11409260862894235
16,-1.4588202081622943,-2.6252269640279073,-2.498824935239679,-1.4635262020044717,-2.6258439983411415,-2.4940751246446298,2.702210334604784,-1.4148460723615996,-2.6496061216245836,-2.5216270275838273,-1.4086440389617454,-2.6456532610222254,-2.5196292360632317,2.5939721202582295,2.659097887693041
17,-0.0859417299674193,-0.1523413534197405,-0.15031574593482877,-0.07050891467613732,-0.1503057620477163,-0.14442692472496416,1.8990454544666489,-0.3044579337205555,-0.38610869867707676,-0.3790601784000867,-0.3036766764158735,-0.38466693787793077,-0.3736086274202318,1.8253281844778717,-0.13862703901624707
18,0.10785587908331515,-1.8588707237010047,-1.8095111179502814,0.10289217145067886,-1.8757959579864627,-1.812563508471992,2.3931041386958243,0.4744171877319139,-1.6349797105296577,-1.592764076778746,0.4630637975904703,-1.6435818829647442,-1.5795408289093056,1.967227600035736,3.4795012610417673
19,-0.22319487941578275,0.15024375107895557,0.14574795806333532,-0.22462897631427678,0.15555777916585364,0.15346025492601537,2.1076981673125297,-0.2171361961870873,0.16630697499147867,0.1609692404932337,-0.21444362970579448,0.15780515694228509,0.1810302844827547,1.9115982418260913,-1.4639539158082553
20,1.2873875683950462,-0.3607382324398291,-0.35521517682751214,1.3092822216965738,-0.34306883076916644,-0.3474427194958899,0.7813371981258522,1.3549641355807711,-0.4492887587659608,-0.44312295234089716,1.3470305982779949,-0.4587393908092657,-0.44814170871094217,0.5460665290696511,3.517841024609734
21,0.9815314753147091,0.3120724948156174,0.30884024008606853,0.9942710895762316,0.29846897303110803,0.3165683015167863,1.2373885397005124,1.0946219147309018,0.4721209306843882,0.4665220734117121,1.0919951326615995,0.4571586044580361,0.4605352732084398,1.0006928353412596,1.3089856855096602
22,0.9714397341155269,0.9955239919257208,0.9730211054307117,0.9691433743489705,0.9980832737375678,0.9814979764245522,2.1454454902864146,0.9644347653790742,1.0053217381841746,0.9808018496074477,0.9632714585275701,0.9985441363374705,0.9782208056554252,1.8763070619416586,-0.24493623035568146
23,0.7692808697417588,-1.1295736798579106,-1.0957923612907148,0.7689577608692933,-1.147765081251967,-1.0919483628816138,2.5874820808501084,0.8077706755884427,-1.1506385291627363,-1.1130095886034796,0.8096664503045596,-1.1407212757282914,-1.1439366351124587,2.3534262798928647,1.6495475857738815
24,-1.2170320953075024,-1.5171856761659066,-1.4655190963728069,-1.2185844880125496,-1.5221799900904178,-1.463541224243621,1.9877987620056519,-1.1708008398851129,-1.479269856384015,-1.4293577695899344,-1.170881484763052,-1.4780005402061906,-1.4317361671519024,1.9901589344104242,0.09933906798256943
25,0.09561290475357266,-1.4652775033868262,-1.4523873795463496,0.09044521565693053,-1.4899428651328313,-1.4457621104196283,2.551578022602578,0.16411192475663586,-1.450901664367393,-1.438533555961736,0.18565332546052501,-1.4388368695414815,-1.4671818439675939,2.362614723786938,2.542561414655219
26,0.02321111765395964,0.5264321121652796,0.5267133947149933,0.01587668158303009,0.5237660548109823,0.5294534850231446,3.271521623793451,0.11786160621307533,0.6018365248849825,0.6011313052336685,0.11667681102267495,0.6019700924952183,0.5993791577329326,3.0446486723573605,-0.6793831075262443
27,-0.144047979985373,-0.9430394218267505,-0.9464726694600547,-0.14212856394612403,-0.9183608096734776,-0.9233758743817314,2.570882772807685,-0.09105505864059651,-0.9064556382662083,-0.9080257104574615,-0.1041042173290103,-0.9261303238414885,-0.9213714018181876,2.3613137220553475,0.8566389533190465
28,2.4194978901981514,1.4821543112018323,1.4430903583421535,2.4218678367592763,1.4827343484501025,1.4374044870159475,0.8287469931106387,2.513206391369576,1.5561562792677606,1.514821606190041,2.50619256623898,1.5332606687965302,1.5135551302954902,0.6640442041536455,3.398221513372901
29,1.4196572744601161,-0.1127037096395835,-0.11038173939384628,1.4332300468977859,-0.12749377919870905,-0.15561091382291609,1.7803529396211406,1.5864222967195947,0.03397870636083772,0.0332259402138746,1.5877812337998545,0.013155767576852224,0.026989401664904107,1.5070637392235682,2.6224898360906375
30,-1.8184382684160345,-1.6042150020333243,-1.5717705869127045,-1.8190059022501393,-1.602234724843443,-1.5885544276322254,3.6019029630191532,-1.717350367062386,-1.495165331757958,-1.4654514741091367,-1.7132349787840155,-1.482556718943384,-1.4562070124986803,3.432998938520823,-0.7479743774877888
31,-0.6077391040937365,-0.4640462771754348,-0.4681937490011251,-0.5863565758092825,-0.45364701981569805,-0.48353025862506577,2.6997581174140315,-0.6303761394947863,-0.44706940363358605,-0.4536705989694884,-0.6221462358606303,-0.45828538504909816,-0.47020292648627526,2.568949413168064,-0.2992052396323769
32,1.413763857229072,0.8537899444828528,0.8279491766423858,1.418769129140131,0.8386225683204078,0.8164315519505351,1.319857322489251,1.46647032856385,0.8741770888155622,0.8471257606770984,1.482015834266547,0.8711869901345876,0.8387146296668562,1.0842660170370992,0.9903598603055352
33,-0.38741109803454193,-0.2361549576759587,-0.23534895722879426,-0.3878966398956285,-0.23573935690403394,-0.22766098843079252,2.1534345512401885,-0.5220505309152466,-0.32479113014674926,-0.3199509570213682,-0.5342247171218825,-0.3229224406837786,-0.3169915725567666,2.332160846577055,-0.18601924779951742
34,-1.2820726742328032,-1.2228830538149398,-1.1825935405865522,-1.2757414079279021,-1.2050455093908958,-1.1816284909820565,3.1382059421601483,-1.386241706525411,-1.3267087088884708,-1.2836625971570756,-1.39151828655273,-1.3255232478592036,-1.2843837861687295,3.002318323541582,-1.6535165819111308
35,1.1274282903478783,0.7021110440840519,0.6916738198443304,1.1261813920652985,0.6969779156656662,0.6899461521985853,1.8300991531208715,0.9822754616580484,0.5038663242287867,0.4968180339875423,0.9836569451701275,0.49191260711641727,0.4940891123180521,1.7327437527265328,1.6150894109053522
36,-1.7867961286402214,-2.9587035492329687,-2.8858669638768193,-1.7778165863719513,-2.918612374892447,-2.8805100895672395,2.9353444342425687,-1.8650240823855166,-3.386457510067252,-3.296712183556895,-1.8517238726826086,-3.394446805109995,-3.3243306986378243,2.866989376950152,1.4214121475467443
37,1.246919138918798,1.5070806113826176,1.467190263642526,1.2394976124419423,1.4953411413917757,1.4467154987033304,1.7370612821333116,1.1300542418017576,1.4655744092923035,1.4285401659405306,1.1289977939145772,1.4547563340469534,1.4197331383387102,1.3570418619517228,-1.925598046905074
38,0.5302765962131387,0.49076874997979736,0.48222181952092463,0.5284161726055507,0.4887064660047419,0.5131405702897329,2.2509937576225423,0.19998884335146133,0.03153580109354174,0.031048318247655853,0.19017918059285652,0.05744961013587392,0.06795260046944175,2.3467081942741768,-0.4854449497298306
39,0.47488695939931247,0.6217233348077617,0.6080212618195385,0.4885227438173864,0.629607515239287,0.6103762095714776,1.4274230839577657,0.4179864103925068,0.5739698727229561,0.5606090130028172,0.4311998698217233,0.5733631509936625,0.5464090417589519,1.3096655275790987,0.10131335419425906
40,1.2553596463736583,0.15192869144197768,0.1475284253126843,1.2604349132882289,0.14787891446696372,0.15055962379383592,1.6013190991514399,1.2580272814257856,0.061534740805861146,0.059664605943124574,1.2621024607592568,0.06427475331510948,0.0565619289888588,1.3880882793020228,2.9888948609600874
41,0.8748155358038109,0.9190392065396961,0.8893808149287832,0.8781803957273612,0.9132855214653309,0.8934767494254602,1.2514966337881892,0.9123966279225783,0.9532145369777155,0.9214690124574122,0.9194348924189906,0.9432119732141543,0.9233990190055292,0.9651643125503878,0.12246353333470253
42,-0.37648725344825396,-0.37934661406609427,-0.3688746102933327,-0.37432358626792583,-0.377017542798245,-0.3715496054330238,2.7394891951626965,-0.3592654400677269,-0.3517457097680995,-0.3418367662824046,-0.3654929683726641,-0.35613822663140143,-0.34186860600001867,2.5925278731814116,-0.6097507742704109
43,0.7092396941668266,-0.32199750036791175,-0.32089162810300803,0.7002816063614972,-0.33284700013892204,-0.3231656518349724,1.8939143287088893,0.7365469090668602,-0.3446239964462871,-0.3437229490803023,0.719443654895972,-0.3418451698475601,-0.36900588910948695,1.720182587915571,2.0111063278659205
44,-0.08623309744006619,-0.3959184061010606,-0.3827402252335002,-0.09026033430277584,-0.4299036659488651,-0.4011987653807504,2.714272593469474,0.0673676054219694,-0.19681713938234363,-0.19018546411098422,0.052770438396125344,-0.2070123177010069,-0.20569311404321752,2.3495740657619124,-0.24505028324791564
45,-0.2714821978283903,-0.053263635461269,-0.05182532905707786,-0.29498248683009093,-0.01996083674962827,-0.05253140007288833,2.2695681020691527,-0.37287493984353426,-0.13670049193007583,-0.13312511976107824,-0.3651827501176478,-0.11193866742272712,-0.1218998378911655,2.2551261828041524,-1.2299360391027512
46,-1.624797233523868,-1.527407658049323,-1.4847482815905546,-1.6345569914877556,-1.5677094016845314,-1.476604790083886,2.855739956966365,-1.3851279994748296,-1.2851729351613113,-1.249122508082529,-1.4126816298053253,-1.2978803591439525,-1.275052908636118,2.536266130075148,-0.15924505310957449
47,-0.47292094611816116,-0.6283200139671736,-0.6167133116864137,-0.47813573416964444,-0.6228380614234424,-0.6375035672593025,3.326541463266556,-0.30468909770760694,-0.41470993091822567,-0.406805384423321,-0.3129845353203918,-0.4145944987207585,-0.4093456463522409,3.0234421123352937,-1.2158096193236092
48,1.5704489465928457,-1.2526569548990734,-1.2329129135342618,1.5771036694508183,-1.2641418800012643,-1.2189884279406733,0.7229690263969192,1.5104265351063675,-1.6523522867957423,-1.620118955512815,1.510886703042985,-1.637906396826502,-1.5983027553674376,0.5469660883929848,4.098403192403559
49,-0.6487065013488198,-1.0060960504282872,-1.0204121046614454,-0.6208985451700177,-1.0394222350945412,-1.0063881190308066,2.9910847332431185,-0.7871226903402601,-1.1698539617535628,-1.1834579841101873,-0.8102879324825761,-1.1373375727059343,-1.159512341039206,2.9562806795761793,-0.37523720577078207
50,1.3318126173556804,1.0007128732020105,0.980490697378694,1.331060586671218,1.0124880161760497,0.9910690874173423,1.764131579799744,1.3801894681163116,1.117212760584382,1.0935886015169072,1.3733605160814175,1.106975962625785,1.1114951250093632,1.5024070343061449,0.6632287815418374
51,0.4557276875273817,0.42288287141237946,0.4336079092315379,0.4465010030669238,0.43363284228599486,0.42732598516317855,1.7014446636518084,0.34263103285285124,0.31208409688915395,0.3192616299075073,0.34281245611051814,0.3211960269140399,0.34570522066983084,1.806823964818403,-0.4227488662999384
52,-0.22648391903613121,-1.358016990850138,-1.3172151576901812,-0.22915081622664035,-1.357669043840922,-1.3235480412753822,3.17715844252496,-0.1288140765635374,-1.2618336597697604,-1.2234353824328927,-0.11721698023624451,-1.2628517073398215,-1.2155733604184722,2.9843800627310344,0.3217925141471085
53,1.1174007948230928,1.397165877326748,1.3487004079242937,1.1242400399354953,1.403991892916306,1.3398134488017652,0.76613714322191,1.08079150190627,1.3687521485300458,1.3195633283331936,1.0956906701214284,1.3729942378498476,1.320102615084639,0.6433482258767232,-0.6284094873783332
54,0.6583641777888137,0.9322255369181962,0.9313607995550615,0.6645018332992008,0.9296598254812446,0.9406998042980173,0.9841127634829503,0.549065709999435,0.8322406759624082,0.830555845918854,0.5712827529296182,0.8343343041478144,0.8375663026273271,0.9734286759984553,-1.644335728203259
55,0.35363426524485403,-1.377931908300666,-1.3462737084283376,0.36719889045330384,-1.391617114666019,-1.3581821093051858,1.6956830975188941,0.45891426186046574,-1.3004388334183168,-1.26903514801735,0.4714097201907133,-1.3300024413170382,-1.2914877107780962,1.355832745755413,1.7619677798154871
56,0.8023210630847235,1.2272492741135768,1.2067281405571508,0.7968976994513143,1.2377714109705653,1.2141696643654545,2.6328911637455277,0.3290404996516652,0.7854154342307196,0.773225047791464,0.29961301504619947,0.79135189294736,0.7854788226375314,2.7226728616159903,0.13847333817624863
57,3.6603490731832165,2.591407885215776,2.5201365122422104,3.656040235935871,2.602847469873584,2.5229680081702917,-0.2608868102020617,3.651318268264841,2.5672057227883434,2.4963307831769006,3.652496900130783,2.569210974231832,2.510114218723547,-0.33925627290522037,2.6819643371285027
58,1.6752255185875238,0.25045622022501984,0.24320270135009558,1.6805719073835859,0.24449866538320242,0.252799304075768,0.9421472350054858,1.7274592285612698,0.206536638813671,0.20044214261222082,1.7340973314371664,0.1855650134324031,0.21229679819191488,0.7799550880718674,2.8152586364136534
59,0.3323344364123906,-0.2099174939025316,-0.20357946454439702,0.33524609611857403,-0.211173541586703,-0.20845532070379036,0.9734067204973174,0.3546008571527116,-0.22356450793497237,-0.21655440195439676,0.341967919686534,-0.2262179689858021,-0.20801918591160548,0.8639542032052256,2.2426430793213705
60,-0.7043399449599891,-0.8535072957220493,-0.8344304885866626,-0.695972315455932,-0.8443372993837291,-0.8375895584750594,2.1563830974703517,-0.6831751316307946,-0.857575937020028,-0.8369132020517929,-0.6932814410985826,-0.8527439924409987,-0.8344683200598129,2.173816587203578,0.8035517247241358
61,2.652785584546432,-0.8169091951326264,-0.7929878520152964,2.642244993940817,-0.8245037189943849,-0.7893783460405994,0.2649793522841407,3.0322835516693245,-0.518862120787755,-0.5060434687179276,3.038227080966496,-0.5347457820923387,-0.49396839037802537,-0.1457702491100268,4.367037994320126
62,1.2398065568280319,-0.0010035155767201785,-0.000979266227747453,1.2646810827265416,-0.0010548425157669782,-0.011130332898176979,1.7217549607749174,1.418114792309552,0.13796945908228372,0.13451764065940436,1.4137208348966834,0.15478714995938098,0.16282079722839043,1.4644696160434536,2.8040738619130687
63,-0.32073661446722573,-0.4352845643996611,-0.420175816805596,-0.32378323874013937,-0.43753749535337905,-0.43712239459333246,2.314074290742268,-0.2840613102929349,-0.40216724313660546,-0.3885346366504666,-0.27462260383614756,-0.39836273913838016,-0.3847360988494986,2.3015542973820473,-0.21769768414101506
64,-0.2679582649200848,-0.20869459082135952,-0.20664536527743946,-0.24078727956342053,-0.20542665653936493,-0.21739366620110384,2.177514473287225,-0.4316963516998051,-0.3581419481402742,-0.3554675735995749,-0.4170384097017749,-0.3456643792634497,-0.37650011317914917,2.1325044679323337,-1.0727871829843223
65,-1.9294880338060183,-1.8827647178348612,-1.8611416688939242,-1.9466716233845989,-1.87596366709318,-1.8773098663637477,3.961265079050413,-1.85632449386088,-1.824298510791715,-1.8020071755616418,-1.8570901674671842,-1.8069040003519645,-1.7934215286325814,3.6212046727679406,-0.4569528584767432
66,1.0150279051004312,0.9415993673142686,0.9203995485291876,1.0222260425054603,0.9118186707268555,0.907647304172483,1.9741866735561802,0.7995817237979036,0.727264778211464,0.7109692674816663,0.7822639291574632,0.7291403808724711,0.7336677952257049,1.9898384997695966,-0.10376497918349599
67,1.9225760486675016,1.6980363352384178,1.6780991068210416,1.9143421253118895,1.7146789735418446,1.6848253884326028,1.7158746610851483,1.9222497175292101,1.684417705405466,1.6648742613342953,1.9219907852633038,1.688476982517422,1.6631775785894332,1.511560200303548,0.9687245472427343
68,-0.8566997703364654,-0.7346375515621044,-0.7169065420066595,-0.8210757304230564,-0.7284371094931383,-0.6779037556178543,2.6766076150307256,-0.9904031689338566,-0.9192293018328238,-0.8984604961674238,-0.9704846706897446,-0.9382129000318781,-0.9494243182434668,2.5814049750653325,-0.4178929899571575
69,-0.1730772118478012,-0.4503204487802661,-0.43923482402046277,-0.1816687603302545,-0.42060979148668065,-0.4367715444394148,2.543649005482403,-0.5484976202817812,-1.1057030907213454,-1.0802573704943585,-0.5532015208633796,-1.1002900793926575,-1.0520544094362563,2.6029851623314526,0.1788853898995454
70,2.674796375597713,2.089317560391886,2.0727378739722004,2.6806148620119274,2.07043372935101,2.068990156902866,0.30984070257950774,2.617741344796341,2.0102439406967307,1.9922226599023825,2.613472532904811,2.0070176194042513,1.9830842848748784,0.18843607536864265,1.468514076019877
71,0.7018240849769932,-1.9058488162906235,-1.8618981334893006,0.6991127120283019,-1.9415381880858444,-1.8558705144023653,1.5750088986937538,0.9336079691099982,-1.7378530832181807,-1.6989232862129129,0.9451081590098798,-1.758386633773229,-1.7081863544478273,1.2930319105008257,2.442211704318175
72,1.179757695410657,-1.701087509231299,-1.6530165108434194,1.2095129396080986,-1.704508041339511,-1.6488672279392727,2.016217270464853,1.3641805831089322,-1.6390479161669624,-1.5911734272974856,1.3763677543952568,-1.635545641815299,-1.6002931044726845,1.6752310456258315,3.3324573334391823
73,0.272783207898941,-0.04423602052232158,-0.043951237079983586,0.27716074543286134,-0.06408053103310891,-0.046570324269765664,2.24269677066467,0.4070753932710865,0.07181719231215758,0.07122764039783068,0.4106050877324736,0.09658791154554948,0.06762709661357158,2.0196376825704636,0.8887546624651037
74,3.8801059074807913,1.7066066234312927,1.6815885319029626,3.8848528689744932,1.7025244932391175,1.6847172285096905,-0.3557578199287282,3.969864307727705,1.6546400092073608,1.630191687872028,3.968865527722869,1.6477508449965752,1.630356991492489,-0.7108761289960234,3.9836794548306877
75,2.6060179806849733,0.5205520483164803,0.5165720151400954,2.614609436623655,0.5174309312348497,0.5287947473313207,-0.09795240139398737,2.8453877654172426,0.5563920414587123,0.5533069591893932,2.8400592829448383,0.5658586317293699,0.5613937754666185,-0.49411679549222687,3.4772574896102966
76,-0.5998379046514708,0.12907577314960833,0.12654763727791873,-0.6060447227420517,0.121846585548139,0.13323165205449566,3.8047993782214715,-0.844404567469508,0.035251276279101955,0.034485337866095395,-0.860640080867857,0.044525891445232425,0.035856821331067906,3.6020176172092864,-1.917828299319053
77,-1.3838724198908592,-1.4338787159365407,-1.3858409487908732,-1.3889918039283577,-1.444220011537584,-1.3794100366986008,2.886107377774915,-1.227394325175201,-1.258786767547206,-1.2188613990626378,-1.2258352164326436,-1.2574341263948214,-1.2137136426883646,2.7056475641948894,-0.6863972423010626
78,2.2398098977486947,0.6427715932340666,0.6293554880932355,2.245975658764316,0.6356717779353906,0.6192806355890025,1.2257879671029561,2.3713293455688236,0.7190698361422637,0.7034603963446743,2.373363459011866,0.7326653395414183,0.7171751986000972,0.9244242399870096,2.8713329534951515
79,-0.715401775564734,-1.0249632890962563,-1.0158324796215117,-0.7019420972002198,-1.0204069044194395,-1.0051732052972542,2.5546060509550514,-0.8399183181420569,-1.1976468519903771,-1.1842294195796006,-0.8346586269858253,-1.1969438624379831,-1.1937173392424534,2.443321719469217,0.8071573131512709
80,1.3465051591794293,1.5410991247236066,1.515550581954618,1.3422013665198298,1.5400817810810252,1.515950734812,1.4181298903419461,1.2436514672592482,1.4487599224418986,1.4303775523287814,1.250657836620232,1.4663835242645582,1.4290715015444935,1.2646349613265464,-1.1547429544200964
81,0.0654681180346751,-1.6733507122034075,-1.6227155104851707,0.06481248128764808,-1.6625605041692144,-1.6243404365731475,1.9705669940943995,0.1320191228846736,-1.7356594622831634,-1.6801495943063955,0.1346452596293986,-1.7293165006688052,-1.687506300547609,1.774971855840182,2.1446059496941126
82,1.0991833420542407,0.002366889221793323,0.002350089144026771,1.1193194896713752,-0.010694904170302366,-0.02475299016030761,1.0534079027502463,1.3839672374523349,0.14317431692375046,0.14227029941387342,1.4074501888552966,0.14055557832689852,0.12526166317042503,0.8901438250521841,2.2101684106611197
83,1.5219724837906417,1.1610023750323175,1.1420493032380974,1.532691841548897,1.1596237820961035,1.1324549601417675,0.07345525321591843,1.6163911789128413,1.2790394776056953,1.2576587156107712,1.6192073296723173,1.2966731280199828,1.268941142823286,-0.21801129457672896,1.212580694858219
84,-0.13257542534022163,-0.7930258311924997,-0.7712643190389743,-0.1378346408328505,-0.8069655507890522,-0.7986981554200592,2.3881126561398767,-0.18719169804713087,-1.079188468729175,-1.0479603562119164,-0.18044153981713912,-1.0646688365857033,-1.0471674717440738,2.3127910601169437,0.5000177805440287
85,2.7740973848029005,0.5802057928363827,0.5615482434889776,2.782444187099847,0.5675182975560589,0.5563618299514531,-0.0680849399971812,2.859083911149737,0.5725402217482213,0.5541576147036378,2.8687579557716805,0.5564887014570543,0.5696899212438851,-0.3582422281065688,3.9761914832063625
86,1.0407977109563575,0.5387683490742023,0.5229535591085918,1.0429998403085499,0.5450442324125269,0.5088322808976689,1.483275689430725,1.047267573007764,0.5508311476798623,0.5346112330323638,1.0441752224209877,0.5582985422368336,0.5303499310696659,1.2167437438420061,0.9010357206811231
87,0.3386290170522589,-0.36243987658616067,-0.3530780016704442,0.33448520962090905,-0.3670067398154719,-0.35388193437922005,2.494069066415271,0.5626244800318534,-0.11932215636296424,-0.11627955806858459,0.56531028155253,-0.11970548330000007,-0.10997381890907905,2.236258783238975,0.712610130541324
88,2.06463392507224,2.2345602963625795,2.1784932893672897,2.0736193766680477,2.2351626659475765,2.1791636734097146,0.9432746087368902,1.8910010368227586,2.0736188725503815,2.0226313674925462,1.8907252131636032,2.0820204546871937,2.032435714240793,0.9049986030420966,-0.6839745372249363
89,1.8717864445286916,-0.3501858448027781,-0.34355661297392104,1.8922194564082389,-0.33987021883335494,-0.3461548382122902,0.9426823988398322,2.2246673129513233,-0.14719971349047742,-0.1439780894563209,2.2355881028692495,-0.1486254101776776,-0.13687924001857954,0.5577859165812851,3.5781109369140798
90,0.36732568134513405,0.21112623109237602,0.2059774107714314,0.3704954381657922,0.22249732707208023,0.22182023959313507,2.020079340634368,0.25961298608598327,0.12062627205530253,0.11765428837854582,0.25649483128675105,0.12561013549656105,0.13421345071217156,1.8770917080086327,-0.10228520727089675
91,0.9921872119096024,0.6012727295400726,0.5816086729125878,0.9873985515112481,0.6080376671426697,0.5747466372079967,1.4165753570983584,0.977349811593017,0.5868859535968138,0.5677499721001686,0.9720366457182947,0.5892693746196808,0.5617827521995299,1.295549922325223,0.847578377025606
92,-0.6647499316137576,-0.7369600494205509,-0.7311188791148528,-0.6945082489390207,-0.7291795836366561,-0.709701308091901,2.494949584848512,-0.2172797856885425,-0.1904588847823451,-0.18880585688051535,-0.2312842454007792,-0.22975175809889756,-0.17652023134262412,2.2794050799660277,-0.07546035148830792
93,-0.28228049064456845,-0.42465930108503214,-0.4228013405943545,-0.27896252992919035,-0.419770585500886,-0.4294743560586253,1.4871087873999524,-0.28603807285709243,-0.44766487495376006,-0.44555935119129,-0.2880000664366274,-0.4424549500263716,-0.44972067379600694,1.4499115852658873,0.5863455275381856
94,-0.25538294796562244,0.5100938479735544,0.4961302976275221,-0.25581505432498464,0.5375485207797138,0.49577933817389647,3.2052965791843118,-0.1665157389860969,0.6589391256523723,0.6405553800267257,-0.20210546481582317,0.7108074557070476,0.6335187625500949,2.6680669737073646,-1.7616220470359603
95,1.636131502248076,1.6659032878209263,1.6450963133891705,1.6326707412304908,1.684672443622687,1.663390037234499,1.2185444497078688,1.6513118863454077,1.681297233808804,1.662077323730368,1.6501404235487538,1.6769108334478877,1.6656390763810487,1.0989054230099264,-0.18866254736892218
96,-0.33169985483636805,-0.6184782973593376,-0.6170733216182084,-0.3345916049838189,-0.6197502419142515,-0.6170949886715642,1.5668906658327026,-0.3523448932383405,-0.629109206528244,-0.626457410906214,-0.3484552554829081,-0.6368131024928666,-0.6231983580042492,1.5446502913142122,0.5514696298157192
97,-2.1153923238988117,-1.5711418186923967,-1.5411877628702704,-2.101284863340221,-1.567139813498128,-1.5461620665362015,3.766614396983227,-2.5903579819887224,-1.952966138862793,-1.9170571698514078,-2.582290727017048,-1.9521167741970242,-1.9446866407142112,3.8922856217142994,-3.4891983873035826
98,1.2974648391041284,-0.529828752531104,-0.516168015643071,1.3049262127112895,-0.5658514513303847,-0.5466449914677647,0.5972137044684318,1.1289075040634229,-1.1450795023598879,-1.1200925655106875,1.1329205452225353,-1.173928876227926,-1.1284275477129373,0.559678942199547,2.565877128897835
99,-2.0647349971995914,-2.120581645167934,-2.076020495608455,-2.0480080624798895,-2.1216234843223565,-2.0853212036060342,3.9092488724688077,-1.9759496895902828,-2.0496299634094632,-2.004856720452802,-1.9618049426358974,-2.0674496270438825,-1.987554091264106,3.7182922612903306,-0.5695188088183601
100,3.071964107022242,-0.19357211456909235,-0.18876130852276995,3.0817216277891504,-0.19619923691894206,-0.17618764476466914,0.5056906214182828,3.2173627124920947,-0.05747620527013441,-0.056022592662463726,3.231165593814505,-0.10136887681832073,-0.07083295815244332,0.242518908364722,3.494820360161804
101,-1.2241255092129717,-1.1656552127165904,-1.137634687246768,-1.1964390429363196,-1.1781584169943642,-1.1406791934381586,3.7349166572319805,-1.4470610371616237,-1.3930722636921373,-1.3599368004426258,-1.4365663942939513,-1.4142091367136225,-1.3966350009146664,3.7460990342043887,-0.7301074191652452
102,0.5662208866704191,-0.05908345511138603,-0.05787910279220744,0.5677798225360067,-0.0749651942267372,-0.06612893159686174,1.51580320687889,0.6016299067668982,-0.045252838002744565,-0.04432433598153955,0.600545130823626,-0.06007005307713716,-0.04243538417913375,1.3603368757872463,1.5098979372571188
103,-0.008576994408727858,0.228718476479255,0.2247962629581538,0.0004845040628704051,0.23892946477391422,0.2237160116806172,2.5087690096784363,0.028258616327237394,0.2688268809706289,0.2641091040859951,0.005602180151052856,0.26765785593740377,0.25370737675550603,2.3128237966567298,-0.8392130238523966
104,1.2287981306236406,0.6524385130393413,0.641666600742202,1.199478890640088,0.6491219675463452,0.65015777382271,0.927813772191592,1.3804564950968998,0.7389520452253838,0.7259493685375178,1.3648295392097063,0.7331947572283222,0.7324086485328376,0.5913955589949792,2.902677480132073
105,-0.890768259304711,-0.7827774562975514,-0.7697049281965924,-0.8826923935190579,-0.7649358691199899,-0.7585669650974373,2.6233367339312377,-0.7963347169475159,-0.682249714807256,-0.6710014841278282,-0.7989812017824258,-0.6734501442676865,-0.6743927910530192,2.4633699424367266,-0.9933634718892329
106,-0.19305886048425647,-0.0363372383675478,-0.03534346401533122,-0.18998219616994436,-0.06613289700509878,0.009265060326895384,3.0225201546138285,-0.30158849598552695,-0.1359247624558976,-0.13202102080074352,-0.3155760342838063,-0.18177218753829255,-0.10988040785855435,2.950235195002105,-1.9889609111499758
107,0.8336506720296822,-1.242038075343893,-1.199256168942167,0.8316078748434406,-1.2533191807153152,-1.2061643360830712,1.817507698996097,0.9872286371082797,-1.22140131628874,-1.1763544834800603,0.9823273815897294,-1.2189996059269883,-1.191463058162767,1.6747608001432153,2.7242657837655546
108,0.8711156502297822,0.11724607380520694,0.11459757327873314,0.8710590610708141,0.12402168691748167,0.10042540430990936,0.959248470949552,1.1605332862559732,0.3543050811161732,0.3463196984579778,1.163050688600768,0.37975110095361564,0.34798929583719285,0.6120009901077932,2.1658893152710474
109,1.2431750341009296,1.25005754191135,1.2178993874437036,1.2356286381456403,1.2667673360475233,1.2043299494206012,0.6637819643816608,1.2543456265810125,1.2750507369230755,1.2442376705348388,1.2632538867841552,1.2615036356026221,1.241750756599554,0.35927378614391897,-0.9516565452719796
110,0.18361680151184467,-0.1194482481710078,-0.11741673169454435,0.1835048083150769,-0.10595454345521742,-0.09916168601614288,1.7991981668937627,0.2080208677820642,-0.0830937583339801,-0.08166084415348447,0.19781797733644294,-0.08294596785407984,-0.06290252628615087,1.5920842127104824,0.5199270317996563
111,0.2908662790344049,0.6736415653557252,0.6574201222294527,0.29557389739921297,0.6956934150238026,0.6444035336964197,1.8647059353413078,0.42402891664777076,0.8240169947232512,0.8039560443191088,0.41333556696132445,0.822308073017712,0.8029489373749962,1.6351044422048158,-1.4463595374055238
112,0.21885359697423784,-0.589423139868701,-0.5760905941009631,0.22105695607187612,-0.5867899351774295,-0.5890826899536945,2.3844659737344043,0.2585291943160421,-0.6114946896944103,-0.5969824029468856,0.2576090485460197,-0.6175390166943674,-0.5896999510255271,2.292628604517786,0.9286361465465969
113,1.4109826707086857,0.779760222039,0.7554084133385554,1.423493983805296,0.7804764281566688,0.7544244070084168,0.9240962915918827,1.3725284459965952,0.6820397152696149,0.6601537574916504,1.3685777547812572,0.6860487822007361,0.6697573544499552,0.7173587024664392,2.877580278076774
114,-0.4166508103498938,-0.7089930927741169,-0.6819465424811918,-0.42394467226355725,-0.7163842761156329,-0.681129508266333,1.8503496217376656,-0.30261735614264007,-0.6139451515163468,-0.5909328826097887,-0.3023302784363572,-0.6055837055815154,-0.5798098113578287,1.7027147332949684,0.857245289097168
115,-0.3936253507044948,-0.38386274231191486,-0.382837760045781,-0.40169186925248007,-0.41066281371384195,-0.4107162836987723,2.669679506384452,-0.38414313883044643,-0.3605673233035656,-0.3588892999635017,-0.41474478856151104,-0.3631304111782446,-0.3348590539352236,2.5293432664001005,-1.735885830490255
116,1.861615962708727,2.0057161971051163,1.9488565951457781,1.857439521908609,2.002115413066434,1.9537325019501992,1.46706601388801,1.8730704989289035,2.044685844892574,1.9855799296629233,1.878619015779927,2.048848232355293,1.9940735201623934,1.2322747454586191,-1.2077164765807797
117,-0.5859954278293728,-2.1256351105445783,-2.1076125572754134,-0.5869312609687904,-2.1159417820760407,-2.1025401045728755,2.988939345671666,-0.27362644793753516,-2.102729274206762,-2.0789364002563415,-0.2776782941884287,-2.08428866186537,-2.061238542976967,2.6199425374919105,2.2759806999956766
118,1.2629503143473855,1.6329628444242057,1.6175869515362529,1.2756028576567726,1.6028490480662754,1.615430598310498,1.7184454696795468,1.3978966218900033,1.8160858028022753,1.801489683465587,1.3717481407410441,1.8018684444112136,1.8173896247846852,1.3772162181677707,-2.5135150091544345
119,3.3206501981384937,-0.3595583903261923,-0.3619833079762963,3.3325719824104763,-0.3522229393220885,-0.3289617223187954,-0.4192821140951337,3.3090144468008074,-0.5057435325855055,-0.5076624821711447,3.2916422236310257,-0.4709150430990563,-0.5113493667324421,-0.5756096916954194,4.12543830668925
120,0.7923329501376132,0.7383787443523394,0.7417963323212458,0.8009282604668315,0.7436701543783121,0.7566005912672262,1.6490280862845492,0.7205765842979196,0.652190105814892,0.6527702365875119,0.7181621071712467,0.6468622861774475,0.6354134974652613,1.638313893942574,0.47736776845056567
121,4.887226159523587,-0.5450727836128023,-0.5324502653173802,4.890973133085882,-0.5497548285362978,-0.5566462751816849,-0.5529530503398625,5.0631148517853735,-0.5517726124040678,-0.5390664387815843,5.061391808904511,-0.5517775325061426,-0.5331364843177419,-0.8311870602100327,5.348031539886622
122,-1.179434564779737,-2.120358415682888,-2.103246731433169,-1.2211169792065537,-2.1207105590899227,-2.1210650845706844,2.630703631640719,-0.9620667397340364,-2.220844498622787,-2.1955814543568657,-0.884415303612832,-2.2343743630040533,-2.1929831766703347,2.2658419066093036,1.7560903165828976
123,3.6323256751502258,1.565352420235049,1.5379136212145863,3.632006255142517,1.5787614029376933,1.526596310189392,-0.3273237228782378,3.723747240869683,1.5878345425585585,1.559008009261261,3.719507843838677,1.5957834832011606,1.5596700592484798,-0.5878842661294278,4.292211926351437
124,-0.6039217105795412,0.26041878613892555,0.25712995841275177,-0.6153811216073387,0.30478719129250686,0.30124734582643986,3.174264056865347,-0.4568477790663268,0.5360214696040702,0.5312935013322833,-0.44033833802133326,0.5245115578814159,0.5062376229719323,2.8510085866832378,-1.8557122926188978
125,0.9513641754330076,0.25271495446940023,0.24598923021425464,0.952423777511976,0.265784161675438,0.26858300834676835,1.9987836576842146,0.9115672900767234,0.19802869111617674,0.19242807016161761,0.9123557364676033,0.2152081964732576,0.17110898518204642,1.8071370898257157,1.5083028140395538
126,-0.3820634903659061,-0.015701865618493866,-0.015529047798691263,-0.3992094103963589,0.012880903153765803,-0.031838584250483117,1.8231394078309606,-0.4198835691905273,-0.040339703627569806,-0.039882021263408216,-0.4345887045425928,-0.049641275420988396,-0.026665617547441435,1.7517714651552545,-0.7020724950498839
127,-0.9008139766099653,-0.420498348817675,-0.4154790071737837,-0.8875621298797293,-0.4125008523683006,-0.4022146428514734,3.3312861232894946,-0.9153075121902449,-0.32633509637807256,-0.32326489126941493,-0.915691027321368,-0.3320447989951476,-0.32149351533743314,3.1625569455032836,-1.2266914707383425
128,-1.737524147195114,-2.118893797596679,-2.0450148386752955,-1.7432993039642706,-2.1219634564201684,-2.033219712446621,3.18102300947113,-1.7411760371395508,-2.1808099487968997,-2.105168446426863,-1.736190633844817,-2.158380795723777,-2.134421267833269,3.055287007506549,0.3948826235420339
129,0.23664466745719273,0.699986206148232,0.6832155627947041,0.23325141961270243,0.7192068023961465,0.6854391332038635,1.713868493369628,0.4506531745749183,0.9696606611881636,0.9478651546192959,0.4361628018646428,0.9956191369917593,0.9351385652332095,1.4065795834245283,-1.2174014913211124
130,2.931804091077929,0.4379770478733835,0.4319001948024119,2.94146021865045,0.4262555696941565,0.43412652253147005,-0.28109471638488065,3.010603269521201,0.4050530821212529,0.40013782194906683,2.9901763965003374,0.4324313010705335,0.412063158903263,-0.5460767603895572,3.3361111474775913
131,1.3943913474098941,-1.136965614791981,-1.0985198143079187,1.397009907915086,-1.1443047145026077,-1.1043735870895046,2.222706426639817,1.3301713762536334,-1.5884262202279622,-1.5326868350269607,1.3371049869417002,-1.5933002191741343,-1.5252378614555198,2.1434151198681395,2.599952765410385
132,0.4454738764876865,0.46286272066266604,0.4547642125029685,0.4555409416566651,0.4722435698864304,0.46319602555784484,1.5500810278410961,0.49590286789017535,0.5226803011181913,0.5133531262030943,0.5082396621771607,0.5177481572981568,0.5290439498421691,1.3273364824822707,-0.14059889738339368
133,0.6045804133552268,0.004497527430681837,0.004445855471927894,0.6010750313543097,0.005195705576230173,-0.013866927168793456,1.8306261519089952,0.5339866521706707,-0.14254173528041647,-0.1407726858045027,0.5276708433827798,-0.1383734558183159,-0.16822439566141903,1.7699125439693524,2.024391788695648
134,2.3202108433458015,1.8405744851505312,1.801244765639068,2.317716487230631,1.8409728564641998,1.80229984391544,0.6969326594013158,2.210017880769375,1.7165698531926665,1.6794330765649357,2.205145372579409,1.7218215399178693,1.6808776339845373,0.5868188200870582,0.9840674854551643
135,-2.2305832864670707,-2.034304915147806,-1.9813931806112737,-2.2357121030007785,-2.029398494800774,-1.9802300496979515,4.389306046479795,-1.9978353933293844,-1.7562114277379015,-1.7113863498854995,-2.0098635774471,-1.7663421876800698,-1.6874721369287917,4.021832857702946,-2.416524932957552
136,-0.8642180811899801,-1.9689921096086354,-1.9119503911958764,-0.8449998645708806,-1.9341342554220164,-1.918200318684172,2.552882159088729,-0.7640333973208222,-1.9425726769062923,-1.8780925590525177,-0.7515945086388053,-1.9463260940135292,-1.8715861112948844,2.3449229486125716,1.7790385217730609
137,0.5809380646507017,0.7683588219411764,0.7461396004886839,0.5848224088124041,0.7707097340286019,0.7476738100957635,1.7638019434019214,0.8244675477422586,1.0638969195849857,1.033931629267814,0.8249862103811705,1.0549271804943108,1.0285023883765032,1.418597931202369,-0.6931910159170732
138,0.28479750754402505,-0.48473662942527734,-0.4796211333604002,0.2861643318227346,-0.4874078081578784,-0.521227375828563,2.417092712102065,0.24173883466578563,-0.5844136471747238,-0.5782614299082722,0.24385194392916876,-0.591252258931849,-0.5698928309398097,2.289814502087721,1.2071503707881022
139,0.912217076917321,-0.3439404564917876,-0.34535570431977636,0.9291483447930823,-0.3703154583009397,-0.3115775164404671,2.1554959898601154,0.8603352695724861,-0.42081373906049424,-0.42364295759697906,0.9041168328295106,-0.408281056487729,-0.41291420734158146,1.9742563012696341,1.6923886970128517
140,1.0251961991656475,1.5820143013151642,1.5515235217576278,1.0132417370441342,1.5603142183739167,1.570437973549577,1.2219008108719056,0.8823091705093301,1.470515840733009,1.4410247347330558,0.8694921431778386,1.4749071905424618,1.39906293914746,1.139437809443022,-0.8136167592594195
141,-2.0836215884604092,-2.0635537308641614,-1.9725423093588774,-2.0855313547986145,-2.0662907244999635,-1.9744215740003623,3.1407810449387785,-2.0802279080569708,-2.033620424429557,-1.945466301926015,-2.081573786686988,-2.042990313287833,-1.9456647891969021,3.1419673937795944,-3.045211503416006
142,-0.1303876880896134,-1.0275211131965338,-1.0017310675588562,-0.13186807119021113,-0.9926436421282602,-1.0069059734126409,2.118126335514692,-0.0526331774489189,-0.9900793488806768,-0.9609984662753095,-0.04070349251005586,-0.9597404649893474,-0.9701293036182648,1.7745780414964902,1.4809391932242728
143,2.241892925691185,2.3891044876195675,2.3774513849549086,2.2519393362077196,2.395582452248544,2.3788775783017733,0.6332929711637564,2.1995069423489464,2.3492045235610237,2.3304506942046435,2.1982898097945984,2.3338323054784436,2.330159017735659,0.5045692146714589,-0.6653011766243021
144,1.5989808689929366,0.452547997388898,0.4437009162614393,1.5894082348482668,0.4394399351943128,0.4901048758810154,0.3087365903156242,1.4491951541624513,0.11048015066934422,0.1084348464216194,1.440185063046557,0.13496066982714108,0.10765750067912497,0.2630433552071891,2.2300208013678757
145,0.5390761838967101,0.9470013396466694,0.9212740849828457,0.5415675091407611,0.9360673899069384,0.9379652201918635,1.2579501946178975,0.7751329010233259,1.276705586892002,1.2477236080805592,0.7813842526823696,1.2750178596594957,1.2351205057751118,0.9911858532173196,-0.8218522983356253
146,1.3552783811012534,0.4079908363745793,0.40668028763220626,1.345701864431394,0.40974371979106566,0.41711350913606116,2.079822302158924,1.3363292268127445,0.38718201932286705,0.38624713371316527,1.3488797869149365,0.38495143192384307,0.3943695400693038,1.895400830094212,1.7911604331133033
147,0.06693995869893175,-0.21102474477515937,-0.20754048891778099,0.07657296370415845,-0.20845969466829586,-0.2098389852101581,2.143705705822769,0.28872562339988445,0.013741035711983105,0.013517684213564649,0.3090401469854876,0.014672019283347326,0.0167612869350565,1.8782239037662114,1.139554643355033
148,-0.7274459331809041,-1.4243213605623608,-1.3927728469115823,-0.7275997719842046,-1.4317203580019198,-1.3904597276204465,3.006577304549694,-0.508987313167105,-1.262923481361927,-1.2296023910733433,-0.5185692974733493,-1.2579312439952979,-1.225134287568682,2.64057072338882,0.9376582659558614
149,-0.8275403045259828,-1.3292320039777297,-1.3097849886471962,-0.8544242763722658,-1.3169628764414205,-1.2820648663290175,3.1334070804245573,-0.8974143349344129,-1.4581832372257122,-1.4354458318353807,-0.9075769968954707,-1.4702609373009918,-1.430457209434631,2.9863754645669407,0.3731136956908796
150,0.5312120444325257,0.5058916953948408,0.5007305397913795,0.5422937216363016,0.4954656895882907,0.508016737403381,2.459717064345443,0.3904428605492782,0.3590414881298905,0.35570158875879504,0.3795243913427024,0.36789984386121477,0.3325148951492919,2.3650056329316493,-0.3428262018011571
151,0.5918494392408117,0.7020215060849666,0.6892082037304345,0.6103352920706546,0.6782508123074361,0.6915560793064701,2.2155651684087303,0.4559361847837687,0.5554787093219515,0.5452110826340271,0.45636744097064447,0.5343162174184889,0.5460762938381459,2.045769114941598,-0.6263256741968115
152,1.4079073991073567,-0.14210799306607955,-0.14163350556467147,1.3896573960290688,-0.14882914757506266,-0.11067260706291605,1.6604885962575726,1.5011405023907112,-0.0807844804830595,-0.08025742194526492,1.5207970398502373,-0.06297506638664556,-0.09073028590237597,1.4178648595615924,2.3921075931872107
153,0.21805462110424065,0.26972613302250426,0.26471674184169974,0.23674498850211154,0.291038211069363,0.2554478826290759,2.0956864946790255,0.1761218042141778,0.23291560605738207,0.2278519430016743,0.17938055355468113,0.22741338594446242,0.22158602508490943,1.9113654398576574,-0.9301203760302068
154,-2.0398604369974604,-2.134006305336877,-2.0866955310448176,-2.061595849082243,-2.1392058911913105,-2.0881168390170832,3.861149166664464,-2.191527235734847,-2.320834073635746,-2.26480514684873,-2.204404188087435,-2.311382379888851,-2.262290050430926,3.6129811892614794,0.562510958398356
155,0.7040074882758582,0.0017873899482492078,0.0017431408903472339,0.697992703979533,-0.006143250629408601,-0.02086034929030267,1.931950251508972,0.691674088228667,-0.049961057948460424,-0.04872141072346208,0.6871194912062581,-0.0496252414791823,-0.047681313269573235,1.7940617463014388,1.515015329007236
156,2.086743126090908,1.9732810430267,1.9212849381051031,2.083283116527545,1.9815544033397678,1.911727326587156,0.8218178430845732,1.9606516128737097,1.7651434425330386,1.7219786667226866,1.9571068176260644,1.7530755671439855,1.7131442315476901,0.6557316646248932,1.280867001062807
157,-1.0983834006036806,-1.0586884620771067,-1.0552517268962127,-1.1022306475409058,-1.060907027800682,-1.0511288897823565,2.1556768626572347,-1.000091068267956,-0.9471983441606889,-0.9411173098613227,-0.9977737375054443,-0.9264130077207072,-0.9377808862467026,1.9398420731037502,-0.027191324815983964
158,-0.4602207704156192,-0.5727401941561057,-0.5599996621221758,-0.4618001508134155,-0.5771016672753846,-0.5632982571286992,2.8898205816481575,-0.4902281049286347,-0.598133764667452,-0.583673650823178,-0.49067358701033376,-0.597519345776932,-0.5915999412787993,2.754070297019436,0.2906582564593081
159,-0.07866498719967878,-0.13203771674983997,-0.12836196290260343,-0.060763035131192085,-0.09780668640266796,-0.1601626707405942,1.9837597130207894,-0.24459310141839927,-0.32439381395551903,-0.31444771137442956,-0.24314229432435136,-0.3405602665110732,-0.3189967610141543,1.9570990608837522,-0.1640572493740351
160,1.9653673407020094,2.0756661982577875,2.029543343850738,1.9677289563300873,2.0568650696931963,2.009434968574707,1.5313250126756826,1.869756304040079,1.9915085504727312,1.9479166918187079,1.8816194217630404,1.9893630150345956,1.94251173785258,1.3810353483611528,-0.45052541256941414
161,2.303073772321358,2.3114469434655143,2.2914574903219176,2.338984358351436,2.2983256328163084,2.311156283746256,1.0225274139709692,2.325611060068803,2.3627387735109995,2.335050869087977,2.3021801094861876,2.3667499071764393,2.3569571187386185,0.6555581489649425,-0.41855076084942083
162,-0.5979379532313368,-1.0554921007681102,-1.0255937221225875,-0.5841825045932336,-1.0599996984045383,-1.031915742661094,2.397792683060079,-0.6930561602484726,-1.172385611723249,-1.1376648931508095,-0.692203600424877,-1.1684533644214516,-1.132521676330138,2.3409504043554947,1.615418169189687
163,0.25133672197391005,0.15162386003097422,0.1499906377423447,0.2632290032120972,0.16734802043307356,0.15865129425116054,2.035534148675708,0.16920936530761238,0.06460360398536766,0.06392449011074082,0.15894487265978055,0.06104372962349503,0.07114270102059071,2.03597064286917,-0.23135346926289346
164,0.16910879821426636,-0.9268648515266842,-0.8976144538647375,0.18826886719776106,-0.9208411096693513,-0.9050998327238977,2.334840003687205,0.1503930729446873,-1.0069930101585476,-0.9736091852050841,0.14553318042327545,-1.0091880189621432,-0.98300529086403,2.2728337565962513,1.9278423904517883
165,0.46441611401324917,-1.026787507591208,-1.007746954031038,0.4744105363390276,-1.040430436018572,-1.0276482202136068,2.3801895884028177,0.48369202204063366,-1.0271530243809461,-1.0084809113659676,0.485942397875836,-1.0304512362123888,-0.9980164360702729,2.25121732173607,1.463261850936525
166,-0.08565179082967674,0.07476530028606476,0.07354268664997128,-0.10072078095731428,0.09562427868896668,0.09406761521547351,2.3949029189830218,-0.17992430865936365,-0.0010915733930297155,-0.0010779651716885368,-0.1376808738184031,-0.0019642496772979924,0.026881129452339052,2.254819718565353,-1.1314666864743907
167,0.5642360041637332,-0.3592978407441748,-0.3466569918324659,0.571692848926347,-0.3563173891241263,-0.334107377389335,1.652013196880146,0.4343450628851059,-0.554265569465373,-0.5335878021334812,0.4290368209679544,-0.5374792514636274,-0.5328826405633272,1.509040339167825,1.8711040706860913
168,-1.5394039200665761,-1.7050935932720426,-1.6726371640639905,-1.5380330474100499,-1.7044154977788597,-1.6942267013222363,4.38420294697015,-1.7177166396562527,-2.0169616675480744,-1.9906282834323659,-1.7226146997816083,-1.9907258625650586,-2.0223970247092007,4.3616954159402255,-1.418563918642426
169,-0.2710947751998147,-0.15526252359475554,-0.15430509995033212,-0.269842367619057,-0.15840533336332105,-0.15612053587326005,2.6209948176657125,-0.2229438526132157,-0.10059475245120847,-0.09998588225524713,-0.22304656038417683,-0.0902940816788524,-0.09970012048631917,2.5467915330237614,0.6038751463428864
170,1.5195452789514399,1.5497626270335088,1.507465245576273,1.5119398860985491,1.5490980376131327,1.5029997444268588,1.2956805676334366,1.5856042548418936,1.6169000596058194,1.5730458761308745,1.5860366584866001,1.6295565204656663,1.562715569465893,1.023042685836588,0.12188198132933513
171,-0.3610758178389757,-0.23454462022390188,-0.22841760065225233,-0.360323989365929,-0.23084913641123525,-0.23244622248556074,2.200037372855941,-0.2458574574974304,-0.11148675214171842,-0.10858992165071574,-0.23674086672570188,-0.10929258437767611,-0.09652129570164876,2.067542554403916,-0.3250517985973444
172,-0.6774523958752084,0.07951619483565077,0.07737284796099533,-0.6598877743074294,0.050756241942816714,0.07075521368990821,2.7049307490121883,-1.0061598046059346,-0.1927449905800799,-0.18765857059605281,-0.9674520189118789,-0.18411981954210915,-0.19828003760378202,2.897406042739664,-2.0875899534785147
173,0.7695169611792826,0.9531294395039602,0.9302898888699612,0.7661904404876974,0.9445229431008055,0.9350313461660217,1.8730749554580655,0.8014181035530596,1.0007209931174064,0.976329269194432,0.8051979512397296,1.0180910319290901,0.9784552701311975,1.7232612437337114,-1.4142418923053124
174,0.6440246358403714,-1.00313822591055,-0.9837198631496091,0.6366337218658463,-1.0102722845227101,-0.9734790297083108,1.9141723504798698,0.8572175397718195,-1.0481684716863984,-1.0283512483189152,0.8576908178327884,-1.0248822480318214,-1.0212443943328524,1.6872147575866192,3.328629333071983
175,0.06124648965374463,-0.08374386695835849,-0.08303395277303,0.05619911415632588,-0.07830043431611852,-0.08998985926226606,1.7957517768852163,0.5700908284017483,0.45459430719106014,0.4506480189486172,0.5454180395156827,0.45927198179949347,0.42269893727948166,1.1431894896330255,0.28775283025946713
176,-1.1468120983450407,-1.0409065858222537,-1.004957083262543,-1.1550111756050874,-1.0483747538281865,-1.0099843635277495,2.4859802773014126,-1.1347607088119067,-1.0370540568148128,-1.0010898894502462,-1.1382034415674749,-1.0392632819507441,-0.9955615145354912,2.3204012139502628,0.15087765534077535
177,4.031742938467155,-0.28564697114754745,-0.27713062527025595,4.028929452053934,-0.28138020348760356,-0.26518747003843757,-1.0268376133136143,4.0158049471809445,-0.3706910251807012,-0.3596134145434445,4.0177646906094,-0.3657421359330764,-0.36058808000675613,-1.1703402746581735,5.2092175869201665
178,1.976472819698111,1.1452403561685827,1.1341419519048446,1.9796330134306797,1.1253840006674436,1.1460786283367805,1.1786502881884608,1.9281368977200528,1.0533683231772744,1.044613670744026,1.9298672321279238,1.0792226269731835,1.0431709675260248,1.130415765145459,1.570978914539884
179,1.2432427778379507,-0.7210287452948522,-0.708054370306693,1.2276482495992844,-0.7199488353976831,-0.703466714122088,0.9462677017380821,1.4175879393502997,-0.7010471656015391,-0.6857529225699618,1.4209028715924423,-0.6886174153417858,-0.6932852496533167,0.569857007878903,3.5778622631550854
180,0.3756631619968501,-0.6031580510707819,-0.5989093241403307,0.37981305016011435,-0.6087474001601354,-0.5961187589480642,2.2348421875387876,0.25887285486557704,-0.79523158653181,-0.7885159807323354,0.2679824015895602,-0.7983192176656795,-0.7884650533167376,2.1899080562099913,1.410714581716692
181,-0.16214747401915613,-0.7891207360121325,-0.7703259690975732,-0.16385723613064446,-0.8074553287636668,-0.7640657511873334,3.0229924222375346,-0.10092267679429737,-0.7614221410933857,-0.7453896856975499,-0.09059817815925532,-0.7444424344236245,-0.7481432289100284,3.0132788265823027,1.4227674248629871
182,-0.3896656359174279,0.15200983814208865,0.14885551122577262,-0.34935030787798527,0.17914114499751677,0.17193418260107257,2.4208570923881227,-0.6208264721280076,0.026074641737062098,0.02551684124021174,-0.6122916250728007,0.001994593492073378,0.04047913896370995,2.2757572619899804,-2.25601647654449
183,2.9076879546072525,2.9553185359442544,2.902070645887153,2.9024625909978985,2.9549534930420926,2.895770513486379,1.0682185188722704,2.821983756536347,2.8929627699054183,2.844090662919957,2.821532629120554,2.8950836445730066,2.847121031643896,0.8343861217542681,-0.46462537104769475
184,-1.4287358093407796,-0.9321291491512085,-0.9125271445375149,-1.4301246466431976,-0.9354439494423198,-0.9088607353930335,3.8396098181680642,-1.295696630203304,-0.6920540522668204,-0.6771333287612682,-1.2918480112461979,-0.6928914098017671,-0.6866405369176948,3.5172463570576085,-1.145104708568268
185,-1.488639845256437,-1.0383121085106686,-1.0161680966349402,-1.4776488787007303,-1.0406824860253554,-0.9908673269354505,3.8646632737625297,-1.5811923510698505,-1.1057629340442199,-1.0828146303056845,-1.5585258141820921,-1.1006384929175437,-1.0754839314058766,3.782153428731862,-1.5047113710524915
186,0.646082387504017,1.4214116784939526,1.3860784627071316,0.665958182271216,1.4072205587637567,1.3794572572363455,1.4499976204887308,0.365115850270884,1.1857324518355887,1.156621430491991,0.3689475122352872,1.1906464823235468,1.1540363207854776,1.4983475580585266,-1.4102224067185627
187,-0.057372933776199314,0.5380178777277569,0.5275182020722919,-0.03762675264772712,0.5283520974254655,0.5195701850536746,2.637745256900895,-0.32393492428818366,0.28903355602028097,0.2831208993229962,-0.33525712484779635,0.28986897117865607,0.27824956273292006,2.6198142169035017,-1.2228807076625836
188,-0.21370287861860565,-0.05185828514014221,-0.05245050191215639,-0.19890544687909453,-0.06458519001610966,-0.048590239268615006,3.035002446103326,-0.18377964024753268,-0.004135085777865449,-0.004188958030904591,-0.19444910109102323,-0.02399512019814598,0.0004237454768880242,2.789680033809488,-1.7394856337705953
189,-0.7355872012880864,-1.0200268433018487,-0.9870062357522754,-0.7321127674766309,-1.0157541015721603,-0.9834687025518093,2.9100206241504805,-0.7045433279396787,-1.0023504363171298,-0.9688906589870966,-0.6975977682655334,-0.9932342165494934,-0.9673070590496675,2.756606939766779,0.2843068772576657
190,1.3380705870669443,0.22219311968872293,0.21559024163268775,1.3262627469223411,0.21631108549872155,0.22358042799553288,1.3433250189844526,1.3676734239974082,0.19879597021039186,0.1928806594620929,1.37544142793779,0.19788625449152425,0.16853872283351884,1.2095894066372073,2.691017079799176
191,2.088862818537133,-0.40389705363771544,-0.3970800758133563,2.073922100207562,-0.39215839298570637,-0.39382197571368477,0.46059718158187685,2.2615177542012512,-0.36826444263372726,-0.36159594256671984,2.2675364579482813,-0.3793077256512983,-0.3702082542357954,0.187092076233791,3.62446672162483
192,-0.4122188753346404,-0.7914520553234046,-0.7766539952937755,-0.41701297981615715,-0.7960679422911104,-0.7618090681088343,2.467994081952988,-0.23600548311812583,-0.655240681823326,-0.6422360203813119,-0.2199306306930805,-0.6599550435841424,-0.6321263494659621,2.175517399135306,0.6535771983047356
193,0.08925948075544386,0.3608970035980203,0.3525053249085295,0.08544999617995279,0.37183149312096625,0.37316021710411473,2.149626116365624,-0.6646115728335239,-0.36212175927451523,-0.3531659899434237,-0.6700294479581692,-0.3702397024994444,-0.30288115512662284,2.335829901449246,-1.0995621651020009
194,0.17235340519626743,0.14943761927131147,0.1452053654842407,0.16647486764987968,0.14617600679477832,0.1530586406831866,2.436209205170164,0.27916767467759335,0.2589448691239025,0.2515023570817056,0.28252229696379594,0.2778365256397653,0.24017149381183028,2.2116398446774364,0.2518267667426454
195,-1.3462859664264508,-0.584925258036771,-0.5708247060893015,-1.3295687276488917,-0.6157335235395008,-0.5587592815214444,3.565590229105507,-1.1681615511376697,-0.400519962038106,-0.39110271353693166,-1.1941611051107126,-0.39805490659888515,-0.3995683920269094,3.234201421980753,-0.7769465185479928
196,-0.7820607068738376,-0.9957819185504981,-0.986557525203703,-0.7919208386814041,-1.0117754312429308,-0.9838907448001407,3.0659577995708047,-0.8538512962684541,-1.1054016906962452,-1.0934894005276616,-0.8603967425360912,-1.1102037070387758,-1.0690305623369118,2.8521301693660215,0.6437660757482868
197,-0.319288213437359,0.2755464574676461,0.27230785955767955,-0.325332986005754,0.29533875535387333,0.25373232288913883,2.6681840993364228,-0.41986337629456505,0.2286906527955773,0.2261059147567246,-0.4041401557575156,0.24702261098202116,0.21192058203628766,2.478337305094021,-0.9145232907674612
198,0.4029547089904526,0.8436303327334823,0.8259929836587415,0.4025841018868989,0.8543934907429324,0.8374140777929474,2.2554379471233625,0.3476978236234103,0.8171326565224775,0.7996748029603485,0.33254150292840284,0.8346483924445598,0.7821024347399339,2.108279233718599,-0.8559524826272953
199,-0.2601981979981603,-0.24736124542958715,-0.2426255578277594,-0.2578512760722156,-0.250486851293469,-0.25051662870514263,2.782037958271708,-0.4224883057396584,-0.4201902851047913,-0.41205546864508635,-0.4164764211562081,-0.39970927001343337,-0.42982171626586385,2.767736228706202,-0.4176411686276893
200,3.2677902374111163,3.0973722353623083,3.0350597670050736,3.262429641338301,3.0974201180492376,3.036410758727096,-0.4718329595939293,3.231894363452099,3.032444394539626,2.97061926794652,3.2293883568335273,3.0390845878783463,2.976354558736926,-0.5938271816378207,1.843415237102378
201,2.4712266195974784,-0.8621794741545503,-0.8514439327139194,2.4791580793676555,-0.8461165887969653,-0.8536830894844988,1.09750101457245,2.3929835722164383,-1.0040073618785585,-0.9869367631621043,2.393503109560305,-0.997349868737929,-0.9896487279670036,0.8945925603766887,3.3642960198716603
202,0.32539340812342044,0.13725916063430296,0.13362102306894247,0.33311680198194643,0.14263986690651678,0.1210724779423385,2.1784429017229114,0.530913181306877,0.34459318548216417,0.33539280106961744,0.5107248772315838,0.34187927113572186,0.3313558807848203,1.942384748690265,-0.29172863714668906
203,-0.9184853232767256,-1.1842730286155618,-1.1647306658953536,-0.8956046915086848,-1.185499080167193,-1.1657771291132937,2.8759503782384086,-0.8250676867530828,-1.1234842935192852,-1.1017644950879113,-0.8257863042431136,-1.1312656139039396,-1.1182054199702234,2.578540218904086,0.4293435570865704
204,1.1022847887836185,0.014000587101494051,0.013778965888933287,1.1083124788859964,-0.011252037016427551,0.008113485746544587,2.471845933384129,1.069073930617447,-0.036277783426267356,-0.035605261605499094,1.0527900480953971,-0.027820170783824903,-0.03983836068753528,2.198539817572762,1.4909022865062607
205,1.4373419314084943,0.20201761608087224,0.19584803639538753,1.4384924826732288,0.20577045352385764,0.20487701747776588,1.0541006868716218,1.5598589596485002,0.20372408339138323,0.19788695417821267,1.556618348839853,0.2053800819176868,0.20761045347232318,0.8702316496603637,2.5268913687610146
206,4.212413950384406,2.644330835381962,2.5589061108855575,4.219151607085152,2.6518335695023594,2.560192587457692,-1.4568713072797523,4.272153689033543,2.546659092463998,2.4722694017077504,4.276044355412768,2.562670893155482,2.4788473503994264,-1.6427044896035807,4.173421481920207
207,1.0994812318665292,1.4380074070032522,1.428272579770053,1.0881307911931848,1.4190381009969666,1.4226402574628916,2.1791888372304333,0.7726029674156887,1.0931138208249476,1.085835921472593,0.7629141916838572,1.0807557729893968,1.098090030781647,2.086376233661641,-2.434723611986791
208,-1.6215879335867123,-0.5214241842551874,-0.5151651550821409,-1.6304823405053168,-0.5275825567991853,-0.5004686429602622,3.861708522412256,-1.6520297104087265,-0.5210196262116878,-0.5150299171876974,-1.6557267206092934,-0.5110357551987958,-0.5254330962237643,3.659707546184242,-2.4424202194722464
209,-1.2229037857658571,-0.9486768888549794,-0.9283049710684294,-1.194466318671779,-0.9387723240025775,-0.9464317569179079,2.7230088182036156,-1.080238325205651,-0.7973916612464309,-0.7785550936339375,-1.0634255025444048,-0.7856239096411497,-0.7859901603411654,2.411335293887875,-1.2579494171390389
210,1.0125610861388117,1.8239270833940713,1.7906875904744664,1.003170097856667,1.8316273330067707,1.772168953942131,1.930122710583667,1.039193368168403,1.8667822143238253,1.8325804328997777,1.0302987201905927,1.8635321341656756,1.85630971902771,1.8115385784645694,-3.018578200583917
211,0.5636650280095176,0.06304106419274003,0.06181355243628727,0.5739746621896042,0.0730755746528032,0.05828651733769782,2.112723932832513,0.6771800018547651,0.1933569779562502,0.1895053106636847,0.6795295229973424,0.19708866530013416,0.19842510081076556,1.8725349472509343,0.6603687035752586
212,1.1229045932320099,0.9958518861024128,0.9643925301324238,1.116710643704113,0.9972614576689447,0.9589907694290093,2.352831552989823,1.194265642924567,1.0742106713069068,1.0399932650255899,1.1850349678644152,1.0801046838326958,1.042425370678357,2.1211753274159,-0.08542854474743858
213,-1.773706670904305,-2.3207258879255344,-2.276447099055061,-1.7669166618581518,-2.3074516346095084,-2.2544544347872084,3.755445073179568,-1.533316656407862,-2.130186436232686,-2.083724922507613,-1.549893963994565,-2.1440379565656813,-2.085754597876265,3.4043264985769475,-0.4092467209298364
214,-0.17756114561199618,-1.0328935243507198,-1.01288697882774,-0.1644386627573858,-1.0445481851968286,-1.0090208442193038,2.5978990028180853,-0.19377115156295488,-0.9902606695945687,-0.9759122649904745,-0.2001327251129037,-0.9857542316618703,-0.984898561691272,2.565851851010688,0.865663248883982
215,2.1719955322868794,1.236023107994377,1.1965345474280227,2.166129949696494,1.2333900001662048,1.1940297978988075,1.2666979285806146,2.2439516754976867,1.1658028424817166,1.1300068546604023,2.2488612653399405,1.1588303780504898,1.1274432178595044,1.0276954955322095,1.9125987448892883
216,1.2779182663601965,0.2571773094471392,0.2507243973882766,1.2777272578470655,0.26480207260940686,0.24442831973316564,1.0489330703587163,1.434307609636115,0.38815783846917334,0.37837858068833785,1.4309235579288921,0.3882981350354307,0.38531618073581775,0.8081698641072163,2.1472200873008878
217,0.12764454409671355,0.21802005353248333,0.21318068127924433,0.14469022242485927,0.19929673255397665,0.2196863372720673,2.729212036932651,0.07509092480292848,0.18677925520618013,0.1825039488621597,0.07879940462161038,0.19826388989557203,0.15479620837046,2.590200426606744,-0.07608233452663062
218,0.04336147318255121,-2.1616422209634534,-2.0778363043747103,0.041361877763288826,-2.185379701329386,-2.0568146981908026,2.0055615285121644,0.10571746241911154,-2.301502561816285,-2.206932447246301,0.11673114054159255,-2.3096500829555517,-2.216637678603947,1.647054443597475,3.0388862277146114
219,-0.4285415604322533,-0.3006711467268095,-0.29095444762529316,-0.4411531860906602,-0.30858734514125635,-0.30170854528034774,2.452783349967094,-0.33144026925179765,-0.15165102270642397,-0.14622877320178865,-0.3361077083003915,-0.16019891093560254,-0.16419784675479226,2.1724994399230124,-0.11899231183378214
220,3.7249356500265343,-0.36460648177501703,-0.3565249004380919,3.7258683139682534,-0.3521344161946502,-0.34834039177664067,-0.803790704078385,3.6999142469461925,-0.8577870900681199,-0.8398973310357022,3.7061227911110426,-0.8531508044426358,-0.841762773230518,-1.0242312803376283,5.0040504087675215
221,0.8146026563986536,0.7948890129853876,0.7797264960969178,0.8151836008474512,0.7841059141246767,0.7451454098178918,1.1077795917335498,0.6330048396921039,0.607146485880508,0.5959778009729161,0.631194194377623,0.5928254697889658,0.5732479886330321,1.0861699889129348,0.656961964573219
222,2.349494511441097,0.3076395394420586,0.2994012090169378,2.3435927489372026,0.29860150165449556,0.31758689930828354,0.9825714631311789,2.245476763885179,-0.01962994427983894,-0.01922760263015115,2.2211713096306402,-0.041649480288342436,-0.010207639940842695,0.5556216799273181,3.416778848557511
223,-1.66810210069873,-1.4757693501774884,-1.4364770373180158,-1.6801677160705437,-1.4748650163890538,-1.476097475608522,3.3729379082832227,-1.3736580193194796,-1.1484739606292476,-1.120392875077337,-1.3774375632621063,-1.1611886645013147,-1.1217439534412026,3.120090384514917,-1.8466583701506456
224,0.63297577922677,0.4380995929190342,0.42739077549708077,0.6241474080212526,0.43235171797306665,0.4267473440476854,1.8042359917962774,0.43597756784446384,0.23182701024203306,0.2261681037810993,0.4308960111257951,0.22063659503176272,0.2219412103329981,1.7353917506053729,0.7684589791380662
225,-0.33900157000610637,0.2780903995155958,0.2737057026569154,-0.34598262052780315,0.29443493884054844,0.2704494669375578,2.174508936173652,-0.40653430393305706,0.19495893498266642,0.19142696206295495,-0.407102883313946,0.19586065695835683,0.17837134346030215,2.0512596556993756,-1.9713147614061397
226,-3.684828862973961,-3.733476248110242,-3.6493535919753817,-3.6870267093299125,-3.7415299999128413,-3.654294276444968,5.207389628266935,-3.4257476928291677,-3.5302336379747046,-3.4617058451687197,-3.4138447579176296,-3.539787446448637,-3.458984092366276,4.870948157580514,-0.32062146036202843
227,0.14737990245855495,0.15740325920728138,0.15338629260990463,0.14955758418626425,0.15961637491772657,0.1556503064443293,2.5422410500734167,0.12489189863363413,0.15721288819678983,0.15312786657083763,0.12366369741264993,0.16564943885932024,0.1503771623517938,2.2845326147265204,-0.43449827088926934
228,0.20905704176483692,0.3342378233234922,0.3280882967302075,0.20987638516578966,0.31189161108983565,0.31769608397517624,2.924155002298881,0.24087033739834213,0.3730986762467851,0.36689573910089,0.26739085537269597,0.383002572651705,0.3894510841784341,2.6712745000814886,-1.2687576789249366
229,1.3262532312781885,-1.6527540384933472,-1.6142126633965277,1.3260804580374923,-1.659395972112093,-1.6031969686211247,1.3157956428207926,1.526179409568728,-1.531024079263992,-1.4966659019172055,1.5425566956184802,-1.5354782830226852,-1.5020730613109505,0.9444967890357993,3.036306657183694
230,0.2867072077645507,-0.1713247651970838,-0.16655331027432702,0.2896760451258235,-0.16134438316264743,-0.1472965719410388,1.2292430823105045,0.3326544204687384,-0.13276440004840664,-0.12868431802639907,0.34975006318786733,-0.13461490555487488,-0.1545153642474729,1.0208485030989043,2.213442852069313
231,0.6988031422506554,0.8452218145065805,0.8302499190495298,0.6987295464632588,0.8343586963089104,0.8327279200755268,1.4122974748746338,0.7279844346453903,0.8972673361106557,0.883109096516007,0.7010184044973323,0.8974000804729378,0.8813731670636741,1.171686018158171,-0.18056917721131457
232,2.4974278035585815,2.597783171623343,2.5461843896203913,2.4882476043597026,2.5985429721824556,2.5460634408240304,0.1272542586155855,2.5417158163471725,2.6544873881920332,2.602487906587018,2.5368667441746973,2.655514895543225,2.6039903745218536,-0.05047754820479285,-1.0143618534290701
233,1.9101296671330645,1.2895952301216667,1.2763288823400498,1.9202042847680372,1.2826291543891817,1.2828579958161388,2.140358200547321,1.8350159521666436,1.27998690839283,1.2647502256792682,1.8417183192407471,1.2792000706158104,1.2872081345599764,1.9879522633558238,0.5143566267538685
234,1.4731093766249523,0.5910346005511699,0.5707147446665914,1.4655443534931627,0.5868283974580805,0.5798919775073099,1.1416888090993036,1.3859084641855182,0.47880865743439327,0.461375919641169,1.3730098283727366,0.4688084313502458,0.4593411938637776,0.8713546073387904,2.8740868961911428
235,0.07957270392408028,-0.2130039537817959,-0.2096611698039957,0.07416266113723421,-0.21872930973440882,-0.20150288042243883,1.6846852412334212,0.026256547856308276,-0.2820939957994156,-0.2777137109456216,0.031472769282148705,-0.28066723728712595,-0.2780499561263477,1.5323097832008257,1.4767394398282314
236,2.1815765337731112,2.2366508086635553,2.2577754817954676,2.1814407021296107,2.2456396991361753,2.2523234623284423,0.8638060419957647,2.0696693607995633,2.117249439145908,2.1375774914087575,2.0677674235570973,2.1122467830597706,2.1468290460053354,0.7873450807299176,1.022618303135665
237,-0.5886508315276355,-1.1611839851772756,-1.1376324535975477,-0.5617355273668208,-1.1499787023704056,-1.1433510276505832,2.696280234389618,-0.39437955401545977,-1.0398728118799963,-1.0202887005987615,-0.4015018019091656,-1.0470247337505978,-1.0289012431865676,2.422447325531113,1.5445232728311153
238,2.7494147631369033,1.259284403900655,1.2466808797884272,2.7583608152939596,1.2503861881183098,1.2624614133382568,1.232346818155054,2.733236295615747,1.2312176722624621,1.21607719468426,2.730889030749453,1.2345701438282066,1.2294435809935236,0.9674237491083978,2.241417794834663
239,0.15771346555638138,1.0307522471287196,1.002517206249142,0.14633032860789036,1.0700418533365208,1.0057260254324711,1.8003640425347591,-0.06541651087285676,0.8674054430731326,0.8427424579364712,-0.046149614694766715,0.878132207285427,0.8482027618807322,1.850791868470939,-1.316839591938419
240,2.0458329094220264,-0.16395295230153742,-0.15997803969268337,2.0307711895798097,-0.16976070175035454,-0.15871921383739723,1.5650453320122575,2.1389115321839496,-0.16310390425681606,-0.1590967155478099,2.134852926447085,-0.16526725820768773,-0.16328893569661446,1.3053567095938299,3.446903613470447
241,1.9971269278877228,1.5183477391374731,1.4764150578832813,1.9563752567524266,1.5502323065028525,1.4584586806196032,1.286372035899106,2.0340852783827215,1.5509512662293512,1.5059137904046456,2.0260310530209664,1.5467470106667476,1.5082096880528668,1.0510275197654235,1.6273993102572462
242,-0.4116192653649885,-1.5205910765598758,-1.4782321469151771,-0.4039835937645906,-1.5303369881963882,-1.4930168372092432,2.786099840893096,-0.33284302595735377,-1.4456569622973738,-1.4051915581855523,-0.3302823434016128,-1.4187396541120185,-1.405069358051557,2.624039467108609,1.3142672337387884
243,1.1782334291835186,-0.41728663738584587,-0.4073195970639124,1.1873506187745229,-0.43025168109819645,-0.41551517011969347,1.337101934959804,1.0812829626785592,-0.5675922616854275,-0.5539598798508728,1.0958014233147815,-0.6247586161065509,-0.5625561980091444,1.2532995028479903,2.0622123353565245
244,-0.012493292664931894,0.17188465208445192,0.16725182119586166,0.009169476669908003,0.15133281959619305,0.1670298962054366,2.092578535947346,-0.08655601556865994,0.10790589207020197,0.10490210428834051,-0.07776025404469433,0.11514597743050752,0.08946680230284572,1.9186153044852867,-0.5982289534250362
245,0.4302826033469064,-0.09847196239819699,-0.09717506811885274,0.42090613312027914,-0.08583706641037886,-0.0809825721591683,1.9652663930461094,0.10621065265507572,-0.48525255397190525,-0.47765306702537,0.09780092134146852,-0.48621605798498296,-0.47349794624870906,1.8979305606349683,1.491934604892194
246,-1.6814701715650036,-1.1672362617361836,-1.163319235668027,-1.6766030484887067,-1.1724360056633172,-1.1660411945585614,3.6946873283059194,-1.6782440489656565,-1.1437827754056884,-1.146981399611481,-1.7027158200087729,-1.1420665112126138,-1.1400178325409427,3.614909437742891,-0.6415459760902696
247,0.6542831120060957,1.0498353950994939,1.0283318692429593,0.653670238623726,1.0523372677493494,1.0280200283026089,2.824447392083398,0.7493388144229216,1.3264064043256212,1.303537767085172,0.7549815706209331,1.3352064643235182,1.2904181871059588,2.4908322969818055,-1.5196600062877827
248,-0.8056146057152568,-0.8643899345906465,-0.8492057472144853,-0.7983198942435876,-0.8692422958002411,-0.86083053766346,3.4384830891896603,-0.9001123715150665,-0.9513306675500424,-0.9327270370960697,-0.8941393998099424,-0.9430952095062421,-0.9205835668140301,3.300643702323223,-0.2721311747044475
249,-1.0820866798655362,-1.1108413586877812,-1.094720085292497,-1.071534328172863,-1.0888375715813567,-1.1019512405024905,3.4345278753487967,-1.0635624906543208,-1.064328358613553,-1.0495087086298316,-1.042165664250053,-1.10300514414313,-1.0243268011649662,3.211214055820461,-0.4791857311488733
250,0.07224750732432107,0.38647812078907817,0.38041593986881306,0.07602002478567617,0.4115800628560636,0.389020746783362,2.057247899410109,-0.2402676865245444,0.09107881266623648,0.08950046533587806,-0.2517674846653348,0.09919402349900422,0.10515029459665479,2.011180054056799,-2.735960212269333
251,-0.34563379622403995,-0.25129362640845254,-0.24350336138686982,-0.3545009527713352,-0.263091698296431,-0.23333669323854,2.1708498513680445,-0.25886824400133973,-0.15777854174088757,-0.15277161911436848,-0.2788697112749042,-0.1511955990095967,-0.15549881166220836,2.0628885346679016,-1.7220908018419487
252,2.0126593106658337,1.437956358010766,1.3938865617791958,2.0046848790303438,1.4381407965290536,1.405610343533988,0.35999165566189417,2.025687797421319,1.4194552014901594,1.3767601714437432,2.0355055822052996,1.4064352788184125,1.371000036196006,0.24105212992444133,2.3541764410131694
253,-1.2433733804247171,-0.7974041889514101,-0.7916253589316715,-1.254951988616102,-0.8005539030814619,-0.7896274914617938,3.3212256884419085,-1.4141614206944286,-0.8892954059975577,-0.881384726724778,-1.3940279481184132,-0.8985798899292218,-0.9127918604673808,3.151555035835833,-2.1249043458565824
254,-0.900830291701393,-1.0308993821860444,-1.0066652989595695,-0.9037237861811824,-1.0421762679823094,-1.0033724857237067,3.4287464792114446,-0.6771857658386309,-0.8045329853232764,-0.7856347844332714,-0.6640554972102142,-0.8048697487410477,-0.7931690838979704,3.041039718540192,0.31299077503170414
255,0.9427444851539202,0.2603738002482617,0.2576032593031827,0.9387532431067904,0.25282907187945824,0.2674625514409611,1.6617666968990599,0.8741995140457512,0.1797519812429205,0.1780062263383383,0.8611536172636955,0.18448946100363264,0.1758504663940625,1.6663205607983358,2.128321907590368
256,-0.12889486926015156,-1.2197781686413447,-1.1947449888342747,-0.13953650450155827,-1.2073720166070783,-1.2118538304424775,2.3178811707793865,-0.10718082779907585,-1.2542885591816328,-1.2308658507218189,-0.09554259910031881,-1.2348079530554512,-1.2237263538633434,2.134624781856654,1.5898989020146503
257,-0.7938589217921636,-0.946065346222702,-0.9281350599182767,-0.7830244972265892,-0.9317682898022188,-0.9180319333198304,3.661189787150535,-0.7481561683856701,-0.8438840707039533,-0.8251531360668053,-0.7297803052586068,-0.8384199166851998,-0.8387987191817725,3.3400521785878587,0.11093291768825202
258,1.413691152320964,1.5406466889931278,1.513676372504843,1.4095413985368153,1.5366414090087006,1.5163928959186397,1.1395114317647967,1.4101053334161051,1.5586291464000395,1.5321418272867255,1.3885644936681385,1.5451595826125901,1.5405725358509277,0.901007425590275,-0.7443381636655712
259,-0.32213475128858027,-1.057536350219469,-1.03138994334003,-0.2998521839560066,-1.0386259303053165,-1.0440961285761245,2.341838216374143,-0.24371090858175615,-1.0133989189443584,-0.9887030055591781,-0.23720978104494103,-0.9945102447274073,-0.9884586492302245,2.117799862672546,0.6008382550833874
260,1.049580179065231,0.4066768953038139,0.39620233550538436,1.0445585691661978,0.4062619667945849,0.41586216787288227,0.6940677172807677,1.2404776868139067,0.6235270612342173,0.6076097838577756,1.2461168552433866,0.6538215314991848,0.6085754026435866,0.3908318760189482,1.3995286510410554
261,-0.2888393469208409,-0.3607575498890847,-0.3557727253868219,-0.3284525523731953,-0.34458218650003863,-0.3729501914129124,2.6393230958474865,-0.430113698027181,-0.5255102642368699,-0.5185404022534187,-0.43173783544748107,-0.509009470798081,-0.5140815922538392,2.566019143786383,0.6566257676354191
262,3.1783433813793396,1.5975582396529089,1.5465177711694096,3.1769843651703167,1.5991195396709101,1.5441596817462306,-0.32180179337735343,3.219898569678791,1.6051834883951717,1.5530518947109753,3.2245246077823437,1.604188688696543,1.5505410280744405,-0.5330729367096112,2.6228391614347224
263,0.7073120723410048,-0.4265436932283256,-0.4158288976637489,0.6861332694790145,-0.4502582337469676,-0.42154350762338144,1.4078251735241798,0.9801412704162106,-0.2158492594749933,-0.21029008752209388,0.9782063353981189,-0.2200672273004648,-0.20624054425284133,0.9412295041903258,2.1863286463466305
264,-1.3948997760073647,-1.5271957814720516,-1.4609360222002385,-1.4076506910307056,-1.5320847859201816,-1.4644142756271212,2.2388535473031186,-1.368785878882525,-1.5277903814638878,-1.4593468236655351,-1.3726306899266494,-1.5219619346796338,-1.4506111301080173,2.1353196030795645,0.06029164328023524
265,2.234775069061097,0.8417257335012647,0.8270404858542676,2.2380365444506816,0.8543683186308855,0.8195689408192579,1.260201315451637,2.242628342498216,0.7873938003692305,0.7729310962045489,2.2466032070145503,0.7902045379577647,0.7733342428890132,1.1575028342599356,2.4344137462383277
266,-1.3418121238140062,-2.190205545616063,-2.1192620231109585,-1.3328084716362674,-2.1822160645175064,-2.1370537568783194,3.320767346637909,-1.1721926298226808,-2.185929185788586,-2.116141033105956,-1.1583266128455143,-2.1833134555014126,-2.095969249965763,3.17845472009187,0.9308675920149434
267,-0.4065058864387054,-0.7890246798606981,-0.7739391202397852,-0.4095095071063514,-0.791628952561907,-0.7665829805677067,2.890661316294286,-0.6347269092167004,-1.1319226253678722,-1.1071097003494583,-0.6431395103046147,-1.1119521890825146,-1.0979479617216752,2.6474883749344555,0.752233421745642
268,-0.42593225153416675,-0.5328377040692192,-0.5189321174486087,-0.4230219866551517,-0.5314205882907126,-0.5203615583407171,2.3256553140573666,-0.404243166260349,-0.5222175764215062,-0.5086737517421452,-0.4121309179188065,-0.5170195742564178,-0.5140211601635224,2.374142300842591,0.32009511382574535
269,-0.11401665633798704,-0.7932391041123227,-0.7770681769763462,-0.09367175215397457,-0.7874969729345801,-0.7629302462097081,2.616655793767902,-0.4545119225724874,-1.2307101052473464,-1.2050316623583128,-0.4434151747440191,-1.2446343082060718,-1.2006809862401087,2.5767241596995,0.47063906027987745
270,2.0763585237445437,1.7054157677174702,1.6793670266174228,2.071833443389853,1.7056402154996002,1.6675045747103645,-0.09100580861301666,2.180149041742709,1.7766089628882349,1.7459301168687642,2.19969789245366,1.774854155740018,1.7513368825024842,-0.4002984275273385,2.228697788717071
271,-0.6239699341866932,-1.072695802200273,-1.04980613351357,-0.6249405370198825,-1.0385555439979737,-1.040303336104955,2.5650852290259967,-0.6246938887265125,-1.1533144399114486,-1.12524159725732,-0.6347332837241894,-1.140503020342824,-1.137739510364641,2.398350371163564,0.24031491521830278
272,-0.24379310706650342,0.19951650791890038,0.19587951032697482,-0.2355465605021116,0.18412364014498833,0.1910169234798789,2.6075399631823095,-0.5172156949973308,-0.04601328845027738,-0.04518864954536928,-0.4982575900090813,-0.055563642315155114,-0.04947401202338601,2.6849344727698923,-1.5146434350997697
273,-1.3964400002816557,-1.2942953763464629,-1.2554994662219225,-1.3836189448934535,-1.2963412054035852,-1.2491711412518594,3.178615150022957,-1.300575487249708,-1.193532062095993,-1.1571233350560715,-1.3133285215101163,-1.1940506306123901,-1.1229440128655355,2.8907916061555565,-0.9610654216470481
274,0.28714137240623827,-0.23475527888929157,-0.2306046774488789,0.2799891197515514,-0.23304429885751615,-0.2342137932265964,2.2366260699425555,-0.015247422888619917,-0.6005424687905306,-0.5888366110848502,-0.03213742941543476,-0.5770262388698463,-0.5749152724014571,2.345456812982104,1.6822164502002979
275,2.290062736574385,1.3379225586757855,1.309201326496594,2.2949746574682957,1.3470407393458832,1.309916178706047,-0.6144593896316589,2.1646139360206416,1.0681809619664775,1.043778192112886,2.1742936522196397,1.0834014740780658,1.0692477612601825,-0.5637567099104855,3.2456954845028467
276,1.4470992408466508,1.441494665372888,1.4040631849256184,1.443088991602044,1.4352822130930851,1.4112327908634363,0.8491668437245616,1.2578848454065483,1.253642850811181,1.2261608863400817,1.268416491634357,1.2606515954399051,1.2384350141760068,0.849347321506084,-0.42168861040123706
277,0.582963747003929,-0.5558295863471061,-0.5391122383302375,0.6032188411069558,-0.5259397454518145,-0.5504168498074535,2.45800534208449,0.5977369896785728,-0.6796122725682594,-0.659333656767267,0.6172472924225731,-0.6748350773643247,-0.6579363776279493,2.204585028204225,1.9625037879548208
278,-0.18827474780449213,-0.35620487909877535,-0.34974099458629987,-0.19140799718920568,-0.3455351674057837,-0.35124088656394853,2.3434770348674085,-0.1748916851709664,-0.34486534493124116,-0.33909134314853695,-0.1707644946135733,-0.3417531620532613,-0.3175148098442206,2.189266798766164,-0.23380327383586225
279,2.6555752665421832,0.38591814148617853,0.37699695589787147,2.653959387106453,0.39213227166576775,0.37406771578527187,0.8530671389371643,2.740736481631738,0.5231624501680946,0.5103471710202072,2.7419250652097493,0.5338948765193302,0.5339526703261918,0.6433408322553653,2.4880019291754016
280,-0.46151345589165677,-1.063350972879938,-1.0376081827916213,-0.46781215395594583,-1.1114521982344512,-1.0418496495901028,2.4894771553865245,-0.013151150631722829,-0.5912455663367007,-0.5768431001429514,0.013048359064625677,-0.576305822383969,-0.6147117552136705,1.9531204724390299,0.9075826508625326
281,1.1024183464416097,1.390949684349211,1.3580696123608462,1.1082280958850488,1.38205760070957,1.3592411211721804,1.1049723249737085,0.8835225119948296,1.1939534165339651,1.1655109071040815,0.8833440614097067,1.194282341539894,1.170229284079005,1.169095133201679,-1.8558981551792657
282,-0.6399341106496311,-0.8750743305183124,-0.8507111671673151,-0.6045449292202346,-0.8733136697028164,-0.8568892630406808,2.8039230204961636,-0.6149511938441276,-0.8694193290563439,-0.8452778144610172,-0.6198475533042402,-0.8792178098114383,-0.8496372083853317,2.636242157606461,0.4310463541201373
283,-2.2608132404396835,-2.6220618479074624,-2.548125811698883,-2.2586940043400974,-2.626147380890442,-2.5436186927427715,4.592986135580818,-2.207682892526033,-2.6425533844257125,-2.571010760789667,-2.207826151543953,-2.6672749923759556,-2.5435830385343894,4.3883063651770575,0.6586845108882365
284,0.26866542245370084,0.5946204652373186,0.5876433156808711,0.2855360584489884,0.5911948552591365,0.6150939830572134,2.922312088007682,0.20195177459694247,0.5605890107084809,0.552983687216974,0.2089869823030728,0.5540613588359413,0.553285877965807,2.7858098406129317,-1.1836812951706936
285,2.3529055097468388,1.6319824491864179,1.5914320302002019,2.3577347740146672,1.6272608672584168,1.588112300557495,0.37727496490018075,2.5285777114462475,1.7331244875634513,1.6922858425619507,2.535826890249265,1.7313739097849299,1.6802748843034538,0.08240991180228312,2.293359971779728
286,-0.1795268627150575,-0.4840561494450902,-0.47214932530912135,-0.14376752043999466,-0.47581599843947014,-0.4687721918117741,2.6217236061415647,-0.2988164324825963,-0.63113411500151,-0.6152724867965692,-0.3129541794798818,-0.623519328549131,-0.6029559492908723,2.549440504370581,0.7815540306285241
287,-0.2131251716434267,-0.04880037459927517,-0.04772188532667729,-0.23345324527381422,-0.06281010075953396,-0.027098042094424263,2.642847768272082,-0.2730473424879272,-0.09110856264124823,-0.08916098584303087,-0.252405090293165,-0.09467907907333584,-0.08537324017452057,2.344428462419336,-1.038956515060536
288,-0.086393137019072,-0.15083727948711625,-0.14789797166353003,-0.08287856003075911,-0.138320983269082,-0.14591016453385525,2.0380452234831923,0.06920311088773196,0.030891671721348907,0.030217192388609846,0.09154824815776094,0.02603030241296402,0.01079323837369055,1.8685340163939563,-0.21349344864194494
289,0.6073444113065966,0.6602612473371813,0.6477434446247351,0.6031104204911703,0.6402304674218241,0.6486091590994425,2.085467148845431,0.7120590507098428,0.7782231999762286,0.7656282723463603,0.7144195066885797,0.7660166506487953,0.780358678094734,1.9116812479015926,-0.7123235011594554
290,0.5083353181260817,0.11527329439918052,0.1131157579938484,0.5248737758390508,0.13291711114856067,0.1038899365955535,1.9892264510652293,0.5851306989573428,0.19297903685169285,0.1887269018949987,0.6031060458284242,0.18044039398497083,0.18795591058525019,1.7256749876806907,1.1159478891606882
291,1.96170360256736,-0.46959824309529563,-0.4552412615024817,1.9660658148682422,-0.4985934888914911,-0.4837338702269489,1.157409666233797,2.0356024497936622,-0.4222057925034865,-0.4090597904015227,2.0167001155881312,-0.45286892149421804,-0.41651854578115266,0.9605822417375286,3.254538405174617
292,-0.6274513293390251,-0.8638813116226413,-0.8349344930277744,-0.6179187891004037,-0.8622806597769402,-0.8366614362678563,1.4981408626069788,-0.549648839096893,-0.8210369927524502,-0.7936362157793706,-0.550115609936106,-0.8234651568923941,-0.7978709921753117,1.4924501523525315,1.2370088626128002
293,2.237135317436877,0.9011120574143346,0.8829355025816552,2.2401233849073323,0.8946660240808139,0.8765001776249803,0.589698620554092,2.185022690501082,0.7003809240435183,0.687142829256883,2.1820668586495477,0.7093531267227339,0.6689755859060644,0.4791019492795781,3.0782317653787006
294,0.21418737291544854,0.009830748954019232,0.009660332600307214,0.22472892473931413,0.02448340497162994,0.049419622930363866,1.4998080700856684,0.38133650715596834,0.18819746757773478,0.18451169089078281,0.39618969816721855,0.17700326820458798,0.15806178635280493,1.1063104881229657,0.5171804765042842
295,1.1468347258397344,1.1887939743628864,1.1616839318270058,1.1427758263827938,1.1920374110949459,1.150688311074904,1.6950434474400413,1.1435694607893316,1.17410021132629,1.1465510895733642,1.1353752393460106,1.1714246897195113,1.1616486246163615,1.4534667669259236,0.4124729699010538
296,-0.13311778862629628,-0.1357044670063521,-0.13298332153825201,-0.13392484724525583,-0.1338065326897385,-0.13363055809715554,3.2424793935829808,-0.14028564542779035,-0.13947086931081906,-0.13674260834356658,-0.1337446247632708,-0.12841361348358252,-0.15659148482424942,3.0392224309637172,-1.0336178399110827
297,-0.8963271805568604,-0.646946692216023,-0.6412209984850834,-0.9178679814933627,-0.6652500960517014,-0.6296531445279949,2.8576013379291103,-0.9392961646153204,-0.6957098569493372,-0.6917057170213045,-0.9469716374465094,-0.6976536525334195,-0.7072171085316005,2.803986361435863,-1.182735994230633
298,-0.08506329961832663,-0.21033421813666484,-0.20366805425397036,-0.08837184014268669,-0.20487533393042165,-0.20990187950132017,1.7750508346446021,-0.18379931358597004,-0.32352813780393386,-0.3130567038191706,-0.18219648343300332,-0.3317911019625421,-0.3199288535022365,1.7615510982660272,-0.6853979414797373
299,0.0660930791376248,-0.8818019054545227,-0.8676933847505265,0.056419762944037374,-0.883970450241552,-0.9151113071360092,2.1711677423740596,0.12299994466371768,-0.8740006733614241,-0.8606778472038474,0.11312971552157303,-0.8870138241049277,-0.8638945509397133,1.9905601647458706,1.574483473825578
300,-0.21386242078267928,-0.00015975750057066837,-0.0001583756562635359,-0.2274473696775152,-0.01818748929104722,0.0024570548266117697,2.3681019633387397,-0.5137181698641786,-0.25822457726494286,-0.2552532430138103,-0.4985016219408621,-0.24706309557689612,-0.26126734713455646,2.538106064028036,-1.6033354202026355
301,2.0876088701192335,1.971840526593354,1.9303340892334364,2.089693764213068,1.9700542810595578,1.9308715063704094,1.36945836909672,2.017526405297008,1.8991275675375656,1.8588160443915505,2.0245731289402453,1.8987736461457723,1.8506976448407806,1.285798559351042,0.7581640284801251
302,1.7106396406121478,1.1396896027014973,1.1205671073377381,1.6982607102393619,1.1446220244178973,1.1102536979371131,1.2662345633384617,1.6020642929368598,1.0004802993609647,0.984066226981216,1.5936059557689124,1.0254760610244291,0.96373443608909,1.11090039735977,1.090192804154755
303,1.9703451358227004,0.054282864106177414,0.05425933901314549,1.969284175080689,0.05744882321548826,0.046038102035106575,1.1202343114115765,2.0013948034185494,0.03561577255551856,0.035465295853764185,2.0095034861177687,0.014370645448987288,0.029844806132985634,0.9075717302563279,2.4223107575320495
304,1.4477205872701544,1.4829625018174601,1.4498616998705296,1.455495556698594,1.4774780293709078,1.4617554102798684,1.426944078007154,1.3673293527445105,1.402745103818255,1.370402776855395,1.3676017055403877,1.3998769059570422,1.3548296306187233,1.254302857468132,-0.7727597915617768
305,2.8743689110283994,1.4313526585837975,1.416263770915277,2.877891863708481,1.4340971601733399,1.4238214893527132,0.7816326138311439,2.8778706664933695,1.3259511625693627,1.3130278063847616,2.8850303116843454,1.3185784812092347,1.3225678144817927,0.542376485788297,3.212188920468726
306,2.182825831539992,0.7113332646834489,0.7151286784959295,2.169563776870083,0.684537872653609,0.7280127419386023,1.137887425724398,2.264748427461703,0.7426709262527685,0.7466027210659171,2.2707685595053118,0.7375077203991494,0.7652153454119559,1.0228344351694287,2.82064958741955
307,0.7157863039122441,-0.507298125617652,-0.49908827692566177,0.6984732289723575,-0.4613914465246343,-0.5282851653508501,0.9918629258547114,1.3086352839598294,0.18599746144686688,0.18269934841511293,1.309581703471051,0.1767737082225143,0.20535183419205572,0.2934162732829648,1.7753099553385985
308,1.4036418439449292,1.1123698831317501,1.1051412464124177,1.4251752697046471,1.1456413321648793,1.1106327738230075,1.6298860756120204,1.3242190780899141,1.0356313229779572,1.0303539907951114,1.3147532660425285,1.0441910739601348,1.016163872060509,1.561449732167475,0.160792782874655
309,3.9760818260394837,1.2839225560147691,1.2498282816414072,3.9751644281350695,1.2816321261514605,1.2539994087781539,-0.318966730964472,3.9749079127665286,1.0552225513505844,1.0262737992089666,3.9758083336577092,1.0616203950788476,1.0327707637326073,-0.39352496042882956,4.236048659748824
310,-0.9632303141826781,-0.24114566765977496,-0.23635534267162997,-0.9612572180415858,-0.26327488088413487,-0.20052953184649044,3.3897460561688635,-0.8522805155912935,-0.037413204970429215,-0.03676509952125993,-0.8631251765025417,-0.061111840434394965,-0.0513336789004541,3.184932875730238,-3.433925721633364
311,1.173360942470129,0.8585985630705862,0.8402838787075138,1.1809848238071143,0.8596995621232124,0.8458694263840604,1.789129578774375,1.2084863059279312,0.8715676067249347,0.8518116065061129,1.2058342858259328,0.8687714952287783,0.8489103357959751,1.6065068771258217,2.3039965238420566
312,-1.0754894840025793,-1.085699310029786,-1.0662717205309173,-1.0732482341490612,-1.0894830468155372,-1.0667857502597602,3.245698741805072,-1.0982706423517996,-1.0976655287779213,-1.0779217564922756,-1.1025934091085827,-1.0951822124969606,-1.0818128451125895,3.1551962371933437,-2.4674263924767748
313,-1.5144513599925353,-1.3314954183417222,-1.2945080920857228,-1.51945898083782,-1.3215689871115692,-1.2975059255890349,3.1351510704566956,-1.4039552760762843,-1.1972313945384991,-1.1679673041353746,-1.4181266583927086,-1.200616252291201,-1.170729564476836,3.0081200856632453,-2.3785190254167112
314,2.131100279149879,-0.5859714581299658,-0.5770838953302178,2.1035784547322343,-0.5950267020947086,-0.5846221409425383,0.7916585423632795,2.2910730336892215,-0.61630742768067,-0.6085714666172054,2.297038832803504,-0.5918299718333738,-0.6434510618113033,0.41486558801467555,3.3209552408230376
315,1.3744850273249538,1.6530954084118512,1.626554471272466,1.3883027358302371,1.6711858818457686,1.6156988919356987,1.788036817453127,1.6295867827246093,2.040680452374219,2.0082527765314113,1.638264268885094,2.047026573152147,2.009564953438243,1.2506727943000093,-1.2970570182242325
316,-1.779918561437544,-1.7703043645823568,-1.707624018609625,-1.784529281489441,-1.7722021961592125,-1.703111944953397,3.0722002379437003,-1.70717704131314,-1.6758011041151375,-1.6171550892220619,-1.709071316090232,-1.6705886350499914,-1.618146946099506,3.0228967382610406,-1.659294170652159
317,-0.13156557500916097,-1.5280928656657318,-1.4897944370038823,-0.1265232509873953,-1.5294863683119515,-1.4788340778534934,2.194253661210785,0.03100114499625646,-1.4291343753662031,-1.3917314254611775,0.03692295626355443,-1.4280538872987052,-1.391594618191339,1.987850578076295,2.057844727574781
318,0.05549528833900709,-0.08620856556616371,-0.084911780226747,0.06227433645008958,-0.09394945286743582,-0.08982890749997195,2.1128187567286343,-0.07411203927171331,-0.2500410860286521,-0.24625405923818472,-0.07367586081665897,-0.27078224790055555,-0.2731484060567634,2.015347489554245,0.8231058452197816
319,2.004992196017235,2.0916782218633267,2.0628880610567526,1.9992004277712214,2.0965267681743596,2.063694427221205,0.7225667238189296,2.0090666161108937,2.1142777514881246,2.0824698263304957,2.0142541368563647,2.1138177624132886,2.08590135843525,0.45811702893315903,-0.7719939131105643
320,-1.5783073434158537,-1.2580645322463142,-1.236891793445406,-1.5813423615060866,-1.2458674385848874,-1.2416674237249374,2.837498145818702,-1.6083423759232935,-1.2684183296948774,-1.246440129761376,-1.6346615450417827,-1.2439532381278318,-1.237702559245461,2.7771351615978874,-2.005638052007195
321,-2.3187717212373777,-2.1928506451710215,-2.1319134363566303,-2.3167991278378897,-2.1967938829806286,-2.129026871680334,4.198342976399863,-2.2121167436051414,-2.0794223356472363,-2.0233262264764753,-2.199441296934616,-2.0989956925175797,-2.018174745856334,4.034077712833941,-1.657269586811661
322,1.2874130457795294,1.2162688077809434,1.198778133043897,1.2824093466600677,1.2126957397423195,1.191946120795834,1.4791877673248846,1.5228932579887269,1.453684452834537,1.4334883455757423,1.5100604299060134,1.4504153344099782,1.4246015774249075,1.1946311451275382,0.798159217015712
323,2.8800479515241277,3.1324722905009996,3.0186667043939392,2.879043110991846,3.1349806664759967,3.005179305377929,-0.5230998192036103,2.8890012536965584,3.1680226232132984,3.0511850617255343,2.9019414349380424,3.183905772684616,3.0486316035048713,-0.7745496033997191,-1.879174992642145
324,-0.34814060890431625,-0.659354766679101,-0.6459642646407318,-0.3552706736510541,-0.6715456293819512,-0.6423449906658719,1.7786184355704315,-0.45038723019024796,-0.8659940878624784,-0.8534448270825163,-0.4510873835559685,-0.8751128758839684,-0.8210256242656014,1.808440146512513,0.733287100900934
325,-1.765713549769035,-1.8465964501099839,-1.7948486919887723,-1.7585353931942502,-1.830799048061669,-1.7883195674762606,3.379594486641946,-1.677907943969696,-1.8471212384597464,-1.7949981516793607,-1.6827533192571198,-1.8151744905508427,-1.763050133568762,3.226699350115049,0.054476649820513305
326,-0.023634195685794855,0.30694516801931965,0.2982820376526938,-0.016147829768351437,0.2962728082190387,0.30584772290339446,1.7401088423077475,-0.08833223312581555,0.2577994278894598,0.25029438627148287,-0.09838124020584268,0.24628502504894817,0.2540029111723835,1.6103778852256248,-2.3834412123108426
327,0.21606727207570478,-1.0442077715001785,-1.0097605871821493,0.2065866531046711,-1.0512614537539493,-1.0205412121186819,2.34602815964435,0.02874243001813183,-1.3978142203312698,-1.3498501019602913,0.03875433996404719,-1.418222648855842,-1.3639194056036392,2.4361781944462493,1.0983467124679067
328,-1.1001818150267082,-0.8367768205186576,-0.8330102548960264,-1.0965282946740342,-0.8295124128370296,-0.8021460869556304,3.439172881435491,-0.9756059887784057,-0.6564310266517809,-0.6531734118615357,-0.9887516380235186,-0.6396265329083752,-0.6575446152390242,3.15566830148703,-1.1433606101479923
329,2.0314197289076206,1.984899627266836,1.9686938990043628,2.0333750011609584,1.9952046576513296,1.9598332243497494,0.23507640177341715,2.0733359424749453,2.061657243528895,2.0378035747476204,2.0822859179225253,2.073295622382034,2.033246209239955,-0.002648230576423695,1.4181800376056697
330,0.7658670753145295,0.7659005837083346,0.7550539685314733,0.7888023100607031,0.7771162756412632,0.7508444326531865,1.903278745844507,0.7457371981775033,0.7327440026470347,0.7220490998984102,0.7414315296186084,0.7358373560524607,0.7183046339212583,1.5530555273239834,0.2222526188640839
331,2.4898446814627073,-0.41219091979165345,-0.4121123410889442,2.4889950155250102,-0.3970609968541663,-0.4168948230576235,1.4508485848495214,2.607289967918605,-0.4345013846349346,-0.4329492840397559,2.6140824545596053,-0.42552648903965196,-0.4281937995381356,1.1879734783631146,3.443270181173249
332,0.07549285566184473,0.30533113432261993,0.29580704859621354,0.0747375164581175,0.3162418604115989,0.2977486180019604,2.267947268652087,-0.347888101942242,-0.06297843120174387,-0.061089719085582014,-0.3410534650032355,-0.052703707340893045,-0.06693271040590983,2.310059414401223,-1.1890281888705185
333,-0.6354034421830188,-1.0968807580982785,-1.0787097858224004,-0.6412202833243849,-1.0873577740317664,-1.087939844402108,3.2965166680247266,-0.7111312752115378,-1.336499853171232,-1.3144313682528925,-0.710621412171011,-1.3378611739648416,-1.3189077423128859,3.2373080044259637,-0.5012759935821384
334,2.070257133413769,0.700594285696623,0.7113318911952381,2.0954068235951797,0.708336494800836,0.7237022300295951,1.055310533536699,2.1082605436303536,0.6854126988279104,0.6974640517833257,2.105445820116561,0.7008409084455333,0.6917965784745317,0.7812524408251957,2.633347663857419
335,-1.4799609263163056,-1.1254125457353277,-1.0892592124479998,-1.4634868211696812,-1.1459910121706798,-1.0784895764917268,2.8012643449422576,-1.6661756586197995,-1.292451266109078,-1.2488236503217631,-1.6516233930632542,-1.2763456904507338,-1.2465715830055313,2.825998837860951,-1.8974124238412402
336,0.22032488640679734,0.33899009734829283,0.33789765766644353,0.21331092732608736,0.3746998778561212,0.34661698528647866,1.8337519917149852,0.286284539125946,0.4064503245461106,0.4063951535605654,0.28580897476722045,0.3963030347619316,0.40639399149687094,1.6906692796050193,-0.485677718018117
337,2.623161951317459,2.3341209111635806,2.286335644954341,2.5818226675496647,2.3514705985173547,2.2869803410626055,0.43525138612084896,2.869360422051446,2.517417008750079,2.464857142905152,2.8511024117555612,2.5338183373657914,2.4515944318075804,0.09824496102773889,0.9887713556928287
338,0.011337517191298562,-0.1098590587361189,-0.10770636257157923,0.022418821976966853,-0.12149924385932383,-0.09528039905711945,1.8404303285971626,0.2622471420636611,0.14756844432999686,0.14386814954647195,0.23582370051478468,0.12003923035170722,0.08527451426956363,1.5228820783373966,0.7950518947398361
339,0.43137660191129473,-1.6256572628011516,-1.5935426901886047,0.4406821039626705,-1.6537774668212952,-1.6214042936140722,1.8492418030664393,0.559278813687979,-1.6672319831138762,-1.6331654191313971,0.5592777280957781,-1.663553384560565,-1.6453421629737324,1.6061375997572738,2.227908117411082
340,0.5061412322622056,0.23664723646263133,0.2361655042636572,0.48884556436146975,0.21949047332000274,0.25545042479673913,2.0933499025694737,0.5221188876482452,0.2639106792604573,0.26378831026745264,0.4712648981054381,0.28589952763861953,0.25275781840843337,1.8868606550249525,0.5289131824391176
341,-0.1200636592412606,-0.39707762477376735,-0.3885589264825322,-0.11625585866457772,-0.38037052363101076,-0.3875666576116335,2.408261233037616,0.03896795110464064,-0.24645916246034677,-0.24085797553657923,0.0419646533380811,-0.2479694213328688,-0.2408334004280133,2.17260402425512,0.643615362697977
342,-1.254329291683637,-0.31812638429022244,-0.3125067548639224,-1.246462214030654,-0.3338074427485723,-0.31632091712885824,3.338410503508824,-1.270773544096863,-0.2994255264061766,-0.29428592748740123,-1.2604521552114292,-0.3051926605434552,-0.3065323689369926,3.194041093708774,-0.6839685927869795
343,1.821217256545212,1.2626190679565885,1.2518366227036803,1.8095270108795118,1.2523031011425432,1.2720765875494366,1.6918690803139653,1.7379857647256272,1.1479588380527244,1.1381150921521388,1.7367779971359378,1.1483868700052025,1.1498612123202647,1.394007614931956,1.5448610018083293
344,-0.16465770394217563,-0.6540392638522774,-0.6352716310627644,-0.14655604942857478,-0.6824596236671633,-0.6203161368260226,2.143345746549222,-0.25447639914363407,-0.774321304961297,-0.7512688480982512,-0.2679743433296955,-0.7736594446289552,-0.7633131547446215,1.9752721299796185,1.2174277957411892
345,0.07009245302781557,-0.49083584261463065,-0.48693623593199475,0.05576601007156647,-0.49811639574068733,-0.4863119575754793,2.003710668287433,0.05110507184755159,-0.5353174651707023,-0.529534118114309,0.04367055962469585,-0.497959288324303,-0.5001912066927032,1.9053162472467853,0.25780093240493057
346,1.495277402462619,1.4947258611089376,1.472957348620129,1.482206333325188,1.4866828660149316,1.467237752462698,2.055720556965393,1.5160888848827176,1.5227154923495818,1.501903261602219,1.5158709911832118,1.5186154541858379,1.4961794345570933,1.8846619425930389,0.23817127278245356
347,0.5220879584392374,0.21156159370085828,0.2075928898005095,0.5108400897070775,0.20594760845454904,0.2124703992463306,1.8598485786545704,0.5007472601097435,0.1612702913183869,0.1582064330926181,0.4885731420566225,0.16093066558148125,0.1610595893529127,1.7476515750031405,0.913409352067995
348,-0.972781651198373,-1.9108795148849562,-1.8861764026494132,-0.979695182506753,-1.8920384278328366,-1.903879353885333,2.6289954395156836,-1.01592322146514,-1.9784803679680525,-1.9529526751173891,-1.007692940944452,-1.986185005823081,-1.9596601500760638,2.540057450861292,1.8850177378866764
349,2.4885990977276484,0.8185247071737008,0.8083056905098209,2.489012849361179,0.8364112095458792,0.7747010312539402,0.9813606392468388,2.521686615531209,0.7875439525154303,0.7762922056473,2.532033601674996,0.8166015694043242,0.8027718366448362,0.6880367307567473,2.2779622436219165
350,1.732105753387956,1.1408940121620226,1.1315237985197901,1.7229218309114904,1.1469238745352497,1.1372484627021588,1.2273486927943176,1.8854598424949018,1.2753691256026727,1.2644667847562638,1.8904099198540167,1.2719503252501998,1.281304384576047,0.9994201026186108,2.3636475522790517
351,1.8715177347262293,1.3456013249316165,1.3210303737828462,1.8787227933105062,1.343227661895634,1.316906087084218,0.8544064879038681,1.9069091652726686,1.380010116778065,1.3544843862174114,1.8998284529903828,1.3729116072737644,1.3533333529834293,0.6639512555031315,1.628312045442814
352,2.7084668168685013,1.0320989430234313,1.0076139148188488,2.713536166638304,1.0436345905467923,1.0091975184341206,0.16868819569698568,2.71141589710058,0.9320097438027967,0.9102558667139515,2.7052297015337805,0.9268375593312751,0.9032983570283504,0.08189683591215825,3.0020050491083303
353,-0.161922845292131,-0.6977460813693364,-0.6830444308693344,-0.15426783188599916,-0.698528582649073,-0.6781513521575401,2.0721542126755783,-0.1275695904135806,-0.7087542163799536,-0.6926539169645967,-0.1224549254650134,-0.712854880515649,-0.6986892298823277,1.9155095342736654,0.8817558618418031
354,2.1036777000659366,2.196127150591686,2.1444163338147146,2.120480749917027,2.195611703629112,2.123758053625734,1.6176688247324216,2.036812156787984,2.1330967401638796,2.084579125057643,2.039677554915249,2.1340471617616394,2.0826195620549437,1.4421764467131213,0.2990023811669746
355,-1.1666633735350538,-2.5832633976226576,-2.4784216202010247,-1.1650253183565866,-2.593360071552198,-2.481189830226701,2.6588135489403304,-0.869928192302438,-2.3963131922093472,-2.2982754484337073,-0.8701356337672017,-2.3975736773397403,-2.302942761876703,2.339563655820355,2.649540222937629
356,-0.10074052920595937,-2.141713712330673,-2.0964075260730253,-0.09117458147725485,-2.1370491635985895,-2.09171805000435,2.204699078716641,0.14172619865748998,-1.9609436288918958,-1.912476038153681,0.12278059060201486,-1.9762960477717095,-1.8691838176386704,1.845808439297162,1.7887838380035024
357,0.9196908232499963,-1.7492597389310967,-1.7026362313110497,0.9147942731576969,-1.741256746777159,-1.6765688628597022,2.6561520679991624,0.9269064961482336,-1.799199094868184,-1.7445671339862918,0.92121973623335,-1.808236205925226,-1.7594221250577238,2.3304685980049533,2.101573276744705
358,-0.16133944793097799,-0.37139625724613223,-0.36717261770615595,-0.15186566724383446,-0.38841179213207905,-0.3679668809682001,2.659912518452036,-0.03512528543752268,-0.25911355085720167,-0.2561110112511788,-0.03411073665010247,-0.23689530722468297,-0.25005180422658646,2.3903014761546193,0.6623845579424572
359,-0.1479053844119223,-0.5503674244220657,-0.5367179381176947,-0.14790537213629518,-0.579582411275358,-0.5091387009792625,2.4083899424992086,-0.15132224760819588,-0.4857294920184616,-0.4737991489015725,-0.14747444465372445,-0.5068371810684178,-0.46944485411410075,2.275061194990005,-0.36790798687020976
360,-0.08956798856913868,0.14522770807153554,0.14260660729616104,-0.10865261302111726,0.15547755318381645,0.14705857780035994,2.4378476090246584,-0.20395404861895228,0.04470427157214882,0.04388435965694472,-0.2050180738514091,0.04263350499062287,0.053682570269300324,2.4219579853912836,-2.67206545456573
361,-1.7201685850958426,-1.695975446710851,-1.6521048692761566,-1.6994530297481192,-1.6807393766232996,-1.6566334482140666,3.5338649264115327,-1.5250424632262707,-1.5058444655668557,-1.466423225843903,-1.5212693139433298,-1.511306654412937,-1.4891925974941265,3.230474563486319,-0.35721268452797594
362,1.3577957526825581,0.21708808957520206,0.21184116807146203,1.3691085962382559,0.20797703505941026,0.22578928340383536,1.2960497450636745,1.2465753466177425,0.06493463380798749,0.06336167810368251,1.247505737671167,0.05616188319084162,0.06331226290596595,1.233512760544522,2.6327072926951294
363,-1.3607882974648293,-0.4597558278394864,-0.4493287499775872,-1.3807738294903564,-0.4254728311188574,-0.4651644737278986,2.795920360303019,-1.18979490657153,-0.20848225006774576,-0.20352627229645906,-1.180006080273489,-0.17441343954498814,-0.18960826809713338,2.355382604165122,-1.209566039545577
364,0.512835054255031,0.439948609037083,0.4317442998199756,0.5184947097215521,0.4492534038379753,0.4187446635441981,2.47509470048119,0.5495314495968717,0.46685331525212953,0.4582108142432125,0.5398820643283,0.4641159651844741,0.46728069012736795,2.2801268249141406,1.435169226305541
365,-0.5040621237406816,-1.6455033954260805,-1.5882443039058038,-0.5060206092091761,-1.638511611368315,-1.5894752599787112,2.5420355889729875,-0.47764712870994386,-1.876341100810982,-1.810822926433688,-0.48608171496869435,-1.8689118819462298,-1.8182011871875192,2.7377319541685785,2.4921773588398897
366,1.5952343681815413,-0.5756461085639556,-0.5661178600116108,1.5998278873408955,-0.5863456732551786,-0.5726773515558592,0.8408660863920416,1.7876630406154215,-0.4120837443124816,-0.4060337999919009,1.7982908290550053,-0.4326483017191307,-0.4104180597926665,0.5332068972577543,3.4369037125518798
367,4.197919289405674,2.5199527925296663,2.486635256070714,4.200747358545167,2.529912601058412,2.4864506401171727,-1.4985804666597689,4.33964783532988,2.584712232774481,2.5458638484417486,4.341000389600448,2.586640117617709,2.5430325207555766,-1.7730344155822626,3.795742451566073
368,-0.7163077209261014,-0.9453626438667125,-0.9359374471466804,-0.7159854472280985,-0.9507797730080516,-0.9120526516799604,2.6335751181633364,-0.7927595874015917,-1.0438753546181112,-1.0323144779832207,-0.7959016433864664,-1.0550603994036472,-1.0359828986577617,2.6020289892026183,0.6283169596650944
369,3.3163001791414803,2.3990388014627264,2.3574917067941623,3.304715557523341,2.403171942956805,2.3524313130039753,-0.31844776382272655,3.4617286359886474,2.499291999944076,2.454487306940592,3.4691030868751573,2.4937273137045612,2.4560470985112786,-0.4928827283338622,2.7260090901514475
370,1.7534066511144015,-0.26387531914397777,-0.2583840556705544,1.7689107034348468,-0.27216437284935063,-0.2751034839018803,0.28584214121922064,1.9214397752577643,-0.19406070758517632,-0.19051925760465782,1.9410472527369023,-0.188397480450201,-0.18080251012963816,0.018474304290844967,2.7451367723070725
371,0.4014588077512265,0.38353192351698695,0.3783556926428595,0.41420294308405853,0.37353743507092124,0.37004200754389016,1.3658321721763227,0.32022373663429266,0.2739126292308765,0.2688062636080875,0.3139629177064709,0.2610014270579712,0.25518485196234114,1.3353474872854034,0.44225743209391916
372,-0.8256445826659177,-0.8548657409931737,-0.8253806280673363,-0.8227227274486166,-0.85143155971117,-0.827357260353119,3.1568246493256438,-1.070978094034325,-1.1436124081208114,-1.1064917455974697,-1.0665712652717125,-1.1502731053215276,-1.0924145303489055,3.3092217188930166,-1.3429949812289819
373,0.7619670526603646,0.15828218326500568,0.15614134389836176,0.754417038591452,0.14456817783074521,0.14759809724418071,2.5400227446866315,0.6570456400945036,0.023713136368891056,0.023376642519653948,0.6602028297846546,0.05487598300655894,-0.006734754098109138,2.558573444297016,1.1660202652950267
374,0.6626534848297294,0.046315616560254944,0.04579849595563083,0.6614839156317546,0.02006547369661458,0.07593070830487683,2.1116344947497057,0.5724955078832492,-0.04327888542167213,-0.042715945111965144,0.5887896901539518,-0.03731359060271309,-0.037870566160189155,1.964548030052035,1.2586219568462946
375,-1.9704034352757687,-1.8230414475689751,-1.763637146344066,-1.9422227261247864,-1.8397472409365065,-1.7657519888242355,2.6988140004309784,-2.07521342821435,-1.9480997268753542,-1.8854903313524647,-2.073914481317497,-1.9078218016279895,-1.860942086044498,2.8059523743845705,-2.1590593654187282
376,0.7591639215448895,0.08878114669497691,0.08850441198564463,0.7437054571305299,0.09483874595182318,0.09382487244787212,0.9866476664278523,0.6722634461783721,-0.05179834473930619,-0.051550974447588147,0.6770986296636406,-0.04406357922576941,-0.0560965494795623,0.9588664966640404,3.251435028406781
377,1.4787927756946286,1.0562907752467414,1.038337230193598,1.4819071226085265,1.0448111651415284,0.9814277316957014,0.003789631473559051,1.3542648353022626,0.9381577375823871,0.9198445359667486,1.3543347643344148,0.9350401474411908,0.9203521500057525,-0.0877077523091239,1.5988235322975057
378,0.6849796499778766,0.4613462401037827,0.4593550108147258,0.6809161512096108,0.4686841615107955,0.4514155605936401,3.214196061586729,0.790677161473041,0.5814318587023014,0.579580855295361,0.7941188905348423,0.582644467216088,0.5761594110135889,2.9645699482788306,0.30315980419779376
379,0.5050884320197842,0.7337663194667109,0.7339898571768473,0.5049048659584422,0.7287091516545333,0.7149192200591321,1.7728458666909988,0.33608669153312515,0.5761148843756791,0.5785107584939344,0.31955884665935597,0.5768183387159653,0.586178990049805,1.6953769774008038,-1.3911107438240242
380,0.030891213239457923,-0.7408163752650643,-0.7276484135479138,0.034901471514373325,-0.7546857373197114,-0.714929162377696,1.8847532004070882,0.078486408114369,-0.7824648714134256,-0.7695657064412166,0.10365012977559084,-0.7752962066113759,-0.7898041352421827,1.763168897733285,1.5663240595815366
381,3.4174425827383175,3.3124715576061043,3.2188455961252282,3.4156968333696365,3.3149753173996914,3.2114304461749126,-0.1262770666869568,3.4376181596999564,3.3263429761058143,3.233564476558859,3.437909704612215,3.3294077361370533,3.2323300980130165,-0.29217386586907734,1.359463003012917
382,1.8149915752936256,0.37439859911287066,0.36964607908438907,1.8159399673695809,0.38083433221580826,0.31997245974753885,1.4597077400365301,1.7870821862754003,0.30435867871078714,0.30211329643333146,1.787757968553234,0.33781159983839076,0.3126543014497989,1.2756385475736511,1.907974204439635
383,1.1655616098681376,0.2636720250294232,0.263401300935116,1.1758099640432675,0.26595691502099494,0.2475421704172684,2.6726618946113887,1.138825203933558,0.22125460730168756,0.2208847009000422,1.1419362922220715,0.2027604444489462,0.22897628769806902,2.4612830583637457,1.4782838362703439
384,1.54349796313529,0.21533915131330675,0.2131398154842822,1.553963973365716,0.19900099424449574,0.19013065653597735,1.4274241246132249,1.526854070790651,0.06179189728748293,0.06138911749981435,1.5240428985271308,0.031200669059325236,0.08289800441741912,1.0624660354444397,2.472105284275625
385,1.2838162313980577,-0.9395406102585452,-0.9195956423313617,1.296902409196986,-0.9469471093206536,-0.9672389312454845,0.4912946080130989,1.37820296941766,-0.9635869727383342,-0.9452648562587569,1.3802461568890338,-0.9910114700152115,-0.9168265140868243,0.1737932163965478,2.4080774176930575
386,1.7939527817651777,1.9259805140673385,1.8548762670614953,1.7895846242930207,1.9203646276845137,1.8569338554374755,1.1743133022983747,1.7375658114387678,1.8747878317028654,1.804763670657244,1.753020589871643,1.8963374780305515,1.8062401001435364,1.0662066057257116,-1.0390522956620947
387,1.9110539544179115,1.9368145988668024,1.8891294507316485,1.927773658454326,1.9458419490044099,1.9017753813361067,1.350122163371753,1.840242247154105,1.8902535829321723,1.8428051865031077,1.8340922461764653,1.8895958696914728,1.8577377721595045,1.2248772781296788,-0.1667020149050351
388,0.02537586583219074,0.07333656195828699,0.07252174669971387,0.02556455184586488,0.07110986097255784,0.05519789287800961,2.1035408516838032,0.06636360556114562,0.13325061163267687,0.13200095464874084,0.06357766165025824,0.14189017872986062,0.13119024708388144,2.1720031505520256,-1.3823904470759494
389,-0.38460077377731716,-0.3618369083440287,-0.35662198584143484,-0.3788149800834152,-0.38788868879550364,-0.37624362643661263,2.4631242422600907,-0.27294448861198783,-0.2629288364892366,-0.2588195959798289,-0.2963030012283178,-0.25856117524711875,-0.2550267486539,2.418897238467752,-0.28528845308098305
390,-0.23185264643193665,-0.7512528620581699,-0.7319453939121033,-0.23832179586094024,-0.7548468496815285,-0.7330981849128441,2.5394376341575238,-0.24367314996369263,-0.7847192345013763,-0.7651427562613341,-0.24358812480461658,-0.7851965713668275,-0.7741218010745252,2.352877825075835,0.3740489213755366
391,0.5317914369362717,0.10563718890557443,0.10564791779531808,0.5423835954441701,0.13045410875013347,0.09861208783914566,1.8634773624052061,0.09194994608948104,-0.46171068435865686,-0.46190988290764,0.08112729210482302,-0.4572580344253733,-0.47521058879992206,1.9967018067499216,-0.0773333201502586
392,-1.6203315839060621,-1.25414654272254,-1.2197773726329633,-1.6247622554088395,-1.2347374602438805,-1.2172890045194815,3.3534496581493607,-1.7446437265927617,-1.3611099250638052,-1.32557835429024,-1.7857079234998483,-1.3397876171013858,-1.3208199137606165,3.3749066666937453,-2.1315356428899603
393,-0.11165216377946502,0.05429730834858791,0.05269152087135873,-0.11254433947786625,0.03672258287853167,0.05237826084226069,2.3266302341411276,-0.31900330442565905,-0.15606570778194734,-0.15152692590766215,-0.3361767075589745,-0.14412372627323924,-0.17122905440143163,2.3767195777459693,-0.9159091179267834
394,0.5878370593520877,0.7442116487411067,0.7254341674847287,0.5879362038833639,0.7527363559245541,0.7258288433700456,1.5863509614515312,0.43530412504579163,0.6116142582506703,0.596596140491183,0.43592955236725267,0.6229880398715175,0.6063704692745113,1.5891642921308569,-1.0281670456564862
395,0.8681925400851263,0.8637314516048537,0.8456143807267844,0.8760810516855111,0.8743662942637391,0.8511099215490201,1.6349299516813323,0.8008865921698666,0.7943750183180666,0.7787023101269934,0.8029866589001363,0.7859968981954423,0.7934266056629633,1.4708212564367575,0.1436005907243897
396,-0.3257310462335335,-0.24069620429669414,-0.23488862010580192,-0.3150010157171278,-0.23857754494288025,-0.22856067337859287,1.6091155714052816,-0.30756897196916433,-0.21564518186210052,-0.21059892049082315,-0.318684254812836,-0.21743255417906315,-0.2070727711588415,1.6359527499519926,-0.7783754697251974
397,1.187756148284413,0.3147144080657754,0.30638960216540906,1.2007272009665022,0.3228583698017139,0.30399376400596073,1.759651304488521,1.0414008188251562,0.11661132087493276,0.11361974573314496,1.0359282355457138,0.1277483245644339,0.10620481669225813,1.8015739092179246,1.9630891940674449
398,-1.5258220366883846,-1.465384439714148,-1.4251159919450476,-1.5253876495256131,-1.4665841575627834,-1.4241830702613247,1.8463357611617943,-1.4990371747365259,-1.4325645734927612,-1.3951561615715724,-1.5054325871899366,-1.4296611891379214,-1.3889149964651761,1.8514539315931036,-0.5037513300214551
399,1.3036304407603885,-0.9645286671406419,-0.9356491253164525,1.3172355961949622,-0.9483786603171653,-0.9399830686357752,1.1210437785208276,1.320367311568489,-1.3533275765218238,-1.3117719971673003,1.3463348465532021,-1.3287865018023455,-1.322997724294136,0.9886265024588262,2.5564710272449926
400,2.1078080570581825,-0.7097528364889929,-0.6933061505635468,2.1067925421786016,-0.7077976988376712,-0.6951239367399561,0.1274325817690233,2.187815412396483,-0.7957579033975464,-0.7759058789711754,2.181943051830284,-0.7974609098653233,-0.7732464034526235,-0.01074084110509279,4.044223306307066
401,1.4888337347710126,1.5277168364087714,1.49862198921798,1.4943010647557888,1.5325541589628493,1.4872521606470066,2.395192233059474,1.554839775165733,1.6033741364965222,1.5729052535260197,1.5531232870792042,1.5961648250882108,1.590755721840085,2.1531588965682213,-1.0887898684915922
402,0.5662859941315697,0.8753232112776549,0.8536141639327263,0.5491908887537307,0.879936783103839,0.8697564995533185,1.4985662579531804,0.6580153037538646,1.0445516315819494,1.016315218543842,0.6372439322922626,1.020841177953847,0.9956967700965219,1.1627081206730867,-0.5680006500891714
403,0.5121928542381531,-1.3464478876481567,-1.3232015381996147,0.5164362137825516,-1.3441057610938234,-1.3293360671363939,1.7706093468129742,0.4930339404530952,-1.501594488734488,-1.4714560570931707,0.49264930277763336,-1.509329907771794,-1.471420423308959,1.5965421368216024,2.1666688280350708
404,-0.11793042152528044,-1.173488949631953,-1.1449343822503972,-0.11290094577486416,-1.1710170886322169,-1.1406225812621704,2.194113216248087,-0.0028554308890843855,-1.1160097669537306,-1.0885991883418475,-0.008019268796700937,-1.1216781431114728,-1.0894639741159333,1.9946246676396844,1.8568751858357813
405,-0.2607337428627474,-0.17195535095105455,-0.16719833831492162,-0.2295849285983781,-0.16282496484485834,-0.1318993653498974,2.32106751743799,-0.257655495321113,-0.17062611314687384,-0.16578988283625115,-0.2692616455580727,-0.1779108381784882,-0.1860165805236966,2.134843830991518,-0.06718205937377143
406,3.6989138408920197,0.6339653743611334,0.6201821607493258,3.695667290642633,0.6488139075361041,0.6519704199576339,-0.14171768214160874,3.751769503336123,0.7247399357719703,0.709439756932703,3.7546696878439385,0.7403121833247706,0.700943667873491,-0.3789268721503328,3.9571852169833392
407,-0.5285578850290013,-0.08721210167683305,-0.08516935485239677,-0.5599474955871101,-0.10637208891900973,-0.1008188432048865,2.512550516206747,-0.7825974144794319,-0.3460170228042842,-0.3383705349323725,-0.7961320170380076,-0.34012891477335083,-0.354381450825317,2.5816463072833726,-0.8324665417579808
408,0.04483652796785573,0.40615508393768196,0.3974781987723271,0.026983707634266375,0.39330806112212807,0.41250762899265103,1.7495784082931758,0.24776892036447662,0.6391808946524868,0.6262957354156814,0.24815171853052514,0.6334044437909646,0.638885352368243,1.3924994451098045,-1.7208318502465274
409,-0.43939309919705766,-0.836076137577368,-0.8131870668620338,-0.42400870473227487,-0.837123694715805,-0.8048359507828565,2.7404985101285138,-0.415847074296224,-0.8210306610772817,-0.7978178353410205,-0.4119379906277455,-0.8199062772112877,-0.7925698936437009,2.5070436905557627,0.7572218321141301
410,-1.907570677041171,-1.9440451431286858,-1.8898150522583004,-1.9154140386917593,-1.9363382646213783,-1.8928473417019729,3.767882119042471,-1.9074275457614016,-1.9168049928315516,-1.8604651231798566,-1.9077273101081749,-1.923817783083508,-1.8668984245095765,3.6587235123292916,-1.2873116305000316
411,0.6328226235588316,-0.11818096591646021,-0.11656819266373294,0.6410626360715532,-0.11522715213443792,-0.10857433582594196,1.5430919033311759,0.5215272070822616,-0.4161255658929116,-0.4112090727054539,0.528983111698017,-0.4135378145700249,-0.41957265512393127,1.4947956681791057,0.7309030914633962
412,-1.8792982665415567,-1.9718771226373508,-1.9064035759324542,-1.8644493401661157,-1.997036638898491,-1.8894628236884068,3.187703091813365,-1.5513021916695848,-1.611504025894687,-1.5572965267105598,-1.550960348841765,-1.6054519441673847,-1.5313554131893652,3.008935437027223,-0.12904862387651572
413,2.122384406280413,0.8784671990176126,0.8537164154885132,2.1252340099272007,0.9051721635251209,0.8634992660203226,0.4496219185962359,2.056043803725773,0.7355512771610374,0.7152903656095042,2.0592505782000172,0.7350128321711233,0.7132995862947399,0.3310140876301261,2.824908113530031
414,2.055167101460924,3.0461001099272607,2.9545020280859275,2.0625915595072035,3.0490777139262453,2.9516085430436276,1.6572338990620852,2.042390958170134,3.09767302764365,3.004830329034508,2.049307172471366,3.1050355452049634,3.0283096079621696,1.3770295281522,0.0156944901763016
415,2.899877282809756,-0.36068902361524163,-0.3538470408281227,2.903237465174804,-0.32630812830840605,-0.33029731581332467,0.5153516515245402,2.9592688703855603,-0.3419233376781202,-0.33532272028140103,2.954447848191477,-0.3312911921903447,-0.3314508206206479,0.2760887886121083,3.6463321439471774
416,-0.982583917386518,-0.8869002800166474,-0.8683109252109283,-0.96613757647627,-0.8549664332281488,-0.8673683328078182,2.8515998969241614,-0.9170322415338293,-0.808561638907906,-0.790430814755197,-0.9397001141068886,-0.8086013781151083,-0.7954536476991021,2.5817580846984756,-0.24897190299819183
417,0.34408302684769687,0.13697465152542956,0.13427891342650194,0.3308480991942163,0.11544433871349766,0.12882651403398887,1.8270057057937645,0.4579463974610457,0.272732215960339,0.2670853588646162,0.45372519624780905,0.3054078111085253,0.2590795380592814,1.5558413748515363,0.2321314899993732
418,-0.6457197497562279,-0.9844501993680346,-0.9527793979416854,-0.6541217762732572,-1.0068713061713668,-0.9619594444943766,2.0468753287341164,-0.8528493028503504,-1.2530373845833531,-1.2106051321712283,-0.8599138306831295,-1.2611266358345112,-1.2058517325589837,2.014443260120816,1.5249813598260362
419,1.1107075840034344,1.2424583161943228,1.2210630609257953,1.1194502607712156,1.261424051356326,1.2247975866872223,1.867535832948739,1.0781085601986429,1.2146667561894355,1.1925050293564483,1.0843202294755934,1.2181626130198937,1.1829417305420342,1.6722489251039678,-0.7722793849880804
420,-2.206911961545682,-2.2119751931968716,-2.1398012599392553,-2.2117552040801245,-2.218476380068772,-2.1440932746792294,4.4378686094167215,-2.2134201734154164,-2.2180898310257358,-2.1442814800401266,-2.2180654453631483,-2.2191200979918877,-2.14978472371294,4.241633609953938,-0.012602470769884197
421,-0.4744353412913086,-0.07342694521143767,-0.07218968934037376,-0.47252850344022723,-0.07240077768269569,-0.07587941870627647,3.3905120780505706,-0.3504041796236664,0.04916985565170128,0.04835289005292596,-0.34369955984834233,0.04848947899317773,0.04437303385677556,3.1982524501397864,-0.5561918461984994
422,-0.2336979827588377,-0.49986366038993707,-0.4864665626727975,-0.24111899744266227,-0.49608451801641257,-0.4691230605949053,2.7827534337492152,-0.15485738233386973,-0.40790596622890496,-0.397211986119085,-0.15914270100036054,-0.4176549112072047,-0.3972143718739204,2.615660379679445,-0.27190990175452895
423,-0.12884275566532818,0.08582479090943246,0.08336107552043381,-0.129669613736248,0.08857401606453195,0.15112836652879766,2.522514625883196,-0.2524382146798686,0.004465276847901943,0.004349746683256253,-0.22964586773008827,0.016392214850498042,-0.008274188133847076,2.4501349020972456,-1.0299282971163684
424,0.22208352345393242,-0.28444938157115296,-0.2782319981038379,0.2103244041662825,-0.31486522745287726,-0.2831869756810376,1.7652638275940118,-0.022779661645158607,-0.716947442322795,-0.706142927222454,-0.039504190371028036,-0.7388913404004689,-0.7158723291491897,1.8411988091291946,0.582620787282891
425,1.0680462253923078,0.3003746946511437,0.29727475102452916,1.0488356751935928,0.2971628024852274,0.3224179670232801,1.5482752424040258,1.1255129518658498,0.30540027604145864,0.3024411191655626,1.1307193832367974,0.2542207276280335,0.3041350022207673,1.2099972538917196,0.9998658396162681
426,-0.8700836233340524,-0.7143322860361618,-0.6960226534214674,-0.8508408553546075,-0.7109753372884396,-0.696188659572356,2.590290196195231,-0.7399766922749464,-0.5461530966588398,-0.5312062715842538,-0.7252539466857483,-0.543568054500918,-0.5469438496629087,2.3340466712427226,-1.747092758740853
427,3.22404961902748,1.2632803746927643,1.2290070411181082,3.234360399668236,1.2611410199783328,1.2585767468886844,0.2897118696767501,3.3757449244970155,1.52061832418754,1.4785689718100885,3.3786865444043706,1.5298576633128178,1.485427457523717,-0.03168296514537571,2.967897867591887
428,1.7748536257785288,0.930057070110802,0.9174786187881037,1.7842237913191346,0.9297442104780742,0.9284666774484199,0.902233230602793,1.8611598451802391,1.0779093448606052,1.0601967649199389,1.8693347579220114,1.1045458958568324,1.0523683981362895,0.635991848467625,2.2841709260754763
429,2.2285329007779127,0.780028245404798,0.7598821404259604,2.21834867472732,0.7804660710283835,0.7846632373495961,0.49696560833913356,2.228905103981937,0.6335308690511227,0.618126771580972,2.2029468651797495,0.660236668862582,0.6261490326654139,0.32084306938338975,2.4055624205274415
430,2.330798135264537,1.2409452044619789,1.1999560390345818,2.3455389840716774,1.2447674033821896,1.192609973786892,0.37443821028219526,2.28869672593015,1.1586262543673829,1.1194829714157915,2.2898476968212447,1.159662794028177,1.1230137955292643,0.20334526460776778,2.9646244791534966
431,0.8427095531327417,0.6309082753657317,0.6193659101678051,0.8385379158965507,0.6835808176861421,0.6215053290092939,1.279528781108584,0.8774630730720101,0.6759959195772919,0.6629408738026638,0.8840658832901781,0.6814137868350006,0.6676376110768183,1.1264671901120882,0.5754247429162052
432,0.5906601807181772,0.3779385137679331,0.36480079783734964,0.5931807707574484,0.3754199650155318,0.37489813089018714,1.596061482448351,0.48668274718423243,0.26697996109340133,0.25773195593622067,0.484948058288973,0.28528473279337585,0.23615799949355576,1.596004188851062,0.40536401828416146
433,-1.1912010390945205,-1.0105644189180245,-0.989685768530054,-1.1949176052220656,-1.0292128277078711,-0.9766854605094544,2.6742046663514047,-1.1900106422987984,-0.9907732244772899,-0.9720057498584365,-1.1862070412235475,-1.0452052213663765,-0.9632629673461596,2.4636610064499194,-1.2848592255713578
434,1.7068127524322074,1.258873560447512,1.2390655368939416,1.710913357981115,1.2690518004303084,1.2320001439778645,1.3146895155983478,1.5006352456089835,0.9286259692725608,0.9102872073852837,1.5127574949738996,0.9288106472267906,0.9021099435445954,1.268165634257792,1.1035583289451605
435,0.4953955049076841,1.3650190185671398,1.330513349928002,0.4882274784437354,1.3615295747370368,1.3338521601283537,2.3695258031319013,0.5393188080559799,1.4175251137550455,1.3812304787560006,0.5256466575234103,1.4214006628602331,1.376231065683821,2.201202231493626,0.20379585003085088
436,2.4377304805132516,1.277615508153283,1.2397516562138078,2.4388799974276303,1.2740273492926713,1.2506907520446588,-0.06154676349744124,2.5936718905277383,1.3857180742113808,1.345945968818454,2.586900026366235,1.3995149901130122,1.3428350956097141,-0.3041705284022404,2.1944076567031296
437,-0.23845610091682473,-1.240145750134603,-1.2129330564393916,-0.2507045404936454,-1.2325810012483605,-1.206431771590964,3.186325014744831,-0.5199787257895392,-1.6844222562855484,-1.648946571585106,-0.5232934964940652,-1.670890182690181,-1.6476147685395037,3.1710966446799436,2.238036264505045
438,-0.9086352814239385,-0.7771937796806341,-0.7581013010547046,-0.9161437422917893,-0.7571369699660707,-0.7641149261041722,2.483686473239605,-0.892553378954064,-0.7536268897306622,-0.734092352172984,-0.8966978973578775,-0.7919079264236427,-0.7357105449513612,2.294614718664499,-0.9028041548943785
439,-1.0883799615116352,-1.095669858703993,-1.0727358776628584,-1.0850015552390686,-1.083264347213056,-1.0772812537472236,2.7672897506523806,-1.0311429695333272,-1.0391011266163646,-1.0139549192006663,-1.0244524919026528,-1.0363088959099132,-1.0130033449781437,2.4781911651713715,-0.27893438584213975
440,1.26936389929458,0.8746384487010996,0.8407171034031148,1.29329120461048,0.8905688777660543,0.8451313594313683,0.7738143985939643,1.3440721523327914,0.8443208740265543,0.81314855705983,1.356579619726812,0.856284337682866,0.8132822467931586,0.49465473756642964,1.401896142431852
441,-2.8337577351289105,-2.8071371124298885,-2.741376234482677,-2.824739841607932,-2.8025239134030744,-2.7373414229913444,4.211137457302069,-2.811707827236362,-2.7462656960318386,-2.6768613178135583,-2.827565472567888,-2.754181440655604,-2.6640494264919083,3.99772198901392,-1.1587480852788732
442,1.8872252574511388,1.6340108070669417,1.5665369003198217,1.8921111924498717,1.6602401225833068,1.5907082963918493,0.5773035471929466,1.8278337792318402,1.574960218135364,1.50678091583294,1.8252932828767345,1.5522686089269855,1.4932547304128272,0.49887776796071875,0.6125115538851418
443,-0.15214725045613564,-0.009396866779485601,-0.009215337106605031,-0.17678424465054798,0.0030459862637942014,-0.029994366593284506,1.998750647822672,-0.16725026005262733,-0.040461175538704715,-0.0396485459053699,-0.15399066942541467,-0.038415164691772544,-0.05282443590181398,1.9517816320501822,-0.4343155507129257
444,0.5933284812499026,0.6068809027029755,0.5934061605680487,0.6038769498862345,0.607720532436697,0.6155874069131356,1.9388912776970255,0.8821171328782116,0.9324849830381421,0.9091504071990518,0.9194578313078152,0.9304228239402312,0.9105010468819847,1.2724207893183428,-0.13298108606334397
445,1.4213277452329662,0.3290579360850723,0.3239869289528281,1.4268472572241948,0.34603530790338194,0.2911397100165401,1.4268044615237372,1.3885581469627593,0.24227379137821792,0.23867021788871992,1.3631944145016106,0.21895483861993353,0.23229281556561285,1.2424991539900894,1.6175506762108587
446,1.3995332200483361,1.7348811798859642,1.6975076627760097,1.3900888634391604,1.7216728599087148,1.6915892186474932,1.3876646080481356,1.3808319451951687,1.7373686902276286,1.7018428272743733,1.3678276180416462,1.7326073663376353,1.709756423413044,1.226567083771971,-0.8555289837374573
447,-1.1245389013911748,-1.0141980559240182,-0.9925724821946287,-1.156242740314926,-1.0283063316108152,-0.9913893683462903,2.821691377108821,-1.2757569166862335,-1.1495886943878317,-1.1232377087106806,-1.2838723432672294,-1.1473783828549244,-1.126469479886571,2.8270619788196663,-0.9456461245216647
448,1.8918586053922979,1.5639381964579595,1.5250224015609302,1.882325393999537,1.5651500589334968,1.5145906292575635,1.6018824453867406,1.73421077324574,1.386730518441404,1.3526248227410258,1.7356618240136612,1.3949616308438757,1.3547905407381702,1.5293541361541367,1.5057714477166437
449,1.0279907426078523,-0.5554436469175968,-0.5445491781470407,1.0177863188379477,-0.5447196497371181,-0.549545591331174,1.8914929694587184,0.9987897915203233,-0.6774051779036181,-0.6643002803731441,0.9906808623598516,-0.6575705529659628,-0.6748575289736345,1.6784415155480585,1.6434417645558053
450,0.6526836750006997,-0.5264179776933486,-0.5157353094673607,0.6604675649678259,-0.5411774281919434,-0.5018475550011688,2.1027524819848993,0.7099725181723933,-0.5126999899359397,-0.5020503652280821,0.7169439341313381,-0.5164528709185576,-0.49750040420613934,1.7573534928460868,2.0328492951751373
451,1.8554135624648955,1.8556392313044268,1.8337906347037207,1.8557208806695284,1.8435211164725605,1.826505731699966,0.3205606696397538,1.8586158719161647,1.8625491343079323,1.8436423868561451,1.8707072505761582,1.853847887995378,1.846738738850278,0.16295589224284196,0.5471030503112996
452,-0.5475493960731403,-0.39888919813602003,-0.39454363883325366,-0.4760310683177981,-0.39200713980279056,-0.389864565502048,2.69583024617568,-0.4501166494544737,-0.2949860372936145,-0.2923114179949063,-0.4512315374173805,-0.3385988833637985,-0.29097003790448694,2.549716363291594,-0.7335216841466642
453,2.4744483805908226,0.21221020436211052,0.20889024054745364,2.483128998542066,0.2296639999121384,0.19362917413528255,1.0313054326549629,2.604671063852386,0.41737268725256016,0.4107415037661381,2.6004165212737465,0.4183458235050723,0.4154520071701754,0.7476625723151142,3.51561145237731
454,-0.44945462783149803,-1.4421894432412028,-1.4115160312156032,-0.4391273345879272,-1.435401973959421,-1.4269062468695624,3.0248833206208845,-0.42088107209852155,-1.5100409592075779,-1.4776705949273503,-0.41821001373440236,-1.4990109323941607,-1.4666189326250512,2.8528675390036318,1.4777733961363135
455,1.0182266670640898,0.7553458245977414,0.7352347479419102,1.0185447604115443,0.7653758469368318,0.7346485516795817,2.454151093159212,0.9692201772440687,0.7018979581663278,0.6830263563437736,0.9701308811401803,0.6853460091653183,0.6905531914024291,2.2999848675856733,0.8446775470084025
456,0.752145549545022,-0.3894965872244874,-0.38578001396372336,0.7328575440685433,-0.41405418157846463,-0.37740409771243016,2.1089434424791067,0.7680977902667888,-0.43055430500334346,-0.4254546692834478,0.7645965954838895,-0.4432124984846921,-0.4314991985284237,1.866800550292257,1.8390580806523784
457,0.9130999655227132,-0.08796839978723897,-0.09058853328083043,0.933474373435678,-0.1038478007592492,-0.08670280490051757,2.1358828950029243,1.0228993303163039,-0.005033202439806534,-0.005181624187479252,1.0350156801106125,-0.008915541999309846,0.00390698436422033,1.8876183012675418,1.6397601218635633
458,-2.2047619335319086,-0.7896809696146642,-0.7767799124824472,-2.20781094530294,-0.7669654718791139,-0.7728784412083048,3.8076793771180566,-2.4062383761050743,-0.9444969162318813,-0.9284743566958713,-2.3937427560721583,-0.9294861856880032,-0.924596388357997,3.9043014830439353,-2.817137497270023
459,-0.9187110569763548,-1.3064314160511734,-1.2786038771231758,-0.919693586949383,-1.3143820039870187,-1.2795158921575382,2.309061502722809,-0.682374430953614,-1.0940635197867805,-1.072354872464578,-0.6917172748738937,-1.0971850111510708,-1.0536431779216484,2.035064672685621,1.2110366065329492
460,1.3927396450267167,-0.1280661962485067,-0.12541891671472913,1.3989508950650817,-0.13634707051275455,-0.1275825208388534,0.8436983590416594,1.4627519138796499,-0.03626290441570472,-0.03552679757151507,1.462874915819869,-0.050527062131612274,-0.021730331579916905,0.687685826679931,2.2278000293121143
461,1.7874565952719275,0.8835154381693411,0.8792769507889167,1.7802213946873138,0.8978403850700036,0.8609434886555695,1.1281515489061769,1.869881313389259,0.872329297352304,0.8671357192233392,1.9040449232901644,0.8673969189356676,0.8888030710702223,0.9483810392193374,1.7865366076175015
462,0.1965557817830866,-1.1034459349791912,-1.0882305965740822,0.18964438527325395,-1.0881270717271305,-1.082882346095391,2.989689392082267,0.2554095766554728,-1.024053805764141,-1.0079481420783398,0.2519791588750559,-1.0297293025678773,-1.0380813818372225,2.742317836296171,1.300975843664479
463,0.6600558407190121,0.33647747590519167,0.33201842568177425,0.6598215504345073,0.31497666740172936,0.3309534333891905,1.3425421880164918,0.6930992732171632,0.39850998405137056,0.3937182958624135,0.7038327733589138,0.3969116542032198,0.37723627396121856,1.2026304045265255,0.6184983538787623
464,-0.3608830272603814,-1.021681987791873,-1.0101632909854446,-0.35227903147067097,-1.0403910629271895,-0.987356891466288,3.1963078753899454,-0.17533428269182258,-0.7104710602847671,-0.7011190785557135,-0.15351212490887522,-0.7173839793797291,-0.6897034919242085,2.8868893535731357,0.9301734084638866
465,1.0509608021519519,0.3019985647718727,0.2972379059347366,1.0436918110921711,0.3021597793388873,0.30473250464976065,2.6900593648295703,0.9178476589646765,0.14657285951755614,0.14409768479582835,0.9137527010978077,0.14779312745278414,0.14850122861118395,2.579379558330967,0.4200872550034459
466,1.0569443476004814,-1.3430136695076638,-1.310768218656215,1.0570816123400215,-1.3356549386243983,-1.3228675445338418,1.244884109592909,1.390790851696071,-1.1796089790450721,-1.1514161428179963,1.395545412718141,-1.160096244923777,-1.1441273204700064,0.7879486564321705,2.632250322835935
467,1.0550729702715227,0.940831057544248,0.9357837278089339,1.0547565385808304,0.9340852514770387,0.9433037914619252,1.6142782311310389,0.9849075287311209,0.8617382477067095,0.8577167667389237,0.9813473072377203,0.8523224274803697,0.8585468602308065,1.5117157569646769,0.3269818483724578
468,0.26336726633495544,0.833359103035265,0.811063591808084,0.265960149750506,0.8214347390378105,0.8056480475098565,1.9847164285075345,0.2401174616201203,0.8407291031001031,0.8175992227024179,0.25017907306652176,0.8428954613896702,0.8040925701453742,1.9657183162366691,-1.7694285063026236
469,0.8622911278147901,0.39460749628705405,0.3837306832979626,0.854965141537496,0.38682662767982495,0.3854758696492543,1.3548917587116422,0.9111318322432468,0.35923266368255435,0.34962919825556865,0.9195889161271623,0.3516234286887807,0.3494545595420487,1.1844267626756095,1.9377750278237784
470,0.611887421119121,0.5985485829061541,0.5898128877638719,0.6151479572295656,0.5957293551638029,0.5905457842643604,1.7247524582798217,0.39895319175222765,0.3695187525969982,0.36466488070652137,0.39232073260392714,0.36835489759651663,0.34865097015943913,1.9184747201216017,-0.4938582233528682
471,0.2961548664461947,-0.7947421301828204,-0.7677083490335437,0.3099234485039608,-0.8000205243674404,-0.7786111290729659,2.9287121697176195,0.1809453718065002,-0.9905933577595215,-0.9557164835930468,0.1789972503750838,-1.0009045623813477,-0.9679874573157183,2.8170280502523224,1.0086379974360344
472,2.524656098428806,0.2809563869125698,0.27662435077898495,2.529178287765248,0.2767756624871276,0.2493162460823205,0.6501774817158483,2.5844171406956584,0.1573471152666031,0.15483787669523544,2.5706326272141093,0.1526661736794052,0.18176940219035295,0.3531321353230843,3.5606643414394608
473,1.4944100902170026,-1.0751309408875138,-1.0545541979698485,1.504050428488589,-1.071318579200002,-1.0530458557624773,0.7840502809399094,2.009267633505855,-0.9294737609652042,-0.9117217887741453,2.003068233835713,-0.9211447507330357,-0.9175556556864494,0.20984853573340817,3.1899212324236577
474,1.4546698011309107,1.0836390306553998,1.0775736710613975,1.457752142804988,1.0996758235121833,1.0697233896677885,1.4420714690565903,1.4546718582916316,1.0217723432863666,1.0155188855012736,1.461391789815252,1.0279300764489663,1.021173215921257,1.2602609042668331,2.0554773404085585
475,-0.3942868536209857,-0.5131231710878716,-0.4981900579087548,-0.4111401709068032,-0.5160418926054882,-0.5063600253284957,2.6556983465060964,-0.369025693585951,-0.5147042992624032,-0.4989778365454885,-0.36229201411412154,-0.517817446330973,-0.4975965688329594,2.350357704788573,0.7502447992682889
476,-0.16707153702281113,0.13273300783787934,0.1302938589092454,-0.17051980614934373,0.12041315288630422,0.1071884087087687,2.4671785843924954,-0.18433835111011512,0.12870388484742798,0.12638047696262206,-0.17905463824566467,0.1199452477743195,0.11745109819897209,2.3321417325230747,-1.054485822712364
477,0.2870166639092627,-0.11507555404103229,-0.1113619555123819,0.2779822995270715,-0.12211810508535956,-0.12268746457865906,1.8347441996387277,0.2858020098009649,-0.1353007679016779,-0.13101902341419133,0.2895719282934758,-0.1499094265504395,-0.13985787690907636,1.713701646809433,1.1131686220750043
478,3.333657940537743,2.1582751243082625,2.106694897840133,3.332786937999349,2.1541261689966498,2.109599546998049,-0.9587483006990734,3.292625613156313,2.0674048633864404,2.016902317460254,3.298016199257743,2.0621760740439266,2.022006741309384,-1.0265166571649624,3.8418145310283824
479,-1.356805166949832,-1.4351518308983764,-1.4095218715439914,-1.3732303489437212,-1.432110345297206,-1.4158569535876877,3.153590075712473,-1.2537337989619304,-1.3418693814308722,-1.3152430693360655,-1.2467352748493652,-1.3361953254933865,-1.31419397076708,2.9290726978831354,-0.387470094861361
480,0.34201902913733184,0.5582893294982288,0.5406052533755435,0.32721388624993364,0.5520619046179513,0.5476597249885613,2.5820333679310057,0.3328125239818154,0.5568973419542851,0.5389196120902842,0.32462901549335177,0.5516274725587786,0.5506688103573507,2.3805190788231942,0.00261848712740203
481,-0.1449109080007089,-1.91388242891991,-1.8517414428755337,-0.1406853438102792,-1.920778041448906,-1.8413788667714721,2.146989997617276,0.03684855590770721,-2.0509100584790816,-1.983271201043677,0.04367390986210697,-2.0582091773924995,-1.9853658411308273,2.052308825949467,2.1546635150381412
482,0.17372409609701653,-1.3893703852107973,-1.3539651023683812,0.19430056731773995,-1.382998265954459,-1.3396257423699527,2.0793127753079395,0.15430228186436337,-1.4307115064956082,-1.3913391779888868,0.14848040013267103,-1.413614269510562,-1.380213009045184,1.9125154530388986,1.712634253404439
483,-0.7956094192832069,-0.8625468066385303,-0.8271904919985895,-0.8137442226415738,-0.8658416085374965,-0.8170279578123962,3.219833680019616,-0.888419479712927,-0.9970545083656027,-0.956045454250584,-0.8921381810332454,-0.9806229905242524,-0.9633585287621769,3.1560819145924635,0.2513937054024876
484,0.8380535663362738,-0.17592416215009596,-0.17057369540888231,0.8444366676339828,-0.1673469738272496,-0.16062547577127004,2.2726704952620733,1.0836216469232036,0.1225263874603065,0.11867529495877824,1.064391053062525,0.11819615859247758,0.10819027785680942,1.9411391054399012,1.0467461651845795
485,1.8406465351066688,1.8770823250269975,1.8309790299891884,1.845220850321881,1.8742930811724567,1.823217525508413,1.3378016205802432,1.953657630021271,2.0199882886364575,1.9682764752466766,1.9469428843883974,2.029344404835802,1.974792345594736,1.0052327778854784,-0.7451325868658765
486,-0.4391791202302365,-0.25305660234316185,-0.2510990760772292,-0.4227978654505985,-0.23762903595285947,-0.26878554935506727,1.9835754191702775,-0.4473936798704823,-0.2582631485493398,-0.25733677224282403,-0.44540495845857575,-0.28047554313212536,-0.23908467691117014,1.8429171246962703,-1.5153809695350253
487,0.9581483239539742,1.5658755786468794,1.5114380885703793,0.9452916549880446,1.5648692157396016,1.5145255964938684,2.649347528412684,0.906778819508478,1.5190153842403176,1.4664834430368836,0.9136458868004259,1.5209435041767603,1.472258573533236,2.5777475276934547,-0.30594077786862506
488,1.8091603189176297,-0.7730483720572027,-0.7596562984533699,1.8265758202358244,-0.7874151450499958,-0.7851031997805897,0.8529552337805291,1.9868661534326764,-0.6038980046925854,-0.5930566916395181,1.9837157764431133,-0.6324678974182109,-0.5990369065997503,0.5354624607769403,2.592491832780048
489,-0.5399135307479324,-0.6191329149012231,-0.6071526903941643,-0.5418065377867531,-0.6388721384096643,-0.6285682657356573,3.1059280530445017,-0.4136200305293033,-0.49319358263297736,-0.48394816138103935,-0.429826533093864,-0.5030795704987074,-0.4905382925704883,2.9054418642083015,0.2672555036070388
490,1.150140694979957,1.07954987001278,1.0653082603838082,1.1507210341219913,1.071480124555881,1.0689629544151737,2.1240270380223447,1.2151092843378943,1.1360935475855465,1.1188810386904553,1.208986691797688,1.1383502324669756,1.1175551439743012,1.8379062338302894,-0.40497142081685544
491,-0.6111988422779615,-1.3907520306101504,-1.3586151813719445,-0.6206364803981078,-1.3997623370043217,-1.3327521017302753,2.4504683620902847,-0.5396533129397811,-1.3558897788832072,-1.3248584542786443,-0.5391861048822931,-1.371107624266473,-1.3013867789976967,2.2416098611710096,0.9227302325758048
492,1.8462177546151533,-1.2463005632209683,-1.2115341360116734,1.8476561193380256,-1.2361158946701145,-1.2042263341024837,0.7460620644545992,1.8131094593455142,-1.5608675660601472,-1.519810426107119,1.808122946214988,-1.5530513060345168,-1.505186873849037,0.6182886487870409,3.035944615201306
493,1.1132318593479564,1.227505006613309,1.1976114837276268,1.099342754189327,1.249455836891254,1.1907133538940018,1.9648026725750811,1.009043949762223,1.1242832305189578,1.0963223460718696,1.0348542217598444,1.1274740316610605,1.1018672547791617,1.8246065592533807,-0.5313547891472375
494,0.3473797867244185,0.36601540279024736,0.3545723778993545,0.34670879752340905,0.3710019615957238,0.35859817723554416,2.181652286176473,0.4633190179123083,0.4778031802252773,0.46247146697364183,0.46741588172066617,0.49646474760547343,0.45799276571549635,1.8653062472424609,0.22436315301089255
495,1.4900839746678707,1.5263527307201916,1.4700493181078274,1.4883832094636207,1.5198285060484065,1.4758907121617164,1.3083876776293444,1.607744911296539,1.6486753242983918,1.5874647685187104,1.6054948261673065,1.6505866543400003,1.5887340780190065,1.0149502025229369,-0.793002714196893
496,1.3831963575664075,-1.3445800547720947,-1.3331338765882854,1.3983487848062783,-1.336013322460139,-1.318308072335538,2.157496631923928,1.4979400081359309,-1.280179093168202,-1.2709022332401179,1.4980170966625128,-1.2532314152704829,-1.2578874841593355,1.8000512648636589,2.0222138163060444
497,1.38197368422538,1.4159961935941094,1.4075071388664433,1.3974693036547594,1.4199398440002076,1.409888788135586,1.062288627111971,1.221595607381335,1.2181267771359252,1.209263415102819,1.246483917529793,1.2027654292552914,1.2013911793505156,1.0295485962316928,0.3186019666790933
498,1.3807734548243678,1.5737138726366322,1.5267104154646138,1.3803561779547073,1.5695141565437056,1.5323435389003628,1.320051233037657,1.4968989015624876,1.7095009286215357,1.6576971724426772,1.5068185652344548,1.7096602894459916,1.6548114395777744,1.0371326757657198,-1.4691121252868773
499,2.3478438269699313,1.8199294802235306,1.8184559389149995,2.342703916545888,1.8160680146323682,1.8096991714144381,0.7514308306681252,2.2303116558646887,1.6475455791214892,1.6465131206020387,2.235057633643153,1.6532737460197724,1.6533534817194038,0.6378362171723218,1.7640960413820723
500,0.5952790145855396,1.0991201935252481,1.073432500013187,0.60867317436072,1.0858430809873858,1.0889966034367078,1.628381315833042,0.37419235879223817,0.8944881883022018,0.8728375330950372,0.35990338531109983,0.8587268716461092,0.8469705076220454,1.5938880347357238,-1.2564037558031007
501,2.227587496698778,0.9551462920742406,0.9554480957396959,2.2334893805855933,0.9625118164672385,0.9384097055452728,-0.08374568222799063,2.2648367683257202,0.7943983223470651,0.7937175294064894,2.2695566644325615,0.7805224151532945,0.7822221749571018,-0.12111827577573141,2.618688093318909
502,-1.9896096755742885,-2.2590681635816803,-2.214091295736114,-1.9878949846050904,-2.251139416855379,-2.2162833240316475,3.666824937238974,-1.8200525911280687,-2.1070372055697293,-2.068914747565818,-1.8634192153784657,-2.1138640227784022,-2.082585902786118,3.458693725580513,0.6702004770954807
503,1.958488832037833,0.09462505732762996,0.09335178281419539,1.9324680143193524,0.08232842414534282,0.09384000605384007,0.9237211315883799,2.244327261453477,0.3023660773310231,0.29823973851000174,2.239786620085603,0.3048642631019819,0.25971973618848554,0.43442908244688677,3.201745787100044
504,-1.2874891999878784,-1.2460242808046145,-1.2338721623341662,-1.2828229331843946,-1.2607484509276032,-1.2317023154956313,2.16780282635321,-1.2505200854781138,-1.2023197630540576,-1.1899202110070752,-1.2438958565732596,-1.1827923425666194,-1.1880696746164496,2.184673310834507,-0.9790666883394398
505,2.1789829945713404,1.275070706219098,1.2495717585031827,2.1789794371107023,1.2815079591106553,1.268617651248608,0.7613737222989887,2.2109079305024277,1.2895006655104007,1.2646265785994035,2.2210631009590656,1.279602744313407,1.2628416215583276,0.525956556489484,2.2254766701852864
506,0.7589380643227276,-0.06089430361755902,-0.05911530788943253,0.7302115608050227,-0.0649395016804505,-0.07188104117319395,1.8303403647628933,0.5382540161023049,-0.3494870669380229,-0.3393131491451297,0.5514441860787263,-0.36161190873848453,-0.34252574542799946,1.8312963641488842,1.354261247947925
507,-0.6538585334507746,-0.42387432486970633,-0.4209855106959328,-0.6626991913027671,-0.4283443606701685,-0.4142466808506321,2.4303760139655908,-0.8587411530188515,-0.5902368363630393,-0.5874109506643342,-0.8614302832399031,-0.6018638922702082,-0.5984285526592548,2.4400669795340173,-1.4893516796485637
508,0.3782684291513666,0.6241804958855712,0.6036464646488101,0.37506793864023585,0.6294677535229396,0.5974259630765921,2.4080668465237074,0.4358515575946241,0.7079857184385371,0.6843986379869939,0.4548077068764809,0.6850938252577847,0.6819443429128668,2.2769317878991777,-1.3062346073634434
509,0.38969257790582945,-0.20859037458559315,-0.20263746207022898,0.41791961257540955,-0.18203190678515654,-0.20083331874074237,1.9814469681788276,0.24904643263377166,-0.407950326439706,-0.39546599499041685,0.25809440306212894,-0.41412178896755264,-0.3803185461978245,1.9581316859420492,1.4241437854983734
510,-0.9657091093810984,-0.977330639610868,-1.0044018092009883,-0.9813945663833169,-0.9573341750180264,-1.0424444297704312,2.5205794690471524,-0.9999787048214669,-1.0167367826017464,-1.0449993779863038,-1.009700798620363,-1.0289458976203314,-1.0506469667030902,2.3250431291387064,-0.4220960025416372
511,1.356696130214389,1.2075445031177778,1.1741131821599704,1.3540985926172782,1.2083647338165384,1.1693720314580534,1.5832164655443424,1.2235581315393182,1.0429150508957108,1.0144085094548965,1.1874975086628938,1.0354606989331474,1.0106396576762193,1.3380051878043682,0.7679832992244919
512,-0.3688989903785558,-1.570525234398549,-1.540049864688623,-0.35525150949864,-1.5795948611389947,-1.5201321722697152,2.6781962282199547,-0.08820974618442162,-1.4080646082758541,-1.373618006385643,-0.08594233749342894,-1.385220780145057,-1.3692253630194144,2.460967140453919,1.0707730300531924
513,0.7935919432542101,0.020706305862201763,0.01998950908470873,0.7908365699375443,0.02109304034791097,0.030257597236549118,1.413590053368433,0.6895160151573995,-0.11739286728194376,-0.11367081438716055,0.6977563326819222,-0.1154655637428534,-0.13458533823554517,1.3334970523311602,2.1592322842934615
514,2.5910930846911024,2.9106902703394373,2.835546809195502,2.579946235697686,2.9245685368526306,2.851055287731698,-0.788375317966765,2.606249761514065,2.9576250526222916,2.879255813348538,2.6106033505682884,2.964035558149206,2.890207758005983,-1.0234832850005426,-0.8630214474351992
515,-1.5716920531350647,-1.144734795734459,-1.1042377856761105,-1.5671710675758355,-1.150055681275878,-1.1162662393135472,3.108969337686858,-1.5173657669631886,-0.9338144501467323,-0.9035994143327478,-1.5161494148880443,-0.9365899761751921,-0.9000746237499945,3.414987552894771,-1.2081006340739622
516,-0.055699511077127076,0.22418994694687963,0.218807191869398,-0.037757935565580596,0.22007586549813715,0.22006080445654838,3.0071316714732625,-0.11054429338471156,0.14828759942101702,0.14423419229892442,-0.09213566798656246,0.15303991088915203,0.1498824305576712,3.039181860805965,-0.21375280325060964
517,0.47725275743866785,0.7004886500747959,0.6684186043282683,0.48848937756686917,0.705278139681404,0.6727606076636371,2.7657270789649364,0.5306038641139089,0.7436205350351889,0.7094667496780204,0.5313917078070952,0.7434321272979285,0.7098281216607786,2.5575735476744548,-0.9068654557735595
518,1.6065268884746648,0.8487579263725601,0.8502815550425034,1.6039402036615564,0.8536585171455423,0.8362020368446483,1.1735848090209997,1.627401040381204,0.843961332481218,0.8444539500402767,1.6203882017853435,0.8484665308407815,0.8273526921352515,1.0855561426583016,2.8428264645699097
519,4.430145576052611,-0.20466529260997737,-0.199572704275065,4.42265338465658,-0.19658494663710915,-0.2073556508478807,0.0184951682160577,4.466179403368298,-0.27419258135255153,-0.26737938691766716,4.46538352095388,-0.26107841824325523,-0.27128860371287283,-0.08445945748067424,4.840353256233194
520,3.4402609007223233,1.6093922523255033,1.5696072602582112,3.4355002565746835,1.632396642670782,1.5553637451789544,0.4478327069163229,3.5934368030469614,1.6914094068102614,1.6490468964556886,3.584694485226967,1.689714335631483,1.6563937772832245,0.2609920499227607,4.342282129039703
521,-0.43282446056002966,-0.6407662304517278,-0.6394960150440637,-0.43350971303934177,-0.6821436087670333,-0.6287553472463578,2.427703542623527,-0.45565759248772697,-0.7068948841076249,-0.7040685481065552,-0.44047603249627093,-0.6933417105725149,-0.6977251498990822,2.292061677536261,0.5398730172095548
522,-0.16266403259978401,-0.3723116153912044,-0.3664366113763061,-0.16396959237404748,-0.3610545301522227,-0.3668168129685472,2.74335608598362,0.04131889738894964,-0.1877872380348705,-0.1849744742993941,0.05205811741455162,-0.18076362705767887,-0.19132980063148794,2.309286880854896,0.7553442771350684
523,1.5530567925616097,1.268140680926676,1.2623932529675947,1.566812739555202,1.2655706528513668,1.2837335863877428,0.7219910074384249,1.288357599633447,0.8494437283931546,0.8453906245265053,1.2826483068631973,0.8582967422801211,0.8605706027825021,0.6859688939580503,1.3825774219086908
524,-0.329309935491084,-1.4295259872356259,-1.3787847767133006,-0.32107344163747353,-1.4274454181486045,-1.3851170367997319,1.6162694278126806,-0.20285471032311256,-1.5215390819728194,-1.4682483867843654,-0.20040962316871888,-1.5330002793981343,-1.455109389634189,1.6000434686708516,1.9339230476910876
525,3.069604289257101,1.6709040619308315,1.6260245347527944,3.07858397220675,1.6505100472587986,1.6087562802849908,0.0471792211772197,3.213325739917164,1.7004043477186102,1.6541864819936303,3.226806915757542,1.6839389382598338,1.6523134394397068,-0.5228442250530749,2.7937452378574155
526,3.118377891665161,1.444198015649822,1.413920929246384,3.1246472924051076,1.4575252481864436,1.4017629761943768,0.7441501867433337,3.03215491291424,1.4003537809022155,1.3656450598503505,3.029186036985052,1.3993050828486677,1.358448386448655,0.6025180296059925,2.999230742695557
527,4.348905290269922,-0.5501806043544144,-0.5441676989893078,4.346250378077252,-0.5571957837557655,-0.5353409566570047,-1.2269140723732979,4.39403214745003,-0.6306940934501665,-0.6235852309210534,4.377303901304825,-0.6081241508217928,-0.6255441964236075,-1.4243633244164586,5.6458710112650925
528,-1.0641786648341252,-0.7709465759665758,-0.7578149307040065,-1.0657138007989782,-0.7548045148232162,-0.7867634100027466,3.0330516529108253,-1.232257375727296,-0.9588192625869435,-0.9434143283723392,-1.2413709902575778,-0.9619231342601966,-0.9467864878779355,2.901119580199402,-1.8345658238234825
529,1.5373966848476017,1.5551285074287478,1.5212791225074633,1.536775870977723,1.5667001188776888,1.5261233615205017,2.4461727511285263,1.6030097555607794,1.6140083544691763,1.5789707127760924,1.6145040210050337,1.6060894964971246,1.5800020753974429,2.2513820479940416,0.0030438761935671697
530,1.8578819150844172,1.8802976006118535,1.8156064831198688,1.8573756098222312,1.8714241187839642,1.8231267580680817,0.1753380975279842,1.9771619637110551,2.0308596736495335,1.9623348599038108,1.9653389614907206,2.038112648660962,1.968041266465704,-0.13948929889133196,0.39076354164341476
531,-0.018511983456135916,0.14811728081432282,0.14775464420695875,-0.042305761231887465,0.16215113859607677,0.14096817722694016,2.3987370637629755,0.03125954175626675,0.21441836270986336,0.2136728694946293,0.021318871955603978,0.23195923394976745,0.23851728824390292,2.242204430112575,-0.8826703589712231
532,-1.3577066440083605,-1.0945517793613992,-1.0696857455358346,-1.331822809939336,-1.0868304729232685,-1.0709125876818593,3.955797104078224,-1.3651916263786115,-1.0673278620527178,-1.0433229603566276,-1.3336228282566167,-1.066210058343942,-1.0251453237744124,3.817830185450627,-1.3926271018112386
533,-0.8509091568619614,-1.7604206887660698,-1.7224277167888897,-0.8427979122643847,-1.7672727800730041,-1.7204181242744698,2.967052014117262,-0.6058604114091948,-1.5980925154953507,-1.570372738475344,-0.5888395246638747,-1.6009721521614086,-1.5507186421305366,2.7097484925385973,2.4102917773406936
534,0.39455487345005585,-0.9867979751871033,-0.9719882734319513,0.37832640480888285,-0.9967778479490184,-0.9648299438274899,1.7313012758265234,0.47543475194137,-1.0124293513659508,-0.9960879364017969,0.4902422022197469,-1.020240844755057,-0.9940652001048503,1.4838901803644597,1.6547931488932863
535,0.6149454222395967,0.2306918144490218,0.22416771966608906,0.6199928714127231,0.21966906045777235,0.22133164758669824,1.0426141327417286,0.6712180621988183,0.28261699040203164,0.27417498248654393,0.6726460737709196,0.27130359335506454,0.27798131830454725,0.827745680862358,1.233130008176754
536,0.42817925967716963,-0.1728410744380561,-0.17131675844246683,0.42621093606498683,-0.16893531415246416,-0.16462050258236247,2.546035470155566,0.43394088554233,-0.20850989493101094,-0.20617851296148496,0.41928787973725146,-0.20813866412271254,-0.19525959762059483,2.3998704183646455,-0.040929488937605625
537,3.399757575631123,0.3880177482629358,0.38129000798025,3.3918531971805512,0.3921635857260356,0.34459128059233785,-0.9896862764526271,3.523881790597757,0.4171764008355071,0.409560982035991,3.522033065591228,0.41606344826249053,0.3935518594841181,-1.2174797664374395,3.543285729429728
538,1.4964921325750595,1.5154022309822117,1.4769652628296681,1.4972892018388069,1.522140809043311,1.471923874272768,1.210276248485422,1.3871791732951377,1.4106056652285108,1.3746742762907487,1.3895303734969333,1.4157780049433066,1.370645732285939,1.152737139649135,-0.20758983642953008
539,-1.6574885455048916,-2.025154192307662,-1.9709715914209847,-1.6560487736702332,-2.0146401496331583,-1.974879906076513,3.5581618301662608,-1.8450497302323947,-2.3008048404205033,-2.2377893825685993,-1.8178604518240564,-2.301915791972914,-2.251003046433633,3.505161068082394,-0.497021745158308
540,-0.4212978455575022,-0.012299861650081923,-0.012087309396596932,-0.40849658593725585,-0.02258383116991736,-0.05063465372117264,2.434008978652413,-0.9057795412159941,-0.43089615483198646,-0.42643991264343056,-0.8735433567730201,-0.4176764651655922,-0.43260324715887566,2.859622573474081,-2.2569288064872177
541,2.4500439360212223,0.49182299263386553,0.4817201615163114,2.449280035420883,0.4845140190659746,0.49445239320897516,0.7177252886092984,2.4406201063776956,0.35509533012175226,0.34777383412273205,2.450354190746985,0.35092189442518623,0.35110399790137264,0.6228564578793607,3.5222290987350955
542,1.67767023051897,1.311620643080523,1.2891743637908053,1.688271297032533,1.2957721993121853,1.2946788806671077,1.1033320667564046,1.7564066693815747,1.3319181558546427,1.30961372571325,1.7471106885577974,1.3530859029105748,1.3183286484630696,0.8152013479824717,1.3040379024158697
543,-0.5489775780488209,-1.3264837693142235,-1.3308663226301394,-0.5856605620787257,-1.3358979720201276,-1.3654559244738704,2.056810118628086,-0.26119299798343043,-1.1152360838863256,-1.118676675891174,-0.24204549646547652,-1.125227174609273,-1.1040892371721758,1.582869437630286,1.7884487963783282
544,0.5505887320516637,-0.07298881864018299,-0.07132353623387354,0.535710673098517,-0.07938923302582072,-0.05756577226786367,2.0992574914942828,0.6057008091740173,0.005335067632349832,0.005202976668192246,0.6042791006532244,0.030817715120231893,0.008588800930259561,1.857945722996497,1.3270714269367538
545,-1.79809828939887,-1.6880141934296466,-1.650163783557052,-1.8127482234283252,-1.6779114259771006,-1.6644725509666614,3.521265411860369,-2.50553318883812,-2.379690326763348,-2.327983195567678,-2.490319117527485,-2.3761259095041947,-2.329949936309101,3.8463678945564403,-0.8984172716219572
546,0.10975021126073872,-1.029014166060474,-1.007996591021997,0.11136646731730056,-1.0609745850541137,-0.9644872596927574,1.9456919782896063,-0.1922000725073564,-1.454923942657033,-1.4237777298365737,-0.19390622679315514,-1.4724706121644842,-1.397558260284346,1.9522239553458274,1.8315039335162826
547,3.0269021035233115,0.44089494839433374,0.43074188082224824,3.021848952091701,0.4495709990342686,0.43634532702809975,0.2529492764487362,3.058276432132032,0.3797211982800247,0.37097734819340056,3.0528684242712494,0.39339527116958234,0.3771606041053099,0.14839838852847784,3.8383308153769473
548,-0.09961291351847906,-0.07483009824013533,-0.07349443186733275,-0.10170119018985004,-0.07525610386715227,-0.06978278854770409,3.227650248767928,-0.14500925442276552,-0.10820720931225353,-0.10542359026451521,-0.15628276184791193,-0.10294026446027588,-0.10801595275615081,2.9208368057650484,-0.6847239529736759
549,-0.6171949222312355,-0.44934694314418205,-0.44276701936420526,-0.6074806474145004,-0.49686813156140575,-0.4666997966962019,2.3527525478228677,-0.6714146011461438,-0.498066680929915,-0.4898285404328889,-0.6559195598602618,-0.514330820167804,-0.5053117431265274,2.0904577670396947,-1.218412419988388
550,-0.24922017687215767,0.20434015057795196,0.20047786097393042,-0.2531150013769514,0.19367645930546443,0.19587750642495538,3.0240432831003203,-0.5550710717441918,-0.07197918089613722,-0.07047797017456858,-0.576866897626918,-0.059389776516720484,-0.10666558933718297,3.2074348293016426,-1.737257151843892
551,0.48192725027934313,-0.36654714759299073,-0.3658821673322134,0.49270327834831423,-0.38546454412750514,-0.37609984288138126,2.658650871827708,0.5865615009857368,-0.26474876152167337,-0.2640308176511236,0.6021622696620728,-0.2773333279602304,-0.2798198241180252,2.480005768531707,1.0481312665267537
552,1.2471533027922608,-0.22256299572717908,-0.21576073062926246,1.248021460444555,-0.2270939921149636,-0.21159895129579143,0.7134850880512428,1.242166690964906,-0.41619261696157284,-0.40362353791270233,1.2481960200783733,-0.4271137019730463,-0.40557235734254515,0.5451697303378432,2.815179369914872
553,0.6313675753438119,-0.0017686252501422767,-0.001735841231177997,0.6254164457971538,0.01404629594501997,0.01107475207930902,1.9595150490532218,0.7547727914011889,0.09180909867595097,0.08987756523037317,0.7633518468320173,0.10188224702883976,0.0854176015483904,1.761701317718948,1.292941580191516
554,3.5576884713277157,0.8489808888120907,0.8405303046058056,3.564608259112382,0.854790603962657,0.8413134738779454,0.3397371628895617,3.6017162700905674,0.8494818138739332,0.8425842133104836,3.6073744764220037,0.8439148570602665,0.8443657103141943,0.1666626181733797,4.467562404394659
555,1.2324996477987,1.166194150007873,1.149300824766084,1.2402976684468092,1.1774046762387544,1.1600815838373824,1.5961361793164888,1.0921589353638863,0.9962537367053423,0.9815632520466079,1.077530593090761,0.9572173504414317,0.9518040828504102,1.5209835228176098,0.05035100775608633
556,-0.3714567633825215,-2.6222941056906133,-2.5384424243232218,-0.38685315890048144,-2.6144065394405747,-2.552782885784788,2.51449730368913,-0.04451261197278854,-2.45130731598359,-2.3711440450015386,-0.04321869039164964,-2.4740218140955132,-2.376714243137741,2.0350889348069474,3.567503402482142
557,2.428905829193847,2.0638233045732286,2.071886805226576,2.4199582885259248,2.0611966676888605,2.056422037190357,0.22280672164502305,2.5627037137062207,2.2017036402554875,2.200889893076778,2.552756507748395,2.198995874752249,2.2005926944746075,-0.06337612698698121,1.0877917544598186
558,0.6487148012720476,0.6968290270270506,0.6977229268873267,0.6677461602450667,0.6907791741116861,0.6999882336317839,1.4960650465077838,0.31132542802648694,0.3591004666969692,0.35935508360030716,0.310849696147222,0.3489464684999872,0.35478636697170424,1.5133513618566206,-0.2993534841314782
559,4.365774713389693,0.26172569493674497,0.25625170322306107,4.343752795146756,0.24296771056370342,0.25584789332703656,-0.5965613294114517,4.441463767747447,0.2084338399253317,0.20358657178531092,4.431568883823631,0.20894315716582232,0.2006689465651251,-0.7839196141685676,4.980634630528958
560,1.0469015440106648,1.0925623986416997,1.0760857463016074,1.0423456320924451,1.095301343118424,1.0719483443059752,2.788167273645773,1.1151917873527855,1.1850201338641748,1.1672573281391208,1.120368776737531,1.1908197199004873,1.1666480386075577,2.5965645148723553,-0.2443641236702795
561,1.2588493054670649,0.7548811503326136,0.7447871816274801,1.2503548283471149,0.7372685960401515,0.7319706175358529,1.217749807172254,1.0687407164772924,0.511320362335569,0.5048448919245387,1.0277575145202147,0.48878948456267435,0.5395838607318879,1.1088164157075915,1.2894318735319992
562,2.067111730060874,2.0214636156942407,1.9986345743908607,2.067411922954383,2.022235972471079,2.001460748202261,0.5539779167254096,2.022966375844074,1.9806968181752715,1.954526704743224,2.017640067907425,1.98187224176622,1.955799543270563,0.41852990868265916,0.47646779292895064
563,1.413231129846135,0.6869480901975518,0.67199312565326,1.4057176787876013,0.6681038631638712,0.6583356665603703,1.0039853308671063,1.4986877139578973,0.7510932293688946,0.7359698542320263,1.5048458174673356,0.7254419882667696,0.7371435977717777,0.8178482358787093,1.2082118962577824
564,0.7445510627054726,-1.180014120918483,-1.1672105273906344,0.7592656003763818,-1.1887581834836656,-1.1785236422395085,1.6062998136036732,0.6756169989678492,-1.416396539845942,-1.4011387761348784,0.6611711654274832,-1.4233275444419784,-1.4015374837633476,1.5285944305053878,2.721125047751349
565,0.9103711696403268,-0.8085592709353021,-0.801543847870269,0.9020936804840327,-0.7886117729096939,-0.8146629242538351,1.973187468425731,0.9763093599802145,-0.8274491683452169,-0.8177491775565182,0.9585176480795115,-0.8125999719553053,-0.8294795646553499,1.8364597715921311,2.781177033512811
566,1.150328295047906,0.5299512173942458,0.5294356230925863,1.1509571964987693,0.5284727665728579,0.5340012323947773,1.4323140834955275,1.4496304534115148,0.7679259144143129,0.7702601486623932,1.4608327604809968,0.7753700982589845,0.7668337548671632,1.1299370499841561,1.765931671450015
567,0.060243604522919526,-0.1734017345140707,-0.17002148683947196,0.053614142010075756,-0.17186871290617492,-0.17008116917039234,2.4130002048004324,0.10599074599047485,-0.15275845755357131,-0.1495220059421563,0.09430111971083456,-0.1474477733602794,-0.1621264595658372,2.238405231406695,0.7866830758919208
568,0.047686087716065605,-0.19525686572592627,-0.1960819638862862,0.06200183077140321,-0.21424499961553511,-0.21815268621155584,2.283624010792379,0.03754689770930895,-0.21384032512452283,-0.2149198236803653,0.04094379992223324,-0.19550697836539044,-0.1964602641202825,2.140278343843998,-0.05389355909990382
569,2.681270091842406,0.8831141317355968,0.8564726467975677,2.6863902167966134,0.8865368938928275,0.8469692456017868,0.28854792185182165,2.8348844228065206,1.0720547134095912,1.0390816567228924,2.833779550650543,1.0705978516542145,1.03970586692964,0.06649200670956026,3.1443796687579266
570,2.576914022757994,-0.4963271103015268,-0.489654516165612,2.569845179321626,-0.5079412115456957,-0.48934942163474837,0.6208922868878859,2.72883677052214,-0.534670202554457,-0.5276578274292111,2.723903783418441,-0.5434086133208974,-0.5265421169541635,0.41833007889010715,3.5974817592579593
571,-0.4212488226783156,-0.25247162738385254,-0.24545798913807823,-0.42656763555623695,-0.21354805631658297,-0.24867836744598193,2.4833306872362484,-0.3658281445309352,-0.1747129012500265,-0.16980113791109983,-0.36897479567340435,-0.19153074640764406,-0.18038396085670924,2.300526676561182,-2.025874226582574
572,-1.640986573282717,-1.4372353299733394,-1.4081299594285581,-1.6448582731712886,-1.4322268294368938,-1.428101561324608,3.907282958228325,-1.7063947628439289,-1.4793421629785335,-1.448906586402985,-1.704627546852601,-1.4897036928877057,-1.4483867554634644,3.7146824629203836,-0.9754269284196674
573,0.2254317385702193,0.3960118211394884,0.38571904654238676,0.25958145472366273,0.40209089124594766,0.3869076971291851,2.2922633518228115,0.22790169386553005,0.3853861313157544,0.3754636215461121,0.22244622476490886,0.3773746030625635,0.36259487266715634,2.0037285280518646,-0.8100328748803035
574,-1.5322881569425646,-1.3124631187979037,-1.272716108035598,-1.5401628476324856,-1.3206782623049353,-1.2692894231246936,3.7057274595594922,-1.4554794587263395,-1.229851144888037,-1.1904268536141023,-1.4550366471960376,-1.2385396642069546,-1.1944911280352015,3.405333914321107,-1.370322752322678
575,-2.099604722446842,-1.5018677969757799,-1.4883763542601023,-2.1189982481160357,-1.4933460321293677,-1.4826907260919893,3.5883926779527253,-2.0155567247277117,-1.3866205818269737,-1.3737156900544407,-2.0184963726788223,-1.3800153370860837,-1.3711125408545268,3.285285434255474,-1.6167449294284202
576,1.6398397041464898,-0.8887300310397637,-0.8737983220319747,1.6574828325603388,-0.8638467944682735,-0.8806660677829894,1.7648211397511608,1.479408778473009,-1.3050337074702334,-1.2830968531768425,1.4848919860543484,-1.3033511406753973,-1.2875371530351385,1.7562219357290747,3.042660381264448
577,3.035172952638737,1.8000278520492596,1.7373589841659578,3.0341349373409408,1.7986014495803224,1.735476568988334,-0.45356532527869325,3.026322542848181,1.6705385122315617,1.615125293042949,3.029868935628259,1.6655131733832202,1.6293935041924528,-0.617468153421197,4.602730382186018
578,2.368283007590938,-1.3949708333934432,-1.3465189924720644,2.3669401736648057,-1.405189754390316,-1.3546905427504736,0.9653348238165584,2.4735787221201315,-1.4328228360776938,-1.3804302724372206,2.47037225359778,-1.433100632026788,-1.3839961833455467,0.6606993801184702,4.8167704095243735
579,1.5357099183852703,1.2191511700745619,1.1897493585458647,1.52591338842777,1.2193967466980697,1.184447264287133,2.122905982451855,1.3262144322956975,0.9498883243289478,0.9218187225537252,1.3243081405561028,0.9441093349478149,0.9204757912078424,1.8472542770770681,1.1524612254253248
580,-0.062603140431703,0.4795726697911887,0.4821289462032845,-0.066729584544388,0.4738584706558572,0.4607562859842746,2.533870640096793,0.15999199155095595,0.8110844499046136,0.8105808561509745,0.169332765286268,0.8214523676932468,0.8015055987305553,2.28227115975183,-0.1501909566048536
581,1.1142832080578164,1.0387661747386816,1.0026714328418598,1.1033371084756547,1.0460743876037693,1.007106501858892,0.7651331211957645,1.0641279363330225,0.9814887974769542,0.9484504687306605,1.053981772758662,0.9848588824604425,0.941534296158225,0.6828363014119297,0.28810729154907266
582,1.2732683532329736,-0.03897070004471707,-0.03870007145025073,1.2775707825970708,-0.043780027359810875,-0.03304519455786097,1.8704372917445637,1.2296967067497437,-0.37653805834866905,-0.37412030141981956,1.23288695469337,-0.37146458068493415,-0.385731254963836,1.7034479893024772,2.2897749619870984
583,-1.6664437648408728,-1.761885140495356,-1.7097780861559184,-1.6788313358457305,-1.737921281782293,-1.7396135569436766,3.0522471873851043,-1.45813226084026,-1.5380809243992548,-1.494184539698775,-1.455686957676365,-1.5219231741857264,-1.5029868934701924,2.8026518762374866,-0.5398015113549047
584,1.8037560498508027,0.5138882579794724,0.5080955816417844,1.7685437166551305,0.47252209382320787,0.49060999434928265,0.6174885357946044,1.7928773530374156,0.4409420350208245,0.4375056651929563,1.7961860344319058,0.4521186587356583,0.46646999789909654,0.5051560341755301,1.9398448152922692
585,0.7335116091419813,0.8248552739185862,0.8131102599076451,0.7363095925371196,0.8144236483113689,0.8091994554192387,2.4352130419349853,0.8542939498381421,0.9596766398171803,0.94637049412885,0.8374368823966584,0.9588833283304902,0.9451847492009268,2.1551431310396727,0.9796689322324089
586,-1.9601294279420614,-1.4148450977806566,-1.3829588997240922,-1.9781662142445817,-1.4300891110392866,-1.3774810348457818,3.495221180220148,-2.061271640220905,-1.5590862352052273,-1.5188746645266105,-2.0636207906154582,-1.583921271740392,-1.532250530594835,3.2731859990447587,-1.6988056324548164
587,1.8223086297441018,0.22204407062919962,0.21611494950208046,1.8368574181769237,0.25658946557335094,0.1994639812091328,0.6098452431183765,1.974201797295097,0.3859204458834285,0.3754092209211659,1.9652067715593868,0.39863370424406314,0.3742398031459904,0.33735639987122024,3.1955469810720154
588,-0.5733089326299129,-0.30835549290504205,-0.30815247583927985,-0.5992389373080029,-0.31623612182596433,-0.3263130579337414,2.741766156412691,-0.9181378876549215,-0.6294067926955367,-0.6246169987451498,-0.9324132866658653,-0.6264415754656397,-0.6479858642409613,2.97864514580307,-1.4780072646501663
589,0.3248762425187297,-0.42177298349397574,-0.41235559097373375,0.30855678266781345,-0.4020924528085474,-0.43918372291766405,2.1416566050735852,0.2980677113615292,-0.4554729397923342,-0.44512111882146566,0.3063781485037027,-0.43347137926915286,-0.45436920145627563,1.9409250730530552,1.2982723029363958
590,1.6560995552477396,1.1803037631520668,1.1410019787127936,1.6600462439031025,1.165787744893986,1.1505372531717053,1.0927539662166177,1.3997515362805855,0.8715016150281226,0.8461013126205335,1.418845652908519,0.8783417159310517,0.8440606560358875,0.8706048438485477,1.3353480631815127
591,-1.6979468978300691,-1.48886994870157,-1.45701421989462,-1.7005565100431326,-1.5160856835533099,-1.4652096773412264,3.845196683848774,-1.714853715283996,-1.4962978190050056,-1.460625864008129,-1.6622446097532908,-1.48594142618277,-1.4993100496963312,3.8348508807051758,-0.9927448945600693
592,1.64295058754863,1.792170467969743,1.7621530737805757,1.622907135584866,1.7929367437925625,1.758898076551447,1.360874628031234,1.7041262534855626,1.8782395821548523,1.8446825264081188,1.707458749240908,1.8838285269511703,1.8389290426968072,1.0974785107539544,-0.7537376632810683
593,0.9935604291554515,-0.49020552599096756,-0.4778980144993915,0.9851302221575521,-0.48447305116375633,-0.46841344110961286,1.4234595247889257,1.15397965192762,-0.47110375182053593,-0.45939932774617903,1.1554026904769015,-0.45698383442618684,-0.4397580474533371,1.2400595569918293,3.061375437367605
594,1.4473376803953815,1.6725741450817875,1.6378519659143096,1.4602663830957243,1.6756740853887118,1.643555307938519,1.6372591931935763,1.5203384667650175,1.7105217209038843,1.6738785169426416,1.5257058521085147,1.7044542369534224,1.6527149394350105,1.429418653415482,0.8217531282692472
595,0.8461364058107513,-0.990491134877152,-0.9707228302862385,0.8453944962879089,-0.9963632460258801,-0.9623342257749916,2.200603453608689,0.9650357165196862,-1.040165448267884,-1.0165203037676565,0.9769215629919946,-1.045772324405022,-1.0344345420842131,1.9936636203704285,1.6887276561241777
596,2.8204206789160016,0.7522855367216778,0.7507308484834067,2.8404186462841405,0.7542806434006872,0.7425598025509187,0.04292644262684395,2.779072470471017,0.6492059407684192,0.649585575727447,2.7761014270169273,0.6538128134975731,0.658028147668906,-0.08704385104329537,3.0965256713687204
597,1.2481886480762356,1.0389007243763135,1.011778749759471,1.2466849870935686,1.039909209846288,1.0059540517987215,2.3811534137046193,1.2111138506243928,1.0068392230500844,0.9807087116747937,1.2171354520388196,1.0088611373516485,0.9791433052609905,2.1993100298703223,1.2537616410659562
598,-0.6878463840121508,-2.050694426772783,-1.9886419733160385,-0.6994257926448827,-2.0595313586070283,-1.9815738306030344,2.636207550241259,-0.5430615605616512,-1.9575667126762504,-1.8972866117453475,-0.5566541263315699,-1.9522730357554876,-1.8971567775040483,2.372530313430377,1.9346522990145123
599,-0.40237601512490434,0.09914176359949187,0.09714075365689356,-0.4428803301916945,0.10969129024988271,0.07945179875638214,2.4197857837640155,-0.2860361099470392,0.2442184268864942,0.23984585595543628,-0.23888413100411726,0.20318775841029374,0.2105348986919993,2.1795629618542725,-1.2954271445820786
600,0.292804951991446,0.26925835322570674,0.2575097494224179,0.2955979714666807,0.25807074407708125,0.27327338215373753,1.6432818340246649,0.22229761443120286,0.22964839438133897,0.22066236967402608,0.2186051599561734,0.2301220991187872,0.20807535450374995,1.4956317876465302,-0.3452879288109415
601,0.954229263386292,0.9014004005870814,0.8694591212916211,0.9565345221881355,0.9053897541501599,0.8743699636715624,1.2032912660099702,1.0734086487458885,1.0302524608553378,0.9943411373398421,1.0840057556061822,1.0321597913169223,0.9928402169058301,1.0164369498342773,0.40982190142215824
602,0.15665568248337014,-0.6800564993746367,-0.660390171272921,0.17089713762218986,-0.6489012638999576,-0.649883295038068,2.560270596972478,0.0516547545424886,-0.8454317778057804,-0.820193838494778,0.06864052293898473,-0.8425546368066256,-0.8138630595664774,2.4337489181647847,0.8981533381557093
603,-0.1786496996142463,-0.7908523629992392,-0.7758868741480319,-0.18141550136964305,-0.8032477120651992,-0.7643038202178447,2.359878294261924,-0.2808674045810933,-0.9809175718385997,-0.9665464173702105,-0.27544615475202594,-0.9923297428036691,-0.9479843426107943,2.414167543349192,1.8600383591577911
604,-1.5337274098107547,-1.6937258704206226,-1.6568686807074533,-1.5321477744409342,-1.725547017995536,-1.6825128100202138,2.823063881732757,-1.4407695414769561,-1.6076603022273448,-1.5742530068382468,-1.4416377278838575,-1.579979336097257,-1.5815766180066453,2.6702202446371817,-0.3980793286432316
605,0.555264116398758,1.3037268529984722,1.2865686391711106,0.5407330844658582,1.3175163599993402,1.3087457281186212,2.1132608713777206,0.819566982259734,1.618877759158733,1.5941347361075762,0.8386260936193775,1.6331046296344025,1.5973817605555283,1.7782576603525282,-1.44874829384509
606,2.4527570486256383,-0.6002917436180436,-0.5905490267642248,2.447270443421838,-0.5786116782134886,-0.5623382098571408,0.6204296789768462,2.382021946483745,-0.963233967196802,-0.9471641366812155,2.395984628625133,-0.955048250156312,-0.9292636620902008,0.4433340224216875,3.362937265474619
607,2.089301122755159,-0.5837875590011612,-0.571644899720508,2.0906158308031384,-0.5763825615166225,-0.5721847868507053,0.6345934179796522,2.1430070354491555,-0.6949847944209937,-0.6808394164990742,2.1574124019218703,-0.7102542626651092,-0.6859444260249838,0.45431052671863553,3.4921718473964973
608,0.6304846501010773,0.07268045727280156,0.07091345359319214,0.663958147615933,0.07919149173571302,0.07864935105009564,0.9813151810394276,0.6670025677746385,0.1093092340954129,0.1065601399674449,0.6673271209930721,0.10146595999872535,0.09797029233910391,0.8613654451659641,2.0236252573342166
609,2.7722425391304704,0.8437938649206198,0.8228939588939428,2.771142281647988,0.8558259993664664,0.8170313016783001,-0.1445938980537121,2.7011259051478427,0.6196317486503807,0.6022653568881915,2.7029763725348377,0.6304088206835421,0.5968434523787108,-0.3776423216972301,3.539672011492752
610,3.0635391148016873,2.0303857640874483,1.97331480336991,3.063138846174841,2.048009691997621,1.978795406114613,0.5124601733607225,3.1157051113074377,2.1802136862772894,2.1191805477556778,3.111158531983952,2.1856349162604793,2.1043632448031646,0.36634067780703383,3.648470260519927
611,1.6351988923649972,1.8475018870206836,1.790537124404819,1.630395880143008,1.8504551441187842,1.7889428070903397,1.2990241780570688,1.7478692629810582,1.9584229730824285,1.8970951860287546,1.7493580408035,1.9679912270372897,1.905138566656812,1.001358295094703,-2.006319397100657
612,-1.9792553755322766,-2.208615448195262,-2.152326779414927,-1.972903336764074,-2.2060040595036248,-2.143128420394417,3.285950442671104,-1.9908079182012308,-2.285844719679487,-2.2260657142761664,-1.992595788930554,-2.280619105099674,-2.2278020495557014,3.212153457267683,0.6489621571776292
613,0.8870076263599911,0.6760412207976361,0.6562248651825242,0.8878091282229078,0.6874070486408972,0.6512008397234259,1.4683502787870735,1.0353114878138943,0.8252767602460348,0.7997991850357136,1.0233134475826893,0.8159719133499206,0.8067360748660233,1.0577627226269497,0.531927977792743
614,-0.5087943072223091,-1.827625250805251,-1.783992633203296,-0.5251919773905135,-1.8407498120334902,-1.7886873069053615,2.6777513147198517,-0.5050450525748549,-1.9598717399365657,-1.9128706337811072,-0.5025853432416497,-1.9757533583985147,-1.9002892495817925,2.580579200923649,1.2321507730631234
615,1.978898259639138,1.788406140520672,1.741369830221964,1.9750193336934896,1.800554769814948,1.7364490137248731,0.6378388353645287,1.9741265584253367,1.7688243661077816,1.7231140702427339,1.9733030462926668,1.7560363328747302,1.7106568602283039,0.3084627399716846,1.2636299348449018
616,-0.9466555574848097,-1.031512620221067,-0.9871713827278306,-0.9543891746808272,-1.029590203596441,-0.9872407328498046,1.8551147737209979,-0.9241371839901459,-1.0308276124249833,-0.9867294641828636,-0.9210172483532838,-1.0323837463846561,-0.9865321854102251,1.8743819470363632,-0.52883164355393
617,2.5590906701297524,-1.1361682101769268,-1.113516551283056,2.5525484363424766,-1.1439827584569546,-1.1298095827454493,0.7349848260957631,2.626911540908074,-1.1610382051189159,-1.136163080943317,2.6171511617853516,-1.1778963840376486,-1.1172514113840628,0.3905597116708333,4.503370773168011
618,-1.071556490512025,-1.4135659498450126,-1.3728319552839416,-1.0550742202266794,-1.4253847877814456,-1.361064127812934,2.694925195464683,-1.1166527158167936,-1.5098574635703417,-1.4686358032818378,-1.10729405310802,-1.5151836683581998,-1.4538969230754917,2.686367770491772,0.7175009560356442
619,0.7600487901052568,0.931562712202796,0.9076583978143639,0.7755313319768159,0.9311202003656711,0.9049559460905195,1.4454674245155452,0.6180682057372225,0.8255111946541754,0.8054770409185343,0.6215749023644969,0.820161850813564,0.8158625507061115,1.3322163394367885,-1.126531487129671
620,0.9364128769882984,-0.14921813571951664,-0.14490031216931423,0.92828719228068,-0.1223510784067612,-0.14272690190550535,1.8275663166880927,0.9403500716204642,-0.2181381979180438,-0.21176451291408857,0.9442092988872623,-0.2199518838861425,-0.22960393244770932,1.698647219901029,2.5044044896819915
621,-0.4464803714268485,-1.5118782085277453,-1.4579980091819331,-0.446341936596143,-1.519395777516223,-1.4491160782360246,2.367135969280248,-0.4742815162331916,-1.939307562307186,-1.8711449802036992,-0.48170946090289085,-1.93254391803333,-1.8619755681924197,2.467009918504824,0.9061752031011684
622,1.8757556493800978,0.24267136731301303,0.23828162024367028,1.8634507786709005,0.22597406786167676,0.267233816025614,0.44191785285706336,1.8981484488440548,0.09637416186413321,0.09457821151418727,1.889066555603922,0.07829396566915707,0.09850837307301942,0.2368983007115328,2.72216768385795
623,-0.500303193185002,-0.8167348414391453,-0.8010164562783222,-0.5169012556004262,-0.8499274461959625,-0.779312933332515,2.6425476883886763,-0.40358186566075505,-0.6660883855350387,-0.6527850126534884,-0.4395793159834603,-0.6985539036868286,-0.6897701017693112,2.593775140959313,-0.5138791636638276
624,0.4217783823039467,0.800506691414109,0.781267818428461,0.43328467599467424,0.8105820880250485,0.7697664969698657,2.4442525006257108,0.4056965023281642,0.8035346796124572,0.7837734491391505,0.42788465474372217,0.8045598210036053,0.7889346316796721,2.3213561766560113,-1.1918016270693637
625,-1.778958180680939,-2.2407825397963355,-2.1982974194968357,-1.7911076450194647,-2.2406569496619535,-2.2064885108808587,3.4709681362510776,-1.7454698917373566,-2.208055370538635,-2.1651060563463247,-1.7505072293668515,-2.2152721032328313,-2.167932914627535,3.435808392521217,-0.5297670177392744
626,0.4272132110986861,0.20902818663478948,0.20405538598010392,0.38918798075865596,0.2146409171984889,0.17302445852609516,1.3042985169540724,0.5804488541274526,0.36977746725392224,0.3610852811131225,0.6042671399336342,0.37289327644846376,0.32696207497186036,0.994409457860859,0.8339142431261404
627,3.5493193988831546,-0.047408159742777845,-0.04588998394677751,3.5526106357923766,-0.05344865875904329,-0.06327551856364788,-0.9120380990789317,3.633527634890408,0.018711828222813427,0.01811017416778294,3.6390137226933708,-0.009718445764273722,0.02079326388925786,-1.1044006225528098,4.960241467792676
628,1.660266330076252,1.1568933218812365,1.1323490936057767,1.6540960427976579,1.1968517059601351,1.125178125036589,1.4590167841706367,1.6913093204532745,1.1994332664853082,1.1732872635428695,1.6999561254890947,1.1973659363120708,1.1864407623135924,1.299318836591186,1.03235082569879
629,1.884636535215123,1.4628722062353197,1.440606673473632,1.8856156054541406,1.480208164080162,1.4336979942503112,2.4666048980374495,1.9031423238032954,1.4395790443695937,1.418871864262644,1.9046756211115028,1.4439155249456348,1.4217969421579455,2.26902592956169,1.7907315640174843
630,-0.09947833054962822,-0.013680545654634665,-0.013482924497818703,-0.11838617120707076,-0.028215676715228226,0.0024934017190387688,2.378892453601717,0.009842333358747818,0.1278825289254946,0.12574011923585052,0.001985330817341132,0.1441227890178077,0.1338038452412397,2.0596539027670735,-0.19112777593932298
631,1.0051701125914476,0.9331408013558675,0.9218286581214201,1.0117884110499757,0.9281396079559704,0.9314914996489789,2.468911549124546,1.1780218336528094,1.1231914746844818,1.108025713006186,1.152931703601429,1.1409774009745326,1.1032851130614838,2.14161989995874,0.568017693303455
632,1.2396382629197624,0.08572171172928462,0.0849195754282012,1.2277109634686965,0.08877548353164064,0.06729493540356722,1.7032534389979421,1.3697002089816348,0.2076907667338981,0.2052031508233913,1.3770586725995706,0.1935755847418548,0.21308388505851203,1.4159449755630187,1.4221498448094796
633,0.6137916085512364,-0.38922931052969356,-0.3823310337936993,0.6071885823872013,-0.38043184130856744,-0.39451473376905105,2.122112442360999,0.6027763048894376,-0.386303244299822,-0.3795055204345341,0.6053054371973532,-0.382783071347995,-0.38143265037251634,1.96211470212235,0.3335223726157457
634,-0.3047489648601479,-0.4842454904158738,-0.46826317752748925,-0.30779371268868344,-0.482545549441129,-0.4914960181378556,2.431842386101323,-0.26918588537328225,-0.4549661612639448,-0.4399566022034194,-0.2579248807188481,-0.4561123355567858,-0.45150404184576665,2.393398104197997,-0.3130695455728989
635,1.010776528232627,0.5868095401581085,0.5674130614821745,1.0342023450959972,0.6157511510446377,0.5554724178326473,1.5897668479203857,0.9671992380136719,0.4938001090746872,0.47829263886311746,0.8919477170982864,0.49211814592326475,0.5056282015202209,1.3635963941170979,1.2150011543155377
636,-1.9033831662457608,-1.550273073044671,-1.5340661892757768,-1.908035205169992,-1.5498968641018138,-1.540874642909057,3.098072752653046,-1.9833966660714681,-1.5931042191466027,-1.5766795784421628,-1.9869075493365163,-1.5755275778809126,-1.5813356608089344,3.078400277590936,-1.9357291224775406
637,1.5795938040196178,0.5259897488723441,0.5119641558677449,1.5830073291525837,0.5207364929392003,0.5176357015023096,0.7413126560691543,1.6725173599621144,0.5007264784850131,0.4866470585693631,1.6817547021605412,0.4946089410450283,0.4926880470011624,0.5811760681206342,3.7633249196673075
638,1.3780613676453546,0.7622542677791841,0.7381194183123752,1.3816732135181615,0.7587557235654276,0.7447486600672623,1.0582121981558714,1.2589441574524032,0.6000006778433287,0.5808679542499865,1.2597129838184054,0.5941094693026194,0.575706954808098,1.0136554317746596,1.997792071193187
639,1.3693113304892286,1.0149775321944667,0.9948370764032256,1.3694637116490553,0.9922907174926537,0.9966767776290368,2.2812005426155455,1.3215807462854614,0.9574144425032709,0.938384142142485,1.3056038256267748,0.9402652701543919,0.9377159827772258,2.1520746004714373,0.8256800686201414
640,1.5861711226973287,1.3100167704891323,1.2910330407227184,1.5858500379493856,1.3336083254232167,1.2953278184731358,1.5341283313452045,1.582871467058973,1.3074842112120242,1.2857172258992031,1.5836947858752917,1.3213601527805277,1.2933925458887783,1.3133864180349322,1.3047650024317357
641,1.2309067950387256,1.9579260389623625,1.8851454957066127,1.2521342480542426,1.9529027746131464,1.8814807063514898,0.22965638490487922,1.0082775780336575,1.7438591858530474,1.678048918055951,1.036648285283835,1.7375846557612873,1.6758494505273536,0.3493936315841113,-0.9530743629395145
642,0.5429423153205407,-1.6173244911987743,-1.5716390426925344,0.5372725901618872,-1.600077061121546,-1.565421529270753,2.0751714901358898,0.5997279243317951,-1.8328356616606796,-1.7815081622338989,0.5982355718797047,-1.7994360161043663,-1.7560649386221987,1.883409716695055,2.2582068773952346
643,-0.8095055006839385,-0.21246459093775144,-0.20786254223705597,-0.8102302739726848,-0.22291526224322988,-0.2142843812282722,2.7551042206910124,-0.9499513132677793,-0.3041846437576662,-0.29790257959270194,-0.9592156731694683,-0.2882218129047193,-0.3104171347663412,2.7542828026895725,-1.5198896929089383
644,1.1541685019530352,0.960087373156905,0.9281861995462443,1.1665510101823446,0.9551292629500902,0.9429112366350533,1.8878549549574566,1.2721571238676586,1.0869262773193533,1.0503804315138114,1.285710860538321,1.0886306466248783,1.0709757371299757,1.509309468683197,0.5229412258321222
645,-0.2707983521580251,-0.2216636171227816,-0.21600935018077427,-0.27175733122359463,-0.22387223826871,-0.21929826321675794,2.0844148194455556,-0.3148275672851577,-0.2680198737575738,-0.261421538813664,-0.31749767346569124,-0.24106553017854782,-0.2527376846359233,1.9220162011010098,-0.5106204866094514
646,0.41075309821100714,0.4690912744849564,0.45758774940835933,0.41012595960535747,0.47496843660862786,0.444508654155131,2.417375459357082,0.4561572202327358,0.4771103302028633,0.46556014151451586,0.43255593568369094,0.4821387242489112,0.49533264761464674,2.1762354860072337,0.5364125466620453
647,1.6169276132883446,-0.6217296478210866,-0.5989109589188495,1.6212620711064223,-0.6236516345757006,-0.599903443245514,0.9867282038781399,1.8645970638523708,-0.6478323153154294,-0.6240114684466677,1.8594709375195537,-0.6554469468893883,-0.6215661508368847,0.7197896500224419,3.5747080025950666
648,2.1597845759072603,1.2693231456113945,1.2483805618443982,2.1482089776065703,1.2556766574333729,1.246012495174897,0.6636419685814555,2.1369529093349273,1.1998840220119957,1.1786506863863409,2.1479673594675113,1.1893526335527638,1.1602495157995885,0.493810421404347,1.6307043146230271
649,1.731895572219476,1.1499222734020145,1.119684987484952,1.7245548504197787,1.1415623551358864,1.1071396673146463,0.5177089092159926,1.735894421647206,1.139303125357702,1.106170550538665,1.7384260861008378,1.1607935284453406,1.113829398470307,0.38209784727081364,1.6023878428511191
650,-1.208488049510576,-1.0301459136740454,-1.014801047765493,-1.1988854089373464,-1.0645829061727163,-0.9829686657768637,3.042464703406923,-1.0764394658625411,-0.8748618344158141,-0.8650938265703407,-1.052925951538744,-0.8657954648183873,-0.8462082908033747,2.7372497930591133,-0.8013297780669941
651,0.7417328691476527,0.6561002544866624,0.6422488797733652,0.7442007371613045,0.6623356637538198,0.6440894642251023,1.9300328018387276,0.7947947219504374,0.7227665542674913,0.7077656438665882,0.7942095189108657,0.6968114106348006,0.6810033475670306,1.7541593498792822,0.26590391068597513
652,0.25966533018870663,-0.09202202261928719,-0.08991870056498061,0.2637514836866991,-0.11857706535179967,-0.07297712228835762,2.51002366262217,0.27350868141177065,-0.12344338026861108,-0.12064703535605317,0.2542456376529961,-0.12498992059727825,-0.1224474543262385,2.318480320172724,1.2313104485938255
653,0.5988756318466698,0.5235173642696289,0.5172649380465741,0.5666757425176354,0.5498160268648898,0.5087842583022107,1.5684376933581903,0.25458217716036957,0.22505968043560115,0.22474128596904352,0.2509193727159199,0.21253011221429652,0.2252154234427353,1.6923428952681125,0.17680320995926785
654,0.6884036471856662,0.6728817599893402,0.6674977333491436,0.6896397154633215,0.6945041746377278,0.6611716937125431,2.228603731029568,0.573084503035,0.5556426165279382,0.5516015393710886,0.5857692124160075,0.5604469576487987,0.5928344273731292,2.2769775618357735,-0.4488681950606228
655,-0.7937360394399051,-0.7640482331937498,-0.7518408794739113,-0.7777716232964922,-0.8077098674326331,-0.7500284146418262,2.2791296730736197,-0.9090017876186524,-0.8872089660950502,-0.872027532534912,-0.9183733265471468,-0.8506834115049255,-0.8820319125912247,2.222470558781875,-0.01816213737548057
656,-0.02757905946840991,-0.07509702788272173,-0.07301516830730263,-0.036669516832873374,-0.0863109070283835,-0.07853365862248854,2.5414688062429307,-0.09771441475486572,-0.1560813585526487,-0.15188982241644122,-0.11217270448494254,-0.1709150911329083,-0.16910484285961483,2.3617765986302044,-0.44773836292160996
657,1.911355335703926,0.07106025078346037,0.0703726252861617,1.898234125275362,0.05561361656930634,0.08000117697542561,0.7451370611592488,2.0228403009501474,0.11071140050373861,0.10965610743627062,2.0164734480848807,0.11877685951493017,0.10817848658167602,0.4093979156959545,2.5561818479770837
658,-0.850561895336179,-2.580077367546854,-2.5210187709460414,-0.8467996213480002,-2.574979216264896,-2.520271799257126,3.2585145371786663,-0.6336254870995918,-2.4211334880174284,-2.36524369404031,-0.6490291855014232,-2.433278222922401,-2.3395700440121607,2.9857000721282256,1.848795497699526
659,1.7819181192693134,1.5640933430741528,1.575235034410755,1.7859402629417997,1.5560123312926268,1.5747504779081798,1.385781905203996,1.815742130984494,1.615057283340078,1.624128194174002,1.8241612177047786,1.6077884057847314,1.648662995947334,1.1944087231872362,0.49678624011472505
660,2.264776932925248,0.03519998192934335,0.03418919728080651,2.2715377255340687,0.0365452649865504,0.03707489465098493,1.6343695923071868,2.4942171809468254,0.17848020004338477,0.1733967799187286,2.4937251797078894,0.164322598272894,0.17641986299959878,1.4011213941732101,3.911847894563701
661,2.2308157380667017,2.263834150579114,2.2326251055930473,2.228167452570253,2.2640752581645596,2.235801114494449,-0.4441481307762688,2.3174526409590297,2.367941620437246,2.3416915122569546,2.3114768656758318,2.365246784005409,2.351659125779692,-0.5534374059438076,-0.5477874246258421
662,0.501490418311118,-0.368740742822557,-0.35698960148125686,0.5034937611173628,-0.3640018169282674,-0.35868976662597646,1.8428372616472861,0.5058882121991871,-0.4350143103240242,-0.42119739968825837,0.510893543865488,-0.44568312730609466,-0.4130349611362704,1.6983837329401774,2.0128809037336692
663,-0.5079916594231766,-0.6424723339132,-0.6182039172525868,-0.5059632601117846,-0.6409485061453333,-0.6243865220111303,3.688795684287487,-0.5186972001289253,-0.6525976734715949,-0.6277505930843575,-0.5207783487916284,-0.646027114515337,-0.6311065166362209,3.614652474583364,-0.49780551227564934
664,-0.3528496639299963,-0.26328998866467435,-0.25757108844463594,-0.3619517322998517,-0.24865364774956578,-0.264091979141963,2.9149604495255823,-0.48914603279868385,-0.3737460094616457,-0.3654266626078825,-0.4892488072509314,-0.342493810621099,-0.3608791561670701,2.7884520425875623,-1.2129296840275576
665,1.2769317845543795,1.0754133990134391,1.0615572368445372,1.2759493404921598,1.0910024700107108,1.053060695781572,1.1125199813738866,1.278504848976707,1.0984690058423967,1.0853348691043085,1.2753303825472782,1.1345690810464248,1.0701676114520389,0.992922169917378,0.9197292714679375
666,2.577327604840807,-0.35882013236171845,-0.3575340111991578,2.5878543634426165,-0.30772338910077923,-0.35456632882016204,-0.3108558370952324,2.7224201303077376,-0.31640306239546556,-0.31518592467584666,2.7573928028686603,-0.2871788580940076,-0.33442523076942127,-0.49281339999832446,3.653208262887823
667,2.974971853321959,1.8142014986269301,1.7642970549312489,2.9800590046883206,1.8154802145367022,1.7613281421164255,0.19911402251090995,3.0183878741346004,1.8179172321545667,1.7683873448010483,3.0297324618148602,1.8216217169584892,1.7749590248546379,0.07306916639411573,2.8543029816003203
668,-2.4754923976513865,-2.3722126678910853,-2.3318985849811704,-2.475511092446218,-2.3786474571796923,-2.3310652772761875,3.729047393801566,-2.528440787048532,-2.4081788621079987,-2.3748545153503313,-2.5417920300826484,-2.4036491560366935,-2.3611722995144397,3.750389651540311,-1.3066008977953578
669,-1.2810384229352973,-1.8502362612357295,-1.7848771090735962,-1.272628523473329,-1.8420294827334154,-1.787554271002174,3.0416070606523524,-1.1699572449599867,-1.7979772567742383,-1.7344615376355623,-1.1705162559812075,-1.7899378046437031,-1.7528902011775305,2.9657487828172937,0.33733384178400405
670,2.1190520259318517,2.3227830631013138,2.2420326949729,2.1148723099682396,2.3207426090792476,2.2363114208650967,0.7080056307829805,2.084193756819881,2.288675333965732,2.209224566216875,2.0797378651506335,2.2868649969126573,2.2114354170611725,0.5842605408350071,-0.33030258718074545
671,0.7811585133342521,-1.0506663174956503,-1.0274658704318922,0.7799935762967164,-1.0318506555202664,-1.032073745843728,1.4529740488424905,0.8256360682684717,-1.070454420392989,-1.0469252656929435,0.8369902377015774,-1.0648110234205042,-1.0464784425516958,1.3447019324980984,3.511187209304291
672,-0.7544227258475829,-1.1771596204682568,-1.1517731306160794,-0.7487146369589286,-1.194795966065452,-1.1697867065082028,2.714794710803083,-0.7849545519479812,-1.2723242272065551,-1.249978554588443,-0.7840428218072073,-1.266140402149573,-1.2299847594496316,2.9836480717233673,0.7947876313380708
673,2.1285711660977227,-0.5480239265568336,-0.5382603111924816,2.137847159703503,-0.5589939685788692,-0.5266202905948496,0.30733916767393005,2.7020871691926835,-0.4294942580836517,-0.42099838980035864,2.705458934493418,-0.4376705098088174,-0.4289072308397858,-0.16452646739971027,3.837702123883375
674,-0.5538367355973088,-0.5310434141700802,-0.5163896824650929,-0.570312881383281,-0.5356709092123719,-0.5242342168521977,2.316017279699835,-0.6583592395960721,-0.678324659944903,-0.6587005566389744,-0.647323113653756,-0.6871538873792701,-0.6512661209739177,2.2529082251886803,-0.014159449119936164
675,-1.9393033549791197,-2.2951371335279687,-2.1901809426900325,-1.9447635905161336,-2.281819710291739,-2.1926633138814537,2.8110402332908664,-1.9326763266611422,-2.3124952999724764,-2.204999182992077,-1.9339683884976393,-2.321628744031972,-2.1981373636284065,2.7304987934572478,-0.22251505007045227
676,2.6888423280107716,0.6135156702075628,0.5985473761980314,2.6797920254893213,0.6151258139672934,0.6112116920924151,-0.12561772636040547,2.815915104369385,0.6341994818942489,0.6183763693184559,2.830495466526946,0.631345793833016,0.6314977579665008,-0.39063833066237774,4.594727543437141
677,2.0156049115513155,1.6840629650095669,1.656981519379043,2.014039440525335,1.6820258065032734,1.6534257962876489,2.538140746137087,1.8982448036299864,1.5004355246146166,1.4751622110957092,1.9108294244458655,1.5067945087363288,1.4460084384631946,2.518709013954917,0.8280776033142105
678,0.1568992422884806,0.37100136635376674,0.36143929634162136,0.14896676643813653,0.35990412689958534,0.3714045964826385,2.168105496349049,0.32984263222558097,0.5254852014456989,0.5110460345591975,0.3157767168085384,0.5171668908319438,0.509229309105242,1.707320059364881,-1.2932741951156146
679,1.985005719964883,-0.06477640596447391,-0.06326436183494628,1.973914279232338,-0.0499462330804882,-0.05638058576825865,0.8598427504283975,2.226167526121912,0.07882522169721355,0.07691487610412816,2.212281511305721,0.0763942958638423,0.08386128167395682,0.45874582881761977,2.9507638337010245
680,-0.35033804602739127,-0.2592605915328148,-0.2539137313500126,-0.3651490479102228,-0.24037876155482507,-0.2572846963934872,2.737023149282171,-0.5711811620549361,-0.49089192011520866,-0.4813874186379827,-0.5731767053743917,-0.47570475380475613,-0.5041545801858934,2.80449373703413,-0.593786374518854
681,2.717987151482905,1.3305563661001483,1.316728466022418,2.7211129785803676,1.3165039058211325,1.328541237995605,0.46525481730441803,2.723741053082417,1.236769029120295,1.225099420205981,2.7202731010312338,1.2340120318399657,1.2522415503880024,0.3015307629617445,3.097837933836758
682,1.2436315121768153,0.5485795759780036,0.5356860521284189,1.249421803561127,0.5429152359811076,0.5243645961109741,1.41854120931455,1.0420416697597368,0.3387982808211073,0.3307609371102847,1.0445355898004598,0.3526259056097279,0.3257839466447064,1.3648076499632102,1.6164801177438903
683,-0.23851932582370072,-1.1898423872493893,-1.1355426113933145,-0.237627118886246,-1.1873797310425425,-1.1331237721045906,2.3787969608974584,-0.14373759935340746,-1.1440024458682314,-1.0929072225114895,-0.14860256976762548,-1.149837626180963,-1.0944468745582008,2.209815912916792,1.2684335207237176
684,0.08732163978781617,0.03528979778147155,0.03519817956061028,0.08067090174649705,0.03413345911656551,0.04229461516351422,2.313987691971092,-0.23410923815805673,-0.27958653680765383,-0.2788916249806488,-0.23311370757494426,-0.2812085542685941,-0.29791581740168754,2.3494767763037947,-0.30912161023162466
685,0.5081509959328206,0.506630019158316,0.4943953680810606,0.5220765461807891,0.5163010167342306,0.4958245317061301,2.028460759930308,0.6400958803455642,0.6376162753240947,0.6229839661457849,0.6353440250340924,0.6290645806464916,0.6091951552726907,1.8354290787369383,-0.4797234366296892
686,-0.28764554221179717,0.053596307841324256,0.05297061739281347,-0.2673260166704761,0.053493722081640764,0.053994799680557426,2.280310127948739,-0.4250280915391864,-0.050415512334031215,-0.04970262882537689,-0.42439271385354504,-0.06072854817445828,-0.0344267508753136,2.19376620283487,-2.1897423579195907
687,3.574470044668621,-0.19840469069821579,-0.1925287468177619,3.5698311995807672,-0.18077426291695436,-0.16971900529283665,-0.4759018257034999,3.7181423854543993,-0.2619472712639219,-0.2540711766098407,3.722912684212836,-0.2705880780554465,-0.2525012519850974,-0.7289270436571568,4.884966773431049
688,-1.6155376034282638,-0.9328972460828233,-0.9434803156439251,-1.6294839578724585,-0.9294777748696843,-0.9286791606769372,2.7871824991709553,-1.6565218316987442,-0.869321983833227,-0.8770084481351015,-1.6517262116114848,-0.8880224109788417,-0.8816809777770948,3.1261036967795723,-0.8674115987462954
689,0.5392178274069801,1.0945665511921407,1.0863941506929098,0.5389233218080223,1.0994629266436606,1.088050340515073,2.043421600322232,0.5169573961168336,1.0773959265398296,1.0690731266844218,0.5306272190427572,1.071210361295145,1.063365282935675,1.9380658678267269,-1.9355964449311107
690,2.2909092802196267,0.2253961705785488,0.21832771204130633,2.3050564706744283,0.22326776281581828,0.2018365882069742,1.0730666441043686,2.419344624270984,0.326045391462933,0.3155608738986774,2.430243258433191,0.3280238813220272,0.3175749307312799,0.7574477652915305,3.122207100986528
691,0.43440092052928736,0.08385974789617374,0.08216723953265838,0.4335744220200653,0.0923875289675915,0.08738851722267496,1.8972641558831744,0.520962918976611,0.17612131235317927,0.17255005467719614,0.5225464114012583,0.17999159273670876,0.1658853230416461,1.6472136856512534,1.1606127207417067
692,2.4213138387263413,-0.2106421077546959,-0.20402645046778384,2.4223148111391613,-0.2301893459883058,-0.1957898858780871,0.33910153161208495,2.5672721232250737,-0.2803406923477829,-0.2716049896592656,2.5249942561720338,-0.3027380955048262,-0.27626691194401953,0.06301439837907798,3.180104456644468
693,-0.31743735549168156,-0.3221348348342444,-0.3113581117328765,-0.30902410954690473,-0.3307116368378219,-0.30571890176471533,2.3583563441021624,-0.36794900322233626,-0.3690996155091059,-0.3559086272052171,-0.3643117785984853,-0.36514328910802657,-0.36905432222105133,2.269111659969143,-1.526525672294134
694,1.0662680098571606,0.6828769190383102,0.6646108288120325,1.0716334356285069,0.6849203692930419,0.660543006599402,2.2346415118798464,0.9887319865372749,0.536087480969477,0.5218536005678553,0.987279674701146,0.5289307120838133,0.5103701933792709,2.29555683697035,1.1769260934069659
695,1.0540602029611226,0.17567209776136467,0.17339797154953265,1.0677950590361769,0.16517138383104626,0.17667127225292825,1.589374515924435,1.1057539154366116,0.1830807514851171,0.18061447265920635,1.119802637865457,0.197597387322861,0.16254542193485413,1.3557772715354763,2.1664367539186915
696,0.36409233830252297,0.47891654817043267,0.47722499954668796,0.35528878727795193,0.4660192323602851,0.48821571862915736,1.2826046773729478,0.21383127030800703,0.3297490391512602,0.32887576187857365,0.21541412827110612,0.3208277513018634,0.3338605617601956,1.307996365267101,-1.6491901770113087
697,0.34793085363687604,-0.5052890340997068,-0.491275112981578,0.3472641078578501,-0.5270688247639999,-0.5092527307785745,1.9411933459658428,0.19147977381383674,-0.768591801828409,-0.7450559539555044,0.18541703211105195,-0.7404350513896133,-0.7303448062039788,1.8633256878505207,2.1523010941972993
698,0.6824007032638703,0.662315668143617,0.6437200945170388,0.6760216767678464,0.6198438767152612,0.6317476758044297,2.9193174933162864,0.7654571166729511,0.7783031806278728,0.7569097882625317,0.7781566150881021,0.7870594853582839,0.7529138644909612,2.6045265014510073,-0.03146864566859324
699,2.6690663199263898,-0.3926921721034199,-0.3851847857988498,2.6529389533264713,-0.3619215377575661,-0.40822858283838387,0.3978588179123859,2.5265696860634583,-0.6799827842080607,-0.6649766223805736,2.4867329191513883,-0.7272904513517674,-0.6243801968764726,0.29359032830237114,3.3861847359611668
700,0.5163244736116909,0.7392207022088629,0.7230832814294011,0.5227372792587666,0.7544856208217366,0.7207608346740041,1.7732251068078826,0.5727739271735867,0.8168229289062484,0.7968033442223666,0.5753175580882421,0.8089688881273854,0.7854508582144182,1.4480696501109918,-1.6729267034692146
701,0.7202853596500266,0.6102165107454139,0.5977894263859401,0.7242668509589583,0.6143982066279368,0.5777609215597919,1.6589921613871208,0.6349024591528419,0.5057062382384468,0.49589741492461287,0.6312792222047882,0.5315510913336313,0.4843647833837642,1.607667094386958,0.6178505945800025
702,0.7638906390234008,0.22464725894801182,0.22069497937254437,0.7549770707283332,0.229901126448732,0.23744677596731362,1.314864313944675,1.0151534671339222,0.47545010013569566,0.46617592739539887,1.0006886590988402,0.45651930793389334,0.45818402662864444,0.953958647802781,1.8190726489728253
703,1.0976174865174335,-0.47203949490713276,-0.463495555227921,1.1135595861865832,-0.45744473379241696,-0.4597105082299784,1.386863134969745,0.9813211125727579,-0.6088648410150607,-0.5963174377680891,1.0062301670174651,-0.6010292283546276,-0.5924479122479638,1.2458362003980255,2.657407655148654
704,2.3633121095643936,1.1459992438418223,1.126945897737024,2.3690969762251024,1.1373652875986922,1.1243405552578694,1.4838842436638549,2.3955079078515955,1.1266768808193142,1.109468152898399,2.3966947041371984,1.132982677142036,1.1409970079770853,1.1200292650409378,2.5972873973401787
705,1.0550923304918283,-0.028773259911066978,-0.02832606308497506,1.0531746443963128,-0.029047880843865226,-0.030937665156762873,2.2950943554646726,1.0442056067429382,-0.07164573956657257,-0.07051686143147731,1.0404397072259552,-0.06770747998843595,-0.06337043750712315,2.2730928794675163,2.5500457034057784
706,-0.14820979825221237,0.18923018596531047,0.18644878360744804,-0.1477131084143373,0.18624227591158427,0.1835995439924697,2.636585552206778,-0.23657701481961088,0.10892034511957992,0.1071576784166825,-0.23473088563744982,0.14240150978138655,0.08379756611463575,2.3092226582871844,-2.106448771312054
707,2.0885983083337507,1.762231072927347,1.7140324833159124,2.0913776638360426,1.7605489433540715,1.6981087269851318,0.4972615398303236,2.0565797761355875,1.6954974961855376,1.6515380159735145,2.054455267331673,1.6933417426115007,1.6459004560734132,0.43909759071524435,1.2913889792850812
708,-1.101109826734642,-2.343582184995966,-2.294378526604785,-1.1050230618406298,-2.3484270902129283,-2.3124589291571715,2.845629699843004,-1.0411056298857877,-2.344325036195156,-2.290755925495671,-1.0152142290333797,-2.393059250450693,-2.284423691318937,2.6698094931830885,0.6539681413538334
709,-1.2080735458834584,-0.8927187068389585,-0.9050696640671435,-1.1987506477681271,-0.8613534295728204,-0.9229189457221704,2.114503014564168,-1.4610337815529117,-1.0306226429653538,-1.0343940900108592,-1.4845766950160457,-1.004580450418692,-1.0055618592035094,2.578800694137374,-1.3601568018038788
710,-1.2890423711272145,-2.332502135732825,-2.2747650439826272,-1.2878232609374354,-2.331427064302899,-2.2718089897911367,3.0532701352797966,-1.3899978444183327,-2.4706293997298796,-2.408672516368973,-1.3894875065150134,-2.4893308000249594,-2.405328687542128,3.0426154023636562,1.6115900713532418
711,0.8378106169340206,-0.029723083304478884,-0.02943461146196694,0.8561245569444579,-0.013968753930617387,-0.05574718660509678,1.297794445394437,0.7883833338159211,-0.208969230884052,-0.20678981259591112,0.8064729415893516,-0.22075884347057814,-0.22132978655311308,1.1286585040890036,2.4685881072708664
712,-0.29932067036226223,-0.21739707999764282,-0.21637157875940963,-0.2769359710032923,-0.2198182718255164,-0.2356830968891086,2.4828580900915576,-0.2637761354120995,-0.18699845864049933,-0.18622744470282948,-0.22724711358239977,-0.15721974764838215,-0.16850660734241474,2.1921511002825755,-0.7030651816384015
713,-0.01464275949705617,0.06961050395492108,0.06756390901599715,-0.014011826797550638,0.08149447958246675,0.07819188529339043,2.537832783543223,-0.01689379563985569,0.0850323308781494,0.08263979337358138,-0.007798342795022585,0.0741956272091032,0.09392673187891745,2.301219142987523,-0.4656344514385811
714,1.0619476620814803,0.8319676134602251,0.8304459692427817,1.0588031409332508,0.8407655464543679,0.8346845121606938,2.0520922338548617,1.014439302739859,0.7982446833299901,0.79590467776538,0.9980301029674822,0.7961557104668819,0.7877603069267238,1.855689564930303,0.576537102056578
715,1.75112293753321,0.46276889418507583,0.4537092643010937,1.7556026115284835,0.44198913322867417,0.4471013445712279,1.6031538007881723,1.7740507548129718,0.44316797670700325,0.4337208298296113,1.765273263492458,0.41674760638766006,0.4073736606254558,1.3204470722226787,1.7231866346120548
716,-0.40452548026836055,-0.3035465541102721,-0.29651784458210595,-0.39529251329061377,-0.299424589343706,-0.3027587812936604,2.12374142298071,-0.3332772186759563,-0.22412165482106583,-0.21899593721080202,-0.323737137450834,-0.21554711706132546,-0.21976642007260452,1.8625485395961843,-0.9190314587196022
717,0.33906184903395226,-1.7845266375451787,-1.7604230143079824,0.33731695924435956,-1.7658279241373827,-1.7588866883306684,2.179879979153639,0.43504630384455545,-1.7297936094514932,-1.7050877579965156,0.4442653062998102,-1.714475357636721,-1.717361429362306,1.9645219341504285,1.6726817387096535
718,2.844048873787986,0.20446485877493553,0.20247610438332075,2.8599689672293596,0.20623503087770173,0.18429222171235393,0.04972000496969965,3.078311967812853,0.17774272271135494,0.17526838345450585,3.08259940510646,0.1870765682286816,0.1544176157482785,-0.4282626564678565,4.4277044804593135
719,-0.35459740715349397,-0.32301363980001613,-0.3171878075362068,-0.3654592400491366,-0.33361226146332507,-0.33172426020458806,3.0487662569754965,-0.3363462994579073,-0.2500258436779802,-0.24546991617614003,-0.3380693504573397,-0.24383743599377494,-0.25991077102790183,2.9713763693639716,-2.0958555256303812
720,2.3319513160500565,0.9005701476685505,0.8848440973373817,2.3442278690998575,0.8925636224210094,0.8874972711811897,0.6237880250875274,2.1235184993045206,0.5522246121613001,0.5431863600671337,2.1137255235144154,0.5629451103204711,0.5382743450839672,0.5319223176424338,3.398958094330378
721,0.5681713785131685,0.997838429435949,0.9861179132133069,0.5677362980864451,1.0104746134236329,0.993999028794424,1.7220798789436766,0.4057647453778598,0.859956215283806,0.8483798672247661,0.3960509018763715,0.8463353933749513,0.8635687883903564,1.6526708526993557,-1.4393256066855884
722,0.9822204215303535,0.5480042291219689,0.5449606127112562,0.9928571254601819,0.5525954113610408,0.535231665157475,1.2352550659822565,0.8091258569319612,0.15812324280730003,0.1572849593604678,0.7904083833569839,0.16582297557528117,0.14655319071427297,1.2572632905479881,1.2460125517584337
723,0.7622023446574531,0.48828356374553344,0.48029802422778933,0.726898341263413,0.4756242963150982,0.4738304147816521,1.3978871522460763,0.7439397794005819,0.43774827342107214,0.4286095164532026,0.7934902120929344,0.42019151600224963,0.43311862742501617,1.1296821599782116,1.3727418446355357
724,-0.23867835811425683,-0.42378938310290076,-0.41836261985567624,-0.26228256558225893,-0.4771301803698074,-0.4281869144852545,2.4111816463634557,-0.3775357160502638,-0.60807054582762,-0.6000835618179515,-0.3507750768916346,-0.5575637551610735,-0.593971127466896,2.4336634178727548,0.3767279083964906
725,0.8085643377112058,-1.650981731809363,-1.618751846374077,0.8024499894318728,-1.6587573324253837,-1.5961182155328797,0.7609893138345027,1.0596235987798195,-1.6298941328955188,-1.596606135018062,1.044309288336322,-1.6566371948132101,-1.6264094671029268,0.3676411004703032,3.765169182107575
726,1.4189632943789747,1.5447077161190685,1.5116732170181648,1.422362705967326,1.528409700850592,1.5165834609482356,0.5965989023156185,1.4442169316858569,1.577411371546143,1.5444591639274166,1.431187653581206,1.5819271284454797,1.54766462404261,0.4620105928396597,-0.3259264742505703
727,5.98804711295375,1.8307237378382684,1.8005061664691626,5.991838669905567,1.8337711356424093,1.8034403950356142,-2.020269517114846,6.072281400211155,1.7212062873650613,1.6932500176772791,6.07215436332562,1.7119674546082182,1.6945430838918305,-2.0708932705944147,6.428856406860589
728,0.1455785175627406,0.305633499814529,0.29948224546487273,0.15938043186691342,0.3061183846378463,0.3196327392060498,1.9920410757538833,0.062016457688576325,0.21911080704871966,0.21448180019799543,0.07481034610704146,0.22241329451560837,0.19427816674077458,1.9326704677152828,-0.31014748820790433
729,2.863438993885016,2.441359412193485,2.407603154093812,2.859246958212082,2.4339301453356597,2.4057709645645513,-0.04623368712829954,2.942001284546971,2.5453484838917766,2.5123784877810738,2.9414705293652736,2.5493222644485205,2.518683850282998,-0.2833819265837201,2.4498163757982225
730,0.5296860796677756,0.7528703987709505,0.7311076535521882,0.5312241413744483,0.7269785196211255,0.7388479583256924,2.777107458764605,0.16692613415394356,0.3607666640246296,0.3500759434589361,0.1560501834705005,0.3436009066499502,0.35306316638781465,2.7294739182759424,0.12751252911031727
731,3.8203864794280364,-0.4343006887631945,-0.42650828231774,3.821321667122305,-0.41681641680905773,-0.49749380853812414,-0.7430989258798447,3.9962049117351226,-0.33617283834155964,-0.3302214551772543,3.979021974856433,-0.3456585732355895,-0.2975276404803421,-1.0175285080084435,4.602401646772937
732,1.0986767618953155,-1.1450262304030143,-1.1261753914122823,1.0797030285469134,-1.1085862586256023,-1.129258119527562,1.0942567815314208,1.1099261266040585,-1.4120371050064717,-1.3910367599596118,1.1059610050509463,-1.417726504698086,-1.3761511353828562,0.8612591983157806,2.622088436561451
733,0.5757856848471803,-0.06670354336884787,-0.06576819678179036,0.5676448895315115,-0.051334080347314744,-0.07158220087361675,2.4631469578403564,0.7721554123302117,0.15179526352659117,0.14966204355962429,0.7703467214234269,0.15136816362206756,0.16668926762673783,2.1019044857078932,1.553626591215726
734,-0.009279439014256081,0.7657609458900388,0.7508468396398447,-0.009015574169020974,0.7578064602591066,0.7642716165839801,1.946554731115791,-0.23120158356861595,0.6408747995079227,0.6290196357073279,-0.2496463154462971,0.6194958065509776,0.6428393817518555,1.9910976524369934,-3.7469250145095487
735,-0.298411975978235,-0.16886918100989926,-0.16245633340197044,-0.3044554517168415,-0.1569203937343784,-0.1449054982385043,1.4129557546864173,-0.1641113796853181,-0.02502675994264564,-0.024096344832554996,-0.1635444163631479,-0.021789919759489306,-0.0250632176554621,1.3148193813945865,-2.3863196167126977
736,0.756838837360025,0.5354255358903313,0.5205974318369118,0.7553272847632573,0.5354703686867353,0.5265272817822042,1.302859336358056,0.7838669631990667,0.5480815335182649,0.5333831945748213,0.785496092164904,0.561873570959321,0.53253280247936,1.1708689593028954,1.024342742418002
737,-0.7668116187118726,-1.9635225270786452,-1.9492556848670646,-0.7512348100478946,-1.9712216932359505,-1.9571190443903785,2.968809997925521,-0.7587708422925643,-2.2338468869116235,-2.2095837547038535,-0.7477673029718289,-2.2518003528541115,-2.235545035035576,2.8396464250118987,1.4066969232437627
738,-0.7990700970789516,-0.9055170670092458,-0.8821891781115433,-0.83559347998161,-0.8994274148152391,-0.8572885474181828,2.2668785874520414,-0.7353478297886206,-0.846422167380801,-0.8254264501923301,-0.7231140182763363,-0.8457514244334039,-0.8380359823779756,2.096840520827407,0.313899879422393
739,0.08728495903733699,0.328802339451926,0.3200106921193271,0.09516368710820432,0.3151138341499976,0.316319596654037,2.021032352602247,0.11094256178503384,0.3835918362373147,0.3742276932608487,0.09328393906208927,0.3986829329567362,0.36008874171681277,1.92645280607947,-1.1539918178022714
740,1.2229019642001242,-0.8422750480229286,-0.8166935944260865,1.2374173402005293,-0.8399283692212222,-0.8035976530515996,1.6696440446424503,1.4164621767103744,-0.8416271187484844,-0.8159194618669782,1.409148717933595,-0.8245592264949094,-0.808850401937088,1.4251540984277111,4.120004686389806
741,-1.120150033489047,-1.4996892559146442,-1.4575601747413223,-1.1420106511138501,-1.509831341351264,-1.4791816182099298,3.054557533509878,-1.1176151888605803,-1.526296220872755,-1.488959803049063,-1.1199962116803657,-1.53236962687879,-1.4979550984013366,3.0452133124921974,0.9366458056074556
742,1.644154506416141,0.5556548440067205,0.5448111084239006,1.6461609087832076,0.5444131584431842,0.5488987369740324,0.7331274750457906,1.6784092903676269,0.45618063559028804,0.44735084241769135,1.6643495696088553,0.4901487883617562,0.4414791398869347,0.586373416495746,2.822779068056648
743,0.3989405182055517,-2.3903984581965663,-2.32527687966748,0.3885179254938472,-2.400539799067112,-2.336418805514731,1.9343471678918946,0.5116742242832734,-2.3999193922282323,-2.332554044373925,0.4986942231614077,-2.394575356522771,-2.3148835543772313,1.6682917117148806,4.179835382272719
744,1.3886786641007816,0.26784460122539766,0.2658812592107649,1.387075814675307,0.27084848943871875,0.25049632944607364,1.5157065143103159,1.2683288345928088,-0.24777816237660066,-0.24516471464728765,1.2713837724951274,-0.2532966155021998,-0.2665764429437468,1.4212701406400738,1.922697579945532
745,-0.8512759847673274,-0.37888781174725594,-0.3753195986310124,-0.8445303270332339,-0.37585350766050396,-0.3833858267326055,3.2867269396924517,-0.7249573212807399,-0.24734153268891243,-0.24459893291658366,-0.7455940695148287,-0.2669582905182712,-0.2422868566753257,2.9554569908389774,-0.28811596317983196
746,2.2284280508409804,0.4489231750461276,0.44083533494018445,2.228294085239807,0.44097739160333194,0.4490079880006829,1.14796107121248,2.304312535284076,0.5311573522373685,0.5211492949725003,2.3107692778929367,0.5210725793583455,0.5182756464438084,0.9185583011900363,3.866237620840315
747,1.5404730756818288,-1.1486235183829696,-1.1184462114522424,1.532661171102062,-1.1425556541591357,-1.118678391728901,1.9794694123701169,1.7096581062482386,-0.9641411447562833,-0.9397908635724344,1.7074305623418458,-0.9611058029728466,-0.9504143414108581,1.6000516812401142,2.9960281857791426
748,3.302091028214475,0.43252842392490687,0.4202451743412556,3.3068281090464127,0.43368101791459196,0.4050953191195041,0.16782436939405534,3.3720576850354447,0.4500134316065658,0.43722806183327684,3.3717866264058385,0.4718055933213354,0.42997867852901184,0.026482832136980095,4.451146305452881
749,0.8304069426141822,0.6922702800067811,0.683120362018542,0.8356225086376297,0.7059238003732258,0.6939604183792553,2.3610782917251445,0.748072326268947,0.5670130525526453,0.5585963031507034,0.7368598673245143,0.5697143307354716,0.5838714519279132,2.2917034058137964,0.5760756155798934
750,1.249044430442493,0.25427529193938464,0.24830841871849613,1.2377424802429273,0.26233957499381905,0.24792219929788348,1.5199268463602633,1.1704637238954227,0.062231027892978574,0.06056309462404147,1.16737764505944,0.059401742648840745,0.049951519961409396,1.3480366486094515,2.747336062091164
751,0.5658963419731275,0.7676460795088467,0.7604516415162255,0.5361624221903659,0.7209832385917209,0.8316435651271095,1.7855471558645983,0.32937352033307893,0.5403060632969443,0.5356204296536885,0.34445859832154424,0.6054762014656114,0.5155424822876927,1.699325319261096,-0.09422850454811885
752,0.6387348881205474,0.509282820993069,0.5018671538013298,0.6298835547409406,0.5029798712701151,0.49479643426324355,2.3589411654450627,0.5587328218807697,0.42138233160473737,0.4151676746976541,0.5588389029416899,0.4234403273248704,0.3998610749714468,2.1955941918953124,0.7990094920391156
753,2.7746774795558835,0.026964401413773768,0.026416062607781055,2.7606130855091346,0.021394149770690478,0.03512083804834199,0.11098166363885555,2.7559817187767335,-0.14406536692977698,-0.1409861791471053,2.742689557332114,-0.1757425060508837,-0.13240912038110494,-0.18404303694315727,3.680629390836716
754,0.32201296438038673,0.19310444496866805,0.19041321038574532,0.3077714992500691,0.21203199284258722,0.19234324899496608,1.5446049562863855,0.14187578182288219,-0.002493310378678292,-0.002455396320519837,0.1301520834184017,0.02031861712749899,-0.014210888640754394,1.5469197745942298,0.48241814929286486
755,0.5246284991405079,0.9907296212483748,0.9914245492174776,0.5084587940996409,0.9708785178412931,1.0129328782753169,1.9663217620257907,0.40937564715237035,0.9062838723419934,0.905454196481164,0.4182484781639634,0.8858196839849689,0.8920251929853037,1.7150906936228152,-2.346384612385985
756,1.7650801954312592,0.23663472874034128,0.23231631278293077,1.7652599361299293,0.21319903708954596,0.24571404900618193,1.072983494378573,1.9993744917770417,0.5131379969513461,0.5058795600530483,2.0087660670184713,0.513136103745769,0.5144077459723511,0.7181456242077869,2.288078502617804
757,-0.24061380118560854,0.26785186194630145,0.2609262682798421,-0.25247982895342125,0.27689777798200693,0.25479264936664214,2.5094853007770412,-0.18278028270692986,0.3607914321478542,0.3509865759032342,-0.18528942495591216,0.3603171929276207,0.33750087787561966,2.268922247924395,-1.3982795386606945
758,-0.48667578814790763,-0.471648965988129,-0.4611893418005116,-0.48849198929464777,-0.46802414199320114,-0.4588438110840625,2.876888353755372,-0.5006779499285541,-0.48250972938125686,-0.47246038952657543,-0.5057050601298531,-0.46658550523213965,-0.47329041462255117,2.763428996645364,-0.6810087700767428
759,-0.44238632882817164,-0.27611558075883,-0.2665242243175784,-0.44050656384621045,-0.29355999986443987,-0.2737183506423501,2.517395897860112,-0.32229408987206376,-0.15796019193640962,-0.15229147286912928,-0.3468248925972356,-0.15506588631140797,-0.15766294729551647,2.351646527469034,-2.059478847317984
760,0.26844882142992516,0.4264892196319405,0.4162924627862507,0.31879889643036535,0.42166031127135506,0.4163055362867244,2.4212191621632946,0.10994361972025188,0.2586722617192657,0.2521790784618291,0.11263381010174915,0.2466832937144228,0.242579950937636,2.032260064971847,-0.5882183623343821
761,0.09444331063707186,0.09079911977257575,0.08886265346726843,0.09403533599898746,0.10471887927971485,0.10074155381266561,2.567637615859679,0.16409519214448964,0.16435062257388747,0.1611650854739571,0.181708081311546,0.1760243686830659,0.14634604258557507,2.410304151507521,-0.5691044453666336
762,-1.9203154056167222,-1.8638990576170404,-1.811634535667418,-1.9119733355607922,-1.8660853898205816,-1.8144307234866766,3.9410487467794773,-2.2105858472643454,-2.158308987755488,-2.099402446265722,-2.1974830302369694,-2.1493012658961694,-2.092431933476112,3.949920622767653,-1.9266692466550448
763,1.423046960609696,0.3463919451653194,0.33525134207598195,1.4296523888300665,0.3428201800034579,0.3428209960131358,0.7458785326635071,1.5590747813633654,0.5204078449365616,0.5038392498304798,1.5610437146288376,0.510013088248297,0.4909025467104634,0.5291534365848959,2.159287454622781
764,3.638138637676652,-0.47728325062057175,-0.46494755061818366,3.639357800780214,-0.4796352082898924,-0.48728170596284126,-0.34400701209585277,3.7543076326274036,-0.5423607472313854,-0.5286011493782294,3.752008571480997,-0.5254996991597762,-0.5182838992308609,-0.5409773210216874,5.32196985539122
765,0.9558585231061227,0.01705089329975895,0.01674210180625985,0.9493687453833333,0.02782236839006454,0.032402616573128595,1.0055984958947326,0.805006798657603,-0.22986133520593452,-0.22590849956943942,0.8141317319044071,-0.20108692138212858,-0.21844007864042192,1.004303604673793,2.1049651331867603
766,-0.6675344332556585,-0.6578038084424844,-0.6400490200831264,-0.6659961939214648,-0.66733946831021,-0.6433318621309002,2.340942066261681,-0.5299623142819286,-0.4944656838460758,-0.47977331997395956,-0.527572919999031,-0.4848869944799476,-0.4842003280085457,2.0108920100655845,-0.10108251170079506
767,-0.4073357681253765,-0.6832474931242286,-0.6663564630221499,-0.40753535643100414,-0.6792736498951499,-0.6735948934173308,2.1991147783214484,-0.3897068503135639,-0.6956542606980243,-0.6786528067983835,-0.3817395588881066,-0.7108352076583723,-0.6868253734593195,2.1243687825431,1.7303954064932388
768,1.1205489865815428,1.3942560976890983,1.3767670233299234,1.1255139710684836,1.416047609052526,1.3739284470160755,2.6909080839675124,0.6268317386621634,0.9420109166540244,0.9252111644832117,0.6312547518882831,0.9319444697384545,0.9162402154410723,2.634869069011325,-0.23758936666932054
769,1.4272923027948912,1.0700962508174416,1.0493462806542544,1.436512029985637,1.066886746296264,1.0376020167930775,1.0821142565562671,1.3824737875397985,1.0366197199211586,1.0170234519199155,1.3852796889171872,1.0161232364340955,1.0151307438822197,0.9681244934576638,0.8973060090217733
770,0.700663490785136,0.8528048757024794,0.8292635555087357,0.6954771459428599,0.8382585071588544,0.850553303454328,1.3978667763220596,0.5237284451750616,0.6754353284800277,0.6559476090419522,0.51542389278787,0.6579515329866755,0.6609286660024433,1.3285679896658784,-0.7406029230199199
771,0.048259134386605,-0.02630535376172439,-0.02692849938562661,0.0669675972520088,-0.039973927489501855,-0.012295056382235884,2.0863671968191047,-0.037141144853944104,-0.1133707066493954,-0.11574239230392154,-0.044412222120019176,-0.10542964117351625,-0.14837705295664738,2.1202095709546906,0.5773513983353272
772,2.9642055102456912,2.6723792887792186,2.6264313696029733,2.954353129894147,2.6667701159482955,2.643883115273184,0.18986289637656348,2.8171792011861587,2.488241615695944,2.4432681436833357,2.818083503155797,2.468733910390035,2.456958546721567,0.12266841339871515,1.5146878071419763
773,2.325485490720909,-1.362603476663574,-1.3365898710176658,2.324509767352955,-1.3728767101831492,-1.3432463522144082,0.5905616717975593,2.4802572874215905,-1.3230695633866576,-1.2927402236058683,2.487841139329001,-1.3058085821592573,-1.298111176098492,0.35301693988056626,3.5550330466285973
774,-0.29878040667114675,-1.001427217708939,-0.9771930684757903,-0.29433895732399007,-1.0004369026512088,-0.977256381872158,2.3867385521007956,-0.028802931999351983,-0.9286830233446458,-0.9061619425145623,-0.027794495967460708,-0.9359948753603446,-0.8948172196957364,1.9300165790796984,1.5340617022309726
775,0.6605607066910368,0.17096129036443686,0.1673417821852079,0.654266988819156,0.16952777578350442,0.16701891139654051,2.2179014496395144,0.7140556630018966,0.17760388759233334,0.17389805471655764,0.69560724185008,0.16926728603752914,0.19144496637666622,1.982150718007108,2.198431920987441
776,-0.7242773866022769,-0.814465961277984,-0.8066644530989802,-0.7270167901989507,-0.8083350563100302,-0.8178486613572483,2.370606354688874,-1.0071154933891697,-1.1001739130872137,-1.087396760899922,-0.9971635394442604,-1.0823648252745557,-1.1071982932171456,2.3585827876199543,0.238282157052035
777,2.1672000440629695,0.5089851122558512,0.5008150969554946,2.170769331985462,0.5108875964518164,0.49213400529959306,1.3432703283857124,2.222852469554595,0.49493739422754834,0.4870507137003394,2.2190324470274905,0.5051922597790547,0.49356550425008633,1.1440358975425617,3.5167330806560106
778,2.141400056387621,0.30343131330480505,0.29584268511078954,2.131424231577663,0.3246825830539262,0.3242833208954709,0.46765901357426287,2.2121998865688153,0.21981755213620216,0.2141090468209949,2.1965260948733873,0.2212962552025492,0.2511485100278534,0.22525944196347217,3.474230223358815
779,0.4433369731428697,0.6337267009904085,0.6234310980504822,0.4142738638947823,0.64675874246038,0.6297270174505324,1.8883903729295475,-0.3846154137372069,-0.2065410755812578,-0.20210859125359792,-0.3750622218144871,-0.18968447797964966,-0.20159900635445774,2.165955419141267,0.05855990049796902
780,1.3914248809680871,-0.5955947959769525,-0.5864426892684693,1.3888939062649595,-0.5899331849082214,-0.5935085408192871,1.4357620910547961,1.4195620796848216,-0.6671345591067125,-0.6576744326030889,1.4188166869913714,-0.6399851359554548,-0.6683326951547769,1.3143817735870567,2.8895213863435605
781,1.0361955818652204,1.3116728016399486,1.2788913304037848,1.038586754774819,1.3138622866471306,1.2900659196660498,0.9952978408444355,0.6313173036941454,0.9511079540125104,0.9271400510981299,0.6558700950117609,0.9343325010905108,0.9262308045590972,1.0769208130442505,-0.9099664720024107
782,1.6420590833175062,1.7383589036548326,1.716147082651114,1.5978486525027333,1.7273969195985381,1.7061705840272046,1.4953269659327313,1.8050607068139726,1.8724714613383429,1.8422802391829427,1.8099824957760922,1.8700065140176425,1.830838316207638,1.3410038896525802,0.15611679976636755
783,1.5352213615876265,-0.4154166635130875,-0.4056808320105208,1.524821436850506,-0.40605776279225697,-0.4170553230116062,0.9223526293800776,1.6486851138717211,-0.3442161298153142,-0.33618177565456187,1.6732664708697622,-0.3440030586242264,-0.3228894143088609,0.7193678472851645,2.8438942824938245
784,0.26865200427267805,0.24197555028682433,0.24423172737574333,0.26951487256855755,0.2373049604767628,0.23168646348762298,1.9693070880537986,0.38869389765775036,0.3734003168337722,0.3756465946362119,0.3728618311939287,0.37361505329410655,0.3898725496105148,1.7361926702828911,-0.6298446083414889
785,1.3589301661036188,-0.9098636745136708,-0.8852063596551772,1.363498779301984,-0.9132730108009771,-0.8703114284945406,1.8586345830033884,1.2887281665630363,-1.0457244518242728,-1.0145931913429571,1.303431113329769,-1.0293064956098128,-1.0209199839324736,1.7361165234922311,2.367391910555828
786,0.713787125501343,-1.7899664673351519,-1.7395519291785686,0.7224739380712313,-1.78258773209902,-1.7376654376634313,0.8512382590479578,1.0039229006541914,-1.7489710340489446,-1.6996136186982407,1.01250728666296,-1.756546487854657,-1.700331872812851,0.4980005054457618,4.7579277155369155
787,2.098584960467211,1.8892042837860001,1.8756751463191477,2.1108608368506885,1.8920314417778206,1.8662653177831146,1.810807784735916,2.194189931902089,1.9813332515778719,1.964255358849259,2.188449992587958,1.9787092439725038,1.9445078010053969,1.652714332620157,1.2368388651476852
788,-1.0007931344659458,-1.6265891621236857,-1.5779394443732435,-0.9941323901562907,-1.6268960890504258,-1.5829169879500238,2.446639658130909,-0.9674505693797524,-1.5879643901771894,-1.5403037351062259,-0.9707782036774459,-1.586993601009729,-1.5383420495798479,2.27662515212159,1.1920044053442511
789,1.4458567326912333,0.8390942440519328,0.8362639210717328,1.4553527523330203,0.8388116391228697,0.8180881366105265,0.8182282475726839,1.3519489098136972,0.6176002844267005,0.613639825798087,1.3408174015816263,0.5980849203280053,0.587833790506779,0.7425010071663427,1.4889758274903153
790,0.20767915117543786,-0.33498440913051547,-0.3258618870532439,0.21032283834902404,-0.2958100705992297,-0.33431572834278694,1.2553725214585163,0.2097753672292902,-0.3779645354396887,-0.3675313972188998,0.2094415600593559,-0.37690832164176463,-0.3743683773504442,1.1362138146310385,1.2671772045438239
791,1.1051697939288991,-0.5317108294830807,-0.5211165255281823,1.0937268276026748,-0.541555185169573,-0.5388920825510627,1.2082339636654336,1.137710098914551,-0.7629419331891732,-0.7465218441884439,1.1262945834699207,-0.7639883351819289,-0.7328398933240805,0.9871994906626138,2.870563431526244
792,-0.277683456297971,0.5047995465658649,0.4927580557364736,-0.2822074438101676,0.5245320902126822,0.486606145431362,3.5213216169271244,-0.2988883812442965,0.5190704954668194,0.5065136060550179,-0.3008953777489134,0.5288353015923043,0.5130741828615277,3.395124646078684,-1.2511631827544594
793,1.7446998638005087,1.8164297542607712,1.78969072263668,1.7149481604895445,1.831792310183929,1.7760806935124795,1.133204837740154,1.8284052906530637,1.9123098212571061,1.8850781373822048,1.8368357075498944,1.898826518099965,1.8814072243113162,0.8863511416321902,-0.1806829516302212
794,2.5902754370000634,2.882009756132031,2.802805634336799,2.58021706159212,2.9015328494048784,2.804567868184616,0.5768361050767306,2.5533299997825836,2.847955558895672,2.7644522849869584,2.552730104540055,2.8485489038179823,2.7296047625018582,0.4346092704232726,-1.0546970210829698
795,0.009490155007399229,-0.16547758561981307,-0.16326506015488937,0.024291717054690288,-0.16648815742004622,-0.14434894760675215,2.5299858933109673,-0.08509562022041772,-0.2993184136732148,-0.29498381719314626,-0.09997982555593102,-0.30995884099859294,-0.3155492817089892,2.464827727221951,-0.3744644279419848
796,0.3154257926839274,0.39306283401900693,0.3858572579949946,0.3002442073747299,0.42247174199421283,0.387262911241167,2.0045547047006718,0.40899067939211037,0.5016621930978096,0.4925086292225143,0.4148377961225998,0.49293081178549264,0.484854718101984,1.7201213643713165,0.10520052663935532
797,0.6003985296523795,-0.3859681029805676,-0.37664752880968955,0.6076451773263275,-0.3795543010836833,-0.38841234092965343,2.077584296690087,0.6166149090519869,-0.4175168247939541,-0.40738005028530516,0.6078100140192622,-0.41998024217555835,-0.3958134370500075,1.916133035012003,2.1554612388275944
798,2.4284223108884313,-0.6107838614916792,-0.6125400035919455,2.4495357851449358,-0.6170838375586294,-0.6082970099907872,0.5186597669506724,2.5282837616673954,-0.5606381544831308,-0.5611774621621465,2.4958831848021847,-0.5886358422249789,-0.5437503206597387,0.20881889324502997,3.639156882926153
799,-0.7201317093175784,-0.41818109714779145,-0.40357597962892083,-0.713097287824374,-0.4222222990298327,-0.39367206011982125,2.554285721573447,-0.695908358101189,-0.38241719734746027,-0.36908123501713624,-0.6920284078921121,-0.3732163065083891,-0.39232894121782014,2.3830199467064204,-2.5119504018818866
800,1.0490211768916549,0.6929629066028191,0.6804244222045641,1.0437346576368487,0.7005751693433366,0.7121593345366429,1.388900631669138,1.161243412999786,0.8096069530196743,0.7959791656734652,1.165385351105612,0.8079299026274547,0.7853532511509038,1.1566934842968066,1.1906175583797682
801,3.224190757249786,0.4800069389877427,0.4733529502227652,3.2153174906438595,0.4373961723961841,0.49011671770665255,-0.04140368140510146,3.404441668627971,0.6834157317555426,0.6736758217868758,3.4205565271584804,0.7194897232560412,0.6946061732342024,-0.32695522609300004,3.932528539944229
802,0.602664719591052,0.8072572305447351,0.7973209220406013,0.5958583228517305,0.8133712671446753,0.8088952374969014,1.6101541019934233,0.5192083414649631,0.7420457506845916,0.7341259825552162,0.5087253466342703,0.7267992392015424,0.743082121050341,1.5851485367855846,-1.5937089927175878
803,-0.3723898063903854,-0.8236735987683841,-0.810293808971697,-0.3755254563535194,-0.83472231258331,-0.8174870261003614,1.4267225226326115,-0.27333508981030075,-0.7444934818306708,-0.7320334762323516,-0.27140705310558444,-0.7405593804857544,-0.7222205744449304,1.237253709476499,2.044427530127141
804,-2.4759764302603067,-2.317528836523715,-2.22546685700773,-2.4782103253299237,-2.3098763222975403,-2.2368286204842707,2.6303277625432755,-2.611256307267346,-2.410069218430982,-2.3114966731977082,-2.6053089395446265,-2.4072104369357588,-2.308421926294866,2.7529458870694015,-1.1888922747315722
805,-1.937278156603897,-1.6000743398881945,-1.5284061135385543,-1.9381659373519347,-1.5947435708457482,-1.5311673075144892,2.915715148241436,-2.06934382843855,-1.6962793651317238,-1.6181748970728713,-2.079163750558579,-1.6885312043809264,-1.6163098367138287,2.8684187863099355,-2.1744759779225475
806,-0.3240556328330695,-0.07641515770895911,-0.07521245267840677,-0.2897800590503825,-0.11625840032314866,-0.10324203403657932,2.7469546692405036,-0.563079527604429,-0.2979532238808231,-0.2928517536836311,-0.5739139284199797,-0.2561134336285754,-0.3026113813629922,2.7567078483226,-0.10971732893267681
807,1.4839351064212747,2.0546775374513953,2.038761731468172,1.465954175605235,2.0555708223286775,2.0250010067779196,1.4052168203358089,1.3766029064574739,2.0026342287376497,1.9858193847096584,1.3861173826322946,1.9966523149959965,1.9806415323071016,1.2563196848675955,-1.3345592732715803
808,-2.4165077508867467,-2.2513376898386617,-2.1977010286124807,-2.3891999799951082,-2.2713164351377055,-2.181770392256949,3.8547909993137437,-2.558434750820722,-2.3759346432349524,-2.324707595510084,-2.5465577546620053,-2.3773796471930324,-2.310842027241883,3.91467512188149,-1.7021858820351667
809,1.2348980837212327,-1.0054834786996698,-0.9907899343704226,1.242664110121774,-1.0376641584304804,-0.9814979609048589,1.970193610080268,1.153019109171758,-1.1928669850680806,-1.1722975568092582,1.1425391944650802,-1.1309866563406492,-1.1402947659610283,1.6504335512361703,1.6436015093421987
810,1.5434724023302087,0.026616384120718335,0.025853465926858495,1.55233840974447,0.012273115893730362,0.04057067326196948,0.23317655624514283,1.7025561865415308,0.06996748541257514,0.06797771657709352,1.697911983196637,0.07836248092159771,0.04965669163176311,-0.011196605471721452,2.8844175467189985
811,2.540534016371676,0.555010481571461,0.5512833612115635,2.528126483138718,0.5672691757329148,0.5366526611876055,1.654487110489523,2.4451938787567715,0.13843274064732305,0.13748559048697295,2.462362820922275,0.1531082466744443,0.12805285877458897,1.5098828770407295,2.5244036121198508
812,1.6189546821754017,0.16911967927657376,0.16508752623473877,1.622127420714071,0.15480323388061623,0.1794239396774151,2.0381872137170065,1.728471841199955,0.313415504551896,0.3062394035813609,1.7257203767203548,0.3204699254934234,0.3092230895027415,1.8904468250072326,2.251130658598212
813,0.5017255579381951,0.6564563525354593,0.6408619666593603,0.5086417603042275,0.629247264932508,0.6451898930974033,2.5778682678848166,0.11511999119563565,0.24734865568987055,0.24068463154809938,0.13221944874997277,0.23712348703142969,0.2189963114893028,2.6124631723036598,-0.6729672717932657
814,0.1602577365232545,0.07223375801735786,0.07015131691497982,0.159017220133512,0.08269006459054834,0.06561578179315694,1.8226039741733475,0.109110849160351,-0.0021746563044505907,-0.002107836848621858,0.12397328750003027,0.0009987882232357216,0.030143243471218134,1.6725841911009687,0.46664710298261153
815,1.2710150484450142,0.34706361902907573,0.3390163287555006,1.2781631410928573,0.3370637796015384,0.3099016915458843,1.610781332584444,1.369254656207401,0.4353842241303324,0.4249076602390701,1.356409925087335,0.42538900296906274,0.42396956822647647,1.4144569484877008,1.3091177009926618
816,0.7543419453517415,-0.8135793447006744,-0.7978520413747368,0.7570194939336213,-0.8133703743015884,-0.804350934975616,2.6418317658092647,0.7733006784068005,-0.8100950992218754,-0.7940660756746077,0.7760132488887577,-0.8358606439669841,-0.7964538598229948,2.4501254778648307,1.363090685509688
817,1.0450709656187493,-0.6088455388600835,-0.596973359899274,1.035033813766755,-0.5893548910571522,-0.5890222750664504,2.223462479093687,1.003375642504902,-0.706782373903017,-0.6934582239630112,1.0109214494029015,-0.7122346589249784,-0.6786042207648415,2.2029822202699467,1.3584441550982895
818,0.43546615545998646,-0.23231471696972858,-0.23014257167184518,0.4340418017065105,-0.21785522713857788,-0.22258834910176725,1.6966844217910155,0.45406020945533965,-0.2757255189022184,-0.273111920706713,0.4461153358386153,-0.2603154580647333,-0.3003139581137369,1.578919608858522,1.2494133313129328
819,0.8029792629022691,-1.2634158079586981,-1.2308197944425205,0.8060359159008291,-1.279885379271256,-1.2387853330005254,2.188395523680725,0.9357724184590958,-1.434649159677102,-1.400945541001207,0.9247367853872976,-1.4567999649599221,-1.3608687954245022,1.9371599925234873,2.189292007061184
820,1.169021782184224,-1.012299794759859,-0.9984740424257176,1.1756590907497806,-1.0075007462091907,-0.9996328995141467,1.5625458754836041,1.2474735038725844,-0.9745047341424911,-0.9627866744007655,1.2408343806607662,-0.9788097224554524,-0.9590255186544923,1.4098894013338303,3.933573329818258
821,-0.14981253873085196,-0.2699812806701572,-0.26679304225745076,-0.14652257492570273,-0.23061942643050917,-0.29442320415432693,2.226382009691668,-0.4815732947022594,-0.6777748628246993,-0.6689200053759659,-0.45129013544601987,-0.6778851520981861,-0.6874093390814846,2.1731794649540315,0.3062667161169805
822,1.340820663981492,1.316542331984259,1.2792309255226229,1.3472311203743466,1.3151063408108898,1.2815701861207562,1.6040713592229814,1.5446970550887906,1.5105145685262051,1.4680861660220692,1.5423817689769308,1.4967591247278162,1.4861391098371701,1.093993221448568,0.5694199610969154
823,1.2484386140008468,0.22157673445289106,0.21879997867047846,1.2416613087194568,0.2451196720393814,0.22988700633460643,1.4676553016047469,1.199977980031313,0.048552115679522716,0.04789333814145283,1.2080066498600996,0.029378822753526282,0.06401033637107592,1.3987190450991607,1.6371043446300544
824,-0.5716528214035856,-0.26177876585653886,-0.2541688714247352,-0.5671929041102706,-0.2532305532128726,-0.25819679868000756,2.888213052739657,-0.4652746879207023,-0.14470378321947672,-0.14042475902819113,-0.4690051822238318,-0.13587734706283744,-0.15798987615432514,2.6684394967306955,-0.9875794662895958
825,-0.2719794275245668,-2.28163196029532,-2.209517722274646,-0.2938018556240085,-2.2951513755613675,-2.2458318031872753,1.5558807308298308,0.6843422410397371,-1.522532052001215,-1.47289040366842,0.6439109203340887,-1.554341152579683,-1.4776032513167072,0.8461484931843278,2.843941652439637
826,-1.061870584716781,-1.0047531772831104,-0.9788930219873435,-1.0605651634495583,-1.0226790381052457,-0.9704638787242668,3.1351127419176326,-1.1690152160543463,-1.1238855208525114,-1.0952672418012221,-1.1934101662786536,-1.1186218533778274,-1.109418112699686,3.013512423382577,-0.19053640496940996
827,-1.3221715617003122,-1.7630870008621724,-1.7143477706018988,-1.311138100606789,-1.7547353268156396,-1.7270572266922009,3.2720841701699603,-1.3855431763266164,-1.9184193585297156,-1.8702795210688317,-1.365827043954669,-1.907011203445831,-1.817000738234932,3.165184622533685,0.45135869528340417
828,1.489969685987951,-0.7473856917320962,-0.7277676941151137,1.4933969543662948,-0.7313808671447198,-0.7581458209507694,0.5385268517060144,1.5754532455025267,-0.6937475513231405,-0.6745825789990405,1.5654973309066749,-0.684630550088585,-0.671747524202406,0.3141567788509925,4.325285784011683
829,-1.0094963901674026,-0.6132526391763476,-0.5964699212445536,-1.0087799546733243,-0.6014134704741475,-0.5990403189848915,2.7664417097243126,-0.9408576687510707,-0.4824690886238492,-0.46909052853815514,-0.9435696246148568,-0.47267451816606465,-0.4693158045794203,2.624227980544877,-1.7187868499148
830,0.8752413401390997,-0.4231292114549596,-0.42493235658648815,0.8764055520911447,-0.39336923907038135,-0.4073897912240662,1.9997319235493662,1.080097236258674,-0.30911140386952896,-0.3090577446888313,1.088323443110966,-0.2877904855172156,-0.31277429415118563,1.7783755533376189,1.5551881685309519
831,1.4631870530042133,1.2338948375273224,1.245731340855335,1.46072544737926,1.2241087560478345,1.2508778453968625,1.6481149754197875,1.3518952624427902,1.096199277089616,1.1075861394366953,1.3361746555980205,1.0849038554858152,1.0943670476535612,1.5135407544653359,0.6577277258976294
832,0.994891045580792,0.49382473494881063,0.4857182705557803,0.9872804663267286,0.4848842239157577,0.46992301066271414,1.4709152246131405,0.9163376764492808,0.35166049499216745,0.3454977519713778,0.9049486078341259,0.3346916881427417,0.35273530080594534,1.3529444155242143,1.1816728607771076
833,0.5975493625936111,-0.027562151740777478,-0.02687020939114689,0.5757570673843189,-0.03863680527711212,-0.045407581449614834,1.777781206660733,0.5745944425600428,-0.11643397674330926,-0.11342328434066246,0.5847634201490145,-0.1288463607951782,-0.08701866499015701,1.6513507316621205,1.9046928266879888
834,0.18558065435322907,0.2740745533951828,0.2669365001083427,0.1887268001728708,0.2796884363700396,0.2689595428997195,2.5621986245456423,0.27662956804175515,0.3413840294237275,0.3321204553151323,0.26400497348882734,0.34640561812625864,0.32469432657718655,2.27220455302791,0.24553705246192314
835,0.6356364659308977,0.7756617788680681,0.7435785544374555,0.6332577673795637,0.7924559308120359,0.7481482234732341,0.8979426968808382,0.5646790308763183,0.694696636041375,0.6654664645217735,0.5547050868672548,0.6979237871710393,0.6571183888148299,0.8459601884086572,-0.5729005400379932
836,0.16004542769465518,0.04330377386284551,0.04152844816971333,0.18163416487083578,0.05697951172764699,0.052497742383010096,1.9979607374519204,0.18169472250599739,0.07576515673121745,0.07270585418432114,0.19233104369395043,0.07507542989857596,0.08135026091465043,1.8618170599948707,0.162666949369504
837,-0.17765266245891448,0.8084294496875801,0.7942305220528337,-0.17020822239585331,0.7848056336820018,0.8079088270019177,2.044656850730782,-0.15500237571138914,0.8829753348686293,0.8681267300222242,-0.17222182236735326,0.8682192828261196,0.8736249626191839,1.9611290443205207,-2.323059769685459
838,4.085209596356528,-2.306154637234195,-2.2568367749413367,4.093534054489842,-2.2941468410069907,-2.2613007444534032,0.392646331698226,4.40505599567566,-2.174042317138012,-2.1263804992573716,4.400117770319801,-2.1809935816830084,-2.125703256033279,-0.08895276064250615,5.959813080681305
839,0.2528441623849777,-2.0040489554347847,-1.946632367824332,0.25067718249332505,-1.989177595011955,-1.9734375652992158,1.56721166378442,0.2747155203089693,-2.1659679752264474,-2.0970784340445605,0.276654167889051,-2.173111373083693,-2.0942169016283603,1.4473954525837893,2.161737662310212
840,1.061102262882437,1.1041184280981062,1.0677547259658153,1.0650662019830501,1.0925649171856928,1.0709060604062406,1.8918839318776868,0.7112732146747575,0.8181053150262758,0.7912657329511589,0.7171241704206552,0.8155948314401548,0.7848366194277141,1.8054567428429302,-0.36392481225147877
841,1.546861581004486,0.8948867489293827,0.8823246199468608,1.5752249480693772,0.9097744260313192,0.8453174034894881,1.763269851042993,1.5554920920991409,0.8589627277623867,0.8466472575046533,1.54918030984747,0.8742916012060575,0.8052961613613652,1.6365008468321054,2.1618836061780975
842,2.7390884070605237,2.6161829850536193,2.6175668934824214,2.7647845891363523,2.612443997690635,2.634340234299709,0.4094373897209955,2.9293314717917687,2.8503399552114854,2.848541734615545,2.9636401953772453,2.8567590726834506,2.85168379888682,0.016621478958306336,0.9411815809492783
843,1.839952493266109,2.116431076343111,2.102828166704266,1.820498100439738,2.1415466152624547,2.0902623709223187,1.6770422088467212,1.9112754238278302,2.1857135194505015,2.1694298173587243,1.921596835187958,2.189348948621336,2.176706190551893,1.5291353874420577,-0.4521511391932607
844,1.4064866729370327,1.1752239697859037,1.154660372352064,1.4184090844792374,1.1929375160389006,1.156105790888781,0.6443579179574994,1.517449673724408,1.2611218388938217,1.2398403354502525,1.5087480840911291,1.271992580266536,1.2464923291404542,0.4323137884557761,1.1354675672620123
845,-0.6496670393025894,-0.7210478425164994,-0.7079821267731056,-0.6366034713391606,-0.714679655033185,-0.6929483229243911,2.963545272494261,-0.5418275350481486,-0.614564588768604,-0.6035555926745498,-0.5542616687358675,-0.6047642336006726,-0.5956362487939837,2.7661663231847426,-0.21978270086754337
846,0.5132685090880579,1.0482399584535282,1.0390620560548092,0.5184123531367857,1.054422639888818,1.0580222612338437,3.3744547054422833,0.4453564869137834,1.0278882006329946,1.0179818714354312,0.44209303418373475,1.021233535250405,1.0290359927983945,3.2996427548211162,-1.739692400896789
847,-0.3597223783878058,-0.9065064522752714,-0.8951110523963961,-0.3635306444321227,-0.9039093474165847,-0.884400050553475,1.7091167620662835,-0.23600452261573795,-0.7834612675328548,-0.7721771224436932,-0.25101041854240597,-0.7827529331989719,-0.7717705573643804,1.5520117260464468,-0.07130463067101252
848,1.2982160775325562,1.3559213875975522,1.3179119853861787,1.2961759078592856,1.3447214547187858,1.316857235175389,0.7595754339546675,1.3537881972961543,1.4165993201655662,1.377050660612125,1.339690783575778,1.4015165392879976,1.3768688020580393,0.5828453233686962,-0.38365900498200933
849,-1.1990076524212845,-1.1495786540156576,-1.1242963105407084,-1.1932880038240425,-1.142116294076591,-1.1282071670783835,3.486871280087919,-1.0737214642680801,-1.0190155390787956,-0.9985489770438328,-1.0751087345563752,-1.0319311457987617,-0.9984617297074064,3.338094043469097,-0.47040858781997513
850,0.4300705794853669,0.5789845880666659,0.5650349219793641,0.4307176238842079,0.5712464957947518,0.5639529211303445,2.2945839850186953,0.5672885637525356,0.7057955338550687,0.6876837370176105,0.585994854632645,0.7038154692189438,0.6910319102130458,1.9284647402325414,-0.8085942677596937
851,-0.795257490911327,-0.7709582937586174,-0.7447483324103344,-0.7884582277222263,-0.7654482429130813,-0.7426475109827102,2.37807749309595,-0.8827605203784186,-0.862751768967271,-0.832417473174615,-0.8904466216827912,-0.8678310129912479,-0.8410969407514607,2.3702127499154195,-1.653550852545792
852,0.6001683873813357,-0.22075696695827693,-0.2164675979693589,0.6099683321481065,-0.19651856623549993,-0.2185791052564546,1.805555600464041,0.9124954278167302,0.020662108542519996,0.020262655618588574,0.9272113854250079,0.005089963968039812,0.0017415725002426462,1.4172621127195206,1.5522268624679285
853,1.0294445393528346,-0.3067381951949191,-0.2995169276180235,1.0298694068566283,-0.31951952568039127,-0.3068929977801065,0.8124495370013718,1.1768741768966722,-0.16607216609421305,-0.16220250568334244,1.1679601388822634,-0.17165387855128497,-0.14788703459927877,0.5756590774150034,3.3775408588479587
854,-0.7646933276371872,-2.481023121008772,-2.4532468031787036,-0.7494238338642707,-2.4770342689305496,-2.454914116516326,2.6210363574815823,-0.4595559068404015,-2.4175158719882766,-2.3867819314442476,-0.4862548372956568,-2.4232078298778763,-2.3728557838024686,2.357387854636731,2.6940037883430348
855,-0.13208339123715998,0.0707279156238867,0.07080188119227478,-0.12691355598035006,0.10354571201219227,0.08887831376235299,1.687882529728393,-0.08712557223783318,0.14451431258234834,0.1441197308222911,-0.11454339910090884,0.16358525048996286,0.12930650030396984,1.6034165092964778,-1.2958911012143561
856,-0.3531724690679328,-0.21494028463785006,-0.2120341681825096,-0.3335171386431038,-0.20008341356282047,-0.22688620393700748,2.631992969340714,-0.29567454256380077,-0.1611835434611549,-0.1589902942328877,-0.28699717317001794,-0.15668843324658296,-0.17459339089605147,2.4392651382574115,-0.14971590736762255
857,-1.5984609867947324,-1.7681000842747046,-1.680505126970042,-1.5990274921521188,-1.7702113132987614,-1.6788064281935737,1.985634698533346,-1.4331368121592298,-1.7610440441991106,-1.6782087365135494,-1.4324439396870075,-1.7615587090280709,-1.673982527333807,2.332477016602949,-0.5487117357451948
858,0.7664812448345548,0.24086100939391145,0.23336915751294868,0.7641213035172117,0.24718869001121133,0.2356764409993332,2.1405340313470247,0.7806090651277819,0.2383059030602768,0.23105725531775023,0.78126901345097,0.2510929045422477,0.2365428239245083,1.9668526726181141,1.5613835580061806
859,1.515347831750878,-1.2324611286358678,-1.2143256316957687,1.510549468617445,-1.2475342621190977,-1.1969734684381117,0.682559856366109,1.7434140190586378,-0.8181420571755994,-0.8131712486656155,1.754896170196161,-0.8193964900009406,-0.8243362280472076,0.2525230867449691,3.3609014726450877
860,0.67051627203356,0.6278467626490438,0.6160825759892318,0.674363721835467,0.6511530855434119,0.6165968932494789,1.8054641852909388,0.5206263679510071,0.45445252737846387,0.44479295681325237,0.5069068049012982,0.47004646158187846,0.45895877502337173,1.5614030188760586,0.3626742740477585
861,1.895627616670283,1.1270147302452578,1.1062440146363095,1.8977577577636666,1.123243842987292,1.093881867150042,0.4554532275123944,1.960530750691568,1.0753622013883746,1.0547734667244588,1.967160292618883,1.0794529793889762,1.0591533772547426,0.3347176524242164,3.523814362480842
862,0.2544523963523925,0.5573452518860182,0.5427566341178232,0.26057222329450447,0.5933044359185369,0.5243770662616072,1.4393674772411855,0.29254052618485415,0.6213147431076614,0.6066012197246642,0.2753866358304731,0.6624755481006337,0.6054778644356281,1.2583366407934549,-1.284474360547962
863,-0.10176725757402383,-0.15118782588388857,-0.14968988691480795,-0.10241068465906611,-0.1361661656150381,-0.18328267232750964,2.401285546587613,-0.25592195281799884,-0.3007478971254127,-0.29773412451616355,-0.2835709465850702,-0.2874971601863509,-0.27845362158875375,2.4010377615854916,0.2835834742769679
864,-0.9716237102824002,-0.5076408969728746,-0.4865983009086614,-0.976538360460526,-0.5006835354546295,-0.49006730639154383,2.9303468644917268,-1.1362061399903791,-0.6558143337609321,-0.6284368803531605,-1.1406457230345524,-0.6569592828072147,-0.64166040139896,2.818219731386172,-2.2659502655474664
865,0.13919130339272354,0.09047868860940302,0.08892928513949919,0.13505503089457618,0.07935063588964285,0.08743760881186338,2.0693282361488166,0.035393178681438486,-0.009046674711494765,-0.008847205511760584,0.05178042384347424,-0.013945106127397036,-0.013569458408558768,2.002622822925157,-0.532363933756612
866,0.9291675265075389,0.7139112888830038,0.695233303821884,0.9478187935876031,0.7072470848810664,0.6993174857979614,0.9501835946633573,0.8364631282440933,0.5837278400199017,0.566573509072955,0.8343490297225814,0.6080252740518103,0.5541667186325785,0.9045901555337509,0.9135385030800426
867,-0.028282525021618002,-0.5263378545096012,-0.5115194285478589,-0.023711043004581392,-0.5322850700795123,-0.5246565805046072,2.367632121728242,0.031959494753519134,-0.5166839939045559,-0.5016956476910053,0.022379636388090915,-0.5221256584068917,-0.49513439229755396,2.111658990584412,1.376948961566826
868,2.409530429185085,1.0720899573641678,1.040153160721809,2.3885672246620415,1.0818550605816073,1.050650876717741,0.10955746026812115,2.5087579234979986,1.0744240279772823,1.041802978866798,2.5103336725646215,1.0880784207668281,1.0659693076703942,-0.12315221607639121,2.7835495457100756
869,2.533848653778501,2.469344526870881,2.4414434370895908,2.537612452691221,2.465286277613717,2.4682975349432965,0.6120974986725748,2.617687467700756,2.563317773387819,2.5311101922389874,2.6281629349633593,2.599205524183014,2.5393271235391324,0.3264693548592929,0.005055828663888738
870,-0.9252294550382104,-0.9697349689569563,-0.9625979675616242,-0.9298466082939254,-0.9550546423382772,-0.968565449730918,3.5381891008631023,-1.1346135101413166,-1.1932647867412354,-1.182879266325673,-1.142832974596343,-1.2094990073072285,-1.1931896539596216,3.5763020675416373,-1.6557273054498656
871,2.596015751664965,-1.8655855360477953,-1.8425642675683713,2.6187386289563968,-1.8424640611647143,-1.8315990427655782,0.13470161581710174,2.9090119469407414,-1.9139330722754897,-1.88139530540091,2.9226819417541186,-1.9186100969607478,-1.882727750480789,-0.30922490339898384,5.720943140118375
872,0.9381682859581144,-0.9279560490215434,-0.9075805734868025,0.9420849413189554,-0.921823979083521,-0.9138341896643493,1.67276156083759,0.7472799163080542,-1.4495864594944508,-1.4195405297093853,0.7324244308714891,-1.4503234184385043,-1.4183575003818003,1.534627971277735,2.3604126270182135
873,-1.6413258024743387,-1.8530697938670138,-1.8044658063207717,-1.6381484077176545,-1.8426021286562855,-1.8072136043454468,3.0582977772108855,-1.4487579162043074,-1.6664569569385361,-1.6250899057373807,-1.457395387052221,-1.6849604257138964,-1.618138213345192,2.8843128232680124,-0.8087400426598075
874,-1.1358103194297604,-0.6913594233107434,-0.6747681609332261,-1.1300094922431627,-0.6921918392879576,-0.6682609016580087,3.354363307897021,-1.0959502456452892,-0.6857354175742938,-0.6695163025073098,-1.100237299222924,-0.690679508106563,-0.6882549675085237,3.1455749908037465,-0.4501674301281715
875,0.6414364789750252,0.615841131459695,0.5984178336348986,0.6381725293026259,0.6073270704253765,0.5928484383211844,1.5799916602162989,0.48541163986997826,0.45465809472060126,0.4398239932257238,0.4834432681807018,0.44783465106642373,0.45562428607957306,1.382809321894039,-0.9036864636113441
876,2.450445204301707,1.2854788091284737,1.2574202036178013,2.4539555981339625,1.296446431981334,1.264532578070211,0.39210321375473306,2.5530340590974836,1.3283645516649742,1.3029353913787929,2.553692290018227,1.332752599413053,1.29440521576203,0.20259941264970746,3.271910373568084
877,1.395676332110764,0.017064365287059485,0.016935286483352126,1.4200607671694156,-0.018700743563690246,0.002922262292493035,0.6970730173411495,1.6849876252591105,0.4160521782648977,0.41374343844139494,1.7006783461480186,0.4643469927493087,0.44961605850919534,0.29107074492582474,1.8105621589754584
878,0.9715245577954723,0.666000389103782,0.6416661234103073,0.978736181211573,0.6633981987350576,0.6349408699985197,1.527547598171556,1.0925168866274726,0.8036819880610709,0.7740405729114367,1.094142957863921,0.8021116974210057,0.769259852116315,1.3037371684853976,0.34372494987594
879,0.9990610673713772,1.147164871605848,1.1476931610826193,1.0090664040863315,1.1488297728630013,1.123022879781048,2.2115361713873676,1.139062807242632,1.2925927344180659,1.290460131992624,1.1269469755366155,1.3003135295140003,1.3043308917554608,2.092442021045797,-1.425974382703013
880,6.616417329431901,0.7293268582111807,0.7173500134248364,6.615111069929998,0.7301258507606814,0.7157297215289832,-2.211779383570907,6.729841028259347,0.8457843724371883,0.8307809103829393,6.73838431009067,0.8406973257520197,0.8387988289383089,-2.4067618009170446,7.638562489810182
881,1.4952394976038825,-0.17679126538299111,-0.17160330659403567,1.4910247208453171,-0.1871444023770403,-0.1729252847220371,1.079907812433979,1.5845213014721133,-0.22349920437843274,-0.21733945756921347,1.5793525406289264,-0.2226940456110863,-0.236576937007396,0.8965358698989774,2.8869164011900157
882,-0.09043094798126455,0.6736553892179055,0.6561409480948698,-0.08501807226211212,0.673425473484933,0.6590989277527235,2.5357022149563906,-0.2562328311706801,0.5308545797101584,0.5172354103967413,-0.2639600053980076,0.5090717440527733,0.4936808480675511,2.4603659092002514,-2.403111714100665
883,2.943033170231138,1.4113766630998936,1.3883661933695153,2.9508741541107164,1.4321962117802893,1.367755905072108,0.7467292748367692,2.950886479772498,1.3763692655225623,1.3529462803074708,2.925989899940075,1.3850151735710092,1.3829339590741094,0.6110440194550639,2.527736477617406
884,0.6544927737565951,0.4601482143386585,0.4620810181633738,0.6522829606606384,0.4683814035304856,0.4545758191783286,1.6772492072359635,0.6101051110828051,0.39984006139637684,0.40174075543449406,0.5865819274543925,0.4015497869692856,0.3763268196940495,1.559766682018698,0.6643367356744468
885,0.008054414856460473,-0.3259184801316538,-0.3101073517505887,-1.9064200322379672e-05,-0.3245888723787528,-0.3103535288519619,1.5389823117483437,0.184926564993307,-0.1796992945537061,-0.17124731801404733,0.18953984852225358,-0.1846627671392573,-0.17918518165620723,1.5349406098083629,0.7192196862759662
886,-0.7517908750446836,-0.5768891451995404,-0.5636279736818209,-0.7601625621337773,-0.589946577248046,-0.578059188430731,3.3816887164793252,-0.6111108639636332,-0.41945598707554527,-0.4110204901459182,-0.6430708094058237,-0.4058395437732197,-0.43063528881202523,3.1855004791967865,-0.6624476096999218
887,1.0599496098138679,1.010562959409923,1.0057621767064753,1.0537763669268543,1.0126133772103334,1.0100630918255253,2.5673632559130852,1.0564179801171583,0.9903066372985958,0.9851197578854026,1.0476725309417836,0.996174445414524,0.9874436339072984,2.318820940052809,1.764681732768461
888,-0.3460710090388051,-0.5619508770818472,-0.5508557845968584,-0.34573736300656266,-0.5646131900519897,-0.5469706365068145,2.5971367673996792,-0.3083631630874374,-0.5314463673885357,-0.5203482273160778,-0.3044787016926669,-0.534314228757691,-0.5212136267332788,2.396009215659842,1.0181626632727176
889,-0.1840769281708211,0.007087365568696465,0.00692381773845201,-0.18338309512161555,0.04187323597872103,0.03412223878289392,2.4644349960129657,-0.26553410435667807,-0.04129575112787218,-0.04035196075063024,-0.27543475060957734,-0.06691704589047157,-0.01833813058398524,2.40716399188848,-0.43451245505606767
890,0.5535792049522975,0.3405742701444582,0.32890541189617606,0.542973077508075,0.32842065722215186,0.33922318559734715,1.2488726129213625,0.6343796454337964,0.41395010591158393,0.4005917987702124,0.6418409899746802,0.4237167700934322,0.39162705001544273,1.0799713054292417,1.2185669726377628
891,1.096179739842779,-1.6066408664625966,-1.5676025190116043,1.100077925295909,-1.6071025597079218,-1.5648777620849412,1.2665194564818294,1.2555232450963607,-1.669685825205729,-1.6290517369031923,1.2414614267445119,-1.6716245183801604,-1.6189191246842678,1.0101507639964469,5.02535658864975
892,2.0545334621188958,0.9653791748922835,0.956197318842085,2.067717089208698,0.9565404163968456,0.9557965869405582,0.9422473756370979,2.152437668572233,1.1213824204463434,1.114766016599753,2.2211657288486752,1.1194296420327428,1.0745802068316992,0.6044292314016312,1.8964737445666149
893,1.8474032547017813,1.406658251729157,1.38235536344133,1.8547777233851306,1.414028044841908,1.3821968396676698,0.7558250294132333,1.792211422815836,1.3219594070245628,1.3000084688584292,1.795991494193541,1.3219870979067454,1.3088271020590703,0.6685667750125298,1.0816722277518749
894,1.9906419644311328,-0.536434787647136,-0.5287105827880306,1.9843189969153718,-0.5065719230579342,-0.5157893449293415,0.6542037367773896,1.8427642804294124,-0.9268763437990213,-0.911382444108619,1.8300232226791533,-0.9261472378614929,-0.9421096376786503,0.5329234907394885,2.75890415182159
895,-0.39549865276219437,0.024068007398860836,0.023619452999123478,-0.381401503968505,0.01991858201320774,0.023571268122930727,2.4179753839363176,-0.13801628261706056,0.2898784589482963,0.2842128053577858,-0.1363665404851451,0.29577251317221087,0.2676995329023732,1.922991204222974,-1.5478610147693819
896,2.3841547602029234,1.7571436393756903,1.7380692782798426,2.3819731952905987,1.7659765379274395,1.7417756557548676,0.03338323901137605,2.4126071706325742,1.7626721599185262,1.7436702675844982,2.4049017746084806,1.7614004211507055,1.743743944378748,-0.19036355154177137,2.6178886633575136
897,-1.598626897008099,-1.769228674985096,-1.7157601128531914,-1.5944316935069485,-1.7914570927407472,-1.7262025898318554,2.7403202756354883,-1.9010282881223897,-2.086821783652804,-2.0215522918015147,-1.9181178422945935,-2.1170937351757924,-2.0278257811639464,2.7170625925817653,-1.9548892177335884
898,1.7359119327679478,1.7512730333899422,1.7286773557222526,1.761589475843017,1.7494143770402832,1.7134574394032072,0.7644205906961891,1.8328736990226995,1.8738998896929289,1.846700092869713,1.8117336907236017,1.8757110442003746,1.83276852397056,0.500810929378175,0.20326496383120327
899,-2.068265167720635,-2.7286328958159505,-2.6935771253887837,-2.0741911893206857,-2.717893274402369,-2.6912041147440573,4.518912751693127,-2.036758016772915,-2.716686308047972,-2.6805562281559068,-2.0357426641626444,-2.7180108529548552,-2.6868763562113718,4.3566085394247995,-1.0730383554745655
900,-0.3630096324605589,-0.4164451798435167,-0.4071995692137699,-0.3745463007702791,-0.39771870279532867,-0.41439621899716966,3.5040937617383965,-0.26778129298586184,-0.3149953920434798,-0.3082060201258501,-0.25609436690606097,-0.30790368513225674,-0.31202363819513435,3.2937081047223935,-0.324104928517548
901,-1.4449279370112496,-1.7513058048833066,-1.724103823688341,-1.4438353656181053,-1.7618924186404594,-1.7373871942827748,3.2243361430537476,-1.3377787099809417,-1.6192119018739808,-1.5925465378384738,-1.341371827296892,-1.6326806352839391,-1.5995752360742057,3.0515089242429516,-0.4261664869690693
902,0.644925965485559,0.6517094070543323,0.6416777019249073,0.6496807193947279,0.6402546322760762,0.6289207455127365,2.0329878332369273,0.8813865762592841,0.8932389824189398,0.8799725524329693,0.8843197728825034,0.8970932491742261,0.8961795245127557,1.7473957247666199,-0.5286241188358313
903,4.499326346064695,4.16630515563039,4.064829886138894,4.492253349577338,4.170940373218143,4.066784150820931,-1.4423629288603266,4.407423323240848,4.095231359002485,3.9983832829414077,4.4110884625793005,4.083398042260265,3.9966592446423537,-1.481474533055506,2.1008188261382195
904,0.6221994868469327,-0.2842497563507822,-0.27457892118733496,0.6261519973982556,-0.2847819401666443,-0.25732474775105507,2.4918488171636364,0.6338470164779529,-0.31706183643455027,-0.3062318281481511,0.6263030891850256,-0.3255215278959917,-0.29960678513080824,2.5078928275108128,0.9666315621694679
905,0.9783626898360082,0.08157967801573562,0.07914611003795971,0.9673160492450941,0.07081486225693268,0.07744007882622202,1.794559047246917,0.8456065739664613,-0.10824918820597597,-0.10508182548479376,0.843414013033356,-0.10629975922164454,-0.0834341716037522,1.6733488870877495,1.782050782547777
906,0.6796033419876158,-1.1806096145772105,-1.1545280598306726,0.6824563657813277,-1.1730636248605228,-1.128776917220602,1.1689819668891102,0.8819934516667698,-1.1150669371376483,-1.0904099821208717,0.8756374935267269,-1.103352205649879,-1.0796239075633698,0.8129514193809455,2.603041396469298
907,-0.7401662565774825,-0.5441192963892099,-0.5360529543665296,-0.7419146312373824,-0.5427394696502498,-0.5405349384671774,3.2666710863779733,-1.1703148992567725,-0.9738560477561905,-0.9565100559983586,-1.173878946205552,-0.9361037231638215,-0.9162477322122795,3.2556926704096134,-1.994232882691416
908,0.13440596264154508,0.3220924251585291,0.317142816777125,0.1374749493674361,0.30482068377519744,0.31425062538895354,2.505853041012106,-0.023540674905947516,0.15985746349540475,0.15679315275644273,-0.010571597631083443,0.1767763991926167,0.15602691022446596,2.4079942357210355,-0.9345915684581667
909,-0.511376546035186,-0.4554028123436894,-0.446264061897797,-0.5044775075571851,-0.445365770317528,-0.4346861312109073,2.582876690361311,-0.17847515692924557,-0.09114305033540988,-0.08937139295787316,-0.19546028514572966,-0.08510541945504052,-0.07717280418323372,2.1464109934333853,-0.6026762278677172
910,2.8941597160702677,-0.3729271501590857,-0.3625654174641819,2.898499875648106,-0.3688750280529714,-0.3506417305764011,0.23215878749559588,3.0344604216619593,-0.2985099781243022,-0.28990740744547594,3.0280608026088047,-0.30912563002601057,-0.28120870506524226,-0.09464294647116593,3.8443728936180825
911,0.7114514054729916,0.24550519912006408,0.24063149570124354,0.7136557599447788,0.2677551808751141,0.23973131678267356,1.386849949403571,0.6962451805859016,0.18978004714480914,0.18612679536159374,0.7101165006090766,0.1923741661424361,0.18008154328563566,1.3166134755348713,0.8171424750002726
912,0.5883419770212878,-1.8984945273331573,-1.8347425246002347,0.5940804435515401,-1.8986119871128315,-1.8293421987556857,1.7414478900630659,0.6103414810687444,-2.0528715612253836,-1.983652775905813,0.6263795455592926,-2.0700981548730697,-1.9598855554271055,1.5948833110324796,2.6527527300658154
913,0.8780576616353888,0.054541023810118196,0.05339938956511248,0.8847006407929787,0.053202743526283715,0.061196149651707187,2.0756153982193606,1.1501927860702839,0.36941438610098876,0.3614630664645755,1.1482484784638536,0.36599738260185755,0.3482725339451253,1.7775005854618695,0.8950550492921592
914,0.26594091212415605,0.0002670020590475101,0.00025855258524007987,0.28462653652612724,0.028784711986916886,-0.009376078451103716,2.405391860943176,0.5569126947656554,0.23731590509799447,0.22995696918619601,0.531268583975919,0.24372986949503164,0.22283924854864018,2.033466592112303,0.6311183951480851
915,1.1633475247383274,0.47559800117685885,0.47143321812845507,1.154483942152736,0.47904022174329963,0.47533315639734974,1.6121471110588095,1.1950485758186056,0.4819359479355868,0.4778754174372006,1.205746631804444,0.47997485487561015,0.46843316322410233,1.4507999813551917,2.112131122908637
916,1.7386958428112256,1.3560995281079151,1.3268927374689188,1.7166034157164816,1.3594829580247123,1.305082105146202,0.9551903257666448,1.7624833358122933,1.3098765729943447,1.2787710866329296,1.7664216827367545,1.349706779115591,1.3082319122473567,0.7073289698664557,1.2233913803781764
917,-0.9719659025449001,-2.25196215254232,-2.186806516423863,-0.960380403690198,-2.2556027093973503,-2.1729488400974057,2.7233656302478035,-0.9024550535553738,-2.2489729574115067,-2.1850881237250537,-0.9023012631931213,-2.258340829485759,-2.1843504219947105,2.571168425206066,1.138204029324583
918,2.7177486565464113,1.43115692588288,1.3994969005172448,2.699181998904546,1.412850451102617,1.4062743037257397,-0.20599023192899685,2.7805186589282784,1.485553603738502,1.451889668736834,2.7878351010829427,1.4987136585772423,1.4403011018326843,-0.41855311780659604,3.8444915970225075
919,1.8620421262010325,1.9021129300931154,1.8578445752577972,1.8716696126030488,1.8997441027052406,1.8562564110075097,0.9768153482890508,1.8557342624493638,1.8987889212111415,1.8559530897468512,1.855778018884337,1.894828768532264,1.8675139205681168,0.6854032049330054,-0.6882232524740816
920,2.0099690674832087,1.7118785814917394,1.6834915461558866,2.0086298171735697,1.7068891152279408,1.6754541294606704,2.5641373910007905,2.104657018813118,1.889971497243471,1.8570101442415323,2.1100995212228675,1.8821295820845612,1.842875337627881,2.2290294606136922,0.9876260010945335
921,2.9378660027483,1.3576647366518488,1.332058532588464,2.933193844216938,1.3551190491520002,1.3260243006618506,0.22869425602835838,2.923119437382531,1.3043173496903466,1.2791009674301987,2.9103896633793473,1.3010779320950268,1.281078806427202,0.055565144000234865,2.67903682054416
922,0.6640766388873081,-0.19089401445768572,-0.1862398143348634,0.6641174711681478,-0.19609860226758508,-0.16918552237411688,1.942497416524652,0.7883058832224891,-0.09648260881450788,-0.09402094119341102,0.7952046693983116,-0.08168766520097301,-0.09309764285475224,1.7843233581544895,1.5275535004022822
923,3.340109692147149,1.9992252725628383,1.9849001079459974,3.3434536138873447,2.002888940163708,1.9988931316404113,0.31525431481130906,3.395660017170495,2.0865298000247803,2.0667346783012888,3.395768583118772,2.0995479011985196,2.063117074736309,0.0899733336916185,2.8212824583174103
924,-1.551106256208574,-1.322507379756608,-1.2925965358717162,-1.51491403356543,-1.3556032652163241,-1.3372022002174544,2.99858576242696,-1.6044022819614348,-1.3814051930793934,-1.3504996876766464,-1.580250190354795,-1.4037822004595963,-1.3131196389763822,2.8904032256512346,-0.9579374708865879
925,-2.094192571952524,-1.7906698880098975,-1.7553330481565736,-2.0923821349366043,-1.800299229834172,-1.7593595333847387,4.001025222653274,-2.010944852244319,-1.6684260730012548,-1.635722988878222,-2.0025184936971616,-1.6635135025756524,-1.6429502230781168,3.8126600171928864,-0.8789003332271804
926,1.352554349269494,1.406641825154574,1.4081830644075193,1.3484278140875015,1.402939313781099,1.4128070920049236,0.9705291105827941,1.2037871951900494,1.2651447027112876,1.266219246372506,1.2028034758087245,1.2624248091691732,1.258178436585447,1.015806856805314,-1.0627443975341533
927,-0.8767268947832827,-1.3600240672377528,-1.3255502960680776,-0.8758384180770938,-1.3867755071722356,-1.315555924282829,2.2702489547399183,-0.743730383439404,-1.2484429294390185,-1.2116917308342243,-0.7392376941960066,-1.2441398811632174,-1.1984482342913836,2.042288897156898,0.4938709979983514
928,0.8536390490296065,-0.46524085164975193,-0.45918586476585194,0.8760211865463499,-0.48561619829546127,-0.41083722292096375,1.5856405233505872,1.1459893023571062,-0.15321941859801538,-0.1511408120045209,1.1383492935483748,-0.1382350873729665,-0.16727886644544518,1.129084264585569,1.7267274759325117
929,-0.40529501844629306,-0.4791794443982778,-0.4676123678876012,-0.4166188771380315,-0.4727161906382941,-0.462822569214257,1.9920204243616288,-0.274108734022362,-0.35012390038664665,-0.3413861420810541,-0.2701693869110493,-0.3635786531703949,-0.34101579640994756,1.7239826187042342,-0.23896750901397718
930,0.17495619918169705,0.23386691279927727,0.22684764841820465,0.1701203565711198,0.21784622109337398,0.2231463584003865,1.5268217458716433,0.11971669903075967,0.20118447223138133,0.19496315483333412,0.11015154733834044,0.2030256955164689,0.18232764081028263,1.462616551148241,-0.5402241448743242
931,0.6624883010612981,0.7673668655569326,0.7709123568645131,0.6606725434852518,0.7658799175076335,0.7730067088787395,2.43982737728227,0.602825746026934,0.7128696174831969,0.7160887063895622,0.6161709422078883,0.7045769344720737,0.7131845171478156,2.3481440441163324,-1.3729611699912785
932,2.0855451851935896,1.352854485168629,1.3273490370877556,2.06802789691017,1.376106470503731,1.3175427292255018,0.7630912563481466,1.9321629341493114,1.110720906382165,1.090274972188593,1.9393864317856477,1.14399352719533,1.104667286049949,0.6850648706310956,1.3857629619132101
933,-0.27942968392685186,-0.8203358680137322,-0.8148181565576246,-0.28734272552076773,-0.8350961738645148,-0.8183305367562456,2.6429794764615306,-0.3230516057658851,-0.9499383765549436,-0.9417024888409128,-0.32467668158648305,-0.9665698242239028,-0.940136707089762,2.8571553406701153,0.7676146443303703
934,0.9986548207055901,0.2737587848831896,0.268790581131967,1.010756128729102,0.29985750360077956,0.2597953907056357,1.6690322718058894,0.8448679817465568,0.048636974698056126,0.04803125351900812,0.836978229929897,0.02459715630071487,0.03344506205665937,1.4922789494634732,0.8880293104522904
935,0.7753915320963165,0.8966284392443824,0.8791002846899404,0.7862059805457355,0.8951516583668777,0.876347284887553,2.142944360238719,0.6640814227087466,0.8158829085176889,0.7997954083803006,0.6729789480180729,0.8211179320889624,0.7924755852991522,2.0190245594879297,-0.2308407550506159
936,3.3459974144268556,1.5125999709225184,1.485923514147985,3.3529026804223445,1.524709281526942,1.4942317620504233,-0.04642666681983699,3.3219457990416363,1.472022929286852,1.4446052580990585,3.3278389799170474,1.4728630697267027,1.4278289912189972,-0.24948975573528087,3.1507114099522475
937,-0.9676248635233888,-0.7604021190034512,-0.7439540107121781,-0.9549245148609272,-0.7657205602049597,-0.7382406835537692,3.28035028156115,-0.98773067035049,-0.7666937533366123,-0.7503165774137734,-0.9594884937233432,-0.7647366829665431,-0.7511674850657826,3.1327515757566435,-1.2370026578671556
938,2.178082665552452,1.0011786637695872,0.9851688985416397,2.172555761287321,0.99911802198944,0.9593458378248538,1.5191913946868874,2.070202439303165,0.7316599633181456,0.7210308518927523,2.066116081906612,0.7043275292711441,0.7339100392109539,1.3783989099298033,2.244562233773474
939,-0.7787140451814141,-0.5300057233020025,-0.5072748759435705,-0.7776327223311638,-0.5249147676185565,-0.4954248177007538,2.8331661497133815,-0.7496859371115012,-0.4663650756351224,-0.4460366245381373,-0.7453778486798686,-0.47063307405441873,-0.4528563665412806,2.718484114815275,-3.4564040222591537
940,-0.32900335920018076,-0.5237776523495065,-0.5193930147475299,-0.31134103571588045,-0.5659587054532607,-0.537495113212613,2.1513456772356654,-0.21023249723145176,-0.39999851437738265,-0.39739812955363996,-0.19692842205000036,-0.4045968443712161,-0.41158707906293135,1.9577831380725061,0.18285644386115338
941,-0.8058498008229464,-0.4652718918437426,-0.45994573105359987,-0.8146604141521803,-0.4774862658117031,-0.461945055734312,2.702486404623255,-0.5752506672315421,-0.22222191836522914,-0.21888193885138166,-0.5631271380326337,-0.23565483623263875,-0.23339825859844726,2.3832265381081164,-1.1101354143174855
942,0.20393964248606075,0.3747511253325112,0.3699979645828086,0.21896341978370384,0.3670830956506029,0.37765172944045444,2.3412167662425794,0.17994562104171657,0.3754667301488005,0.37063840328409087,0.1706631042368121,0.37657363454864806,0.36817847830509076,2.2513129789697985,-1.2460717047235934
943,2.8277573828044775,2.0377399293990948,1.9871345505095224,2.835169166505244,2.0306470434692216,1.998454921809534,0.7097516125864562,2.9934942364121557,2.1551857839517106,2.101588315487758,2.975053897193727,2.1586850517942406,2.1020085926647516,0.5417627120740117,1.5181155109190254
944,4.40662055858296,1.398913949427094,1.3776723901857373,4.3958066709645145,1.399309871568354,1.359437702395143,-1.0929092229438366,4.509214074996772,1.3218605506470242,1.2997036095203067,4.523741917758247,1.3163953694626234,1.2824751952751121,-1.3241199643611543,4.226650190184285
945,2.3919134520554652,0.2402715055603306,0.23451630113708236,2.3973801640978945,0.24330642786717435,0.24604708692529115,0.04468709858875052,2.628615709742107,0.4969330911995255,0.48356737755563667,2.616352072796976,0.5076363134788795,0.48628432551582884,-0.36610750325105335,3.7608002234181703
946,0.318048748997359,-0.35714323295617334,-0.34828430019683987,0.31947409770687246,-0.34078008251506486,-0.3712163091749162,2.9789876739647108,0.5763130329269014,-0.014923316466090452,-0.014541877919482431,0.5833646975587178,0.001488661522356787,-0.012246604445744755,2.588850953109188,1.1481088172766931
947,1.5945067900327448,0.7342496037569344,0.7365904764788054,1.5895596580434257,0.7298801535879572,0.7387807585403974,1.3921617897879466,1.6391577310479133,0.7590296795995791,0.7630561005833588,1.6371059895626794,0.7709566208719862,0.7649752275868675,1.300254371295143,2.800309569571662
948,0.15886164771847822,-0.8708165120190984,-0.8379950309576737,0.14028072978548192,-0.8793947072255408,-0.8615478073313423,2.4466293556474605,0.018695772379541026,-1.106826836497495,-1.0639767391512904,-0.009857480128577371,-1.0866744326659232,-1.0849866199548794,2.3426038303167878,1.6189901614014455
949,3.9275413337799567,0.9844404162249958,0.9821740234009685,3.927037670671013,0.9889010846337684,0.9863576150778915,-0.9127768895272376,3.802875561335433,0.4454031763805857,0.44439803604339984,3.8017344019934134,0.44596645264047574,0.4491792820240672,-0.9379818251343663,4.646650579634042
950,1.211378092149187,0.961934048777589,0.9539542066657245,1.1921167532295154,0.95423468105002,0.9570977820898395,2.2953765158209025,1.2373728651419127,0.9742581959929414,0.9649352439029875,1.2266560913278848,0.9460094040018733,0.9655032638863431,2.0124584739745695,1.1022393392856775
951,1.6844955736857983,0.7597262860637282,0.7353278458891207,1.6934123837379593,0.7734367893015158,0.7177223233629315,0.412605916260216,1.749576544451718,0.76248998950274,0.7376970264665417,1.776806570842198,0.7634293139872421,0.784050226714377,0.1628880637184699,2.6731720412082023
952,0.8665281743601683,0.6512936554926746,0.6319441443775466,0.8732105136818447,0.6484945769752871,0.6313222154798948,1.457165180621364,0.7913031283893556,0.553319826396227,0.5369226202161509,0.7909375377663278,0.5534795691283021,0.5425835761963654,1.3603267494579274,0.6557321405794306
953,-1.5070238944096326,-1.6498961266722747,-1.6084382934117893,-1.4931788368020282,-1.6556867695491644,-1.6026220040268642,2.6281009705375102,-1.1957222248068207,-1.4962082087745057,-1.4524894145318472,-1.2046607603122113,-1.4949110779319226,-1.441801420565231,2.3270097088307584,1.0761290412893123
954,0.04650060557071575,-0.035529508672728104,-0.03483813425106218,0.05849781480673513,-0.029459512517981384,-0.032405620682522035,2.4767113115605888,0.2267924143352912,0.17382976232900046,0.17041240248644565,0.23227439424421503,0.15237603444730372,0.1861717304425629,2.1892928354431063,-0.1315843049080513
955,-0.20057422997333138,-0.047353489010079935,-0.04625514959799112,-0.214369373781359,-0.05723560969571451,-0.041821759191200104,2.1779218512225924,-0.00566721135995854,0.15687310613429734,0.1539457213176368,-0.013568702363751392,0.14373400822962046,0.18205940059993878,1.9300001523923414,-1.700385714880715
956,0.9326041034791811,1.0550643953524574,1.024307898515463,0.9321647005895761,1.0622011701305527,1.022632605459698,0.5098388928835662,0.40117438750715834,0.6065829086685608,0.5881637345077889,0.4085769993421823,0.5899827007898752,0.6111969295817542,0.8807430453336123,-1.7475569614672086
957,0.5752580250001403,0.18331580332781752,0.17846302785979082,0.5693897895923061,0.2000539152677846,0.1778376104813578,1.650658461678084,0.8654903726663515,0.47348120390360837,0.46094915385817536,0.888693369968125,0.4700691134466008,0.46538047453118436,1.251860220394528,0.9621049520617133
958,-0.84622928996532,-1.117412519687161,-1.0933796225841532,-0.8612189032214497,-1.1193532707540221,-1.0897014676432613,2.8254528008541246,-0.7618019458742532,-1.0474833645497452,-1.0241205316199504,-0.7563553944801442,-1.056790300802436,-1.0249115051944624,2.5561164029270884,1.1614356500285086
959,0.03294597470780634,0.030226390887797636,0.02957152907299581,0.007707192404185913,0.013939969373936056,0.03476963964033864,2.6017109160463905,0.19280496732408334,0.1766607615310314,0.173024252175572,0.19568652614125737,0.1804539544112014,0.17405560991834546,2.3653366593036127,-0.06760795780580643
960,0.12780178709904966,0.09997739351551202,0.09748548531928443,0.13135884117873023,0.09944195893978644,0.09327754769111968,1.6296854886906724,-0.0821420810422544,-0.14449289932102516,-0.14130894605215874,-0.10315946611360445,-0.09604074592799003,-0.17584741220126648,1.7155118540261656,0.08375745991519204
961,0.9599843106694391,-0.42724423057204625,-0.41472958746171024,0.9562864013476512,-0.4265807323769826,-0.41454863662075403,1.2637291626951455,1.0312786307368291,-0.4192332013085762,-0.406982452865057,1.0322230529457326,-0.41505346547728983,-0.41411533709755866,1.1757819956122637,5.099986266427162
962,0.7039000947461047,1.0470359639244429,1.0276721516161298,0.7239994052025969,1.0332706491427492,1.0478481037352696,1.321527621823593,0.6225652336289977,0.9949799457575258,0.9771348883718397,0.6414677927941987,1.0119438373659215,0.9989763306629891,1.1341943790119848,-1.4330278171349973
963,1.4637376078036655,1.271045708905593,1.2474848197778343,1.4685603993382164,1.2675736020505126,1.2473856343867606,1.7850942592912962,1.4965854272024115,1.2679574340193223,1.2422719771564432,1.502340674471675,1.2718625709629783,1.2298931077894106,1.5354470442979078,1.2518670036478583
964,0.8057430678081896,-0.5272698318554282,-0.508503386631627,0.7988660681870261,-0.5430080239218001,-0.49843054748116555,2.1359966428903276,0.9215765753959477,-0.7211459283251989,-0.6976146867077427,0.9286434174548209,-0.7181514778945254,-0.7078887595872417,1.8941242534082678,1.6151308779884552
965,0.09711988762098317,-1.0403918909330205,-1.0330113288902913,0.09738092736393544,-1.0335630609192201,-1.0468133301878948,2.3483180993386266,-0.0007133948103955957,-1.2086077071004415,-1.1983418147019111,0.00951619124202726,-1.204530423627747,-1.2022182704625894,2.4298600614800017,0.06691458748188453
966,2.661780420233602,0.057613037508730924,0.0565397466172805,2.6602313851973736,0.05103826519107121,0.0636588050552808,0.26036700407163516,2.667380722339275,0.06234583238626298,0.06099841369757067,2.6818909003548375,0.06585085394023323,0.0716724477214857,0.07833215740379139,3.7495091871067
967,1.3005678782730166,1.3862716335884278,1.3588263782524876,1.2897009069243253,1.3850246717318717,1.3508382372384673,1.2054182808154572,1.3346258083441753,1.4212835135018127,1.3926585819653727,1.3308775660514054,1.424024878101603,1.3973884781602137,1.0290070791484016,-1.3426768179581454
968,0.8062790393330802,0.21756014467142099,0.21058183298837602,0.8004059399633171,0.23338270329789987,0.21986969712483986,1.636748575855663,0.7370343913705049,0.1256928239855319,0.12161709908051554,0.7385892169560242,0.13003064071318726,0.1299633034226413,1.5268215316503841,1.1546605251547377
969,0.9751477319503081,0.9905615210409505,0.9650517016496842,0.9789764827622123,0.9821344192876306,0.9777718024336415,2.8772459902218404,1.0009126319285422,1.0164210743051605,0.9905310089108988,1.0284284564141704,1.0070552910541186,0.9929508077775974,2.6646983294334903,-0.20606144691069167
970,1.1666243324599006,-0.5779543776791933,-0.5673302720085358,1.1760656606274396,-0.5788739574767798,-0.5722959205214021,1.7749160367722685,1.2625044289994065,-0.5199266193086051,-0.5094255713053226,1.2895223186896094,-0.5176020965116311,-0.4669410553093007,1.5312369010687197,2.013385919793916
971,1.7960900910290414,0.5544688739899652,0.54068607938249,1.8002175805347733,0.5639263832946448,0.542811443434891,0.2428315574171825,2.026870253061443,0.6758972668193055,0.6587758295327321,2.022049953706344,0.6770382315596949,0.6585858544544132,-0.08898475344762331,4.5893400268535265
972,0.16912226989874582,0.13265024979490975,0.13368498732493855,0.17473248064153182,0.13486051445908315,0.1362154284601772,2.188393466119091,0.13764221215168532,0.09881595725083633,0.09951098032078672,0.13548466395808081,0.0898360386674589,0.09633512508460759,1.936089039396413,-0.05689484025371442
973,-0.2621142600327089,-0.18681186973601455,-0.18307032247885333,-0.2844132908669292,-0.18823829612610296,-0.15362068701512466,2.7908341509567363,-0.1669499393189611,-0.0913100581472986,-0.08995725682726723,-0.16870125247857354,-0.08674541659224952,-0.08679726055737137,2.51235877611178,-0.279785774915887
974,-0.9653196885761934,-0.9824141857231063,-0.9517389266299201,-0.9576157184794318,-0.9910962606415009,-0.935993744883459,3.3076454108554008,-0.886426828612504,-0.8855603762621382,-0.8571508994557588,-0.8873729845463894,-0.8687220833880903,-0.844115297846528,3.1664260652367506,-0.5986499040797123
975,0.7940990710257553,0.19440393897614278,0.19023454288812267,0.8031991325264398,0.2013164467195131,0.19267633978156878,1.7100576478602547,0.8528397776397564,0.2215014001099957,0.21666828700489066,0.8462423496201816,0.22016245952158156,0.22598630066491449,1.5183613956134014,1.6917920623337692
976,1.8094623198941673,1.5485202837714689,1.5038216057315024,1.799665962304781,1.5531091125855627,1.5179807191499064,0.3396902378685539,1.9106671502518529,1.6485380484985743,1.6035346512346786,1.904492088630184,1.6492887422610423,1.6114892782119374,0.11653884101640168,1.1849407743029263
977,1.1625600039056396,1.2813650635258147,1.2504941384873793,1.1700178299369715,1.2856572377849955,1.2516693938842107,1.1094227436021953,1.2373967642472403,1.3707147662356363,1.3377891581876764,1.2351315601397967,1.3798685357827658,1.3213758076123192,0.8993070835541395,-0.16509955124613318
978,1.6703646442576938,0.24043209927773507,0.2367922230987564,1.668395846982714,0.2559384560541603,0.24168632056558828,0.9322517711200263,1.668362118765274,0.20615734126687452,0.2028099329254266,1.6756902168895131,0.20946151236179514,0.21982214023670835,0.7697716149137682,2.8804394289155066
979,1.4339210951130719,-0.27840095133267495,-0.27703729115538095,1.4146704768087919,-0.26151138266883744,-0.2997517979557125,1.4521331888165745,1.5212304844205586,-0.3526379807655253,-0.3509984065163199,1.5160107830138088,-0.3856710728655696,-0.34792495688214087,1.1768924461658858,2.0660719162177403
980,0.44717210654724343,0.5122498288840591,0.5078320788993161,0.44820541627961463,0.49508748081447573,0.520442199035205,1.9814797137854299,0.29383798857352017,0.3600152703212924,0.35741565175049755,0.2817534675962033,0.3876812871565899,0.3763365731976246,1.9360039859233018,-1.048641798012622
981,1.9330287288669823,0.9560788478329083,0.9455453739713292,1.9413450072701144,0.9585855936866151,0.9505776713693598,0.6165656459363722,2.0072569949900734,1.0145899822633029,1.001998534186215,2.005005412498559,1.0324903925273416,0.9958947188942479,0.462648884398408,3.1378090686847466
982,4.2090397320122195,1.0039525108928093,0.9826632366216527,4.2077964793772304,0.9889481436513092,0.9948188932002663,-0.036502344483302904,4.258738198280476,1.0416238371133744,1.0185283797735132,4.262512847028479,1.037137033772926,1.0346072290571786,-0.2636602003809932,4.850885409407713
983,2.0914656397259948,1.3762056148349586,1.347891000963925,2.1028247889844427,1.3737357439944025,1.334766891329357,0.3328385461168082,1.960073874378055,1.1662734735364468,1.1441131578929304,1.9528173084340645,1.1726645303846668,1.1634893001272657,0.2592333788866988,1.802121082279021
984,2.4746113878226996,0.8362536929171772,0.8185240024802507,2.462695119014539,0.8507156570109287,0.8096183865866576,-0.09209922926256366,2.46517340755406,0.7508481442229066,0.734351926891046,2.481454863014575,0.7677740782590468,0.725752092505718,-0.17508109471131308,2.8971104738781603
985,0.9059493277798529,1.0307530731524148,1.0017084040041448,0.9031452658825925,1.0169801624801185,1.0033652671388802,1.612363713943853,0.7867280608313744,0.9281133914977858,0.902575091826896,0.7915295770139555,0.9185715430301706,0.890028769366004,1.6072790166245408,-0.9127948791684173
986,2.4076424839860144,-0.4001489845435859,-0.385406054498882,2.4074836932825256,-0.39062771373380917,-0.3653265283838666,1.00357938405893,2.681119079770687,-0.16823723494041068,-0.16272060964268265,2.6796563294326154,-0.1922341715990391,-0.18974150789898725,0.6736847318455186,4.00558342905358
987,-0.148062850146651,-0.3290251040873271,-0.3243053931638597,-0.15655876851292985,-0.3402661615172964,-0.35194699818915254,2.2217512275579447,-0.013755010917437442,-0.24863510815426457,-0.24492559146001447,-0.0405122196327826,-0.27193762069380123,-0.2528658789196559,1.8005664772292456,0.3694670693646187
988,-0.30633653660493493,-0.5459267047563026,-0.541309551866299,-0.3040324657223826,-0.5368473579207684,-0.528466321686512,2.2712684944378374,-0.07641657546415828,-0.2673633936687829,-0.2653093310835074,-0.06795225201175319,-0.2742456518922674,-0.24874787883444466,1.8576431444505956,0.027508498227332173
989,-0.9250850890415321,-0.6119875720824749,-0.5926109295573158,-0.9309434520567976,-0.6312822768683166,-0.5983543938523886,2.4092758197188036,-0.9630217501773329,-0.6130792494252222,-0.5942439926889448,-0.9606306795707227,-0.6238641578081057,-0.5966434655649616,2.3224673248391134,-0.4686379504653258
990,0.24931373735721776,0.3760618963874871,0.36647106342910474,0.2716805416884332,0.4042342859506631,0.3829209817560498,1.6274398128095668,0.29547681469344395,0.4337834771187893,0.4228069522579651,0.32701604612260854,0.39763836493701543,0.44254506173221153,1.446210179034134,-0.3882640843228695
991,1.6515897773386645,1.1130610436637307,1.0857193801976883,1.6628934775814432,1.1162807506148171,1.087839577985288,1.0281579811416128,1.5427185104644556,0.9840037940396995,0.9583429929756226,1.5330236958059837,0.9750676927702315,0.9779097901225179,0.9089059549061993,1.2946796913184224
992,1.0413480518035076,-0.2390838857929676,-0.23374225495651804,1.0364308147319161,-0.22968787495759524,-0.23798289529667097,1.3941103097378924,1.0819654084416952,-0.285537733224742,-0.27881396640016654,1.0950186280695935,-0.28409064494826375,-0.28819321126122377,1.2702106013814438,2.027326087887195
993,2.8427739313985954,-1.354413350340833,-1.3277094260313167,2.837359728716702,-1.3533565392089355,-1.2992515055985059,-0.27160136282579234,3.0751484758069654,-1.1880529247565634,-1.1664261718330284,3.0671484087006924,-1.225210384191805,-1.1645706587327773,-0.5889203240796237,4.344422530033422
994,-0.3975632619927167,-0.6476178499575403,-0.6281327923928411,-0.38931390414955375,-0.659133140164849,-0.6520268728320932,1.8624270383214874,-0.6900654507223725,-1.014688932937132,-0.9835200870137533,-0.6907305728517852,-1.0178461575467912,-0.9656012041369514,1.8630134862065437,0.9000020282180071
995,-0.07742922273387413,-1.1584513007454482,-1.1137862904999518,-0.07759172482420763,-1.1581456063607554,-1.113225657731752,2.835407212597292,0.05206795483268056,-1.0524241032212844,-1.0114609583521348,0.051617058724213065,-1.0489272133950394,-1.0138972514267006,2.7454223247583744,1.2944177948873121
996,1.7474765827989514,0.8632303090505664,0.8543308408694142,1.7499749580806225,0.8763908176083555,0.8543368117415205,1.5765125797545234,2.1677623156031114,1.1769197632918091,1.1605983344897952,2.142027010486642,1.1693209388931367,1.1496191048268896,1.1673886148554264,2.4267029778614737
997,1.5843145095695053,1.2942080286286453,1.2763036849810172,1.5785754844347857,1.3177240166706807,1.2844277489298876,2.3426477451376506,1.6544593104790837,1.3949023545892023,1.3776952937618019,1.6604792146763399,1.3955425151010852,1.3885555451521678,2.167852216815003,0.09446651693387773
998,-0.8492409727992914,-0.9903958338692247,-0.9637888334107305,-0.82710697815603,-1.0002762380827117,-0.9510850531955838,2.981954239282254,-0.9813161747522356,-1.1663389331790681,-1.1304904313484614,-1.001544961354979,-1.1548563484337346,-1.1446157547902116,2.8839477594198395,-0.04471780264568212
999,0.10594134262197061,-0.7562250560243879,-0.7487935498701687,0.12656347598108075,-0.7820458814853893,-0.7737332681585898,2.3790260686727,0.15971241112550397,-0.7387959370109446,-0.7307506464198261,0.1511773047909919,-0.7255183051649763,-0.732750139286451,2.092310150118633,1.072494182676763
1000,0.32042735083139773,-0.25625268423792485,-0.24675768790557373,0.31732823830354395,-0.24803757868054338,-0.24104872511117725,1.4693755733170881,0.47756492812013424,-0.17897544458293171,-0.17269113635205524,0.48531050761655814,-0.1675974750742168,-0.18566710915588872,1.3467953231408438,1.2454803519707967
1001,3.3644856067053674,1.0671408492991983,1.0459957424276034,3.369414044335015,1.0594715309603298,1.058372269566223,0.6691514280092514,3.410334648920878,1.094345345875826,1.0707649659680911,3.3977075222051254,1.0893562609828775,1.0927776596690557,0.3997728761937413,4.000900446626113
1002,0.7228072049176006,-1.2987282608952404,-1.2563639410792558,0.7191200614259353,-1.302780708841393,-1.2635821840880546,2.536130357912455,1.0167938833044132,-1.2449717183588787,-1.2100730708583671,1.0114010847306805,-1.2487642806248118,-1.2072240686823803,2.370226748347827,1.9111102143959515
1003,0.6622572812033186,-1.5344797146188027,-1.5045503900355117,0.636879969110428,-1.5366539613517332,-1.5042178958666934,2.426004570090124,0.6957867768375259,-1.5462921741075037,-1.51581994813323,0.697696013335751,-1.5363797708318598,-1.5207780054993028,2.209683594750552,2.022536665683904
1004,0.7095718983070114,-0.33993987498386596,-0.33137071253613437,0.7012841447171759,-0.332758855766292,-0.32226739233138424,1.8628977562911546,0.8857726941882025,-0.1284736803102945,-0.12525002561531245,0.8739893629035387,-0.12521280259099146,-0.1319950693994432,1.591956941457849,1.6228289074461004
1005,2.1693676063830343,2.0684862245794773,2.0268495594002727,2.1769770524505323,2.049552384600198,2.0237247207356206,-0.1678690790761679,2.1762004836866695,2.0637957718608613,2.019767442166267,2.173780936096115,2.0703878101941813,2.0211399897554756,-0.27504880145362826,1.203494860701711
1006,5.0292423553682974,-0.03572612385554175,-0.03486790854142229,5.028655315304641,-0.03394495846164248,-0.01650892420225023,0.1585352821571181,5.166522427499237,0.12694653985025237,0.12392281601218408,5.1693720599086515,0.12819464406580558,0.13278360223880553,-0.04805936430098311,5.2345077791801575
1007,2.533446868600073,2.8390551293943296,2.7883675804767813,2.5344396670466125,2.830397783105906,2.7839988879720607,-0.6066850036364971,2.4321947879847836,2.754670591890596,2.706344685364141,2.43364222970789,2.7462078952254534,2.7090527314365165,-0.688879145243619,-2.811918649177817
1008,-2.473941269280547,-2.397637892672891,-2.327390182340336,-2.4863244702434364,-2.402013002983609,-2.3260066418258347,3.6051617767197506,-2.468860777540898,-2.3914684843199847,-2.3204389826920493,-2.460684896077836,-2.377452781297188,-2.3123732151485163,3.487417875210673,-1.5367218845496473
1009,2.739665902869889,2.308554249902584,2.269441161419566,2.732405678225147,2.304527899823111,2.2684460916398512,0.7735717926413447,2.6794442641627394,2.259977359307611,2.2252027389957605,2.6821550791132864,2.255248636231018,2.2180471675204907,0.5713373105399487,1.616437974584575
1010,-0.7435399055488474,-1.7576056568326766,-1.6944656149365742,-0.7325421584514175,-1.7555520073245474,-1.7085786909834824,1.9403632355681948,-0.8109539238882679,-1.885883079532304,-1.8102093668867059,-0.7877102444121706,-1.8929007679197984,-1.8153131011205457,1.8600534832179665,2.4700919076016543
1011,1.8015261250218666,0.49436409538268017,0.48366841188348103,1.8022765374800844,0.49400404709039564,0.4838101238983925,0.6464082960754242,1.9026051737390266,0.5255340227777328,0.5140176827757851,1.9292167513304836,0.5090839076929752,0.5134149560431935,0.3891133598124411,2.903517302084434
1012,4.941422843213271,1.9412197917479603,1.9123523338321942,4.94136289262264,1.9378731016768596,1.9092830502017004,0.9295656991955034,4.979955021777768,1.9352767356951566,1.9077392407847724,4.975482085230798,1.9343221950628957,1.9126803106957606,0.8142736550537709,5.124910255837617
1013,1.2745641977144113,-1.4371838719634835,-1.3953344227180675,1.2723024156521132,-1.40628575585921,-1.3988144138559806,1.256498057522275,1.415830752602536,-1.3750679736413212,-1.3337758735578031,1.4161629280243737,-1.384494873982655,-1.3085956280363642,1.016393130337361,2.6890100181849115
1014,-1.138656097054631,-0.8493081350290237,-0.8303715887427153,-1.1370391276704825,-0.8352232724989432,-0.8131124452729429,2.7402363097854403,-1.0841164775272187,-0.7696052968754508,-0.7541236769747136,-1.060137530517118,-0.7728057241988477,-0.7661939037898485,2.4225269476584126,-0.7364877615958556
1015,2.112220510608294,0.6369401425606732,0.6137296993875573,2.1061771243798777,0.6663981792952557,0.608083509911493,0.4476914352981304,2.3282168677522272,0.8222575880992241,0.7913150254311645,2.3380164904440366,0.8312568930643737,0.7773557616934421,0.12998568095737772,2.2748328527816253
1016,2.1170936896737205,-2.224749151607031,-2.143951473724152,2.1222391194681864,-2.222702352578697,-2.145479718559073,0.33522392364211073,2.2802187398776668,-2.195775220956751,-2.1130763652733466,2.2811728934509707,-2.201579384187697,-2.11935501494784,-0.006195783640607029,5.097667428229809
1017,1.7467373668511477,-0.0721660593912259,-0.07063793346285153,1.7551407831698442,-0.09605222442014529,-0.058632251877262634,0.9972681398264485,1.7806470762991133,0.002537215733934008,0.0024848564605674307,1.7825369781528366,-0.01666652754416529,0.03396599950843468,0.8575743031603592,2.225471519062507
1018,-0.046562768965175014,0.04006398571708288,0.039507235922669956,-0.029285392086604946,0.04333896104698331,0.07178019614554759,2.2677172160702805,0.012660150514279421,0.09346557551510482,0.0922351554482217,0.00268088341252,0.09658292891844719,0.07868750232266432,2.141174215757631,-0.15203676782073694
1019,0.846343445603541,-0.19059600410758626,-0.1883881665179371,0.8441533283047967,-0.18982561568936676,-0.20009303507757706,1.8630559705834107,0.9684683323875006,-0.08132749173071586,-0.08046678862731511,0.9642988245555116,-0.07739122779480329,-0.050019273748558114,1.6470784583421587,1.5608505332681175
1020,1.996079373298928,2.0719355476323824,2.0434530065445555,1.997842546905884,2.06976842381271,2.0458376478610782,1.4165585752636038,1.9865930238123095,2.0682202440785873,2.0377283880095978,1.987361481324081,2.075724225542182,2.0320144754892513,1.2905263882976183,-0.906778997354806
1021,0.44274528602629803,-0.283268693614429,-0.279091309795767,0.4169457414272511,-0.2818466964878976,-0.28686428791540086,2.8320736571550302,0.32323154731064674,-0.4131753525572298,-0.4064652378781721,0.33357369100847484,-0.4239896030553664,-0.40733521493795943,2.7370332117992637,2.2360241015963385
1022,2.337469484040956,-0.06798748707940755,-0.0658227220320394,2.3310075159569332,-0.061396858142091726,-0.04563879541253897,1.0034458112456321,2.3655919624137036,-0.12837836136833053,-0.12419636866853949,2.368148314471669,-0.123633689893969,-0.11183396696655809,0.8752808588158519,3.4231653314135606
1023,0.07317719534213805,-0.18804662941227238,-0.18462873622765974,0.08553539328116158,-0.19225448206641035,-0.18328448064686426,2.3497158354987135,0.10110193505800576,-0.16081747955910855,-0.15810655635464219,0.10905045696161506,-0.16586369327391706,-0.15759790042826224,2.133496162479415,0.1756306722823724
1024,1.6493739477935105,0.8440157853213996,0.8256948396203241,1.6447409916379736,0.8359131011106605,0.8391150528271616,1.4335538815142252,1.7302860107652958,0.9288806179669812,0.9083335002368093,1.7209586365287028,0.9413347823771528,0.9116897067320805,1.2487711852153138,2.358647830939362
1025,2.152739935753781,1.2330289803850762,1.20182915297983,2.156829208551201,1.223135805875258,1.2108875858789718,0.44518511190090476,2.203329769527853,1.2433317939287345,1.212165630301576,2.20426524629527,1.232112862162903,1.2228018661135802,0.2419353575998675,2.041736758560634
1026,-2.272558306437466,-2.252547258975164,-2.202957342741916,-2.263803438501149,-2.2566008302509495,-2.1994000606247117,3.7246138469746186,-2.2841402634222243,-2.2460565547325686,-2.192796832469799,-2.282808003680605,-2.2487325375924443,-2.227886032195373,3.8454430666304016,-1.0299641424751744
1027,2.4390642336351505,1.4026569881352478,1.355320846849456,2.4634709507679124,1.4069688470880064,1.3663885515330072,-0.22885044364490273,1.8945433045506552,0.859471213494298,0.833560853225469,1.8986274967725214,0.8496463056498564,0.8489805814885183,0.09128274716305741,2.318942041691984
1028,-0.7509691156089743,-1.1761425979473912,-1.1309713917944972,-0.7598480075839049,-1.1833193833377604,-1.1329881252931981,1.9386714600447592,-0.6297577953584896,-1.0828953371533894,-1.0430829436689246,-0.6373282362060205,-1.0821980926166819,-1.0568557130626874,1.8731053514290474,1.2047839808790444
1029,-0.08294711447991832,-0.18964965377529308,-0.18446931538865233,-0.06628681719150818,-0.1932746873164082,-0.18506642958238173,2.6854621611627523,0.3877550177069081,0.31985321887087226,0.31228130306669505,0.3947542867919148,0.35400224298115807,0.30502110936486465,2.1348219892894598,0.3277330308299276
1030,1.4379730787456226,1.3249272326462194,1.2948056620109727,1.4284316381387898,1.3153584058632024,1.2939642766344142,0.8329163931273865,1.2142554093312001,1.0929716149222748,1.0675414291642116,1.2117152336649704,1.1023876006751436,1.0515665842432238,0.8845610551756327,0.2462652582905398
1031,-0.3162488348338307,-0.11557658097088198,-0.11472629080089525,-0.3158177616484653,-0.13650324137358355,-0.12711479555778105,3.306698771055296,-0.39727696626356185,-0.18803216422075378,-0.18635409313546727,-0.3873498047495196,-0.20805014849696493,-0.21276818612799867,3.1171906371799554,-0.651704157505723
1032,0.7182870561913531,1.314857746263353,1.2750535224273527,0.7286523610853268,1.317827818857222,1.2750363800832818,0.816044635562102,0.3058439145019395,0.9243322083229186,0.89880329420652,0.2955784216019974,0.9318252839357417,0.9230087635509568,1.010468016942005,-1.236747061880428
1033,0.6268529194439331,0.07459301559261688,0.07303185919460986,0.6461285896725119,0.07906121890764807,0.07683219637523211,1.5155927512863314,0.7769556062344264,0.18233211442731426,0.1785300866474802,0.786482800903389,0.21707684321086573,0.20814291581537195,1.2153937520757143,1.0567169220068569
1034,-1.5077423155475964,-1.2710139984177053,-1.247538699594387,-1.517940697797474,-1.2456971876650187,-1.2379827779085888,3.7678370030487134,-1.287829599503392,-1.0310178567966333,-1.0108076298843256,-1.2752380742179765,-1.0740925134679684,-1.0088736575389448,3.3506948493536024,-0.8459815535301782
1035,3.4050847586336443,0.8086245836908641,0.8015877076161667,3.4008903583423225,0.7884558048532293,0.8164847716619621,-0.6379153392805226,3.5753469938502995,0.8659990587045607,0.8589789169011177,3.577100456482343,0.8720488376911074,0.83637241038497,-1.048308165965776,3.7859106078542912
1036,0.4930980822625152,0.4828113868855563,0.4694885501433725,0.49574433199470624,0.49633461184605915,0.47514548382886457,1.3015349205840063,0.3817393394053024,0.3829695994019579,0.37266701738250324,0.3977668272523185,0.391621268289316,0.38220260129046624,1.2909883600160572,-0.10975320841469992
1037,0.9229461127804631,0.9612011192383759,0.938340169776736,0.9337914912111963,0.967298082692491,0.9425173852925165,1.6193228016080228,0.8644950709243214,0.9158337701755607,0.8948066190443711,0.8529088573123256,0.9128785364042169,0.9131713455451895,1.4925306300262446,-0.41458782913137876
1038,0.7344767660735242,0.7347524307382884,0.7144092703297639,0.726889100112653,0.7288516004575627,0.7240088540174553,1.89512432547962,0.5685117845499511,0.5536699553407285,0.5351321138852192,0.5718062475295126,0.570910025533462,0.5289687738295583,1.7243007967022508,-1.3751189815914189
1039,1.9179062131423377,0.21626902659946967,0.2126496765225678,1.9180208973255573,0.20900572374605952,0.24571625472600603,0.7910856603063775,1.8586231737328387,0.06598563373493914,0.06488751834323266,1.8564504492148761,0.055853281060397296,0.07682929634090041,0.6768871988576955,2.318803397042444
1040,0.25714866136641007,-0.4551022443740935,-0.4456799934404794,0.25381877678797116,-0.4475103916111078,-0.44057676912068594,2.569011981421214,0.4142248029233553,-0.3171732698115929,-0.31052634431908094,0.41333772424474496,-0.3296326609025331,-0.29906901133555835,2.1682511912067897,0.9174376615953811
1041,2.1343513403870897,0.18768851951992963,0.18398379288190098,2.131525037742259,0.2032631443266262,0.17025872849912926,0.9233338891261257,2.153641387520149,0.06467257526067322,0.0633118404099571,2.1378172988227,0.08133508201682298,0.07036762174664261,0.815722414533115,3.296577896028455
1042,-0.3908504454168564,-0.06310445076477716,-0.061810979752835095,-0.38012576989191177,-0.061750753697801954,-0.07100890788795869,1.9726548640283172,-0.4822793976473783,-0.14237586919759251,-0.13944899283415646,-0.4756058253411457,-0.14535099883400734,-0.14588470686222896,1.840345256376063,-1.8853214419621527
1043,-0.7922330717390701,-0.6699110671660188,-0.650924397619321,-0.7955868119189305,-0.6751161838703768,-0.6503941111439209,2.7756849053723487,-0.9089808354561212,-0.7957177093906302,-0.7725779931642188,-0.8941918727837092,-0.7965632019554327,-0.7629379220953121,2.765924030806287,-0.7968639452024333
1044,-1.2009589890967844,-2.42985379559939,-2.3408985687160446,-1.2129948104369621,-2.4174408259632725,-2.344291623297609,3.244217677738724,-1.1602459588941343,-2.392230702570261,-2.297612232002888,-1.173298570011066,-2.403162190176028,-2.3037659977985867,3.0083219415874405,1.3576668081373335
1045,-1.403483719581328,-1.721054091455394,-1.6712097539950188,-1.4104260158208846,-1.7545520462970665,-1.654238471104183,2.8248825433442617,-1.4113694711150466,-1.7345323488194886,-1.6830993392142586,-1.4015180826352474,-1.7317443066814457,-1.691094404832615,2.67742881977078,-0.5790047647675198
1046,2.030958581697561,0.41707076023947187,0.4110723557712044,2.023797680886019,0.40840351644084544,0.4119267396695522,1.314300566376647,1.979824949396518,0.18578292506005484,0.18289894427481782,1.9893871309418198,0.18564219728469503,0.17708060838603545,1.095260160720921,2.6558294214959712
1047,-1.8628270483841136,-1.0662974173973663,-1.0453358925733236,-1.8806822426366014,-1.1606633486869473,-1.033802615116538,3.8509196208811622,-1.9228464144270248,-1.150119705224414,-1.1224863705187447,-1.9706403592623707,-1.195811384198291,-1.1035789258540665,3.4703401430865584,-1.7401875282435726
1048,-0.4751911670779698,-0.41630263654831007,-0.40292414879476746,-0.503110304239142,-0.4356020108368808,-0.3891922690470513,2.354367428678373,-0.8285475701312699,-0.7760161265488923,-0.753352165933493,-0.8116837699662477,-0.7529555387908129,-0.7913473380757404,2.486641245385966,-0.7486487969955212
1049,-0.6255353562148411,-1.2207755874388644,-1.1879980235238463,-0.6301067829898754,-1.228924952001889,-1.1940569246505748,2.6517965592688624,-0.9370295449230043,-1.703649781222285,-1.6546013533824744,-0.932786970947072,-1.6850421860941267,-1.6564897354698838,2.7071560310896747,0.8834622705442841
1050,0.4879429440793063,0.6910911519256346,0.6761459643394792,0.48547963271201106,0.7136262389200153,0.6853162902328914,1.6107722612474782,0.5967294119006197,0.7948002432883075,0.7772602641873851,0.6159721992103295,0.8119481899679902,0.7908855528635705,1.364519461352316,-0.9202713674453092
1051,0.13266431404976822,0.32434929994621947,0.32051539043025234,0.14314227369062768,0.34533846696244075,0.28355548402590447,2.8025084862908356,0.2508397169529266,0.5033031286797126,0.49569311393821214,0.21864872188871096,0.4871651957940857,0.47607863303084813,2.5321198523825768,-0.9242271922485277
1052,-0.8635302804240779,-0.21780811589918894,-0.21168366667964192,-0.8616970492377253,-0.2266975403660425,-0.21264802508842887,3.2527471285944682,-0.9577963489783429,-0.24973993118804416,-0.24250370528241852,-0.9758658330159349,-0.23717829247156952,-0.22673499662887714,3.1936057374370934,-2.908646710244308
1053,0.2742193556687273,-1.4573462324815118,-1.4375133567809495,0.2398703393553321,-1.4722304199853542,-1.4327024901330745,1.8288023694698485,0.4983788972858445,-1.3115560286263028,-1.2987382805906722,0.5224594895825619,-1.2548433973436475,-1.251845835091888,1.544393189212873,1.545114912560323
1054,0.6285281287713432,-0.26842381668540466,-0.2638721784611811,0.6315740214431831,-0.285228947840462,-0.25768344217225136,1.487810431827855,0.4051745967231451,-0.597899331391456,-0.5887546499226238,0.3893917063364846,-0.6223090533518251,-0.6087107526836725,1.4908981111096669,1.758935167074417
1055,1.255813184478847,0.6678380345004535,0.6584174503354994,1.2725725328093593,0.6619708682181662,0.6492587228150499,1.0729080376657358,1.3282855003409912,0.6920633244803546,0.6825146529034196,1.3302016581094378,0.6968136464555029,0.6982319910182443,0.8805370663998443,1.7257163321059297
1056,2.6971608241021308,2.0168207945786056,1.9543475784346378,2.6864879984169594,2.016168883015531,1.9626356003639311,-0.24103814914993407,2.9110923330224527,2.2146320601944236,2.1471774322361035,2.906715031074464,2.2147703152705183,2.146012681723004,-0.5346983608592184,1.0283792042901927
1057,0.15743094307468308,-1.621707282686144,-1.5995690826926379,0.15120789790798891,-1.6160279905546424,-1.6122662015845923,1.5547451765627924,0.267789201031669,-1.6128319956724773,-1.59156332742832,0.2732485898125681,-1.6174373733651835,-1.6049236831933082,1.3226902073211186,1.8791683733309088
1058,2.8966807044618745,0.5713590519202201,0.5598804202827693,2.8942457956324463,0.578831353817607,0.5686242182165542,0.1344699075956046,2.99085514113124,0.6004700870720031,0.5870194716364718,3.0056142034342406,0.6146901436206159,0.5985519250673673,-0.04214331072202245,4.08541918404508
1059,3.2995852599456432,1.1136369053454735,1.0991721523167606,3.300266260223284,1.109878927106461,1.1110437027349753,-0.9128866392090865,3.3213429128662098,1.0837677327744195,1.0694451266530314,3.3190630005494755,1.0969089542637147,1.079703768529508,-1.0312379340594426,4.20442118500494
1060,-1.0286061062107597,-0.8286752357202297,-0.8160660180502487,-1.0293697887930549,-0.8167751423945933,-0.8377604278019194,3.09972972437394,-1.242631090900294,-1.0408784352336724,-1.0227020733914067,-1.2425417515991182,-1.0489335974975316,-1.0432993497300553,3.03176859071722,-1.0124305606760982
1061,0.7486258394456302,-0.7733157712597388,-0.7560016802637016,0.753800174738093,-0.7848591831473043,-0.7588301826713174,1.772064400421111,0.9507169809775866,-0.5940339821838947,-0.5800205322912574,0.964604480305156,-0.6026308277921957,-0.5712954998369593,1.3498297423246746,2.4127360131363003
1062,3.6787686459402003,0.27615200343430674,0.27024100160948766,3.6790127689058516,0.2775640379686655,0.28762272407250833,-0.4862807697816781,3.7842322664299486,0.23703502750124014,0.23164467964903337,3.791345492836754,0.23239560072247717,0.23908588983513926,-0.7570324910187807,4.294692423559745
1063,0.03996932327180647,-1.0179752249480312,-1.0076184934579353,0.023985327908474716,-1.0047288023670797,-1.0185969270085662,1.8599202961911065,0.12387349124694881,-1.0833311975470883,-1.068361136750609,0.12725987078634257,-1.0898513724670162,-1.0581579839634356,1.6768159300994119,1.5014971209505235
1064,-1.8449337765286944,-1.6193180860593426,-1.5989792031002266,-1.8426958946442114,-1.6146619560813646,-1.5985426998041896,3.4093433808749403,-1.691213894594385,-1.440700297973546,-1.4202151965964769,-1.693006908102974,-1.4268423390106184,-1.4124083645517305,3.0424021754812998,-1.511364224840948
1065,-0.35704125129796976,-0.5588195394352118,-0.5541536294539915,-0.34726330842198355,-0.5457939232097305,-0.5591519298396487,2.777328382845168,-0.3591854915000828,-0.5912633518052741,-0.5852613366513082,-0.35812650228748427,-0.6112829144288938,-0.6210711202639606,2.4864291037095496,0.4416712372246624
1066,-0.309456247473879,-0.09067115123432713,-0.09021545013712373,-0.3254372953939166,-0.09098213099293209,-0.07621590783466621,2.2773370817105683,-0.21628628042092574,-0.0018099755490131402,-0.0017923171452096896,-0.22260304899600733,-0.00012147214382240524,-0.01737416488743134,1.8879651648320122,-0.6814269890383178
1067,-0.16639829600960016,-0.23284401882574116,-0.2317875584545369,-0.1668575256815587,-0.2295991218855343,-0.24492521563966918,2.754949794796987,0.21361959385057094,0.14127985572174115,0.14076191260511633,0.22242302830581995,0.10904210657978028,0.143903872791413,2.3359713693871544,0.5751232444369648
1068,-1.1231950844089178,-1.3816980367962293,-1.3306665279264223,-1.1249516605918837,-1.3826856970252734,-1.3325173458952693,2.313178293872644,-1.028596095425068,-1.3186015020829045,-1.2718029687373045,-1.0200345779350213,-1.3257386032268046,-1.279231310253972,2.2562731089923314,0.7390132049847355
1069,0.6883427336871014,-0.03996052117047706,-0.0402812701101916,0.694866204243364,-0.026558319361216047,-0.041269795710025134,1.6683698029917673,0.6734348986659291,-0.13590903360238865,-0.13700727185321937,0.6717535266476553,-0.13380835983285974,-0.14222774361800256,1.5659493769815447,2.399896288368114
1070,0.19643007177914287,-1.127444665718605,-1.103438009846757,0.2094908506423902,-1.112459556582888,-1.08864092314164,2.0355375027529563,0.4130949586348182,-1.0603737705270289,-1.0377950129331366,0.41821429804019467,-1.085430477168771,-1.0132577410419465,1.7407713824919682,3.8272932607266203
1071,-0.06791954479334714,-0.36224690342651017,-0.3553354696040517,-0.05832580017492242,-0.3756286485426914,-0.37049589065291605,2.5566678218705716,-0.15706508744122402,-0.45792299753144217,-0.4488669120705228,-0.1632882915959163,-0.4597062534137624,-0.46734055665266183,2.453167152865628,0.265695612973826
1072,1.9605235114547455,0.5353453308506597,0.5244755429387576,1.9642867994202582,0.5235082743516362,0.5231172349389274,1.2490124345568292,1.8429049620392814,0.34831769213458286,0.3413914895717439,1.8372714768500962,0.35607518327292625,0.3341623726614985,1.2335785211401136,2.8062488037028874
1073,2.7560049763670933,2.044513967338851,2.00878903445977,2.7434844066829895,2.0155629411821243,2.0309330900778826,0.83131517059916,2.7978195826009435,2.104360111682098,2.069871865698145,2.801286303166337,2.0854414122660088,2.0535617544949867,0.6490687204155674,1.407851269947208
1074,1.0320521594857777,0.6694882318721892,0.65814617552912,1.034209412302108,0.6783992123801255,0.6546642848759152,2.8647464760656405,1.0158525647312433,0.6288488513798298,0.6173591968279519,1.0309692191222848,0.6357950895582738,0.6140012047022243,2.67452267786012,2.186317719060356
1075,0.5917580192622073,0.5813085220150522,0.5628071269617004,0.6004290894122016,0.5871460961816849,0.5608323499512986,2.531467318625083,0.6114487239915765,0.6073602300146497,0.5875999493452481,0.6142966410449995,0.616719372831229,0.5856689174506,2.3387821315819113,-0.6369263176360207
1076,-0.7810812500727737,-0.5286046844918538,-0.5103041192145645,-0.7659113299780382,-0.5258172414330781,-0.5310536409849672,3.1459402341782043,-0.7130446107298462,-0.44241262562825606,-0.42702010637389815,-0.7313274508019676,-0.42766999746835094,-0.41240338611904404,3.2727093221605568,-0.5271222958020639
1077,0.11341089005735562,0.4449433028578897,0.4344091635822653,0.12072248131534312,0.45666951400960293,0.4412170259967925,1.7745139004978359,0.10363114655675827,0.4883311188080325,0.47425642569542503,0.14324663797490347,0.5262310211173811,0.4471186443932883,1.3488111165939605,-1.54793246078195
1078,2.1497449112473004,-0.9416269395148326,-0.9294348239163888,2.152210296032484,-0.9460741775579398,-0.916720135775573,1.5172759634969786,2.2681591603013325,-0.7215632106084939,-0.7123556876070386,2.266355511587244,-0.7408379676794552,-0.72946484700161,1.2247812907485545,3.3207953347223165
1079,2.7571272521537318,2.194384665313762,2.1393706366554146,2.763286416605077,2.1943745911451167,2.122670841510577,0.4520475440825029,2.9761040762891895,2.4118694535353065,2.348266666637449,2.9774696455477154,2.426140466268105,2.3509511463340425,0.03497481849105,1.6222701747109989
1080,0.5039646612684917,0.5682990644677093,0.5615184307855192,0.5014744734623061,0.564633663557615,0.5636590012863463,1.7274896008472582,0.45899048595964703,0.531964493498363,0.526043932543696,0.45565339031122654,0.5242405510797871,0.5287983000841759,1.6198956498692612,-0.9926419452874709
1081,-0.18622770297285854,-0.23589984827711705,-0.23046047143014628,-0.19413434546078234,-0.22401914577053902,-0.22377500585867888,2.285481291976741,-0.09324963542736499,-0.13643175254837303,-0.1334179191424921,-0.0976189947521377,-0.14174648689245203,-0.10981880268326753,2.0719052969747573,-0.18738234485278593
1082,0.41457273501627456,0.5789326584841377,0.5701065014037654,0.41400654398615466,0.5733156364080145,0.5695219712704158,1.278717007164171,0.2144236675246406,0.3794050177043701,0.3739140241731966,0.21138796900708726,0.3754210777012851,0.3646375019565689,1.336924406318501,-0.7862970188720134
1083,0.41712722989848433,-2.615631189912195,-2.554397568842057,0.42088471947884515,-2.6125084279798747,-2.5579917835998356,3.0616209303277278,0.3544952981720948,-2.735946961936877,-2.659072416664852,0.35514611742118146,-2.740216847889939,-2.665400086474046,2.8182989649017247,3.1339484611775927
1084,-1.2271016968950943,-3.169457146746435,-3.0843586665513993,-1.2456783311155217,-3.1733698449444225,-3.0704626717846035,3.430451721074728,-1.137610474777018,-3.139320207399227,-3.0518231836299146,-1.1324265438701901,-3.154952793062738,-3.0434265574700388,3.2503958386604257,1.254929571562322
1085,2.885093524239106,-0.009566568921955529,-0.00932566722473632,2.8762855294451506,-0.016421645762197807,-0.006356330142551317,0.10885031373124063,2.7391325772528807,-0.2602625212565624,-0.2528473254181863,2.7459881859257296,-0.26292444777338436,-0.26006591904365883,0.013393693934738776,4.051278099955802
1086,-0.18397229225201417,-1.76947118416673,-1.7276486553666672,-0.16514138960994615,-1.7644166332854128,-1.7292554999054004,1.9348562544679653,0.18669609278139265,-1.476948681391731,-1.4422935475131877,0.2184982960272227,-1.466465464347475,-1.4387184145578953,1.4664575614731723,2.223166342018967
1087,-1.2166339917742752,-1.122246326006169,-1.1127323978702224,-1.2143810092134057,-1.1184974801682734,-1.1252416387400106,2.8543569322249494,-1.1637510393460424,-1.023877338718459,-1.0147535135747356,-1.1666207742711436,-1.0191288842607693,-1.0206846404439913,3.0567451271783774,-1.4986306200521287
1088,-0.8766963103349803,-0.8111576448093496,-0.785302220745473,-0.8818544412192705,-0.8171485508073077,-0.7886939814538605,1.791736489973612,-0.8048104796232225,-0.7281285048698104,-0.7056842587369695,-0.8006122008503151,-0.7399972533755894,-0.71368381154415,1.847692233111521,-0.597864155000805
1089,2.776198386672778,2.8800936827458172,2.821280997479821,2.777536528826512,2.8906279844428124,2.8209542906998046,0.8428153259412859,2.9042845894229306,3.0305354650052267,2.9730503889401043,2.909639979469149,3.0390561920551025,2.9742759048557907,0.5667233505899928,-1.4378872269826077
1090,2.120474439003402,-0.2321306812558126,-0.2290012679709542,2.1249859079959412,-0.22085403131875464,-0.2221360509240911,0.995109688767164,2.0500256295508414,-0.36912500217381305,-0.3638925945949213,2.0484309917589143,-0.34831423159323444,-0.36407215458243397,0.8847129658698224,3.268106493766811
1091,1.0887531921163687,1.1374825320046855,1.1282284133128941,1.092599733457509,1.141776058049186,1.146421136946547,2.079928669008574,1.0904122890455528,1.1465777753406552,1.1395145046850137,1.0887429964879591,1.1574321780198822,1.1567722990994225,1.858891505159828,-0.31235845441087595
1092,-0.4391438385760641,-0.8198704191088999,-0.7933331097808094,-0.4296629923275651,-0.8128045424218998,-0.801673283432542,1.7833589584184588,-0.12670925097840843,-0.5831706988968194,-0.5655508712721021,-0.12447550753950902,-0.5667232620334994,-0.5551625491049189,1.8067798493524936,0.8090293955808712
1093,-0.1468192910105902,-0.14503261435337422,-0.1412214471218285,-0.14481642033043038,-0.14677317054482986,-0.13091896268084505,2.9221921098657497,-0.052673365590687776,-0.06425956057461502,-0.06257966207648279,-0.04174725047353377,-0.06521743714227905,-0.0653037109904862,2.68648668144133,0.4892863339369808
1094,1.1833690587239627,0.35690891099630756,0.3465494799397919,1.1900200614559937,0.3674997749599531,0.33281773146637816,1.720476598513251,1.2815766075073898,0.4268382429387688,0.4141493046682287,1.2769243209379757,0.41344203604243557,0.43636683190272696,1.563436257292211,1.1924512711213506
1095,0.3894834720760438,-0.35146959529726246,-0.3445854970669218,0.3742729457828702,-0.3348111703480383,-0.3155978063263529,2.143884115270988,0.433065262307425,-0.3343361870516404,-0.32750333446488683,0.43367268621152455,-0.359085459461531,-0.3406182677547016,1.941047819701214,1.1637463989810362
1096,-0.2532608267612121,-0.24780631339818215,-0.24033953479668896,-0.25534015489640055,-0.2754250467831535,-0.22457183692780397,2.5269105634036975,-0.4226451971947527,-0.4123562042145315,-0.39859749353696733,-0.424522004132309,-0.40908224150838457,-0.40248419627621784,2.4876847132666167,-0.35601160018779987
1097,0.8041986895309251,0.020970631604222762,0.02065152084225654,0.7992929264435994,0.006110636938358396,0.016942512010670287,1.7773119131622388,0.7612751055049287,-0.10926594541672215,-0.10764363941225084,0.7420035845187642,-0.11927486384790144,-0.10036196641910171,1.6762023926681957,1.4912771760118126
1098,-1.2258519836038873,-1.2357412069442126,-1.181052813409243,-1.2184538063807016,-1.237282968073784,-1.1790065951038662,2.4414216491265757,-1.2287597874719787,-1.277080687507992,-1.2219200840557924,-1.222148551402821,-1.2833523560968167,-1.2199137814860914,2.382673052064648,0.61512775930535
1099,1.2524007778632515,-0.7179722524471432,-0.6957088812546807,1.2483111661259134,-0.7296379241326555,-0.6920975875077258,0.8533810394162964,1.4854347647383386,-0.6482807899818006,-0.62722932578675,1.4851081517595512,-0.636847726456938,-0.6454800744920862,0.5422672696039802,2.9892169247317697
1100,0.5554719640215845,1.1240358786774265,1.1040221652763522,0.5297025767796423,1.1328403018882014,1.1185763288248514,1.7419401664442145,0.5979043736112831,1.2129294861914217,1.1937253486902362,0.6004842347616174,1.2352730867468849,1.238928932607871,1.6139376013130409,-1.3052441417967635
1101,1.460759866392623,0.746002690329672,0.7228990692588309,1.458309877885452,0.7614786508400523,0.7186265342804479,0.7768532496474768,1.51854782907852,0.7497172577241793,0.7256967366154063,1.5146504543667438,0.7729192254866536,0.7101106219183283,0.7006500776956235,1.5592848237288797
1102,-0.1465172002503983,0.03081074576527808,0.030348283183815033,-0.12744975760817645,0.029245887067222403,0.06411192824364352,2.4411851000101383,-0.026116802988612662,0.15816875423846066,0.1559108610936959,-0.024267240501414686,0.18423271481467215,0.16188072071456766,2.2165694398925493,-0.44502907190474456
1103,0.22236777549770778,0.5867775562739376,0.5687959612084353,0.22591027347846132,0.5863536390863217,0.5684151427521295,2.5155281868420247,0.19070351579622635,0.5668847972888841,0.5484943918823343,0.19342856641161332,0.5303779701249483,0.54234541982959,2.3089880465481096,-1.741176566073516
1104,0.10274094609728922,0.23405313304268982,0.22868957838874032,0.10604551361381284,0.23944767476944345,0.23849106917911903,2.5973385243181886,0.20071038295979388,0.3446128392723177,0.3366445651689134,0.1836527697532629,0.35392058145031585,0.35691485456838373,2.301299439700181,-1.484504319084981
1105,2.007114933068471,-0.33282559287463864,-0.32447806683319236,2.0147337017489892,-0.3320530789238181,-0.3254145032116603,0.8603424091882148,2.00241136440647,-0.37834770549984176,-0.3695735995693781,2.0077945557531347,-0.3661842784569271,-0.3577187537636003,0.6741782001672298,3.2670847037451782
1106,-0.9190926837612972,-0.4223852634800973,-0.41612425125241564,-0.9223004360109884,-0.43463409491879135,-0.4199738029232709,2.8243627639766182,-0.970330860093033,-0.46147814367471984,-0.45456066984815324,-0.9639397206106577,-0.47060720128615524,-0.45970421465729916,2.691380198402275,-1.0061618200091134
1107,2.0547106937893993,2.0622426038650574,2.0220816017699685,2.051294783300212,2.046312634417229,2.027283003735225,0.9887590345733461,1.9773324602790767,1.98226636949531,1.9401674123485055,1.9766181651536532,1.9589635076252805,1.9340479288225303,0.8084995144826574,0.2368329145804716
1108,0.24012951428779541,0.23252719043170791,0.22561385839095072,0.2508836876693352,0.22975744298247702,0.23729984788639305,1.8396428094904056,0.3942529128320063,0.39578376961063655,0.38448576917398836,0.40523345303096053,0.4179404985483172,0.3938250208435213,1.4868900314328453,-0.04483394904071394
1109,-0.20286339037664847,-0.0003786517486383586,-0.0003663902877958502,-0.20214740839504658,0.0017938452939488183,-0.00039914562806464527,1.7458345039788659,-0.17415200773388012,0.0916871552873747,0.08864183093274046,-0.18237929785130222,0.09410356020284877,0.09149707727660845,1.5902590369263938,-0.8208251944678628
1110,1.9970635039508866,2.085727241228485,2.0217685364539997,1.9979297866657106,2.0834230990937375,2.0248694304345363,1.3694643195961944,1.9513875692791243,2.0432003844622653,1.9785899194794025,1.9449761524516325,2.0411784315218204,1.991377570986596,1.2143932635882513,-2.5729681183707984
1111,-0.8899013279452609,-0.7898370204044988,-0.7766311008162216,-0.8904176905070934,-0.7982399471984715,-0.7691104019401596,2.7371733622767858,-0.8197426644566946,-0.6885723909596015,-0.6753657889642432,-0.8089522990445567,-0.6772422591011428,-0.6599521825379536,2.3949438483171432,-1.0543606415094584
1112,1.3799207638320838,-0.2750713205184991,-0.26848563711631607,1.378016068722086,-0.27278471533424353,-0.2674868656863335,1.2174943260142512,1.4311810013218773,-0.34318619820470736,-0.3349432100957925,1.41458188770173,-0.3139619520689142,-0.3332160598660362,1.0065683820225828,3.2912335153318706
1113,-0.48680575869009174,-0.6459657057322125,-0.6282418056058738,-0.48546074623184127,-0.6481474616804884,-0.6352144768629522,2.660553500784984,-0.37290828858983155,-0.5355303315988843,-0.5208299034284307,-0.3679499458512791,-0.5414040657763788,-0.5124741199157332,2.4073855259332326,0.3669147574248295
1114,-1.7018936046602449,-1.670984664630785,-1.6269374315237402,-1.6928419319707542,-1.685616066604315,-1.6375839910658756,2.7973836967046943,-1.4599816836374606,-1.341735405986437,-1.330244430537134,-1.4459194343971846,-1.3447113961374333,-1.3029462356667345,3.064283845060128,-0.6121061608206235
1115,-0.251815338381238,-1.277563934591291,-1.2584011997242648,-0.23467818497280063,-1.2841885425291477,-1.2653944813195037,2.0143842080327725,0.07471175757401853,-1.1260654807578365,-1.1072509229967387,0.06207750235982703,-1.1071040818968252,-1.0974271071241088,1.6907452716710134,3.606737618432419
1116,-0.14933644765032805,0.10754619113461722,0.10507077134602372,-0.16327522377715825,0.12152211823655173,0.0922238067055548,3.115900697214589,-0.08472482464200756,0.16643727447926404,0.16276710738551511,-0.08368554914746067,0.17558889865540747,0.15503932446547689,2.9310100368950502,-0.8752842774412556
1117,-0.7843066484501546,-0.16304945125760278,-0.15766777460273376,-0.7808027838998609,-0.1733523769185544,-0.15459046207763436,3.3683819792705365,-0.5757158338340554,0.1109978954205021,0.1073138031021374,-0.5818012087385096,0.11641870342759707,0.10650780592397549,2.921490255787185,-3.323097592800192
1118,1.5286268252286566,1.742643857484186,1.701105584475857,1.5233668491842014,1.7380927319971553,1.7027607415767123,0.9587749418321976,1.5597087910502223,1.7874226875191879,1.7456938528554933,1.5614449618057222,1.788396441057629,1.7333400010534243,0.7803848756083234,-0.5797121351902172
1119,0.12750505480402352,-0.19305543253727311,-0.19009087904494446,0.11781089293111151,-0.19315499756758794,-0.20595413661617207,2.4466694201362147,0.10713716486209597,-0.2608224092560997,-0.2565216032919368,0.10628296070922577,-0.27923431257923553,-0.2530390933062798,2.2893524502492375,0.9533471299824839
1120,-1.656167380796893,-1.28925546917696,-1.2589864642747886,-1.6571331067949784,-1.2890724788952623,-1.2731706587546197,3.3449265918856694,-2.164778832421612,-1.7918898385650508,-1.7476686614582173,-2.165187725333856,-1.8040451127141075,-1.730222108745525,3.4649552182148193,-2.124011238484
1121,2.312666957043702,0.8354677833780876,0.8291283500589113,2.311733957425071,0.8554419233826657,0.8255047679762983,0.9665940832019841,2.0947018152391914,0.22143590578307262,0.21986548605091166,2.0972203724398963,0.18950320504402762,0.24744897115494977,0.935319299754188,2.2917695698291665
1122,1.541624831930651,-0.09685108576688145,-0.0941959566131508,1.5605821149268195,-0.11454743630347454,-0.07048521551103626,1.6381195302979352,1.6799480753117446,0.016214565051584185,0.01578036926391152,1.6959788344814402,-0.004586722657231816,0.013064919518773128,1.354027617822962,1.889924818314435
1123,0.791754023015832,-1.283176678816565,-1.2640178107031925,0.7701375500797106,-1.2977768255313016,-1.2532806796889824,1.7856479577352564,0.751558223781102,-1.610720564328006,-1.5909961746062273,0.7556080910582644,-1.614196362646097,-1.5879324162017816,1.6235461953281507,3.549382655497246
1124,0.4416796317014904,-0.08602665289098085,-0.08359906792612663,0.4366773952459251,-0.07101811248500235,-0.06898241522364656,1.9998806531338997,0.43559748531128767,-0.10860565431433025,-0.10551316170693703,0.4461341336199238,-0.10144404921748061,-0.13125479931437026,1.826400806856325,1.3859193866286843
1125,1.841298347949919,2.0443178524417354,2.01381273790941,1.860180502744201,2.0533056133916143,2.0009565654734356,1.097395927144384,1.682799725813691,1.8804373905866867,1.851415544706913,1.6944763272181456,1.8732910064314379,1.8471294005354901,0.8521511326434152,0.47036316157870683
1126,0.8170932902882309,-1.3158489560222195,-1.2863420397804546,0.8042153192607733,-1.3052540589906314,-1.2591933180412525,2.4538443716191316,0.9117936004912695,-1.3530136290788368,-1.3235649178089401,0.895344442208293,-1.3485965626701546,-1.3240426290783418,2.2462944004920695,3.3236492667735265
1127,-0.15605695128735367,-0.059588736665030874,-0.057975494342070014,-0.15770241120241676,-0.07246274391997559,-0.059883368564236636,2.2708372147773006,0.01763472459512355,0.12505934889390632,0.12133579170235113,0.023721419892662472,0.12431410914760448,0.11755298148213394,1.9609418470393207,-1.4401414434125004
1128,-0.08663578647981926,-0.3515348393445482,-0.3426182531797643,-0.08222629910788616,-0.3578851213051601,-0.3356859077027028,2.5246439966472014,-0.1025296582257346,-0.42055663009626154,-0.40974030226913244,-0.1293709561917605,-0.4276398178929758,-0.42445066306430995,2.4358649640238883,0.5688033353001701
1129,0.8172674342737377,0.8440885322094897,0.8306282141585083,0.8089596588450066,0.856092986348352,0.8403807403928483,1.9786362147462906,0.755230543248972,0.7721831411400558,0.760856372772945,0.748665940358665,0.779573639541209,0.77490663860904,1.9121108692932285,-0.3083408678158021
1130,0.6007968043606609,-0.4713553903753493,-0.45591969409986216,0.6072704499890998,-0.48731998989375097,-0.444419031168801,1.8578253420098658,0.5001140533268995,-0.6652249055833416,-0.641809232493028,0.49426498192708623,-0.6830380412184135,-0.6143253155811831,1.855060458870343,1.4453213976271426
1131,1.2791794647372623,1.270894785809437,1.23740436196597,1.2810478329297814,1.311952736594089,1.2442716134771818,1.6842414581012568,1.1638561358306563,1.1772674480853926,1.1471372490125484,1.1566259470132545,1.175095201361559,1.158705518925007,1.4339371265161556,-0.600244191360135
1132,0.7838639939918416,0.9993562743695362,0.9708562165433169,0.7811261009549036,1.0086100345102111,0.9870941115549193,1.4843144494649099,0.822443171912381,1.0373346570727926,1.0075407374699392,0.8245678390297688,1.0402156704212695,1.0040742522725488,1.2407930404575789,0.630639529434232
1133,1.3269145234838116,-2.764582640255242,-2.6837177257669618,1.3345580125899799,-2.7640251544112817,-2.6976707190850213,2.0855553861051397,1.4544956848290742,-2.7510587388411447,-2.668111740092393,1.4616617220488501,-2.7507691672050596,-2.666001426963118,1.913719667397091,3.5617748156779605
1134,0.4306214824540834,0.16831469158508514,0.16291043941072803,0.45197632230635665,0.1455076261707793,0.15709850552122268,1.3234816314525142,0.2095134690831548,-0.12088327495049765,-0.11692218921536224,0.2140021599907844,-0.1116950927958094,-0.16363775047927143,1.3686165493047218,0.7101959287793013
1135,2.4733664953398122,1.8917764900145775,1.8445272993191788,2.474894147600381,1.9065356552588215,1.8478137384746298,1.088855698879508,2.4471294399233647,1.871017227117472,1.822689840773796,2.4493133128023854,1.8751868921105834,1.8247918057897428,0.9055574954403547,1.7015168269835086
1136,0.9021878780579267,-0.7636641992062665,-0.7465415207672297,0.8922805982138274,-0.7849405298509936,-0.7553387733646906,2.3223192036009945,1.026856371622081,-0.7279086638305046,-0.7103966446568718,1.0319974115579462,-0.7334805703514854,-0.7109283425755025,1.9113859589387874,1.8779940483548434
1137,1.2164549873067076,1.3733513839959812,1.358787473248174,1.2113216410516887,1.374904967637093,1.3407688580402257,1.1458890108628474,1.0320031324853611,1.2131253674994888,1.1954349866788798,1.016454830973068,1.2201878293213804,1.1861268272420227,1.0570768320213515,-1.097180447867084
1138,1.9571729685690749,-0.8983796497647983,-0.8830652672609414,1.9616841848107869,-0.905628377791314,-0.8942327360185933,0.7098885568693369,2.1274931930107956,-0.8781147473013039,-0.8631069053182653,2.1262557631890004,-0.8579326894766032,-0.8841470505700473,0.4680045775509649,3.561615037225544
1139,1.3222367125082224,1.3134660911348663,1.276850371643567,1.3299353502993252,1.3077368534177918,1.274113339779606,1.3552008434361655,1.3521464281042501,1.3467687083120827,1.309184393359113,1.3618273585393195,1.3427071391065284,1.3225528288647308,1.155932993997276,-0.3989219843756076
1140,-0.06286058243072205,-0.3507844919067688,-0.35074682997820644,-0.06841964964508293,-0.3473364490103526,-0.35372315584652425,2.406324602959399,-0.08749943544210706,-0.4115586096412718,-0.4116484902363538,-0.09784190448572057,-0.4064471496276309,-0.41271212114367406,2.1684200529460322,0.9095830294714703
1141,0.8868235458420927,0.12934595241423363,0.12677661424977998,0.8760385408829144,0.11194736196309561,0.11606349391553977,2.2164549545669043,0.9490588292674144,0.18944445691278233,0.18531702327183508,0.9565727583245769,0.19250421121420921,0.18666174198832894,1.9521072503941204,1.0316808183203412
1142,-0.22205819870111945,-0.2792862752266404,-0.27315943361785133,-0.20244108837963004,-0.2772281898021168,-0.2957651641652301,1.9452974731525388,-0.28533484158483124,-0.3539177406370205,-0.3460520507176162,-0.25789380366500014,-0.34139409236222346,-0.3128697253689102,1.8418684376183463,-0.11045927036160703
1143,0.43608973472597273,-0.3161195980445823,-0.3108199751749267,0.44486315110357527,-0.3340992570872633,-0.30936018645350116,1.8735264366157982,0.5923102329892954,-0.14970490802164246,-0.14698106429213867,0.59918937810232,-0.1452218300174691,-0.11770383757798578,1.5822442114628754,1.9062412858618814
1144,-0.05447776832388016,0.44865745457052325,0.4378301346289459,-0.052147199309408476,0.4565568272176387,0.4519969015160706,2.148056858801361,-0.04369836883391556,0.4887407980523131,0.47644601475452436,-0.034429820616096944,0.5034214713378924,0.4519283053903467,1.9615923673082807,-1.7282383175301954
1145,1.2257464621177836,0.32631413330724085,0.318467829698299,1.2247621280408052,0.3273947201670503,0.292723246494827,0.9355960684144297,1.4518152964194024,0.5225719195407615,0.5105993019080731,1.4539420886962622,0.5110505104526083,0.5052879715471539,0.5958254982760396,2.3550035822059274
1146,-1.5231140969141783,-1.8723181765858758,-1.818359236504823,-1.510811798521293,-1.8757221876439416,-1.804768226751779,3.1760165485318397,-1.4039116789547075,-1.7058002320006727,-1.6563729396724667,-1.4103075698995928,-1.7078515185340297,-1.6699330206951521,2.9689719343604017,-0.43686149384468037
1147,0.11854502363501968,0.11250529994514004,0.10930255830757117,0.10247516264656174,0.10195050563875938,0.11637276162241392,1.6216365295756696,0.11463187663490752,0.09862415604764811,0.09573663871175819,0.11160367484024515,0.10018639784239339,0.0990384077673733,1.42827743382152,0.5997521815360355
1148,1.905941150156341,1.955620073009057,1.9189692334957926,1.8974839273994377,1.957882023130558,1.9252245217142794,0.8325829750401643,1.9451713335064744,1.9979084006547165,1.9593004485241334,1.9398527314370544,1.9873624905190101,1.9708929084534021,0.7599371494025047,-1.9150833715547915
1149,-0.3402617498851853,-0.20911669495517313,-0.20613801513841007,-0.33778793978995236,-0.21833112833014803,-0.20890931106953747,2.487816915142356,-0.1493106990975411,-0.004374568977495046,-0.004303113216226229,-0.14891929491213632,-0.027754514760771527,0.0050660780655517375,2.4561642492265787,0.04394440571063746
1150,-0.031359208398624404,0.10833727402079711,0.10446352698020414,-0.02403505893854525,0.10958807208447838,0.09371951065287498,1.9793902782541155,-0.24609344006970615,-0.09998431801286402,-0.09627811442894836,-0.25042086631386967,-0.09573594378194808,-0.08744377651589598,1.9586795632677136,-1.5097432356223353
1151,1.4099801619432324,1.3115792439345275,1.298721364350819,1.3975910352295489,1.2966545618980754,1.2726145363003134,0.9398208198186115,1.5655684408224466,1.468853668520058,1.4554370950201891,1.559546719461172,1.463607601810384,1.4553887867591084,0.6227423258367487,0.8526692933225982
1152,0.32388524031931876,-0.19455951373185923,-0.19311312545913542,0.31905369736478856,-0.17971509836987057,-0.1909849861487014,1.9243848357058406,0.40202353414455116,-0.17626798637703647,-0.1741404610727691,0.39868395825269504,-0.14044693811119952,-0.18036980989402224,1.6293354909291737,0.9983708381062427
1153,0.07267975944808824,-0.9367861708723411,-0.9359132713230498,0.09845994008488858,-0.9694935414435609,-0.9567962731652865,1.689486340477735,0.22134995126652493,-0.9431692774953038,-0.9384778173291692,0.21600165648203212,-0.9278592739514695,-0.9585088564647983,1.3022780962079235,2.125375401663972
1154,-1.5923842735156355,-1.7868912945575548,-1.7227325179106607,-1.584900026788827,-1.7625806086068434,-1.7347264334586523,2.972441181080824,-1.4404508114435917,-1.659381959817126,-1.598852301916319,-1.4450268051664241,-1.6544608469823159,-1.6098544091088294,3.024594152763323,-1.0015832134671987
1155,1.7053891352132047,-1.4714050417025026,-1.4475535102133665,1.6866807988285,-1.4624158075494484,-1.4235021623478845,1.1218963062748624,1.8851895031220707,-1.2950813816440916,-1.2734506502852803,1.8997442338934907,-1.3261596233410908,-1.2734938971194942,0.827011197313672,2.88090874129011
1156,2.5225022285848935,0.1204629830415307,0.11778914198921868,2.528007985024146,0.12137282495434316,0.11918237283717723,0.47516641540766996,2.7892826252026373,0.28750458772410886,0.2810763575195161,2.784247283567821,0.2925352510568223,0.30466069377637195,0.0704698285828009,3.8538807018531593
1157,-1.0870547302469535,-1.2289135142466439,-1.2002680931504475,-1.0758895598688554,-1.2193310251652199,-1.2001071148415487,3.2122600059873596,-0.7437613224546404,-0.8752922066927702,-0.8553009606346902,-0.7449736652545492,-0.9004580192627274,-0.8705338642328099,2.783736654422965,-0.17005875850978647
1158,0.07639527127958644,0.16162449961775657,0.15822450075594527,0.09487361014428293,0.16569917871345527,0.16705484095309253,3.1043269677317222,0.27955427076193917,0.3699485224125362,0.3618273180784812,0.2417171273586116,0.39847173522616147,0.37225736211563293,2.5773428033378694,-0.7142263354372027
1159,-0.40653088893475103,-0.39013149929174856,-0.38408763104202215,-0.401139038835119,-0.3992542545391453,-0.3755882992175898,2.9812038419277904,-0.3798745719917147,-0.38445871959203154,-0.3788243793013501,-0.3720429143108189,-0.3789649836199614,-0.36427566983343884,2.882655157681143,0.2547833999721099
1160,0.9174347741142459,0.7995288902352221,0.7740628512565609,0.9182745488934938,0.7993490926110137,0.7741087842834413,2.1956469544162136,1.0230037231674312,0.8910846660381146,0.8621260214158011,1.0263852820734307,0.8903212615112438,0.8577927570408146,1.9939141176880966,0.8512883741798921
1161,2.835479170482417,-0.17021300396448058,-0.16661236487827505,2.8387169541301014,-0.16714925480838816,-0.16770731592398502,0.49983525210583674,3.0163602095088238,-0.10830271809348427,-0.10586001407187795,3.0106503952589785,-0.09636048102518313,-0.09717269941755476,0.22028252672708226,3.587205825597783
1162,-0.45930534954678087,-0.2666807364856786,-0.2627541797980965,-0.45723015213941853,-0.261458639511108,-0.25560262390690525,2.8934475194769296,-0.298265337613588,-0.07395881927693582,-0.07277195868797971,-0.34079927391949333,-0.05525711708823575,-0.0616890594820929,2.6892549021534227,-0.8194654198299535
1163,-0.014093316473230913,-1.5551567347623492,-1.5219141095988211,-0.019126085358646155,-1.5549359745480582,-1.5170700791603149,2.1681566871618823,0.15082806680466418,-1.513944495382754,-1.4779463322293418,0.1687797024344277,-1.5097157529604477,-1.4760926650937471,1.7716344173363205,2.9126895283800063
1164,3.9371394438717555,0.45351985935716793,0.4432228364469774,3.9186382697752693,0.4039775609656984,0.4263750064727275,-1.4291100203860825,4.028154951504246,0.4639448362800162,0.45326869780125706,4.029734912592473,0.4448575903542325,0.4440641543886037,-1.6953508988171204,4.499612379181665
1165,1.5209713659465107,1.164214372233288,1.1383513870162913,1.5142923334438405,1.1640534776198612,1.156182739373486,1.4959331194048313,1.23008703189936,0.8342335380613278,0.815670331421871,1.2334844460682066,0.8425509690356806,0.8161687854936807,1.6049698441429447,0.9497955697305424
1166,1.2603504313534737,1.0371322966890348,1.0129435502722408,1.226246935954681,1.0220433469255885,0.9943457614890501,1.1202277450320601,0.8868757951925879,0.6600745924178564,0.6446480940231611,0.8792356525098902,0.6470323063696651,0.677155042165842,1.266004105475759,0.9572194528170495
1167,2.739223069410766,1.8108390337219793,1.7676643830227015,2.7511290043419594,1.819973681996624,1.7530253273963867,-0.008776944023656164,2.5843280148524808,1.6366881054518956,1.5976029186631513,2.5671163945800783,1.6215848796504986,1.591184791122307,-0.08118809145606268,1.9721896542893078
1168,0.6422964503722454,0.724280431011272,0.723231162101895,0.659978501418353,0.7146782283614095,0.7202151302584072,1.3288105178567766,0.4885148626610784,0.5765510088032003,0.5751064384957265,0.5273390109497201,0.5609821885966035,0.5683793372880763,1.2863586600151766,-0.49815295141714516
1169,-0.7406264666559916,-1.8246758731496386,-1.7863879520261552,-0.6974011572158242,-1.7967323096536598,-1.7903689515188224,3.1554856307416865,-0.6848378322380864,-1.886713477498717,-1.8480036457610058,-0.7013200839502617,-1.9037058252418033,-1.8439568750245947,2.816565716413975,1.4025742765041251
1170,0.7706574494661416,0.1087340048943898,0.10607586945416296,0.7789080778916627,0.10034135251622014,0.10289919025984555,2.4673180325097483,0.7450783189735871,0.0749956854838948,0.0731403595690024,0.7458713992450895,0.06576876934346028,0.07026679055689995,2.3671378620970596,0.6900901414351012
1171,1.6975994239029208,1.2993772567145363,1.2749148149870049,1.6944262228905913,1.289516878699535,1.2704910514553627,0.39532444624359075,1.7601105341714047,1.4171243917849614,1.3920062983600026,1.7427162716983582,1.428553054067458,1.40648265843254,0.17527852042732062,0.9450014284976135
1172,1.1494613277195262,0.9469424524455635,0.931705250570796,1.1606185438424055,0.9290857084878892,0.919191281506083,1.4794231034052312,1.1624696065316171,0.964141049456303,0.947137274499974,1.1752514961814533,0.9891846473350402,0.9266703040096569,1.2603423196056869,0.543283619893266
1173,0.3713927185271691,-1.5993460886869735,-1.5659612948618022,0.3659431507232527,-1.6020033473468116,-1.5982889985272868,1.92806459086906,0.5252677762916964,-1.6011769695922888,-1.5690489889819559,0.48344286288184957,-1.5692181342370508,-1.5878988571247932,1.6752510178252062,3.310611667992616
1174,-0.24259221995014482,-0.6755789788867027,-0.6582703668535527,-0.23136775351606936,-0.6693206700407216,-0.6551963077739228,2.486188688164509,-0.05509970940918679,-0.5159475992182453,-0.50353401446736,-0.04551520206651316,-0.48885820106075556,-0.4898287533211372,2.1525796062389837,0.9499525947070602
1175,0.1227555487763707,-0.2501877320957479,-0.24378853210620827,0.14246806558711456,-0.24822677806810933,-0.24674750586195424,2.163680054587199,0.23471722470095746,-0.17461191203010823,-0.17028008767483246,0.24121913841076126,-0.12495809040848982,-0.19677771268948982,1.8382370211245727,0.710610736217799
1176,0.8757754266106295,-0.8763840350795903,-0.8526145371433159,0.8745272402085513,-0.8647952977901562,-0.8547422503706299,1.5801462624547085,0.952818956689032,-1.048442777583918,-1.0192413952377677,0.9516787416889461,-1.035052352793218,-1.0054128982975281,1.6504365367414289,2.550268827376514
1177,-0.9248833835792265,-0.7999555293666901,-0.7825471026616032,-0.9337887924453872,-0.8054081190015229,-0.8171298333109257,2.823618536556304,-0.9361784665433556,-0.8169204421397321,-0.7982431835589452,-0.9124395180032727,-0.8291093141945771,-0.7904818757967254,2.6284083381045162,-1.8339789943424278
1178,0.17253132410250457,0.2266797343691775,0.22274825751261165,0.1513852627713499,0.2202924020793632,0.2128714168458015,2.1703956770548305,0.1991154324915291,0.25741781244969264,0.25257428061555603,0.20254105633037375,0.24127288485191992,0.27057790312280555,1.9204150327434348,-0.18738974219696788
1179,1.2065535450203584,0.8034240351385235,0.7851061455640109,1.2077435798433893,0.8012343255839308,0.8070235997399224,1.7425247176202767,1.2433291126711856,0.8206573425611502,0.8011198259547911,1.240542543609803,0.8320426727446051,0.8003537829166394,1.5953956531799494,1.5827106871140486
1180,1.7856504283875034,0.11325441211457535,0.11095025172377423,1.811443759099377,0.11016946999964024,0.08898388353375271,0.457405039169767,1.7611387316270082,-0.013875395433900426,-0.013569204315458909,1.7706925407991825,-0.019793950852885288,-0.0211734408583508,0.2998480198428799,2.9705719825734183
1181,1.8814550723284826,1.8334116125721907,1.8148232908269808,1.879178061215424,1.831791326785505,1.8195775954186988,0.919130444289215,2.03069941715533,1.9986366675163643,1.9781270315572201,2.0293593826074816,2.018646698777681,1.9740739771358367,0.595355475481747,-0.018941075204214956
1182,4.431698168890345,0.9526169529150903,0.9422535618683274,4.414386679787683,0.9384631853391466,0.9529010223786691,-0.41598906978723765,4.527154050479734,1.078920228777007,1.0674004547674698,4.527481931632488,1.0971593695829163,1.0981768381771926,-0.6201933852631966,4.607618379465937
1183,2.4326168494534417,1.8847522705158566,1.8394052539419183,2.422187310353788,1.9083029382119396,1.8444423143520587,1.2721003780588769,2.4936080170573818,1.9137685911681648,1.8671835327467583,2.496124463164477,1.917455972156171,1.8814845792520125,0.9578598821323427,0.9393433037843156
1184,-0.44518223519152206,-0.6756284681498806,-0.6550485592629026,-0.4661019770870783,-0.6708724625890804,-0.641584801019942,2.6690145026442473,-0.32605930348384454,-0.567458325591627,-0.5503535319629582,-0.314732847082271,-0.5581554110788873,-0.5632146379380741,2.4544783675873894,-0.4445917737179434
1185,1.0880152513330887,-0.22175141914997926,-0.2215098852076433,1.0926960575841584,-0.25798576303580406,-0.22929423724528067,2.0079786097413246,1.1867838454270954,-0.16414666454414667,-0.164096167393064,1.1848954156801965,-0.1250271491442612,-0.15535242146038272,1.7621178950019107,1.2436265209720174
1186,2.2268274649252473,2.5474695259847993,2.475427983637556,2.2077589624955705,2.5306801716108933,2.47927178511351,0.7779296098855348,2.1954211778830284,2.538543387831826,2.4687027144667617,2.19300939278183,2.5420611554485166,2.481716715138498,0.6548614334386005,-0.25208825913843236
1187,-0.4190911804050759,-0.7997924365037813,-0.7697881070569087,-0.40431558313034915,-0.8119014912598983,-0.7534601691373302,2.3530784627322916,-0.715440492733471,-1.1956823429768848,-1.1498633221444639,-0.7121898169684668,-1.174316298087082,-1.1362877366031312,2.4601045347339023,0.578537700182158
1188,2.1289267006730936,2.078825577360246,2.0511371958358002,2.125527849099383,2.0769143779415082,2.0515678530061137,1.199442794351472,2.0007398438464854,1.9498179112131935,1.924053269391575,2.0063216984940304,1.945184501197367,1.9171051318847572,1.1024756874584434,-0.10821902958555746
1189,1.6542317701844254,1.9809918791116696,1.9342192991594929,1.6627864357074935,1.999634673521577,1.9292191010629647,1.3387815736258328,1.6833981012702561,2.055273532337391,2.0082327597467544,1.7078941129778307,2.0577158581162074,2.0001408167566774,1.183438337184237,-0.658038843285282
1190,4.212100739843539,-0.6141338495136335,-0.60570550203413,4.214762993425175,-0.6202519671365568,-0.6181645653227825,-0.9894576648254206,4.418616432478868,-0.4917558662414164,-0.48580952439453046,4.405204544432097,-0.5140557464040171,-0.4783131294114464,-1.3846849836724657,6.499348466684089
1191,-0.053344472138371284,-0.6205266564508006,-0.6041514093026221,-0.04995148240265649,-0.6138480002467256,-0.6045397362370025,1.8543186955022377,0.041735324703274776,-0.559680985954496,-0.5442275702309345,0.050075582249246714,-0.5594508973119064,-0.5421850894460186,1.7280728768259233,1.1040988369012756
1192,2.4371751396565577,1.192714412015816,1.165906363880257,2.4337926819836366,1.2004032066971837,1.1668855046303341,0.696403525429593,2.5073119267201682,1.176030545711344,1.1506283961513066,2.5131274105724963,1.1788684103856844,1.1417956044507869,0.6075807343136216,2.4122460130719325
1193,-0.13955096590438204,-0.9911218524167273,-0.9649904293548,-0.12918400841460254,-0.9958172532942182,-0.9662383647471474,2.310909055470161,-0.12270138500257004,-0.9891342786428694,-0.9619086928809886,-0.12695226845808638,-0.9927666068037214,-0.9441781901195412,2.2261916767368493,0.8214168467889235
1194,-0.8378357806953567,-0.832048968728979,-0.8173667505227791,-0.8057539034215989,-0.8223597715308193,-0.8098732057810983,2.4342436638502294,-0.7650397586681531,-0.7609295022661594,-0.7479381394822681,-0.7556310372059359,-0.7644064660343508,-0.7545102865870421,2.3058621174719365,-0.46604046564725427
1195,0.43550950069750083,-0.5627863417764701,-0.554424515408192,0.4347610473132199,-0.5654080913755803,-0.5492927740060884,1.7324045103779204,0.5315706074068375,-0.511831487688753,-0.5038777856078144,0.5295212118175389,-0.5243672473057676,-0.5172175379318804,1.5439385962582712,1.8118206480987484
1196,3.301864324851414,1.0985551517782215,1.091057981874961,3.3006605519240417,1.0886113478283894,1.1081845146624132,-0.14383379832426577,3.475302990604955,1.1767701330872982,1.1657440695528816,3.4786393383222762,1.1868806418238833,1.180028859384965,-0.3365679543906834,4.034121165731128
1197,3.390232665568892,2.688666974026198,2.678246456319886,3.380616413881629,2.68450633787619,2.6758660889867674,0.38202612067680913,3.4250701325815167,2.716262988470453,2.6914717816423206,3.424527467798419,2.718423096677771,2.698442501458027,0.13726495414618756,2.407384789225679
1198,1.3108442612697304,1.1193029017260099,1.1162339381264261,1.3319784141510984,1.144751105822926,1.1022804924981675,1.3322579452748162,1.0601901599992285,0.7957677007655387,0.8018423587137576,1.0557615797003397,0.7788742117391025,0.7869812546342091,1.2077119089069772,0.9610434403231566
1199,-2.214926091878612,-1.564575067259381,-1.5331245965579963,-2.2029695956941833,-1.581599639550939,-1.517250168600968,4.054659812191296,-1.9310981970269565,-1.2267286163883018,-1.2009431713576437,-1.941528599867797,-1.2348487592120387,-1.1962255135873432,3.816890382678194,-1.4367035777781583
1200,-0.3883105634139888,-0.42320327831709154,-0.4177819465050565,-0.3963782756132972,-0.3924121842715525,-0.4031012750374986,2.7683592275648996,-0.7388442513473092,-0.7935507203472898,-0.7818818192778781,-0.74319489208182,-0.8041785997698571,-0.7598184981160224,2.7134918459464523,-0.30962862087516546
1201,2.090251307442344,1.1913198255530637,1.162942010452659,2.0940950845660073,1.1894370596963368,1.1577124589160512,0.5432027591007788,1.9866776251497207,1.0789824668570456,1.0537596334994532,1.9803176741847253,1.0556166107337135,1.0464284933547785,0.4074417905372075,1.5894127212332445
1202,-0.750500544111785,-0.7586762902548123,-0.7457135403023126,-0.7546735690560897,-0.7386042121159865,-0.7350340816554658,2.5023342816308163,-0.7476619815085961,-0.7538385599457345,-0.741210427582208,-0.7485760714444438,-0.7753578630195586,-0.75748432491455,2.3803518571640336,-0.5461608875014248
1203,0.18101325482657835,-1.5675200023882199,-1.4921055362283582,0.1742593094604698,-1.5633381881476969,-1.4889252713161232,1.441622530744706,0.36842281008712086,-1.419766218458804,-1.3513206032672984,0.36882364189190775,-1.4179918956401667,-1.3533819524487245,1.2075459160413249,3.749425662520849
1204,-0.5945372021267127,-0.5537592229184465,-0.5371194363832745,-0.5908688080146349,-0.5462676807991849,-0.5547061338766234,2.711415981155618,-0.5631141868804136,-0.4800065214360758,-0.465501372356638,-0.5724246649134866,-0.4990651677041702,-0.45732782627647955,2.499582087347938,-1.2968261775890182
1205,-0.3750271992835131,-1.4180072423231778,-1.3679766237623698,-0.3810195224779534,-1.410178668853793,-1.3663011581022904,1.7496498758620298,-0.25319848901802205,-1.439799077836937,-1.389217779580896,-0.2506191436139245,-1.4442855663149274,-1.3848205916240115,1.542495622803301,2.681394716947625
1206,1.8929514557960663,0.005929407926816225,0.0057915283468220795,1.89699543279968,0.0037799591517346967,-0.0312117627443961,1.435572457699154,1.7980386749176638,-0.2676884372442559,-0.2613991536503756,1.8072814787444758,-0.28839442047196934,-0.26784943800953787,1.438326300127716,2.3342497433108402
1207,2.628010437180866,2.0495852408526374,2.0051708466063345,2.6478394428309993,2.0591528491475595,2.0181991741668996,1.055228639329893,2.7731064626005377,2.1827333825431046,2.1334621838342205,2.7888316170628085,2.1912537966318424,2.1319542632446815,0.6733670605887667,1.7730575181588841
1208,1.959746678098663,1.3015853168972173,1.2850987425812996,1.950726363267412,1.3088135993101988,1.2865968360761468,1.639717168049105,2.0462781323458823,1.4059492553076662,1.3876188644174843,2.0243030557912305,1.414712482222585,1.3886342162531624,1.4038072374118749,0.9858221322024312
1209,0.35446311772625727,-1.268082170731767,-1.246801554962818,0.3531626668534485,-1.2822005510082335,-1.2688716164201406,1.5816075578688489,0.32845024164138154,-1.3828059605746361,-1.3573101139106758,0.3302963149307013,-1.367607366719408,-1.3824234067423522,1.3878800660377866,2.3619368261657727
1210,0.7262445835110114,0.3342680354587419,0.32828430074110543,0.7198594966012744,0.35175257556134526,0.33350115634184074,1.4832285648128236,0.6904342329762705,0.24430797794752232,0.23970590397295907,0.6883261613484405,0.2594965625410686,0.22737727113784373,1.287568937165994,1.031750849905663
1211,-0.6406053225880418,-1.1801414474442262,-1.147650348217244,-0.6377200879257426,-1.181011396418481,-1.1371476975907737,2.694419580250173,-0.5924366828294045,-1.1745628018962322,-1.1417138468220278,-0.5874206637740091,-1.1659151399111511,-1.1131707850217822,2.494414573804597,1.2606029705249406
1212,1.7534150469125835,1.2854108461595164,1.2637029561097521,1.7512680983069484,1.2962311387338403,1.2666224851030738,0.6290482587897505,1.7394548178085887,1.2533606963083457,1.2317543456123594,1.7402075360091036,1.2587625237271214,1.2399115181131972,0.5285590310001158,1.404234588351887
1213,-0.024469679489290838,0.23150721666548105,0.22478060817358936,-0.0695247233231141,0.21288997047661032,0.23246700902600004,2.226858113224693,-0.26490186760266876,-0.03268042555009585,-0.03190239611076741,-0.25345100855253466,-0.049981537038735854,-0.03742375916439578,2.161223971092752,-0.8990645084172052
1214,1.1260942874363675,0.9616585037768391,0.9359486296042185,1.146907012609152,0.9588108060442998,0.9203673777751521,1.888371475603357,1.2896460822960836,1.1187060493860839,1.0879362080741442,1.2844553830898222,1.144149547184313,1.0976767811997352,1.5979208754292493,0.5160829882696208
1215,1.9696234183081924,-0.17514769371460806,-0.17135852578216654,1.9769918402811397,-0.1916085160329384,-0.17190229154168454,0.6283151812875317,2.1841491817943726,-0.05138963713230159,-0.050282925586735,2.1742713975700187,-0.07580207780833842,-0.05462904529037926,0.3221752880258179,3.9001162721500866
1216,1.32976614858691,-0.3212538579281545,-0.3115930388194545,1.3078750548394864,-0.2920655346051045,-0.315857532208432,0.5657269829692547,1.4015479228276446,-0.4247486791542226,-0.411515707498677,1.388486541846274,-0.42158364992371333,-0.4160276262655951,0.4341264004944449,3.387320604017878
1217,0.3866077456949155,0.5074399836917896,0.4958184028384897,0.3951520312487002,0.5142796596513871,0.49522038502161775,1.488015495743021,0.3161863516602448,0.4515477780269714,0.4406389479072131,0.29587691719580256,0.42660553142020924,0.4445793366143294,1.3899543419845304,-0.7556601177734826
1218,0.6052556273977683,0.3324394470771794,0.32723405245330595,0.6074604407493124,0.31231939161411765,0.3556935211145071,2.4953088815233175,0.7846477940356774,0.5177972040072307,0.5085250289124218,0.77580327777014,0.5397390091751382,0.5156854393824988,2.095326133671546,0.4998870640339601
1219,0.13193733543931535,-0.046615458290531805,-0.045296779559659966,0.13485066690457503,-0.06250187976086936,-0.045003543178404756,1.8556187752295719,0.1634058840160196,-0.01630395002250305,-0.015844053707122885,0.15842062923760447,-0.029311282168007356,-0.010893298085906819,1.6454154272828576,0.27317354317513165
1220,-0.6412833607620074,-0.5600395551071987,-0.5564271736362126,-0.627435003752064,-0.5482243089383118,-0.556758890719009,2.9405343795702508,-0.6822070950178536,-0.5827039554497261,-0.5792450186610228,-0.6776424455515557,-0.5810301610126591,-0.5606639600611663,2.7483363263323883,-0.9150090628411908
1221,1.160790024954874,-0.031148143359416985,-0.030361245349874607,1.1419671739935495,-0.030143154351096126,-0.041050045634472815,1.286695169109605,1.174076749673298,-0.11190028894510447,-0.10901643267959908,1.1860054326401168,-0.11348382486986332,-0.1327622227073362,1.1067952978997389,2.279960120858597
1222,1.523075326476533,1.2769906679439054,1.2453105895953052,1.513982216722113,1.2789679880208211,1.2551223411406365,1.1151541489616028,1.6526251728513526,1.3983336661682506,1.362413875054845,1.6514966770418649,1.4057664967809165,1.3605839172947167,0.8110302364768099,1.0094991004912726
1223,-0.951607874255309,-0.8464132252180597,-0.8374796859967524,-0.976163377348538,-0.8229034397040117,-0.8486489506329986,2.8560500597989322,-0.9259326802151049,-0.8216486846089658,-0.8130304067571346,-0.9707972502314692,-0.8187748822674127,-0.8066291371669609,2.596492231826224,-0.29510450820609235
1224,0.16038629742011803,0.2854608541233334,0.28330774908266815,0.16542187094833127,0.2868224499038041,0.28561641734888515,2.0428245528892597,0.43108882125401493,0.5729935445407929,0.569745400056998,0.42403049274434973,0.6539477405227836,0.5740630750110668,1.5686650079869051,-0.9123796749340732
1225,0.06495341452138492,0.11080952376208664,0.107529258395045,0.043983894577841035,0.11072798875384422,0.10850949862901449,1.9858022646753322,0.054185899326110634,0.10863361352833867,0.10555519752282237,0.06715791321374766,0.11726508118208688,0.11827045181577944,1.7725534815341724,-0.9159232018049347
1226,-1.575155218190514,-1.686981918097493,-1.6345306789597456,-1.5658473679053115,-1.6848010237130473,-1.6445389197568512,2.528457805158759,-1.4869819671462805,-1.5258962214118368,-1.478519491552845,-1.4756879477027973,-1.5097706206676227,-1.4792601423890526,2.435660672966958,-1.072251757676398
1227,0.9799711320029639,0.005113497091038764,0.005014281527214499,0.9746950255219441,-0.008006080005990077,-0.03226538383355632,2.0039608406243556,0.9331961725514522,-0.07415293944637073,-0.07270705099704154,0.9567525859765513,-0.07705266818267267,-0.08275649971349588,1.8928854319758919,1.7578866985421602
1228,0.623116832250814,0.6784592381007332,0.6613024940290656,0.6212231197454405,0.6978212925449576,0.6502062625631146,2.910159211542061,0.6289621114013644,0.6797650752746514,0.6619136616687855,0.62952301219124,0.6825374497089747,0.6674779153904333,2.7395611682741743,-0.5464347068391461
1229,-0.8408513646084921,-0.9447310308438578,-0.9271306846373191,-0.8004200151285568,-0.9686381863149358,-0.8877850256616749,2.446682513965774,-0.6319735700445516,-0.7744694639140165,-0.760390612587745,-0.6780062429243392,-0.7004340565200087,-0.714665730112899,2.0183524831053004,0.499633946723506
1230,-0.10952817652053078,-0.5360698410727924,-0.5217285179711507,-0.11055470726723356,-0.5455216512195996,-0.5253003718691568,1.9857160883983547,-0.06582557923704634,-0.5027947682526094,-0.4891082269345501,-0.05745561045294268,-0.5102940324961661,-0.5067703047633006,1.8076009152646457,1.5045748579771394
1231,-1.7798736500550212,-2.246619785396005,-2.1373007137239677,-1.7756678393847833,-2.2452670826136347,-2.1393582532538065,2.7705500882490424,-1.8118643470568307,-2.3121496993211617,-2.2002969408878066,-1.811965363715154,-2.3217154055764935,-2.1964088198144047,2.7372735635793544,0.7300475495052527
1232,-1.0529551470017935,-2.8698397713947483,-2.797229855020723,-1.0616430744181575,-2.8871807399253973,-2.8025234431903754,2.387671966866818,-0.8442047320393637,-2.9164089758616187,-2.838410784519254,-0.8262141136318834,-2.922122680344428,-2.831875968007468,2.04795170301415,1.7010095074883538
1233,1.3620133525387135,-0.02380825497758312,-0.023209120870471476,1.3808027452245866,-0.020147221374092448,-0.02070927919331107,1.1642185939298166,1.5518889613896878,0.05211732899715211,0.05087200115593637,1.5687722845241305,0.05174433779030848,0.04022411584593218,0.9260269296513843,2.335503115652571
1234,-1.5416265344499078,-2.210128893614709,-2.151746881184981,-1.5422162359947191,-2.215715892002149,-2.161769555140847,3.228294603980432,-1.603253096115053,-2.3569835429495463,-2.29408043390013,-1.6004538649656406,-2.3841129983237597,-2.285439264306843,3.0720955840569966,1.3150677217132491
1235,1.375841146263865,-0.36573542934515585,-0.3585086719450115,1.3732102620629447,-0.3660131543565823,-0.3569043095102496,0.9317042785402632,1.240839924574675,-0.6457537736649346,-0.6325662237151799,1.2380034358714629,-0.6501169825339074,-0.6105167087782529,0.8749927048341957,2.919437935890427
1236,3.468011947250843,0.07222993504570739,0.07102870996550187,3.4989584058257246,0.05984246953184172,0.04131424648013122,-0.8636682121405482,3.5162576189040236,0.004391253497222285,0.004320203231571464,3.506955073925876,0.031131623042558874,0.02025676972478311,-1.07991286223097,3.7838078927498464
1237,1.526101905611623,-1.3750756637206156,-1.3492957494918707,1.5209915991413951,-1.3770884198313036,-1.3378807588494408,0.7154035398754242,1.7576958620218444,-1.098091026818012,-1.0748500201911075,1.7701289732122993,-1.0916582495754346,-1.1011344398700433,0.37163040288739796,3.3884945375631506
1238,1.6333107713007595,1.695802418922582,1.6556127868954613,1.631975964212491,1.6899184485809695,1.66632148668157,1.4236608324109654,1.5643588260696895,1.6185930493153766,1.5784836130695958,1.5559062824585914,1.6090948680192243,1.5796229912737276,1.3091791916393658,-0.5198380230700816
1239,-0.3304178612233651,0.0014432618495246207,0.0014385003502380923,-0.30858869700430697,0.0008496545667057253,-0.01902763342051536,3.260451899310957,-0.5221560710070666,-0.17610011035131712,-0.1751645167681406,-0.5555003648451449,-0.1337254038231484,-0.21140218634305524,3.102695699798919,-0.6647470759564449
1240,1.6308129358485082,1.753802083721714,1.697488347700971,1.6324388576386213,1.739756653594079,1.7007860283334189,0.23768074527749508,1.8798015329358826,2.029032183130062,1.9639149039773962,1.8788678590488639,2.0267272095533597,1.9602607722141472,-0.10841778111183929,-0.2441594977096827
1241,-0.4639298251746439,-1.379945480420395,-1.354010958439172,-0.47080293490903896,-1.3892426337215062,-1.339635437070329,2.5042071054517043,-0.328862477582554,-1.2924997811172472,-1.271061179440282,-0.3155955969596355,-1.261413566906994,-1.2529695582840084,2.173866507965062,0.8710746547694228
1242,0.39319161935088187,0.49806497061270877,0.48798766170096464,0.363034897859724,0.5095670511651549,0.4813383667428564,2.5261442634711164,0.42991515497369026,0.5101799295054478,0.5005051293865314,0.4220152562250963,0.4964381650943448,0.5092898286475233,2.382312195496927,-0.06889853352666056
1243,1.1276333076294187,1.0258282444906375,1.009631146887474,1.131007862067209,1.0328602238319136,1.008651049028152,1.710949632803406,0.9718106849099463,0.884240872731163,0.8693838488506227,0.9514772824117765,0.9122503063824998,0.875060327431902,1.5133456757180699,-0.14175207690075048
1244,1.4494680299934923,-0.5556403040287365,-0.5453762849999078,1.4542088610108046,-0.5562678668575621,-0.5343739444951144,1.743854153803489,1.6066206018277542,-0.48181719251283484,-0.4733691356678941,1.613485407820322,-0.4760478092664822,-0.4578039743298678,1.443602675782889,2.555699204298705
1245,1.0844002800306514,0.8463189397446785,0.8261556083831049,1.0834988821530613,0.8295212715760886,0.8204338599510154,0.7030883284531859,1.0888080121100256,0.8468897403346246,0.8263101615688292,1.0878414647006034,0.8555454069510546,0.8238651727304438,0.6202592644195237,1.240504214290717
1246,3.730168360908111,-0.010744567754278303,-0.010563717666480076,3.7389875200559666,-0.02796240806760976,0.0013893016201527001,-1.1095503839905365,3.9040039794493144,-0.16034488787719967,-0.157487106929354,3.901580756206273,-0.16242796923940495,-0.17178609549098545,-1.3887096672287378,5.081341783386503
1247,-0.48567678132300224,-1.0011508744643383,-0.973239250068353,-0.5062500407644767,-1.0115570101201494,-0.9769011096287753,2.6328113919087266,-0.6356629720647211,-1.1739722805514958,-1.1424079601706947,-0.6284126089500007,-1.1882978705752898,-1.1580714703614199,2.549317776859748,1.27867091134049
1248,-0.8869365750378926,-0.8566969971541943,-0.8333942009259618,-0.8943614821459528,-0.8590461622830795,-0.8196237201968131,2.9993835463271883,-0.8334757155030428,-0.7910434636554013,-0.7696945137230531,-0.8391000548376476,-0.7913566524727604,-0.7535838286708205,2.7776532396064,-0.49066817608518276
1249,1.2712419897962333,-1.1301759292777944,-1.1002543785346839,1.296256855847735,-1.125821858258837,-1.1065160224328696,0.7448429987330326,1.761303757592335,-0.9866297108612152,-0.9615098852075147,1.7679064004227074,-0.9731201500879131,-0.9648728966763213,0.30215751640250427,5.470037196751189
1250,1.8981030479882908,-0.26201498179076826,-0.2608264911792817,1.9069442298273336,-0.30359208334840415,-0.2259025402190325,1.2376798953203687,1.784162847344975,-0.4585003075391083,-0.45469673569436153,1.7828546099667497,-0.49320236477512513,-0.4620714537734085,1.103870683084058,2.643952238855978
1251,0.9750890035796973,1.2186085795847286,1.1840896684159223,0.9754368979828715,1.2174627248051786,1.1815252102445943,0.41840796942836334,0.7081634825517967,0.9986082343392187,0.9710577533677142,0.7143978795540998,1.0197584637082904,0.9870061904016169,0.44556155538931735,-1.0378532495966684
1252,2.190510045764903,-0.8296452278627977,-0.8096621476001788,2.1931088331511237,-0.8409802228510991,-0.8066549816547056,0.7081068513276602,2.2073576395427845,-1.0130160071954932,-0.9885765255922734,2.2056754533689684,-1.0097980539043347,-0.9969564028311257,0.6782354049448156,4.2075598458721215
1253,0.9746880956387636,-1.7707741030000115,-1.741897417904596,0.9841321251766917,-1.76335388326756,-1.7495237211653434,2.236169312958441,0.9830135133391742,-1.8325337035880476,-1.8021376030746117,0.9895058542758927,-1.8335029463040993,-1.7898163309039437,1.9503702121770583,2.9586814651256588
1254,0.5396409261710888,0.5670816208021873,0.5536591865219878,0.545282609075792,0.581296817479415,0.5552802764944635,2.666632313756486,0.5362529456626751,0.5610878096917085,0.5482723802640309,0.5277339882447556,0.5387594198667707,0.5185681459381861,2.505508740116248,-0.5801252136415791
1255,-0.6534303342326766,-0.20101451717316135,-0.20051451274436358,-0.6579301375660354,-0.19502493320408834,-0.2131536380777172,2.714790556330665,-0.7304608324048939,-0.2850392306987652,-0.2849002545281314,-0.7540434258673537,-0.279257479037021,-0.29783402519550434,2.5672431403923905,-0.5324951783527905
1256,-0.5843006190897045,-1.2070482816917771,-1.1735243854492474,-0.5602782348983659,-1.220269154487379,-1.1701185525043285,2.5957839676652026,-0.4994795663264933,-1.1799584406855457,-1.1434817007528273,-0.5159340746344454,-1.212419509600668,-1.1432596185474875,2.3389467501251033,0.7845923090682021
1257,0.43098261215823824,-0.027540838505085347,-0.02644018075644261,0.4262277089791886,-0.04053092056217097,-0.032908698355427396,1.9105347810930877,0.34848560286598623,-0.1225956253834648,-0.11766231357565388,0.3490627771255504,-0.12256593153047843,-0.11977344876653234,1.8406375476371906,1.7557439662052632
1258,0.47451856263061565,0.5472503429597726,0.5354414764286511,0.4571708996151757,0.5466294685817578,0.537182477618206,1.770287349311548,0.46129255160193594,0.5310854678596071,0.5188706658753753,0.45200023710887954,0.5259209417187928,0.5221856292604456,1.569976981141221,-0.10647372050307649
1259,1.2591336380051892,0.2233817849194496,0.21874563473351005,1.250441908804649,0.22781198897330596,0.21721260158965386,1.164452732308052,1.3151903384948092,0.24324615257174456,0.23828491490049505,1.319420406054967,0.2362274897346761,0.2548147614490023,0.9664394177359565,1.8558165599061034
1260,0.9631495933978376,0.09935357438147197,0.09846618564579498,0.9554406102756462,0.10173522004237355,0.09639484485760973,1.3253249434875944,0.9973611992871221,0.07597134651482228,0.07543363983365983,0.9955579869063036,0.08281654319994208,0.06736565420189813,1.149415328976284,1.9145266242490486
1261,-0.9411856451309835,-0.8671295428193062,-0.8613070261536254,-0.9431926326032788,-0.8582936589307483,-0.8778340850702928,2.7753454786730214,-0.9569321974187939,-0.8770944260351156,-0.8696104147027978,-0.9580354969598771,-0.9052094865909734,-0.8697380326209817,2.5241930570486635,-0.7257930162780301
1262,-0.0013745779724785583,0.150161048395648,0.1466788233592852,0.001655585989950841,0.1633743551401696,0.1373670761635219,2.1873642227799963,-0.1532301451994981,-0.004802508889708453,-0.004688439910082215,-0.1439411188240221,-0.008942016239578575,-0.0012421164504580278,2.1886090593715717,-0.7839910476600598
1263,0.2110966168272573,0.313395228328773,0.30419054553944336,0.20427477114599754,0.317515002133598,0.32989768472469627,1.5483846261640333,0.16915917956710463,0.2732787201968664,0.2652336271449838,0.18758407958813367,0.27367975308437803,0.2946857244349402,1.4517618407883282,-0.7321050360332054
1264,1.5985299334409346,1.8936096778519065,1.8396931189716927,1.5911038774263164,1.898523958293975,1.845736375958657,0.25482621915278264,1.8095225848085195,2.124853692289404,2.0633496489910326,1.7994097272366683,2.104337443967258,2.0775399985949647,-0.05840650308601299,-0.9803781604225663
1265,0.29488283095596945,-1.2962816460145599,-1.2552814742061944,0.2597649605411718,-1.2973941167255376,-1.2516301037933915,2.1585537892826325,0.6061783619148854,-1.1789103605944484,-1.1439895277023386,0.6293735530401837,-1.1743639178365175,-1.1562361607867866,1.793385843776374,2.640807268687877
1266,-0.3547693857160809,-0.2167530002980668,-0.21661585967997676,-0.3750696852410752,-0.2081574654344337,-0.1980377868630329,2.9045860425888104,-0.18360587658784136,-0.031549832660562084,-0.03156733911490412,-0.17100965276622057,-0.07558066062027291,-0.04132454881010847,2.574250053136825,-0.46857909480571397
1267,0.5724714129516869,0.6721728727724011,0.6467455313833366,0.574814587188983,0.6728964849787269,0.6413539040091215,1.8522365498297448,0.561356351795503,0.6644383383962371,0.6390715802337151,0.5612585351227167,0.6689066806581372,0.6450509827631148,1.7632546217517697,0.8467025677280792
1268,1.073776262706297,1.1845859112529813,1.1483122044790233,1.0787559378581855,1.1776216752303057,1.1705399633555513,2.0560925787308504,1.0448464278456648,1.1701647746848822,1.1353763095276537,1.0506758842928028,1.1724932417529024,1.1420586003992612,1.9745817515726816,-1.1070046772546152
1269,0.861495285729727,1.0951258684384777,1.0713671089303456,0.8475615642054205,1.0918766821395889,1.078019007997944,1.8173181675394576,0.7786952764072591,1.0221969781262006,0.9988060706400321,0.787458412872162,1.029209782700954,0.9941530181802948,1.6961022880534495,-0.7353139949007845
1270,-0.4995632965738787,-0.11054697589223156,-0.10864860490365304,-0.5081361353804374,-0.11414993307292838,-0.1280288525964928,2.95072668407677,-0.6458655857503373,-0.2189167136856627,-0.2151246923681314,-0.6793364095456156,-0.18548414595219576,-0.19650397170918554,2.881918192167487,-1.4644932544328935
1271,-0.8821703956133621,-0.6324450343890422,-0.6134395550292855,-0.8818822304777061,-0.6264072420356657,-0.609460884989668,4.1636905756955915,-0.9458084166824814,-0.6839511396257055,-0.6634563006165953,-0.9399834251330794,-0.6735377128109337,-0.6658936813991106,4.021692675094558,-0.7532710183939059
1272,0.8863483920989365,0.9589023953039699,0.9368579098062355,0.8814466838606883,0.9781843469185861,0.9324116729725548,1.6099306805720195,0.789297074569566,0.8841858677247594,0.862786308498022,0.7900016523617209,0.9022852293184398,0.8663401492780315,1.5014188320796604,-0.18769570743189798
1273,0.46176145352410364,0.7164171212573917,0.7107325115750504,0.4645291347369069,0.7108286190381542,0.7170351324190968,3.781873206271385,0.5744450967114851,0.8096634598780655,0.8017494266110395,0.5816191301526035,0.8003852404995995,0.784356272510572,3.514542767507906,0.6447971218936174
1274,2.4433847517146545,1.7944035473194766,1.7414648326657576,2.4417133960336144,1.8025307842318719,1.7372772791182902,0.5771434690383647,2.334716298225232,1.5996603166709467,1.552986699620601,2.3315323613070875,1.602271843219172,1.5440054450174279,0.47917030892421963,1.5925805097165877
1275,1.7828099845443743,-0.2800799508281423,-0.2732466632145712,1.7632519645214642,-0.2792314046219455,-0.2642469456409218,0.8462551420118851,2.0249531089125963,-0.10715679062670727,-0.10438020246344705,2.0458992377749228,-0.09479363029127578,-0.09447304813469766,0.5032912821669778,3.006741953526211
1276,0.28033395854100596,-1.1395672672541144,-1.1157464559684143,0.29062439880116514,-1.1422738222611766,-1.1068916118912497,2.2219277951903735,0.3283607025508275,-1.3211694716315299,-1.2936596097641773,0.3280249030075879,-1.3218948732635483,-1.308263241931316,2.018644239990068,1.108971416757004
1277,-0.05690057055289401,-0.026600715747777757,-0.02600845160292476,-0.06622628033683561,-0.01002007257812445,-0.01877788496719023,2.6657853805253513,-0.04887264865657937,-0.03872939952360862,-0.03788498770962108,-0.042007580220812225,-0.0373367487525699,-0.03725854720490934,2.5366048366222715,0.5807767263514471
1278,0.5438632537008509,0.8645138337284874,0.8491959334555785,0.5604935322246978,0.8517429440522972,0.858245499287101,1.6318355212115487,0.6447371913073001,1.0788838932879714,1.059743440062208,0.6781865736303101,1.0460080896740631,1.0464286843616946,1.4320670533086324,-0.13132517503654054
1279,-1.2576047448980452,-1.7204962794089522,-1.6713675348102457,-1.2646157715720685,-1.711417530176903,-1.6765053157902614,2.6717328367729847,-0.9770227063037732,-1.417081784462799,-1.377923453556504,-0.9748416259481264,-1.4241395253875357,-1.3967504839079625,2.2950394913084216,0.14832517512965845
1280,0.4325369120090912,-3.4903679582729334,-3.4584395212789034,0.43218314502640903,-3.526236384454551,-3.4344822722879806,1.7341123990339473,0.6361843042230675,-3.809811422506518,-3.760584566294424,0.6266800761015189,-3.852802755749085,-3.714359575366603,1.4190284289674382,2.508621231665311
1281,2.005856903135054,1.5958501552186095,1.5755101279415193,2.0055640229445975,1.587116151650326,1.5791740538303929,0.5801659053514712,2.022083438866625,1.5686973066237413,1.5497322242620706,2.0184870409060243,1.5708095983180013,1.5470777738992292,0.4096098042210411,1.325366029012593
1282,1.7024563036592377,1.2513056754195622,1.2509061107952373,1.678280212904772,1.2391226211428092,1.250715346509405,1.3494072140381754,1.8811723880079172,1.3844198045100355,1.3847021836320565,1.8743118728175399,1.4057063340373526,1.3995384099691848,1.0099345377641076,2.0459295952597505
1283,3.5797973626898467,0.884478895682497,0.8702952274712332,3.60174012705858,0.9083311153763294,0.874726564213329,-0.1622845927824116,3.5835175387421754,0.6874392558249891,0.6752287258852839,3.5894193623863444,0.7049013238521217,0.7040136939597418,-0.27846426438276567,4.231739254543623
1284,0.4167739547008256,0.20527834079387708,0.20248243770961616,0.40933953702927767,0.21199054016175387,0.24651281784459997,1.8358238875611659,0.0630444432755402,-0.2824774619162204,-0.27869160297172507,0.07072033209244202,-0.30791127923459927,-0.30704256209284264,1.8862064815337407,0.010978654993904853
1285,0.48237081692493433,-1.1132599258989706,-1.097312706144681,0.4941749295340874,-1.1159533155388617,-1.0989153376867655,1.937395763938454,0.34024985091527127,-1.5812605989390556,-1.556704662583227,0.3387152980631469,-1.609759360865937,-1.5664780106910676,1.8619929736166703,1.4431232716026832
1286,0.4443833563472384,-0.5479744561733526,-0.5362524865197995,0.4627136788910112,-0.5529098402340293,-0.5677042564640821,2.7004612247917925,0.4080438092146853,-0.5778678430498017,-0.564520629092911,0.4710607813939018,-0.5952882274985426,-0.5754058541125691,2.509790435109826,2.120802585237966
1287,0.34874403714011026,-0.21935445610921855,-0.2167434996928008,0.3440414499996702,-0.2270914675130818,-0.21488362414396792,1.78444398008359,0.3752083410688834,-0.25582503456335876,-0.2530460500255239,0.3729630682771808,-0.25546174738290955,-0.26155414404303895,1.5820744495989378,1.480142713654459
1288,2.1707715632693523,1.3027116211636551,1.281952860513661,2.1785277120492963,1.306619770239529,1.2706355315998965,0.6700702613871373,2.3367217436696306,1.4080141493804417,1.3840265174072062,2.3416825890693094,1.4092970329470331,1.3682646001990582,0.36237713410161126,2.0755519009187844
1289,2.131839263136444,2.3220611347050326,2.279487302596686,2.142604715963954,2.312354498189299,2.284915386697771,1.5056817558482098,2.076064464114803,2.277305720541619,2.2367411974281617,2.0583428314370043,2.2881479491685095,2.2425139409935015,1.3351673161499593,0.23824720832835772
1290,-1.748562900288735,-2.1613696244846996,-2.0859519974540803,-1.741240319065139,-2.16966414135599,-2.0735264285360016,2.800519508353551,-1.6219895043473178,-2.0301790151127013,-1.959506338289839,-1.635274320701896,-2.0478216211216758,-1.9356043000028171,2.630979382710214,0.08763252437637399
1291,1.1221845011237817,-0.0601790296929491,-0.05907403626196548,1.1206636996971355,-0.07511213540581252,-0.05159738751620638,1.3434666507849695,1.2510340945614091,0.044900508527355124,0.04410214715549194,1.2522670353007987,0.01614559414122217,0.03532552744899986,1.1221171529790386,1.8620795389131335
1292,1.6584485189259088,1.728050068116878,1.6894538012845557,1.6511037600352794,1.7195093577115532,1.6826040568804965,1.0985898691811604,1.4442657162057337,1.5400833825404108,1.5045652047359106,1.4536486274927325,1.5266120721449807,1.4996196900993224,0.8853236243820651,-1.5744681451862097
1293,-0.013473456735637506,-0.4979919338135586,-0.4830465246904216,-0.013479179829000596,-0.5230096419851484,-0.49571513304366843,1.3633938529497098,-0.1370992532932545,-0.6678797772228965,-0.6471290428580025,-0.13732875171055328,-0.674377446164749,-0.6521483494449762,1.2662845797643256,1.4522307949902458
1294,1.000968776262612,0.5457918669894221,0.5332463193283793,0.987224255798305,0.5464865423027978,0.5716802190283868,1.1325481304254854,1.0353852125236724,0.5499203054814301,0.5368996257737918,1.0373714516123251,0.5300026037779293,0.539810916063582,0.9412264149476695,1.6896069972750547
1295,1.1132378652343895,0.6084566533541345,0.5947808430232703,1.1160206381628568,0.6013795240458194,0.6046549570978195,1.3948980023581887,1.1852427634299507,0.6204627847582622,0.6048627277743512,1.1898703424623072,0.6082241555418011,0.5871044645903133,1.1881727712004007,1.216018713427834
1296,1.9355228300838132,0.2764847480852061,0.26879527318209684,1.9445556189607038,0.27062658408484713,0.2571036186328585,1.1846649018387345,2.0222360705969247,0.252361158481635,0.24514100186966561,2.0266649949057576,0.2604523217515012,0.24065405207107243,0.8753540017763766,2.7686722405762194
1297,1.390210732337944,-1.596984653995878,-1.5465432189912047,1.4012308958075173,-1.6125234321925954,-1.5506666807991456,0.9980691025254975,1.382973718315577,-1.8497868635500334,-1.7877687199600318,1.3846755617547422,-1.8514391576095113,-1.795480439277948,0.8099791253513883,3.3323242344014212
1298,0.5534188921199836,0.36800332649690337,0.35963202650619036,0.5436792276478506,0.33977085546177654,0.36646215325736403,1.429981568677859,0.5857094210150654,0.3963744705684097,0.3874528581294542,0.5692206849838187,0.3838726784903069,0.38702430235443025,1.2597467892787024,0.8488963351372825
1299,1.1937415967071943,-0.38682539808168337,-0.37852186759772616,1.1653362843796324,-0.37711090245345835,-0.3957997854040077,0.7103245326598852,1.3338436474228224,-0.27978713226132984,-0.2735803246250399,1.3320423986055785,-0.30013445387307724,-0.2532055413062987,0.4515393898265547,2.5925980822815364
1300,0.6370116663823984,0.41734721082597137,0.4092697682514921,0.6695984517341995,0.4183908400158806,0.4438699921840647,1.3787315779007623,0.9187708139915266,0.6780866956296835,0.6636831616978208,0.8904381190423808,0.6841537946320024,0.6637339337579672,0.9653425212726808,0.33903669614535237
1301,2.338823907871742,-0.9258960276707456,-0.9203815557587195,2.312983576423499,-0.9315374909354894,-0.9381138202194691,1.1390912084466116,2.3725008967321797,-1.0256609170725377,-1.0160412758602253,2.3579253407341807,-1.0131125263130016,-1.00171386294037,0.9766422531903658,5.419397947387357
1302,-1.2648785510070806,-1.8199553310187475,-1.7613725528412925,-1.2625814554158306,-1.8190079559267684,-1.7739458574052875,2.602514535656767,-1.2207811612114703,-1.8432892510367567,-1.783580645167881,-1.2158756040140704,-1.8379521804789853,-1.771776665479401,2.649819960122535,1.744722816250259
1303,1.4554530325233361,1.3627218400630623,1.3310747451831384,1.4730544586897063,1.3618919089382855,1.3217190011966313,1.6893263974159585,1.6009929015098978,1.5150646880720402,1.4799850051056636,1.6085513646834155,1.5182608413593222,1.4586005588200954,1.5232600708972068,-0.1162045984951061
1304,-0.16446151363618675,0.04265051458201555,0.04444834920740884,-0.16331163213161506,0.04281871349783463,0.062155594063935456,1.959765918104924,-0.17271997479054843,0.04801688242187711,0.049981799192253956,-0.18408233585974065,0.04661588406925045,0.04037992852129955,1.975688887838591,-0.7168932749389977
1305,-1.2838041862563612,-0.7694254652148663,-0.7569364501662423,-1.2928425623472966,-0.7646461545368527,-0.7692861214800352,3.2506405180650035,-1.4309903403811435,-0.8481875562656882,-0.8346680616266859,-1.42402211885104,-0.8197227666886626,-0.8684536140036677,3.162416432779679,-2.1777944035558217
1306,-0.15026625154251932,0.09579008386900735,0.09421918573246489,-0.17636108975655979,0.08262953929152629,0.10135029993003371,2.3973291821654046,-0.28849233413224984,-0.03239508831529203,-0.03186174736234678,-0.306433278851402,-0.01965876341223564,-0.021891191224062953,2.4126548016639493,-0.8396851163542453
1307,-0.47205655213851117,-0.5129657465972497,-0.5044623382309923,-0.466690878034282,-0.5198134500244406,-0.49880587816228567,2.6280583122799674,-0.4644289894077857,-0.5067559352062136,-0.49788278006185416,-0.47031508830428015,-0.49786953724108596,-0.5028729323044333,2.5662054662387095,-0.15433880791723942
1308,0.03396079992641672,-0.9085337372296933,-0.8737715322635593,0.03534546226408197,-0.8999925478335983,-0.8796289133363878,1.902745676783785,0.1418482955379337,-0.9150497590222931,-0.8800527116306528,0.14217251989034319,-0.9107464864664044,-0.8927243343068536,1.7999259450659988,1.8511831115871769
1309,2.344898686332441,1.4927804200407975,1.4724220706167077,2.33793682979704,1.5270093034223189,1.4701374645676069,0.4614297551756777,2.3617784093244825,1.4666661540570405,1.446593918608727,2.3753602587906393,1.4745842143230836,1.4476878611726705,0.2963028953516449,2.3701474560536933
1310,-0.43991372962899195,-0.36481690172307446,-0.35462464525624404,-0.4419259521447584,-0.380612774024813,-0.38550446312623665,2.562781277667327,-0.4888839022108405,-0.41187632021640547,-0.40036996894171806,-0.4934067469110091,-0.4172189146974062,-0.39673217697344537,2.438892334318181,-0.9724523140643524
1311,3.2070127229162884,1.818889082116311,1.7932996114999766,3.212783983724255,1.8223459229620735,1.7843025173265952,-0.28154078652794523,3.244302130783598,1.786459897158533,1.760912519496398,3.2377046837900534,1.7870908345065837,1.7550751674975424,-0.40619610885237234,4.179529508033042
1312,-0.026247318936984017,0.16430820562485157,0.15916597691215673,-0.01907210988932557,0.16601267325862246,0.1635290266293273,1.7978959052536647,-0.013926803288445366,0.18472545223072184,0.17850770762392104,-0.016257860390398275,0.17944040267413602,0.17923831361883513,1.7222798157009853,-1.2509260604835266
1313,-0.24035767511914932,0.28055076721045147,0.2732724009892857,-0.23861510776957712,0.2714589051393881,0.2813739170034624,2.095684527755421,-0.19122659306789744,0.3686172791694549,0.35915769133237063,-0.21207832505592908,0.38070458444831345,0.35303919935078937,1.9129637153429109,-1.214168521745699
1314,0.6307336227128013,0.438212462272942,0.4284248740707366,0.6449231385927465,0.4526324727012046,0.44343000029020063,1.5319540418317872,0.7582646565752684,0.5399921947104039,0.5279344539741139,0.7683929369824456,0.5404164945136126,0.5323046419942313,1.2247792038918168,1.1045950993010294
1315,0.6638027507719217,0.22045894864760404,0.21724537545001218,0.6490056971748406,0.18902790097776712,0.21818113353340374,1.46403637047652,0.6387178506582616,0.155839482087377,0.1533059381583401,0.660325382683873,0.13339495793528922,0.18255763898601782,1.2614738929410783,1.1270408635437756
1316,-1.8286160126815916,-2.3472982886597706,-2.312852875372447,-1.8278270388681663,-2.346535044119431,-2.3007236160693734,4.1054826196746905,-1.488174158803225,-2.0178526169811635,-1.9860179839846568,-1.475711247734273,-2.008527878243858,-1.9809465366595476,3.581049743972715,1.0102547037060274
1317,1.931253685675995,-2.085747964868281,-2.024761404562891,1.9257190237912651,-2.1004670749524332,-2.0130310811528913,0.9446286644487552,2.1104264709624374,-2.1779288304337863,-2.1189540866987375,2.108263163153115,-2.188750424701396,-2.1637694869526056,0.6993923592528911,3.7291642651730794
1318,0.353098406452535,-1.612524192408839,-1.5767151022711143,0.3408531465341607,-1.6056165597035512,-1.580492751798699,2.2971308704552778,0.49013216301923923,-1.5038666378414576,-1.4680376586506185,0.4918563833912278,-1.5047279635418835,-1.4598413079191734,2.1099401873539394,2.0941278090600703
1319,2.340441247525957,0.7666940975281122,0.7464100202484484,2.3558994461354192,0.7539819088405206,0.7440979796581947,0.3899031158535048,2.154837681408808,0.4022411720231294,0.39159016347901143,2.1549748968553684,0.40364818209482295,0.3716281163338398,0.3222437205905273,2.7436124107641877
1320,-1.3494114223866398,-1.317767253374094,-1.2959845735212567,-1.3440119809911755,-1.3196206743928407,-1.3077479519801334,1.5909904758294784,-1.3865842408187967,-1.3477746090636098,-1.3269477150246585,-1.399488029074477,-1.332765549985877,-1.3289533542405165,1.6278816325882872,-0.6230299151500733
1321,-0.485822402787534,-1.2462689856366629,-1.2197875264399063,-0.492249441704963,-1.2433691756609713,-1.2395699604003485,2.6661246502551483,-0.151336560526466,-1.1087223229862961,-1.0894447833455692,-0.15836876100928773,-1.114748449504235,-1.0891346395557826,2.5732068332424585,1.99477545988695
1322,0.975578729419734,-0.5515651313777147,-0.5324527079526236,0.9696913922897189,-0.5676756340540552,-0.5306379179788424,1.3646314482086788,1.0813884314244753,-0.5225208207240603,-0.5036977965144874,1.0928404635828068,-0.5407340442216036,-0.5193826114469702,1.0651069250994796,2.2028594496377236
1323,1.14832119435533,-1.1243243143602903,-1.0903164089368036,1.1579137398575006,-1.1173544826397457,-1.098476954388685,1.6682315139816495,1.4321168321127715,-0.95128243968341,-0.928296131157804,1.4276007517470435,-0.9636330342895687,-0.9113071585701306,1.3711433315662964,3.0903318404886986
1324,-0.7938244542690097,-1.1239333547246582,-1.0993074166028305,-0.793242360061681,-1.1745635242193437,-1.1005123634390952,3.3131373859666153,-0.6996680621511644,-0.927193962376193,-0.9084781786333262,-0.7057328699314738,-0.9428575840180864,-0.9087344817337687,3.0477178311570894,0.07629086264756647
1325,-0.8079978026338605,-1.7744607832405581,-1.7320364042512404,-0.7963655649264042,-1.7828316544343508,-1.733820053125025,3.0431396058510813,-0.8919094214997871,-2.0520968867357303,-2.0045397276329355,-0.8758212642954522,-2.0572139644874845,-2.0038471782991554,2.9528125585068663,1.2953927031841308
1326,-1.1446142748147838,-1.014895884898482,-0.9950748764580648,-1.1632794121778525,-1.0167739309896957,-0.9859467567021932,2.9977995061378873,-1.2396371721535568,-1.107974379545722,-1.0869004410410197,-1.2473949698886435,-1.1137542740224542,-1.0978654658704114,2.89343610254731,-1.1817979597512824
1327,1.7960994816853304,-1.2447596895446578,-1.2057826879652196,1.7790117260019607,-1.2471926747762485,-1.256920965374337,0.6494599005215941,1.8349440388781149,-1.2892502046240368,-1.2464923138032842,1.8294246480375098,-1.2939007157900135,-1.2328368410851365,0.5477589336029782,4.571596816776738
1328,0.2068311011346103,0.3327689761067746,0.32043434508903124,0.20232741752624284,0.33053703187330946,0.31920193714521644,1.6755444264384223,0.3117417667875648,0.45752039470573963,0.4405992297336832,0.3122782506296462,0.4487628078787715,0.445303009480834,1.459465759062908,-1.0474371115875543
1329,2.8138745736821678,-0.21172069394236154,-0.20799326820452588,2.8086187158975866,-0.2071029266793437,-0.1986586270335718,0.28524189501695446,2.702896925235479,-0.5204646803810031,-0.5109681665740783,2.7189391721560727,-0.5228495688445381,-0.5304169063167193,0.15519270918995046,4.442933667523073
1330,0.808822025144964,-1.8278953439758467,-1.7654709868489546,0.7915395306439551,-1.8247823147618438,-1.746621755802171,1.0149336334432875,0.969227014109396,-1.8928012559864495,-1.8296766350542129,0.981077414833105,-1.9067937463923654,-1.8310705297919287,0.8149903614370031,4.4397510127580055
1331,0.044727457331733333,-0.25849383819737576,-0.25273061688409587,0.045393240581987834,-0.27087261100651033,-0.2565829305021904,2.31227510761117,0.04868451082808776,-0.271348899311185,-0.2655093836604198,0.07485473446362732,-0.25572096758895785,-0.2548498318961367,2.2965034538420266,0.5480462324175633
1332,-1.7564852312410417,-1.9046147900887798,-1.8450744745613297,-1.7334682180217214,-1.9057548808497913,-1.8712222004840764,4.612212136709789,-1.503732664930936,-1.6996929084278816,-1.6446086233530015,-1.464055162421303,-1.7228568630198866,-1.6641644503631075,4.040926037734069,-0.23311575431719098
1333,1.5271183633468852,-1.3471301051819582,-1.3060084599173218,1.5118916352436516,-1.3476890350095447,-1.3084551578706842,1.1828837581356173,1.6889096990672798,-1.178257148649813,-1.14256942971809,1.6976263518194472,-1.178474973862135,-1.160277563731546,0.9622616803553774,3.1760175664481687
1334,-0.47158359374923664,-0.9635691720237539,-0.9360404172095208,-0.47375926667467083,-0.9539127501990611,-0.9535356428593603,3.186412241128839,-0.3639555865585891,-0.9062775478280785,-0.8800106489693019,-0.36947915089511335,-0.8970867125653627,-0.8790296796192688,2.9316772619357945,1.4839200464749787
1335,0.7435496173617313,-0.514474731002959,-0.509345247220786,0.7279315196625731,-0.4859082579642774,-0.523398388445268,2.0732762436950405,0.9908719899528221,-0.31069100962656676,-0.3080057058538658,0.9859960834819217,-0.3127911775840291,-0.31825589034767887,1.6233414258730618,2.16872697379961
1336,-2.1247599303079423,-1.9254836563006672,-1.866392762714731,-2.141366969683185,-1.9336868878629387,-1.8737603074143485,2.7666934440216013,-1.9768108485165075,-1.767028320035341,-1.708238374904594,-1.9685093776761005,-1.7868131841478672,-1.7184995002936463,2.593919648186272,-2.188193588145299
1337,0.9490625109631368,1.1591986123886096,1.1250989224839638,0.944632857273941,1.165943310975923,1.143335937245412,1.08397328528369,0.958460511975509,1.170516360681633,1.1357089974495451,0.9522719994299187,1.1617897633993728,1.110386029086802,0.9484490843828038,-2.073650431727887
1338,1.0018507808890362,0.6404735245203381,0.6282759758840751,0.9775180750473415,0.6138375214118925,0.6594415940597734,1.6126287591653594,0.9164251631741951,0.5301808347967837,0.5212275556076968,0.9381782651972791,0.5290841561416764,0.4870059390468601,1.405370496877666,0.41605826079619457
1339,1.7131785159082753,0.37809771022552896,0.37110192791939417,1.7168871289000724,0.37252173444324305,0.374513091658758,1.675730973603539,1.8544455239343907,0.4901071966466807,0.48127511650249916,1.8509994466208488,0.4800236725047184,0.47256108641219197,1.4406871198634887,2.6967319328063297
1340,2.174831349855128,-0.2829020388291529,-0.2770043666410336,2.163963610265122,-0.3018078998143009,-0.2867179607038528,1.8735119689349742,2.2298352232916585,-0.34578727749718385,-0.3383631299154797,2.2283296416744287,-0.348156924207031,-0.32202161362630255,1.7090496550897807,2.8309076079648663
1341,-0.05301902885464743,-0.4703295289609507,-0.46265797404250225,-0.046195000918175355,-0.4733193476365152,-0.46243603800438127,2.241907723385666,0.1423884576419173,-0.3260880233353362,-0.3212124142595399,0.14463950720334331,-0.3672899634674172,-0.36426443177842327,1.8734401591428012,1.4690921788397737
1342,0.32964113067864104,-0.36746198119768875,-0.3652840493647849,0.33445611130546865,-0.38241618234638564,-0.36748663170402296,2.1508837212364336,0.520470619991755,-0.22731962518790003,-0.22507507915583358,0.5225989746371364,-0.2145747020460935,-0.22242284021475212,1.9554072715456834,1.954580829457608
1343,-0.9092534679955445,-0.8208863830581622,-0.8106688860554634,-0.9037227955654752,-0.7898930318406132,-0.830059481774158,3.0050931388972484,-0.9981845503183805,-0.9484428204010493,-0.9325269106951323,-1.0014925229846345,-0.9707171554308712,-0.9203255287857939,2.8882528987019884,-0.6751082934901492
1344,-2.381733504317799,-2.433618740589778,-2.3881752865547803,-2.3829110387771673,-2.45991345170027,-2.367598890702024,3.9359450894585977,-2.5986783145570933,-2.649949020298367,-2.605462300230349,-2.5860730369089397,-2.6270719066186157,-2.6258774938565015,3.9697629244565493,-0.3581913742721185
1345,0.7305599184889099,0.7435386067113542,0.7256345283014178,0.7275739604590126,0.7496620186651153,0.7266783901221856,2.0739420676442823,0.8257258873721569,0.8339840645565897,0.8143613143795732,0.8293023387092611,0.8240671115677615,0.8031714858560794,1.8162390922056786,0.33972243330323315
1346,-0.5261485918898812,-0.4163152009370193,-0.41122916532945264,-0.5081861835668497,-0.412149152002053,-0.4094958584453595,2.7309607262176785,-0.4661669006332943,-0.33010165383287904,-0.325836747550865,-0.44116699825930233,-0.3117940833186226,-0.33820655726675675,2.615747982226882,-1.0355952812040483
1347,3.1948370282306513,-0.02775412453869794,-0.026881044334447927,3.196267006975491,-0.017323760771046557,-0.025118684332414792,0.42781506229093197,3.294667673949755,-0.056204193050413576,-0.054458124541686,3.2967881593420736,-0.054951098027996484,-0.062171545433092834,0.21254674314061095,5.07678611736064
1348,1.8138644162670388,0.7782398047233053,0.7628395311615574,1.8153153274038212,0.7754719690380238,0.7608243178010772,0.999538580422267,1.7528365723511887,0.6733190996200705,0.6604701998857052,1.7442616600677963,0.674834634448292,0.6654594482263687,0.8765837294871862,2.7584197503367736
1349,-0.6345831379470217,-0.4408509578345826,-0.4274344055959985,-0.6430113651091925,-0.41216153014302903,-0.43312771572199754,2.959286767619236,-0.6769902067298691,-0.41104064720569444,-0.3987614235593164,-0.6937762178296812,-0.39909005498820177,-0.40444936170214124,2.741484536118279,-1.2833369572674567
1350,-0.24175386590444667,-0.30334097574469093,-0.2966101729860455,-0.23684578171363688,-0.31472874432830716,-0.31360273849068426,2.035792942386132,-0.6005570151997045,-0.7749644343440475,-0.7566692550669767,-0.6019560431606729,-0.7762413998706085,-0.7560396637399975,2.135960223283177,-0.2995909613208845
1351,3.1482333392596846,1.8806950332554293,1.8468763561396493,3.151932027362405,1.8778292362915041,1.8385562707576926,0.3154192300571686,3.1082029279401686,1.781007618203927,1.7491606794812513,3.1188819009034336,1.7888158594983457,1.7468796161531488,0.13640733873311453,3.161055568947307
1352,-0.6038370390363723,-0.7654067737237541,-0.7423974573545034,-0.6082982553053442,-0.7647264347253834,-0.7463479267103332,3.0543299656689613,-0.5406136523401691,-0.6776670576473447,-0.657935278865941,-0.5310645432162765,-0.6867008678720433,-0.657547004660445,3.0168186615889603,-0.5746536028473195
1353,0.41951337545700035,-0.3364875025691903,-0.32806900989197335,0.4328123431304903,-0.3498660617715895,-0.33322667480248475,2.0265930091094577,0.5114656339100337,-0.24677368372927191,-0.24093419091485946,0.5193352287173577,-0.245593338034646,-0.24169505326471313,1.773868450738272,1.3383287741933099
1354,1.3006816537956511,1.4103135697091926,1.397044268733627,1.3088878904914,1.409996066886188,1.3950931338761106,1.4988297804578985,1.3907530279371427,1.5074919474861812,1.4926545236733335,1.3941243975612472,1.5124160961158808,1.5119697684061224,1.3130739652521086,-0.647139721097397
1355,3.088504844076962,2.5760700803712213,2.51979755044854,3.090787726934329,2.5741321300885893,2.51766728342214,0.4268091878556764,3.0019323716069324,2.4593808000033635,2.403217945095247,3.0063555258958177,2.4707706391086997,2.405180095293856,0.2250018512487995,2.172029588860726
1356,-0.7705419046362195,-1.4769845180620331,-1.4205910958957124,-0.7679527739368832,-1.4756508960938464,-1.4104277654533035,2.14815271748349,-0.599965025511223,-1.4100643820335053,-1.3564063751229247,-0.5893417465534806,-1.4086418956996891,-1.3582866809883,1.983637185003506,1.8149759841328625
1357,-1.774188640082442,-2.743007444036288,-2.6840544717946986,-1.777047242127431,-2.74704095242619,-2.707631617888638,3.2848082254453934,-1.6340540749818677,-2.6515524518299665,-2.5990115614423077,-1.6488321037473637,-2.6372382072797085,-2.6023568314216092,3.085913859967091,1.5000476024964469
1358,-3.671476585067711,-3.449548640619802,-3.3934761988207613,-3.6797690042850455,-3.4375860131544425,-3.3954874639433723,4.9450024583149075,-3.957408334899547,-3.747759686263765,-3.6738718291256784,-3.9515866943495466,-3.7514169133524295,-3.7018246683487033,4.9557147769668735,-2.18143458373938
1359,0.3775839111812908,-0.6463309946733082,-0.6266332192565713,0.38325721119049155,-0.6581666314754993,-0.6372797828577317,1.3434564876975275,0.4789498487505984,-0.4868805233826893,-0.471676899003941,0.47030683109324384,-0.5306665740150442,-0.4844822465919123,1.1039737971295123,1.9950401360586942
1360,-1.9459986509712224,-1.7313036777947752,-1.6605688846150382,-1.9434675202685616,-1.7399642218440923,-1.650952959770272,2.5549650072974983,-2.0261265212516015,-1.7682685861298453,-1.6966356753716199,-2.0491163867811024,-1.7736475865072785,-1.7018829070412724,2.6363917321113988,-0.26624603626158183
1361,1.6376617014044241,1.7049367631197894,1.6948858754314693,1.6445111727366488,1.699823132546927,1.7099614125954916,1.5036161837930246,1.5945906025258691,1.666757584319944,1.6555768199753234,1.601190161940413,1.6686624966896093,1.6723811586133988,1.356606580362077,-1.1242344724947695
1362,1.3433037421870444,-0.045660212093977214,-0.04512626005735527,1.3280576160134088,-0.04684508905868711,-0.053252284000373316,1.6266628088470927,1.037559899572725,-0.4183865859792891,-0.41043358848428046,1.0684451480646109,-0.4539253427931706,-0.4000487576976366,1.5602530175252036,3.018348802371487
1363,-1.4202302712064503,-2.0595977322534678,-2.0073701819281924,-1.4230426519439832,-2.0690606650030148,-2.033883250910912,3.4485992430667918,-1.4610280753868543,-2.195514285266801,-2.144417885888254,-1.4544878304022895,-2.2049277740537825,-2.152365362367784,3.3587740766273115,0.6202143781964488
1364,5.17821967889496,-0.04624752822361619,-0.04510457192100816,5.192882517075679,-0.050880044948397374,-0.036197908376107014,-1.6211240431622425,5.306016447129696,0.007156850497368067,0.006970928031771495,5.312822393992745,0.017874391009138842,-0.005438813832379805,-1.8134850806063674,6.581239352971948
1365,2.030622256364301,1.8617143837452579,1.8091354580185781,2.012792354334656,1.8578350992234296,1.8085282413807673,0.4195561111251302,2.114124985056695,1.9362489535131686,1.8804467247348386,2.1160880513271554,1.9283829359306952,1.877531432319856,0.1745739072698272,-0.089235373759285
1366,-0.2973132826405082,-0.7171135015957061,-0.7007475443120371,-0.2841941197767742,-0.723387744373214,-0.6978665038006082,2.556877841793412,-0.21653474621220062,-0.6781093918181534,-0.662378571845752,-0.21326050318355075,-0.6840374771146098,-0.6521064818127472,2.350053177746757,1.0265192321653704
1367,0.6758232293284154,-0.3246989842285577,-0.32011330711297936,0.666486602528397,-0.3452459430858249,-0.31992258676474866,1.9889686818659025,0.6816657696086742,-0.5182404137525941,-0.5094073826508941,0.690779769599613,-0.5236074120681946,-0.4929144727770613,1.811764786254293,1.8559898656185458
1368,-0.8122628436820809,-0.7076179493354875,-0.680102891871497,-0.8201879700042134,-0.7028050319802811,-0.6610663721427861,2.3753797149397715,-0.7330242549091659,-0.6356683270995326,-0.6118763580929173,-0.7507822132707775,-0.6171856595227114,-0.6402980823947692,2.2856700495005122,-0.963486059561018
1369,2.145659495458447,0.8040982860223729,0.7871572000951793,2.160126075330909,0.7992804073097685,0.790344717546721,1.1517618005926358,2.3004489469627205,0.9047115464282198,0.8845971406280727,2.3007673071270727,0.890060101644931,0.8823149663636313,0.8558714729135843,2.8436084322586463
1370,-0.5823174886322917,-0.4051014739154549,-0.4027052135393467,-0.5796161131403307,-0.41832076215371083,-0.4061912619851353,2.352529871365928,-0.6070779027229614,-0.41240080545429336,-0.41012460682581214,-0.6118164507046798,-0.4174778830477159,-0.43541548704914707,2.2677346930588187,-1.012568333891582
1371,0.815408822663032,1.556767786910571,1.5245757929879185,0.8403036570415485,1.5442501614489927,1.5241911264261794,0.9228565174423405,0.8627596692917794,1.6730841185802776,1.6326786010913774,0.8917566000509305,1.6521013843251706,1.595613509447744,0.7128298774857517,-0.873100124727432
1372,1.7582543934677157,0.6224630979964626,0.6039263729463131,1.7590524602004942,0.6211100287834878,0.595293166209009,1.2177869992072596,1.820597860747268,0.7307541427108147,0.70954591061928,1.8217620757312503,0.7567995971081483,0.7048152420055402,1.0505530417652664,2.0225344225657027
1373,-1.7309763998438061,-1.6916547371593678,-1.6681992138767578,-1.7152405236440311,-1.6972026735574144,-1.6618367760324768,2.7841876504663055,-1.6509669515221408,-1.587375460120252,-1.5625404841589259,-1.6466364375215443,-1.5722605846816298,-1.5721607785096905,2.5742042127724623,-1.145849457779467
1374,-0.8021466695207399,-1.4571392803410244,-1.4306494064142095,-0.7950620554575024,-1.4475410072999622,-1.4394942908619346,3.2447759764273787,-0.6348817993701229,-1.3498287384214414,-1.3226729796024392,-0.6406312164164609,-1.371337548547694,-1.3317787158256889,2.9001694593250273,1.0956382506729236
1375,2.0411033097858455,0.23927869264230256,0.23372349025546132,2.0444080236649445,0.23628291207274282,0.2314816946073545,0.9476609494336965,2.1462015906533103,0.27387498284412704,0.26752834162686323,2.130013296647744,0.27359247818006255,0.2625112772280423,0.7500006271498744,4.072405492630303
1376,2.3186081938031196,0.5320786223115753,0.5125960080443023,2.313046820902859,0.5272989630665469,0.5267151458303505,0.537682258433527,2.410224273982456,0.5216906482092182,0.5018151146564573,2.409293788263293,0.5175667804500986,0.5014407840306139,0.3686182749606872,3.8855954066539993
1377,1.7359699130454334,0.9298171082941129,0.902650805480297,1.7310666676429487,0.9253646164409852,0.9407092703639375,0.43743734222989733,1.8184886564792893,1.0172552797064682,0.9870920459795054,1.7898316527163793,1.000316930911045,1.0052464172692628,0.1849620329341946,2.0278876864972144
1378,-0.6350188520448723,-1.0575772933075298,-1.0233612205418772,-0.6258160421297924,-1.0333737997941106,-1.0322779809518345,2.4276222895939505,-0.3461199363384695,-0.7595450849569747,-0.7345196730170097,-0.35227391925247786,-0.7753200648676987,-0.7233195771153399,2.0996373625899207,0.5858645799187682
1379,3.598216377527596,0.9297292317515138,0.8893141431997048,3.6105842622822744,0.9237419147489307,0.886438287740268,0.10635842037900625,3.7891104158677282,1.020330529415436,0.97498642671077,3.784864183873375,1.0333721814707317,0.9655978705208864,-0.2088953119526563,3.6959714281101954
1380,1.4982398392811387,1.7490062905373926,1.7138606672387457,1.5117847685074388,1.7708347136314047,1.718382555016767,0.8330261115434205,1.1387616686235547,1.4021735245705904,1.3760211612746058,1.1169338730495333,1.4022536993024344,1.3864057426420489,0.9113338949260438,-2.1227656126364365
1381,1.3828872441545759,1.3791072440703391,1.343294301244822,1.3745713532598165,1.3870953248502143,1.3499113972570602,1.6895847423722041,1.4923019443444245,1.4662668296988242,1.429554458918701,1.4796044411649691,1.4554208019928485,1.4250884619480044,1.5396224222744568,1.122281358818618
1382,-0.42263769329181067,-0.2093486302748457,-0.20208169594670256,-0.4262862611024329,-0.2178511603741311,-0.1976163866944196,1.8580728820311079,-0.5806335460903292,-0.3221696225288964,-0.31161393798102777,-0.5910287661160325,-0.31591796143532014,-0.3133154509428385,1.8972986088052453,-0.7229586128250496
1383,-1.2112392065631539,-1.2388051771015058,-1.1921158795072975,-1.2094491072608915,-1.2381356563874306,-1.1883809774887049,2.759251990297651,-1.1869039037918927,-1.2155733183283841,-1.1698806068673218,-1.1816889147723986,-1.2277983211452694,-1.1797876988579679,2.793594935558902,-0.8360555262662496
1384,1.719867761388474,0.8863169585087721,0.8890290793371146,1.7030771925840222,0.8778313738749279,0.8811874805106276,1.1922684235979202,1.2791400953906982,0.23936195950530526,0.24006331093581842,1.3089849737933823,0.2695313708704412,0.2146389119775336,1.169470523395702,1.8669829449241366
1385,2.5477291248092264,1.6481834421770534,1.621165618648491,2.5553403930841756,1.6357937631012243,1.632164178454763,0.5418905221230582,2.6169474615628974,1.6752089048727778,1.6476269927517668,2.6103577273979517,1.6710124977972023,1.6410251457583376,0.3314784719186926,2.4696055684835327
1386,0.4682796079477573,-1.3722777930419408,-1.3342176812022346,0.46970056263961213,-1.3699144750961572,-1.33837930652026,2.0322295693156276,0.25538369471477784,-1.7946312271443177,-1.7419554814049052,0.2582016613974676,-1.7984642891859204,-1.7452106183634153,1.9613717562420354,2.7019321282335023
1387,-0.0450737823104284,-1.457010504792632,-1.4272569827883128,-0.041597895092185394,-1.4520942835554234,-1.3876910698212934,1.8081153981587406,-0.21304862773437167,-1.832294995455888,-1.798531345550606,-0.21938154468299292,-1.8196740206451747,-1.7944060191958908,1.7339321288913898,1.9038774603573625
1388,2.0691310539697185,0.7677343744232393,0.7517380065697702,2.0523033132131534,0.7671340136082364,0.7466628705492633,0.909938546458829,2.0168834608225823,0.6053489729752236,0.5922504267476155,2.0048544431641853,0.605776584006752,0.593305695850472,0.9050520959329975,2.470620912619189
1389,1.1594337302502402,0.902512591076049,0.8885174533925078,1.1548049131092752,0.9047227266006824,0.8769470807702242,1.9556715690489508,1.0715560824122516,0.810818371598104,0.7988252482131655,1.0820846739763503,0.8199056609201066,0.8165764976000905,1.940130287754573,0.4538311135005708
1390,0.8230637267596114,1.0840925591646156,1.0590697522570334,0.8265632245923453,1.0749716251702468,1.0746384560701898,1.4520153468972876,0.7862029360653682,1.0539065188215917,1.0282730738150445,0.7971280979240746,1.0695753455012664,1.0185093918412431,1.377646063162178,-0.8358334735136319
1391,-0.8984224628430233,-1.243602855249504,-1.2370346694040064,-0.9250050822305382,-1.2595287126302026,-1.2574483785854156,3.6139194500136513,-0.9987191372906028,-1.3883227267348182,-1.3715216018227028,-0.9834307136748226,-1.3835315293013681,-1.3658533051457553,3.443888193639847,-0.08177948780314194
1392,2.169443576999798,1.220960480282521,1.203797763848226,2.1836682376946905,1.2326147074602294,1.2175214637674834,0.3431861631428367,2.2735874616218434,1.2785283166040784,1.2620375849939158,2.2841323630823065,1.2715401639146593,1.2595781014356608,0.042288672184457865,2.336879203445003
1393,0.39978057418196905,-0.07867438952626422,-0.077062647261445,0.38799651710075045,-0.09122223369723757,-0.0435513675606991,1.0161421940351598,0.4949679600505808,0.01713814858385945,0.01678881605865111,0.4986369237306923,0.02959144376782469,0.0028955583863453493,0.8716553270427604,1.8319319832578078
1394,-0.014884720941808652,-0.2975802638658016,-0.2930238332593147,-0.02718651509612341,-0.30410951939424286,-0.2660342219891365,2.4650110537693353,-0.007326758892237285,-0.31717861994901364,-0.3120359558724231,-0.003999755004855489,-0.33298909016095024,-0.31063690835691615,2.2236808585834673,1.2111197186768012
1395,-1.4323272049381737,-0.12650492126701798,-0.12404723253362308,-1.4107956304915357,-0.12138922767654617,-0.12625390923314095,3.3445651333743496,-1.339590393422989,0.06973689343009518,0.06837663344447367,-1.3520835842404468,0.06758939610449229,0.08163801409409571,3.1940336757287735,-1.8716448341824385
1396,0.1593448597177878,0.12837934646593058,0.1290083860603043,0.15780916311510698,0.11624574517327041,0.12919127868270847,2.430494232639297,0.09306085613235955,0.0602426874747054,0.06046758811774578,0.10340083349879547,0.0833165645900133,0.05997785847776976,2.430352706726389,-1.3594286396830908
1397,0.02191633345932384,-1.1931547819445993,-1.1731214714980704,0.023542639665002453,-1.1981208241968442,-1.1792498763841723,1.7123414641891732,0.06384355595445754,-1.251089029936931,-1.2282332820032111,0.09281641175303279,-1.2371792048382906,-1.2275608434446719,1.438299841613154,1.7412151070499373
1398,0.8081160439584232,-1.1555849933282305,-1.139785352031662,0.7861000735339221,-1.1527681085387989,-1.1431803822769666,1.315202894220106,1.1247537086171557,-0.8525509362840257,-0.8394046366541978,1.0893326014682654,-0.9041463498935303,-0.8229832026046846,0.8651053180415216,2.029094824599899
1399,2.105966563698874,1.8300835366385977,1.7884207795404616,2.1093752398599124,1.8740692149537168,1.7912985686183736,0.18147690027324503,1.8024184083800252,1.4882579149572064,1.4526471790940036,1.8103937880513319,1.4498837612209186,1.4467142171815415,0.20113277929534118,0.9878657211312571
1400,2.358796324191565,0.8286591939124471,0.8079855925923493,2.356484722117919,0.8270650583175096,0.7949219211057177,0.6959990701467189,2.379531610059798,0.7524800165224755,0.7330593363106422,2.3752437293483633,0.7512848110488689,0.7278098005052029,0.5951818049025152,2.387848948132009
1401,1.8938344157401052,-0.14528971940552876,-0.141950030576502,1.8888830852257732,-0.14157945177554312,-0.14765427498886732,1.1409831059357258,1.960846783688855,-0.134404255707406,-0.13131701279104777,1.9552980256572177,-0.13584504286457236,-0.1219332719650141,0.919133096532769,3.478106405099605
1402,0.46299198572119815,0.6163064103159561,0.6064301153129412,0.4647282529677492,0.6357933366973167,0.5998708721648661,1.7754117013404949,0.27807783553711524,0.46980517887282464,0.4600163806835047,0.27584134558367573,0.45959869202462245,0.47945125363602875,1.4753601492427395,-1.5963481011181822
1403,2.9861015767375503,0.6912672502724904,0.6730276548394102,2.98796754678275,0.6772465117337921,0.673288704824142,0.17231973968943437,3.035650581456504,0.6304127818237213,0.6145068267298537,3.048423351922737,0.6169565510542332,0.617836643170263,0.03795550041276402,4.076165421352131
1404,-0.8553680055426138,-1.95137656269429,-1.9091174254706782,-0.8278426271663787,-1.9946120242155274,-1.8812084540744047,2.203020719686398,-1.10613550990978,-2.3542645403712923,-2.2995162108196743,-1.1409500204727743,-2.3920435906897115,-2.294964124767254,2.336954173230598,1.266114419895199
1405,0.41596217761343923,0.0937303483124421,0.09248146257648543,0.4052622205039478,0.10401970563724346,0.10845843871099282,2.060829758319804,0.3313655745897189,-0.014739646636101068,-0.014547424181107672,0.3410367858356918,-0.01536399926168898,-0.00620295760759644,1.9630959310990728,0.5460503425015549
1406,1.8774242941880053,-0.5268526647181797,-0.5169405504416217,1.8671116501438234,-0.5077208313390068,-0.5309516911996812,0.9709125154190235,2.0137734489841583,-0.4392582833787804,-0.4302547539711209,2.0178471496168213,-0.4202430403050186,-0.43650118577225117,0.6673661361920371,3.1646821485343586
1407,-0.7649516826914666,-0.5791658690124288,-0.5635311508343926,-0.765138062997192,-0.6076423208486734,-0.5754672889685521,2.6299468845921083,-0.6313130425546846,-0.435493752085486,-0.42296632656793653,-0.6231022269093949,-0.4350543147176335,-0.40643988531703795,2.2591794941548025,-1.0110661889416508
1408,0.8380381740246476,-0.5571907476078936,-0.5523873882607018,0.8309839431688347,-0.5667739726332356,-0.5240885829814902,1.5669331117831746,1.0135160514901722,-0.4035768244046077,-0.40101042740604986,1.0104295497009745,-0.36845835928571946,-0.41203253737715917,1.3018618217510518,1.4754108411173303
1409,0.4721730885600416,-0.07904637878421399,-0.07678879316565564,0.46528814096767596,-0.07264440067610109,-0.07306151857185228,1.9041192806898513,0.44047608479321004,-0.17442187993597186,-0.16935431611198976,0.44895801468944674,-0.17025237136648935,-0.1483988207618493,1.816391984065662,1.463150610945936
1410,2.814076874402079,0.3519728882688949,0.34687431695581583,2.803169628804168,0.35284447597783136,0.33927395244374436,0.2875018950493027,2.813642980763301,0.2828864422375505,0.2784810319614662,2.8049484431124863,0.26811957457028035,0.26841604273417813,0.12168904449367526,3.23586712595297
1411,-0.16839830779449963,-1.8030372906301164,-1.7905779367142167,-0.1674005896813299,-1.8095028137544762,-1.7894614206822526,2.887356723036082,-0.1913246805266162,-2.025197573659369,-2.0110265183067937,-0.20016702836287317,-2.0148988795358975,-1.983639814265856,2.857820345004392,1.9190436639036885
1412,1.2816698651223972,0.49317592896999346,0.4781662552401581,1.2747287870463682,0.4969704478782316,0.47466478525586425,1.2429541479993478,1.320683802697817,0.5208055309307784,0.504845675093198,1.3208227779103365,0.5214924679452673,0.5031946819232707,1.0557861261706798,2.1532932645616376
1413,0.6971300004926466,-0.4944632214717538,-0.47895220555025014,0.7423865876034903,-0.5001865311802286,-0.4635692582640618,1.7977549663112127,1.0183161576320445,-0.2891944086064207,-0.2807968745964205,1.001164111488091,-0.30698817324139216,-0.2998430439512685,1.522259579013416,2.766568917018892
1414,-0.9707421811031375,-0.8583337782518202,-0.8389437811042958,-0.964203934697577,-0.8475941108733647,-0.8510480557791532,2.790533137159382,-0.8636971649104664,-0.7308710648911887,-0.7137143328023726,-0.8586164248191301,-0.725337765690724,-0.6799912301567543,2.569003059923827,-0.1451572508560279
1415,0.6048988222048582,0.7452181138358461,0.7254032411732583,0.6270861326085758,0.735449261611765,0.7494255711401213,1.160366630519653,0.8787142408728303,1.0740552472176024,1.0458091906555895,0.8983286127797284,1.063542587181998,1.0415071484494094,0.7898555326153981,-0.7194300589193247
1416,3.1392100371844314,0.6181918713278932,0.6109305976238834,3.117039015785583,0.5949937493275437,0.6142050874111605,-0.08333606317238412,3.418434439219156,0.7337141406349358,0.7241914942555311,3.4085988406436587,0.7209198456039531,0.7161370622977112,-0.5575047081022477,4.771143445382778
1417,-0.9026826790604553,-1.3900264489711895,-1.3688944190671348,-0.9209443145072136,-1.4049968995394295,-1.34326440574356,3.1536157738260715,-0.9244811512288393,-1.4717061088732368,-1.4511057663419136,-0.9307957460407994,-1.4703121303590914,-1.500982853971674,2.9981317886882257,1.0660570612716915
1418,-1.3319151358221777,-1.4068952849563603,-1.3670691845870417,-1.3377016546347944,-1.418857652314477,-1.3744123129527017,3.040250413953314,-1.5447089787537174,-1.6380565230779538,-1.5897532568875161,-1.5682971113789013,-1.6597055488999628,-1.5715087808283672,2.9815551485827223,-0.3113374819073877
1419,0.348582799218506,0.730636838292372,0.7180755521078519,0.34819000025725055,0.7114612759651109,0.7082499138854076,1.6456496132710876,-0.0019113286460799188,0.3952834512529077,0.38811914950134924,0.015081185137864736,0.4052380213295852,0.39828158807964015,1.629677502341171,-2.2722545312639495
1420,0.9987238433961789,-0.3276253324580398,-0.3231779853567389,1.0021370545991173,-0.32085317638398336,-0.3173689836216294,2.00884687330847,1.2237304681960588,-0.12234832696245974,-0.12078364863673752,1.2181908875562801,-0.12467044763109944,-0.10831367278954136,1.6480777548339567,2.1404410605455655
1421,-0.9886737447270285,-2.171364987118166,-2.1166838319394548,-0.9965738081142554,-2.1590088379605135,-2.127867305088552,2.4248388337530726,-0.8244213966297188,-2.2163315596101416,-2.164640626278083,-0.8086788429115026,-2.2325575654467102,-2.172706674486003,2.2660179379893166,1.9118457283008206
1422,-3.1304871687901534,-3.104236224967742,-3.0404284012336236,-3.1482100101195165,-3.0959963600728804,-3.0361229860401795,4.696347786532026,-3.1629702342900905,-3.1592718468977306,-3.095123475448797,-3.1816811686938204,-3.1573835396661267,-3.1143080416739006,4.5257096864922595,-0.8118605434570675
1423,2.7091527668047997,0.025553870232893336,0.024813560187945706,2.7139056554776553,0.026760899792291817,0.020797704512767873,0.8787583158718645,2.874191617594364,0.17498548060932886,0.16954050923357644,2.874807497298428,0.16326408526170405,0.16517910787664222,0.5419201075368746,3.8446794765732073
1424,-0.3723790214611405,-0.762444703833303,-0.7546443037062847,-0.37432739068760784,-0.7415232098341977,-0.768572037485734,2.7952988757034896,-0.4375938437180882,-0.8425029772404443,-0.831310942874944,-0.4182013247379597,-0.8216388322656532,-0.8135465618411077,2.6846568667897697,1.2909305932450759
1425,1.4906013259763342,0.84051556441555,0.816415015036423,1.507889357464957,0.8414728885220569,0.8124328454526654,1.4908167549645495,1.600882154237833,0.9507910180333418,0.9238909639323768,1.6090623073233736,0.9486212039812553,0.9202496166303611,1.137326480699095,1.555912667001047
1426,-2.9150785957997067,-2.5570035039840273,-2.5138591845213516,-2.9016809515581587,-2.557188897856824,-2.512361803565467,4.257189693567928,-2.7896695360785486,-2.5243883648463683,-2.4714465472951668,-2.777940592017609,-2.532049183835048,-2.469692657915426,3.8932520091427794,-1.5255220936063911
1427,2.2126751440343395,2.453778668245359,2.3854589725193924,2.2116144585566557,2.456498756420421,2.38540836791524,0.24424354670460996,2.0241682897218274,2.284513749783477,2.2214009045674383,2.0427880042211726,2.292696143699066,2.224005347464708,0.27454082836752763,-1.66578985110347
1428,-2.2991683995646572,-2.815282639419189,-2.762953372224694,-2.2872539580055067,-2.8225681211006455,-2.761625813460216,4.849324681875798,-2.1086274756759518,-2.6162745120460738,-2.5671171739582244,-2.11123036858305,-2.62834784301732,-2.5649550677441493,4.463147721231526,0.5333205475460722
1429,-1.3830459561604236,-1.1318180228110117,-1.1345301026941275,-1.3601402338120268,-1.132315375464651,-1.1207026160332303,3.159712277398489,-1.1669687084460056,-0.8432803873679617,-0.8430567523621522,-1.1545621026361481,-0.8994269377787344,-0.8630378004771481,2.7385287277408725,-0.6690910861288822
1430,0.19807313638829105,-1.58219596198225,-1.5223974487814405,0.20591864188353579,-1.5655874845661615,-1.532843783714905,1.834065053117207,0.5737862512139319,-1.713676303993041,-1.6509014512522675,0.5790040469418146,-1.7103362832306535,-1.6394424706434212,1.698909374498692,2.7987966167046014
1431,1.514490809199194,1.3134318895733585,1.3079591885568944,1.5125985025098787,1.313609654561599,1.3005367851270784,1.4759640913342147,1.5095826540463713,1.3028179125781791,1.296795556542382,1.5285456688331291,1.3108060184766217,1.2778660859846729,1.3174072038502063,0.5000714304702418
1432,0.20361223038302934,0.3627624411169017,0.3604661659776263,0.2006394333385929,0.357835951465464,0.36387294056980857,2.292380653330076,0.19753234422785018,0.3651571207118033,0.36289867980084756,0.20294050344954345,0.35639132606021373,0.35840928001586736,2.170935190380417,-1.9513417968267839
1433,-1.128903545532559,-0.8449556327571157,-0.8279431229202856,-1.118262327468241,-0.8501903337621218,-0.8194843038258717,2.110880143761773,-1.01410672960183,-0.683334940320961,-0.6699276340102543,-1.0112341881192266,-0.6804163119746351,-0.6712888529537124,2.0519641481111544,-1.2035272437487492
1434,-1.2125335503812593,-1.086410219079226,-1.0694941297582838,-1.2063760862406099,-1.0985295414281555,-1.0640206818119906,2.6923113679706923,-1.5442689638116658,-1.436882289624445,-1.4090722329853222,-1.5792956416250854,-1.4415348220937345,-1.3657689703216314,2.792019347193614,-0.47069674182080223
1435,0.3919641059123298,0.5586293279558159,0.5469845065994288,0.38907591263281666,0.5672317357886334,0.5325978749924754,1.9263958262605816,0.41819374572008977,0.6381318558127446,0.6255596710502956,0.4213601368612829,0.6389304534392766,0.6047406790942493,1.6760927878288145,-0.6156973769341183
1436,-1.1495567303327696,-1.1730817456127696,-1.1591976551944425,-1.108134033430604,-1.1591232185664262,-1.1220441008463655,3.2942146344341285,-1.1874630110592506,-1.2422857981032178,-1.2236063226743183,-1.2153633873679937,-1.2657789415658351,-1.2285449564522226,3.047711356224178,-0.10499812800318634
1437,2.9780371510365446,0.13085151201177586,0.1289592569773706,2.9658690805935177,0.1228288932304795,0.12201124520725022,1.3388189125493795,2.816488047239641,-0.20280271585085244,-0.19945519415902166,2.819365888915858,-0.21310696031060858,-0.19754819679649546,1.2505883350505445,3.0715366039709315
1438,1.2521624244328948,1.1664828889472112,1.145889260853306,1.2341962997926021,1.1363743478612391,1.158114659436319,1.9667643711136018,1.2301323394979873,1.1610123258755358,1.1413832310938574,1.2207635695198513,1.1425179883067678,1.1316469955633681,1.7723792545441526,0.5199105381748883
1439,-0.3259667769148449,-0.48725673402187747,-0.48292552786531506,-0.34643384884048484,-0.4938295040236488,-0.44770641228826186,2.3832477882159506,-0.37552881689404105,-0.5673402079589194,-0.5613915414486124,-0.3750020387566165,-0.5821227292330841,-0.540871661179623,2.175877043504333,0.42752145749843085
1440,0.8084011097739888,0.01390943964779867,0.013555348358849131,0.8075620292515487,0.017606370889600664,0.00041858981110664563,2.531001656956003,0.8497993272204266,0.10428215089602212,0.1016112889449275,0.8528691896095927,0.11126439052943615,0.10180658567605098,2.3849149615006615,1.9475292391748336
1441,-0.6103197806423364,0.0194137014321667,0.018816693073837723,-0.6052043463091669,0.015776691909008395,0.007494840431861749,3.4816210067220563,-0.5905575166606986,0.07530472392852931,0.07298014050264655,-0.585626274235974,0.06738436201451711,0.07223866616153267,3.320942739539722,-0.6957446591632286
1442,1.8406228591643827,1.8038556487956472,1.7678585501555018,1.8363489285298413,1.8028059701017958,1.7689496563817821,1.0430406542609885,1.64370684927675,1.6175101293895888,1.5864576079924546,1.6332759451046415,1.631477692239696,1.5912770719492646,0.9681588311034031,-0.32648417876873326
1443,-0.4564131845334861,-0.38875517501347767,-0.38676413475333926,-0.4696739462086318,-0.41084270632121467,-0.40345255246828665,2.6341770471129506,-0.5747031482804732,-0.49031893852838204,-0.48701349956435086,-0.5904853693825824,-0.5097716182815278,-0.4765132293000124,2.5659437813079107,-0.2778304285371381
1444,-0.11763834657922648,-0.7522710229812736,-0.7354543009470916,-0.12676333980814292,-0.7687683116246998,-0.7340594192329072,2.528932553728835,-0.02963019633969973,-0.6906096795488074,-0.6761423951131796,-0.03222827553784796,-0.7022314985976553,-0.6753697417126023,2.345271545115677,1.6718610051643552
1445,1.524482462063682,0.5667926308734503,0.5528309485726255,1.5243455467417553,0.5704701616265138,0.5607981208480599,1.5294808489975626,1.6521132678147508,0.626257793135301,0.6099963820576406,1.6379149534294175,0.6406555798217866,0.6100780253692168,1.2303964324929095,2.328346009225678
1446,1.5698662021359153,0.9986638967561658,0.9967675598290024,1.5665983492597204,0.9896635251315314,0.9803534135828079,0.9006181904089842,1.6594392610142408,1.050889652429301,1.0496232309861464,1.648366478782184,1.0393829387050129,1.0620114297060645,0.7334982136040873,1.4042570717686562
1447,-2.6731308789548813,-2.6822396638062216,-2.6042955661795917,-2.6852010932504786,-2.681083099988731,-2.6165078928683796,3.5650339295121847,-2.66142817428517,-2.6534328502440196,-2.579144372600057,-2.6563395919073556,-2.6216731763147147,-2.575649561659828,3.3977524039110825,-0.867259166149361
1448,-0.549006808738804,-1.4556395649331295,-1.4067183661798286,-0.5404747949650279,-1.450410063259197,-1.4107396619093255,2.6482396881075063,-0.6830799970972652,-1.604582366076103,-1.5493761654093274,-0.6778690496096633,-1.6047119822783629,-1.5552351701468987,2.6150722825184225,2.165977925489613
1449,0.46841926809602463,0.2275831684018091,0.22465055807571127,0.48035287716705155,0.23253969001022068,0.2146811956380144,2.0582192933025807,0.4820309809299587,0.21583197348776884,0.21306752260938197,0.4889210291827054,0.21381874700046782,0.19824354175367415,1.7878712838356587,0.6919000922714599
1450,2.6903690688154853,0.7146175443273856,0.700225555548727,2.6821395008660627,0.6918660183064864,0.6988789998233302,-0.5832022959367777,3.143323987137317,1.133190344483284,1.1105927996976386,3.1618676965373322,1.1181885738006725,1.094973597380344,-1.1525090678568592,3.782065772475271
1451,-2.4376259835845944,-2.0573318111056813,-2.024317901108757,-2.4255095533437054,-2.0521901232291393,-2.0278038145687347,4.23476938324706,-2.703371068437042,-2.272860007864765,-2.219145018657478,-2.6995900769487107,-2.2550423626369107,-2.2212308904751112,4.083155871751385,-0.4834003200143884
1452,-0.6155325130055485,-0.9356008140820316,-0.9055838857284438,-0.6172702696105485,-0.9384680265168188,-0.9114368065050202,3.1409402038811853,-0.4596288060997845,-0.8084908163044512,-0.7828657490643878,-0.45884050778443786,-0.801407744630566,-0.7946742817669837,2.8929741140254626,2.042801405916114
1453,1.8088088226943173,1.958284023297313,1.9216091092256133,1.8012408457716214,1.959314180114641,1.9234652277496556,2.640995926436919,1.7441754119605528,1.8979380578810336,1.863611524780513,1.7438046883909826,1.8833880881748015,1.8628646958484698,2.5583853106151375,-0.9445037555682232
1454,0.46939160797342516,0.352642630099713,0.3445858642193796,0.465573653056446,0.3529399220402921,0.34972853516935476,1.5057225058346406,0.6175242100122104,0.5124043507424472,0.4990551799476768,0.6387962742266535,0.515746760619637,0.512135142515182,1.2639236786632901,0.12005504678772762
1455,-0.29637544546639033,-0.34765534234018813,-0.3383206141738788,-0.30900833696622904,-0.3553486510317179,-0.36298549263222596,2.4156986884702736,-0.4291050244237277,-0.48898645744782415,-0.4765459420716822,-0.4173640065135427,-0.5076126393941479,-0.4647657592488288,2.5443548208834508,-0.06252550645821754
1456,0.8839574850403865,0.6902762454384439,0.6739517804595612,0.8617838523226267,0.6927472451370955,0.6880214732263281,2.226053037216529,0.8105377900043825,0.5987165833790374,0.5840142243376658,0.8119644624323071,0.5799173451158254,0.5819815052147976,1.976705997157193,0.9644818287219403
1457,-0.6265214076327129,-0.9417073959988304,-0.9528411848228933,-0.5829512006727953,-0.9586421391393651,-0.8749895115825371,3.066615806863419,-0.38516151077338545,-0.8049585990682634,-0.810121017110519,-0.3415100898147303,-0.7801364477270621,-0.8016051826523832,2.6124033233801596,0.10207242327318156
1458,-0.6847670865728859,-0.8061392945167118,-0.781644102060388,-0.6776048109298461,-0.7895203951513691,-0.7799761268845447,2.3447550453679726,-0.6531885401843153,-0.7898951000967261,-0.7674239371916853,-0.6635366938781463,-0.7884696478963706,-0.7768383389471831,2.2817488128899446,0.07945989669835912
1459,1.3308577172363174,1.018227958189933,1.0099481961547687,1.3358145948284257,1.0074833728390895,1.0052875628458047,1.365099024964519,1.5353939022314327,1.2292967415793885,1.2166518897724241,1.5374955936686414,1.2469149372313755,1.2011599088245655,0.9281744004574499,1.2688260730851681
1460,0.3730151836015728,-0.39676697813099737,-0.3834807467008572,0.3809504019809145,-0.38231608309847104,-0.38926474971224156,1.836878880969181,0.27864129539975574,-0.5207890606853185,-0.5022245810493416,0.2609331789575705,-0.5065080236906216,-0.49985047860894305,1.8215535271707481,1.1946225251663667
1461,1.3692015885697766,0.5952826089288125,0.5805212473445055,1.374223813790618,0.5953253604553935,0.575764416624813,1.938831000488408,1.3806412922590787,0.5567967654799999,0.5428824492329151,1.3467005556918916,0.5658731206870928,0.5692699451265828,1.806235796371401,2.381293807578798
1462,1.012822468392109,0.8482109796932185,0.8182990098254908,1.0155665547324388,0.8448562836904105,0.8219466842877466,1.6468687749421211,1.231295336496438,1.0500486871014585,1.01461956102081,1.2160927474713343,1.0444879579051272,0.9858055678531963,1.3205472311700948,0.6070646585669055
1463,1.560253709964235,1.7436246234912316,1.7140675671474583,1.5631670963587905,1.7691728388901033,1.7093350116098753,1.5967698201166376,1.4299854955425872,1.6185815970231527,1.5906599098841523,1.4383869518808343,1.5982320261228184,1.595237510688353,1.568222294239765,-1.7269997979999911
1464,0.9406832267501144,1.092031686892247,1.0725616000618112,0.9401202400139282,1.0796524090554336,1.0788815488890104,1.7325758252423773,1.1020944745768133,1.2672102854432918,1.2456663003573045,1.0690298315133115,1.2919936814060282,1.253379346973849,1.3924748484762985,-1.6587891342838847
1465,0.308660336755621,-0.15837132786989988,-0.1573543713273624,0.30717881719238466,-0.1851532489399598,-0.16240973851163212,2.539053722126821,0.22930407706256847,-0.2707264044021855,-0.26944359422457725,0.21285587219997018,-0.2905082980238627,-0.275897549096126,2.399398342166948,0.28390397563202757
1466,0.4390108781666489,0.7115710712412366,0.6992995127341136,0.4600346839121756,0.7184035512503829,0.7228932254891156,2.6871700323085226,0.37366158902291946,0.6560418498327286,0.6444288859676484,0.30134477538425447,0.6365655754512486,0.5997303776419783,2.4431115339310763,-1.080442397164717
1467,1.6536718666147507,1.4880114673960556,1.4571075180183228,1.6508614376522257,1.482220713877322,1.4690512349771472,0.6911937855428124,1.4978235673272693,1.2818512845430736,1.2573179316876573,1.507983827927339,1.2882207952431934,1.2874993748181194,0.6934222772486639,1.1250752653899028
1468,0.14360326367170825,-0.17593816173973686,-0.17157488535121693,0.14186754543433724,-0.16257187778107382,-0.1495833157493387,2.3726563275678436,0.17683156012353976,-0.17394430092537844,-0.16947867670486833,0.17849050516903964,-0.18411868952022042,-0.1600961971860695,2.1806798266328187,0.8229247351202915
1469,-1.0144442445585244,-1.1208782900730527,-1.0862989727657602,-1.0211546942129415,-1.1275202292193225,-1.083695660996398,2.7614986713552856,-1.0048703953683211,-1.1237574581763463,-1.0882727690037437,-0.9925230889984118,-1.1304091439905462,-1.0902767656790242,2.6555003255401526,0.9680411013222282
1470,1.6622061816645763,-0.40558915100740656,-0.39728197246959335,1.6431473434718868,-0.42799127543080107,-0.4086326944940469,1.0262350633785513,1.8505395569595957,-0.4177698142135248,-0.4080869243756895,1.863273874258136,-0.3744206547529426,-0.3944237133382228,0.6244168374973635,2.8845589431209313
1471,1.39589678900796,1.118745225978596,1.1063012385004445,1.40293837213227,1.1123585742607787,1.1051909496202872,1.9951395551642495,1.3875970531385788,1.098205183015468,1.0860286637153138,1.3804517483775567,1.1039715445009832,1.080685975524448,1.9023914310402819,0.6268230439347846
1472,3.746997892278014,1.2084258307607891,1.197150163321145,3.745483235079366,1.2093686347446462,1.197847153118033,-1.1632780864016916,3.745949629060247,0.8112780723555665,0.8036921920907765,3.748290360004339,0.8166448993016259,0.8139011301468908,-1.1930191791459748,4.2450726716728004
1473,-1.2677359915024804,-1.1468157359242541,-1.103555415474981,-1.2594044371627506,-1.135902906391923,-1.0967245035111004,2.237353796667654,-1.2430423715008108,-1.12343908915826,-1.080596413243588,-1.2521027508456781,-1.1204207094256675,-1.0779260257693766,2.1490754617134145,-0.8649628738049303
1474,-0.12478419532283783,-0.1474383912402615,-0.14407876237905998,-0.12361195999793263,-0.13264048526664082,-0.13684837748119844,3.1566290877307903,-0.11461104465761769,-0.12721243938551915,-0.12423029493263314,-0.12149380631363667,-0.1270591944466265,-0.13648262115496695,3.008767345227454,-0.4609073926810865
1475,-1.0108969927104186,-1.4971578677431816,-1.4719157632051758,-1.0078668505661674,-1.478959978812386,-1.4949054376853137,3.190801390136638,-1.0655861321889242,-1.6206941400935484,-1.5930516539205368,-1.0839629510200788,-1.6283375406453982,-1.5866990489169153,3.1019313156089017,0.8632616140692285
1476,0.3326340862317383,-0.49634167865988554,-0.4831434604300832,0.3323576723480826,-0.49621304060887966,-0.4866142582299966,2.0205785554741804,0.5615156538593328,-0.35894534121018284,-0.3489354848242558,0.5666447471637397,-0.3605960363445279,-0.3486540277645637,1.6671128271141311,2.8362175618629246
1477,1.4952334585731386,1.2163832402635024,1.1966403820441398,1.4981767827715506,1.2134799339059121,1.243641407497179,1.7780446760307886,1.8521602622294213,1.5451793128037132,1.5221855588224722,1.8308665223680978,1.5021629526265348,1.505439491146754,1.284495744118351,0.7405738887535921
1478,0.4219197907943273,-0.13492720898069943,-0.13419386370530453,0.41999670131633055,-0.13797428326641945,-0.15887546047937776,2.1884997340912222,0.603900886259192,0.027920070436508446,0.027761299907606736,0.6140267545068946,0.03281115299568786,0.03424186531109067,1.9034190470977062,1.4855250696001454
1479,0.8675269959300203,1.0145511907371922,0.9976670764163497,0.8845568977631579,1.016249573517807,0.9878481040495009,1.765695606373007,1.0163299711223632,1.1423045651766142,1.123402955566477,1.026018588883406,1.1385285172109034,1.1215106697125266,1.4185828576174924,-0.9563346872518749
1480,1.0112403774852363,-0.9994565628543266,-0.9678993492183404,1.0237519849031702,-0.9968857580762845,-0.9809434867606687,2.6501561680918373,0.878568969907201,-1.410803670073414,-1.367053388867552,0.8913635513975208,-1.40517548031654,-1.3694124437086577,2.6214326037075564,1.4428899587096091
1481,-1.6490345451364583,-1.0428563569552967,-1.0179857416992815,-1.634089276161447,-1.0650433031193554,-1.034853525412657,3.239255114106074,-1.4069928890327668,-0.7879696674989276,-0.7675164024721967,-1.4181809786427206,-0.8124181822839119,-0.7602969339203876,2.896918795024436,-1.1598799814885075
1482,3.6899400804664833,0.07154971506058441,0.07043052974035423,3.6973418729065997,0.08769849696970654,0.07686216764280583,-0.3944960969122384,3.777977034297767,0.21929408813178397,0.21579461824456495,3.771692684632481,0.237225441231576,0.21140703874020955,-0.7628854618635866,4.270821852831764
1483,2.221546228793357,-0.8900212692097326,-0.8634685428781264,2.2398859018838655,-0.8927002660618847,-0.863684654736992,0.7593096979731774,2.304174623017541,-0.9734194076676396,-0.9426978233676306,2.3026292586019426,-0.9823846794805543,-0.9310552285951322,0.5553195567666426,2.8073576329522743
1484,0.8271317622848008,0.7577628907199546,0.762594591442057,0.8313812676718012,0.7640609865083916,0.745154310977966,2.8553564446279527,0.849721503020467,0.7968201428898796,0.8022415938599546,0.8315633286662314,0.7996936447080776,0.8123717004844131,2.7266057744099164,-0.9027896538176344
1485,-0.5929379936775326,-1.514073748269961,-1.474388462118482,-0.5994538433886476,-1.5049973790969073,-1.4689901170328412,2.394631034707052,-0.3722443266625223,-1.3441327321978933,-1.3127275074453864,-0.38349991731533845,-1.3378392547587872,-1.310961087129042,2.1168121364530577,0.9835391691502098
1486,2.4246904409855374,1.6013261086068975,1.5767719735529497,2.4278677310495502,1.5835686514513465,1.5798889312246693,1.1196653029159627,2.3408511471751368,1.4830193459862377,1.4618498804545135,2.34067367600136,1.4790477399746178,1.4695653146046774,0.9658677231936864,1.8100552341784257
1487,0.8726746846564952,0.5436614499063018,0.5283198943952541,0.8778702361707746,0.5463854372639079,0.5229679858023015,0.9637407440925623,0.8804933093282932,0.548340752278196,0.5332818342607328,0.8826031946691999,0.556050047001654,0.5287959784114233,0.8049624710839677,1.1554813012235237
1488,2.7534592702244014,1.9532148612017814,1.9262282900561105,2.756033867529989,1.9719626328466744,1.9233859071497328,0.5515908069314833,2.842901025089883,2.0064134113348557,1.9770269564612413,2.839439930095857,2.0154995217207903,1.9837717264476935,0.30476325164057505,2.1977153875020012
1489,0.22421523625966744,0.42623876244161507,0.4183656003317796,0.23232606019297347,0.430633033016103,0.413253017107443,2.7004088128565384,0.1349741636257246,0.33936915239489757,0.3332990417199624,0.09782524937540696,0.3662647326453574,0.31924579774256934,2.5623330155880577,-0.33530812220089246
1490,1.2673284320482436,1.4205538723476983,1.3929074356057647,1.273418154430379,1.4273794254065737,1.3875262922879399,1.3279409655759016,0.95970467811351,1.1267331170856458,1.104437037781214,0.9486039861341231,1.1105864061567858,1.1002864370438952,1.5289483669535688,-1.3748926659194858
1491,1.7188138802490913,-1.6055813250487132,-1.5521576249523419,1.724420077748407,-1.5910534838040293,-1.5735358307525258,0.30550618585489014,1.7051675340169166,-1.9387209703187216,-1.8748155278699634,1.7144835240081058,-1.9449302702021516,-1.8601579646571107,0.2234101679695888,3.869918168709992
1492,-0.04763737826919574,0.2017333368513107,0.19784109545454945,-0.03964943321880464,0.2018627257753161,0.19498818035145407,2.413182211232223,-0.5565994393879767,-0.31569447596013567,-0.30943621771633706,-0.5323850141740746,-0.2858435297093305,-0.3013158180229684,2.5540064910465707,-0.7179748455353401
1493,0.4441906718368301,-0.9949711421470001,-0.968465092039158,0.45285413586072953,-0.970212254331393,-0.9963712881471813,1.5955852299165172,0.26729376477181,-1.3915255381159215,-1.3494010056514734,0.29691344760794613,-1.3618940101288937,-1.3784566505447269,1.4222096614925803,2.584866500779998
1494,3.2186740724723033,0.7973734179752647,0.7830114946062225,3.2239078700218826,0.8034406098567414,0.7713869306790366,-0.6348179366661277,3.2898713310771424,0.6858673031511157,0.6751470650163409,3.28874525563292,0.6837491157030829,0.6636819956925654,-0.7631202701038092,4.058874424981863
1495,2.4879992125150103,2.609846325102043,2.5193822438000346,2.4863980065551523,2.6138378998286353,2.5230233528046595,1.336601366448101,2.561832178121049,2.6844487787794225,2.588790068108716,2.559084110498916,2.685755251298594,2.580520041252031,1.036981467652176,-0.9420235150602227
1496,-0.5280867782382553,-0.23581381561339343,-0.22807893951843447,-0.5202242072475274,-0.23941557837398936,-0.22531879579384315,1.83449550358826,-0.21334357640745313,0.099651246441862,0.09660494138794952,-0.19673348544430014,0.09693492708595729,0.1125727033928602,1.628458797605967,-0.7517564836464204
1497,-1.05286569773979,-0.7477163626913927,-0.7364914966904755,-1.070835207557913,-0.7299013308168019,-0.7293014780307603,3.2821817728092015,-1.1437551141988498,-0.8526457387706402,-0.8401030699421482,-1.1479630286190001,-0.8517119821119898,-0.8286294078142277,3.2215978769940175,-0.6876563463726489
1498,0.45911437802688804,0.5462886866791266,0.5362725990389835,0.46317482219527606,0.5198704940486489,0.526681341657484,1.9080638023556784,0.4431924268131044,0.526263302470708,0.515967454915563,0.4584952725395607,0.5142352725892166,0.531266476301911,1.7099826405875447,-0.024583786820396438
1499,2.0401683888757383,2.4383489729379164,2.3863521473930933,2.047877592660394,2.4354234379122985,2.3981003508214025,0.32948550655471354,2.0193865092817047,2.498132331928938,2.4479139881671608,2.0216435575183533,2.5369511414752486,2.4496938877830643,0.23255352256706266,-0.6212187230983491
1500,1.4084604639924974,1.0683256568476451,1.0391411637854446,1.4130301937510974,1.0790439162325387,1.0341832574295065,1.283150283545634,1.4732081232302783,1.1034337511780374,1.0730696327734646,1.4610362193250004,1.0991129255494028,1.0867997556689892,1.2012978320604049,0.7896705161451282
1501,0.6693316689402368,0.05735724499737024,0.05621263731418595,0.659259984145553,0.031073544179245217,0.039563297313856514,1.2451292943753103,0.2972782965792853,-0.4143887723188787,-0.40358903477842717,0.3205371917076281,-0.41071152137809164,-0.4360664014549764,1.2368334175855717,2.2425531684322597
1502,0.4701545437099298,0.6467724518500568,0.6291600388463909,0.4707995160166539,0.653047685592622,0.6292030045461184,2.3100739221026827,0.27661139835488285,0.5003924652345658,0.48720072995313085,0.269019689312762,0.49879803842149517,0.4875697173311644,1.9956952010476434,-0.9042829287432746
1503,0.4092307422603085,0.9616612028390294,0.9413770683777629,0.4202867780482467,0.9557927868502565,0.916424829155629,2.314680200852621,0.39099442920722144,0.927501801174369,0.9070615329786476,0.40900048118231574,0.9358035767139998,0.9582820268890389,2.1902168970199956,-0.08378542160799732
1504,-0.6835970999891314,-0.9789123086746938,-0.9647307164038914,-0.6630731892621071,-0.9986876712700126,-0.9713811554832431,3.7470847404463137,-0.5067469160956328,-0.8350213375611043,-0.8227297587249184,-0.5126783819423817,-0.7940855000658316,-0.8183464965454395,3.3458299717301303,1.0287890619889843
1505,0.05224718821641214,0.0446028622585834,0.043420259150480985,0.05399839078861865,0.049747947982371164,0.05590242302642572,2.6740609388963295,0.013583428671255065,0.00139183005003762,0.0013557852250280168,0.0159415340260534,-0.009101528730822065,-0.008925552866015051,2.5374008361033797,0.1863647721062985
1506,-0.25247304239505713,-1.1362191144047162,-1.1026182541489074,-0.2585494108036586,-1.1408884490851952,-1.100712351213044,2.780426826236986,-0.10667544526147374,-0.910928671663231,-0.882024550147077,-0.10222301170828792,-0.9254110420202567,-0.8835611089777773,2.4841477642267065,0.2852526079691579
1507,-0.7755965304785009,-0.7139272042004063,-0.6928712820930497,-0.7754190635258855,-0.7049582552980923,-0.6876157156366117,2.7607847876135345,-0.8101427657630804,-0.7456338916163973,-0.7238250596525775,-0.7971330081809899,-0.7747793513259448,-0.7297290644296118,2.6518826869675345,-1.8975744998410229
1508,0.09203950571668261,0.3678900208166218,0.362674092128053,0.1043283222945955,0.34019706943502487,0.3546315427041715,2.024717565492669,0.018655030686047264,0.3399770931647139,0.33501341494616316,0.0021402667092220223,0.35969705105788974,0.3242633846294588,1.7611455986734024,-1.3746660306873006
1509,-0.1924656947761301,-0.20817312407326227,-0.2011397186087422,-0.18916069470626518,-0.22018894963106753,-0.18396256870680353,2.2525667299930503,-0.1351995702011367,-0.15115418442450257,-0.14627489821974898,-0.14448903198229532,-0.16492218403554337,-0.13011377389134032,2.143276780510065,-0.6339809999581747
1510,2.7176017854743018,0.6127881300584638,0.5933075032298504,2.71480389010471,0.616272004194272,0.5961906368204507,0.5802605941450582,2.8173318072505937,0.6702779526875594,0.6485651712339628,2.818834873215386,0.685903877700625,0.6398029161915788,0.3528109462445329,3.847703393593347
1511,-0.9653448024360926,-0.9266724218280383,-0.9112872078820697,-0.9773614007219767,-0.8962635904663604,-0.9135517657791788,2.7155109593127307,-0.9153243882863624,-0.8394718059650794,-0.8273820158089442,-0.9209938730579136,-0.8612457329812694,-0.8376846797078548,2.718822574110208,-1.4275763696704962
1512,-0.07346954846736752,-0.8223353435477075,-0.8111231458810558,-0.0737158641382207,-0.8128141924813753,-0.7610733924673739,2.3354575893943124,-0.022805745968603887,-0.8864098519369277,-0.873379361447544,0.03163834948920026,-0.8851859210651335,-0.9141616288548409,2.1630078148425165,1.6038627555468197
1513,-0.2886784230237338,-0.9266710621933739,-0.8828529072911809,-0.29758598807895775,-0.9368490208046898,-0.8862321804946185,1.9856807664148761,-0.32441870836813225,-1.018572325500037,-0.970101687650835,-0.32632730910113605,-1.0152352878322781,-0.9653447090768454,1.9898360548688623,0.7368361455968292
1514,0.7725830496071638,0.8251923764943453,0.8066824315549713,0.7740284626826072,0.8235397556045974,0.794087619379311,1.7553751276630278,0.713969432158839,0.7773667701981771,0.7624117820771938,0.7065826161948008,0.768405222515799,0.7703537508987435,1.6819612995222548,-0.4055815011038646
1515,-0.854945922464166,-2.2894084679480375,-2.214099055843707,-0.8633739490393599,-2.2640947001826235,-2.2134636774753904,3.055645783465836,-0.6879273901030482,-2.329800748196716,-2.24796667833214,-0.7093509154163536,-2.320224993178308,-2.265365769129974,2.7390166009849057,1.5717207648245062
1516,0.9479572726470076,1.04678550033582,1.0380537418025628,0.9630732543711398,1.0238827298666122,1.0294925917661009,1.103134592599511,1.031763020047222,1.1287892769408376,1.112895552561127,1.0337735603852403,1.1345211902735413,1.1148143572558864,0.8469925533331021,-0.7515486119790429
1517,1.8884540592646322,1.8634315445222447,1.8498656983754638,1.8891168902334223,1.8699034319816945,1.8608796092804112,1.6488524068627044,1.9246968747092454,1.9185321953884922,1.904543370018158,1.93078991003228,1.9031292597573886,1.8991025017673202,1.4311792621037402,0.9642817741478733
1518,-1.041142368071734,-1.3520541747890436,-1.3421437708944948,-1.06855886970977,-1.3212900545377626,-1.3538879041908596,3.761182642856956,-1.1053680178171594,-1.45259637366095,-1.4433014065508682,-1.1397075744258696,-1.4601186458279543,-1.4718676845632783,3.67419465211357,0.010660746012293002
1519,2.831463801583472,-0.10757861716318387,-0.10468955179565176,2.8334723538487605,-0.12009614179144812,-0.10343244661184457,0.630330710713489,2.783899282628516,-0.28207723052222966,-0.27388922962156215,2.774709830181197,-0.30160140681083636,-0.2741837744370767,0.5400743597806504,3.194078553926665
1520,-0.9395843014659019,-1.348306560541873,-1.32773002468827,-0.9118283200919102,-1.340366718259795,-1.3364137508954566,2.708588364159687,-1.0931686079906362,-1.6356075006660256,-1.6040888818549772,-1.0957400133300017,-1.6317140861224204,-1.6380281233657827,2.6417211534965896,0.8591045751924733
1521,1.2332452500314102,0.5426175986433175,0.5354013028762071,1.217968422923215,0.5335988271644776,0.5380122055778138,1.194837321827806,1.3281311176724258,0.624741928043145,0.6167121615599048,1.3226791590551308,0.6327664871331635,0.6334040783578206,0.8728151474484338,1.4738596803251243
1522,0.42338550940360475,0.48134065836241696,0.4756706405628594,0.39028891430482915,0.4640387457919574,0.47535048920966455,1.4277395153507517,0.4077360040290373,0.46577315826746357,0.46038079123466985,0.4024657157815389,0.48410026403837575,0.462888309757246,1.2848317412813581,-0.40597588520971845
1523,0.9055154648305872,-0.24737775364628511,-0.24289639315564823,0.9026429545940792,-0.260797718488993,-0.22865464511695868,1.0204229429523282,1.0405223730984896,-0.2735429996316561,-0.26812247701252234,1.0384032863750547,-0.285112080087265,-0.24484051063716158,0.6868541625922877,2.2082217160468915
1524,4.477522039231762,3.372333789479198,3.3114285834973134,4.484269334200552,3.3751023962500186,3.3045628031079706,-1.1493799598351524,4.475532775792548,3.3676049458524364,3.308763842991388,4.467220787198043,3.3577232057772033,3.30396017989644,-1.3352052746125136,3.12108243649934
1525,1.2987073381685321,-0.4507784295033038,-0.4451461620644439,1.2900278596751975,-0.44672428741354614,-0.4347555681853703,1.3133452199367446,1.510748357209786,-0.3706549872311834,-0.3658624149170431,1.514867399554968,-0.3540093521479605,-0.3846569460322409,0.9635015683371685,2.7848052136323505
1526,-1.283672761994137,-1.2132693867465447,-1.1718140824893284,-1.2672242370153142,-1.1908477681525464,-1.1587814536425989,3.0600760213354743,-1.3470670142421342,-1.276485340884082,-1.2308699178974885,-1.3399111264322303,-1.2608919995583994,-1.2552637333553243,3.0032075086449086,-1.4507064316953167
1527,2.5197778626911282,0.2651104626799668,0.2622030048261424,2.5084144576687266,0.2753268329606765,0.26974321985875127,0.20932427985221339,2.8110386921877346,0.6964427497669423,0.6882113764577367,2.81783400177542,0.7194441024734208,0.7331560714067773,-0.16495524174044612,2.955122024771391
1528,1.978312779567862,1.9167612969614585,1.895229446675746,1.980744945874843,1.9239530785084524,1.8841949978123844,2.6775900333464437,1.9919882486231621,1.9294961014917207,1.9072461385728259,1.985246023977858,1.9380305748013598,1.9129089475438181,2.4774189574788874,-0.2846563777845289
1529,0.3195839589919967,0.36197712121327574,0.35173963176778433,0.3202805019977208,0.3445195915433111,0.3599981481202005,2.5108545455735256,0.3288854930811505,0.3755970558146898,0.3644301694983349,0.3294503786456846,0.37588213310385415,0.3826378270417157,2.315774119426778,0.09901090721992208
1530,-0.10446072218439996,-0.019307996174925696,-0.018694408182218524,-0.09663775317403214,-0.01352078346280938,-0.019566325924718995,1.6943379965202519,-0.05499617519995616,0.043613468207540154,0.04221314054989929,-0.05176837424441218,0.042022209435410046,0.03862992173320602,1.5537366222418476,-1.2265469004584624
1531,-1.1727218192776607,-1.1706342972197625,-1.1453150240863148,-1.1553499480256695,-1.1664016050329395,-1.1879424619742818,2.6607352739332657,-1.3163029750169024,-1.3467714715842645,-1.3191774815706194,-1.3112614372742946,-1.3499985369541905,-1.3338966117137303,2.610025906054236,-0.4413476461192872
1532,1.5421242872625682,-0.21250859403468814,-0.20816574782465944,1.5448659917113945,-0.25191333440181135,-0.2089642080840684,0.6637121456215547,1.5478347614567136,-0.3008250050194425,-0.29534899431574846,1.5506619925927652,-0.27464382738955456,-0.3024593904543681,0.5571541355845572,2.9115301225102774
1533,-0.4815387892659475,-1.4233618889254118,-1.386019356270854,-0.48181649583519015,-1.4161394587064948,-1.3838582841690774,2.8183568978122397,-0.27154464791316385,-1.2908908429357984,-1.2585658600359684,-0.2748120903496953,-1.2910945354148922,-1.2463484459933094,2.569778389483825,2.2691915618614926
1534,-0.9436698035908111,-0.9914057416115764,-0.9725481351858505,-0.9303524877839573,-1.000723104311423,-0.9628632457831675,3.36278734901126,-0.9689185385207563,-1.0187899442962265,-1.0002887652643795,-0.9495901459387941,-1.0520921116426665,-1.026503163964226,3.2278012713374507,-0.4592706421688588
1535,0.45049860787835583,0.5384716072960154,0.5309781428203482,0.46536299048460256,0.5556824125179082,0.5013827739829794,2.70069915011261,0.5576152253888258,0.6577764470323445,0.6489967160979264,0.5563811120506877,0.6647941759391178,0.6412307907930989,2.3407106801416457,-0.5282601811624622
1536,-0.36107018787846984,-0.026916999625928265,-0.026648978092655165,-0.35394555221461643,-0.03205959060148654,-0.0585631093119353,2.510119627411906,-0.24897592816101144,0.15730565519022516,0.15583273332660283,-0.19694069997406266,0.16769788079864917,0.18257675587827701,2.230574011386537,-1.2322762822408546
1537,-1.3784025929893755,-1.4410941814300755,-1.4285102647996486,-1.3923061831106307,-1.4287029804870268,-1.430675661461076,3.1359063681733343,-1.3967089756329407,-1.4468653644499079,-1.4328660505971735,-1.3980615374955316,-1.4600612126161003,-1.4324562216112775,3.0038241096379616,-1.6235172511496743
1538,0.3700147304922477,0.16257652013341406,0.1643172097341466,0.3766467081864319,0.16527807038029088,0.1649092079068427,1.9695518946319888,0.31954812823493606,0.08925333301367687,0.09015885259867898,0.32327015997618397,0.10067108578181809,0.08919721967848054,1.7744197444148941,0.8768178765613562
1539,2.0242964700955564,2.0058030489014267,1.991597762728449,2.0016532244391225,1.9953562249703307,1.9939767999161728,1.004087166792433,2.1041131944409672,2.098154339190838,2.082343620704908,2.110493899328247,2.0934323593877573,2.0790129546185443,0.7626507413845756,0.034463987155895465
1540,1.503662171753657,0.0745085041705879,0.07312054239287691,1.4963673595965574,0.04134855444977976,0.0822468211211551,0.45186226299071053,1.6883666784597071,0.17949191892268568,0.17612187169301344,1.6820189516511572,0.1848801725232801,0.18854007719135765,0.09089409891326423,2.514465407676459
1541,-0.3973145131251299,-0.8654374828939365,-0.8532860568027102,-0.42619789077584,-0.8707259895434106,-0.8534614876247691,2.6391806319680633,-0.14450847561042335,-0.5993531025381649,-0.5898622359771003,-0.121727166779506,-0.6085598928133656,-0.6183437797167554,2.1603871240125407,0.7236589835295029
1542,3.41584320925556,1.9394616005334036,1.9042259354150928,3.4163569466301533,1.9318109468843307,1.9085333250969623,0.5848334349866319,3.4714137174403294,2.0281895461151174,1.9919102818643373,3.4683848745683985,2.028572813306934,1.9913598213195176,0.3270488146510238,3.303781925382164
1543,0.4954995184323437,-0.8049376194453122,-0.8026694078974429,0.49482793726558616,-0.8062132555298925,-0.8046653426828043,2.6234653339313785,0.5854938566738422,-0.7977465289709419,-0.7938190719519007,0.5824340803554979,-0.7706246363885836,-0.8185801842194512,2.3730308657199966,1.7205950184412993
1544,1.212455631563903,-0.4429530988397937,-0.4348884824339649,1.1827361014239015,-0.44162709218522306,-0.44877288767740753,1.7838997371881038,1.1120997967097261,-0.6513427224012411,-0.6379080070189228,1.1254780066322936,-0.6655583050068835,-0.6404571685512696,1.6319408886915758,2.7543969008197102
1545,1.7059647291758182,1.3239860798990277,1.2959512349683506,1.6992893702572467,1.3181904374622169,1.326623110039263,0.6042817836140131,1.6646897843697337,1.2559300439857493,1.2274178520579244,1.6638482397273426,1.2766919919825386,1.2180586319262778,0.5551113138465972,1.7800262252611556
1546,0.9575176801714882,0.05360732077211573,0.05178626291709707,0.9427598922488676,0.0892330399716959,0.05077573207893717,1.6755785165793762,1.053502104866416,0.10722271791811294,0.10350016962820872,1.0557225653895856,0.07415420744546393,0.09993755908798174,1.4568955851529581,1.6368461978498878
1547,2.222500372442301,1.1299764067790725,1.1016635453101755,2.1932013172327043,1.1115266725357347,1.0758007900255682,0.3126244614663204,2.1544125076314353,0.9981248777661494,0.9746715475618433,2.168993047135594,1.0106285480256556,0.9730805336277497,0.1598149122268599,2.791124704795422
1548,1.241083520221753,-0.36843632173691687,-0.3581240852435587,1.235475419739441,-0.3504399136947151,-0.3776248862251829,2.367504934315825,1.3472651932026791,-0.23112497871281878,-0.2243053713617541,1.3377515653262635,-0.21841550836750398,-0.2413103270071947,1.995669271382344,1.6844235974324533
1549,-0.8772495660375568,-0.4730156449011002,-0.4650743323283109,-0.8290842572957257,-0.47985558457937816,-0.4421317330415574,2.8779548821950622,-1.1113226543729702,-0.6766224529696605,-0.6636289955343097,-1.0960044639317619,-0.6743249131070331,-0.7039783999872549,2.9168863922737516,-1.067057480856718
1550,1.3689399104868383,-0.21225625258372005,-0.20802059498079575,1.372452564503772,-0.20266478303426075,-0.20325793314123142,1.4930591014024321,1.346927146870926,-0.34414174804864434,-0.335931609336942,1.350650447248287,-0.3443387674968774,-0.34048399065877805,1.2534502156501626,2.363890493826824
1551,-0.6724875412718168,-0.8848518814796532,-0.8794574047328096,-0.6829869872856303,-0.8985058423468226,-0.8586243414799535,1.9309521405445036,-0.7645040075702794,-1.0106359161665006,-1.0050225867594693,-0.7410300834781187,-1.0155001204844758,-1.025008233275447,1.8680962585498277,0.5428159394456208
1552,-1.4573405265815873,-1.6588447613706325,-1.7075434832944705,-1.4590043718102252,-1.6458503081865847,-1.7062463238992651,3.8321838955168332,-1.3676549194753762,-1.5971316646263305,-1.6484630752184775,-1.377246724351141,-1.5854683306376727,-1.650355966670432,3.6561230907234874,-0.5371286117044619
1553,0.6429965046649805,1.3672890623674268,1.3292771601400315,0.6531123169648722,1.387985908334741,1.3288457539597716,1.2891944623887432,0.6865268666096219,1.432549160238366,1.3895717344559158,0.6720429898990854,1.4513781977824147,1.3657230220022467,0.9926513579758925,-2.392138762215904
1554,-0.320277908868931,-0.1555284039825506,-0.15139458571804623,-0.333582220258203,-0.15117429794946732,-0.135508798763148,2.4488989403926666,-0.20667158623720677,-0.04039788269854879,-0.039236107261163625,-0.2066084485808769,-0.06756907168212958,-0.05751461454801204,2.1989015798942715,-2.6129441152239945
1555,-0.26344963881150835,-0.13288277080408434,-0.1303062673262176,-0.2775370373893943,-0.14778793756161918,-0.14294932413846806,2.1934307556491124,-0.7295349494251196,-0.6043215921210954,-0.5919694408686506,-0.7026321023868769,-0.6041575128590423,-0.6123429671424968,2.378715442653232,-0.7720512748129607
1556,0.11049033108179394,0.04989531438680431,0.04847043421636738,0.11571035292661752,0.04606917041527418,0.043534176357292335,1.7230038666926848,0.17804044334274982,0.09873882597712214,0.09594957656534309,0.1548253299555724,0.0998531033884886,0.10194044458622191,1.4641685931910287,0.17412463817819765
1557,1.4649321012730054,0.8086693257721543,0.8027905062375593,1.4597992673064315,0.809744016753235,0.7931488298701583,1.1249280929640133,1.423098436137689,0.7512511374119654,0.746864099306026,1.4026243364172537,0.7400735099590418,0.7485387746977962,0.8966132864301359,1.0305865398620908
1558,0.5938460311281388,-1.0234266092715107,-0.9995283246860891,0.5808399345726876,-1.0072902904367782,-1.0401745440067482,1.732076670745654,0.4040099467430059,-1.3640138675668563,-1.3301604039512145,0.39494067673478717,-1.387618857675083,-1.2966080944349183,1.6729542465562834,2.9385951416691687
1559,4.16138572089639,1.535717689859465,1.5255619977238153,4.154237226084734,1.5404164535374567,1.5137518565878985,-0.30610110595955964,4.23540990687294,1.5955107623833793,1.5842248660965916,4.238705372443289,1.6031336349157232,1.591054915378999,-0.5281264532942729,5.069473843920181
1560,0.7849076810700171,0.16467505608900893,0.16182040143257626,0.7650471143143733,0.15772508511382127,0.15751781009857968,2.324605307669514,0.8981842002507529,0.24229841930937904,0.2378972017377623,0.9140516000960764,0.2417419325094054,0.24892319087190443,2.187534192432675,0.9314331422485308
1561,2.3224967168290185,2.0019704471228668,2.030351079717715,2.315425035413769,2.0122440190147137,2.0372582793869904,0.13195928461776307,2.3180126254931555,2.0212936723213195,2.047481984387145,2.325009200346684,2.018844055214989,2.03861833649888,-0.008516875211062574,1.41483304357493
1562,0.8117815445343474,0.7642547601359962,0.767095372025266,0.7882937672391539,0.757007121881409,0.7626695247325153,2.0136617096341767,0.8344963387894414,0.7956359165962749,0.7977089355647301,0.8223883180661449,0.809463925413492,0.7736844918906105,1.823900860977354,-0.18105876902966894
1563,-0.34659335449983447,-0.3342481694588535,-0.3250780261197387,-0.3378560139688576,-0.3351154906803828,-0.2934391063960315,2.4541592897108604,-0.4304540914451418,-0.41228905602202914,-0.4003053426964287,-0.4315916134946685,-0.4271037618784386,-0.4063762409747622,2.39317975528569,-0.3722503745011991
1564,-0.3375194994241151,-0.4605905707084881,-0.4638746720147636,-0.3268342300288871,-0.4525944248790474,-0.46244140361307623,1.9942527484042571,-0.5185528323980394,-0.6770603213165549,-0.6831554951810787,-0.5150894838641525,-0.6647518773041637,-0.689170466378129,1.9795000388266095,0.3792847499477438
1565,0.49828798610121433,0.9064233988710213,0.8876402542347844,0.4859291493167363,0.895388703860011,0.8845174474696751,1.315951566806393,0.5728663373680162,1.0648990613521805,1.0437780494302664,0.5661461093058057,1.0750657631734006,1.0423368342910047,0.9926720412662675,-1.174863593975196
1566,-0.4221476772472515,-0.1998230872303967,-0.19575310809813223,-0.4325925311722915,-0.19225545431938731,-0.181122730238574,2.3171386047156295,-0.5141194281421849,-0.25337385087982395,-0.24804113011140524,-0.5140047717534617,-0.24617952558613887,-0.23981813401055846,2.0950308765903864,-1.7088787372891452
1567,0.35253999535999414,-1.7759293372154175,-1.7126929199245415,0.35172721811394175,-1.7700144935888378,-1.7015370529708724,1.7798865761613578,0.4330279625511592,-1.7080520972744202,-1.6469443921444886,0.4244790069321401,-1.6985434812352498,-1.6498409928156574,1.6290032464807398,3.721884077513805
1568,0.9692986299205705,-0.2979626445176732,-0.29090209491538527,0.9679038305641593,-0.30206762979625607,-0.2862636291885391,2.0867111346966194,0.8163310895376018,-0.5700674282608988,-0.5557433718819607,0.8243827660024394,-0.5685092394260244,-0.5523702619255376,2.0422611074237786,0.5084963345469744
1569,-0.884700697097033,-1.0188618029698375,-1.0092032896496674,-0.8558870645738146,-1.0164153209216586,-1.024118459436677,3.1734041690211714,-0.5202682097236785,-0.6212506208202438,-0.6136641578077981,-0.48624076614003314,-0.5925751366462709,-0.589852818102077,2.86374266180279,0.17577986116319905
1570,0.7324871423795687,0.2136741579967166,0.2097433803472713,0.7257758637770164,0.20955552864363378,0.22627887064530638,1.696355599876778,0.6771065128783776,0.16801120771426137,0.16500421868556148,0.6885145509759021,0.15738500263960803,0.17658862223524396,1.592453912579568,1.5921910357288587
1571,-0.2584804772494517,-0.31349626224169863,-0.3045304375829594,-0.26286363691596204,-0.3050181092824467,-0.2937046842752926,2.1946100729471953,-0.1939388508549896,-0.22946778775289642,-0.2228281786303765,-0.18788647317058474,-0.23217187175899537,-0.22125079327307426,2.0277388750339904,-1.1164786830498523
1572,0.44109775158422987,-1.4964249761985522,-1.459549061684572,0.43880052874185005,-1.475428181457595,-1.4577213375492122,1.7971708723071376,0.4757731953406477,-1.510247042931351,-1.4734350150322775,0.47484733382314825,-1.5250319474187444,-1.478307187719325,1.592169963007577,2.193707587010879
1573,0.6032744121246748,0.487727601932808,0.49777234450069097,0.6008245800929899,0.5081615651399707,0.5024147382007832,1.5341537476314164,0.5467178975681788,0.42440897368276403,0.4343218174972999,0.543628822604834,0.4073327821160965,0.4307699437060016,1.5739983155756205,0.30077164521784133
1574,-2.820471386650824,-2.6638215206977436,-2.539159572518084,-2.8228271886224303,-2.6700034470063683,-2.5370438136954516,3.2147824235232494,-2.7285529833167916,-2.5832504698570236,-2.461542261195438,-2.7226304056148365,-2.586742429625864,-2.453627954607512,3.0979005913641853,-1.1017981832338597
1575,0.7320382762119295,0.7525689910685164,0.7546301695064821,0.7411555218786317,0.7438989229945888,0.7610529259335131,1.0688306082196566,0.7260157000859014,0.7520875186787316,0.7544068963118771,0.7235054752018916,0.7612004244160991,0.7718431492311224,0.9080812336171498,-0.9116239060574247
1576,0.8689213403702193,0.2439319354501927,0.24125904651097596,0.8271813750664174,0.24425676205244742,0.3113811759103855,1.8741050996264588,1.0453297693993417,0.39886117778845387,0.39332007678084013,1.049726452883116,0.3800572788577621,0.42222288434525096,1.5209613299062998,1.5606177687541392
1577,3.7543780395510145,-0.8977234517482351,-0.8731765411335873,3.7529253235681845,-0.89751354017085,-0.8778447656949219,-0.4446414132068465,3.7496059888080784,-0.9813418002279168,-0.9543214094097543,3.7603070048097313,-0.9919110487271553,-0.9583218938259266,-0.5538890702368533,4.9110927960879085
1578,-0.27056113449189567,-0.07076846188125259,-0.06846303230741377,-0.2545419272497595,-0.07405449111469684,-0.07310513178471653,2.3657462525425803,-0.21843428691996486,-0.0012067045320088689,-0.001168124606683878,-0.21867642406663437,-0.008369001251453576,-0.015310271234655455,2.252529182913038,-0.24459194510305804
1579,-1.0302483300523777,-1.2393751481433988,-1.194935546895607,-1.015463918467574,-1.2400349261946846,-1.1897548767384918,3.2400305502996747,-0.9630447580156838,-1.199952632324347,-1.1577804202022113,-0.972940461840946,-1.193024844333862,-1.1649220341885274,3.130528201605923,-0.32507554801837035
1580,0.4434003197698371,0.5214356263762534,0.5124440738450722,0.42818564976269574,0.500878402675206,0.5092707802049852,2.244837485694065,0.36138423210664994,0.41500045124335794,0.4090639714131234,0.36877969822686446,0.4602173083149833,0.4227489873786494,2.044554337319896,0.06097644855972281
1581,-0.3195322733052874,-0.8810207019711067,-0.8549032234161131,-0.30514119654288185,-0.8782773667091276,-0.8693777868960548,2.7699746731523844,-0.34580773759818256,-0.934965756797835,-0.9078943935197151,-0.340600759879488,-0.9363012467422862,-0.9067828991317842,2.717026932525719,1.3181579176944458
1582,0.7505952852980721,0.4755624460636828,0.46377813500256254,0.7525718899882694,0.47450481727667815,0.4704162478800922,1.9975552698415695,0.8263038238405178,0.5137390975926583,0.50047380427777,0.8426998929955102,0.5138334996314842,0.5145662033363464,1.6833949355797995,1.0283411822608806
1583,1.0500209378573042,-0.9981382847567479,-0.9879659740549744,1.0377246147810877,-0.9993432602716946,-0.9949638726124868,2.489546531642235,1.1893905249813166,-1.1252908966064579,-1.1113913841796978,1.1858578947685758,-1.1312759609880323,-1.1133949009815007,1.9214361149402555,2.5267321776184564
1584,1.9339728067972988,-0.2672736900529348,-0.2643057617211298,1.9342314154139688,-0.28535710977577516,-0.2893522820696938,1.0725887627334603,2.1125563154236064,-0.08431321049868676,-0.08329810739192162,2.122656243091397,-0.10777327846338558,-0.0798474928047248,0.7821706289871418,2.529228828526603
1585,2.376768602639559,1.8292709430172405,1.762320532242529,2.382074680324702,1.8283233832814503,1.7616802516450727,-0.25577511656957885,2.4459756850147065,1.9002077524627623,1.830296116035869,2.4496777322762724,1.8904598036373135,1.8325124027659174,-0.42170127698067,2.4202175696615558
1586,-0.23544754107560473,-0.18186399661436725,-0.17901744620625656,-0.2244714541225615,-0.2019507083098717,-0.18098550930765891,1.9574143788213507,-0.3387552695252587,-0.26681834815824623,-0.2626929696534407,-0.2976698059855296,-0.25611513574333356,-0.29090918925559817,1.9892065109261103,-0.2924275284430953
1587,-0.31099362511863515,-2.661926101260805,-2.574056727089313,-0.300711034814131,-2.6460573870696713,-2.5714946949435884,1.9771268703505207,-0.12570499688769593,-2.6701703792129523,-2.584517710324963,-0.11884666701416718,-2.6537792806889806,-2.6188127496002154,1.7468425298099908,2.125751278559125
1588,-0.31306567240654287,-0.5055173819207598,-0.4907469136168936,-0.3146395060666084,-0.4891585772349104,-0.5102945451429397,2.29301725118308,-0.523443566173837,-0.7361955816776246,-0.7141881576518506,-0.5155640710657662,-0.7252358751557123,-0.750447633997141,2.2643108697444263,0.4873635141744477
1589,3.5721012822847733,1.7019013233219056,1.670353388910316,3.5790900980181113,1.7053563336903743,1.6617699645578055,0.8263290610662924,3.639435212835453,1.6943199811491665,1.6637169023411464,3.6473665241205286,1.6941116722000276,1.6719485128292815,0.6449097696162654,3.904898117906505
1590,4.433225443880558,0.7471564649792682,0.7379523878922448,4.430287756237324,0.7310052413995805,0.740509319532402,-0.9923501827894852,4.595053711624829,0.8471912654319679,0.836690435249721,4.586638134807991,0.8429763991169402,0.8312906732496999,-1.3640455096675754,4.779088537354238
1591,-0.8052927246262743,-0.45583696939744267,-0.4363418499021212,-0.8147010751699834,-0.47067820177018294,-0.4152660441890856,3.017359887541255,-0.9775998677068644,-0.6490117988770069,-0.6212484999290835,-1.0000241924096362,-0.6480159523150132,-0.6419022568695529,2.8272741077960406,-1.7069722897597517
1592,-0.5977531167122158,-0.5847850152778902,-0.5687654207110852,-0.5895759690589887,-0.5774903446882149,-0.5680477763277125,2.471338480394076,-0.5833474772599427,-0.5706940644581513,-0.5550425352516902,-0.597508286682282,-0.5357403165778696,-0.5509019872465192,2.4590531255922694,-0.4038721894538757
1593,0.46681609623304027,0.31210514888072716,0.3048056804747291,0.4681075421974598,0.32106316707094357,0.29952391005016016,2.13990580620309,0.42416502959854513,0.2543651210488045,0.24875273397914907,0.4195125442578609,0.2457681924504958,0.23933893729619357,2.0540186841159205,0.3253130746383584
1594,-0.5724630557876326,-1.9667654238905707,-1.90684523777934,-0.567311908265616,-1.954443384412508,-1.8957205583819408,2.778243085880327,-0.5351919518199861,-1.88241519045064,-1.822980730968671,-0.537881098154887,-1.879989788907194,-1.8272724134092175,2.550879956694581,1.3159689275359352
1595,1.7925032740359994,0.4433153321467489,0.42967096215189576,1.7876202501182938,0.44354994676591974,0.4161402955936181,0.5130124135389323,2.024919037410877,0.6112077092014285,0.5925384370238785,2.0350406273851984,0.6302640582899979,0.5834219851135389,0.2357412897577973,2.6187529784848933
1596,-0.6887504680984543,-0.4798361494469476,-0.4776657383586897,-0.7408482142889717,-0.4746148638855078,-0.4984772219961894,2.772296700957556,-0.539144847591019,-0.2948988509201248,-0.2929435005703004,-0.559860926947353,-0.3179721196503695,-0.3060747098474952,2.3673221474674166,-1.6755332306185113
1597,1.126927739891688,1.061779155478358,1.0520661582647597,1.1204345641203926,1.0684250747857083,1.0418787593026217,0.9749417883175938,1.1116058086856067,1.0534878396369367,1.0439859907806983,1.1061071750425298,1.0231533993562119,1.0545978099423328,0.7876213909070325,0.5568465541621408
1598,2.7819746044317046,0.9966407968667588,0.9904172054358238,2.783302179233155,0.99815378777216,0.9847405748926297,0.4184158753633644,2.7550895938540387,0.898914532040787,0.8919925349716944,2.7485641989530794,0.9026452271919453,0.9075595963741035,0.2805483336279334,3.889831024568744
1599,-1.2152615920180436,-1.2101267338718829,-1.16764498062558,-1.2136881854337485,-1.223194872716246,-1.1598047061270378,2.7006096109470823,-1.2206093173795427,-1.2251455292499622,-1.1813793354729272,-1.215930101933497,-1.2177034964788431,-1.1916436252456017,2.505413617051458,-1.0748558050665233
1600,-0.24193287177336623,0.044677801668112575,0.04396584107027543,-0.24735969610572656,0.06824787733845199,0.04235008679779885,2.5553804758339194,-0.1675327839722251,0.1782798218942466,0.17531368350080107,-0.16274805749139895,0.1693844735004978,0.17174675983153062,2.423017385267486,-1.1881016079929259
1601,0.3201852669015154,-0.10077056611805463,-0.09875725023633163,0.3235675400783696,-0.09694051031850981,-0.10017060342815781,1.8594325183919151,0.37984382573891684,-0.04391604998038218,-0.0429391371006526,0.37830497812881875,-0.039348984989336866,-0.07076085478366936,1.6324356652117404,0.7891513378012971
1602,-0.8179664750934476,-0.7963684492324656,-0.7724510160287313,-0.8091014320948741,-0.7963772960024597,-0.7907069222530975,3.242778973554971,-0.8692177120575643,-0.830211081348375,-0.8050847350580179,-0.843446935906796,-0.8305897536253084,-0.7977826775774575,3.17269787306433,-2.4177096272552303
1603,0.8979114371092569,-0.34140550532476616,-0.342582904905718,0.8991986197495594,-0.350621342750375,-0.34563232354569623,2.1756774185367407,1.2887566845212597,0.18212373629662376,0.179849058947498,1.2828749955640695,0.17079628917284276,0.1908213926139528,1.5735036723213647,1.5984155765428933
1604,1.6492901362597348,-0.1619902688910413,-0.15683351053848293,1.6510900606624164,-0.15775716672593915,-0.14850349898022547,1.2264005324248266,1.6873965727161828,-0.19136920875543992,-0.18508871003413574,1.6798840965139932,-0.18878705162383536,-0.1866777317404201,1.0433518610232584,3.3491794969509896
1605,1.8104518409646373,-2.380587208410073,-2.344675278936342,1.8004622020326428,-2.386137465852586,-2.38769941430679,1.1681968760235073,1.9191895947103976,-2.3325090772535573,-2.2932191332721836,1.9144257345127065,-2.3109689521461223,-2.289177259813763,0.8692220427984403,2.8246062965492973
1606,1.168424404897566,0.28249265795651246,0.28011785307195264,1.1805061848988077,0.28992466409582845,0.27842444512076153,1.1299579749082362,1.1550346724475116,0.15645025944933794,0.15505082540665846,1.1544020968570599,0.16921635375914537,0.14449205470722729,1.0292309609392354,1.5673384866465419
1607,0.2883918353556013,0.5253383774886233,0.512564636156294,0.2874026915214061,0.5162913557536094,0.4972845342032735,2.0994685340394335,0.2936750929759984,0.5674970314562805,0.5529633072520194,0.2970104265109751,0.5668622391099839,0.5394779661351469,1.8933390253065283,-1.097296652420168
1608,1.4302031232180212,0.14274353610322313,0.13937067742293355,1.4382075963118415,0.14365330066693338,0.13051745213294239,0.9664294810889309,1.576828022623147,0.16165365818543037,0.15782746595077757,1.580933751639308,0.15771235125736502,0.18410609142299683,0.7005286691480411,3.344907789274923
1609,-0.9794941058300548,-1.242651524708579,-1.2099724719967806,-0.9726847564308991,-1.245841265695098,-1.2120628915020377,4.459261084157779,-1.1035598678606735,-1.3864577323212603,-1.3494330901096572,-1.11541057624615,-1.3975405923039799,-1.359510285863515,4.395385804123282,0.4512467105239136
1610,0.8645512294221767,0.02671559386054409,0.025848797071970048,0.8522825729037019,0.009036905334824366,0.0266355298436208,1.38570935142515,0.8197369109893429,-0.09955902591796369,-0.09648278143161454,0.8560781352338126,-0.11616164161252093,-0.08303300018751286,1.3121488478014627,1.3482156265124976
1611,-0.20766590608916652,-3.62097025723532,-3.542881487780925,-0.20447520762915367,-3.593415894078884,-3.5609976466910696,2.1887053220495964,-0.054968023406019466,-3.7777040546012746,-3.695982065292514,-0.05832554027170584,-3.7915464914882944,-3.679110066447297,1.9469847520846766,1.943310776856466
1612,-1.235026091676973,-0.6887269131817523,-0.6652169234720933,-1.2425225981378993,-0.6873143414916328,-0.6781598469312184,2.3474023036987215,-1.329368763794927,-0.7248446201789817,-0.69976655397463,-1.3299819840933185,-0.7395359669782332,-0.7071055277020624,2.286581111805007,-1.5151179607829033
1613,2.310200011140307,1.7816213506307892,1.741777297544067,2.309592549653785,1.7907055974814168,1.7371063220178418,0.8990899177994682,2.468327031399646,1.8915091302333327,1.8483015964484333,2.459425526159934,1.8949173745122818,1.8369505508578554,0.4871601458257164,1.2501336945687471
1614,-2.056180752351281,-1.6952530598220135,-1.6619998902887154,-2.0496355588446793,-1.717894055771319,-1.6755028701548464,3.28171259106932,-2.2317726719087463,-1.8504106414430275,-1.8126219045338205,-2.250889316571233,-1.8539572341265822,-1.811058907433612,3.1709454162603734,-2.088251658494858
1615,0.6597302203229186,-0.4242845253001579,-0.4114947545174337,0.6803953044803597,-0.40060074175784793,-0.43074582384453225,1.3035043553641144,0.5112506207580184,-0.6662447994767496,-0.6467974192344409,0.4816311650591895,-0.6696285008883666,-0.6579745119533283,1.3997986195694565,2.8716217308090393
1616,1.9856944673556207,0.3806772376829905,0.37569287258867307,1.9816331553608686,0.3848749089501416,0.3916895258061023,1.1525503508327695,2.0010650756550215,0.34581372970428703,0.3413786534488208,2.0055169285894907,0.35913510096755824,0.3314920958015682,0.9995336770324563,2.802127772592353
1617,3.56251998337704,-1.2279457494356223,-1.1982078279891952,3.55289610759426,-1.2408135690986455,-1.206240955149066,-0.6729217894995224,3.783599208265254,-1.0929232683638506,-1.0665143743794352,3.7936814030486983,-1.0767944564033238,-1.0650086214819257,-0.9290227034275809,5.6120659988568145
1618,5.137623887607518,2.481371178099749,2.3885704296738854,5.128714528519308,2.4846897010037727,2.400175418910119,-1.7146487644462207,5.264584326564207,2.649454792813312,2.548598100183147,5.278308811407528,2.6518493464149553,2.5481249842682865,-1.915353932959687,4.5853221924300085
1619,-0.2783582354516339,-0.5237562153710675,-0.5113580307664044,-0.2715170902627484,-0.5190760220982897,-0.5071076470734579,3.2704957160639836,-0.14322909759220437,-0.3943404880122799,-0.38499802539612293,-0.15261720772063603,-0.4061482606040902,-0.3985432944964273,3.120076344896834,0.05379637766533209
1620,-0.8359123309244393,-0.36509288081643876,-0.3538068483697434,-0.8453286863927535,-0.38098989881223944,-0.3666928495513188,2.621396124467519,-0.644110960644243,-0.15635955959816025,-0.151373317616707,-0.6556334479168516,-0.13791458781148802,-0.1380966718058205,2.30570807742861,-1.4154617519243344
1621,2.5231730706075512,2.8119329416233163,2.715374045013544,2.5220340832502925,2.828557642680422,2.710408178233861,0.4953982919883532,2.500118912375257,2.767081163842611,2.672026948007042,2.4863294076155,2.7467741440118463,2.6686367355788274,0.260486947403836,0.3974159844747855
1622,-0.5095369457473362,-0.40167956876399463,-0.3964533215654312,-0.5281395382679804,-0.39120973540259907,-0.4072908994085833,2.550879431657089,-0.4506343719938092,-0.3055794055778647,-0.30166479509735267,-0.4567747553746082,-0.3296597540569014,-0.30937077812566927,2.3252998372367935,-2.0443849671477348
1623,2.1359858054549545,0.8792577993905614,0.8546085320081716,2.1365856513339425,0.8845000029076041,0.8600867089619972,0.9311589358278954,2.1639534092504067,0.8658830545497669,0.841702894732323,2.152959274011533,0.8623023291330156,0.8406215619080329,0.7826652472523608,2.7250323089565405
1624,-0.10085038032025383,-0.554475974792608,-0.5350280678069079,-0.1082750057499402,-0.5559048899388801,-0.5228782913446948,2.465674220306569,-0.1254917609676981,-0.6027878333093715,-0.5809796479961202,-0.12972712440401224,-0.5804463795703936,-0.5705115265046425,2.325176298890155,0.9089892783164645
1625,1.0957194782134905,1.236775848344524,1.224969944425247,1.096682312456918,1.2438705540731847,1.2287188777714892,1.1631578288712183,1.100186201912989,1.2515797597582878,1.2389158453236269,1.0825931650521472,1.2549066226439805,1.2571267530427137,0.887117052667031,-0.33915947028191323
1626,2.2169978217956006,1.7079976920541067,1.667774690644613,2.217672922397559,1.697335633542736,1.6610674299918462,0.21209974702992818,1.9498934492183433,1.3367746095508095,1.3073749289875503,1.9473693696091143,1.3295112606417654,1.3153954565359716,0.261245652723372,1.33471315583216
1627,-1.0316188753605091,-1.0638566186866232,-1.0370119478606228,-1.0415541387585785,-1.0680376791915935,-1.0407896462684505,2.9595852435065444,-1.1077849867615495,-1.1490393727629808,-1.1225588539078357,-1.0744398588023498,-1.1568865203785166,-1.1435016617602762,2.865044039555611,-0.16690494700715944
1628,1.6491424909035015,1.2343283942609458,1.2041585264620607,1.6666798135183527,1.239191074028562,1.196291447204969,0.6239515963842048,1.7481011472272054,1.3246063765442482,1.2916909245277195,1.733530245225407,1.3217701047639396,1.3066299658029628,0.3643679175468274,1.6244811461979285
1629,-0.8448132252547385,-0.7979973521808686,-0.7927410429636212,-0.8400476046766552,-0.7949843810691873,-0.7961168275509036,3.3768594268866696,-0.8849693995158935,-0.828181915243096,-0.8222458365106992,-0.8932685380442299,-0.835592677084846,-0.8222895494080265,2.880000678783373,-0.6044064852297972
1630,-1.3152434220358982,-1.4205819026386795,-1.3580398946567893,-1.3130981880877322,-1.425679147563144,-1.3639790530452094,3.166900151172949,-1.33133031606755,-1.453723973282131,-1.3910620045326003,-1.3430270422328343,-1.4687130284976864,-1.395414537967869,3.1892611651100515,0.15453675932510907
1631,2.552431958691691,-0.8215294921312453,-0.7966245956649456,2.5526933681118456,-0.8121664238572309,-0.7893689321718952,0.7645077231939821,2.559767449080179,-0.9047831502970642,-0.8759300687928925,2.5679132040024304,-0.9112907933995108,-0.8897780042374097,0.5758453316196214,3.9916161639652477
1632,-0.7736403380526707,-1.2661286249654722,-1.2264789333903572,-0.783664300405718,-1.264185735212348,-1.2301002949048239,2.638063099172346,-0.6201701360752787,-1.1442353060155253,-1.109661921259175,-0.5966424845488439,-1.145181075787164,-1.1315098799189092,2.536080582422884,1.8186662395688595
1633,1.650225127331668,-1.0421603325830784,-1.012573928517556,1.6522313548739624,-1.0115738364546012,-0.9813941327620161,1.6375057523143035,1.710286955216433,-1.0744654570144003,-1.044483370426047,1.7093853533679586,-1.0395188814546807,-1.0191041584276785,1.4600366378120502,3.210747177446079
1634,0.3649453829815116,-1.837709015145195,-1.7630054496871883,0.368405812001859,-1.8342628603360378,-1.7613590021924785,2.072331527587233,0.7561297466058184,-1.8365634502247195,-1.761790589183816,0.7564100047099617,-1.8301954949194728,-1.777040183135642,1.9154848660393922,2.2890632431654083
1635,1.6507384365204765,2.104504875288346,2.091266840594046,1.6424549366898216,2.132595540716383,2.0677709424400805,1.0723949344652235,1.0496322307661097,1.5360714980941015,1.528003982440389,0.9920915495470021,1.5039560357276212,1.5267325522103967,1.1306184462184863,-0.6124920717624449
1636,1.3788829766603785,0.3201450011959317,0.3135830553042692,1.3844498015993059,0.32513396095844865,0.3239806139772242,1.5417956010264549,1.3533926698948093,0.21014218939309184,0.2056092412424136,1.357571557428036,0.21342201719001438,0.23062012660069414,1.4040184340440338,2.5539137765722977
1637,0.615319482838392,-0.8730654864566578,-0.845480224223804,0.622426021784274,-0.880556204507578,-0.841651369905693,1.6936302581043043,0.7232878925776303,-0.8191773979843445,-0.7922875040358879,0.7269092439219121,-0.818206956471191,-0.7903473756630827,1.4953231933855224,2.6224226917788314
1638,2.683434964539196,2.890257455869431,2.8346832450920028,2.685181964668472,2.8979126762852863,2.8174721262503106,0.5068266094708294,2.7453670668033983,2.9665030005205497,2.910057141913931,2.7579896106142425,2.938780289397693,2.894561446352635,0.12844587802119758,-1.6550824493165412
1639,0.811710950945687,-0.37200826434915335,-0.3689269748894729,0.807728879797533,-0.38397442466215254,-0.3677413150541813,2.194666221028869,0.8068666126550218,-0.41214065798478733,-0.40838313823194045,0.8178985687559729,-0.4081554668099015,-0.41474341302808637,2.0591719712804135,1.2084686563045575
1640,1.381101223912497,-1.7204101620851489,-1.6804865118930372,1.3719116722917766,-1.6955479777668647,-1.7082432507458163,0.9796772908040909,1.6171722319370667,-1.8485368416925914,-1.8051351384187695,1.5942619489627716,-1.8538757601520774,-1.803219043280451,0.6375867356828125,3.283901125378301
1641,1.326979355873139,-0.31908454805416425,-0.3093485062906352,1.3211691354658217,-0.3188699213213351,-0.29792481783909536,0.5663130885684465,1.3794893423788195,-0.37667802970344366,-0.36541650979653356,1.3870761092126827,-0.38258037012282,-0.366671273230987,0.4716466188270415,3.5712418481664217
1642,1.8090964033973842,-2.2844876109487373,-2.2395865678532205,1.818053444773078,-2.2853891149803696,-2.2369163990952505,1.7579589589391487,1.830514123020505,-2.521388859113923,-2.458933488524157,1.817507021858835,-2.5453985011919893,-2.5058830166049173,1.4486074938112512,2.7229956973615677
1643,0.5252388356900173,-0.11909393453834076,-0.1160484076720652,0.5263962721421446,-0.12066783087514826,-0.10734142674112225,2.0070173036302554,0.6020579156471297,-0.03808511773475774,-0.03707986396471269,0.5596189057792845,-0.03542783719510243,-0.04077238916006251,1.7610333489661387,1.1877967794876272
1644,1.3757976831754235,0.45841569258257303,0.4447867033823585,1.3908959690138434,0.4741353452168948,0.45049053060045435,1.0464538465624462,1.241287944586523,0.2613961261932344,0.2536481320567358,1.2559826040969095,0.25742216483035935,0.26269022659185537,1.0055506165366128,2.5872597010118437
1645,-1.0469175765564382,-1.7755983524302108,-1.741132267405188,-1.064594316678064,-1.7549769493745138,-1.7441989140378817,2.705579421141357,-0.9821896372869289,-1.7568276890224408,-1.7243264778973315,-0.9349894683808241,-1.7542493118474058,-1.7574765937851902,2.576078856709155,1.6229258753510498
1646,1.4046986900631597,0.4069265500555681,0.3968580030841683,1.4036371291058836,0.4021441899779004,0.3814469102970868,1.749133939976719,1.4430535354630833,0.3882020996303462,0.37831218300903263,1.4441722522890168,0.3998861369525796,0.37664026714488547,1.5876680634101143,1.5714602641534205
1647,2.05120922043696,0.5464601296819421,0.5340073897362856,2.050055805124552,0.5443997852570467,0.5342058762529579,0.297180662215549,2.1176971487896505,0.5321541844956259,0.5202247375331449,2.127649622111336,0.5246575234073731,0.5221770358570355,0.1137544952003503,2.864380873973429
1648,1.3067573378232988,-0.2993260701255085,-0.2945846079858708,1.3184700882665632,-0.2872359996313412,-0.27953324155872333,1.0321581178992358,1.4792909987231773,-0.15853154667855146,-0.1554738932726217,1.458936933169126,-0.12807924997498893,-0.16397070566139935,0.7421009582313765,1.8169010028455999
1649,-1.4228136399483144,-1.2656782715332737,-1.253363116468267,-1.4347251446488647,-1.2643778331555808,-1.2575476370161427,3.327614645233303,-1.3357597895960063,-1.2038605510084703,-1.191055212294892,-1.3413776694105801,-1.1879004629133025,-1.1827162797707933,3.1070124725112693,-0.10230398744377843
1650,2.826919373726638,0.8923446823085471,0.8787262337046756,2.83040240983588,0.8969974212000308,0.8820024404349626,-0.11335555644216035,2.704775845430928,0.4428896134815488,0.4361391013505044,2.70296303022017,0.437490697644079,0.430086876900992,-0.06812897592995255,3.7608312030454836
1651,3.7111943853435334,0.6894329107521818,0.6837765603816961,3.716834737216265,0.6914865328998643,0.7247799955968243,-1.175434420325154,3.8334324873226704,0.7548921125929331,0.7478279364122821,3.832216204795684,0.7578217386459789,0.7669389186743766,-1.4225611283471171,4.823553706747991
1652,0.9073767887139345,0.3149677910198622,0.30850173850438745,0.9076487469935206,0.3072768811049248,0.31370431591778164,0.99724630195873,0.9473162564293532,0.32606751064455247,0.31948364645970667,0.9451921822689645,0.31688044274131716,0.31687375778212656,0.8541078754734345,2.0511485473955697
1653,1.0948335777599,-2.5714499232206567,-2.5141143585323773,1.0977560559415152,-2.5815838295278994,-2.510735089104514,1.8545973026461582,1.3157136378142116,-2.7599011828457964,-2.700584684581667,1.324057751964098,-2.7712499644763184,-2.7142922185974023,1.6499470532489804,2.798600533882823
1654,2.4819255432657634,-0.02359188291349836,-0.02340964794896111,2.4905859173973353,-0.018451858284054025,-0.0262291201641079,0.5955714341615834,2.6375120783254578,0.11015334262474431,0.10947368094177382,2.636289284198761,0.11598402113628917,0.12078057983851766,0.3302083199922553,4.100714027455675
1655,-0.16717650347573418,-0.1376999355951822,-0.13437600513355646,-0.15623848581090533,-0.14947228928368278,-0.12849425872932624,2.067542851904523,-0.2574961632499968,-0.22474845091085938,-0.21914186912947828,-0.2462463710085037,-0.20902232984449226,-0.20344271500812228,2.022689530869564,-0.6777498932142902
1656,1.7947494526133443,0.6413803136419284,0.6212935723218103,1.7943984358135723,0.6524873022406914,0.6140525237319462,1.6526820861683682,1.7862830125099605,0.6096832831185114,0.5912905493678736,1.7850709376572675,0.6196960818074752,0.5853377578462152,1.55907373555979,1.6927464201935358
1657,3.5411723525048706,-0.7330565731354631,-0.7261084140268474,3.5341443068948024,-0.7170226220642508,-0.7216996075719613,0.10541205126403615,3.8294661698744807,-0.6453986312564778,-0.6408021458517905,3.8248592866551534,-0.6306622888114907,-0.6652739251120242,-0.2864490305519016,4.297643641620478
1658,-0.31216209832420194,0.3674888065522432,0.36097470443574275,-0.31856358501783505,0.37831120163149395,0.366962719399739,1.7250326315192017,-0.4260311950954354,0.320836603795104,0.31531657729042006,-0.44841618218009854,0.3322738394978674,0.3147986405039006,1.5920059218921345,-1.367882589812638
1659,2.32296551532192,-0.6905745776563827,-0.6752980934507353,2.335113465078812,-0.7081587682736787,-0.6758938892462565,-0.09922874666589523,2.469836599147466,-0.5907076006030814,-0.5757123976117303,2.468632858897812,-0.6076020233183616,-0.5773662759884136,-0.3593994064252914,3.5454927122888327
1660,-0.6894438620612866,-1.6572163255753292,-1.6310460374627025,-0.700429774713014,-1.6432417783919433,-1.6298474394730635,2.6917268909298957,-0.8087096628589941,-2.1835439964832695,-2.134787941184216,-0.7737706148100153,-2.165954480563123,-2.1541528797204292,2.5812434541401488,1.0214040478009294
1661,-1.4008428795562506,-0.9866078780677147,-0.9596620478140843,-1.4184962042781162,-0.9885567333510755,-0.9550171728049957,2.8582364616345832,-1.607755082444159,-1.1677587041035729,-1.1347134184525107,-1.6115785552876702,-1.158134797709491,-1.1360648156939857,2.8837914133094285,-1.094393227053059
1662,0.9629546366535773,1.3219795295033534,1.2883265664848897,0.9664321370255741,1.3228370963257958,1.2871047799867952,2.223705802899553,0.9982384516586007,1.3659032259236559,1.3301034166574355,0.9950000142658124,1.3616866719477299,1.3163120038137597,2.0263903969008217,-1.7379131549183364
1663,1.3414017727629102,0.7932265882211226,0.7715737146511336,1.3221178936977465,0.8026886139459805,0.7650629402540953,1.689682344533018,1.3313866571362534,0.7824328751307477,0.7605455081006122,1.3383426005017165,0.7773953592864782,0.7537116503417318,1.5377066031933848,1.0212199237154327
1664,0.132843307042736,-1.6253834199761752,-1.5765285791304895,0.13420758435955304,-1.6118809783115586,-1.5673728260512318,2.5790567472469785,0.42805150322569546,-1.5064038085485583,-1.4633884928351653,0.4305930819514041,-1.5182044919180635,-1.4644252949786545,2.1784845902978174,1.8916022078008659
1665,-0.6042079725712772,-1.0736073764222203,-1.0468248621833687,-0.587003621413661,-1.0917199179322459,-1.0454752723157614,3.102899759518105,-0.5561641870885234,-1.0358578295051248,-1.0089902036407628,-0.5620316713557083,-1.0402106533523485,-1.0057018886036355,2.8834487525966157,0.8275356143363701
1666,2.1242254082666454,1.8891485215015005,1.8404405390596614,2.136885302126697,1.8875574944979552,1.8285500596146713,0.7655481481062469,2.0658737998325143,1.8075501018335134,1.762988066574923,2.066315711493138,1.8208961093006417,1.7387980395569718,0.6868248460475289,0.7637737764914606
1667,0.43814801185470714,-0.7612761556561325,-0.7439378369024311,0.458759746884176,-0.7601813062189844,-0.7247334436028284,2.0721615429899396,0.5412828338367044,-0.6606641775102254,-0.6458734077013994,0.5343437504456668,-0.6513596864282846,-0.6495588752277924,1.7840937052816055,1.529909821593293
1668,0.8944767248134653,0.1287165787182063,0.12575841507404248,0.8920354119412144,0.11465569871985883,0.10591633494091883,1.4948881957387556,1.012237453181654,0.1997559192805908,0.19518184577566552,1.016500765476558,0.2092697068733679,0.2009336488686812,1.2277224091638685,1.5969488310342588
1669,0.3532328805771064,0.2850374965153434,0.2785103300924157,0.33224536889531847,0.3113603384149857,0.27065721506740864,1.9469524103114624,0.4513014480728934,0.4279983329729012,0.41828340793120244,0.4331183377255058,0.4390814660733694,0.38356391581640054,1.6606122315866325,-0.11118083618468814
1670,0.1267210406256496,0.07261843261684671,0.07119031043082902,0.11626937183861295,0.08326910390592536,0.07151448105480483,2.6962786368648564,0.20822591089092726,0.1510604194918163,0.14784763457963537,0.1896915126946198,0.1486670396385281,0.1491931243241171,2.458495637036112,0.9265333575209133
1671,-0.3660037565434123,-1.0611567370169457,-1.0080847872079417,-0.3649765861597593,-1.0613015217134998,-1.0043385403060991,1.6631254586866104,-0.17506787883976085,-0.9566489898360705,-0.9097172373344069,-0.16126596926045667,-0.9639516671514862,-0.9013159787394985,1.6164066948137572,1.1847435344063493
1672,1.8042422865807044,1.1276608227459823,1.1127978281737774,1.8056162181704611,1.1341296754140728,1.1051461700972673,1.2393475493408974,1.7652986441374774,1.0921463710730068,1.0762661878812865,1.76471951902766,1.0906957097818688,1.0819088649664708,0.9430849053259674,1.2223034298117779
1673,-1.8409676444220449,-2.1348049476221433,-2.0636254411507022,-1.8505442128495941,-2.099716672648152,-2.0623038949342205,3.0303960471719877,-1.6427798329161656,-1.9563224667998036,-1.8893064060001714,-1.6765097095219033,-1.9462125439333597,-1.8821374504135902,2.733020013285054,-0.29869248631795875
1674,-0.7426089143254112,-0.5194926608410363,-0.5026210709154258,-0.7317838328480027,-0.5219991285293917,-0.49996568822770354,2.4180893181142613,-0.680941390597943,-0.42950894120121147,-0.41642643198524376,-0.6871282542539201,-0.4367486423587638,-0.4198547181312269,2.281897766928667,-1.0917510090436204
1675,1.2729491232962644,0.3659756071032935,0.35839762309223255,1.2825893405694102,0.3563279198218138,0.38635130088078634,1.7539099531227287,1.3545998332012343,0.4287026661299044,0.4200019302143371,1.3561268150048238,0.41287795620647866,0.41708741401390087,1.5644711743683022,1.511326837254578
1676,-0.02424046329895227,0.13144887591205426,0.13041553176530796,-0.031909575426374126,0.13648734984824015,0.10835532896626594,2.480548189200056,0.4105238729489514,0.7075758154698755,0.7080294572895901,0.40473516109460284,0.6916581942854768,0.7072590579263215,1.8555889194164503,-0.2810527953006831
1677,-0.9282322194525369,-1.3044035318713998,-1.2602864341687456,-0.9216505027323334,-1.3046643525277763,-1.242192341027572,2.700344363045157,-0.8972647294206738,-1.2713075074765716,-1.227257195119197,-0.8976996917680639,-1.2711055771144482,-1.216390168217622,2.5731366892376837,1.0333948746921569
1678,1.5309164099503587,1.171894640078079,1.1502082850825188,1.5294967361123564,1.1675787105790885,1.1417285022086041,2.156772374054576,1.4881853220381325,1.1063193276885337,1.085468773773334,1.4941007144626033,1.1004014033807512,1.0891874944810322,1.9781643699471965,1.7432174632941915
1679,0.6776893759505479,0.05895514399934528,0.05747236772560679,0.6755665026758487,0.07536012729536885,0.04531573659113819,2.1761508170440584,0.7989252727235492,0.19813549797076518,0.19292443322363131,0.8046047820143137,0.22455527284059462,0.21461886582780892,1.8409747390005107,0.9920940307713982
1680,1.7476410791969341,-1.5949758434071573,-1.5425046670478266,1.7444376137405981,-1.6118937482824767,-1.5576231795714732,0.99453351190161,1.980969274707691,-1.4992938047419897,-1.4520794908960706,1.994497643868395,-1.5351106620436532,-1.437134475266266,0.6970554754900296,3.294613174921955
1681,0.16895736900385308,0.1353865897034286,0.13315650583696081,0.1645170410346985,0.13048119974540212,0.17409112012131983,1.2233591450630859,0.2959802630195787,0.2717628103686173,0.2667676729991011,0.2995794580035856,0.2565735710714107,0.2906572395300864,1.0037657934172992,0.21279046506251378
1682,3.0099199587162198,0.8270035404621359,0.810938957349741,3.0218132812961223,0.8255601820659144,0.829505476045204,-0.33379900833056814,3.148885895292706,0.8585597761489321,0.841219797485075,3.147566593560277,0.8678106743389578,0.8423533779204859,-0.6728536200788611,3.795863339062406
1683,-0.940889976072874,-0.7604362072155115,-0.7419209276651327,-0.9229363035316378,-0.7461781777028951,-0.7706341139893808,2.7688261226460558,-0.8200117049395869,-0.6794062510405294,-0.6612558000060034,-0.819480080344813,-0.693774338653381,-0.669211747794646,2.536690006905932,-0.5753770310896986
1684,2.1562138812834193,1.6053321658239303,1.5636470613365216,2.142418045270098,1.6018267820436565,1.5804726891526648,0.7617118660995333,2.084576681511302,1.4946721696627832,1.4561822762898022,2.0721118668258383,1.4856705428726102,1.4741139170219608,0.6558723476819811,1.5581583870357114
1685,1.2094816454357584,1.0257676823273187,1.0072435708816982,1.2005999644424412,1.019797443043707,1.0081978311284272,0.7659483866689837,1.1860147377502464,0.9863254253317142,0.9661135011941728,1.193116141282089,0.9919841478039036,0.9660589422127526,0.6123876081847074,2.0946386639518835
1686,1.5778587559076072,1.6839610439182453,1.6801591091676868,1.58184319437059,1.6906886381626336,1.6862104197137253,0.7366732903366522,1.6541146110031675,1.7596879978156874,1.7565368579418579,1.661882595099596,1.7711054407630804,1.7612208328161711,0.5497493544070805,0.32625633942307336
1687,2.4488047219790334,0.5787843454459733,0.5699802421079883,2.448391722317234,0.5621769156759144,0.5735062440343045,0.5567419008850837,2.4806906331554597,0.5106841690710455,0.5035096017430792,2.4707463248333434,0.50007715319143,0.5339965613330652,0.41582868925796307,3.9750634320760256
1688,1.265681490701421,-0.2792990941301921,-0.2745712013874009,1.2609036982412516,-0.31835151326959493,-0.27082482411190656,2.123120326906325,1.3186360153776955,-0.20277004144287594,-0.19926827211598133,1.325360646747497,-0.20818835269984784,-0.17863135458892176,1.783292231592627,2.0618476888931454
1689,-1.217026213084094,-0.9411609159681162,-0.9185025089258101,-1.207022822148492,-0.9372741808756213,-0.9364444109947673,4.20184348410824,-1.2200405155654337,-0.9589575862166219,-0.9362687620840254,-1.2187536631066183,-0.9531229532727428,-0.926165015808196,4.057107062671924,-0.7210267421447857
1690,1.0695312379160262,-1.28952785437622,-1.2478753625788856,1.0620269108764002,-1.2849941537155807,-1.2460297208502022,2.142980684870347,1.0763396647554693,-1.3968412174070548,-1.349293992149158,1.0710879089404102,-1.4170467432570932,-1.3381321475761936,1.9186905008946744,2.5900429549509485
1691,1.2959018445489467,1.1738889918716118,1.164619266732163,1.307847743886323,1.1733710058667475,1.1642241530609612,1.784736882813295,1.2540921589574523,1.0657124789167303,1.0553636650563418,1.25047009590405,1.060355242289007,1.0549891529815643,1.6711796333177493,0.8389892332733478
1692,0.16161044522148293,0.12000035779615224,0.11728942073183969,0.1616233402025027,0.11308322430717757,0.1151315393188094,2.4958857575603988,0.10851822346650616,0.0697302859802525,0.06802257183987132,0.10438615121635353,0.0660726835658483,0.07235124176818504,2.384466721695816,-0.2371667226266644
1693,0.29209066496570635,0.13322012598162872,0.13197459034851777,0.2951816904878791,0.14249248869958125,0.1501374740866837,1.8401452687678377,0.30107494823456504,0.14400498879582616,0.1424642651738533,0.29508139874017025,0.14115710944424267,0.13254251721407448,1.7005072457686383,0.2261795603717001
1694,-0.06993800035777806,-0.033112306661866375,-0.032668417770798826,-0.0776480691738529,-0.007521609142175045,-0.047287935444837004,1.5984527451909307,0.20205964792729364,0.31325755730573596,0.30891197919748636,0.23527127813595322,0.32981503096913406,0.31500420550428176,1.1576847237124905,-0.3402451508546843
1695,1.7203115334728887,0.9033986575943868,0.8878377297084717,1.71149646637753,0.898954311669404,0.8840368956543337,1.6704116001057725,1.766440819493256,0.9444583531432525,0.9257163441527794,1.7677666469834992,0.9362630969914043,0.9277314921461399,1.4628323844278082,1.089069161986695
1696,2.278025047269801,0.27299529364762265,0.2673119022907873,2.288452542686533,0.2872582500735604,0.2751915453542878,1.1049407436858742,2.2225298761512993,0.03936401280981021,0.03842124084878218,2.2310525954953886,0.0716442686085771,0.037111774609836494,0.9542541551438506,3.3039953943191116
1697,1.0098699744240591,1.3114035884427782,1.2705006173161837,1.0282464891197611,1.3076803544622155,1.2764465731036803,0.6046885356253234,0.8260337058607649,1.1516593465451308,1.113423250965152,0.8345818669666215,1.1550032317407721,1.085479047898307,0.6554134334849407,-2.1558886157425894
1698,1.140171211080344,0.8806091433689976,0.8772200227113253,1.1438436896011912,0.9126983252825556,0.886528758955796,1.4940998670257466,1.146325899156836,0.8772713476879151,0.8741135974433708,1.1669367972077689,0.9119159983100712,0.862056410267244,1.3207353070609538,0.5988330962350751
1699,0.39924535418981816,0.3710731093343505,0.36608232448788497,0.4057333680333529,0.3530625555520118,0.35879657441132445,2.8972869321981713,0.3290816045973727,0.31530979865027126,0.3112459133427465,0.32454436205780646,0.3042169374069278,0.2861022694301122,2.7785659110358334,-0.16616300409081725
1700,-2.375252570568651,-2.2945733800179706,-2.1867286046841627,-2.3646882288608055,-2.298865962282413,-2.1847823079215845,2.9178936816290983,-2.4962146894402855,-2.416677715135738,-2.302901552612582,-2.4987108838619965,-2.4226189416131425,-2.3086484949955133,2.9854628182956557,-1.3519658027534671
1701,1.7024608013522369,-0.18760628219242886,-0.18410659800187004,1.7078279843101933,-0.20722293493537913,-0.21050306068705654,0.5757992915162343,1.7881328360373443,-0.10548735569000549,-0.10346071524018706,1.7684593187237259,-0.11036548521118794,-0.10745331198603338,0.29743659695129065,3.2264094414705737
1702,-0.9549215210629817,-2.4596583828168828,-2.4072660807332507,-0.9588213835214725,-2.45108399319648,-2.413584403851579,3.158301481875764,-0.9154749982736987,-2.720891060840943,-2.661328524104014,-0.929065033581876,-2.7243621596438983,-2.6718291991866394,3.0131256802190145,0.4649465414296726
1703,0.5476521912708056,-1.051494614495042,-1.0286812647627332,0.5332633986726517,-1.0202314041456129,-1.051117621261767,1.905898300568432,0.7684767494398224,-0.8357673390202045,-0.8149417465376049,0.7767545580625109,-0.8306982427524369,-0.8381752209105973,1.5544199849187599,1.9815828463059455
1704,1.4079798803734132,-1.320579036169464,-1.3063801071140326,1.412795949317281,-1.2969411618560442,-1.2946567332613468,1.3912662093307553,1.6102560289926264,-1.3588642506990027,-1.3423305322698178,1.6117340986785127,-1.362117886718879,-1.309349434045615,1.1323610501959187,2.448675661058148
1705,0.01843640229611782,-1.4066986963772394,-1.3823440695973923,0.005939555332920407,-1.423977604667933,-1.390349716137769,2.2774863009004545,-0.0451085816067097,-1.6263266671441254,-1.5973027009197749,-0.04145319374927433,-1.6109438887370222,-1.5930496739194877,2.1685242443204227,1.4647412067224495
1706,0.29697328621185276,0.8793218722809257,0.8719276839207413,0.3091942180311917,0.8731912155745487,0.8921216737815001,3.0741628724239694,0.4872546782971717,1.1267277648045455,1.1145011738922206,0.47314772107367015,1.1565761734838325,1.1310328998854222,2.5762257171560257,-2.10570633696407
1707,1.1257464321310195,0.9959241582802398,0.959149772250504,1.1256730768515255,0.9993863096894869,0.9599918252986361,1.3701481027982565,1.1038164957286392,0.9870188423337116,0.9497058351973828,1.1200927501367537,0.9815337829924506,0.9446920680485412,1.2240280467133284,0.15615760067121812
1708,1.2139942091315004,1.1164861067114036,1.1021207099465216,1.207168970248156,1.1140998764796646,1.0884117904058592,1.1149234007100854,1.492020128989758,1.448794815898529,1.4285090599636876,1.4915938342628445,1.449922018739825,1.4395977110727665,0.628823561428692,0.856008314287711
1709,-1.6004085299958413,-1.4081722582922864,-1.3776987076113991,-1.6136279639640512,-1.413258237835612,-1.3496707555439833,3.556481014315719,-1.5525224229129835,-1.3478459986214542,-1.3206622137822,-1.5465937394247393,-1.3339883501653182,-1.335624528294486,3.2885663627554735,-1.4109387302716703
1710,1.1423189239450715,0.3817281797823443,0.37256229344663644,1.1480534584400655,0.38701077592863947,0.3617702445758092,1.019224700388482,1.1812436877842492,0.35317750441702955,0.34518525145839185,1.1769203899378489,0.3386966640449933,0.32559364781603434,0.8231610416063883,1.5250111529611463
1711,0.7678377617289807,0.010422634520697506,0.010294381699401962,0.7433136531891609,0.03417201207582291,0.012135416517121965,2.3664881119215844,0.9308816900654462,0.16558136026523332,0.16339695918989042,0.9138605961088508,0.1789892865845782,0.1601473920074282,1.9081437519147653,1.2710144039963804
1712,3.749229467615543,1.1199418529593783,1.1167387929197437,3.753000725805307,1.1093398805928414,1.161438220211487,-1.2985880466834667,3.966331191849909,1.3397826407332,1.3368993661765163,3.9546271943891202,1.3233436752888277,1.3515543844734264,-1.6409592990074644,4.2592613589908765
1713,0.7367629447165198,0.3271157451989056,0.32298571514769764,0.726974687249973,0.3323205421302625,0.2808674594426916,1.9979188372319236,0.8225776697226543,0.42111753579472583,0.41596032208487616,0.8156349781041949,0.4205261187962714,0.401757223557528,1.7078280095025857,0.9910223831507066
1714,3.0787937609691287,2.1831958225008763,2.112375126528672,3.0825705939394896,2.1940340875527617,2.090487918433475,-0.08425005314923331,2.897021595605708,1.9204546497814559,1.855632267730151,2.8847680541246694,1.9243291637471769,1.8436631400823753,-0.2061608868912969,1.8639042422898482
1715,2.0909252549467574,1.9694185167650715,1.943481203840361,2.0890536955493797,1.9675963514680754,1.94110595309207,0.9638147815203817,1.9410525166246853,1.8237624105701509,1.7991995182967142,1.9447571828203158,1.8175881703218886,1.7999357348413911,0.9601928057787229,1.0939192355090517
1716,2.3997282772085247,0.892644562609992,0.8813324579057293,2.4067258522912263,0.9027468902278829,0.876081011276531,0.5336464859389835,2.337315932466486,0.7203454456708174,0.7127601132953755,2.3347653351439517,0.7191857934505569,0.6985081392568567,0.4564403135848938,2.6725636345866284
1717,-1.106718067469412,-1.3002151783514462,-1.2622021805444716,-1.1175361211002501,-1.2927819229745943,-1.248523577268706,3.569861797178164,-1.0589597943904585,-1.228892054582997,-1.19619473232316,-1.0462217073606497,-1.2419537285148587,-1.1800385517034675,3.5844578634101,-1.3065037305002727
1718,2.4421232531834582,-0.37492626725456224,-0.36709236324448413,2.4368617206985976,-0.32992040361177016,-0.3798473824506806,-0.26836608430129194,2.6102742021068925,-0.26447297570348577,-0.2588161277469737,2.618606335609638,-0.2468435376733405,-0.24192550665273316,-0.5505517347150716,3.888797742176194
1719,0.5239778982618781,0.5645435216425185,0.5544450215838751,0.5271246441925654,0.5708272553964224,0.5595510022472034,1.833579407609029,0.8580286611123987,0.9491892932066311,0.9304473582877055,0.8815084814949969,0.9691342110557597,0.9409148245980747,1.3679306662530029,-0.05874252547480049
1720,-0.36762837128129616,-1.257880963244671,-1.2068428503342232,-0.3963462956010485,-1.2513412710242715,-1.206038160260969,2.7628559972082884,-0.29792954020610474,-1.2961290376609371,-1.2449038202625662,-0.290187580309784,-1.2881227614323412,-1.2521819879118308,2.615098829465373,2.5353574780541375
1721,0.3741780952127116,-1.1263552953621914,-1.0736844288936016,0.37143396675934054,-1.1363342697249617,-1.0709921473904431,1.5145801837966713,0.7001368848713544,-0.9934281079921422,-0.9475903715469857,0.7072280402779548,-0.9777336098642839,-0.9339064709124345,1.2691203104668047,2.8361778044939077
1722,0.7093884288203073,0.7067618701886879,0.6905869072015515,0.7181355134843695,0.7150654526725243,0.7041641281442155,1.5871937942672354,0.71601909770148,0.7215979145149646,0.705325892730365,0.7104787439291451,0.7162015196900945,0.7036757210942123,1.418818464998169,-0.46625833275119655
1723,-0.4520509177080494,0.9693715273051977,0.9400395485589574,-0.43293365996665484,0.9670673648501255,0.931436813736592,3.343493754365103,-0.6930282244740888,0.9893304884451115,0.9589850709222729,-0.6849069899587912,0.9752487621068342,0.9689667632424217,3.2241885750549493,-1.420975140117322
1724,4.197955421594069,0.6054588742115137,0.5969503662767549,4.207256757346682,0.6042919702515024,0.6189385793270944,-0.9470952227136465,4.207738135250762,0.44987137748295364,0.4429217147232838,4.198243119584491,0.45612416241708564,0.425777380233982,-0.9937969637776767,4.169450570942706
1725,-0.8349389383565639,-1.0115694709667087,-0.9735240921780526,-0.8445311039641398,-0.9892161763454601,-0.9592410189739694,2.699980281127119,-0.8002378039934619,-1.0018470718479584,-0.9645498351503834,-0.8195067996094539,-0.9778015932323977,-0.9790599120358617,2.560926284991468,-0.04244658641964416
1726,1.145153185814071,0.8948893046043216,0.8794169180660301,1.1524695972770673,0.8841467247282256,0.8785905815041122,0.8156959694662752,1.208623682761923,0.9713646539503793,0.9554610648677053,1.2080496947081152,0.9676656201216575,0.9503217267459368,0.6342728720562145,1.3371186099025734
1727,0.5062662996256884,0.11783951202753709,0.11498692772566015,0.5113967822826024,0.1573492815072887,0.12082936215026052,1.5404053781946359,0.46400604505437915,0.030153203404987013,0.029388322010655343,0.46927038825347195,0.031723684548128364,0.029973485779446873,1.337259001169121,0.9170637573176826
1728,2.5506329464194675,-1.2986469310230722,-1.2794231585300626,2.59535803998499,-1.2771148795477616,-1.2525097783512666,-0.47358258438475737,2.672828406612978,-1.4187047096347793,-1.3942141274774567,2.6706215717353543,-1.426714307046612,-1.383238060984174,-0.7532213889238814,4.357942929871969
1729,0.48035465428999957,-0.7961434658338078,-0.7767270055113127,0.4811952757850346,-0.8311458097580796,-0.748650746109807,0.8620208302671674,0.6559656660047875,-0.6992429821704129,-0.6839613502028821,0.6683726767290163,-0.6960918509326014,-0.6781652309872437,0.619850738515347,2.611403899665939
1730,2.181124140141615,-0.8329497714359805,-0.8158254714397669,2.1770448489541985,-0.8197058202829006,-0.8174604004222622,0.8072929592308697,2.307898118584841,-0.725072520272643,-0.7097973499124367,2.301049633341856,-0.7202208272425817,-0.717431460712316,0.5680514470092188,3.4935203747289068
1731,0.998297262023081,-0.07294124665012705,-0.0713639493925011,0.9962616875483258,-0.060458967365847494,-0.06575610192575004,1.774379660576755,0.9681574826716793,-0.22387218850933133,-0.2189173604858917,0.96769603208409,-0.23766969968735044,-0.21337790465788864,1.5828807061242358,3.020315113698711
1732,-0.02848446203777299,0.19664639568758274,0.1942216950557093,-0.052559428565298265,0.2037791760085829,0.18422291554206874,2.3116160394925718,-0.03680186588984265,0.2176989762535142,0.2146494434558958,-0.046771160901717186,0.21581100402808537,0.1749997047140346,2.077010820740295,-1.3281234679974583
1733,-1.0743104496065092,-1.3424861848123666,-1.3354902670850264,-1.051240045864247,-1.314967305277281,-1.314995917846214,2.229326455247856,-1.0009047482617008,-1.300590072681675,-1.2901979887682966,-1.0094409226614687,-1.318255979503471,-1.2774284374324762,1.9561796219054715,-0.009339935546098214
1734,0.48662855453212733,-0.7479981086226722,-0.7286438751215923,0.47778658780510613,-0.7522398025327648,-0.7196014319733327,2.044053644200373,0.6566772584878506,-0.6142931802203363,-0.5971274435551779,0.642035106550651,-0.6095787158609408,-0.6070764154318157,1.7195695509753899,2.0192060685673487
1735,2.752795184025476,0.9363397894516727,0.9132604127796242,2.7247776689137875,0.9594831960572063,0.9346776915633912,0.04549757920525719,3.0028508409950865,1.0973049132531398,1.0720899999200775,2.9919212173098484,1.0818063290265354,1.0397356330663572,-0.28068798848754445,3.414715162983043
1736,1.006868263475517,1.1211609165180816,1.0959995284577855,1.018643312957899,1.1068202870840973,1.0736742543770563,1.7266837134018036,0.9867277973866947,1.1262694451995166,1.1010053085456477,0.9527199763306192,1.1094109504575924,1.112299823302596,1.5740355536061137,-0.12715896799504947
1737,0.826536132537777,-0.03550933681918849,-0.03504189600545628,0.8144835007414097,-0.031729278166166275,-0.05558249517082809,1.694628333693477,1.0927703484640345,0.18974124075824525,0.18735535797317562,1.1021563684942495,0.2053547136033242,0.1785765070006097,1.3505538451470842,1.8435798180325804
1738,1.0045025599343251,1.1513032780710795,1.1372571054985123,1.008928310568505,1.1403365981556757,1.1487594207121636,0.3829451655290921,1.160661847187331,1.3333047050158766,1.3159666771506042,1.162439797257989,1.3374782168328339,1.3222793183014274,0.06936216033314879,-1.305921077221276
1739,-1.3308958481646544,-1.51793492736522,-1.478966171253683,-1.3064968398296477,-1.5245957695312617,-1.487429113669613,3.494297587597735,-1.2389476983224919,-1.515287574253407,-1.4746633509283074,-1.2510899419188504,-1.5087296475806018,-1.4749881505337445,3.2199197105887887,1.2452302486037068
1740,-1.9849605590222468,-1.9776412477262544,-1.9199550199642206,-1.975619593660316,-1.9899647668889404,-1.9222978809070765,2.9947181990641507,-1.766318271077848,-1.775926892272637,-1.7259393735973285,-1.7609708718513208,-1.775102315317404,-1.746868258089556,2.8354432427510945,-0.10637471958474813
1741,1.3608546420023662,0.051639527484106135,0.05069569021582589,1.3829771251387442,0.0670793846150448,0.054998337898194194,1.2006893975950255,1.4045574013543072,-0.030183985533164526,-0.029617949393071125,1.3974858879311012,-0.05873692280064091,-0.04910526535379605,1.0485422925892474,3.2271775489330254
1742,0.9380934814163939,-1.0173316108287336,-0.9817836686491936,0.9440606051970716,-1.0666695713045362,-0.9714593297493033,0.6865283932873979,1.063565140033618,-1.007696196059844,-0.9725357890891508,1.0471542971067611,-1.009176127592816,-0.9809456090164392,0.4594311970446321,3.723726923868543
1743,-1.5373947829618886,-1.3397175844167553,-1.3054629126502344,-1.564629456308319,-1.3121961379034655,-1.3107272622267145,2.587268984559813,-1.5097611274727836,-1.288483144141326,-1.2568890957558734,-1.5340245957612393,-1.2613980852405913,-1.2767279058352385,2.5138214618611023,-1.4270929393181797
1744,2.946851690620613,1.427107008190093,1.4185308764421696,2.936991430662757,1.427685982705413,1.435641976378862,-0.18409195065370296,2.9499919092932796,1.3212207219561352,1.3074977944539121,2.9476909683539385,1.317272472382642,1.3226873871462324,-0.38309364916026734,2.7330203421244463
1745,1.6217879058922817,-0.08025352659332045,-0.07928090857583363,1.6063706520381538,-0.07305401244358889,-0.07792064468834621,0.7781520244285711,1.7364801508681549,-0.07463682328084775,-0.07364097745104684,1.7460282940137783,-0.05734779437847591,-0.0942764685196383,0.5055196540298829,2.545376662835141
1746,1.398209560053115,1.1304049318804836,1.116396735393124,1.4282861621430558,1.1376933496101285,1.1131485653911553,0.5700336500799816,1.4583747052166165,1.181128664968387,1.1662920432389852,1.4557945993271668,1.1835627305969314,1.1796658471772539,0.4249887085470862,0.4087453073999997
1747,0.21021301249988775,-0.6714901427310026,-0.6555276672018416,0.1967742368829015,-0.6780540771474131,-0.6722932474658089,1.6729155564433633,0.1568393361380038,-0.863597437474879,-0.8423480569556753,0.15658972628723195,-0.8977716206625653,-0.8012828198983398,1.5741630360950365,1.8353313086350027
1748,1.7880377390619375,0.8300584405171955,0.812994114859382,1.8012976731822614,0.8374115991846516,0.8286820733901683,1.93164510716906,1.8482353175015973,0.9236140855312198,0.9047496166903052,1.862632311059743,0.8880835503867783,0.906487731044858,1.696053798901818,1.3856791568142317
1749,1.1957469608126672,-1.3574207577437047,-1.3323556248353234,1.1782130193935931,-1.3757974092377478,-1.3447155889869873,1.327170239666697,1.3254033691260325,-1.3157394178083008,-1.2925753721877031,1.3212328885110685,-1.3312237817348753,-1.2665110637988561,1.1385815011785698,2.6462253884296247
1750,1.2260854504538343,-0.8125370241280899,-0.8099770028692751,1.221105600007648,-0.8034497493715737,-0.8181066241521096,1.619886982213634,1.1707871295586514,-1.0540558519011118,-1.051451783977789,1.1746304739282076,-1.042456182252653,-1.0297699447810236,1.482720698253558,2.3978489341081786
1751,-0.41883494881067823,0.3714675264012433,0.36313422742414253,-0.4315512333215474,0.3552992676995409,0.34234464117601066,2.587806720738574,-0.4314173443460888,0.4242596289889474,0.41438545290666273,-0.4367137767631209,0.44242203461031837,0.41252822039568887,2.4636806577623895,-1.4638142797163824
1752,-0.30914693807773314,-0.9131620740100324,-0.8888539337516667,-0.2988798843984568,-0.9129758117837592,-0.8789070921042799,4.0619656171689,-0.25955562426089485,-0.8054048055971075,-0.7827178638583873,-0.26278079207278715,-0.8081440467276636,-0.7854521825017452,3.859143032911999,0.4199783148689329
1753,-0.4347409855613941,-0.5184244384412008,-0.5087152526412517,-0.4396402798379134,-0.4964025182895298,-0.5156508041483313,2.6698375140400845,-0.4400402271636723,-0.5079946307524966,-0.5003409300931145,-0.4223078770656266,-0.5164397396878048,-0.5081817961136035,2.495546253525702,-0.06887763675356295
1754,1.7065854527144955,1.7268651355351226,1.6949136294704314,1.7119656348271501,1.7333691778486764,1.6974700051258778,1.704234744577247,1.6246913242805434,1.6786964456688478,1.6482711121436397,1.6078705927988812,1.6880351606551693,1.6612000252121761,1.5120171185581242,-0.13940658424520916
1755,1.3925635716536375,1.2860612997470071,1.239678611205104,1.4052490780590445,1.2901942660214065,1.2467248690965718,0.12414757547891153,1.2440301479549658,1.1393255960920172,1.097787229582537,1.2537182346377869,1.158536551932491,1.0878353221655228,0.059145319721898695,0.1416267904402841
1756,0.6744454006148131,0.5697646071947979,0.5567842804453458,0.6543678124493003,0.5486988731088795,0.5409841762861229,1.3303654387691877,0.7391685541400408,0.633829613355438,0.6212791511236092,0.7272711078821504,0.6477513487500355,0.5762813024777634,1.0781891240964967,0.884054792683251
1757,-0.921359288515174,-1.2530444672155725,-1.2238096621102277,-0.9152986990745899,-1.251023580998581,-1.2507317240596851,2.443893029674528,-0.3819525197795836,-0.8412380727192813,-0.8283852897925938,-0.35061242257228425,-0.8253690417285077,-0.7737906966862654,1.8407154654224673,0.35341381805368677
1758,0.37944525641823273,-0.642400943708874,-0.6456311402740216,0.40426657660688387,-0.6348770078367046,-0.5790214619207358,1.8364379475947066,0.3536185000879349,-0.7633790402737815,-0.7695391905051636,0.35252267288230305,-0.7866122226829804,-0.7614876456129982,1.7672614600170997,1.3984048359070145
1759,-0.7916902407543667,-1.3515298082616671,-1.3277718886782595,-0.780037732275446,-1.3345380692222337,-1.343848843367197,3.840400217000792,-0.7658806823502464,-1.3342503432497064,-1.309101412590074,-0.7677014851361866,-1.3284538720924228,-1.30895276038043,3.6295697240104055,-0.30328451925591515
1760,-2.5037021356638074,-1.9101131522684742,-1.8578196142096906,-2.4814742197492508,-1.9207064768744082,-1.8544110680223864,3.6319673068139515,-2.6801330889019304,-2.014240272754441,-1.9596688987005986,-2.6888115403901818,-2.012852005819739,-1.9808975397692585,3.6801365752464377,-2.1048908520101315
1761,2.0323388009551424,1.6153764666045847,1.5795691848935216,2.0380922826874603,1.6089638663564112,1.5538348460927962,0.8674378517155927,2.1005410992222093,1.6673781596433284,1.6300181053600573,2.0956273303663884,1.673642351889023,1.6332028158974925,0.5583092297373321,1.5080610519412614
1762,1.2322293820738373,1.568807227787643,1.537136117078263,1.2458660325076913,1.5705530431944283,1.5170704723288697,1.9810738194009774,1.3740756043998064,1.733525521289375,1.6995771354816884,1.3651580347916805,1.7428404115814675,1.6738684732920948,1.6939249280342694,-0.7880597110159233
1763,-0.7027585420567115,-0.5935843304997854,-0.5847065444260697,-0.704906130985202,-0.5719404740688975,-0.5798107184532422,2.5614441480874697,-0.7170507720486823,-0.6383819507478754,-0.6291518635612698,-0.7231537827136417,-0.6751658218668956,-0.5800863606383682,2.425654313659778,-0.5697657929790566
1764,2.132298038905768,0.33138827895639084,0.3253093768880072,2.1224542905900843,0.32028106872511497,0.29550293165771746,0.4757955129787116,2.0952504987070473,0.14879396715095108,0.1461772933202384,2.0932893279218776,0.10423220646183944,0.1535453940305872,0.3207773335304399,2.515961733371033
1765,-1.4496051868630233,-1.9992546400000015,-1.9742566132903236,-1.446968158788821,-1.999135810281678,-1.9739594461466692,2.8694736593191177,-1.3452101589387566,-1.9199624258310293,-1.8948649818169612,-1.3528582684767572,-1.9296940179238777,-1.8960580178206767,2.7779156205089492,0.4840735077303675
1766,-0.6858932412047728,-0.6075041850565048,-0.5901307765781489,-0.6958818932617445,-0.5942793287436647,-0.6141135867476901,2.941531729579218,-0.790792416886745,-0.7216047204532864,-0.6995327633129856,-0.7969098000317473,-0.7268503428574623,-0.7264708601039539,2.8979748012194815,-1.8158983936826762
1767,0.12542922811998564,-1.8192194040632852,-1.7705863180264418,0.1173828170403022,-1.7919538424338353,-1.7524176233730402,1.8782215643751305,0.24103668385686675,-1.6794555372609183,-1.6343888806419555,0.2196445204873726,-1.6948744618568545,-1.6256424313208053,1.573667392467756,1.449070428985079
1768,0.3342599809425762,0.19742107013670282,0.19425093533513568,0.31712295980269284,0.2087531151423734,0.20048570571691995,2.344213018606104,0.4422722621997948,0.2983485084511311,0.29265257398250216,0.45737982719842973,0.2734151568159411,0.28717926046454756,1.9613006728616047,0.27743981440356974
1769,3.044186192008132,1.1269048003477595,1.1020380597023922,3.029996601683586,1.1216206195741094,1.1093424949946606,0.07625647708944516,3.1615970441404304,1.224784082143086,1.195035306729637,3.1682517337332037,1.2221033112489954,1.1768666256521572,-0.26389218175429113,3.4242669450819525
1770,-0.414840274165805,-1.9951920960462135,-1.944850231694474,-0.40072003268220246,-2.004147618044735,-1.9474699119814642,2.7267686248078533,-0.4681644676317444,-2.1428025626649965,-2.088410797779459,-0.4518147795347643,-2.1434548823573203,-2.090018485330247,2.666699258633474,1.5528159557668
1771,4.6471365782130025,1.8640592923196533,1.8307844172581784,4.653898882186323,1.8616788561010653,1.8228993761553844,-1.627343897903258,4.689018291511423,1.8551396293326086,1.8194814748432542,4.695822976639209,1.8654080089993357,1.830357139241257,-1.7673696021214376,5.084766225678638
1772,0.47601896047816217,0.32995635383382077,0.3209195898462082,0.48273959157642743,0.35440890811883047,0.3396809726163892,1.9436612736411667,0.27006573504340875,0.09552562021015001,0.09284294952336844,0.27582803964502384,0.11693112810680796,0.09381708039945315,1.9187525415366706,0.2639416201562837
1773,0.04604399947486288,0.001696581694824561,0.0016597211862889234,0.04471365512156362,0.0019446048103973132,-0.00012087226535033531,2.522178726830179,0.029523069498919127,0.006391330667288681,0.006240312711818569,0.02627344009133692,0.0017157871897813732,0.020798590059461393,2.2894263104243078,-0.7297749420269329
1774,1.4334207337995597,-1.2135082921793179,-1.179213891558282,1.4271367383890412,-1.2247642483668806,-1.1876684895228806,1.5263720929672877,1.5004597549253622,-1.3355411718451347,-1.2979422204352478,1.4962988258274668,-1.3375609585715478,-1.3062835105601216,1.4048492593144217,3.2758962342498252
1775,2.7217052265216557,-0.5444167710070592,-0.5331311971888938,2.7103230257188966,-0.5089737789558569,-0.5361262867990572,0.8491164865840608,2.8204858733200546,-0.4960479485772021,-0.4856065496821927,2.8250718137019533,-0.49930839450214387,-0.49585858449768594,0.6437368714364885,3.409253996416178
1776,-1.342947242451324,-1.2709960093187747,-1.2337122114217243,-1.3535066116414844,-1.2890575454013464,-1.2442358129124267,3.550868545495139,-1.3929752262540003,-1.3360134334711917,-1.296037522851026,-1.3788354787595891,-1.3405937408154636,-1.2834606740715084,3.3262042720645417,-1.3932529553901025
1777,-0.24687686203724807,-0.8976850420551721,-0.8823698242417541,-0.2628968296986592,-0.9015096488516439,-0.8939489836354592,1.8660625820150447,-0.2606506814763924,-0.9762793203121788,-0.9589317580657091,-0.28641734607721364,-1.0046295474431564,-0.9322915947082788,1.7079510410328003,1.4447859048413156
1778,2.793488815832907,-0.8787803036608322,-0.8607926697027597,2.805589096320405,-0.8713184956526914,-0.8662475512772365,0.23436945325692532,2.859662416355406,-0.976533953822949,-0.9557212627392921,2.8552992650518614,-0.9976559493569838,-0.9670894813476785,0.05341417831481197,4.543078752867136
1779,-0.2465041779644326,0.17508785254166456,0.1721332928209618,-0.2338865143487433,0.18437948798864942,0.1821537985356677,3.006543242140645,-0.20519000725588973,0.23132584838147144,0.2272462934268211,-0.20102268865321324,0.23849756529830082,0.236668048132047,2.922101513553423,-1.877133964456814
1780,1.0536183917152555,1.080401209647053,1.0679721510383107,1.0496347237291646,1.0852295459762091,1.0677622272081122,1.79395604122206,0.9027336314733182,0.9230740733598379,0.9113372279885842,0.905291201674953,0.9190975143895878,0.9067933611266799,1.8079269800521014,-0.5180941476945438
1781,-1.4216127065210242,-2.2253957464730423,-2.2016043124072535,-1.4454686232155332,-2.1901165715683324,-2.2585640585091418,3.470196665225272,-1.4520596164345632,-2.5197354581677414,-2.49417387736224,-1.4265994643105049,-2.555319544013643,-2.5155157231940986,3.3355316560493327,0.5143461750687144
1782,-0.196224805406191,-0.7009333091810642,-0.6783397736902382,-0.2046764707027232,-0.7008834536289873,-0.6722297502814455,2.371864976949553,-0.1896806460582287,-0.7003741922908662,-0.6768406824962501,-0.17749210256026754,-0.7076129655501735,-0.6639943194142051,2.15696500465963,0.7886514550858964
1783,-0.9141458355594503,-1.464995034741236,-1.428960261626835,-0.9054452583078053,-1.455758303548602,-1.4314218107603367,2.6928355838394054,-1.2717372650610266,-1.899951156582551,-1.8496634658897986,-1.246871187064958,-1.8872249670855137,-1.8910533347132528,2.717073370376457,0.37046340428031627
1784,-0.06527256345250733,-0.3002309765427784,-0.2952826335988845,-0.06777553433879399,-0.3144636098007648,-0.28681028143942605,2.4497136408838314,-0.04040909317178457,-0.30408282111761414,-0.2996427673513706,-0.024900066110963244,-0.30066508338214887,-0.2847916075961538,2.236026409267441,0.7158634604537999
1785,1.4193717191085045,0.18529860951645294,0.18026745101086653,1.4221394172061448,0.20554939264595068,0.1714929276338361,0.6027532525794644,1.7239562185990343,0.5206494410749452,0.5058421377014138,1.7306582856807273,0.5105335676273303,0.5063124463717856,0.16160516399392735,3.2545865071356994
1786,-0.4861380735854253,-0.7346008185657084,-0.706346409631068,-0.4883775563666159,-0.7310058965878173,-0.7172456342533831,2.5690495943598206,-0.34997674864027356,-0.6118920705797662,-0.5885155732411589,-0.34053498645984404,-0.6086398555539383,-0.5963939491081877,2.315357386571644,0.8017296144117225
1787,0.04071952570789576,-0.5086902857088885,-0.497738790533013,0.057258516654508665,-0.5204936014274733,-0.5084916760785707,2.115631794082597,0.13870495292127447,-0.425919017353474,-0.41727587298139607,0.13239099176957203,-0.4448056291716404,-0.431775913901123,1.879328907746088,0.9299461756142854
1788,-0.9450536496155828,-1.813342792486955,-1.749224349950893,-0.953127154886803,-1.8208399980174852,-1.7530992875097475,3.6786282448069567,-0.9862705995805137,-1.8544943526344102,-1.7877045622650114,-1.0078474967351112,-1.8490479996648865,-1.7866928152097235,3.551701761828311,0.3411972158722902
1789,0.5572704181462788,-0.9134412742743134,-0.8922829233269408,0.5643903182613083,-0.9207616911838403,-0.8943882511985087,2.126539772080742,0.8170586235785692,-0.6199577721264375,-0.6052425504111605,0.7992245481760153,-0.6053095105917888,-0.6109715865578627,1.8381304593420555,1.9193543223523208
1790,5.754370061339518,2.249256225630302,2.193374959243024,5.765396506836718,2.231747204987817,2.2115157706826416,-1.8431720845912412,5.610345538172767,2.013310246125143,1.9610294766948455,5.618358336129222,2.019442364838511,1.9678342811352207,-1.888161748269654,5.6476026891974245
1791,1.078401960362458,-0.40754011593253847,-0.3992335266114897,1.0939526612159676,-0.3989118832760755,-0.40242123579917743,1.5879363351592652,1.3279424756279397,-0.2670446937015119,-0.2619554049197691,1.3338887786900995,-0.2560806897286616,-0.2653561688590961,1.2678782670839959,3.563293657923912
1792,0.39732454069511874,-2.959250120014293,-2.895635376332411,0.4164820671669447,-2.971879608442352,-2.9068722460620577,2.2631731287302794,0.6801337387086122,-2.5793475143415825,-2.5278152471059174,0.6801403270019274,-2.574205761710053,-2.5080288092245127,1.7712797181543793,2.717493257479131
1793,0.6100370337565386,-1.7696501264329154,-1.7369251194195015,0.5957356575480448,-1.7486850687399664,-1.7470360368633135,1.6801821010466618,0.9629200941158523,-1.470929920576846,-1.451100064161026,0.9563074482453898,-1.4856348681074592,-1.4122354762677856,1.2299267299719374,2.3586069143207773
1794,0.5461621337584971,0.7157679282561231,0.6995145785763464,0.5464749979192901,0.697953336547326,0.7347205064688517,1.2297350166656984,0.48880013776010617,0.6876587897833786,0.674454951375016,0.4648017352364079,0.668935299371868,0.6733858113950285,1.1758830597957959,-0.49142844130876373
1795,-0.6718536781441812,-0.5128684780541257,-0.5089591856439153,-0.6804762118887281,-0.5131329182000036,-0.5109894164337951,2.4054355539371928,-0.670524581462233,-0.502581075619412,-0.49979417621430255,-0.6505717329299088,-0.5008549705127806,-0.509816113543614,2.3282876755977666,-1.359985321356683
1796,1.9820033794352871,1.9456433707682619,1.9130228827554299,1.9789253428028852,1.9442179899773822,1.9088248060587862,0.5945067500627581,2.0929679844653823,2.0995880281656545,2.06438251551093,2.092731197568134,2.08392082938089,2.0647199934217713,0.2874387626583415,-0.21788370659374162
1797,-2.452341597579674,-3.1841300368586425,-3.1077167870646467,-2.4365853670253093,-3.1687509590864567,-3.1022805283277526,4.360472335862024,-2.3108438475610575,-3.25099195098491,-3.17181116569199,-2.319298294074026,-3.256251187430195,-3.1884475976137816,4.548333526550017,-0.21781325129187232
1798,-0.4345001970050478,-1.1575168931781465,-1.1442668596264602,-0.4434445753739334,-1.145691292609011,-1.1526891422340264,2.936218902941428,-0.3410302730216891,-1.1188939522787957,-1.105329115828126,-0.33142434666426956,-1.1494696234592425,-1.1119420957426016,2.67609056717235,0.8915521577879211
1799,1.9213026355703253,0.7484805372616445,0.7461220172428782,1.9341617502838127,0.7335811390292725,0.7435096343335268,1.1690857177580005,2.028615957212698,0.6613910904933431,0.6602551377855522,2.041288282829471,0.651376284387789,0.6804468500413975,1.0307134018945054,2.3629289651239405
1800,2.0660709133216306,1.9750447899349854,1.942791812744761,2.067708975003386,1.970516917759144,1.9505438883135957,2.5957310047831417,2.046598749737034,1.979842314693942,1.9455206106277538,2.033380389413439,1.9963947585737756,1.9405731392728158,2.3611028982737126,-1.179924540654246
1801,0.9632263193221506,0.04660440549504011,0.045713468877690205,0.9513447575866107,0.03453949379726926,0.06542990099004718,1.2510249937475764,0.9910456543932197,0.056806454411116813,0.05561097513910565,0.9835429669901696,0.04990456406120516,0.04846293182013807,1.0783511057169177,1.8103176318599046
1802,1.0955522959447692,0.6391243350765868,0.6338786581752415,1.1013761046582147,0.6380625404991987,0.6285648081617087,1.7291250870692134,0.9083369742725281,0.4216755227753194,0.4165657262656657,0.9069443314730055,0.4346070771313744,0.4130969513473149,1.5603959579808973,0.8582688820609867
1803,-1.1351190985249475,-1.595827258930489,-1.5737399041808469,-1.1094166648514456,-1.5942503243068573,-1.5546993510815967,2.5783660130601405,-0.9987113443197303,-1.4862581606342453,-1.4609996625258104,-0.9893569633761924,-1.4754380659891821,-1.414091987511909,2.3899740830915475,0.3129176272505162
1804,2.0485207029778914,1.1866349888932661,1.1786568843712721,2.0509698812983834,1.205087356867365,1.1794931620529232,1.480382231932683,2.1056820899038255,1.2057985455364224,1.1904978110734123,2.086351586272016,1.2025174892439823,1.1962960069004807,1.1211189508936046,2.479711434150061
1805,2.799151494316162,2.610093648650927,2.5786075406722286,2.795509395932271,2.6112696752055897,2.576137468657976,0.9585871010880869,2.7532059448279247,2.558134677644653,2.5230132784623938,2.7538747190335324,2.553268759226921,2.5107006625914066,0.878366629121741,1.1335383507848233
1806,0.7565380514094806,0.703701971473745,0.6988642879144786,0.7590101876286345,0.7135265787319054,0.7007448266656725,2.195896446572336,0.7515976278079786,0.6856960088959,0.6817321055801383,0.7401405114434478,0.6829823810476684,0.6731997227137774,2.0259994868031463,0.08787630907131626
1807,0.3031147481154539,0.04517625412774272,0.04337916789609691,0.31424892715324165,0.03697411401596482,0.043410262694738376,2.3730388198881265,0.23194974776623353,-0.028935419487093206,-0.02778101888080304,0.22435598116101918,-0.017779948556627834,-0.03299586589854451,2.225247244892769,-0.21704787525671235
1808,1.2151201330029369,1.2663153359367938,1.2460868926974427,1.22443161289919,1.2180201593729199,1.2559983704528204,1.5118347065543618,1.0192022119450945,1.0739320220567234,1.056058200432911,1.0087849900751304,1.0666785145137516,1.0578103704031785,1.509341363814491,-1.3052996045907888
1809,0.05588613393951268,-1.164197803262974,-1.1281373725159098,0.06079235328035497,-1.1487353464072387,-1.1253075534898276,1.8514139067159077,0.24123369305847378,-1.032797193948685,-0.9999616812283194,0.2331849649960296,-1.0422091799640751,-1.0232697332953866,1.5633664164979706,2.3219608285814823
1810,-1.29324180493477,-1.9941814236242315,-1.93123571837372,-1.334588075229483,-1.9952248801974115,-1.93058392613644,3.274078586430346,-1.3362544972853156,-2.1461590526831813,-2.078380288916318,-1.3415042503665975,-2.153815595613634,-2.0763858636680466,3.1796609317564193,1.3573405467995547
1811,-2.782303541851927,-2.567170178940107,-2.501812173175659,-2.775038482048878,-2.5658891505280144,-2.5289221302588816,4.17756618611322,-3.0872466149773192,-2.8050887920872083,-2.740047383993585,-3.078248407026497,-2.8210015591558917,-2.7633595682772776,4.349949277760308,-0.7002919667207606
1812,-0.34722337314776236,-0.5858101318672752,-0.5698321837065766,-0.34620290108938073,-0.5851926762467776,-0.5704810094169849,2.684480677155234,-0.42251825553575717,-0.6574699268520282,-0.6396279166041042,-0.41487455875878076,-0.6423345478098398,-0.6400366753912913,2.6647417999108693,-1.7146532929845255
1813,2.126040699099894,1.5339489755715845,1.4773325366606747,2.1217356597858275,1.5322995362319232,1.472447561962137,0.9342986981889871,2.1486932502061595,1.5239394830886306,1.4670380072649916,2.151930645641223,1.5314417415118837,1.46617311911755,0.8042608479553001,2.92186324936491
1814,1.567333509256897,0.5108512187075773,0.5016187639305186,1.5659869494714467,0.5208311333363994,0.4979450034780413,1.3686701679487323,1.5622154766059728,0.42115650429747326,0.4129483717801274,1.555438482637792,0.43692446198437235,0.41627213293504844,1.2538523988382648,2.122748197465175
1815,-0.4208659674240076,-0.36828673616158425,-0.3634344565205696,-0.42309704483704613,-0.35723061322190125,-0.3559734113754832,2.7775734163145698,-0.2313856394728547,-0.13573329649152915,-0.1341190906388438,-0.24713028264163178,-0.11688235069321752,-0.13394291972017922,2.4080037359212025,-1.1595216847139105
1816,-1.4516063639749717,-2.784565497106242,-2.7486306712688493,-1.450446768777373,-2.7594610467569036,-2.7189638296625986,3.3674518871725483,-1.206320561577812,-2.6825411925411853,-2.6462659300363205,-1.2470520826413036,-2.7328726021929968,-2.58085034049308,2.9627065709478058,0.9277027182344459
1817,1.0279621541127697,0.7481191546448699,0.7360419082017641,1.0252376013104885,0.7503749705738867,0.7337808212380543,2.6840634059060178,0.8910611040090455,0.589791131021983,0.580408479335856,0.8824664400436905,0.6018851450610349,0.5826541511419986,2.5849136552721412,0.4867421941326671
1818,-0.39412110721919985,-0.11145574267000928,-0.10972199377369514,-0.4075240727916367,-0.1368193967928443,-0.09650818885148849,2.803622149766631,-0.25154349655378333,0.04014762807492535,0.039499814915474496,-0.2663629623130269,0.04936994566383368,0.05247197655601202,2.4658886687061603,-2.502474392386733
1819,-1.1848523341188284,-0.8783266962614912,-0.8502052767826731,-1.1996446153586982,-0.8893898568121154,-0.8573515941408102,3.509399272195615,-1.440649735918655,-1.1464107932451948,-1.1102176635466543,-1.441046054760275,-1.142481083833782,-1.1027363199210483,3.573174751766901,-1.0627317559844442
1820,-1.1716858825048495,-1.4802795181827078,-1.4512088671526198,-1.1567931145824155,-1.4796273158307138,-1.438051991127697,2.949968025305559,-1.2460199115654464,-1.5614139231098192,-1.5291166140091585,-1.2208683794895603,-1.5664660591373005,-1.5262132022132122,2.757229137352655,1.1278059863595924
1821,-1.551671161306957,-2.2620978659297077,-2.2220953360934903,-1.5455927020247169,-2.2675499850217338,-2.2342747477935267,3.951774898375081,-1.3376286599198184,-2.0326846335131963,-1.9933404353055892,-1.3685882076023674,-2.0200134867345367,-1.9854566018493893,3.6545520799419293,-0.3082207124644406
1822,1.7686808839394725,1.5119097724995554,1.4531388604716906,1.766683239008399,1.5004539453452534,1.4380720129653441,0.15860213702052145,1.817805291458406,1.5656001793963852,1.5022056544384934,1.8275679906983642,1.565135038045321,1.4965448936750094,-0.06582306357168818,1.80867182169615
1823,0.07983679205283657,0.2296836447264395,0.2268379854193079,0.0793983146686704,0.23219124198683072,0.2324483161563448,2.9119536535809445,-0.008058595009027664,0.1440626502296902,0.1421073709872477,-0.01190377389036404,0.14909183194527068,0.14981803601870433,2.858822277653987,0.049161581859693694
1824,1.1902073376599622,1.3209552555145243,1.314849632668127,1.1787551849811029,1.3064822869250579,1.325898658930863,1.1812886624441687,1.2593630988417646,1.4176996827865807,1.4022544430623958,1.2423045394517889,1.4110924860955054,1.3931979886112449,0.875772185312412,-0.18819234551203118
1825,1.3926126144597306,1.1918213887680607,1.1738618918791366,1.4048472197329107,1.1737271512204153,1.1667314106183935,1.114707882257647,1.224941344477115,1.0031244500666128,0.9870878134468482,1.2288996453908398,1.0060912463021623,0.9818484378495782,1.0326197106587847,0.7563433468088223
1826,1.6830289191890582,1.685590588708397,1.681766405476513,1.684134980995412,1.6916863502796107,1.6645457532162928,2.012764557056204,1.7399975928278868,1.7533071981871802,1.7473254448118547,1.7170858867908272,1.7364394629262394,1.7549831434243475,1.7305355271473812,-0.9752933853911543
1827,2.3400592566207967,1.893093639313767,1.8537404646366147,2.3309581209559354,1.8916114321954758,1.8288680298675992,0.6581027654602729,2.2367907944111645,1.7640237215793253,1.7251828297071117,2.2385681523491012,1.7771996549068767,1.7416899917562922,0.588905495081503,1.4131021627302218
1828,-0.6927481675425048,-1.1096916632187706,-1.0701944927560252,-0.7004645351991635,-1.098481237285066,-1.0745035924126878,3.316680456281839,-0.7822780907951838,-1.213591624497356,-1.1690273016608768,-0.7822815336316121,-1.2152581634232795,-1.157846869737471,3.1764355023158255,1.328033533516412
1829,2.5630555840339224,0.12233524022060727,0.1212331687551448,2.551501877871213,0.14185650470881475,0.1316790662272383,0.3275541408408686,2.4917081963582066,-0.1648839045258603,-0.16331578604157987,2.4735312727438066,-0.14935512413029445,-0.19456395640135976,0.14106174204100522,2.9274862972876723
1830,-1.926296599206739,-1.052759279129122,-1.0406160265071625,-1.9216016886993972,-1.055364637156345,-1.0318211315695405,3.9712064947429946,-2.1309168194097983,-1.209308179742901,-1.1947992744598488,-2.1293078363229734,-1.2182284824835228,-1.2267545026692432,3.92327146311822,-2.5804755581914076
1831,1.1269446878254816,0.6680883445833731,0.6537789371263236,1.1069207086231498,0.6705584278206997,0.6720127843891427,1.6350134255748439,1.346851110142054,0.9009123029623278,0.8803135759392624,1.3442665045757558,0.9051112471289966,0.8749746283947142,1.2118318344266334,0.9514508075762464
1832,2.8304572191993946,0.9919595250485748,0.9846673111503921,2.8358447330934715,0.9835284208029236,0.9654150618604159,0.16254936800473424,2.8052406461394317,0.9793366950579306,0.9685550973960461,2.80027906832618,0.970527046532579,0.9673158342807756,-0.035419135584096026,3.126202273713037
1833,0.3658255286831529,-0.17032090569590996,-0.16537153846151878,0.36617871489491993,-0.16498362762758378,-0.2010194748742282,2.0618614226858467,0.5321465469609663,-0.028150836107797485,-0.02729279971601801,0.528647952931127,-0.02306936132951559,-0.009215389026697099,1.6255548754611207,1.6085859220888847
1834,-0.5737360376845728,-0.6006556811478053,-0.582805994527622,-0.5872361584240634,-0.6083798637727676,-0.5638115692222437,2.789841108356296,-0.483975473046699,-0.5239923059903039,-0.5081593385826506,-0.4723241165219096,-0.5075310898128778,-0.5147135694269409,2.603539443241055,-0.025072844493789558
1835,0.49120189401063863,0.1659165962039134,0.16328859454745726,0.4982690238097355,0.17595709988722436,0.17338882301722536,2.6817756103151122,0.5074868025032772,0.17995872494065857,0.17685737147801903,0.5281655066422087,0.14541136068977045,0.17132450229728097,2.4979440843596437,-0.06871315582037188
1836,-1.4018603006800419,-1.232767893783719,-1.1971089635169916,-1.3964088878762126,-1.2013680170183128,-1.2094388385618149,3.1374484796678934,-1.3136898340406165,-1.1125600034667407,-1.0792527851642375,-1.3307081508827743,-1.1164780054496972,-1.0641455913395135,2.9785262008134286,-1.6325604273093564
1837,4.083983190008383,-1.0641525179033475,-1.0314123364633372,4.087915637509858,-1.0457440559379338,-1.029651817481754,0.27512028717509895,4.150650022915193,-1.2103750515904497,-1.1712155839816976,4.141402680844071,-1.1981091614137505,-1.190217947586685,0.03795529136466818,5.728542997325878
1838,0.4496759193557255,0.47714865482317226,0.4721976652743806,0.45138493043692574,0.4827120041204031,0.47376036516853237,3.0900750445113165,0.19579642489377203,0.22463150798474518,0.2219078946243806,0.19909494599223185,0.21902130646628892,0.2125552764507298,3.0280278137936802,-0.9485099165654838
1839,2.4542870203197937,2.6411717232102765,2.5875422691390644,2.4545141554569154,2.6369186703138148,2.5854858951760575,0.6029167237841707,2.3838148730299626,2.564767986525386,2.5122671003638923,2.3822294911277284,2.5652147476715412,2.515062403101109,0.5020231849474599,0.4077221302459809
1840,-0.5451324283488901,-2.6927611692289317,-2.6588934419612524,-0.5449231702094519,-2.7071010129025725,-2.676228295058262,2.5754115608233636,-0.21169912505930313,-2.5170062465743857,-2.493555053773102,-0.20042587843773288,-2.5206474043544174,-2.4616071798722996,2.0893677233938557,2.5023718593446285
1841,2.2551154268625773,2.6826039729033524,2.6614990184914653,2.2528894306308533,2.71258148833219,2.668403103431269,0.9251380579999209,2.28994481551435,2.7623218939122416,2.7419176965336516,2.3040604538282206,2.7798232098099054,2.7714587080698703,0.5011627938827097,-1.2618878885591693
1842,0.5622758605351257,0.657381411439347,0.6422328753944427,0.5763406419357663,0.6668836073204635,0.6403862774060433,2.2877270337526454,0.49296547420102044,0.5855295660804448,0.5721940133568669,0.4898143770632041,0.5763288718829587,0.5609047365157811,2.169583596160203,-1.202076713582662
1843,-0.661805387132775,-0.6263206077139467,-0.6120481263914594,-0.6641112533779908,-0.6357510503677374,-0.6175237526846106,2.8122701812118094,-0.7431570778032531,-0.7129653221564578,-0.6949497628479377,-0.7413048859218687,-0.706044024315169,-0.6919685290596923,2.6190222683236857,-1.2002987638044533
1844,1.3623570561306664,-0.055784537304513715,-0.05470408498969253,1.3648216386391347,-0.0670702409167612,-0.05309531787455537,0.9083407789240702,1.3443184042660825,-0.19427579398178144,-0.1904879260735545,1.3299004322223267,-0.2078368787495326,-0.1720699398424469,0.7458771253049535,2.9525481273539
1845,1.282157163594067,0.002967680488336192,0.0029008548800141584,1.290355170504405,-0.0021473663824382624,0.0010066562801940044,1.0199847017659551,1.3003061347499425,-0.02707836407706641,-0.026410006224114494,1.3036148582473608,-0.019168691159061075,-0.0315975238905903,0.9098171165095659,2.401848088135454
1846,1.744489001496515,0.1180077422893794,0.11337304899983748,1.7427288568721668,0.1050072113477471,0.11042628608687206,1.0137449155459528,1.8568800282439428,0.20878850885977646,0.20086937008504127,1.8654418243316673,0.20883300909360603,0.1986628521972112,0.775674119749567,2.462440591329795
1847,0.6057637154389774,0.04724956405123124,0.04737597410750955,0.5968666903121101,0.030644899095655778,0.05817790558767869,2.1366289316348754,0.7006313673002827,0.17063039238247865,0.17120256774646023,0.7078872846749596,0.18748536995685597,0.15580684403308148,1.9098675823458056,0.461271093546041
1848,2.368175590744046,-0.011179331177011285,-0.010979110485178033,2.354959978362179,0.03964242517961815,0.043748115617149315,0.4534133909449571,2.6536385580269948,0.1557152914103467,0.1531037972883875,2.6334820056268233,0.1326110173143028,0.2177918250920679,-0.04303737651015029,3.2290947578432356
1849,1.3946381261271321,1.4884386921594177,1.441346376492545,1.3837249429164549,1.4958735377070835,1.408421103823499,0.6277673003053595,1.4517484779114291,1.5521216409331666,1.5039294088187918,1.4553979676436577,1.5558289560240677,1.5088821811895232,0.42237245024508957,-0.602083992929038
1850,-0.30047269818114547,-0.9535705262452687,-0.9345800543802985,-0.30271993918666884,-0.963374836966739,-0.9364583298267989,2.021710932239689,-0.05113969656537321,-0.7502981458548328,-0.7322520065417317,-0.06404413133187603,-0.7759666405539023,-0.7201251189642449,1.561778774990731,1.004105298635834
1851,3.121547334407511,0.9147472530631565,0.899776554389517,3.1245068021055276,0.9238745685438593,0.8881645562053726,1.4213566046377895,3.2308792519988594,1.0448526867652366,1.0282271999494874,3.2328510168732643,1.0411963979769943,1.013389003020849,1.1297890847444536,2.707355570971563
1852,3.6227397150553964,-0.323991531456656,-0.32795117838901194,3.6295025523953144,-0.32884617593628607,-0.33528699573134696,-0.2827377178218846,3.8154465391155163,-0.24399793402022404,-0.24762565547522022,3.816490606510498,-0.25454385579270805,-0.243157796507752,-0.517568669040705,5.0840839183590525
1853,1.736997627020106,-1.124658211787812,-1.0925758677357984,1.723061805949701,-1.1208295960854187,-1.1023927059180754,0.7569498054293796,1.827904009908684,-1.1930479132348049,-1.1579133911482602,1.8387848772869013,-1.1710499099027136,-1.1243277716628792,0.5089685782738004,4.377807195474214
1854,1.9095396045908524,0.44102921101538173,0.4325539705039867,1.9062838423448116,0.4351729803272341,0.422707388772497,0.6931699381375497,2.0369941183620117,0.6236038721253505,0.6113574762684664,2.0258917492081743,0.6263358470664239,0.6063553260273542,0.38978042281413383,2.318673484487508
1855,-1.319474685497939,-1.740911789328173,-1.6967851078686078,-1.3191641969924586,-1.7469032441181997,-1.672896827183136,2.782305107467425,-1.6156471925467462,-2.1003752145024945,-2.0336140733807415,-1.5980968114330283,-2.0986108908714525,-2.039719218942153,2.7210194515595862,0.34125061774873944
1856,1.6312734572561074,1.4454621613968737,1.4210750838934436,1.6321477533942461,1.4368461899705887,1.4248239340148021,0.7886964232497596,1.6892345741262094,1.4965885302107809,1.4715961399125075,1.694392077895131,1.5026972995540973,1.4694578286588806,0.6456293395899152,0.3713990690128347
1857,0.3526261110653119,0.009379423970326938,0.009198514088957272,0.3364098373236645,0.01706154591434039,0.003127879974275261,1.8488103101260684,0.07627747543481721,-0.3930837933899999,-0.38448432933816973,0.11866122175300803,-0.39040464345560033,-0.39961051287431426,1.7806585347289519,0.9130387875918371
1858,1.4851181274037113,0.20596845983929088,0.2040367048657072,1.509788006428916,0.19285122901218668,0.2028666890446406,0.7270457709968469,1.8106689685016082,0.4650392763346943,0.45855309206880457,1.8002295512002036,0.46315802410780094,0.45507884587143305,0.23553692572132828,2.4556204024264967
1859,4.83669208905182,3.3246188753331216,3.287028055757132,4.843720828497209,3.329579128540196,3.2869839118722823,-0.6329653464664383,4.916702414276277,3.430747289363995,3.383958489846441,4.91283587131597,3.4246377714745493,3.3920973979591347,-1.0249898862689342,3.4792607645525875
1860,0.1702669136602245,-1.4683322621459294,-1.446388222149322,0.11620481414676515,-1.4974868314465073,-1.4869042555918977,2.124176639936127,0.1528765617045153,-1.6505691627073227,-1.6196471197032039,0.13245986966402692,-1.6740707412460263,-1.5817192974204353,2.0061718815930933,3.0021546427225787
1861,0.8884091716452918,-0.8841541240015071,-0.8576680955525652,0.887656285218968,-0.8912383127628326,-0.8511445866136997,1.9415881840894422,1.0259038939518055,-0.9528472251462097,-0.9239933371006053,1.0357072036102646,-0.9441879483134176,-0.9349558238978374,1.654439224402645,2.538498146896401
1862,2.403549331474285,1.1392348664258902,1.1153796245419492,2.4102449118273164,1.1249987023243384,1.1255860893091163,0.5697773330093657,2.4909079596633217,1.1515091205986692,1.1269986028908945,2.4993535853824027,1.1619078319171257,1.1206064048794373,0.38015762978109596,3.5815755329984764
1863,1.1332577285946832,0.39695574582951787,0.3883019966400433,1.1309634031280023,0.3958815097948051,0.38645370820334063,1.5059307460821363,1.1177911757932335,0.3699102260347091,0.36126882999233423,1.1276573355018145,0.37357296140710516,0.3616946456280275,1.2469937253842016,2.154710844079583
1864,2.4072062499172913,-0.14957974922927728,-0.1461414629265872,2.3952931468826932,-0.12725812648877652,-0.14665024543420915,0.5267547081477777,2.3757745699701798,-0.3087524458817525,-0.30173662986730326,2.349281977716409,-0.3078094662392431,-0.29743049144883227,0.2742580244413471,3.24494552704744
1865,-0.9145112625770755,-0.8413007491365557,-0.82590651909549,-0.9274326963867884,-0.8328148626927997,-0.8291403074806012,3.245790481685293,-0.45871489368074614,-0.3816471013687208,-0.3742553849752431,-0.45981270677291625,-0.38957568194176606,-0.3834258783154824,2.617695117534952,-0.26849346016622244
1866,-1.5835754046897512,-1.5500776430000063,-1.540009947329073,-1.5880970727395705,-1.5867370022561358,-1.5519132706553684,4.310333089799843,-1.7037670690918734,-1.6667767780088667,-1.6541447741427515,-1.684076514906814,-1.641144934282013,-1.644243717066128,4.31883649571666,-1.1756849582760196
1867,0.5700126634236174,0.31384024666208826,0.30624325368084093,0.5760373526461943,0.30628152569867123,0.31882214264994674,1.0810401222341266,0.5334040609216709,0.2133595772342848,0.20783291437948986,0.5336647774773525,0.20187592883158711,0.22899609867058254,0.9048280675754384,0.790084336185153
1868,-0.36565610418622746,-0.15775119651067976,-0.15564276767447902,-0.36304969597843834,-0.1371169604113253,-0.1653960801813718,2.7259920805318507,-0.3883532609088649,-0.14737323422442372,-0.1452741835897524,-0.38968739404509845,-0.16235327323895438,-0.16684957128970387,2.536371018630837,-1.490772980694359
1869,0.5174257277509179,0.4487499800885739,0.439030659938358,0.5198430708161512,0.45138836274213695,0.4415204032923682,1.9331462694562636,0.4466401286393771,0.3695609366702256,0.3612982205967447,0.4387581840920623,0.3702786175395814,0.3534241384134151,1.8574693768949098,-0.12995499063715718
1870,0.5708040561485915,-0.11074244526840096,-0.10756387205014109,0.551765014957602,-0.11163163978455429,-0.10973700483293292,1.5606355510379901,1.0108839601146782,0.38687958121782157,0.37721648258610624,1.02559653960163,0.4040084041693293,0.33798420425128134,1.3486246199210852,1.289796268017765
1871,0.9307608382370698,1.133268816643914,1.1234626537327685,0.9193887570620224,1.1586430539399644,1.1016349534591707,1.5927609500128797,0.937390007170139,1.1452454980590903,1.1332945511876984,0.9262743127005418,1.161480258040054,1.1296912055429105,1.4018338351840538,-0.5246681579987169
1872,-0.1369708451485178,-1.9725004489371774,-1.8911502301651546,-0.13608457665101314,-1.9584649115801696,-1.8880544811912234,1.9158025765781388,-0.1236873511492998,-2.055666242519287,-1.9674126232760696,-0.129687864484138,-2.054938401727134,-1.9708561782695981,1.861707878520339,4.163619175894966
1873,1.801137519775789,1.4843707856166284,1.4653240571658774,1.7894350241009007,1.4623746195849827,1.464818552471594,1.7870709886982896,1.2300776767607806,0.8483619697978229,0.8284502425253569,1.2413588103180497,0.8310385383974447,0.8137846775732991,1.8200011139315717,1.7331710225186558
1874,3.8853833338956374,-1.0963071118971135,-1.065640665246171,3.876525851931338,-1.106779050272898,-1.0640694880831634,-0.22536801107601362,4.169306202863586,-1.0566877229036562,-1.025258407041974,4.185764885284697,-1.0706147932353665,-1.0135392289233707,-0.5890686511608589,5.55482791289347
1875,0.18185775382577832,-0.3778950430329878,-0.3813250174532703,0.18013678657282367,-0.38539089147953937,-0.3824076869371029,2.2391677359375373,0.07280037202755307,-0.6305574607928082,-0.6318490957823549,0.10413248173443654,-0.6480926124323279,-0.6391002086482991,2.0463296674422726,1.355639838869131
1876,0.34918581814142363,-0.2747516259955504,-0.2677500536570113,0.3510614450870107,-0.25617144810783915,-0.2693500073643133,1.2883761116364618,0.4007296141964066,-0.2521120900188136,-0.24551317728400415,0.4085920673820168,-0.26337486204285165,-0.24188753353410714,1.14203716690319,1.4080539681108257
1877,-0.28595467881303027,-0.9569408985996771,-0.9332583650002529,-0.2749154896145977,-0.9611545344738748,-0.9358287121510899,1.9372843704353906,-0.09798541889914243,-0.8275637900576792,-0.8058579448655904,-0.09421218468663121,-0.8268566937179652,-0.8049056301522006,1.5645636096981204,1.0745881457161062
1878,-0.23648863033087017,-1.9431395534957172,-1.889547571102789,-0.2408247545433535,-1.9496322322277708,-1.89293819259923,2.740911410466136,-0.15011646194700914,-2.411848550096732,-2.343289491063612,-0.1595952265468188,-2.3920591022303386,-2.346850040764622,2.5358549520478313,1.2058650682537502
1879,1.2136902324861365,1.1944453580285612,1.1666166559000917,1.2010681538431047,1.1975624305596064,1.182254339771634,1.978785521539661,1.1487738167279915,1.126368092592044,1.1015568699215583,1.160774294762956,1.14406041790205,1.0960153767333827,1.9728117301058994,0.410530210992097
1880,0.11259593599039953,-0.5116231781979522,-0.5030206365357807,0.11537777321827045,-0.5055715203383806,-0.4871647784304487,2.6496264210001503,-0.08277236019620048,-0.7742215559468806,-0.7594525689210174,-0.07403363425237838,-0.7859899493320759,-0.7407948716087729,2.4214093959410565,0.8593894583560969
1881,-0.1576964321409426,-0.5276570138086438,-0.5145594115650481,-0.17756806660785113,-0.5495078200183843,-0.522537345662805,2.585417768583467,-0.19772113826695045,-0.5617108654615249,-0.5489893756875286,-0.20717338436449348,-0.5675867308211459,-0.5603042100772812,2.4543900548327002,0.5934741200239639
1882,0.15602916856371224,-0.7675927182439655,-0.7564243327402813,0.17298181955035885,-0.7521956897186888,-0.7579876480112693,2.150654183345039,0.16322798779590833,-0.8577904259327438,-0.8439235888134838,0.13721159639721447,-0.8807554145292458,-0.8268098152012282,1.9128415011578457,1.0448848224864822
1883,0.48993039379459485,0.28078927968532547,0.27252734315695876,0.48914731554235,0.2921388910826346,0.25761398559851395,1.5714983582308015,0.5551260428292522,0.3385044498074576,0.32825963514859274,0.5622430162410559,0.3484913212928435,0.3342444682258797,1.4132740598758342,0.5303484880577874
1884,3.879610897169193,-0.9631797438979071,-0.9487097393550534,3.88500281282224,-0.9582219565333127,-0.9317138923352299,-0.5488027216347336,4.054518767724674,-0.564568253745403,-0.554962664182883,4.06283857001674,-0.539313168302752,-0.5209325675168988,-0.8492076185513334,5.103521438586754
1885,1.2750684285363436,0.5908912687767045,0.5798043018424999,1.2711174812733208,0.6080402980014329,0.586997243393052,1.4787010794252105,1.237064934030206,0.48949249576516607,0.48025285008796403,1.2319379139445896,0.48660546713454633,0.46463329455261565,1.312453329375124,1.6213261542808537
1886,0.026162983361943677,-1.5085911512669261,-1.476612476304318,0.007360082222614973,-1.5233773149869647,-1.4842276752587698,2.987455925648172,0.1260423058818284,-1.5372236875315672,-1.5045794218702149,0.14660587157078586,-1.55753353701988,-1.5290642919105397,2.888231985454387,2.2738329542758438
1887,-0.1300404789768478,-0.8039065033392611,-0.7877097470618953,-0.09680703297244943,-0.8046983998085618,-0.7649681556885163,2.2483068872263963,0.03832910423928351,-0.6655391450635941,-0.6516936192158718,0.041347331466262946,-0.6763610880603345,-0.6515007016973068,1.8896598696212752,1.9089321378551183
1888,0.97114177934376,0.9189476567580206,0.8829122160286441,0.9717673029611613,0.9163835964250865,0.8793584485138608,0.978522772292754,0.9009641119186004,0.8281142963636587,0.7961963239252924,0.9046275241545345,0.8234520010805224,0.780929175998542,0.7671275082789463,0.8582050944504499
1889,1.6437386684237363,0.32034804274022505,0.31632276706986573,1.648130240726221,0.2992854866003469,0.3488526802631551,0.5725247005689635,1.5618234149848926,-0.03165922150885279,-0.03131621912653743,1.5900000522723932,-0.029606807855681115,0.01945847125289495,0.5346499537595152,2.112219574647029
1890,0.2442264313486319,0.4635465977458664,0.45734081988396796,0.24694414932865003,0.4744101660533679,0.453117056395523,1.550283648221943,0.2112395897188257,0.43613768140912723,0.4303100932956719,0.20261792580968122,0.42771692533706074,0.4433106985707885,1.4545017456237428,-1.6435336273325978
1891,1.2392586237471055,-0.9357897704232864,-0.9155650536519288,1.2493123407518996,-0.9323371564644916,-0.9222022806567329,1.349489982054578,1.449880631111058,-0.806473199251785,-0.7894816535769086,1.4529778733837326,-0.8012884353528801,-0.7917193421250792,1.0758265320965217,3.393455614260387
1892,2.605745648876626,1.1961176975869554,1.205625325396814,2.595583605403656,1.1978605698219007,1.1916988929707115,0.09912053519422367,2.6003442861419788,1.153347486873575,1.1624976390768753,2.6065237770205942,1.160913549526251,1.148826494044088,-0.07965576431255098,2.8937917206839745
1893,1.2862458260731604,0.8969963596111281,0.8766045572233389,1.2754995034117,0.874129091292611,0.8691630919123247,1.0557667293000788,1.3899858548284738,0.9795801662076921,0.9571224196171211,1.3888763093757408,0.9868881089573873,0.9452621953111562,0.90547827029427,2.3227919878667285
1894,-1.521041385054654,-1.2730520144315307,-1.247806513958702,-1.548752885281281,-1.307058490402645,-1.2601106368175106,3.874324982614355,-1.4842452185377442,-1.2264263445188694,-1.2038526017684683,-1.504716876980781,-1.2290678504030468,-1.2093596445974764,3.650459540827777,-1.856894409199215
1895,-0.9748534229760367,-3.0675437908927523,-2.9632170546260514,-0.9511167935450553,-3.062123494297904,-2.970768702494003,3.522144989623477,-1.0305836864358215,-3.2589635435875235,-3.148442805446119,-1.020656155283422,-3.2664560245086354,-3.1699669269347024,3.3849257851859305,2.621022860785376
1896,0.05615256327361252,-1.8065449292986109,-1.7625620702496394,0.05080721058722352,-1.793454018378752,-1.7669620560705301,2.0884974279099433,0.03889518014049695,-1.9895767149455932,-1.9391418349320837,0.03730144024284576,-1.9724199480511342,-1.949163956936775,1.996617747690143,1.7473318198056678
1897,0.9776773779031601,1.0995614690495166,1.0904480631132165,0.9715534928808354,1.1156668907875569,1.0873478169980968,0.8895968316689928,0.9845628464732258,1.1298423593068203,1.1180335985110137,0.9889792704778138,1.1299356170253685,1.1028090066976213,0.7297623415539971,-0.7736386009897305
1898,1.0081726767974393,-0.4083391571917795,-0.3960833382400911,1.0129801631609217,-0.4051326442723375,-0.39864885360172037,2.4582811842648304,1.1206592881919655,-0.4432716513843907,-0.42981337638340705,1.1261594995636284,-0.44261376369812566,-0.42719089196443505,2.347202968754636,4.076395407233254
1899,-0.781418287437034,0.2170115345189144,0.21324832736390592,-0.7730703307596619,0.2158772109927214,0.21312793838645233,3.894606643839541,-0.7177971628940283,0.30687022830893523,0.301374287643888,-0.7376533022040943,0.2839589351296453,0.31635453878605235,3.6629506551066284,-2.0795035746963717
1900,0.8171649089463564,-0.501700731452928,-0.49446683192326035,0.8332821169066309,-0.49766896255856513,-0.5041203699627146,1.3789138408875998,0.8467783862196242,-0.5473987663294069,-0.5392822307536359,0.8398831889733671,-0.5729561877220724,-0.5493189370734309,1.2173589428381404,2.1740562815586073
1901,0.712653035021076,0.7995569282257352,0.7805084146685634,0.6944987369027962,0.7972332034848038,0.7789850478401298,2.092651281535908,0.6336668469742934,0.7205195827930788,0.702433380235224,0.6377263785166727,0.7154008167652575,0.7052889583661629,1.899566584141179,-0.4976646601628213
1902,-0.5776579211334744,-0.7523997077894159,-0.7508754294291633,-0.5554916999958889,-0.7632580997581452,-0.7520001811007088,3.225696698132801,-0.6468632027225066,-0.8540894433544087,-0.852926410136263,-0.6363945791717308,-0.8695587229389742,-0.8278040956783321,2.9622467830766976,-0.01576348962893324
1903,-2.91312048568873,-3.381132491203539,-3.244299117413581,-2.918545310641467,-3.361114864855315,-3.2227986015230354,4.300578364375261,-2.72033726375356,-3.1615581145634746,-3.0284752211268464,-2.712877652070671,-3.170439011313263,-3.032157396299041,4.0494732261759605,-2.9831674777470014
1904,1.8960276534049962,1.3146872312176456,1.3124864242978025,1.9074447212563073,1.3099642217221972,1.318854164207757,1.412853734478285,1.8302336941824602,1.1474096938443856,1.1446206693139853,1.8230664490003075,1.1445715302969242,1.1379350948386164,1.334038062793458,1.886199317514103
1905,0.832783493315551,-1.9616032881608556,-1.923876836089353,0.8262117101085557,-1.9901212030011397,-1.9347623450511997,1.8004101072003138,1.0436703124860374,-1.8066096547576407,-1.770067416374855,1.0353009274413514,-1.8253124126551872,-1.7770616835480186,1.4299529827461945,2.3039098046551656
1906,-0.42364734395867854,-0.4557011609694733,-0.4460261340886245,-0.41441439615549963,-0.46946916772925373,-0.4454843957372817,2.485296209721439,-0.33149860931312664,-0.3654271271194318,-0.3577291901734876,-0.3606847794408975,-0.34790801495885953,-0.3390856926542707,2.300128593992919,-0.14108468861014858
1907,2.0635102685767643,2.1565221397324223,2.115865789990717,2.0611838704486383,2.1538534341641187,2.1266374774185173,1.7582006647060298,1.3018712721256533,1.5115569998223524,1.4914907856080655,1.3407921116516186,1.5244668127386236,1.5405101344995096,1.9444863497942304,0.35163108974948254
1908,0.061823190510348715,-0.11175030535333348,-0.10891193542329891,0.05166093191931238,-0.122169199959348,-0.1152265420723259,2.010149881795075,0.21331375122013405,0.06599391246621204,0.06429280260563049,0.22188708849627134,0.05182464888128405,0.052680334480360684,1.728183341978905,-0.1766834374883773
1909,0.5010489386245784,-2.3126613661180597,-2.2769313535920808,0.4925431097153066,-2.3305196248581477,-2.2885427268133576,1.343860750687832,0.6553637500904171,-2.4591001541160056,-2.4143283477826185,0.6599596244280957,-2.4717862451826726,-2.4055796338376583,1.0005578997958675,4.325473343183821
1910,0.7143570181202604,-0.6531688029504245,-0.6366383262659838,0.7177855006159671,-0.645260412294778,-0.6453735541813278,1.5709548186459659,0.8517947208758163,-0.5884029070853183,-0.5736164507611685,0.843649564888292,-0.5742685261740362,-0.558447537128901,1.373547526741058,2.446202124896088
1911,1.451605463714401,0.6195217813079769,0.6027823020928379,1.4580333959433474,0.6311629980893358,0.6086712993334741,0.8107258476755148,1.6131640219241619,0.7193315099862684,0.699266722877807,1.6458235989763221,0.7314048598030538,0.7005728570111747,0.3921305819129513,2.097400119680134
1912,0.13321896275906994,-2.4263130990487527,-2.383538081918767,0.1182217511052427,-2.42859569715269,-2.40726588964573,2.2735226184132347,0.2850406535134498,-2.6136775162059496,-2.5662770827393406,0.2918621971082635,-2.603950710774943,-2.5708206768064117,1.912412745255226,2.132320520861612
1913,0.36165540463553164,-0.05706488293195591,-0.05595103714689317,0.359912693168451,-0.03544383670646234,-0.029967649301944822,2.2351043166467646,0.1738884633099999,-0.30463017962032163,-0.29895877660371367,0.1722381206928756,-0.30227513804207623,-0.2907258443831167,2.2205066538475835,0.18750734991021176
1914,0.774511064933919,-0.23097361611196293,-0.22294344683972792,0.7578365708076525,-0.2331551267842877,-0.22906395746779004,1.97129854672729,0.876856140907135,-0.22878478161203128,-0.22112724238616632,0.8793657210765711,-0.24579412525856414,-0.2490256076078091,1.6801655000642661,2.6100459438038075
1915,-1.1529441246260752,-1.4488304334559612,-1.4271130567679042,-1.1414814543026481,-1.4303888018311066,-1.4354657325824187,2.6924931113280315,-1.1585613481600059,-1.4607857353670712,-1.4380153131618247,-1.178553892665235,-1.4508028740508738,-1.4268956282440772,2.5863317220903284,-0.9151032601535389
1916,0.878946240825118,1.0054768413489779,0.9837698955002088,0.8781346066113005,1.0239552572264643,0.957786057264154,1.4532296081481548,1.1549907589783144,1.3041373716769984,1.277428456443944,1.1731463602212926,1.307181523624424,1.2497991863938365,1.0496018760769825,-0.6893338745969315
1917,0.9977682344372897,1.3976955606198653,1.3664665217973466,1.0229504776952787,1.3893306812962647,1.3857612466167832,1.5236798438997783,0.9830857815252816,1.4110178539878695,1.3796851500451877,0.9568976658357543,1.3960129541989958,1.3522716975294384,1.3087986627824464,-1.5934179920820166
1918,1.9743755035903252,-0.8756661829853722,-0.8519095456059588,1.9672097561440423,-0.8896392978433821,-0.8483944239317649,1.7643868126731113,2.187697943968728,-0.7731360063756098,-0.7520943986485314,2.187885499783335,-0.7834221613768532,-0.7443175753455954,1.468802435342275,3.273311467275981
1919,-1.8594585490980968,-1.5964744343256585,-1.53435477588504,-1.8467602762623927,-1.5884706936358344,-1.53670095426565,3.6199007850561964,-1.9673842988993229,-1.685431177646876,-1.620331744197771,-1.9724943581958414,-1.6931459804322628,-1.6245765719439031,3.840070963748227,-2.157145771953642
1920,0.35741980891003405,-0.8113457820365148,-0.7921319830174466,0.3573613128118836,-0.8085512460186337,-0.8048628265645129,2.4578990798826745,0.3436868820526102,-0.8393964633980248,-0.8197045324187134,0.3320831393891639,-0.8607963945248307,-0.8299932411885766,2.3255059796661186,1.337522884489191
1921,2.3940734401769075,-1.4749193852251323,-1.4422908198192401,2.3953260224250905,-1.5171046585193741,-1.440683905926791,0.9169428275104292,2.535026887671668,-1.5115544883299061,-1.4705487585515242,2.548153957399505,-1.502354618735288,-1.5005667929527218,0.6462258575682907,3.7915606310593013
1922,4.106914806500152,1.348512786132567,1.3309055464624866,4.11252012880735,1.3544191526789868,1.3157832688624036,-1.2132913340177527,4.119503739273851,1.2588661555202363,1.2412897466189816,4.120907183008965,1.2341917934784774,1.2301271492198065,-1.3179324340767473,5.237408075154316
1923,1.9850872630028285,-1.515808824921892,-1.507736492549138,1.991582545193001,-1.5214172479972354,-1.4968776827376473,1.3671817940511717,2.0393086545256596,-1.6484866392046662,-1.6316522530479507,2.0448412663655557,-1.6899410062979765,-1.630727735028232,1.109739648784767,3.0968727088883803
1924,1.778538500564875,0.22833639764163224,0.22265541800507496,1.7669763466668342,0.2309022281021624,0.23421649944777626,0.5769545965199239,1.9189603640379695,0.34158300099171984,0.3323230873668703,1.9385988479619445,0.3213400937893773,0.33125946672508894,0.36299342697244463,2.9389224413717536
1925,0.5886837800666435,-0.8583284201256189,-0.8417949157107572,0.596886675555245,-0.8448444466383134,-0.83729687168441,2.0154119631203504,0.6014259576588812,-0.9496398779098493,-0.9326610944868138,0.6101885050955188,-0.954417895825524,-0.9298200279448184,1.9256400348978726,3.029060347285481
1926,0.14348678005290544,-0.01390253400074157,-0.013808655546543059,0.1851278249025974,-0.034810666036307204,-0.01162744063474934,2.1734857179911877,0.24625901200655814,0.08275424904400985,0.08203800671923606,0.2847677606282159,0.0788079547976447,0.0931770186578449,1.7822136210905066,0.24419421383526302
1927,-1.428050914610099,-1.893686278785409,-1.8356539238780045,-1.4222896035094479,-1.9070331291879115,-1.8424173279984,2.899883330386844,-1.4359411165615754,-1.9360370736763515,-1.8756095187471942,-1.4308276454369246,-1.9418748716634424,-1.8892744539939643,2.7703489498275755,0.21391749581572508
1928,-1.4040312775899226,-1.445105673831166,-1.4210135768703396,-1.3996208914504802,-1.4501938851783391,-1.4197625408336134,3.195707741931707,-1.7045893593182602,-1.753133635345081,-1.718532140263099,-1.711321693498523,-1.7572915276012782,-1.7236480711592006,3.2712056460883137,-0.823441893405188
1929,1.406267589290145,1.3458170521093278,1.316266277070382,1.444998113672271,1.3434461955858286,1.3266740537068062,0.7372630509447139,1.3923147875497004,1.3412333213727585,1.314146208775221,1.377809574795538,1.3386882526304726,1.309218846938248,0.5771787549926409,0.07667109396443669
1930,0.10075336571797826,0.2866970484063601,0.28008495637054304,0.11010928160747578,0.2840895079610556,0.2762830024552764,3.1316344666218137,-0.10441103427524381,0.06854876286813298,0.06693101997174673,-0.12989388871042593,0.05475163126307942,0.05427095794751098,3.0994054813651215,-1.2979266233300717
1931,0.3591950450804386,-0.37389094472902495,-0.3663897068026093,0.3568998627616215,-0.37114979786469887,-0.3607734164193471,2.5264371367325618,0.4343037625504902,-0.2992034323101878,-0.2931381642746084,0.4279539766808004,-0.30235047330131665,-0.29040310531455826,2.3153934425639755,0.9804011589311669
1932,0.9881152422527185,0.957841473954324,0.9275955139570706,0.9862087620514794,0.9411757251609888,0.9525663925076772,0.9504243436749216,0.8530089917460858,0.8236111503128397,0.7992822005300371,0.8652465037994054,0.8274079471989602,0.8397331948070698,0.8742494129758677,0.14006216580003725
1933,0.3579256686177886,0.17424908315560678,0.17004789955620553,0.3526584085132477,0.181462117408928,0.17270814260719858,1.6277227991317929,0.4042498173807533,0.21195108596139897,0.20687474156964256,0.4028030461834006,0.2056527419217602,0.20842783597245068,1.5671495695071902,0.3824369333283588
1934,-0.18340995634951268,-1.1752237152317153,-1.1341544382060695,-0.19243176143569685,-1.1899204040197802,-1.1410810556436308,2.7184223878221947,-0.28558483156545417,-1.3984661089956425,-1.3486932491008292,-0.289484670643097,-1.4004725912770564,-1.338244746020412,2.6776364918151274,1.7486300434232582
1935,1.3671566897334635,1.7268475227551028,1.6964124961481597,1.3664720780139763,1.7343343962485702,1.6947043024777855,2.1085259458934758,1.311714917791903,1.7241470678123316,1.6922168093273744,1.3136219485568952,1.7198459030454964,1.695778783766173,2.105561804024478,-0.6314708623940704
1936,3.232399136178732,0.872067379042116,0.8661507866221985,3.245928256431046,0.8973697142365322,0.8743124797213058,-0.9481779801034542,3.327515904534426,1.0646367189285102,1.0570199300242853,3.3412805194900925,1.0626942987756944,1.0549572513140348,-1.218254632864681,4.344485116950042
1937,1.8361358483437804,0.9461737729630825,0.9320713956751447,1.8420096248761308,0.9482952715412662,0.9216270752440245,0.7542775259961128,1.7879734854278737,0.7770904351475121,0.7640929443457569,1.790974137229433,0.768622766731293,0.7821903073790197,0.622858795563359,3.157863018613734
1938,-0.0613949650616032,0.12083455528069356,0.11958829355210378,-0.06520844307270969,0.10606673045149417,0.10845505278946029,1.7822875138268433,-0.11554997989935338,0.05762237360718951,0.05700931725044952,-0.13753225957016996,0.03772812613890522,0.04316828127014341,1.7021988277322007,-0.11528084227732628
1939,-1.1662456395911533,-0.7957387157227336,-0.7835689201990993,-1.147471962594378,-0.7979833980092701,-0.776758104212199,3.425679467534169,-1.2768665922644493,-0.949784289838019,-0.9339115185390413,-1.283132282885776,-0.9473941561832142,-0.9180843607969532,3.3096453252494116,-0.9826268607844522
1940,0.9128544544820011,0.43199281356246205,0.4218218410963306,0.9836304836600691,0.44193222110261243,0.4482709074769035,1.8772874578267364,0.7818684965789964,0.19440338062887577,0.18945038020737226,0.7327514106646434,0.1834507442302011,0.18564972547616065,1.7225656869205122,0.8703611792100342
1941,2.1601730403766433,1.3521604149103963,1.335691995279352,2.165310288258038,1.360587245253517,1.342084381779281,-0.1590965770926857,2.1430640476876732,1.2738240355343093,1.262739705123835,2.142737960235537,1.2846391233813916,1.2601656740674352,-0.12758156578632535,2.157631352749926
1942,2.157996815348308,0.8404454857221446,0.8300613729151476,2.165253313708866,0.842011881068116,0.8540121802710456,0.8982197176907024,2.2938762200072667,0.9736219690880737,0.9628770125935122,2.295206283935969,0.981987552879,0.9675887796826789,0.7067534321751594,2.5518636459446187
1943,1.3306061433457592,1.5283594048618057,1.4867664341220772,1.316286522518201,1.5306466761867832,1.4888355148004087,1.331576247080018,1.2938830885835217,1.5066692388927345,1.4643911918690378,1.2795989542923656,1.492707898047598,1.4758592598371236,1.1531792560259604,-0.4713983752484457
1944,-0.0860020286268698,-0.997374706756002,-0.9921311669325369,-0.10247437937772992,-0.9995818207753865,-1.0046449195540046,2.9184851798676243,0.004928290366216518,-1.0210120689276472,-1.0107633540623984,0.02278414926947296,-1.0377088491690596,-0.9953057447884922,2.7471614191941898,0.3245710970437964
1945,0.2169855399606262,0.3497671373176367,0.34311785043222126,0.21375544449420897,0.35605292931710525,0.3270250102596134,2.256332077351981,0.24611650920140257,0.39526469320206653,0.3871150897517269,0.2620411486996804,0.39099537035379994,0.3803725339989198,1.948450484128334,-1.2598525106400833
1946,1.4028326221414726,0.8744133689886467,0.8572740109363995,1.3936461300017364,0.8739522571744732,0.8568482391932901,0.3103930757853933,1.3608284243575377,0.7696042565300918,0.7547709372648292,1.3581313216289579,0.7895994291826809,0.754284143478102,0.2566862830694667,1.682670330045307
1947,0.7040145053983937,0.15898681645276588,0.1568353909967394,0.690293427817553,0.15058687404148233,0.17649819342323245,0.8657740900045352,0.8600969855324461,0.2517175155090923,0.24829072833174387,0.8746289919549245,0.26997844071773264,0.24288481894285605,0.6841104495642939,1.1364211070098813
1948,2.3335399671874377,-0.6115550707237184,-0.599022705828797,2.3222850943509465,-0.6071768199749722,-0.6153274168431137,0.19648981724694445,2.504938639365116,-0.43980015733190864,-0.43192863990299935,2.510959550587561,-0.4344254357822586,-0.46920036016097527,-0.024779359382250704,3.6705236004710007
1949,-0.5623566623916288,-0.5613787731942849,-0.5550083372770497,-0.5650940461743693,-0.5329955927134773,-0.5540573095443095,2.1495309990121454,-0.4180225421339293,-0.4118095186118809,-0.40733552812245016,-0.4352731753914466,-0.4050509047981474,-0.41945161989590113,1.8616704485063962,0.023673025175667002
1950,0.17501382754091369,0.24993560602861967,0.24251228771712255,0.1828817054988527,0.2654020630368692,0.23889300013383613,1.510499968503695,0.1680874227979174,0.2500946356907907,0.24268931047983028,0.17914498300339116,0.2667372879519271,0.24355831160202732,1.4367514293421153,-0.41675486422788327
1951,1.5738140257689583,1.4519064785583093,1.4291679106737305,1.5753796264222502,1.468288663664717,1.4268856390121227,0.19485057928354932,1.724822752851307,1.6093207114617682,1.5839649145968158,1.7213845435268804,1.600940574992748,1.6005890296587733,-0.030176897711199288,1.659203049524389
1952,-0.5722348544722874,-0.3895277923969895,-0.38108752258123973,-0.5558943628290581,-0.3882364051121072,-0.4236154689756273,2.6616452529419834,-0.5610990502979952,-0.3726855494378338,-0.36420691402499455,-0.5413988434271877,-0.4036568858112224,-0.3882912132602371,2.5011156657775055,-1.7460224170729837
1953,-0.6357920129019883,-0.8082201112043316,-0.7835357404515988,-0.6430629341446956,-0.8097756935664311,-0.7895622541261215,2.1960089362712347,-0.5628838228142055,-0.7517474425173687,-0.727470625406942,-0.5653655890031849,-0.7241314033242678,-0.7324679904289925,2.1083669648427605,0.7125283638928303
1954,1.5201777205308367,1.6829751438858025,1.6409761174756319,1.5218553355620537,1.6747359212842037,1.6106486680556198,2.7638145847482987,1.535868848521406,1.708731575106163,1.6629140345062838,1.5411350711204503,1.7119653359045133,1.63003964919879,2.231758895027228,-1.0066609807844884
1955,2.1844051093054078,0.7529551723275734,0.7380247488178221,2.1878797260410563,0.7704461820796639,0.7319545391282086,1.6263223777313958,2.127296624810251,0.5558069649980847,0.5444061892728985,2.13858813504295,0.5451173014464555,0.5374699706220581,1.3930268828890402,2.9049851557692388
1956,-1.1125828015659878,-1.6193162762743791,-1.5698783376747474,-1.1212787081258984,-1.6249616422553088,-1.5715957041457633,2.1716739088683545,-1.1094705568044336,-1.6551778290607486,-1.6056141695811532,-1.1074971760506471,-1.6552934955050231,-1.605318514225281,2.1189259517686443,3.0976298709832784
1957,1.248340126143207,-1.7799962448290931,-1.7596561215206186,1.2631987529965072,-1.7971466939697884,-1.7672171158265018,0.7331385841637851,1.3012853851263755,-2.030861554893371,-1.9994265926724708,1.3152934209851364,-2.009306050465935,-1.9824762122562378,0.5332702500899887,3.554227480533928
1958,-0.1480893722489674,0.28808338756870683,0.2831533978175838,-0.14296562514881064,0.2821096276896088,0.2780775400000282,2.872569370223439,-0.11380150410349127,0.3682974349098643,0.36230771843333626,-0.09970570676983243,0.39384117963486975,0.35333215987945404,2.631452749503388,-1.6975178825728023
1959,-0.3149269231035082,-0.10077285731904766,-0.09770615954099074,-0.3087695716479661,-0.10452325103386641,-0.09561383753561971,2.5774170499116336,-0.1730488959898261,0.0797694705765316,0.07733641205975993,-0.16992884737267,0.07895319910397904,0.07573636734194461,2.384858499282494,-1.825563471865169
1960,0.7748480332603941,-0.38381829854227756,-0.37820379853700226,0.7835632988447052,-0.4107823760224223,-0.3851626738573952,1.9239935891707993,0.6858502999424798,-0.5755146784914482,-0.5665034552438921,0.6669686034470305,-0.5856952248419852,-0.575992099488691,1.8231022873114455,1.9038411852132535
1961,-1.1446532164384149,-1.4439279459654033,-1.3748531033978226,-1.1469618552579985,-1.4312547289777429,-1.3736849333829442,2.794814551811135,-1.1401187290144623,-1.4217519997095824,-1.353538593976162,-1.1402017119476004,-1.4233735003758126,-1.3611439155828038,2.6820078563954772,-0.9787025416186947
1962,-0.4764587325040568,-0.39051737910495155,-0.37868339158080977,-0.4714311501990772,-0.3559919279326313,-0.3836213370319531,2.7814444458024847,-0.44430924786584636,-0.3516090943283426,-0.34055430766461436,-0.453926439673453,-0.3490359415119248,-0.35188225501294434,2.605085216040134,-2.2800756822475132
1963,0.7100940718205646,0.6904865302443676,0.678309176863798,0.7260962899207086,0.6838030399530847,0.6639804773064959,1.6856657223103046,0.8521435889707313,0.8327091753474922,0.8185837115931428,0.8497704719266768,0.8560958486712517,0.8188083300407688,1.3595468062808826,0.22299490409355266
1964,-0.9436648586519816,0.3080911665312495,0.3029806115215122,-0.9362692918787452,0.30473623122662347,0.286539732014159,3.057640409311883,-1.3626148892116565,-0.06118758176904509,-0.059862545046167316,-1.382570586225047,-0.054213843388545006,-0.04203042610908304,3.289500098875964,-0.987689807976907
1965,-0.4313014680314335,-0.21131360988065936,-0.20746948928519476,-0.4135033952995769,-0.21279017791955931,-0.2159964071413414,2.031043872010141,-0.5416352663288048,-0.3315497103568524,-0.32645397662084846,-0.5211244628090168,-0.3254294818404429,-0.33932810425470294,2.0189157150771337,-0.7048831505761657
1966,0.7029206754875247,0.9904075181635864,0.9607096645741725,0.7090505293163692,0.9960439212861698,0.9470348419105089,2.878505791087371,0.4476123786091628,0.7480284648325414,0.7262777436088358,0.44455115799830247,0.7483482666485585,0.7270500133607837,2.8589952867183834,-1.4792399364222966
1967,-0.6334071049805414,-0.8455346217587881,-0.8228657739357377,-0.6340535014049221,-0.8352699519940493,-0.8531302139285957,3.116083192834956,-0.4656554663884001,-0.6605232561531383,-0.6434637810619769,-0.4546324924683422,-0.673161677634653,-0.6246895084663399,2.8763685847496028,-0.26095060562701305
1968,0.29429229222712217,-0.5432290973174277,-0.533420958514927,0.29630588580979084,-0.5348945772610457,-0.538534108505646,1.901746172191523,0.7107872525312987,-0.07992636254467558,-0.07853206128317068,0.6942285068885687,-0.06569957767928154,-0.08400530762843368,1.361506743114357,1.4725483769571306
1969,1.9568701285224415,1.0718587026304085,1.0374980148743846,1.9535002391432514,1.0647783370723756,1.0342543095949477,1.2134016408050439,1.938806222105405,1.0795073559468922,1.0450818865108398,1.9303175736152813,1.0833153122564354,1.0339541821475178,1.0044055564716738,1.64504074380061
1970,-0.12970866138266654,-0.5741997199369342,-0.5525962136596435,-0.1271736896754427,-0.5526158495735285,-0.5500372680333638,1.6091878829417041,-0.01629838586169079,-0.4864414619106783,-0.46840598098807296,-0.004278235725162973,-0.482733461581667,-0.48076994347831137,1.4974571635009875,1.7969150503077431
1971,-0.40123868361161175,-0.34855868953003327,-0.34306158221571087,-0.39469569733861964,-0.3523190306380885,-0.3298935519285943,2.825788298023777,-0.650872366756744,-0.6174901406361625,-0.6074749739450607,-0.6635157914201781,-0.6212276825811593,-0.612320532377167,2.807614673765193,-0.9800717587062256
1972,0.2527230142913877,-0.006967425733140449,-0.006932820997955523,0.2563186617154308,0.00161271158109135,-0.015057959231625109,1.5344300474163368,0.18636810260179107,-0.09675830689632456,-0.0962422279320462,0.18950148963132907,-0.0936845435909707,-0.09997312179336326,1.463362756909304,0.6264099951832963
1973,-0.7443997567929862,-1.771500223345053,-1.7656203307166467,-0.7479428990939825,-1.789589155608383,-1.7830376100821652,2.5005294222953953,-0.5197776343069134,-1.5632949310305129,-1.551490613064487,-0.5382421884747037,-1.5532748834975574,-1.547319717434868,2.070954689030226,1.570855211599919
1974,0.261901363993416,0.009000107698169408,0.008760883521058643,0.27180828541712354,0.0008918493540233757,0.01626822968711105,1.683970081430799,0.047645646904566186,-0.2375048744902882,-0.23160808909436487,0.04126306799321352,-0.24300029894866434,-0.24873897997898475,1.737822532218437,0.5992340127057513
1975,-1.696574066011436,-1.3121112087562763,-1.2694655292892691,-1.687894960920123,-1.28622364312672,-1.2615143780521838,3.078957162128303,-1.7050565411196075,-1.2819355924845226,-1.2397031121466844,-1.7172974497851616,-1.2869232506813562,-1.2447426656581149,2.9660722538322637,-1.79782681701992
1976,1.5262245431724804,0.570264127377803,0.5621413493871252,1.505218458508868,0.5746614392112354,0.5640628161785521,1.5955864994225992,1.4524391007026018,0.4797982758720156,0.4734960314461034,1.4668161417684373,0.4901204599684797,0.46662297280687126,1.4714571190016195,1.9654723198893065
1977,0.6822313005388556,0.14477180239203336,0.14363243097333953,0.6819355161496484,0.13686289150605674,0.13258253847464302,2.372903941245842,0.7748687673789618,0.2507219544083906,0.24817897341149525,0.772995364420486,0.24930507568369714,0.2554777729952746,2.1383389775648394,0.1890727560121856
1978,0.1559056251073192,-1.0690038194411147,-1.041708217358141,0.16226001252920932,-1.0717837846453877,-1.0431334149807923,3.0855835205404705,0.3036262960450485,-0.9842461969813757,-0.9594268470672391,0.3079413199820269,-0.9858745942444623,-0.9597718636744396,2.720687591824177,2.5325516872300073
1979,-1.4650737129189733,-1.6158810262584622,-1.5833114584427501,-1.486263000699215,-1.6170738173518304,-1.5732302195629657,3.091687629687177,-1.415947360739063,-1.589421972800904,-1.5573418815083973,-1.4178684440752722,-1.58799544465136,-1.5490568262644058,2.8494087091750515,0.3163519501605359
1980,2.9225373451818863,0.6979550053973077,0.6907947242107055,2.9034795180122273,0.692401230729323,0.7040171784149464,0.45276767504609317,3.0904529375030445,0.8167657257986479,0.8077729340727655,3.115358035423255,0.7885381439966394,0.8001857174087468,-0.004246070207469564,4.248573136104904
1981,1.3284861569570634,0.5157961870735671,0.5010999153925081,1.31206101388325,0.503310913238769,0.4980194083996537,1.0733630142310322,1.4175216822529613,0.6394810479633568,0.6213515150902815,1.4251022438250598,0.6554552407448382,0.6080886039801388,0.8722435364816374,1.7055036733979394
1982,-0.27115298666039184,-0.28940039010343876,-0.28195109300225907,-0.24282610808484692,-0.26374359707132644,-0.25699169742836775,3.0115744172487675,-0.07382438739459654,-0.08423066115390321,-0.08207599272200185,-0.09112563276768866,-0.08193199062800334,-0.03906055127818752,2.7161893165418656,-0.8400959986700877
1983,0.1640722501524854,-0.7509961611763486,-0.7305890678385408,0.15842753578436256,-0.7697892437066581,-0.7355471367316795,2.193857584424199,0.045957447481388775,-0.9570071923606864,-0.9307123798138573,0.03728532555450594,-0.9532359199130159,-0.9292358317421396,2.1057854120601935,1.169947325212605
1984,2.022528395590081,1.5540065874103348,1.5227121012134766,2.011441450677528,1.5657058048995083,1.502421853162356,1.1748463477824493,1.8032355080232112,1.2100733628216773,1.1811793947065117,1.7997280495633885,1.213563190575032,1.1822325211765186,1.1439407669457191,1.3416308370834098
1985,-0.45366481831799266,-0.4023544047419079,-0.395824453526212,-0.46077306525933953,-0.3935212267018723,-0.40129817071042195,2.602689528939309,-0.43886223452286643,-0.3872641966636701,-0.38080798224791435,-0.42417563632277505,-0.40061357099791545,-0.36727486700149903,2.5164995537193615,-1.2917552206099796
1986,-0.5279965427801137,-0.3640400673310984,-0.35537698631143905,-0.5687044699469358,-0.34527545409118904,-0.36206688020054517,3.1400867551505174,-0.8829041055981491,-0.7274693367003634,-0.7111293581767455,-0.8835239850960784,-0.7309373113659221,-0.6907503136183688,3.2154745678254315,-0.8386573448213671
1987,-1.2748414968452957,-1.63270231528315,-1.6009205070198531,-1.2889626499563938,-1.6131947741544501,-1.6278003677833117,3.0996786575734965,-1.214116799554017,-1.572131414455496,-1.5389514194310934,-1.2078360473513194,-1.5860630736035457,-1.523336330005295,3.028036515608057,-0.6352466621732551
1988,-1.3797085437571959,-1.0694800757124319,-1.0373366143276133,-1.3858828069518692,-1.060827250208155,-1.0415040216819569,3.350410855369601,-1.2117956184424876,-0.8792600667051343,-0.8542990141585183,-1.2000317950660018,-0.8837231155525973,-0.8728496770404137,3.1317352955153663,-0.5729173591346869
1989,0.5984088098278509,-0.10430362426511212,-0.10271681535657896,0.5996645008997233,-0.10055807469100572,-0.1150182083236899,1.2277249958034469,0.10165168996125788,-0.7006091498849341,-0.685996652098837,0.12459392046768769,-0.7457476307769484,-0.7083774504297283,1.3603537332324989,1.273747007792177
1990,-1.3088708541423444,-1.6551579580038671,-1.5879926350129423,-1.30440876788686,-1.6396652207265012,-1.5927600776208308,2.870160931702062,-1.2741004667831113,-1.625949736429153,-1.5593025332301107,-1.2744019540931912,-1.630705534984988,-1.5619663833364201,2.7726540261146018,2.3804394858076057
1991,1.5465113554935073,1.794712869008702,1.7747095389440368,1.5443776557923947,1.7901528268445421,1.7682563611087951,1.0620594237075163,1.4463170205088225,1.7000539334507427,1.6811651419416151,1.4529491834820594,1.7061732148796063,1.6841877157368608,1.014827815832851,-1.630443830669008
1992,4.386783251612325,0.05120566719034497,0.05029887089331694,4.390984954016316,0.023755309868546463,0.05411685277643767,-1.3528912404764857,4.580083653378692,0.034365906982594854,0.03374509678508781,4.585726810469138,0.019815152184630053,0.03238842421063613,-1.7176754941247492,6.062436397495815
1993,0.07252648152612845,-0.24881615188810355,-0.2436411054319176,0.024510312095072945,-0.2732711227103916,-0.26243877168062646,2.5199797884807627,0.1859506881588468,-0.12059653995314089,-0.1180823934406014,0.1650714575125067,-0.10098259548572383,-0.13808958756019396,2.3069345016069964,0.3273809730853338
1994,-0.3414766279362262,-0.10827249018258323,-0.10523164842900125,-0.3466653950107728,-0.11627212530664405,-0.12490570105552752,2.7549267176962404,-0.34638973380820165,-0.09838226126526171,-0.09578071160503368,-0.3393146489055813,-0.11304627981398636,-0.09533027490232565,2.6453921294561145,-1.607426273457556
1995,-1.0500191467122282,-1.5265012927474972,-1.4931137819056028,-1.0449079308250462,-1.5345601347113764,-1.4888378687634218,2.789256799417358,-1.1682281099538325,-1.7152259961351837,-1.6750430254438355,-1.1516478452440573,-1.720740257335418,-1.6888939012144393,2.7063126779025133,0.28572851408385463
1996,-0.743038227431056,-0.845640676363394,-0.823296332170814,-0.73973467188933,-0.8453476123452057,-0.8190130335374349,2.2582371102585803,-0.87664518581101,-1.0021617035145218,-0.976696277345781,-0.8791779404633528,-1.0123542280954103,-0.9657051137854354,2.28933428630238,0.3571355065759656
1997,2.1544186796948743,1.1205591707192337,1.0983432876865642,2.1830052155819026,1.1232006967437704,1.1176797744554416,0.6825187466412046,2.0398534518594262,0.953427303188658,0.9348635167683891,2.041404599717908,0.9477053457339311,0.94264845211968,0.499238201832449,2.122178248377527
1998,-1.0528857652479855,-0.5933329545533926,-0.5791766010307747,-1.0336811824086907,-0.6011851777758056,-0.5859623460725699,3.020997266491628,-0.7583578425743591,-0.2505527699786673,-0.24428446097160586,-0.7931062497875517,-0.2613853009486239,-0.23408046617877534,2.6775776515122263,-1.4111774480939472
1999,0.13763661718940776,0.37982541796940494,0.37229166962446353,0.1284197530330066,0.3654907145940076,0.395638697977025,1.8511769315143762,0.27471452536169755,0.5346244782351899,0.5240218346724668,0.2548051591451631,0.5449483601217333,0.527834745509492,1.5720152914009113,-1.6756481345375045
