rep,ridge_cw_zero,ridge_cw_mean,ridge_cw_mean_nw,ridge_wcw_zero,ridge_wcw_mean,ridge_wcw_mean_nw,ridge_dm_zero,elastic_net_cw_zero,elastic_net_cw_mean,elastic_net_cw_mean_nw,elastic_net_wcw_zero,elastic_net_wcw_mean,elastic_net_wcw_mean_nw,elastic_net_dm_zero,mean_cw_zero
0,1.799536839401012,1.7181088989739701,1.7140428163971428,1.7822489262208414,1.712886997932209,1.7126039792148477,0.8254135390977687,2.8848907369523964,2.7657541479846395,2.753980698098347,2.8758674349737716,2.752316697868457,2.7681225500245685,-0.9177707137364511,1.168099849575413
1,2.8440072769042493,3.0414968788716057,2.6312013812573407,2.8363080228028013,3.0325546352664365,2.622039729414373,-0.11152826819564109,3.604555097196283,3.835972814389905,3.2580156193832983,3.5749250950993057,3.8506455219853715,3.27535723556394,-1.8263652885584987,-0.5336837643018628
2,-0.29786654323676637,-0.7210774413925867,-0.6554898363417704,-0.3002486482949157,-0.7311271388561222,-0.6627408260511475,2.4904725759465416,0.6274308675307402,-0.05156466410401241,-0.046299371379364004,0.6400924233679747,-0.10627463736418641,-0.08154268877649132,0.6611681000539739,0.869273461350791
3,3.4117892359914745,2.3946108615762403,2.6867957308394512,3.412446517649195,2.396485826642591,2.7044954227009095,0.16007369028876295,3.7845658488572695,2.663689172520054,3.2936770789029297,3.778112445010439,2.6569900462922544,3.2839243423144806,-1.1625907910677835,2.699082336218068
4,2.6039939785869968,2.6396278053253255,2.546880753338764,2.593067244517524,2.634518951535559,2.558630787218511,-0.41780911838776497,3.1322771040297304,3.2318552297464493,3.0463263309712274,3.1409598834974193,3.231645440785193,3.0551153646063796,-1.5524420541529016,-0.06398447501508184
5,2.6498430818390415,2.690069284643184,2.5981507877007006,2.6457305161900484,2.6818049990470247,2.579562002201464,0.29189078218049574,2.7460677797630244,2.8094202597504636,2.857037620340126,2.746174245750987,2.829728845174751,2.8527998015214067,-1.2565101975068205,0.09555600577083041
6,2.8029312857238233,2.5753150550669264,3.0201283298439825,2.8046392946860705,2.572193875540804,3.0158806502719155,0.031776845422451815,3.0661980885197693,2.8007932182104778,2.97434434867717,3.0638454157174335,2.8086313200760396,2.9731330924242934,-1.5036107185375849,1.484965690291978
7,2.817546750217244,2.8971560662327613,3.0577312409887694,2.820739960604426,2.8912213224096237,3.050930305276423,-0.08912274128344452,2.9295507148016284,3.029592542205523,3.1072078605985443,2.9187322215916134,3.050757701177678,3.0345547525531518,-0.8065541051475071,-0.49916281863160844
8,1.681103569869437,1.5876132037199244,1.6691417032811198,1.6827500823152706,1.583551565600656,1.658028416687996,1.2463732010276813,1.341983992490288,1.2684391286548247,1.2485913257863994,1.3289498308978402,1.279079977925981,1.2654369682689197,0.5805512749118915,0.524958990880438
9,1.0056616530763276,0.4773544140740691,0.48852818864517544,1.0192870431733632,0.4446337022785395,0.4747273399092091,1.631651213641747,2.080428611659687,1.2349721540178733,1.3154088411605585,2.076665957324034,1.233465176448106,1.28981546532483,-0.3349818426932827,1.9565794792354507
10,1.5555400010510152,1.625419367544048,1.6519783077051777,1.5827004558946676,1.6223441041956825,1.6459662756756739,1.4259857221650674,1.1988798818764947,1.2824819236448275,1.075981191117316,1.177727133047767,1.3029295389078073,1.0723376266764526,0.4811954605551822,-1.621448773323637
11,3.1112957839448194,3.183459051600068,3.155588160927018,3.1036073624240537,3.1673152798483653,3.1542326323219196,-0.5794106613057135,3.2558597194884555,3.3583024124705454,3.259947365406979,3.250922234645751,3.362511037703012,3.270278444959784,-1.5601242385141396,-0.14145955573595606
12,3.6747125852258513,3.607063375066876,3.3652206150139503,3.6755179885179317,3.6315511406852123,3.3727082590340456,-0.8263361034792747,4.449579639927506,4.406699526924499,4.05777180613639,4.460830637277904,4.4214626243477415,4.060104160886226,-2.3143229610984197,0.29554723880925476
13,1.0109423267666084,1.0603154514841213,1.0027440825662213,1.0271355939416806,1.084339690153628,1.0191893706518398,1.9629542083009222,0.4658727705585166,0.3877336171382798,0.38649336848666604,0.4869949988816402,0.3924784000507932,0.4004930717847204,1.2076837039110246,0.4034075658697757
14,3.197270337141168,3.0995081654102306,2.632261530632512,3.196331482499138,3.100444111930235,2.6330093451746635,-0.6879060190205272,3.2146584021338986,3.12559716952876,2.6062667554177503,3.2256725130376434,3.129653070707064,2.6088724770984153,-1.386396881574259,0.7859402052578872
15,3.046968629646675,2.3332493503546785,2.0495910086545117,3.035206108794188,2.3228009438640145,2.0488101833941545,-0.22541973793592787,2.8785022867588435,1.9404845862404345,1.8734741436546587,2.9002167185864813,1.9371276301798013,1.875670915124553,-1.121561081250362,1.782692034860555
16,1.313410520831144,1.2658677598270505,1.192831814041102,1.3179878082449512,1.2686255788123437,1.1872067652424971,1.181235844649966,1.0088456577353615,1.0306431451505342,1.0265993335130745,1.0048123766822,1.03982742299463,1.0093503399157864,0.44577211523417326,0.3890213723250074
17,0.12679987294305123,0.15061894361868627,0.15206099241454824,0.11420831796128061,0.13313129161555795,0.15631021103461187,1.7877216513197804,0.8432770077728369,1.0258628059944859,1.1086039758227086,0.8301244605446935,1.035937707464714,1.095937630568316,-0.013093146448265168,0.0003822939212617841
18,2.871617637075158,2.9868013188066995,2.6022837584206124,2.8758113904499862,2.9845493715680824,2.599248259615309,0.49981685930087655,3.2225457321115853,3.424078167865417,3.236911229401827,3.2134339067732647,3.4185371478374424,3.2472350431045145,-1.0226184506974154,-0.8545716422805036
19,0.7547305226338304,1.0732807743894444,1.108283690230938,0.7519463627491397,1.0723036232029026,1.1003934465862097,1.5821979368920795,1.2332062348233774,1.6645299842578087,1.661402240689707,1.2288148537257444,1.6623731776621016,1.6701007025070882,0.20068026263462277,-0.9959414619772148
20,2.1132702641233196,1.4783133404675273,1.4000222026155906,2.0999771426902867,1.4563681037856395,1.4168714847037498,1.025911958153314,2.040771317366285,1.1762805334669237,1.1590010383792753,2.037797876315621,1.1652779639218596,1.2135822937502612,0.3459553736321438,1.6888082106070579
21,1.3169055410827168,1.1040712727322821,1.0359677254929438,1.3093746982819854,1.1120874414130442,1.0356813224671277,1.441065574099942,2.2988906632852886,2.1478540564699315,2.206292950656662,2.2977249540408096,2.151267535101887,2.2189990278446983,-0.6474340345027323,0.8707272073278333
22,0.4748074133568374,0.6242955129650432,0.5488093135375406,0.4879288397451571,0.6081589491009796,0.5430483001221059,1.9075837036744991,-0.07897251768357404,-0.026712817105707765,-0.020032985730039726,-0.0588273786325099,0.01681959632805225,-0.03906443413784512,1.5387616187270428,-0.25735541465661743
23,3.1716340157552114,2.7117700621016345,2.466458718641139,3.1757089887681405,2.7075944323155965,2.470269945563735,-0.03388110584389847,3.3678770740341797,2.96431427032647,2.6791440939494335,3.375276054179233,2.970455530440317,2.684183633756505,-0.8234100065359408,1.2879703430393545
24,3.366013344080035,2.2823610520642905,2.246566509698557,3.357435829830301,2.2800225965306176,2.2463527213667436,0.2339116602071968,4.105442933405125,2.739937640114878,2.6462287613220985,4.1214069947798215,2.740378709791347,2.651691104710385,-1.3366058047097318,3.4051099567324625
25,1.5507011565357303,1.5809577780332469,1.6583558868879977,1.5463482708346952,1.6259638162148282,1.6607943253626434,0.6890784082783398,1.9626665254860982,2.023541044465564,1.9164913605728398,1.9634246476311965,2.0276335985565304,1.9320790633902134,-0.8184977962908008,-0.5017242758602535
26,3.5415779874838726,2.8156847779490866,2.417937296778729,3.5452602752191877,2.8222864358060615,2.4213259698932066,-1.3065844868338565,4.135021291336798,3.2188903578539003,2.6485726634853357,4.131311931100192,3.1999391872962533,2.630622295624704,-2.5284707019473527,3.824506011810495
27,2.081743101081173,2.0625289907255615,2.110491617776324,2.0888613883669067,2.062485349261134,2.1049536995260336,0.45619279657390854,2.615884572455489,2.626455025756251,2.6916352562497203,2.612509012109178,2.6323210935232684,2.700973060625513,-0.701239304728282,-0.1236820701668374
28,2.244023386719647,2.298643765131753,2.48109281480418,2.244507070211313,2.298903062884619,2.48778138203743,0.32936254661553505,2.438065034375388,2.504031580210824,2.865920038303654,2.4340752945078337,2.5046325203245474,2.8499662528336716,-0.5543458600206274,-0.5052755486947776
29,1.9621366041584891,2.140778332092546,2.452648885469754,1.9540438355929257,2.130818962694664,2.453979993181173,-0.1245855286213647,2.237208514575495,2.526675180256896,3.0162765130499007,2.243885675881849,2.5199598926898013,3.030752736007536,-1.168467668322878,-2.045339835049499
30,2.897188326589803,2.947707705517481,2.5596933277883873,2.9085114710307827,2.958133075239545,2.5567647079008693,-0.5894257992537927,3.2704841374250324,3.3304310508881207,2.9067376045633835,3.267334891634547,3.336012613691032,2.9114049567216562,-1.6097965401889478,-0.9287005321699005
31,2.9429637027232474,2.992903052292463,3.3837463209950633,2.9580198783701674,2.996150935158812,3.3873952207020754,-0.5550627471401121,3.3544087321899467,3.4125525056529025,3.7503313031466803,3.3492155215193584,3.410399039114605,3.752934315575677,-1.6278380609034246,-0.35655922258958256
32,3.1178581084762462,3.089618786525886,2.798396230496088,3.107779623508604,3.0848806464080685,2.79952422787104,-0.8126029002769024,3.502127346223684,3.4640960754941,3.1744462956313213,3.50422680979759,3.4753221156806706,3.1728345196217487,-1.79384904777906,0.1916525960894936
33,3.216064447454419,3.136689787448159,2.824884035365934,3.2127631102530794,3.129915000296434,2.820341042924397,-0.40558231979476883,3.1603593993515977,3.135618455290237,2.8630953143834343,3.1403593583091833,3.1514236628362555,2.8616450732693477,-1.27183632801519,0.8953360165731682
34,1.7159786605173708,1.7962843606730696,2.062134331859657,1.718534984110509,1.8090567650941618,2.0654224206891585,0.23876103169614638,1.9716971983545348,2.075648895285586,2.1686179906947336,1.955033615013057,2.0741709585693275,2.1726915976031775,-0.7216122968981886,-1.086211174817032
35,1.6523971778926996,1.1205072900069935,1.066327543515896,1.6523898822697718,1.1492563127971644,1.060282430386589,0.8090261831141642,2.7892587788621674,2.253789196102844,2.329796167471332,2.7985116507710006,2.2757051694597914,2.3946953075595894,-0.8054260865945133,1.7597789605163217
36,2.8156338652782402,0.5748429524485457,0.6124159105455007,2.8085096692074094,0.5724763058797818,0.6142761993343323,0.38388629187681667,4.373104273494288,1.824858192216432,2.0164656360767346,4.372457256347599,1.8290216883682657,2.012683303340746,-1.910886879660181,5.092173697677225
37,2.089255469456494,1.4552758217014037,1.548202877797518,2.091531604260814,1.4590692884978504,1.556281659710181,1.1716647847003774,2.4581846021974427,1.8007574986738566,1.863913086545526,2.4561652417786086,1.8210434354943072,1.8489584539780806,-0.22486009155113812,1.9533895258628793
38,0.3617298638211038,0.041963524201490916,0.03510828286568216,0.36353324326720343,0.06338318718616538,0.00455514701785593,2.37960491982349,0.9574056160742495,0.7277341978424648,0.582868247042015,0.9865359921400805,0.702051287428587,0.5537762755994307,1.0280124318760087,0.7168894687608581
39,2.645474468527034,2.4935129977640784,2.781789548550256,2.6336029460768704,2.5075552302693125,2.770769086384073,-0.16501901670161562,2.301185792560113,2.148469878745693,2.3518793377939065,2.29951938618786,2.1744257991038363,2.345107747787656,-0.8558429598522056,1.6318728582019995
40,3.469960957470645,2.5943338799696853,2.657578181881389,3.477150461439842,2.578636217467601,2.6618479980211256,-0.5740495885825039,3.3872920036079384,2.4141054761077516,2.511524128973727,3.38805050377741,2.4148535388489347,2.517280779875822,-1.165577733086808,2.7907537492264924
41,0.3635488964010495,0.6003137975149117,0.5137002199222379,0.37691578193134395,0.6132365172780057,0.5193474394739355,2.0828299973864324,1.1746593468778321,1.5665863488572607,1.4226640781450783,1.148936259230743,1.562142866078404,1.4215596750323636,0.5724550998369841,-1.9535687114134024
42,1.9264425366138571,2.0131915284858555,2.4266794160652787,1.9367515424663044,1.9948636749835797,2.4288691132589832,1.1762709204788302,3.3809719669467424,3.476631607759768,3.4711587089736713,3.376065021008144,3.4924170836686894,3.470529704306615,-1.1887339811872872,-0.04799821785179324
43,2.696851687204378,2.7624255864430296,2.891136770555963,2.695519937992183,2.7644588099152068,2.8928761268032845,0.5078474822546961,2.9074976812069493,3.025438277176156,3.203082106623805,2.899444359469806,3.0157201422193074,3.206942197440126,-0.40926015363461826,-1.0563855223785408
44,3.273036162236653,2.728498906297494,2.365716799525255,3.28119391722689,2.734759297549454,2.3658277546498048,-0.8156163360123927,3.672984257244633,3.18137741650072,2.8163559048640403,3.7028086327414487,3.173250343247971,2.8433196518773927,-1.8355909359498965,2.832603258267726
45,2.6287380149778814,2.174005089334174,1.9759115591333356,2.6022849508723027,2.173995967259795,1.9980565344734933,0.7346568553879465,3.455707424765298,3.1730122847750892,2.9642671646916092,3.4382512727505703,3.1747114008587305,2.941545409904247,-0.8132619901143898,1.6161291111135618
46,1.7309977033991706,1.176669267187711,1.0972103607502446,1.7191810550371323,1.1807208447909363,1.0934834698400044,0.5454258246650231,2.986499379911669,2.3948220368563873,2.23229201951373,2.9955777863204633,2.38286784752269,2.2380100927874436,-1.1722371753871297,1.4091507250062292
47,4.922954795922248,3.9472937999381608,3.7053540329423833,4.91745393523819,3.9308737835316596,3.6894335636021687,-1.9548834475027717,4.777929779202403,3.763609982904706,3.5854474917931243,4.782619775843799,3.751279967550242,3.600235933574297,-2.2549032431111904,2.990896789556579
48,2.2508110627575233,1.136808979681672,1.0950924515345262,2.2544202082424922,1.1424148778756458,1.101341639284448,1.2994133405634456,3.4144243430162198,1.9880576446303517,1.8125994920048187,3.409727322128179,1.9865957693205467,1.8101856316809115,-0.4603483258725719,2.810335661710564
49,1.0278154949594012,1.1542957331046688,1.3032530362303518,1.0262544471388193,1.1486448575242196,1.3001878879926918,1.575128385969929,1.4280127203256157,1.589233255187196,1.780615731145911,1.4088985806739902,1.6016344778762304,1.7887127537169616,0.3730668347183427,-1.9554104386951752
50,1.8924586161125112,1.8191713938010103,1.8969907603948077,1.8918419945460587,1.818490232048455,1.8919866474273803,0.859497384684808,2.1886254780705694,2.0603458865903703,2.1990951815442337,2.187055846489039,2.0627369570224783,2.2075572774611825,-0.328312806065752,0.44043179195208976
51,2.6172697556005895,2.542137202237712,2.861006051049032,2.620421354696161,2.539049144295769,2.872420075555113,0.7003361892476897,2.812893271700395,2.829434155534199,3.312802205198497,2.7965650212023774,2.8269499941470806,3.3101851339907205,-0.43643591025731676,0.4599881792571764
52,3.175093115453269,1.9042559949151807,1.9965300945877846,3.1686322061465235,1.8911520208791575,1.9994047194335653,-0.4552374064372075,3.9478296653893654,2.6255708114724277,2.6128046739177537,3.952540749182707,2.598106236923052,2.6150316037800128,-1.7183102155408765,3.316080544153434
53,3.385075222313073,3.475546296558433,3.6277952142013663,3.372162966477731,3.4647701385271614,3.624865996791298,-0.6953628953168945,3.399454685310747,3.5201396124680526,3.639306184781245,3.390847964463804,3.519326873572151,3.6440468890358546,-1.8572915474196487,-1.8025375003436799
54,1.0791263107473064,1.169551750144803,1.118925841566393,1.077954510950192,1.17040547756855,1.1022724587535144,1.263445577614573,1.3090506586218025,1.4662418034027556,1.4127340452302357,1.3211165728985839,1.4731971684861247,1.418703222989439,0.08673431313979563,-0.7318957295544528
55,3.1181258519941046,3.2055831877683407,3.119510438933124,3.123661717611582,3.198649538084951,3.1021490597988324,-0.12852272279222446,3.346828129441729,3.4620284475755634,3.448938079683882,3.3659545044178514,3.474628243814048,3.4521574175071934,-0.741830730930436,-1.107641787742157
56,2.100413543475781,2.1718176431990432,2.139432029027992,2.1061427239809163,2.1736392539799487,2.1281405334168326,0.12326095552876734,2.322647176501723,2.426071692369674,2.312419052108044,2.3109328110281058,2.40960959946403,2.2948526248540255,-0.8831844250852982,0.4014998039911012
57,3.37488795919354,3.30460740964678,4.120216391035416,3.3723556198004827,3.3014188991564786,4.112712954082509,-1.2257809046783237,3.495379887889248,3.420073384497633,3.911341958612706,3.4887047783738323,3.4155575207696884,3.912923347630014,-1.8852221598685879,1.055159134060832
58,2.4947665218615116,1.75957175150112,1.6523462860987266,2.500350373012562,1.7326706592088335,1.6568469117751585,-0.2262036358182076,2.1809017079824877,1.0215210130446182,0.9970514756129305,2.1856542607189287,1.0399917531689804,0.9753824172714783,-0.7633758439559881,2.2042838702102614
59,1.4913827389606535,1.6395260982711615,1.6629509115139864,1.5033347662737762,1.631826516916397,1.6445999214852887,1.201483016758826,2.493700597015358,2.7599790371229282,2.6632730894515095,2.507233474314763,2.7443309048182036,2.670731475312491,-0.7819634567244346,-2.010436801046931
60,2.5609359697269247,2.7538734703773593,2.875228510052432,2.5447174534395147,2.747331794949548,2.880215401237,0.34236548463789584,3.1464060577157493,3.487253748709501,3.470225731193291,3.1548090877324757,3.513594132671229,3.4660765653883803,-1.1936662703842205,-0.29640511680378906
61,3.376184376421937,3.501064386282655,3.624728129836216,3.3748080522301263,3.4920513487158615,3.63051116001482,-0.6109597738533981,3.119024810873149,3.3204083918855867,3.734858771792416,3.1128255271006298,3.3280825940536714,3.733573173313064,-1.4352944562502912,-2.882826496453598
62,4.259750120688196,3.434727744096546,3.708117565563698,4.263319761588699,3.435793627439586,3.7091785521352683,-1.2275480697944183,4.640590174887572,3.5811375888345713,4.370650184956732,4.643606322387779,3.5871343338691957,4.357504071580309,-2.2163168764575754,3.189648533632087
63,3.423082557354831,2.7495998136801907,2.558226969917935,3.421679819819159,2.741315928715829,2.5615697066513166,-0.7953318310552581,3.913254187146797,2.973303506683245,2.8400753994424166,3.8987342073207882,2.9794826373326737,2.8544569899002474,-1.7394276450128894,2.1458402388340545
64,2.5665232197436474,1.2122559380818971,1.3789725193634612,2.5638387243121983,1.2179801502524643,1.3588691332335425,0.3107630301130456,3.218775294547677,1.7354364088040517,2.1193567122541057,3.230689844700404,1.7545760927301501,2.1494874316074966,-0.7534527125230467,3.0370454245035066
65,1.5218731751222832,1.7159372478395953,1.8195887302467721,1.527509525990298,1.7208828171299886,1.814676208881558,0.964553950984781,1.5504990589824492,1.6601496680294328,1.9415873622637665,1.5588043365923443,1.6715800604887312,1.9351073448853409,0.44370716813687383,-0.008110451800371428
66,2.9648263622242848,2.9719682637529057,2.909511455915733,2.9468039663961423,2.9801108102038785,2.912357450929335,-0.049312763801298364,3.164163201761659,3.1363050547440845,3.1162276896217707,3.159686928417957,3.1322980681470467,3.114761255023204,-1.1575105128367442,0.047510296375624726
67,3.025675584779204,3.1040020556368755,3.6658198652101563,3.0272958448381844,3.110035419802019,3.675617686445764,-0.5027414490540322,2.9921661580345167,3.0882345148832413,3.528140370492301,2.999461531106473,3.082569120568632,3.5213577706390544,-1.184023973603918,-0.32609877867922044
68,2.8557410734206083,2.2439600872864,2.3144689008065047,2.861185790159003,2.2399774519041595,2.3116796989032897,-0.11117432737752855,3.37919236546965,2.730954843336376,2.7372805895352834,3.3860482650542805,2.7353450303802602,2.731008371986987,-1.5043627116350087,2.3436038388671774
69,2.92653028273817,3.0048556095622283,2.8784758276817444,2.9375278101014386,3.007400211570473,2.8869216436374705,0.1912076464018923,2.802604536794206,2.8780488410565144,2.661475220644698,2.8208645261208045,2.871150939168404,2.6654140134543254,-0.433423923454377,-0.6505448105854084
70,3.562473772764532,2.551502761507575,2.5025569611141174,3.576509891653126,2.5527514250188386,2.5095222724373576,-0.35758957651285334,3.9802566825487817,2.702797601571527,2.589966951864994,3.9658081850963653,2.694138664314291,2.5988440981165097,-1.9656508614316341,2.8819722132931225
71,2.4112807126185,2.2935300989225333,2.2082665321491604,2.422925562885292,2.2952255700193898,2.2004861672575973,0.36283313654110483,3.56227185163487,3.4447944551507277,3.177474017716956,3.5611818208998343,3.443374265197108,3.1934476281962576,-1.4094203857813565,0.7622241999505242
72,4.471204244666413,4.367837985824163,3.783479942924103,4.472756524033915,4.365996989866239,3.7844545500341793,-0.3708447097535833,5.2093414745986015,5.343139079634927,4.49636752319035,5.209659003478464,5.338904270405702,4.49198234043172,-2.1014197981639735,1.0193664203600368
73,3.185624768578361,2.934291673192013,3.4436917126369835,3.1784596240579988,2.9170644372153345,3.435891125477218,-0.3484830610172539,3.2526805752350354,3.0100664693659693,3.2902180919145665,3.2556986929869898,3.0045058544118706,3.306318299946417,-1.2886845616567564,1.11663876423704
74,1.803965015776789,1.6784070430761269,1.612778142710035,1.8099180238803758,1.6789029635911517,1.632553062077861,1.295002527872876,2.6290470083239126,2.464047683237446,2.384199482074517,2.64668722470265,2.4874643470748743,2.344333874323593,-0.2958363674005585,0.7788492744204047
75,-0.2650353214763273,-0.807002374311833,-0.7679412060876708,-0.26686159310918195,-0.7830892676563437,-0.7466197198253393,2.932979541950376,0.488865885692304,-0.05511590204036191,-0.0569935717374206,0.49605243335415433,-0.03670366315258778,-0.04481768844750819,1.5708455509202346,1.1619649966107655
76,3.1690467312933834,2.80139182522659,2.510079074861017,3.177715397423899,2.8029944497716235,2.5118338978248427,0.5800291232029201,3.3492445162217033,2.9393926498118463,2.7921505011334107,3.351327970195045,2.9399039251763943,2.787131043131913,-0.7766103333531958,1.595483770209337
77,1.0464314327390793,0.8123767392186682,0.8312839843882682,1.0310395530652752,0.8047330777850175,0.8358341511406319,1.872062587134361,1.8162831041534548,1.6265806562891258,1.8768145469012598,1.8042229225363307,1.6267212763644388,1.8693430374610855,-0.16404035188406527,0.6857611739415748
78,1.272810902874165,1.408615604124157,1.343386275617521,1.2774989236506267,1.408418676382534,1.3491015799594814,1.1288125246049812,1.2239375192592856,1.379656482103043,1.343102078854577,1.2270467927284001,1.3647678217466042,1.3343944391619518,0.5722387606506718,-1.2969019646526403
79,3.6249305770940823,2.8531121032715885,2.623850774053437,3.6195000603034106,2.8556786545345956,2.6368875379609875,-0.021848386544648955,4.208928768911954,3.3584903802219723,3.0469805245716755,4.195899498758244,3.3739442838076354,3.0469139406112644,-0.9626583904698128,2.6474593680100686
80,3.420948005383943,2.8085588560319152,3.005737135217355,3.405093935851007,2.814525866765389,3.0197516913694167,0.22522390661390362,3.503248723331672,2.851905629774538,3.144124952851607,3.496761942527389,2.840587552489826,3.132898409316674,-0.3119294448345324,2.4361180686527906
81,4.234805523116234,4.261349368831068,4.069366165678616,4.225817880622491,4.253266004040094,4.071951460300206,-1.221697568133659,4.067098658571895,4.107411098858373,3.8750381982454045,4.0682373853914,4.122429536619917,3.879845689057466,-1.7275333603809737,1.1495275326693681
82,2.3672814455293154,2.243548490519225,2.2567627132317614,2.3727213482591387,2.23673906482816,2.2441366920912134,0.2341596888403727,2.614627114921348,2.4800559152056803,2.328462867720663,2.6065656667709582,2.4449551659805633,2.3117505293482017,-0.5086424596334562,0.768272784835961
83,4.518225050008265,4.3278301621229165,4.1065429282311205,4.49878924342021,4.329700942376551,4.102613329201003,-0.9520572264898493,4.422259173970285,4.220670077735358,3.8642923732455845,4.3979720036935745,4.21357810912324,3.850655919700221,-2.11169165739381,0.9968336959039084
84,2.0756163704307165,1.8312666929846446,1.8237861744081698,2.0457440116864154,1.807315384731095,1.8151585002002364,0.10462477229735836,2.1043426608991096,1.795001999707168,1.7334031935684797,2.0771809330620745,1.7632203099570176,1.7473495409778383,-0.6002665376524956,1.4068938064479373
85,1.3763213226894746,1.4633274257806135,1.3046248324596743,1.3582438608150114,1.4519883055245686,1.3084186649595306,0.48089801434674756,1.438905957549532,1.6209451719867998,1.5558356351982532,1.4356032153440395,1.6349320989927074,1.5569242575050246,-0.1958886753849207,0.052563639156493376
86,2.6703110292174985,2.6348611022257127,2.566924699672554,2.667697941501839,2.6242809888148395,2.5527576908513643,0.2690976060227101,2.9112615319185213,2.9494835057306985,2.95902755126239,2.9050575061554924,2.9668548817108946,2.9763694114532186,-0.8366435841588191,0.31176376374662246
87,1.4473332076284726,0.7945285533754758,0.7063839240320795,1.4524562961644039,0.782712385031966,0.7064901308022115,1.55945762515441,1.903830693612666,0.9671687100463399,1.01799866366133,1.9042709669139628,0.9596831259818592,0.9898685117795336,-0.10135912640089385,2.3979105788221458
88,1.9941272759315314,2.088752249289322,2.5042489584499856,1.9885683325685184,2.1026195492359734,2.528518782539799,0.20381944170932995,2.715343668772178,2.8535437995336066,3.2342382358796744,2.7142398868954754,2.8634483168883884,3.2191775295190497,-1.1513318626712044,-1.4543890894258562
89,3.215339149429743,3.282570117186791,3.086863664356889,3.2232138839764315,3.2908584393591016,3.0997966141211335,-0.681067342941272,3.000723162884935,3.050455708621478,3.0335049970318173,2.9908846022688587,3.0480027138016403,3.028151971480426,-1.3714323070213488,-0.04208640399283118
90,1.3254341481746206,1.1607075657248236,1.274991568040181,1.3147182792502696,1.1501143234532882,1.2595266593630259,1.3745412454812647,2.070238964888402,2.14237340184799,2.29838882245233,2.079530302900787,2.169407402470144,2.296973486178302,-0.39004293644148563,0.31274492437339585
91,1.3062705595269202,1.1581776249557816,1.2751134235978459,1.31557892063442,1.151190247848518,1.279842233078425,1.122139879745043,1.5813951157196504,1.3983123307822023,1.5521305297368357,1.5858551813892905,1.3642540151914149,1.52473539008847,-0.03363774137938413,1.1131929781008938
92,2.1555902773218256,2.2543216321993005,2.2885514162281906,2.1676384884392714,2.2584037231361167,2.2797454718397883,1.154036850961414,1.843939011038704,1.950486865602155,2.051415793361865,1.8439379174556205,1.9383884956674011,2.0409836217361277,0.6310318984055024,0.7066454929646094
93,3.0101150660438747,2.9217842466453274,2.980536612852886,3.0157816565200197,2.931874379481729,2.9839494350255125,-0.11747923306671426,3.5770104842247537,3.4844493293432692,3.547552877476634,3.573909166351667,3.4876755142406326,3.5619336692301795,-1.0771638122633704,1.3580479538827344
94,2.197052224489139,2.0081021877586718,1.9671010069187458,2.194173484067887,2.0015415486732198,1.9641244931327388,0.669858042453736,2.2898724666267127,1.8911001814358965,1.9465929909567334,2.2806602948341226,1.903529857296426,1.93514719953889,0.06382980510646194,0.9537199566931645
95,3.29598452217115,3.1596678627078925,3.372400737031817,3.305454059653613,3.1458885279060858,3.371046770797248,-0.6311995279014305,3.1798969513995052,2.992150241829363,2.706571472541457,3.1716913171602488,3.0143840968458226,2.7093602097049403,-1.569078963958374,0.7993806331424446
96,1.2145755134372092,0.89565940568137,0.9830071505030541,1.2262334798325063,0.9007101366626556,1.0000757368084177,0.812800948028427,1.709702871384853,1.3412739815487247,1.6425277921283445,1.6814761978669976,1.3523337396403938,1.6359271253827063,-0.2357074730613508,1.0752460199390286
97,4.685481877569746,4.13776267669356,4.238297662991679,4.68854329382266,4.136641571211208,4.226343959328677,-1.4872320515466213,5.297421618567936,4.7167332291119495,4.752525611183077,5.31999794260763,4.71474168253769,4.73942246848375,-2.891805003140101,3.1376174202929237
98,2.6790901151761437,2.8483872624912676,2.5082103454549385,2.692253099779546,2.8479918857184656,2.5163018606108656,-0.41263940902811946,2.6959241526515765,2.9177242579578353,2.8001891800014014,2.7048995454797544,2.916451946674985,2.7999719426346314,-1.4191650673436318,-0.9106037325569973
99,3.097003009778926,2.6640022336917646,3.211134031880756,3.084740485201177,2.664668061474869,3.2154679653156433,-0.4546932050005413,3.347033287687768,2.8719922902614217,3.3323829562585683,3.3575470631800486,2.8750305564434098,3.3183962966509313,-1.2101229191868046,2.455894226161573
100,3.03864216353637,2.935781366074074,3.376942786757593,3.0438849650727073,2.926778432251397,3.3796524071415144,-0.7510789868900388,3.9870589887652432,3.8982915371370126,4.583424180257242,4.001732560844133,3.8900312429595223,4.589878589738557,-2.2201977752051034,0.4711322586823448
101,3.1396934984244154,2.99997222207863,2.533172629856652,3.1373980907643575,3.009205824725784,2.5343635615235716,-0.8510910321427537,3.2519058161969725,3.0745635817660046,2.6532873011487763,3.250826343813561,3.0706508952814056,2.6444011677747077,-1.4721361918026419,2.1224788370662733
102,2.7058531204529435,2.449746405416887,1.966827954581921,2.7026480796827617,2.4489638486437224,1.969541405059259,-0.3442080642605764,3.0786342975360004,2.747831697536908,2.448033652005522,3.089385237684864,2.7295595785541678,2.4498004064768,-1.208367813266948,2.140085806689782
103,3.2683458903563,3.261915435189361,3.3779594678801894,3.280085783002833,3.249601371650078,3.3700151485296606,-0.6336593747298619,3.83593268368623,3.8305413485906996,4.204706660215799,3.8275768454630597,3.831604618599078,4.195269377865306,-1.7136828954258496,0.6262602808616857
104,3.0134859654357093,2.774929261431086,2.5754348432738587,3.0140061409921772,2.782214765014065,2.575535070983031,0.22722071001962474,4.004783378547961,3.7152172286374374,3.109687331525404,4.021119263076045,3.716119627524904,3.106642879685334,-2.3142894088430253,2.0767348796320486
105,2.883603019234685,2.7391882604782927,2.449565367155014,2.8823023135533066,2.7261405816510544,2.450946257810407,0.46161253958699633,3.253920351042482,3.2495330472738093,2.9434717414932425,3.262212710483642,3.2499444165393725,2.946644563573489,-0.7794855929632816,1.3824936546996487
106,0.8126450869939166,0.5851557093200159,0.6473672343272846,0.7994001863729525,0.5849737172177466,0.6647782467670416,1.6970249891465237,1.5355119483923494,1.2961361612701017,1.3201836730632035,1.4993886390153628,1.3214513280606193,1.3100881409972218,-0.025979931548151956,0.8742186505761809
107,3.3400369548321764,3.1380497008298915,2.8599987118882555,3.335347738043924,3.14231860899475,2.8612957125385052,-1.0097354062625021,3.6166926523553156,3.375743564129357,3.0515589311752667,3.624267045748091,3.3840373218690685,3.064465664681362,-1.7886809018551786,1.1404111460330826
108,1.265619572657811,1.1738642589357544,0.96656401665738,1.290876717378884,1.1665365516434552,0.9720027089182426,1.1378522844406813,1.262917218005732,1.2226436482754317,0.9794829173011311,1.2803364176488008,1.2574629494687186,0.9577557219495636,0.2989051366268723,0.8304705447618501
109,1.637175512509794,1.9306232341795442,1.773493814354698,1.644302809190525,1.9327377349875128,1.764624241075651,0.8109755057355047,2.467192569171823,2.8633023787982648,2.552874809624841,2.4714329799373913,2.851631781253193,2.5542221431478196,-0.46052324895503877,-0.02079782672211889
110,1.8085385046726228,2.086708091604218,1.7842404948081148,1.8366079065240166,2.0470604053318273,1.7886274454478626,1.1262021888232863,0.28151408388797206,0.7612298340006904,0.63989505649112,0.41293184106731495,0.7636148240657408,0.6824522046352997,0.6969624200734184,-0.9857665917147647
111,2.7660575109666756,2.741281885708154,3.036816917038341,2.766941550362517,2.7435053058470604,3.030445332699423,0.5880065317875989,2.7403645840170867,2.7421982789088095,2.8963515599262477,2.737481513338303,2.755357646299825,2.91351526340063,-0.7868405161492521,0.7587017664815725
112,2.883109619729376,2.65678568760352,2.1325973509796077,2.878193931730295,2.6631398237528687,2.1266258818385078,-0.1847586153626967,3.7691191455303374,3.573393190685188,2.591491854799663,3.7644910807050853,3.581622382718102,2.600616792295553,-1.9520496804143597,1.5830455876848284
113,3.2508144739940708,2.8173352030677132,2.7093570980217923,3.251931717200888,2.8180640894896456,2.7206234706762418,-0.30675345265305126,3.7886844336781964,3.3406739570636312,3.1823670314193264,3.770476816826136,3.3268015568035114,3.1756922741418268,-1.6095408099966333,2.109294360152891
114,4.170371979596961,3.8323826260186085,3.5353077606088834,4.171043816508787,3.8313665878519423,3.5342433769436385,-0.9997174685667494,4.643670423762236,4.2825018324352,4.100485728814668,4.643206444993783,4.281254508424973,4.110979882314308,-2.1805760738056357,1.6992855584706137
115,3.9526904672041923,3.9362725242649543,3.7425601185673836,3.952889621112827,3.9407125904120686,3.7395506775682366,-0.7999699521846827,4.152457796077147,4.145581524830621,3.9455802148299277,4.147631874216162,4.141587178485054,3.948680366274539,-1.892601003172216,0.9616487896750514
116,4.551737045595814,3.2560013338093308,2.7973686579486325,4.55470364686829,3.2504354429464657,2.784749318054973,-1.0051037083824366,5.2467771124629445,3.841848540260138,3.2303183115618297,5.245279324111855,3.8394375658195803,3.2311926992237887,-2.3690439551061564,4.478147508986223
117,2.8381199428429555,2.808636132858465,2.7303965599276205,2.8358931282763287,2.8212367189651335,2.7325893738168534,-0.02782912682481228,3.3653029621769788,3.3312020174064667,3.2414927062255345,3.3712200322960975,3.3212261038863424,3.2356861237108294,-1.1258328198515086,0.5528974363845073
118,-1.2529034209194847,-1.3061598113877657,-0.8816704110127908,-1.2347943702433741,-1.318697704440403,-0.9019412564729178,3.8873225883220184,-1.2300242680738835,-1.1229788448563383,-0.7618868137621766,-1.238168327366403,-1.1164988548595471,-0.7682242620241053,2.8663367991310027,-1.4555947728411638
119,3.269146786427468,3.0815497517440984,2.974699057869123,3.2600576659058365,3.0856821077102126,2.9783911460103125,-0.027847012519075492,3.6232986858609273,3.465449244322135,3.3902498646588164,3.6202767821415143,3.4671248689836585,3.3931061906978672,-0.9707432790786172,0.904200527669401
120,2.361704194412634,2.3576009945291414,3.242555242824593,2.3610169602009377,2.358597425364513,3.2415341797802033,0.33949161789651666,2.4619046722821034,2.4652196763608694,3.380593193942535,2.4608660586899416,2.469217883681909,3.3815951477109736,-0.4347691279523638,0.9113678077706279
121,0.15351644447698098,0.10930204428214275,0.11640135301740012,0.17996773463173701,0.07120779310022776,0.11066128698983076,2.7796745960217333,0.24705684114740395,0.2966638415094786,0.348252771394681,0.23626962398695336,0.2726043136882112,0.4034092933544223,1.303987326592663,-0.8271383543522555
122,2.1724111970399025,2.0326545091347743,1.8457231829954939,2.1686657230058457,2.030634141629232,1.8362946883031657,0.6845672446889735,1.271853090473206,0.9759453009894942,0.8735687813530411,1.267786205609702,0.9704412893395155,0.8660332886392285,0.6772271362661744,0.9432766289496806
123,2.564528503179027,1.9796232935822669,1.8639842354719818,2.562536467684718,1.9786111362075491,1.8569807439178085,-0.130985005702537,2.832294655996458,2.060158390568431,2.0410868712380217,2.8394076806070685,2.0735906093338037,2.0382023664006494,-0.9747302990650782,2.515176689538798
124,3.0267760497885683,2.36010136607535,2.012070421972813,3.019325194549176,2.3691820778093886,2.0067556710252616,-0.16061678183734096,3.900094970338687,3.420312700368783,2.8666744015782823,3.9054302637893343,3.415370092338263,2.8768034630711217,-1.7373302227681038,2.222913852793035
125,0.7176911280890095,0.037257655039525855,0.04137924534563315,0.7242679253516968,0.008286218012329866,0.023595385788155582,1.7921449056582877,1.7645201036631368,0.5345601470222333,0.5431313260974591,1.7787028531542732,0.5145300389333263,0.5805481949719526,-0.12448445471268504,1.920756393091047
126,2.5331998748996005,2.5830947377466345,2.687213424803892,2.5454098353610375,2.5916322213133314,2.6746301005281516,0.17423982927934023,2.3632112977786854,2.4735646205311057,2.4603813219078785,2.373850258716091,2.4728782145750494,2.4427963323859454,-0.3796385814747212,-0.45324060189582666
127,4.255783689356445,3.7560343435156924,3.7395186870525676,4.248376631777695,3.751811379270185,3.7401702602107925,-1.311103995790166,4.625421117336578,4.057678399957589,4.157584130356312,4.6247328143812,4.052974708970932,4.149900139500694,-2.5129503840200527,2.3789794708767937
128,2.5848560359835924,0.6818002328657086,0.6230194689202743,2.56997195004485,0.6682157507360134,0.622213883503152,0.07599481499627299,3.506756926354874,1.324878775045344,1.3084627507850597,3.550229265864,1.3219371497596537,1.3319239442620192,-1.3437924350289407,3.764481358908111
129,-0.7475112189354972,-0.7738106923141483,-0.6571789201872877,-0.7619413910695966,-0.7680403045039152,-0.6637964935693124,3.6379581664712406,0.4126066258561669,0.5927939608834246,0.5025460546913223,0.3946683370631051,0.6127922217606818,0.4467753624879913,1.235242459668916,-0.9284976823066571
130,2.4261468583105805,1.7224598944938936,1.623403268012464,2.4278013152759517,1.7207935781215737,1.6261700254697524,0.5187844824801251,2.2073727197005257,1.218359962441262,1.257702689763269,2.2016496358970046,1.2186059093734776,1.2660926964897854,-0.1621336808445366,2.5100378495710993
131,4.471039236962577,4.421141053613706,4.204851107433039,4.461761108095786,4.422602040969542,4.1989373296449894,-1.3178508749520417,4.772298291960872,4.743222999224924,4.369985316064934,4.771528946672627,4.740314434608792,4.370057950110161,-2.222819450188458,0.07616924458091748
132,1.0432422654861249,1.0629857812908272,0.9337874937708441,1.042708477071021,1.0709683201952136,0.9343242660225382,2.269738455837229,2.952356643627583,3.2066947152292604,3.1741479085880826,2.9461193824359557,3.203750450553073,3.1596729223456674,-0.7893458562956143,-0.7469206815571579
133,5.536721393342666,3.3412227234383347,3.195939585158078,5.545012629092425,3.3504396156738148,3.2000910312293214,-1.8418757252954898,6.034562465341471,3.59853705348512,3.5893052535180874,6.042389761037462,3.597249223517024,3.585821847667965,-2.78795383913719,5.816279193275799
134,2.923589095107011,1.700515917046826,1.905839163162174,2.9261076204033025,1.7194481209983934,1.9168879333759101,0.8603093315670077,4.251756104614095,2.834609834662296,3.066727252298204,4.250597784208891,2.8538661701729087,3.06614225107288,-1.3954709453619636,3.2481327870080396
135,1.803162330664735,1.4892875639971999,1.6945754916548734,1.7980596221769498,1.4747721121260735,1.6957584994239907,0.6239187329589775,2.5757801240848113,2.125017892111323,2.165597771586141,2.5741464952749533,2.1335102099809595,2.1463097387420316,-0.7250423542931013,1.400655952083631
136,2.570312341878115,2.5862659234193752,2.4729857322524413,2.5768782850045087,2.5980091272285515,2.4772585689888915,-0.08702612874041347,2.348600733530504,2.378173525550414,2.40066048241133,2.355479492591493,2.3716813089289412,2.3959658440990292,-0.8141999161598535,-1.0774729291014977
137,4.349486253205904,3.6360234740621267,3.79377047419588,4.343525834396641,3.625704810096751,3.796190442794889,-0.0634476028807703,4.660486567747249,3.8448039980400157,4.032509739106776,4.654137627043761,3.8478079463805126,4.031954358820334,-1.1557623079465948,2.377726820391846
138,3.3912699921705585,3.0238179475663043,2.728584477826165,3.3828593078330584,3.022905059318198,2.7305047949188523,-1.0608796450744158,3.7272802127808307,3.2863443891504205,3.032799416751074,3.7224766745598776,3.288706530078404,3.051739400460173,-1.8914578030559757,2.3822362397666828
139,3.2668668133826677,3.136656906869007,2.8433411354400477,3.269470698404742,3.147161623366244,2.839432087200969,-1.2788683183559217,3.5025348368377407,3.3538794296786096,2.9481575167462863,3.5223160520360284,3.3327634641424,2.9534093168421265,-2.0687433074951174,0.8214103410831403
140,1.62162876959707,1.712051068610013,1.8609238682237077,1.602326600096574,1.7135846168612638,1.8557370572040037,0.93110802870337,2.3379893116952717,2.473033837586699,2.4713386545957112,2.3409791749142967,2.4510481649712355,2.4156810576934786,-0.4138561895395478,-2.182247966806872
141,2.0701278802717793,2.1052614112868824,2.553994519292524,2.071708794903938,2.1127267601409856,2.5591509840148112,0.3786433582318308,2.634344151007871,2.6766996015735907,3.224227821098162,2.633792386847192,2.6780604263441417,3.235954782270549,-0.7785687244614913,0.026707946299572047
142,4.408511797275468,3.74115261932036,3.9644280876273337,4.410241822297858,3.731550054767806,3.972980191377995,-1.976830707752741,4.75033883418344,3.955531364718503,4.506660303622463,4.749716348683197,3.9440613697090217,4.52550129545093,-2.9043699703346095,3.4843045876659113
143,1.3580779048972291,1.3240823100722128,1.190314287906966,1.3653214902730302,1.3213174508537728,1.1764922099450454,0.8085507157751742,1.0539371671936777,1.0158766137138393,0.8360321096063126,1.0301174447726864,1.0223002381999884,0.8321045895286925,0.4379453239405842,0.49850052409808343
144,4.273499651213307,2.260807947198896,2.2058181568690354,4.274007759981931,2.2611382721428033,2.2022367424881852,-1.0343125095849885,5.125204959445082,3.0112938351444156,2.946904570325722,5.128862653586668,3.024657047868195,2.958839080938639,-2.13496888991625,5.040666062063981
145,3.920533462619293,3.909154961184763,3.5986792790870634,3.9174094627670213,3.9079883140399487,3.602457129228803,-0.9479762925328299,4.412315376300494,4.415373358744373,4.253169907266728,4.419560796250185,4.417691864531314,4.2720316645825305,-2.3491659057603727,1.523978474709155
146,2.4128288847483077,2.2797061944580963,2.347320988651161,2.414511789459653,2.2800587634534066,2.353313002060219,-0.3034195773072698,2.810367250155443,2.7295020688693663,2.891409713114925,2.812357134940875,2.7505457925561774,2.897098660418133,-1.481026520126216,0.13959239071313584
147,3.312562255789993,2.657942651570399,2.597216027271823,3.315062861384686,2.6644030996287693,2.6018110930823197,-0.2438300224304129,3.7748331397211654,3.139997906911773,3.171115692701426,3.7640735147839024,3.141073238972402,3.177714872656531,-1.33872890538444,2.4874665334470403
148,3.1535777954141864,2.9870391059829053,2.974510156310964,3.164843133588161,3.0169562708823707,2.9799861321399943,0.08862056886515644,3.209193886512161,3.0238495127637783,3.009531060725564,3.2095578806235854,3.0371750176020704,2.9855762507535575,-0.5294528371838431,1.556685334852816
149,2.3274027993226762,1.1537010217142745,1.0628508167259954,2.333586623504574,1.1411105530045007,1.0659841682626505,1.3066805666877126,3.0305611800693177,1.5463880732698054,1.4301411387053369,3.040959346124462,1.5399686729034527,1.4265660949682404,-0.5513658940873326,2.7824999148679637
150,3.0778046248187207,2.3118021705813403,2.4272532063930776,3.075627925119944,2.302995749092076,2.4091837215365013,0.021327644492283276,3.150161861687286,2.2797358064443354,2.368842749402514,3.1529900126151547,2.2786483307439824,2.3633254004030886,-0.5868701934730054,2.2122431966827256
151,3.74659779185483,2.0410129677034026,1.891463519181986,3.739000699910595,2.0238525486635806,1.8900429530349745,0.20559490716782633,4.646733339832805,2.587112692701746,2.590064668894705,4.64494923159599,2.5743618030868176,2.5905789118810048,-1.9089853176750102,4.568998125297107
152,2.2217502496497135,2.3664317283281275,2.2884939225489545,2.2301846590888545,2.372731576543362,2.2847104210905327,0.9250662547202917,2.2754902437041444,2.5655705936661826,2.301996542025831,2.250858925976713,2.558251639826196,2.315499240577117,-0.6910945383431263,-0.07203420410891331
153,0.19196548649712303,0.22967127098687143,0.25976295611253997,0.19704373053586838,0.2602861897030376,0.2349155737602395,2.2783109521514544,0.3714362947106749,0.46734650270244366,0.5356981024005251,0.39284709680162716,0.5451417089256184,0.5298562092497506,0.6934686162294793,-1.0262473748901138
154,4.074650521211645,3.410197067690601,3.8476503394663375,4.067479311169211,3.400311880021273,3.8685187131376115,-1.520898483129842,4.304993023875872,3.6583995818513735,3.606290515346198,4.304832655779571,3.6739801006236794,3.6057412259391803,-2.666690555300096,3.276168416739395
155,5.784398376600586,2.9818680193103058,2.9954210022425807,5.7814181800033495,2.9837749306480736,2.992434227117002,-1.6511134118204978,6.3743474594849605,3.487658860170177,3.372266848422161,6.372475943275607,3.491777433540307,3.3641853829254615,-2.932058742187444,6.848436357952995
156,2.9628160689865948,2.878900821241484,3.0226968510195884,2.9478780044465993,2.8881645811226777,3.0267468208463213,-0.17696352029416082,2.9700024593533403,2.943461933162955,3.3355972606001276,2.978132334338556,2.9590645690375648,3.318238922242704,-0.8554617954030024,0.4013900376723984
157,1.6295916869289175,1.7350216063376156,1.352054648377596,1.6274016375815334,1.7551795113676807,1.3508114101804969,0.7394601209431101,1.8124032903040566,1.9430413026061326,1.612327174827,1.8130170267261663,1.9437800005342554,1.6126876322461696,-0.06854191696528034,-0.4837943293848439
158,0.7587327606207851,-0.015014330860803003,-0.013455869526216697,0.7797198851375378,0.02198440373554174,0.003741027975137952,1.1736030466343967,1.119415636732029,0.1404422437695649,0.1394749832451733,1.0817794686557205,0.19598989707818557,0.17627799723853269,0.13267381085483632,2.433821275570973
159,2.8411089156237033,2.897255642860097,2.5993166142869004,2.8420715866782267,2.9078305514516782,2.5970919948880913,0.1650619917135293,2.8780193632521973,3.09553081141977,3.009463549218733,2.87965246543409,3.0817535120178867,3.012893533485301,-0.8104880912299909,0.5406677873983734
160,3.1655890547163072,3.2562703458747335,2.967727562709399,3.178638576595355,3.2520747578530345,2.9719736295239185,-0.28476678370835234,3.7038009004182815,3.831174716517826,3.415255762269851,3.703360718597973,3.8398477672809843,3.4025617517153193,-1.3138698869578858,-1.4814530813712574
161,3.424279986594791,2.1355786861463875,1.8908964128496462,3.426854051628909,2.1357197160432007,1.8881120702731884,-0.5096895561795656,4.3522047058876945,2.852145890964218,2.542117230959309,4.348414878264453,2.8554938900611613,2.5342090344334918,-1.912956216314944,4.466038571245204
162,3.2470631277263546,3.2766138569612835,2.9683749406126436,3.248559261798866,3.2967608862641047,2.965105830384417,-0.5223695047677144,3.5475609097250387,3.594557809419054,3.5300346376898415,3.560597300071612,3.5716252661934624,3.5465954389663414,-1.4400939630348362,-0.6533759087278698
163,0.7078567159797815,0.43770836048597983,0.46213263336683497,0.6945908557856568,0.42335648793442954,0.4617511863121945,2.0547338649433917,1.848965924157737,1.4700822560091,1.4743128666313232,1.84633212459118,1.4936839410558498,1.4592364260630344,0.05232254140629347,1.355091246974888
164,3.7332902808517527,3.7543703207486,3.56863603821339,3.7382686749953984,3.760172296156904,3.5625968394222745,-1.1785209858753154,4.285080165533949,4.313474830781751,4.097016791693294,4.277084023000292,4.3134467516558885,4.0957004727382165,-2.290778762027392,0.0986981448486281
165,1.5081852832111293,1.616185469668296,1.7717430734754305,1.5099315915790557,1.6114730592397486,1.7564153216984812,0.38745945357565775,2.113929070080404,2.275109129852549,2.5157833413244255,2.1035080787899543,2.2681267162512975,2.4988710895945747,-0.8872802228007654,-1.5965010194047784
166,0.41951140135963827,0.12873231105746272,0.10194248189514325,0.4310667862953036,0.11380037535419592,0.09447466430711458,2.1997943851590147,1.7554615313664956,1.3540348372108149,1.265865642669236,1.7385918656939814,1.3465272585241899,1.298317751703414,0.3921548354255454,1.4731903309258005
167,3.2027597632440203,3.213630921693215,3.3295440930067266,3.186799751591054,3.214383471784876,3.3307057957918516,-0.6893072469750817,3.042238639404181,2.999132959997539,3.037998318378463,3.0545908228691947,2.9874234477513544,3.0598881818949883,-1.7575733166125644,0.7056809801449994
168,1.8955695596922606,1.7430880319070685,1.7020395730856555,1.892167990756376,1.731799398490539,1.6950601227639905,1.13743222250184,2.4312985368042326,2.2791271093951257,2.1213066155487708,2.427525003299333,2.2772757237142915,2.1194074383123995,-0.5895850654863144,0.643849680760375
169,1.0481335082529444,0.9926447542549841,0.9404678950265474,1.0541151752485538,1.0057784636438776,0.9281776720182299,1.10262852053729,2.028937515246837,1.9581644377910654,1.8852613313437756,2.0549067299772963,1.9797529317992024,1.845920662475453,-0.37839915926819256,0.4289749890152437
170,4.631136525305009,2.98837247729778,3.1222678414511726,4.62896191850827,2.984799509277479,3.1218949682977697,-0.7473375800931179,5.6908498206495635,3.8007897808372073,3.9352934988555015,5.680132003774977,3.803040615964652,3.9342280967723324,-2.8718237921423606,4.157637491577414
171,2.9437800959532052,3.258967580224788,3.0085913404387523,2.9490108628954577,3.245987351319068,3.00560574222009,-0.49742084832451194,3.624253352086924,4.101196902260015,3.724001586431076,3.628689353631265,4.089501047799531,3.715394691383084,-2.1449715447041213,-0.04458357461333684
172,2.576225708881288,2.8859666995484057,2.527537645734601,2.5770472997537617,2.893451425631896,2.533893657622406,0.10775472531081716,2.6047579759645,3.390032079888362,3.050729378737949,2.615296108428449,3.3718791242755426,3.0592563986648575,-0.9600214557712872,-0.2659856075025859
173,1.7710496691240774,1.8519848622127366,1.4391475958978668,1.774256633962059,1.870842836624017,1.4375758898557371,0.12131315770682312,2.2828317230945263,2.420087616398612,2.056931607921528,2.2939233755614628,2.4285336892619696,2.062958482550228,-1.1040503485811954,-0.7716261841459666
174,2.604388717119321,2.728520921997251,2.5086251483783393,2.6125987440386615,2.7144261905796307,2.509119528488476,-0.11809343212872392,2.5009398386371773,2.645813189438344,2.7129151349190437,2.4950748931384843,2.645545619111052,2.678699175362327,-0.7577862248110572,-0.8750313093341499
175,3.0381265522769922,1.8687587411599718,1.8855190414493501,3.0398572426360664,1.8635945721763352,1.8892740449782754,-0.6920323848204846,3.724156873055717,2.376197775292393,2.375839152019641,3.734636965841039,2.3531295310393796,2.3731868177618582,-2.1166491952023594,2.957217301059803
176,2.828678504874017,2.1676381937960536,2.4522930426384213,2.851438814687147,2.1658596241617145,2.4470443868716045,-0.47909392274982354,3.0009215183954527,2.2267189344055613,2.5518631877416467,2.9967967371330575,2.2319346140349205,2.5419126311383353,-1.4579782103305878,3.1003081438349174
177,4.303163335120954,4.377556540815065,3.9444445650490225,4.300227690787856,4.371450142232461,3.944587263729402,-0.9357601124014621,4.907217502627995,5.116808775191029,5.060996051180501,4.915580326352709,5.102039534693639,5.058248356778483,-2.641398041043134,0.44392330128615154
178,2.3798812944678067,2.397955135938621,2.1329104771575156,2.3755112733562056,2.3939299584600477,2.1309043396023237,-0.5118460754163477,2.6966125360550492,2.73334536618844,2.394867596573176,2.7090425063308134,2.7536981592695273,2.388678609444589,-1.5514740526405115,-1.0885157982428
179,2.108771078150102,2.1349474761212175,2.3249629177449003,2.1276241868626395,2.149629894519032,2.324475418538735,0.31370177774725777,2.165164830097243,2.1876894371042934,2.6790483565767307,2.1812082127831425,2.1846093923746848,2.668936763631288,-0.9092519831201773,-0.4009285654772552
180,0.8070523096431395,0.9422513509033449,0.8129960609690059,0.8265511956444253,0.9589615805648972,0.7758104487615606,1.6203934556563424,0.8314147985405965,1.0907889213158484,0.9507368722697247,0.8504677451935706,1.0923767620160179,0.9560372850869485,0.1083268272461688,-0.8171801972208518
181,2.1236039961367053,1.9448625124824714,1.7904748979601741,2.112052384731622,1.9351914524531553,1.7900773452953684,0.6191479016220895,2.2176598433500123,2.0098422655034343,1.8426512908333053,2.1973235007898984,2.000149873580774,1.852895418436501,-0.3729306604198605,1.1133696538866602
182,3.0545830980707285,3.1285858673077973,3.3972092408453816,3.059967193809417,3.1282895896795964,3.395984989923519,-0.7157145936281815,3.8125916236005413,3.9154460270868507,3.8897460926182976,3.8067418464465246,3.92654811419238,3.8812518828027667,-2.1984331854888386,-1.5719579078999597
183,4.222332560804097,4.5318873807819875,3.543571603496404,4.229009533734428,4.5326052660437055,3.547760037984119,0.059070370091112025,3.8400533830126053,4.237522354062633,3.4370987186288344,3.83388090410868,4.241931190422831,3.4342234423647704,-0.3115661653307658,-1.000348594393497
184,2.1038453407091477,1.8593398639772285,2.03750652812781,2.097871081476307,1.860054003858814,2.0411074047208784,0.6889356096003987,2.318150068770105,2.0908583452978373,1.8523435408370963,2.281853179885991,2.11455957495211,1.8197243171247464,-0.7298425456630319,1.0176460627742163
185,2.682141631994678,2.691600352050862,3.095283006052672,2.674495467927749,2.709971236820137,3.09298921649277,-0.6626799804276052,3.0117324153735465,3.0486421833748363,3.081469624363348,3.0299709481878883,3.028245939219605,3.0910562672407726,-1.7889787560765333,-0.003704206320367782
186,2.4891553582786723,2.1948831101277473,2.142531709395414,2.5119561488642654,2.1942197065068116,2.1453878374159947,0.38334103727472796,2.317880803800046,1.9853178446911222,2.125739268652934,2.3065272438126456,1.9778506136834042,2.1293824433442983,-0.43494761491280737,1.2691852463403133
187,2.424643353454402,1.829956425526116,1.7316117834213,2.423162813662103,1.8294531381230021,1.7418334200493075,0.5284394652946679,3.4197479650442433,2.7550569574890558,2.5067280862794643,3.399661964282995,2.7709807440735874,2.5068964233932687,-1.4591650148456632,2.2351784938394594
188,4.354054239829307,4.086907028420882,3.3849823711067204,4.362338291753091,4.081773467587436,3.3903715917877517,-0.9208215001973623,4.558850208980826,4.282079105134193,3.545867413880013,4.557509057234078,4.289082475610019,3.5555089605332597,-1.7103932772220143,1.1829994224121945
189,1.2674004785182336,0.841943781799978,0.7794810300210406,1.2591901753532184,0.8366902205359218,0.7746146365693789,2.0190423291033475,1.7636269781335476,1.333807019162884,1.217864047260736,1.7564867249055227,1.3404745846597732,1.2148933838230955,0.7919470072874684,1.3584577939015445
190,2.243494471460028,2.0877189695128493,2.0320294084982873,2.230440943674547,2.095326974362117,2.0341022392120225,0.3354860031165896,2.402447619040018,2.149351467834517,2.034480489044705,2.403252429157613,2.1457751716102824,1.954343977426524,-0.865422641451527,1.3974589296026187
191,3.1835254067902845,3.217795446358231,3.1560406033342323,3.2013654619713043,3.216864870949664,3.1691477412841302,0.3231884532483997,3.585438653409967,3.6209267672604786,3.3260337880002733,3.588609570550461,3.614226695526045,3.3408047517461728,-0.7282580488122586,-0.5197897594797366
192,2.8966955067184528,3.020332212890311,2.5150753266534713,2.88309721107973,3.021916768725551,2.510815433523115,-0.5897709050288749,2.9461552600260568,3.1347159361230315,2.800378984812861,2.946186549831021,3.1480700120944793,2.8048407200017933,-1.310019931595241,-2.609723967768868
193,3.1269804772319136,2.1202439368321375,2.286236384469752,3.131708494819815,2.1298266349621118,2.295105753676636,0.17630149327604855,3.3445710645006415,2.0669139142908786,2.281116393498886,3.344185729748111,2.080967906494313,2.270456232426743,-1.247085971383684,2.818604504980162
194,0.9896460366097342,0.7290761160714585,0.7367667925212196,0.9658524574901214,0.7363718283966407,0.7486105985210246,1.211500719854537,1.3417593938587586,1.0438925381517674,1.1042771149138397,1.3684903048295523,1.0528104382000085,1.1007305160365863,0.12643721021049137,0.8369956269897696
195,2.2984676507340733,2.0789729577261054,1.9812824179523079,2.278980803695931,2.0833126261851036,1.9831003248534087,0.06037301208047413,1.8020167904116722,1.550479796622959,1.6363691171248675,1.7884603326038313,1.520785297455796,1.6596102179725127,-0.5650639759174433,1.72010451777257
196,2.139008008931068,1.9653526596046385,1.7526850643684666,2.1483958182513563,1.9593563028368006,1.7309144650955257,1.0175583856433734,2.28457793685111,2.1405410137414194,1.9102788949708827,2.269501821100334,2.142428668259977,1.918857703673318,-0.3353187187654646,0.6358742964257169
197,2.570941216413989,2.011342994665854,1.993100840521511,2.571017197032177,2.02066646465699,1.9942071402851074,-0.028652663473627705,3.2364464946792992,2.6600740404498993,2.660474180883415,3.2343863772657513,2.668227779073627,2.664207355927441,-1.5413683165681045,2.6839215442839737
198,0.942226907641062,0.7826483863485266,0.8069023845427601,0.9390299758458646,0.776926763874275,0.7932640513729379,1.2508877471907343,1.3478621545537617,1.1468600693264004,1.138145199869508,1.3509363938041272,1.1439917238521269,1.1225249688659662,-0.12300099852152084,0.9912256504283682
199,0.44677761220700124,0.39076729232659846,0.4111022262514568,0.436976398090317,0.39181208464176764,0.40823810858388576,2.2786675389439597,0.9503660907459733,0.9399287545142115,0.9247919339816726,0.960994820882849,0.9207995049435393,0.9175869428101466,1.1142221127420284,-0.5949221688599421
200,1.0767157820684758,0.4204727999631951,0.3878390291140601,1.078644317409523,0.4350610161174978,0.3957812276998542,2.2141115844385517,1.086951588174184,0.4247143516814254,0.40004046099163854,1.0834030107467285,0.4586127538091856,0.40442257495773626,1.1621597176167604,1.2703331148012877
201,3.5734179534119717,3.008851935109734,2.5894868252212944,3.5788070441377444,3.0170290512822286,2.589965013136696,-0.6041731114147831,3.733936698051207,3.0936679794491293,2.7358764320614615,3.7431592732177097,3.0954584605048,2.741117084947143,-1.5493502324050152,2.4705080296413167
202,2.6601632175657355,2.514771446230721,2.5377246335235415,2.6667752174035937,2.5100772863847847,2.5326494785935627,0.23606343524313772,3.263862427317074,3.007312198767513,2.8673140589545607,3.269461694464438,2.9993353716844293,2.873265199354679,-1.2445328818011372,0.9530754551377071
203,2.163007124601773,2.034640872651613,2.200028616325259,2.167774129555455,2.0364408491640846,2.1951736707051572,0.07505003803787348,2.65684985158833,2.4860261558059356,2.9353514978488073,2.6679622497568194,2.475455140664531,2.949829417233499,-0.9957388296014548,0.6067987814795013
204,3.5654593567675663,3.110024154630406,3.013644337251927,3.560787737172139,3.1044540757805867,3.0165348748551506,0.9077113472698344,3.672062379440563,3.2015722508700866,3.105017820760939,3.6725320524761766,3.1846169450021717,3.1048105476222685,0.24032657609602032,2.2574431892568176
205,2.4036668075276793,2.274022509758773,1.8656240647515487,2.4363589538264145,2.2618151457730287,1.9023980871808575,0.04515981952307915,2.442403245833832,2.3023353409760343,1.9404115769955237,2.444090411123463,2.303637410478789,1.9685747218398533,-0.9190636563685296,1.244932642866455
206,2.1206756110561567,1.6469426308456452,1.6937981652126228,2.130793302704703,1.6480407873312577,1.6848166263570297,0.5725796654460289,2.3865663455579407,1.717292610224682,2.0760189722816618,2.3878804086859677,1.7286050030097122,2.0668487047696775,-0.6787404111509918,2.296385572481519
207,1.196219981120834,1.2007954907025835,1.0321800844682498,1.192987647401461,1.218536644184178,1.0402077551654223,1.844370638466985,2.563862652841448,2.6975662942846372,2.569249357692215,2.5546843346110353,2.6779558151895184,2.4633306441624248,-0.4442440814355587,0.1894669616144844
208,2.5173434571806235,2.3553510861905615,2.3031948291328157,2.513802966873536,2.3418332151921257,2.298217087231681,-0.35106235402898006,2.784281040201264,2.567969240905477,2.6044419777598016,2.775146405632821,2.5629184261387525,2.6042510324249206,-1.1890496639418648,1.2803532626586074
209,2.308448693731307,2.1612735980388265,2.108212448482736,2.308060828405703,2.165264440929487,2.1115166758368535,0.514223563356542,2.4392847257443053,2.2882532213257636,2.1612897967971945,2.437770732515845,2.270724897335941,2.132896913552981,-0.39467968297277145,1.079257453514611
210,0.28583513232683366,0.19490383325289998,0.27498703673346775,0.2997047378204142,0.21930582982116195,0.3035400312924869,2.260998810382256,0.42654965350708635,0.29517255562149375,0.34609985144271965,0.4345527153841065,0.326685500412345,0.37373619863134766,0.9811445878435436,0.4534500782889729
211,2.9758931002893294,2.866155975668074,2.2001837197838996,2.982143080213198,2.8629413132693795,2.1991469353162088,-0.425039752890179,3.264234387732735,3.1452396712962307,2.541174641014733,3.252564359248489,3.145873723808289,2.539437300491193,-1.3420495284601888,1.6878247010663754
212,2.236069634772055,2.60886895676128,2.420091447656197,2.226333606485103,2.616690249429991,2.408968547139228,0.24197962350259924,3.1027569440817446,3.5705475980814487,3.295252279238645,3.0947654486716574,3.557455146925036,3.28736433872077,-1.5913281769200822,-1.3290995214599792
213,2.5726064477659887,2.580715929886599,3.0042093979239297,2.5766171614074143,2.555166523554004,3.004393476781476,-0.10385790082538265,2.79927995543958,2.809324968430253,3.1152143027266366,2.788804418864688,2.8135659923538787,3.134646425610401,-1.1725248314862156,0.21809205688026137
214,1.6478378405250989,0.42490691626889415,0.4630657080835568,1.661928837033257,0.4283628873115181,0.45914828481638315,1.179181832304865,2.3683126156997782,0.7953076634726842,0.8829328603087332,2.3684136845518595,0.7547856290879272,0.8921339973436513,-0.16044319449144576,2.817891981426876
215,4.096793276043167,4.205158160536646,3.725997676393982,4.09788248553284,4.191449491793263,3.722964918939145,-1.3885431186932593,4.088677517139068,4.166643463223643,3.7410510589718813,4.091112339066703,4.166960995438229,3.736286465536511,-2.1129979295610837,0.8774833188532656
216,2.0945743512787254,1.0969951028970966,1.159864235771897,2.0894045667477865,1.1060814914692993,1.1602031991900053,0.6981596985148937,2.5103487236713637,1.0755510471123153,1.086227612732716,2.496953744489558,1.0457815458915374,1.0855329985885485,-0.48509140523893085,3.2760122678049264
217,1.9652843912522082,1.5001376987580826,1.60425460439809,1.9791850118389136,1.520406598476796,1.6039289914173938,0.28405928968669425,3.0725371582578016,2.5587138261128715,2.359696307220213,3.0664281560458893,2.5534535692779503,2.3553781734030883,-1.8062609035757802,2.610202419736605
218,0.7074386393344201,0.5618830468985782,0.5085408084665906,0.7148135612325396,0.554991999725094,0.5261959866164825,1.049617545590056,0.3892348459216378,-0.04018097919881517,-0.03385668154199323,0.3750347592539755,-0.06321371193444666,0.00843124298490375,0.7884612810440962,0.7500902451016769
219,1.299471488829693,1.2412184262420947,1.2144920403984127,1.3103199074153353,1.2648513205136942,1.2408642673779449,1.3267580232523866,2.008463252019661,2.1313406684774847,2.139047562814562,2.019703102277633,2.1163949027908564,2.1149923800224313,-0.1815829198296924,-0.14018030228703254
220,0.7197743129634995,0.7639984029943168,0.7414610620655905,0.693318281826335,0.7752218165889426,0.7914932249103682,1.5761292915446397,1.7596407106128853,1.8729840140127028,1.9159734935138364,1.7729230227733352,1.850881123265147,1.9509941031973852,-0.1705601179449942,-0.32586551154704235
221,2.6319376441110194,2.881326239697035,2.509162538322175,2.6384911609761525,2.892273484979066,2.5180855757984606,-0.4919072681595748,2.5950623156235544,2.8520974679259385,2.5264331501881436,2.5932862393652005,2.8636264948533743,2.5251086915663215,-1.4611023489489787,-1.1531589603244783
222,-0.938218185101334,-0.960781168490062,-0.7618690660661889,-0.935841475612375,-0.9620306586048862,-0.7536844479179827,2.7305097479311073,-0.2751741131620355,-0.21931443306090095,-0.17925476638953278,-0.2761839928031859,-0.23504267091873682,-0.16866696840066783,1.6003647544282138,-1.0576621146859415
223,3.5789267860183465,3.479170601233135,3.118404575992874,3.580187656569866,3.4763612700268154,3.107983798756093,-0.9683204527942513,3.8599055939721545,3.7556539743965978,3.445357501547056,3.856519462502985,3.757563704927534,3.4460763432027566,-2.344359533961791,2.0020534866387774
224,0.9602633546360746,0.7888627601104568,0.6826526120941266,0.9624232272689944,0.7920497843345431,0.6894853219904165,3.3703373839259703,1.8350637720185732,2.220869704658222,2.5757354134954187,1.8254947254689329,2.220803260312211,2.582462232686231,0.7967484400381538,0.15745829825150462
225,2.0871990411601797,2.0523579713660904,2.165461758684109,2.0999061394311522,2.0698533829171644,2.154094235220059,0.4725624312733468,2.403542818698521,2.3476596984373157,2.3758168183230755,2.3902596236899614,2.361075176523478,2.3664128949529895,-0.9372911699166667,0.24751276417636667
226,-1.8431794552389642,-1.844199660539167,-2.105595366413462,-1.8259548623141324,-1.841177902212812,-2.1043268142971185,3.774578690764176,-1.3798555866001534,-1.4034153629759627,-1.7343737137586739,-1.3684988401420382,-1.3846458244585393,-1.7577997067438234,2.253753767438443,-0.43474504953477683
227,1.330667701516167,1.2833983023118145,1.5409004613588737,1.346604651171819,1.2875944215301123,1.5521182898322958,1.6014145348826556,0.3456141979666787,0.2760271423439071,0.31192683296445406,0.3239556465631651,0.313053262379691,0.3529293948952496,1.2340812320806527,-0.10280526715194216
228,2.738612170291993,2.19314852998771,2.3495129965040555,2.738781350042791,2.1897390412340685,2.3534565293701877,1.1365881066066807,3.523052169873085,2.9433426798529534,3.2284018612896173,3.5192530839027234,2.943391303758277,3.2131232960323093,-0.49166869386446654,2.0360848103486955
229,2.9639278304371977,2.485117387905838,2.6348694617208226,2.955251932360491,2.4849011589761445,2.6146947222602845,-0.01944633253878001,3.443763439437177,2.910662624540699,3.150281073588333,3.444831208416687,2.9086580986627033,3.160137149788844,-0.8641051795763864,1.9852396593771067
230,2.4053433365867756,2.7092233721841867,2.5854939843679112,2.3960740637250804,2.703735129098365,2.589508360915593,0.4384181170047121,2.334403883744476,2.775350793552652,2.5070926035263645,2.3360127836092928,2.781427264089651,2.5059957128584713,-0.20813672189926632,-1.3633087963122732
231,2.9867425686887277,3.021348045788193,3.183251703719188,2.9927624814424005,3.010900412590979,3.2212884358279124,0.12528233483832213,3.7423952898921122,3.7467206509234696,4.1312231150854375,3.7357670321140617,3.7477649320640363,4.136995679222573,-1.3760150553761394,0.10651933157654085
232,0.7257346753025384,0.660348197064475,0.724488641124033,0.7544543756593929,0.6616340099058142,0.7170042338560446,1.3117288555822473,1.3989889917501988,1.3768925261714238,1.4140093410108159,1.3973374533429277,1.3344688358532306,1.405439245846207,-0.21686476266449017,0.3998832178464447
233,1.841040016255771,1.6458834578366712,1.9027581097651545,1.8378692333375757,1.6473569837298927,1.908155252549041,0.5464353776203231,2.355204802077262,2.2503881232037686,2.7472653382694268,2.3447246844769833,2.242239432475011,2.762605498718778,-0.48631342710483605,0.7956400243172508
234,3.2838543149739996,2.519515596784188,2.23305797340714,3.26024538737621,2.5381370133684418,2.231978125640259,-0.3571943978818522,2.687786448153651,1.8608111019855735,1.7878723700366461,2.677196840339242,1.8762054601886424,1.7959788123455673,-0.09049753247911733,2.3902650849809466
235,2.0284511682953434,2.073586005243941,1.9229126837696546,2.028823086707069,2.0713008817482423,1.9166249608108603,0.48589074347990585,2.299324857085178,2.3622510881189527,2.343964907630183,2.3066129090373355,2.345627510090685,2.354649384766088,-0.55047256930527,-0.4603182819567761
236,1.5962995059671716,1.2703421151560443,1.341925804871846,1.6048357445134043,1.2575308744231875,1.3418839560967557,0.33583332610249617,1.855613555475829,1.467354620409397,1.4644272034948072,1.8636817899246545,1.4912973450790408,1.480934226311514,-0.5858337440263301,1.762563571827473
237,3.406990041933341,3.620097071289698,3.2820932332271284,3.4015816850187917,3.6145713918126896,3.268696419916611,-0.7471263378262186,3.6958756867765703,4.077965561639024,3.6965623042467852,3.6870830350666544,4.097694595183772,3.7060004188980415,-2.0517862047674114,-0.7371118719881309
238,4.784974627274051,3.9012195813119126,3.514672495862495,4.79018654897343,3.8977788589456357,3.519306807679096,-1.208173391108292,5.577496054496305,4.545064315511412,3.95617163243152,5.58137935259044,4.552063809125799,3.962903723501066,-2.664151021216514,3.401830950691736
239,3.2458804833007524,3.363778428175152,2.5854093833848806,3.235277469201308,3.3567804439619917,2.59011707521015,-1.7825257876785945,3.5537946957077815,3.68913802459273,2.930189948985685,3.55090668787669,3.6694692909554587,2.9339669655083083,-2.5083519009626225,-2.845747116115786
240,1.5391921610240842,0.7740315276942414,0.8225126519875441,1.5247749313843122,0.75402648090447,0.8278648562975466,1.3603706432923477,1.5601946587525295,0.36734533768103617,0.3794277591790569,1.5852521995734288,0.2952953039043725,0.424340402533285,-0.034572976954559416,2.4116320864607363
241,4.493243688644012,4.307851989658363,4.279441063731551,4.499757688346783,4.288624762262061,4.284023296618134,-0.6992109708275742,5.027382803866739,4.862993041850688,5.046971927840775,5.0534143490497305,4.8713158532846945,5.050136108016026,-2.0119499170780775,1.5753021407746384
242,2.332991389196318,2.4361841397479043,2.306805202770051,2.327279897904992,2.457682445141722,2.310206207207633,0.20985664517464855,1.683260728966415,1.8318696026614338,1.8664918260284884,1.6819675594953152,1.8285674340805598,1.868810768673376,-0.23202983628154805,-1.8119995203464274
243,-1.6168983945127693,-1.8399279138391371,-1.622925999443902,-1.6188339895535446,-1.8220293992082315,-1.6204864884278718,3.249557956458719,-0.9953500043405016,-1.5032009205820587,-1.3921532908754246,-0.9978963316995714,-1.5117852806960075,-1.400676545517246,1.844591857537936,0.8594427646277442
244,3.3220900041082393,2.973496924069621,2.2651111965805057,3.318974393904795,2.9707839430584144,2.26701469312399,0.04609816116765261,3.8392592845618085,3.428101874952738,2.639184959279102,3.8483267695443253,3.4211235292996416,2.648527377193569,-1.0791921789628536,1.7066420381425174
245,0.14911426051674417,-0.0851101859875748,-0.08163078356539544,0.1429488672753703,-0.09010849049633461,-0.0786554156037241,1.953878595494061,0.8765849518955959,0.5447972948863952,0.49132003639701466,0.8703238900625045,0.5432831378885838,0.4907540306927557,0.4845111885645542,0.8756060208015205
246,2.9224770233178643,2.956224830582667,3.0654582647599593,2.9348853612881225,2.9477396543558223,3.063090233731008,0.3664607038338506,3.08307896484391,3.12653103566485,3.203372528276472,3.0856889453893803,3.1315389492740167,3.2111870496412607,-0.9203788924360945,0.7724151574170064
247,1.9438729873343383,1.6231634566183848,1.654169550951227,1.9248946522508956,1.6289146473929725,1.6450840149992314,0.11056266700029801,2.740084673728309,2.2814982781967132,2.3762282819400617,2.7658315414206402,2.273438180239461,2.3622197316966953,-1.422808141784271,1.940669554193199
248,1.0660128078942652,1.3922853006496683,1.0909314892807584,1.055377783070734,1.3835829209215242,1.0942586316135543,1.49756171611448,1.8666355457285067,2.9305563407387627,2.701902139288909,1.8499924001905912,2.93877572286101,2.7068372955113698,0.015884881257765836,-1.1762758448822273
249,3.5676070054631754,2.3127181476633907,2.4460716521939,3.5667418719136856,2.30818385825675,2.4413550964986475,-0.4357577329675297,4.675811836738954,3.3579765084765123,3.703315672598592,4.665177770340926,3.338926564981602,3.7061416663593643,-2.1479286687100068,3.4272692715986652
250,2.656632789148855,1.5931529025052313,1.5251315706483555,2.6508261525935857,1.6001972930612463,1.5219057192471006,0.4881387059871121,3.219587058798403,2.1051494052456965,2.0348316792410506,3.203501465462324,2.10353494903628,2.0312108917914706,-0.8650826478236767,2.75608159214612
251,2.8039217056198025,1.5751444567104167,1.402400487135981,2.801233898396714,1.586301654416868,1.3960473419864192,-0.04702761575852728,3.7669050511978126,2.5316424129854793,2.3441015441276805,3.743895037838546,2.5090436998314236,2.3326800196684143,-1.2581595159029595,3.489685960696659
252,1.6547199928497474,1.7347509220848718,1.891182507889201,1.653336376829529,1.7223730662097192,1.8942860683925247,1.1221443069462211,2.6950998793662775,2.7778983875697243,2.8849512458261377,2.697051275463275,2.77701901371469,2.8779599765985586,-0.573344117021905,-0.9793087759869487
253,2.333240274132587,1.9832058921440128,2.1143295413519265,2.343771376598479,1.9849283563150681,2.149120913931005,-0.061045755740030364,2.6680045188017596,2.3063874072794635,2.5716685251246165,2.681061924709264,2.3155628746655177,2.5986100203512663,-1.2276440289182524,1.9009150468845248
254,2.590089722759272,2.615386351176299,2.8494518102394855,2.5835630236099947,2.6170510332561467,2.8504083896917582,0.67632818145205,2.122845699807076,2.14327016866684,2.496437356289332,2.132925645393512,2.142017715069036,2.4855928957680242,0.07942988709795223,-0.6524618836062729
255,0.21188473836554358,0.15553295690828473,0.15055694966999447,0.2029815251911676,0.14088524923452334,0.1792423505602911,2.203551876475612,1.8915018058450856,1.8400835982138921,1.873406025814935,1.8811178251492051,1.8131469143363257,1.8115270927471334,-0.2242031836759235,0.2987969478786078
256,3.0120325753687194,3.0566923647067186,3.1671540903076743,3.001904621777082,3.0648723583375785,3.1690671659146834,-0.1317006919880529,3.3425643914502046,3.4270896458852365,3.5354283016306467,3.337520456485439,3.4366650513099213,3.5223258720048682,-1.2188418079142795,-0.6826550437400772
257,1.8188778639948509,1.864337802846084,1.8246035793047644,1.8141150691853565,1.8501268403675455,1.8413866909404375,0.7532969131613457,1.9944918664988984,2.0115308344306775,2.0621892561434776,2.015239335723193,2.035690445252965,2.0613951938357027,-0.25839709789687354,0.15530216372272537
258,2.833734492253464,2.372249513528958,2.1861665315036274,2.8310150629214945,2.35227188007168,2.1790429950667596,-1.0977074071670787,2.699213795474609,2.183136182755873,2.0361915396707704,2.708323924685511,2.2077663721439005,2.037854736900061,-1.6124475425422602,2.5953025206135374
259,2.199394795577865,2.135858415948791,1.8705260556830527,2.1887162269170988,2.1352864747084666,1.8707195086674862,-0.22713526343875995,2.5751224281256,2.4850070294795716,2.1815396788339645,2.557184779610971,2.4777404279397026,2.1837535450160113,-1.138496773384938,0.9344307030034515
260,1.5945462964115984,1.5432016094071277,1.757154363822861,1.5942542815416898,1.5360038462426708,1.7476047207829106,1.4706468487802984,1.6277123785464225,1.560481191123238,1.9037738867414866,1.6270633937434882,1.5567364016276732,1.9071643052574492,0.9466200189403766,0.27379679148804326
261,1.5491676638123595,1.6246549840926772,1.3994353467711806,1.5497263662565535,1.624339625723195,1.4169523569890756,0.5200632366265495,1.914164396506063,2.017535200090869,1.7927558909697292,1.8855579391816395,1.9964352262680836,1.768421985329536,-0.45695295451170614,-0.7938393753008343
262,2.843030746304409,2.1548252870593347,1.9994234933734853,2.8309234950012283,2.1511289314896636,1.998240623408505,1.155904246652216,2.62449680272718,1.7701545864616905,1.6440302738068915,2.631812496265828,1.7628259170313738,1.644316801920098,0.11393472007672648,2.4024063785979197
263,2.770805622956204,2.615953208258332,2.332771004643177,2.777527025314674,2.6168507420661338,2.3283244199012416,-0.01073664431967999,2.796022679439614,2.5678340584786348,2.3437043497385717,2.806693147598309,2.536649497365136,2.354874581135821,-0.9569343256251372,1.2786854921878315
264,2.0358037870043355,1.4437038720539592,1.4187156418426765,2.026653654525034,1.4477407934504742,1.4106085224208282,0.9367012801265988,2.7464974502230524,2.2268921005974027,2.163325687508577,2.7488390187513363,2.226084846338759,2.158108630021,-0.25361633781812326,1.987670973041041
265,2.5159679141487987,1.932066290391559,1.6275282923731635,2.502729564289009,1.9202554779105483,1.6311030649140166,0.4040852693893972,3.390966796637347,2.6332466037563806,2.2660561380176487,3.3749770313998138,2.6513687222924087,2.274496424274778,-1.1449271865800623,1.780346795393853
266,0.24984700972368193,0.1379050167411047,0.13630903872466715,0.2617421739440835,0.1392434860759171,0.15697087169728166,2.420351683308546,0.8232403819023686,0.6053382882321339,0.562263984263792,0.8338740829108783,0.5496395747619355,0.553563247585549,0.9107485184458818,1.0729279943461085
267,2.35655414756398,2.4244461327322426,2.1153554271916324,2.359451156016511,2.4149711786414345,2.1092195013102137,0.8276199109044231,2.4644165649848127,2.5615876969997693,2.414324154286124,2.4701642954486203,2.5638988460531196,2.4191544660868147,-0.6535894464519828,-1.6166319824976096
268,2.200959409325169,1.983226572438321,2.1373102839862894,2.2015217692146107,1.9773026183660007,2.140291682061587,1.2479855414729881,2.948857631198417,2.5713152922849303,2.6342221763849083,2.9555494090430123,2.562695353698864,2.6374708180939455,-0.3802798430264603,2.4445337410656416
269,0.4438496557305153,0.23093356361877393,0.2008650662878136,0.41861248205387097,0.20805271081627813,0.17801311758957167,1.8507053650096414,1.350455903510498,1.0521979373311472,0.9243034601943826,1.3047768449679913,1.0540475347118943,0.872925447700286,0.11128175305827645,1.3262623155785696
270,3.9299417030145727,3.9987194285609546,3.517519999046963,3.9165016115973006,3.988812143460005,3.524712607828924,-1.8366459936504722,3.77596115579101,3.8419045153504072,3.145359580289328,3.7772503403769715,3.853079683826491,3.142624431622603,-2.4263079179831415,-1.8313875791483802
271,2.5152410512360217,2.189442088985704,2.1013830472036834,2.511303137568236,2.204028546726072,2.1353576121446425,0.022366162980343284,2.554028041910119,2.1849977295281224,2.016568501457812,2.5293979183555044,2.1904914026453226,2.065073435738443,-0.7032304054063914,1.9982650641942281
272,-0.1983006932249535,-0.1640542540344322,-0.12985283939448347,-0.19941313337158495,-0.1718276153245389,-0.13930428222400973,2.4996396345324636,0.7145151369491276,0.7533830325919859,0.6889798250904783,0.7052091034195256,0.7639873862600313,0.695803661210936,0.49815065789276297,-0.6432243738424342
273,1.4619961477268897,0.8939854894144175,0.8286918604391822,1.4618168592071052,0.8995592220970816,0.8368599938416783,1.615204373661773,2.867791879950716,2.144230516097039,1.9920221068402302,2.881500436140339,2.1526664797509003,1.9936984899805337,-0.8723228862930358,2.2346259974675413
274,2.577029766765697,2.8320188617033315,3.068340857350732,2.573143680640162,2.829032481718665,3.074853885288985,-0.27688134406361514,2.757945165820603,3.135397881692013,4.013947430406353,2.7617048308665955,3.1263350027258987,3.992703998899665,-1.21655901873404,-2.647134289418171
275,2.6567619640083318,2.337142495481506,2.0791202144476233,2.6602843825751603,2.333126570592453,2.0867234980562537,0.6741411069493354,3.1608357713863056,2.819972175849385,2.5086869296862813,3.1605897695404797,2.818934164205273,2.504216425637997,-0.6234458714936979,1.6412383194370945
276,2.4213911035724265,2.3248769110654472,2.1627782088217975,2.4141978912578024,2.33588444835532,2.1512807512056162,0.8733157193089518,2.8610054522376833,2.8998913867414364,2.7002612350897524,2.8565813878533217,2.9031861037932973,2.702519234925489,-0.559830088627122,0.4203695565256716
277,2.3389134428507647,2.312729659983658,2.1175236745718786,2.341867251579777,2.318594202011686,2.105532396903252,0.28617573117880546,2.241388108625567,2.346393509543521,2.1718879631986043,2.248038892643868,2.339673932456948,2.17338374371787,-0.41506470709335375,-0.9324274433427326
278,1.589637454025929,1.0199162428169708,0.8510377639291532,1.5822884326659201,1.01711929095475,0.8351363894919118,1.2502593975906091,1.7147914087123197,1.0934213711954692,0.9405061715868782,1.7120019875676733,1.0853909376727213,0.964708173666474,0.39185541785078415,1.5841208112588785
279,2.5158463603723273,1.7046076924005238,1.67755081773459,2.5161914008230477,1.7126776363113319,1.670083288059325,-0.14185840171490724,3.0523591243319816,2.211005851974665,2.3108152985902413,3.0631807233021053,2.232253319159762,2.3092421795836904,-1.2994873079103397,2.398258419615055
280,0.7324316067778149,0.9408493788663503,0.9382151395474976,0.7367751475939558,0.9479227462683879,0.9370360565335266,1.7724043437450936,1.0311871345672374,1.3415162826166385,1.4704738181437436,1.0362510182444091,1.3188068318257,1.4713587737885454,0.6745582355984724,-1.2311729404358038
281,1.2850262601602525,1.3602296462856733,1.4880946690922043,1.2810713883871088,1.3517032807040763,1.495488850862558,0.8352915760084662,1.9573459164141465,2.0547435752332492,2.0722304817921375,1.94622805620864,2.0690254476224514,2.0598771218466623,-0.3864167802096408,-1.0587354486416687
282,0.7793922726048865,0.6733731369113961,0.7915540824335456,0.8240470205054409,0.6587149343020178,0.7281173314741187,1.2313790915603162,0.9836635894857412,0.795822077159741,0.9069066592607063,1.0041037569494038,0.7934602320694363,0.8874624660249731,0.5236978102293467,0.9915646928971243
283,3.9357505192839097,3.069473133949089,2.8525830116818245,3.9333715091768346,3.0740850481647093,2.860431250692967,-1.0079612474433943,3.948971890391931,2.8670835488474093,2.6091777638613927,3.937905172301722,2.8571879100294213,2.6201154267920845,-1.949753342951395,3.8625007343984934
284,3.501133284243197,3.2774651351549853,3.0663677866505656,3.5000713322775314,3.2720146151370075,3.0650994506434266,-0.7042712043636021,4.001294595058385,3.7976925415407186,3.579898383655203,4.006738544002148,3.798115386470456,3.5864600524343984,-2.0062289992646085,1.555588494329196
285,2.7511567812170052,2.698462607937145,3.2872123345168727,2.7535560022752543,2.6947960597404634,3.288485987590796,-0.34417384463913614,2.999837140994662,2.9270978703332,3.2167534550150334,3.000435324775772,2.9242390455533767,3.2304561857821628,-1.3259232325330623,0.707233066461344
286,2.5446493229861016,2.046291255899841,2.0661764574814714,2.550262679511128,2.0416515886587168,2.0914726554837046,-0.09957630439602887,2.9567291505037345,2.496548071015166,2.543083219125242,2.93058417813317,2.50832543135797,2.526314611198454,-1.3670141530325006,1.3768801880045676
287,2.8462760694712426,2.6105533035043678,2.2936613328838966,2.860156008976065,2.6368633835550557,2.2719173103463057,0.39716895986432516,2.82555207515448,2.646541241848725,2.3413214597561196,2.8274342264135344,2.637392150225653,2.3410557588420757,-0.09709206195747089,0.8600130275354363
288,0.8957789339575668,0.8959856740283998,0.9539890295854813,0.900587803927231,0.9097001031400769,0.9418144214967497,1.5952347572544854,0.16568122979118707,0.35492773416963974,0.356912065188419,0.1582174824122752,0.37031774904104886,0.3754879627727484,0.8714730911599409,-0.505661751385576
289,2.2500891770989897,2.4290058365973435,2.2281192659844313,2.2638909785408936,2.4332668073741988,2.228231328329475,1.0220837875206703,3.3111394867159354,3.539949135003091,3.064429143489017,3.3096900345779328,3.540345759734932,3.081517232878418,-1.483159004080497,-0.6218472748566191
290,3.234401089287325,2.7538187541179067,2.540979639614309,3.2467995836439942,2.7520782069753826,2.5436933740100423,-1.1003788428344992,3.808125123462378,3.285785427732793,2.9214297177578143,3.8033635923802676,3.283510328249227,2.928168272678916,-2.060294077713588,2.931038790398943
291,1.2765191991277653,1.3403863697815954,1.343796900138421,1.296214210248204,1.3455325109756282,1.2976766182150272,0.9940455576890035,0.5366655809760145,0.6160732435121397,0.5318868970398282,0.5639272443171967,0.6214917987919601,0.5250140940068605,0.7381043108731944,-0.7588147944268535
292,1.6379274014567746,1.563510401611293,1.662876436104015,1.6289497973890221,1.5567970631378478,1.6712003854067412,1.7512583915405382,2.0143688521138308,1.9316989465773304,2.1457973670307258,2.0107517113146693,1.9322208743169487,2.146051033692816,0.36815812283360266,1.3314763071823519
293,3.0469763524889744,3.069903764732559,2.9935978227103823,3.048090808944365,3.0693624856568236,2.993090061366422,-0.6661654348087538,2.955446792607533,2.984799634724236,2.9958429201757144,2.95903262263923,2.984037867704773,3.005790454876884,-1.2251333295054296,-0.8955417150897309
294,3.736004432181306,3.717525596004316,3.5407333320175303,3.7186277567177304,3.730646287512741,3.5374569122920425,-0.46352973176583684,4.141873428319827,4.217554175715509,3.9451687496280186,4.132084106593101,4.216197444798249,3.93927303020843,-1.776888020027863,-0.10193491462225253
295,2.280724506598364,2.351020320728369,2.6510431000888968,2.2738928722670813,2.3556621117949565,2.650072687090549,-0.031124272174012584,2.4825754357018006,2.5573431355489302,2.962076189328579,2.476447056610566,2.565792220839388,2.9540342929770835,-0.6014339237216607,-0.1698989883236151
296,2.5922861486198596,2.486568468756,2.578386664280969,2.5918423941342836,2.490928769235092,2.5754119462350755,-0.20116176677381034,2.914866212445277,2.7733422487960295,2.800392725070739,2.9205908576601938,2.7753803339736494,2.793989098205768,-1.0936523379596594,1.4442738782347622
297,1.7844050501336282,2.1001196488978655,1.8047123195869335,1.7807627046882184,2.0998775458376175,1.8102184377785873,0.4647124003353325,1.8665684331326773,2.2279740261015104,1.8543021869573189,1.859767847562264,2.2226860815764393,1.8538915239031606,-0.26482659288714916,-0.5918061008613603
298,1.95231454786717,1.89461042571284,1.6125754496168943,1.9487153723778956,1.8900024412589735,1.621571056502447,0.7203088510658149,2.517907689056242,2.5151053621087693,2.071078593651115,2.514106505232619,2.508359880734366,2.082960022613472,-0.4760689064831977,0.869104472838148
299,1.7719987749416062,1.72598661324397,1.5991234378774544,1.770440789949657,1.7022851963289458,1.586631903956339,0.2886261435567708,2.544587050475839,2.568760767637227,2.4195120728527115,2.522939842397131,2.5939781170401486,2.386818555788014,-0.9593667119637171,0.3242373383634315
300,2.126900841279255,2.042279664535996,2.005407910157166,2.1244811454910426,2.0424706745339267,2.018841156608856,1.1577963911095226,1.7219342718139161,1.5361923715187538,1.4964321065365627,1.7283614949237338,1.5268156510510469,1.531305137863264,0.4031624549628886,0.5178061066343694
301,2.6739302027845158,2.7304644488983105,2.657419188493604,2.6835252670776453,2.7217101097622867,2.674832422582044,0.34720825465765326,2.3145310980070537,2.3553026741293484,2.548656494400819,2.3260740098067942,2.344103000639575,2.5384737674457627,0.13106464356513423,-0.11588365100767707
302,1.637276774464545,1.5563716232511469,1.7886948067750728,1.6304477695469284,1.5527495233930289,1.7850477087777763,0.5173070213941167,2.2037936356159764,2.131925313249257,2.4656355339036025,2.2177678701758214,2.1228368250158165,2.461675641467451,-0.5322713801335355,0.5482320582977951
303,2.531111510195821,2.741071285160209,2.757106762739162,2.5292582282555864,2.738035910210773,2.75734282985688,0.585363104693632,3.056877225669995,3.4172491058345607,3.550139241878423,3.0576146441679004,3.4250381586622964,3.5460730960489455,-0.6712601598659319,0.545729828743111
304,3.885709598487353,3.5957799475533045,3.962014184950319,3.882053127668365,3.5943494824755216,3.954471173816484,-1.2257274659164252,3.9861558421017027,3.6147491176071367,3.843393623596281,3.981194365896148,3.6202948475477816,3.846635935402158,-1.457604176931985,2.2641642554647174
305,1.5590941953431434,0.5216992485508192,0.6320613598498267,1.5614361818216238,0.5111295828414212,0.6854969879568065,1.2259354852294426,1.8213292672059749,0.4375208815407357,0.48414059563224,1.854195260901061,0.3968536126415299,0.4129761769543538,-0.10631116301445562,2.1000553182215698
306,3.973919765568776,4.085253375844961,3.695343480291661,3.986569044728622,4.076669781950192,3.6898945303395045,-1.0408795184101642,4.000626597845252,4.190660471694822,3.807069041278644,4.005959261166031,4.198182266883466,3.8131962744868817,-1.7164351324455878,1.550382875099658
307,4.729364985799903,1.8831511310010591,1.9963561092699065,4.736336142817561,1.900247391738525,1.9905832483297194,-0.5533272087975262,4.973632669483852,2.0896011436737694,2.218840708705407,4.974881067576187,2.07264859950308,2.207039822552196,-1.3915623397373313,5.0189200041174225
308,1.877532327238596,1.3802013147387031,1.6711914167313529,1.8747865382268387,1.388518854621343,1.6709105621317608,-0.013571206028138305,2.2806043018765436,1.631883650215318,2.0726971679673842,2.2848015017352896,1.641396228320311,2.075182904755989,-0.7024958863172003,2.642431585476671
309,-0.9758242721436301,-1.1555299625028703,-1.1366897316885525,-0.9687498480733484,-1.146289919538268,-1.1182875903499614,2.987696095814652,0.39060342425737726,0.14637649379681178,0.14255713820859844,0.46208587390870065,0.15484660419398033,0.16830778824389023,1.0525035540784087,0.6447601226226917
310,2.674069973416143,2.690420023931979,2.870385407121524,2.665610666226283,2.6893457949033888,2.8720610614465305,-0.0474225496147683,3.035010302209723,3.0454693988490784,3.1500067794238413,3.0389259233603383,3.0438059535082242,3.147482502633985,-1.2118855439095455,-0.24234372651680375
311,0.41537805740814676,0.041855811992898694,0.039148649008058346,0.41885865382913506,0.06632682515560319,0.03986827876675035,2.0391046522843728,1.3818788217531208,0.9293112613517737,0.9021340733330747,1.3828846494785345,0.8931766200396593,0.8987477393705557,0.4228176541696278,1.9290929067954987
312,3.314468194075368,3.0070242371468154,3.0593569265327494,3.3179354901385087,3.0056043301649202,3.0721458888580573,-0.12443302508224155,4.134316147570297,3.9511575517282553,4.015285172387022,4.130411108201864,3.9429865194099047,4.0097897182667035,-1.66478163362088,1.4016809074888943
313,0.8964427251747924,0.8316174723405056,0.6862583606569875,0.9009069548019314,0.8284369967682612,0.6855522854166469,1.85338008157372,2.6586584791764483,2.7054073838115236,2.5848069975284766,2.67166062983823,2.7065019394755105,2.585300205881146,-0.9578028164235706,-0.37211707426188717
314,2.1361647630669194,1.9105362297574275,1.7155440848966403,2.14283854264639,1.9184757122419511,1.7124849387725913,0.2403179580060771,2.3801537888701065,2.185784428705063,2.1747568626845726,2.3635488124751403,2.206801316381572,2.189008881744878,-0.6541001778421941,0.9551252501925929
315,3.77102084254288,3.791168387177253,3.600011515223056,3.7662916616622164,3.7828595244414167,3.6063710339363686,0.08719230671099101,3.7312627210316,3.8701459428814147,3.6215551994148867,3.7390777120864294,3.8709066084512593,3.6350555450707174,-0.5093110760569562,0.8783251524984418
316,1.4116995943111363,1.5658849901342025,1.5105855874404488,1.415781726226865,1.5904073661213096,1.5429696889815245,0.7425058436350638,1.3630842884727254,1.564879859970161,1.5369275011569445,1.3575108916334515,1.5511193799174785,1.527113678752781,-0.09018876989108753,-1.8176711017420069
317,2.5760133485601497,2.60238033892928,2.5494187722824817,2.5725281715246173,2.6086321746403773,2.536450087739453,0.5166625662805532,3.057735274606869,3.1054087242321344,3.0150855781839336,3.0442307142234615,3.100232251728863,3.032011855828158,-0.9781647410366425,-0.22241794041762566
318,1.3447222394698983,1.1126044864311277,1.1116089322209666,1.3453606698398997,1.1032581726288884,1.098245847981874,1.0552366913490243,2.2083296863406656,2.0123432412458753,1.9870697310768732,2.2066919094162127,2.00800849595898,1.9951324860517725,-0.3423776455181698,0.7853256562591678
319,2.9386635995460706,2.2879905627185577,2.249263437612284,2.916645003504867,2.3115996541988144,2.2386440481366296,0.8077351807231357,3.0637905936153675,2.2314608624401466,2.1758867848152184,3.060233364214622,2.216537716363321,2.1755438844449753,-0.7947142782909141,2.788077326980153
320,3.0621363540165847,3.2749876013127315,3.363335499985811,3.0629486225102602,3.2724648209680818,3.366711295005589,-0.6172182546390462,3.2874871187285124,3.5535157890168265,3.7612796269793503,3.293881206415965,3.550409914999738,3.7602789567223938,-1.4212661498729984,-1.3148413343290115
321,2.182723748123393,1.816524903400639,1.94092607289608,2.1877350425853996,1.8187379395536047,1.9392990738767455,-0.07307994626024168,2.4498661677841356,1.9988543894970958,2.02266934866503,2.4467862990865026,2.0084559107836633,2.030893193638932,-1.0184672323554056,2.131393316087324
322,3.695369969148473,3.273219341339137,3.4749047804191306,3.6772326385017893,3.2717322455276516,3.478154581476116,-0.6020359033799014,4.1428297594242345,3.648686162645818,3.7814469538243594,4.138999475809583,3.638642542837635,3.779879487922799,-1.829656061938438,2.265578306580208
323,3.899556607947992,3.9240077357408825,3.3829308108340093,3.9002755832222045,3.9284061068417735,3.3897408098702866,-1.2836760280120323,4.065486789863286,4.1113828638193946,3.5645139752037727,4.067715857872375,4.120406239533492,3.5648014354307076,-2.063680011490302,-0.7901535969068142
324,1.6608188253275824,-0.1092108744331032,-0.0983110903234508,1.6666076178932068,-0.12277405687586498,-0.08827258513089618,1.9123034681726594,2.3267829386418653,0.480114543316128,0.4731559845646788,2.3341689626772006,0.4986898799846059,0.4524772079399881,0.2570771541774904,2.3001855971961755
325,1.1177243264903636,1.3249837981295212,1.3422705803200894,1.1129243070500239,1.3372322961914223,1.3260287468202538,1.274158066488584,1.9080350478975256,2.1942258944536253,2.224566384976098,1.9024041225837145,2.207597790988289,2.2202053785120826,-0.43845589358310116,-1.6944396742847763
326,5.303350566262456,3.7144802626776974,3.5427804112453765,5.298596293184878,3.7247284936158316,3.5457699868059223,-1.914064287716703,5.701182675828553,3.9621062955439137,3.86330999953383,5.695907332158295,3.9795606047181993,3.863945303524753,-3.1194507385858987,4.33782890456892
327,2.7916114910790393,2.444517486999619,2.538526528905528,2.806054526382526,2.4462804794834048,2.5363616503698005,0.16339939170618853,2.9158311188645287,2.4119289544461164,2.4359967980751427,2.929458605733358,2.4186199683648844,2.4401189982740656,-0.7645399142666167,1.619032279664932
328,2.4333264918129105,2.375760957402349,2.3343587123294585,2.4339986416274524,2.373234175514539,2.342170860201762,0.46341000313417585,2.7120258255794725,2.6715212294066117,2.595276122356295,2.7263312791447483,2.6677368427259114,2.6035247685232794,-0.6412456780006901,0.06951302748883065
329,1.0627696028465579,0.9711099358209748,0.8720897635867578,1.0697449879522993,0.9786065315341983,0.8721739588836719,1.8379699764342579,1.650325603531011,1.4761996429472743,1.2879721526012813,1.6538305129245563,1.4493311245217577,1.3108794381895532,0.40008010939828986,0.6811414900123265
330,2.5600842092260763,2.6252285479637014,2.8949696674674197,2.5457687283851262,2.6193947867563967,2.899831496352014,0.2715624590388038,2.6856816151719656,2.8148609444643107,3.062464735582748,2.7351919810472713,2.7998450870559153,3.0634354355120936,-1.12213865263417,-1.0394708704643016
331,1.1589707995498149,1.0319845013779947,0.9330873630821709,1.1526957440385277,1.0535217446785128,0.919818973622385,1.66829575189924,2.254411880756829,2.0996166629441264,2.005471042024299,2.2545482864838737,2.106947828786565,2.0141354645786285,-0.24723638621837882,1.1584543246504526
332,2.4444849468521994,2.7337994079153485,2.6975184575625235,2.438660524382142,2.746601424799969,2.699699081982335,1.2481825313540784,1.9221314382619281,2.402721446889033,2.682647851775221,1.9154857450182223,2.395450307662398,2.6851275411034305,0.17303400252550363,-1.6802035085229603
333,1.7003526352228668,1.74185093720381,1.6586843452535893,1.6835302755486756,1.7268327654393487,1.640164237685635,0.9410160438909065,2.4467892672079006,2.527960711964632,2.342429936576984,2.4493612863854453,2.5285103826981947,2.3244267470942246,-0.6626288708944043,-0.49700978036818116
334,0.8711003470912768,0.9755950937058739,0.9558037501723835,0.8595255762683575,0.9912781499756026,0.9652964104596188,1.4371070997722668,0.6214237564723587,0.8097826784667308,0.8090941054483954,0.6173662768224395,0.8204200104131374,0.8357088485152702,0.4564129851228984,-0.7502209063880563
335,0.9600606642028451,1.0448018319574164,1.0873203047586604,0.9501774818518476,1.0436654822297275,1.090346849013492,0.8730504821005995,1.0434790752822418,1.1707934447060773,1.2766720686426354,1.0444301867733028,1.1724876528011947,1.274681981230013,0.2670767916639512,-0.8665324687962377
336,4.362181357604477,1.5052349773920113,1.5221714129915582,4.349769747584439,1.5217777144149267,1.5568287538614345,-1.4820761882407951,5.147281058280363,2.1802623589087644,1.890255255207374,5.217057813311232,2.1296795725302102,1.915480193714844,-2.6702519299432095,4.957968734140616
337,2.015589621711904,1.9726299259316453,2.0409991490332766,2.014242429155062,1.992964877885312,2.0355434920434257,-0.20846455166845276,2.3516661320751795,2.346631695118435,2.1374000233253923,2.3477081250838054,2.3546259800650966,2.1299547290874057,-1.1876451451529038,0.6502744056138847
338,1.6222360654146553,1.5377953389484824,1.3749308923044403,1.608384135542722,1.5533039787500573,1.440783932421531,0.8750401707066267,1.9268313105412038,1.827127624428149,1.6270060009206295,1.9180888828571985,1.873359176205833,1.6166291190794715,-0.09573327965671213,0.7325349339511743
339,1.6232159932041208,1.2430057416998896,1.223941771434008,1.587934011742028,1.2335187147048194,1.2501286854138494,0.9602504343931215,1.1105384677923837,0.4062305550398414,0.4129146292855756,1.123951476732779,0.4249474287140571,0.3966484780129499,0.5783736915074196,1.202593402575984
340,3.3884242569579284,2.973019317577439,2.994938788455334,3.3871136882384647,2.9704275130437354,2.989944545488207,-0.44869123296664964,3.6683695652517265,3.3770853701370664,3.312731350871898,3.665746391099224,3.3784729913177225,3.3147898572167254,-1.2789473874856478,1.8519042991567076
341,4.317158780767112,4.085093732955032,4.331220712869441,4.319885803773648,4.0657819102044215,4.335619483310944,-1.386353198370724,3.721773587912799,3.458023810572937,3.57691827363328,3.72917683059333,3.4525691477835996,3.560916122921052,-1.876422248134566,1.7310470914324647
342,-0.6033935643546158,-0.4823080227094965,-0.5240243947754831,-0.6133653244723446,-0.48330309293166074,-0.49475992698182586,2.608338462310523,-0.3164830036976078,-0.09739740962341796,-0.11168830200036527,-0.33390476350940995,-0.11864344597028721,-0.1817095843343964,1.3912963028186422,-1.638850401951602
343,-0.8130231442506474,-0.5748607580101925,-0.5133637486039374,-0.7980120811620729,-0.5692283418511446,-0.4929309472303829,2.572242407781504,-0.1402123921194218,0.2200151038142049,0.21540817396294354,-0.09941745093617206,0.22585524829484416,0.20029487349869393,1.0330420035282109,-1.197163107927714
344,5.421850167899225,4.814021184083453,4.661763616441232,5.416378734443123,4.8175057963470245,4.665322167825457,-2.1032173118136637,5.580528372614505,4.866328860536444,4.889118992689658,5.588380986839611,4.871122534670761,4.894167076866321,-2.8046736237063774,3.470432477916002
345,1.0057426202113764,0.48404943116724847,0.47524284689747925,1.0041833486835743,0.49997596445583203,0.4838722670815247,1.6030864492952919,1.1995548418080257,0.47624557571549114,0.48070447268203503,1.2375033329091205,0.4968238256502514,0.4878124638866408,0.6164063221249962,1.4600297435085425
346,3.558134566400122,2.0623145493175294,1.8649344513523707,3.5583638902647534,2.0493243703184656,1.8561304086782489,0.044197788399517386,3.8400018465173167,2.0821529761860766,1.8924576668738595,3.828546945409703,2.0922453272368973,1.8959998583830304,-1.0580864983576928,3.341063035557327
347,-0.7499792951466674,-1.1293989315389774,-0.9789332085774018,-0.7578471601341246,-1.1544428018891082,-0.980189834749145,4.148155099993149,-0.7465244257571619,-1.0068997795497499,-0.8201675198342064,-0.7553585247732918,-0.9828607139023638,-0.8157896711637115,2.8818269573045,-0.30529598269543723
348,2.0147846518188515,2.11264728196126,1.947611697938283,2.003505542443754,2.145470765002153,1.928256996863033,1.337747696696978,1.3959448628993307,1.5427533177651496,1.4555603848349918,1.4005914637916688,1.5831520419582101,1.45579475407034,0.5609710973429153,-1.8976829827409771
349,4.0840604823792415,3.9214431079189573,4.249863158996423,4.088208472176948,3.9262446915573195,4.259590787102595,-0.6748310949025489,4.616013261140253,4.410794391631901,5.029952177790639,4.603758127015922,4.4124145427591115,5.027165877902892,-2.4744437513142343,1.7158365902198054
350,3.659274123492495,2.641500892035454,2.7555373384348676,3.6598013497423603,2.6431007536345614,2.7490412288608734,-0.4365417509625604,4.676859735752068,3.6279228637559666,3.7297775802341397,4.680369755430365,3.606546532518042,3.729441695003847,-2.431620132508452,3.451716849947884
351,2.639461234131402,2.2692073911431345,1.7811065828879475,2.6366445464521786,2.2776469445641156,1.7724232306419516,0.5082254753874781,2.381766499341158,1.9421631504104033,1.6856502337811394,2.3830120586234065,1.9440459939308026,1.682299342734483,-0.2764369789527621,1.2622617916906425
352,3.2302844496012604,3.2038890819770245,3.1145235535810016,3.23910776744407,3.190477527415329,3.1168475265062474,-0.849907685790798,3.9391059442557212,4.055297648412239,3.865060448431782,3.9421567465247835,4.062528006415048,3.8684108705858473,-2.215815265801037,0.6718400171110368
353,-1.984823559208207,-1.99603109986905,-2.4432122274134582,-1.963588332408606,-2.001002465682615,-2.4277382615225713,3.673408156539137,-1.0320061633147188,-0.9627871091444473,-1.0973766089623016,-1.0490058835533773,-0.9850561318184168,-1.098503146040767,2.1029518114301573,-0.33850883993402686
354,3.8990161819643294,3.6359088112980644,3.506417575049825,3.900173263065598,3.6498125289017924,3.514711218146157,-0.316243297631489,4.7118587955602695,4.519343260858805,4.3246368305481795,4.713571545506218,4.5246652369419635,4.32304991376133,-2.2771501378321353,1.496099621962768
355,2.2375336533380517,2.2388380442543436,2.225835914813481,2.253177537074442,2.237188393534147,2.204771213974037,0.06122808394662998,2.6991568391097744,2.697543315878582,2.6858152743429384,2.7128512086437557,2.6897161464357935,2.6836772390314874,-1.482290572982266,-0.03618970286004945
356,0.1662758572052502,0.18212835098611282,0.1625982340794928,0.1918592866639234,0.18837331131414525,0.182876726104015,3.7962577498663927,2.2879443270688204,2.3155409714499466,2.7881283125322476,2.3068353636172274,2.3353654640636163,2.7818454793339815,-0.009459022400744999,0.08703992472868022
357,0.8500743125556056,0.7962822095221549,0.771776866715511,0.8506958302864569,0.8161997447123357,0.7850586239951579,1.8164653010674123,1.2424283129427527,1.1330233593041823,0.9947918302043586,1.2436849489675554,1.1219258643906507,1.004982361381826,0.30223213237756813,0.574100577545413
358,1.9011434922779449,1.0451887842324181,1.0418605637855634,1.8985187796817735,1.0492953788592234,1.0492082571105477,1.7403555316109292,2.6356209599968206,1.6367951963724463,1.626614490546588,2.623488641712877,1.669350476273362,1.6066906234205114,-0.4909257663985151,1.7283325475197089
359,4.340529523992589,3.7538602903046505,3.7341968499153144,4.336194630032729,3.755142247601794,3.73449009206613,-1.0970051189499062,4.2447277607642295,3.637543324556005,3.6515606310105317,4.243952555628239,3.6377232289176566,3.6541758706634417,-1.5895095153390144,2.96142465549415
360,3.5164983932719247,3.6052898314527115,3.122381925231604,3.5219163281097283,3.6030256269417813,3.1101750386758558,-0.26758328388485864,3.944211683326228,4.363444080733226,4.156824222361616,3.9475259385467845,4.388865902419224,4.156479943884737,-1.3236572738778856,0.20820765547458117
361,0.8293555486421119,0.9319485508218974,0.9053787465288768,0.8259263373530075,0.9322958885747666,0.8951808455230927,1.080985963747722,1.3899491281889587,1.5280711822480428,1.4079455045674534,1.3974185021810264,1.5040132254145984,1.4167506991736665,-0.30150222388002385,-1.2347600209177163
362,3.499602558275326,3.272026325556492,2.746757992208551,3.502439221998381,3.284683432373754,2.74952026277197,0.0503415002483307,3.9128753717297804,3.886101774202205,3.4029865573355886,3.931358472024028,3.888968402822199,3.3985281098651923,-0.9743026029918027,0.709133931856131
363,3.1979200611586047,3.279364773914235,3.2208626043746924,3.1963734958094245,3.277336497817956,3.2278787050939464,-0.5984357025445949,3.2955676603755237,3.3897089197130783,3.3462796700106425,3.3033908565131065,3.3867997940580192,3.3421746797624072,-1.1731486041689738,-0.672615262599169
364,1.0750773098094129,1.1257068295592625,1.0433066240368492,1.0516944695267059,1.1333795802530462,1.0604699296396987,1.0695846423935484,2.000407997845795,2.0782518365850233,1.8570427461182228,2.0031349317053104,2.103386324929755,1.9454273032030562,-0.4446967688021577,-1.0987532487911675
365,1.2598789547785976,1.2667489604398516,1.098945892141247,1.227008511764199,1.2737658008397652,1.0804616228264576,0.5517254845959526,2.0811137099318606,2.1538224255880074,2.036309655745845,2.0802487909286533,2.1384661887049567,2.0149610104908873,-1.0919758273140046,-0.2144083403258876
366,2.3212457368545634,2.675875869567347,2.9621375256359572,2.328601080512607,2.66598248280182,2.958293714709033,0.5772581553740863,2.647807005578274,3.077091086119548,3.391545125514616,2.6433256780910916,3.0777108665857247,3.3923026205165683,-0.3379535974909311,-1.3853026202422953
367,2.8413650368508994,2.5797720407688667,2.5715382594886322,2.849884216286726,2.59431380309463,2.5706112412279314,0.34013180957691264,3.6809321482851254,3.4254191076853417,3.441146695854739,3.673279255994701,3.428626931165918,3.440441603969972,-0.8919345927376703,1.5114871721174283
368,3.308109697141597,3.3172525595817115,3.3212542897106094,3.312213840402973,3.305845027080033,3.3201635527354734,-0.8521936447977105,3.4115596003863873,3.4226225859242896,3.485290629011649,3.4098328730491345,3.434509634189213,3.483584626965711,-1.921626709684332,-0.45532698711707503
369,1.8481239042118869,1.8811612007731706,1.5642031902327038,1.830080686392658,1.879947643438522,1.5653512059019596,0.9569484173966128,2.9166522000854926,3.083585614426877,2.740427484317657,2.9091695363420755,3.072375201158028,2.7448747351060216,-1.4530565843718946,0.353084297915885
370,2.18583160755891,0.5007456285580023,0.4666971535591663,2.171785562876994,0.49283318582170965,0.4643409845038802,0.9803312664297322,2.6284337251371923,1.2395095055886765,1.1350523290814136,2.6273422225343825,1.2362696884912665,1.12304500196376,-0.3731108684357485,2.0649743267571488
371,1.8189372937683799,1.7762830276601884,1.8409702920311617,1.8287979204876121,1.7682863524007613,1.8491312593489118,0.9791408666473196,2.5182369636052626,2.463047242129323,2.778538136805279,2.5098534330625952,2.4770472413345144,2.757567059876898,-0.1513617578800347,0.8619681482413989
372,0.4457074636551106,0.38508318895850085,0.36193234923652945,0.45034881346752353,0.3788778286171877,0.3616413994215475,1.6311012304141268,1.222607165724648,1.1085958578719903,1.0827504650867654,1.2183458732192882,1.1034771538316834,1.0893083695605754,0.6437943474300669,0.7442194944292364
373,4.502177313196766,3.8106932490085814,3.8965505123768485,4.492272743555765,3.8073607077963314,3.887940774619707,-1.0172828170297794,4.837345991504299,4.15711611508504,4.2984017039594935,4.831094691200378,4.158363896937273,4.286997718769624,-1.795909248821163,2.761449969780617
374,2.246656123273802,2.3032652283904853,1.7921997034828883,2.250638585263456,2.3150497139508657,1.786856084634684,0.9520895572417308,2.136709640649699,2.1685105644199156,1.75575142788336,2.1466359025500523,2.165545877690275,1.7531335305270628,0.2622718258853507,-0.41574236144886856
375,3.2880072604068493,3.316000347906048,3.5879902577629403,3.293027802579587,3.318517509795602,3.5878979457318074,-0.33249527261843653,3.873387527208505,3.902717693776669,4.100349760771385,3.879694922168436,3.887485644214542,4.09560731232765,-1.6820187251365193,-0.5782238788604561
376,0.3114047853690369,-1.5452061012930662,-1.3484950649010101,0.31564592605317393,-1.5426784965659677,-1.3655432364916644,2.009420573634172,3.1460064493034694,0.454332805854387,0.4686410658156565,3.1733076889432685,0.4605699595341533,0.4622405780449434,-1.579958872018919,3.834181964464703
377,1.8168569247947726,1.2405722002921282,1.3137091315692906,1.8224076524560306,1.2321224966366815,1.3283150271050168,1.7110805981534032,0.6998330698453822,-0.28715125090517746,-0.3269751610719911,0.7051654537649875,-0.284748901159093,-0.3213622613727443,1.8251284717695249,1.481491954138243
378,3.6039800680036853,3.36448114896082,3.2255230591355524,3.6052710245200816,3.3570513978379113,3.229636232562093,0.5001860956854393,3.4498847728521254,3.1399367486408107,2.9521442868004506,3.438500607594843,3.1396289582764387,2.952056212872618,-0.20757167750884503,1.2741559144712764
379,4.352645512186296,4.011686819495896,4.374140021569268,4.346798419837783,4.011588843271846,4.358780853783153,-0.9416525834647242,4.5113106130221725,4.1221400498334155,4.564391850962781,4.478634505649099,4.12219366229924,4.569276428875701,-1.7727682543712582,1.8051974527326182
380,-1.5217155142632937,-1.8801166470571544,-1.1814489354108464,-1.5204499574093087,-1.8799826839418463,-1.1928147095899382,3.877334155526502,-0.38768010034761446,-0.6558934085972525,-0.5491040407906976,-0.40028521764703817,-0.6758465928257662,-0.5468706764078709,1.807404796098867,-0.11244471028098302
381,3.166000523431609,3.137516177576308,3.517999232433362,3.146204916447155,3.1374831928256004,3.522381590027804,-0.19710262109022816,2.8348232284823944,2.805279719066604,3.0838139069956942,2.8394158046498537,2.808340744948347,3.0876427589523443,-1.3330208614679786,0.09736581152476056
382,0.10751027551030602,0.30970928642375795,0.2747773822088238,0.11606982701952184,0.2988865483827401,0.27239454716833983,2.241962775805764,1.0890368305130533,1.430748668403319,1.2391082473643253,1.1071478289089545,1.4241330279305489,1.2435980151054853,0.15482408600404463,-1.3696972878989153
383,2.224250031294137,1.1888216743214473,1.009942518942016,2.2305424064753767,1.1797428673424883,1.0118095535648968,0.478166674570889,2.7665819255711783,1.55038457819784,1.4683828490878883,2.767410173092985,1.547708902123279,1.452915135037124,-0.9475466892907198,3.095105940178773
384,2.179541685200938,2.371858250855882,2.189431668424473,2.1558368347472503,2.3857566595709265,2.1896070812795725,0.9461918227921259,2.1599016500690227,2.4458469906427682,2.0846191284001803,2.1831143022811434,2.4396047628015363,2.099832572673626,0.02928366349332444,-1.434913010631714
385,3.70295077519498,2.222298519237689,2.2067294757432903,3.7064701923230414,2.2271360491794425,2.2060310691661864,-0.4047872739115078,4.0435085225582394,2.394402461990654,2.4051816931189705,4.04869321078225,2.399971672992641,2.406814400106219,-1.1983256220176457,5.159433224066757
386,4.238278300741274,4.265374431766367,3.5900522963981,4.240897724768916,4.261485061668088,3.5836463667122986,-1.1562687622825187,4.175067718104977,4.209462652862681,3.4881528052832746,4.182758981219821,4.205449887867625,3.4980620722218885,-1.7148875148223046,-0.14376910733910586
387,0.3363831202347039,0.35432402132440394,0.2900451476616278,0.33451089261601147,0.34793435982199955,0.296256060481323,2.8560080041165583,1.6209064846677756,1.629778124601566,1.3778131885529443,1.632487694242083,1.6244065402006531,1.3635523619733827,0.9535911354162511,-0.18521979533316893
388,3.079042822709534,3.1310760531033734,3.0495016877151273,3.076230896760542,3.1466595283738634,3.0501258297200295,-1.0214439553029642,2.8599756745303075,2.9412379074596076,2.9299962387384837,2.8458349054943146,2.9444000704716258,2.923060662138421,-1.349946577081361,-1.6149383169851208
389,2.656898859344812,2.5134525240792533,2.6400713672661125,2.6418178299313593,2.502579881223804,2.633089805951463,-0.325209412792375,2.9447440210600497,2.7749918384036305,2.804871873030139,2.9213358588126255,2.7626551450056622,2.7959217371793548,-1.2767619926706126,1.6211228958933976
390,-0.1826146696696211,-0.21107416445314517,-0.20607090489135613,-0.17249659525121103,-0.22589906000577334,-0.21713567488365912,2.490819310997696,0.30364210538347786,0.34674603139168914,0.3150650906083206,0.3083154574570462,0.3194345293516172,0.31616992150232426,0.803243690901029,-0.19232499682289106
391,2.3974119916651833,2.4311625603798386,2.497676483428677,2.3889437502977584,2.427501485184837,2.498427173514756,0.5923647146451146,2.6362976118449204,2.7317433247147527,2.5110240964180592,2.619486291034778,2.7247592985989337,2.5091789147024235,-0.73134351365929,-0.2845938037524386
392,4.309698710238687,1.8193070363398467,1.7080195832992267,4.32110581962325,1.81099278891988,1.7080802575337168,-1.0135522690093672,4.466202056991827,0.9657367587293819,0.9106295266311372,4.472658477542085,0.966955860462751,0.9008326751189819,-2.034752361757777,4.973124556617834
393,2.415590786503273,2.457540852523573,2.5049068807096804,2.4158786914988606,2.4495741150356505,2.5082554860021666,-0.21458674257009983,2.7252190261205405,2.7851554715865623,2.7671439782282103,2.744708022349614,2.7886497473060197,2.7592955673973427,-1.3056444472277442,-1.5433386700322873
394,1.9058695636457077,1.6987168749025132,1.828621290304868,1.8959007496123697,1.6988602690487942,1.828617564280137,0.6871262963988001,2.0401326865708582,1.7397260258484382,1.888550651630014,2.0312160728299706,1.7461851312210726,1.8888379673750253,-0.3964853266056709,0.9915144634773658
395,1.3635728577604374,0.9412328041403886,0.9422409186151334,1.3783274718311858,0.9521539190800128,0.9337302800330206,1.109253827153592,1.4475325014449334,0.9246083334457602,1.0166530340352637,1.4468230812725011,0.9365674733176884,0.9973363907826591,0.49328096046313813,1.3842368604384627
396,0.6495658395206149,0.8000530721047079,0.8250788517576981,0.6259949646002088,0.7933681451235782,0.8172892669594335,1.7735592048042494,0.8270933314239631,1.01102940975164,1.0508176998780112,0.8322987724609755,1.0031914222948253,1.049965345049863,0.6648317534138103,-0.6835996865852485
397,1.5979830154022479,1.472751806939437,1.4558794289010097,1.58794877771617,1.4887378106234317,1.4798951678640884,0.8673568209272334,1.9552979794306422,1.7625110420923464,1.925835689969542,1.9513333185517872,1.7702549774031044,1.9165926775007378,-0.4286314473877138,0.9491412795684988
398,1.13610133279168,1.2691443582015394,1.2008215106350342,1.1376232546119829,1.2736603214935702,1.1875298276143822,1.3105971323365981,1.6377244617920719,1.840900916838431,1.6665478722669524,1.6248680474010413,1.8514646623210378,1.6563616494722324,-0.07872854388846884,-1.35233769331117
399,2.2187535517061123,1.6297912132419257,1.7677044813546596,2.2173397174241534,1.6267841643537564,1.7876245815979666,0.6648774702264812,3.043186006837082,2.5227449220233624,2.549427438680093,3.049189815993714,2.5281356025217057,2.5340227477975543,-0.8882902311441372,1.8444775601242331
400,1.7861281527891337,1.5602782089113445,1.2039237002044327,1.7659672024823971,1.5553239136250288,1.2021593039307166,0.1663771779607215,1.8873189890075917,1.565707478951084,1.2391632014054876,1.8816063148398086,1.575858067857677,1.2242004051601139,-0.5145060937908045,1.4492715468446298
401,0.23518228631174315,-0.01400087386004824,-0.014430877673317365,0.23145680769959542,-0.031352977727798687,0.006476615717765778,2.293377735335266,1.0421029332443368,0.895542369248109,0.8976360066104799,1.057813407223377,0.8831991946276463,0.9059367554680204,0.5437606325113474,0.42234590614572043
402,3.306073516605002,3.247567665542532,2.7452340747359685,3.3030963489372875,3.263101615266633,2.729181892234883,-0.6350739591439855,3.4107222946976794,3.382062610119312,2.8548744897872673,3.3985979107097073,3.362828492575945,2.885953457668876,-1.4238992502908165,0.6985549912798888
403,2.505987095343911,2.4608250690739015,2.574642595982025,2.501712417928215,2.4589392081849373,2.582300259606829,0.8224353825819797,3.278481574284118,3.2465581178980867,3.5122101322938577,3.285399838689963,3.2496001917567554,3.501767276221234,-0.6196774793946074,0.34651333993466266
404,3.3553041173997062,3.375760897608421,3.0677217774090892,3.363597925737677,3.3892393868952246,3.065361000034139,-1.0698866650773267,3.280688645454666,3.3203973111303253,2.8521759440332732,3.2927248477448683,3.333021669962801,2.852410514033518,-1.9239126167241114,0.017754930499420507
405,1.885579887632825,1.9070737510909144,1.8443944195782749,1.8768419620166237,1.9077280591684063,1.8448994527070999,1.3427246113326579,2.6051573780189976,2.790773117285138,2.657960041415353,2.595792508258284,2.797576456488399,2.6459944915376865,-0.3492791433053389,0.12892520703105856
406,-0.4342178762775279,-0.6966466987022764,-0.5829187560172204,-0.41919026297183515,-0.7145918758649792,-0.5762090855925651,2.528975693123227,-0.3072463771297401,-0.7608379308952514,-0.6569343826825171,-0.2847792748039636,-0.8208048320286857,-0.6422374696484751,1.2871770642378675,0.7418282577318707
407,1.6968149487193815,1.6918111942414749,1.4718674201578135,1.6951012539502979,1.6861970542112525,1.4660950215434507,1.0521914391709646,2.3324326291653397,2.332469039227885,2.0798239291088647,2.333343676266621,2.3391036854210325,2.073520906415878,-0.3242455614570766,-0.07081039019306289
408,0.964104765154328,0.6333644794923666,0.6162402777041807,0.9986559300875354,0.606177559904633,0.6478197055083785,2.325099937062271,1.8451408059456054,1.7754489531396311,1.9424339005816962,1.8351552916205633,1.7473332350427095,1.9344898161642274,-0.1300543751754881,-0.025708606269558024
409,3.2499419538936367,2.573237500812201,2.2739035801011935,3.2555063043508765,2.560879029326407,2.271450762894308,-0.23783160605919082,3.9959730914367713,3.0298718372482867,2.937650851942634,4.00132558021469,3.020102308166675,2.9444087669446293,-1.9396330827148425,2.2734166437108136
410,0.8742834917382607,0.8001551941108117,0.8733891494619651,0.8688996791839926,0.8195804369448514,0.8853816154639437,1.4424516699721333,1.3917032400782166,1.360826734448464,1.588553638611148,1.3950427123667384,1.4021224717039749,1.5903863850920243,0.4014293180684325,0.755814589825387
411,3.5304663800121188,3.670275564627151,3.399336213760067,3.533193055101235,3.6665123060909712,3.409376267377272,-0.44441135202050525,3.8551993959717428,3.9683805632720968,3.8166729147796263,3.8567981926009165,3.9722418884959647,3.8076903643271502,-1.728575969250692,-0.60468387037505
412,3.0855422725037998,3.0839392983465728,2.8311080479070827,3.0629383481529047,3.088607964942664,2.822059029201586,0.604606654619881,3.839350972778633,3.8033899943304115,3.4048042989062433,3.807531058081254,3.8183156740851723,3.4016585119038005,-1.4451501011020678,0.42561408857929756
413,3.4859689068127153,3.3485214693971286,3.5795930951210506,3.474241811039819,3.3584944366299405,3.564882757093121,-0.7113824786795636,4.054608973603406,3.9279929113907017,4.4323705504901065,4.0702617622761395,3.9317166254789715,4.426618590745858,-2.003536806714396,1.1762945687800341
414,1.7341169084244565,1.8414178195612159,1.9036101312042557,1.7427276881701166,1.8528395542849592,1.9049426340103122,0.9437438814151831,1.742636840935572,1.8973432058690731,2.0821556885717927,1.729544783512142,1.8821780807588158,2.091486495073609,0.40149665436468635,-0.5206529481179805
415,1.95151446045347,2.1474271977248844,2.0871653757228854,1.9609177482990863,2.1450913816462327,2.0952878642411163,0.5088625400537076,2.2275760184903572,2.4804671525235658,2.478345078854936,2.2535955863575254,2.4580640528805957,2.4811556640470362,-0.46170911787215907,-2.2528665138525783
416,3.7388766266069786,3.5968721202292286,2.9557766511381773,3.7451071861239087,3.596696371974901,2.9607767814438053,-0.8592582694111599,4.56201216797531,4.562022609797964,3.786716237584463,4.564838663159884,4.576347399100217,3.7882284695661466,-2.358959601961374,1.0025200886770254
417,2.885335240847129,2.8356415049840606,3.320752236745108,2.875956026080055,2.8334122164595867,3.321003671211422,-0.16298365704015919,3.18387909166375,3.1297860101924107,3.447409913498973,3.182308005246978,3.1340323029971775,3.4551057857094682,-1.5966893817016066,0.3780341542560168
418,3.0519267972689157,3.044651815573307,3.0833025637481204,3.0510818137986773,3.0404805147385807,3.1095837839299127,-0.8189321298723284,3.956238697773557,3.9563545500392494,4.109601893820827,3.9427508788995436,3.9468259158228034,4.128557562867258,-1.8695275539867657,0.27713959992110254
419,1.6242581094155872,1.7068297150940006,1.6294608379233073,1.6447920803372291,1.6751150925397151,1.6337336438117631,0.1829640389585578,1.654665656066094,1.8683724671431245,1.8465129122101316,1.6805939792284765,1.8535091164779378,1.8281744314894408,-0.7908212631288007,-1.0446285490488978
420,1.7330285292489493,1.5712717742154372,1.3661045162359824,1.7295303240080353,1.5605155913282525,1.3596037625572002,1.6539753618033428,1.8930002307726612,1.844192954384424,1.6551442189182533,1.8867664778463131,1.837858080133792,1.6427500411426104,0.3942083727798845,0.3289080083465619
421,4.025118411745827,3.593074763376421,3.0569993329039535,4.0240489155223145,3.5849711732754637,3.0625712368113542,-1.6959553663101061,3.966102507579211,3.5042455423220362,3.086284094133491,3.967467830174261,3.499281746159158,3.0939853191287066,-2.109140600532222,3.2052960721069454
422,3.224741821953658,1.6342010658325443,1.5598253757197313,3.226836229812052,1.6354241418263673,1.5627809392379688,0.5468297877003045,4.371083895479938,2.6006916754439535,2.6915990200222235,4.359474934855149,2.5984004599444064,2.6996073297375593,-1.2811314564272502,3.9850867766873455
423,3.0990444457961663,3.1472451824673553,3.097717768800647,3.1038742089764635,3.143627257360357,3.106840368967602,-0.17764243219656756,3.61376748365849,3.924993283075622,3.94161271106326,3.600261401433567,3.93435293618419,3.9344397226709917,-1.6097741684813762,-0.060940944128382905
424,2.2048200750422726,2.2572303278750554,2.191012140967163,2.214596614771276,2.2602520117781557,2.1987054902313807,0.1463682113528192,2.5569532892441704,2.623581694016881,2.735944013644655,2.5582587172161544,2.6156578562468136,2.7293233271166946,-1.1749483713581912,-1.0559916986507911
425,2.3410979321872167,2.0523562887494866,2.004238791288823,2.3436673210473096,2.0567417595233657,2.0066199525807873,0.36578287481187655,2.7079704445375534,2.4468621594229147,2.5237866000795592,2.689632612911761,2.4532434841554647,2.5323594067822324,-1.109866822209004,1.2375959217581103
426,0.17367904046841864,0.07042380606835551,0.06419046187630384,0.16362126718998082,0.06388972646956398,0.0606144800528545,1.8659337411626424,0.12844405960186758,0.01011935924002627,0.010201855011979904,0.11191976074576263,0.018104363760703426,0.03284469625563512,0.8833231811673584,0.48088227190060995
427,3.8526687587535764,3.531937263574606,3.468352827976632,3.858462750904385,3.5396831662488184,3.465577664825066,-0.734167189303715,3.600078691289736,3.1263731987187366,3.4767643995552,3.6127971757803072,3.119152094498062,3.5010246161193437,-1.7208629039088923,2.3564473035880766
428,2.8717569068975424,2.85804421712909,2.4143956759449017,2.882508550718276,2.853524483692375,2.4096772180931842,-0.07877429590065205,2.5470944584341733,2.568747651995996,2.590278904607563,2.5481820996192774,2.576992166624689,2.5912423393472364,-0.541793401467882,-0.22724500689998042
429,3.1637675359186823,3.0089204154378923,2.9509541338828056,3.1571896136702504,3.002554248503168,2.9490221404288075,-1.1578724160910185,4.103558524023644,3.9624750858677653,3.7271905938578684,4.104786690161163,3.965135227671857,3.718679040047144,-2.6434877506598196,1.2086625219480271
430,1.6980370550995414,1.4685431142752352,1.43177372283894,1.7037549227988933,1.4583553717562594,1.4250226213237003,1.0714516763949304,2.1311752338653993,1.8126424428691101,1.805011053704417,2.099697773609722,1.8214834731256824,1.780013527377329,0.10986247270521222,1.5519954037550014
431,1.984278537220552,1.157775375196795,1.1096478841960216,1.970459231826341,1.1615114088408163,1.1033525164342366,0.7070486624355551,2.2685437025833153,1.5690037228828912,1.4891484139826185,2.25670429529071,1.5487995196554887,1.4945851023557366,-0.46144875963232573,1.8064056938602695
432,2.641987409932411,2.4190741729554794,2.3923691868662105,2.64485726703802,2.421764076789646,2.3903808768264,0.46543963893355705,3.5207372029932236,3.4185774476760913,3.318762047366926,3.515401143689442,3.4038838807203216,3.316882061772531,-1.280709824494791,1.2160957208136942
433,2.4128722956463964,1.9795915988974413,2.2908235946504094,2.4213726022887494,1.9947611595060304,2.3311679397077847,0.014079076556618914,2.446804358292261,1.7806202105448385,2.2214955556132723,2.4444442946359524,1.7549313819680281,2.3314280554043894,-1.1520708030233997,1.8795830048377107
434,1.5421237993269565,1.4557526858366405,1.4800917773939664,1.5411704308729317,1.4476170254132827,1.451274470775323,0.7901940548771209,2.239343776049912,2.1647043802415387,2.2014447387047387,2.247452173744404,2.133936137774836,2.1317097037472976,-0.9539942087370525,0.6807149512297852
435,3.5518491093902984,3.534127144393267,3.1229013444283984,3.560774066434189,3.52925744122365,3.117266500839857,-1.0850015506206234,3.8139438023472185,3.789221385766219,3.241407518305223,3.8226316586281013,3.7922944723893353,3.2630247536635184,-2.133053981883616,-0.696264850520016
436,3.2643831537621337,1.5988727682248987,1.6788394883939928,3.2714655330585454,1.6002758694391372,1.6824457116484839,-0.2603493811595177,4.49042770597987,2.5197520280988,3.046966907935595,4.496696669392026,2.4997402086273244,3.0348159013573555,-2.180954764239788,3.9004713995637355
437,3.7968584832633754,3.7054895796066933,3.8436090500888085,3.8003788142079333,3.7164432730339536,3.8596131465779564,-0.9724407577464995,3.6040282326276496,3.5119079656439562,3.872498680178644,3.592735296821188,3.5093734609818497,3.897668478975962,-1.6208096692574707,0.6935709800918534
438,3.1490872521425217,2.6746811449908154,2.6187312089313637,3.1428216621677403,2.6724635824466403,2.637454072701678,0.4990206742813273,3.8233001187097315,3.1917251876772963,2.9016875844069685,3.822323513222807,3.182624741412126,2.930324728455583,-1.1926567310578844,2.3224950830167397
439,1.5335214496093938,1.5036608736182322,1.3138574298427386,1.5385823067821136,1.5053416198828355,1.310701436870143,0.7976154886033241,2.727056663398996,2.7013833698609173,2.359221279457454,2.737183635952901,2.6993971390546343,2.3585451662409587,-1.6990069033858473,0.5660599460209275
440,1.1100952788411993,1.224881886966122,1.2750268439869814,1.1111079391695011,1.2171160860089347,1.2559653797884107,1.133376139350592,1.9655111760070278,2.1218294624083005,2.2206613133965285,1.9800706012553628,2.1322975457964732,2.243134015961822,-0.5656862806131201,-0.9810975616058966
441,3.671998990744736,3.4249973347443046,3.032287611483659,3.6750225072074016,3.419728010087309,3.0262105761835674,-0.8653464342553213,3.7085441869543985,3.421762206338151,3.109329867513053,3.7051382548065446,3.41385517526391,3.1122164541531543,-1.792582422144422,1.540510546840153
442,3.1813977895133343,2.6418208668430525,2.6361563060213165,3.1815668113102085,2.6587443906479202,2.6356023331597473,-0.12206975479156955,4.140318107272607,3.75131401600708,3.7994147870764325,4.143795462476419,3.766020799241091,3.7929001746915514,-1.7163194646773619,2.119766499450908
443,3.361726375242843,2.919228316808686,3.191633836816877,3.3774864461681453,2.9384891874962507,3.250765113239788,-0.004400026268588213,3.642070372514828,3.1298899016769117,3.2411320268740753,3.6184998532192503,3.1283772644743975,3.212755806312126,-1.4222548708595435,2.581988827336879
444,1.131091328160277,0.009308172632350351,0.007551969585161963,1.135220021981653,0.0017825274711857275,0.003676422885036673,1.5784727313512383,1.5952366253086832,0.17049393816319303,0.13776195250416096,1.5786234027204022,0.20334575818968914,0.16674210377471463,0.36558138483966846,2.631086518922094
445,3.7157644217293795,2.143736755806073,2.23639337884543,3.717494766753768,2.162467428597129,2.2189113614469043,-0.6393164056821515,4.257035860239227,2.601148038488925,2.5102246308932754,4.263698989573134,2.601907680318443,2.5183919565999586,-1.7048156160857282,3.8592490787898788
446,3.197072786713604,3.1023846608509524,2.8026989137221845,3.199333720131482,3.0990164038666386,2.808624493832532,-1.7401221440670047,3.139766394926616,3.012127723610105,3.043039255809048,3.1446884034037574,3.013790716115368,3.047910158674861,-2.1253307626651003,1.899033749699527
447,2.289657116131452,2.4093023445350683,2.2267014485245653,2.2753541668890356,2.413526992930697,2.2347379223159316,1.148827676440279,2.531685885393082,2.7088235660998174,2.6742245336515666,2.5555523307806913,2.7019172208372235,2.7017207275799313,-0.31901737255278484,-1.278887945547297
448,-0.30549739800489667,0.1769398051970562,0.1818735412259999,-0.3324070489022301,0.1753644500917645,0.17407798189238555,2.6939451353371227,-0.7687164986336947,-0.6181140999178903,-0.7561000543400076,-0.7352483420021206,-0.5939015031472944,-0.7989907921558684,2.2165346258341594,-0.4199881858202461
449,3.8640757663644156,3.205538626787074,2.9921583839289294,3.8709125800240267,3.1912718568631018,2.9888101917907064,-1.4305274381378212,4.21478814939092,3.48539492530603,3.3017099309380353,4.2187579189265625,3.487037451263565,3.295179461260889,-1.998170746378698,2.6667079140891614
450,2.188929458086361,1.790641677260817,1.8944362166625783,2.2023203480961833,1.787575084251187,1.8903561142700032,0.23245776138019036,2.755079800246721,2.311272862523885,2.497426319764013,2.739259537993749,2.299134647519246,2.4972606284242183,-0.7709154126617382,2.3467679410145075
451,1.918304766858397,2.2204160502468335,2.307911182812127,1.9233004219921888,2.228725734993692,2.2947614976840045,0.6546849736300347,2.0681452711790893,2.417241478365314,2.4106242363431796,2.0948354818249437,2.4206211366025494,2.4027248392447915,0.14965907373710663,-1.9584253320260199
452,2.1477261162030667,1.7506468606110992,1.9029629321837276,2.1562498651926587,1.7617202978152051,1.9005647199590388,0.610751815581948,2.5639492751539423,2.2767004023918007,2.6861236359575233,2.557719751904341,2.26732330382622,2.6850037849981025,-0.5660538455266976,1.3284146495581934
453,2.3009986982276684,1.8233300722079877,1.902093878832104,2.2966643879744346,1.8150018601304299,1.8978896357890118,0.5577402524039682,3.129199872803838,2.6162414880090554,2.383979115657121,3.1268816998807973,2.622819747680892,2.3837901960720362,-1.7033884487435687,2.399429670870052
454,0.22140556992965282,0.3782411959508264,0.4079696658558373,0.2491615350361421,0.3788606587185268,0.39736367311967663,1.888914150702441,-0.002283229900622544,0.14212822059030125,0.15119411236431218,-0.011009143057770194,0.11107063964848,0.13253857406052852,1.0693509374200303,-0.38046585415389034
455,0.8264148528517062,0.6251519448494973,0.6028707590422668,0.8159834656190934,0.6350937596096006,0.6286432667118845,1.6033634993963328,1.4219960088779378,1.170396087833049,1.278960149218608,1.4091114055085154,1.1904658669983337,1.2430129141648973,0.27590176736615707,1.2413701679485363
456,1.9373781038229152,1.358852656357214,1.337168335849615,1.931773480345898,1.3622168282138905,1.3356740732621195,0.7451961329303088,3.100583698169138,2.606201184035751,2.432316144483059,3.096137101148944,2.5869267597586534,2.42289460403574,-1.1390961071106562,1.8210891531274023
457,0.23859364330553096,0.7059725688721152,0.7763158179379868,0.20254828950732406,0.6675967403821802,0.7804060429652749,1.5500280176557517,1.0900294754669262,1.817427198461352,2.0626455023427313,1.1238035921063345,1.85142195674467,1.973440200909023,-0.05263224779407514,-2.310475604412054
458,4.523047937800839,4.140335102081654,3.6135405036263544,4.511132563061017,4.140006488449004,3.6157780295665707,-1.1891470986649348,5.075253675665685,4.819081689661999,4.087821556770519,5.073046043807676,4.811996402140924,4.08309785151251,-2.338126594608207,2.01527622681845
459,1.9305163990210652,0.9218920083273955,0.833862849772556,1.9359636713605177,0.9283048206629115,0.8271792545021197,0.7099401527574422,2.6410538383717195,1.2395356299205271,1.1021736302908083,2.6317501686699085,1.260816780736955,1.0915366949972223,-0.9220547847814351,2.7145330324020214
460,3.183115292703988,2.2842818219457124,2.310466056164723,3.1681994126633066,2.2878651122225246,2.303498946916317,0.15128954779601825,3.7394421742694144,2.7655422941652135,2.868437693887755,3.755481641324437,2.7759914043867044,2.8733808980489357,-1.4369190629193367,2.4616563360248853
461,2.3770577279435816,2.062573549605401,2.0677285920831787,2.383692710792125,2.0684007040580026,2.058345641238157,0.7250203759894757,2.445659384142209,2.12973295541322,2.128352208711312,2.4393023271214633,2.1382747477073276,2.1247499703200328,-0.5842333064660765,1.8697604324788761
462,3.905006531899407,3.2491319727964054,2.689591798242207,3.913650218859006,3.2444637308219786,2.678587756046624,-1.1271977668610753,4.219525097881315,3.596092946113184,3.2160663674054306,4.221956524310253,3.6074676443831777,3.2170463155491915,-2.114908955057808,2.6051120759132242
463,3.785542402656415,4.0636572643833695,2.872974088300637,3.7897732849926387,4.072509404385312,2.868272637915932,-1.3017701407839974,3.5788219618834654,3.906827527130428,3.182191746058548,3.605837566776941,3.90858865471674,3.1885274644179997,-1.7186675413632095,-1.4334118720695617
464,1.3731957596554363,1.2420016420228621,1.2506541221088279,1.361579807505244,1.243703127790459,1.2628537481004518,1.0378696468741162,2.5258348914847,2.4447060272606502,2.8077444965890557,2.5122662568273983,2.44433552086716,2.8072689704791864,-1.2975479482911927,0.9543143268622097
465,1.8046239067641945,1.9782304146255418,1.746564350699403,1.8110829503409531,1.9635667106309918,1.7432376994711074,0.9556607106993436,1.6648835390713481,1.8775699385710527,1.8011161954195023,1.6743909758408182,1.8788488721491934,1.802333016780003,-0.1773850879408491,-0.3023415312384757
466,-0.28374002793587055,-0.15228889073632626,-0.13856634997061384,-0.28508839067004177,-0.1293865359162692,-0.13334244640378357,2.403627770371793,-0.7039603964737896,-0.3696081279557808,-0.3435365484845022,-0.7068372496240845,-0.3234117392646443,-0.33979716946437355,1.797772312783356,-0.9125799665412114
467,2.0996294284004775,2.1720171916718884,2.0473581755184607,2.1080879669339994,2.193654589865037,2.040956123842825,-0.044879044857957996,1.5345894026737095,1.6265801955542718,1.6151157784477126,1.5341333224795652,1.5951747995794099,1.6082279862262874,-0.7259270740062203,-1.282547848979818
468,2.677093106003698,2.7504378306854385,3.199206844798717,2.676337069292537,2.7424883869540952,3.1967700400191865,-0.047122995214615104,3.009285481418264,3.0873340826136983,2.8224997866758033,2.9953056800241566,3.0929123632937467,2.834913768245473,-1.584053905166729,-1.2917530789893075
469,1.0259248542519048,1.0726686828106846,1.354274046178687,1.0308808789954218,1.0762139802886768,1.3970054082881869,1.3734176471081858,1.1373538708436568,1.201340604905482,1.4880674232473077,1.1309253416742486,1.2514381110272357,1.42190964716306,0.12752767259411854,-0.24166643180679162
470,1.421086976188597,1.016601907351489,0.9095714809275296,1.4175737805859607,1.0185139252401085,0.9082283477087911,1.0705483746786393,2.4668787129217966,1.9604540327386872,1.7802946221340512,2.4614915466265375,1.9464341550557471,1.785492468704603,-0.7189721915911909,2.225029510999377
471,3.6052150129479434,3.697633714154519,3.5488832577374345,3.6121555406315204,3.6949931781239647,3.5451297232440777,-0.888266731497367,4.6467335227897655,4.783060478357653,4.570545929079798,4.662908260307676,4.7882416409101936,4.556185164207096,-2.718372502729487,-2.1735006747961543
472,2.707481705514735,2.54468857431717,2.4646935815397066,2.7023646720238563,2.5508548941538023,2.46698065701974,0.37133597026235193,3.1899748681097915,3.018764865671864,3.0057866621909275,3.2048698588877698,3.0164618135848467,3.0125449996854163,-1.125313490258059,0.9246264514212021
473,5.497614644862178,3.839645838592684,3.8280801589581093,5.507218800076987,3.832444453799485,3.8376421850894946,-1.4901226335156548,6.045766365357319,4.2186061154801004,4.161965126708319,6.05140123518033,4.222073514521942,4.167949463710103,-2.306828624165902,3.7844335007416943
474,0.38812751107118015,0.24079726916863026,0.2400700759320112,0.37904609651866294,0.24059717577578224,0.24366539421662067,2.2215431850465506,0.6052226049065155,0.4713749227080664,0.4798406692271164,0.5944330732409352,0.47872387750005585,0.4759133934564601,1.3370014891466198,0.5060797441062621
475,2.128964444399528,1.6706428827285622,2.0204734630952323,2.1001741771041504,1.6657492384703536,1.9879161543381303,0.21823558988634584,2.611219349717189,2.060112574916798,2.4296488168643173,2.63052402334409,2.063648471779792,2.377713571381102,-0.8015336905680678,2.5107819842547707
476,3.2761700489381482,3.151825650636881,2.9088646365909194,3.259993412412184,3.1468032001466386,2.9180540313216063,-0.2211328818024475,3.4408916150321436,3.2679830436950064,3.4050344297597106,3.4424089996486034,3.281190716509708,3.4132234466641496,-1.5630598777276599,0.8927095313072563
477,1.1550975824533287,1.2708915106164846,1.1419073107603308,1.1706747462037375,1.2752897354920383,1.1616992297964464,1.3648042097717754,2.2925800678088355,2.445374889231612,2.347650035281279,2.2599360995912328,2.4528506339172242,2.387590776384292,-0.5651759484549098,-0.9537783108246692
478,3.383870601485683,3.521821377105451,3.514614996938933,3.3694776000270923,3.5308186689767793,3.513466832716808,-0.78688552853246,2.8624939910286695,3.0607293469317667,3.2097838098480826,2.881660158385468,3.0738449213557466,3.1983565363023723,-1.5593486307178837,-0.9179244875067848
479,1.0560200191040616,1.148115611828199,1.1176740173385795,1.0620276814073413,1.132856386711435,1.1299822206951646,1.452916056202075,1.9882336833450427,2.3116988203886715,2.1369480109307575,2.0093243622295556,2.300677268854048,2.125943569714461,-0.2606687613497625,-0.17012199043470078
480,-0.3699903912235409,-0.004750254199857145,-0.005488858858666391,-0.38805257018513784,-4.399296874643601e-05,-0.017589178480369203,1.987015855300259,-0.22984781957160896,0.18620451175092556,0.22411870436963546,-0.22987049990030636,0.18434878758199505,0.2546319395357208,1.4395092234760718,-1.5209588125809248
481,3.295466137456226,3.2686018575555402,3.1407652624280176,3.2813154079782074,3.2749363771986753,3.142874940598088,-1.2499081637680731,3.797068507199305,3.8175999878929767,3.5606075626418776,3.7890493357488406,3.8124028253257487,3.5737461466792326,-2.615874703779403,0.8467141658422424
482,3.4409812505464865,3.5848933614933096,3.7098617985265157,3.4366671311965202,3.5886237823988147,3.7231920849658593,-0.36694621148706785,3.6863902225157603,3.902661748924759,4.086595459308551,3.651590309172663,3.910853073483929,4.101997395716411,-1.5400168062231199,-1.4806480155782793
483,-0.7907512958009888,-0.7272452530625186,-0.5853598744949577,-0.7821977556597619,-0.7227273876273319,-0.5874538750446752,2.509043312273418,-0.044667739757269016,0.22565201747592123,0.19767685606219146,-0.08423072948002178,0.2587259004067895,0.18247493571925877,1.1996015181820379,-1.3284735306837105
484,4.078866800344029,3.3335045440239774,3.2430920039036497,4.08356724376827,3.3306326525390904,3.2372589028130356,-0.5032014081993463,4.640665649106774,3.8271986609665745,3.577400037396914,4.64763957323833,3.838810473700964,3.5739402001620797,-1.7149465170514717,2.86031502131582
485,-2.480850184159883,-2.3625836286808424,-2.1988696921983895,-2.4748191310252685,-2.3408770678148314,-2.185170493300239,4.3958841349882825,-2.5074972530427724,-2.3288059961925542,-2.299813926049884,-2.5478463736340866,-2.248630088626348,-2.2586848483663666,3.8237641960356905,-1.5605931083444564
486,2.8764069232976763,3.508419573122185,3.3677902264784074,2.871887533262738,3.5194290856383317,3.3686009489666873,0.5268830009410337,3.3863978500293204,4.238477503388054,4.016719529337749,3.3703457025196215,4.256227336205309,4.022575315948101,-1.1325516873034824,-1.4468177308123014
487,3.945634770740901,3.63003457776463,4.12332721400306,3.947123610022685,3.621587606654637,4.099469946954858,-1.6573341713905483,4.13029744697385,3.8171661247229163,4.144860111202557,4.136676422620875,3.8266898917530563,4.153929274387192,-2.3939093786290866,2.6218264786446426
488,2.089133540794627,2.0102166450520014,2.15460726500374,2.0915599574958557,2.0068298542897045,2.1544917622520714,0.6571868222531436,2.176783844840755,2.0852921358818315,2.2500413905364582,2.1764932347596306,2.0841044491470293,2.24444310842179,-0.33123875242325457,0.6899797644074674
489,1.7473319606619415,1.1633934659896363,1.236269356257965,1.7457751835943587,1.15849409724462,1.2424230857876009,0.203030277886966,2.007167312040499,1.2531661299425823,1.45998407560304,2.0185151427359402,1.268344708648964,1.4613894921657113,-0.6790194349560229,3.0519835565460163
490,4.2030405836278115,3.8739790197735755,3.9857650432656064,4.221708577888894,3.8648376920904552,3.9788345431955485,-1.5064896332213522,3.6063095348185534,2.927652211030877,3.4945950710942193,3.5618283767771475,2.8992489635208383,3.4769061084568746,-1.9384749809651995,2.6464078545627077
491,0.8949445622434065,0.25136400279445553,0.24656844247938703,0.8721645596503471,0.2633731097304377,0.24676046740436977,2.418393187296633,1.422585445640045,0.7881179618218855,0.7363296217814247,1.4180535924651743,0.7725988245652743,0.7383432180843188,1.029202856346062,1.2752817221756132
492,0.9134762153147462,0.7545053346929895,0.6639625379964544,0.9015662281286709,0.7426472271989001,0.6690859573308772,1.695829393793903,1.7157475875371324,1.6289172343100984,1.3682402077953129,1.7147053553035752,1.6173592502585914,1.3720602528295585,-0.18992884716416153,0.17200398909265482
493,1.638256841580911,1.7258291891371547,1.5900308261933247,1.6350413391563587,1.7358883446178413,1.58925872321702,1.704855637301211,2.9039845005694582,3.06216805360607,2.82938021890076,2.9060368442737325,3.063018430619228,2.823061628919093,-0.823956983478431,-1.2609824243399208
494,2.575089925052774,2.4714716177863973,2.284426446518246,2.5678621738450036,2.4803529293749316,2.2776579163830277,-0.27197192963117894,3.631486304927967,3.631840249101233,3.247391252144905,3.627625626314463,3.6439148561170613,3.244854545072417,-2.1128746654165482,0.9361443221812823
495,4.85533712152732,4.675305227340035,4.959357126057168,4.850618122314,4.673482848365487,4.949130472533972,-1.1405015765566175,5.175843077689284,4.882999615392697,5.179349874487968,5.1779052075642555,4.881870939330849,5.181145054134865,-2.7451425878045086,1.8378616163071426
496,2.3217910382051845,2.375272051383803,2.2621263818002735,2.3286283381991484,2.368624839924461,2.2589746521384737,0.7867753686995685,3.031349266674259,3.119023229999119,2.8758672072298412,3.02438775944511,3.1191822375649076,2.875168071297404,-0.8038691885924673,-0.3418350930304441
497,-0.04821300165448801,0.03983841154850988,0.05424812413782971,-0.05206724065434483,0.04987859633363068,0.053475236640917724,2.940500897593912,0.6335198851883868,0.8192615351875475,0.9660551140915967,0.6214453409338854,0.7863093721817546,0.9653019595421702,0.9809958604338838,-1.2620621142282962
498,1.6249384478047297,1.3278323561739367,1.3106224288941484,1.625514995672984,1.3204962638149098,1.3219743981920407,1.3562773936951555,1.7957127827939332,1.3595810136844968,1.3339204976053003,1.7866846781315444,1.358286920116971,1.3149130997820795,-0.17593321392842176,1.5962441530345788
499,1.4801659898864923,1.4586023993904853,1.2945603748244732,1.4846688204852745,1.4465277240061858,1.3011537407036569,1.105276745483556,1.1517831988018634,1.1511188452344787,1.1092247985514756,1.1454916365023418,1.19189493018834,1.1079094412638975,-0.17416988683191403,0.47635736761108116
