rep,ridge_cw_zero,ridge_cw_mean,ridge_cw_mean_nw,ridge_wcw_zero,ridge_wcw_mean,ridge_wcw_mean_nw,ridge_dm_zero,elastic_net_cw_zero,elastic_net_cw_mean,elastic_net_cw_mean_nw,elastic_net_wcw_zero,elastic_net_wcw_mean,elastic_net_wcw_mean_nw,elastic_net_dm_zero,mean_cw_zero
0,-0.45032475235378805,-1.5592778784534356,-1.5250096851437014,-0.4586941791492173,-1.5702396717619873,-1.521332426672506,2.5475258237437837,-0.1624614024609709,-1.4382544769050611,-1.4069763863031337,-0.15836983080728326,-1.4487199618921505,-1.3936531861761232,1.9827269704512118,1.4725921936110278
1,-1.0568978465096799,-1.1990263737843427,-1.154184494971522,-1.0602532890230885,-1.2018841333993688,-1.1587199627947489,2.279892909154118,-0.8891172662222393,-1.0442488823097171,-1.0043660053390358,-0.8833512589849831,-1.0440058089569422,-0.9999923276506404,1.9374422579038617,0.5705568149512696
2,-0.4072534938083249,-0.24927782961487766,-0.24181786669215646,-0.41956537829982327,-0.24798108854721235,-0.25088999910588683,2.726162498227475,-0.49607654106930327,-0.26994878979334586,-0.262053842596148,-0.506743442026682,-0.28354763951219425,-0.2727566649280276,2.3854041973661873,-0.5111762591144676
3,-0.022151433053940496,0.007118466998375274,0.006958228630195269,-0.02534125896484513,0.0037167577750106006,0.009128207002012528,3.297260225792321,0.09219545833623907,0.1137622268115453,0.11112711272146474,0.0916819751188962,0.11867276771040805,0.11230316966135438,2.6875649768413674,-0.14535257717298244
4,0.3462280118349587,-0.916555459074674,-0.8929576380781385,0.34875712696407385,-0.9218889242955924,-0.9007418227881261,2.034573138823243,0.6692231943032433,-0.7322132486509021,-0.7151989237171312,0.6723315329700399,-0.7322961808753983,-0.7206897534472001,1.3995166056654518,1.7284477845653736
5,-1.86232924816461,-1.744977476044038,-1.6904957530541957,-1.8612935538439503,-1.7574328258976109,-1.6932817371436817,3.5429980113373656,-2.1637348765579025,-1.995831409747453,-1.9327090152688025,-2.186591464139468,-1.9872067284652934,-1.9420112728206593,3.4815527955908503,-2.0192305399044983
6,-0.36859341293538533,-1.5732147845669373,-1.5443134151115507,-0.3698706391751724,-1.5701130821676423,-1.539232482525509,3.847615132380716,-0.1729282874925999,-1.35708568058364,-1.3322707729864107,-0.1709667789866314,-1.3654203743518498,-1.334916269495903,3.3338597887601042,0.48332592741100083
7,1.5437106409914703,-0.7866574683797405,-0.7632366400511884,1.5460347086177455,-0.8015327683842047,-0.7600204139997092,0.29090407479231806,2.0453872241356725,-0.3685018643029837,-0.357155991300149,2.0411321212194333,-0.3701005841472345,-0.36334594830304434,-0.42332900395754636,3.235662274324685
8,-1.7166754668089816,-1.0439307354380292,-1.0173798583559424,-1.7114376065493393,-1.0321074411778062,-1.018361682299571,3.5060091625288563,-2.0708128375846795,-1.1914695035652383,-1.1605196534035132,-2.07268686192263,-1.2008069640697034,-1.1500617222362537,3.399934736733432,-2.3220934031596103
9,1.512854046072657,1.568594009207739,1.525274760866806,1.5160919273693023,1.5674774924721777,1.5290657478829832,1.2509578185826034,1.4458352392043936,1.5333848020225194,1.4923436887936579,1.4545457395677521,1.530771306138806,1.5004762043052497,1.0783934318713604,-1.5983473242517252
10,-0.17582909412871098,-0.8922721255702072,-0.8723622829778449,-0.17437861542921698,-0.9104183493582964,-0.8611065733818841,1.9224244898526563,0.15487041537549504,-0.5363936885568743,-0.5252071035219695,0.15570627196043402,-0.5564573340489366,-0.5111760624345091,1.3868875537808403,0.6238954443603684
11,0.2569395536170484,0.627276873580804,0.6075743183950093,0.2601399881094185,0.6362774399075226,0.6071753749806846,2.1177927727365096,0.4270195913825684,0.8461494713889183,0.8190429272002034,0.42330233349782737,0.846558988736871,0.8270756127973338,1.6632478561217294,-1.1793903819854648
12,0.7360883121399271,0.7513639787633486,0.7366824418861107,0.741244894769074,0.7601999029352045,0.7488481663593565,2.364024655413786,0.6319624531553834,0.649264531703321,0.6369470564402501,0.6341323155318423,0.6468848541752766,0.644242550688837,2.224738127226387,0.27854328777081233
13,2.065107078351073,1.6960067124056608,1.6654919496253207,2.0506568197397987,1.715403031672461,1.6581599937072038,0.7915202445857811,1.990316180924457,1.543453784383195,1.5148974995573836,2.0145087141798217,1.5273864278644114,1.4999831480497479,0.8085478082156219,1.502125269919824
14,1.468423750070046,0.31929886164825283,0.31113147968111216,1.4610980978984964,0.3317330994662765,0.3055140968762708,1.1816612165554705,1.7248667806567173,0.5101320039938159,0.4971257326446024,1.7298013578429887,0.5002288086412304,0.5037749913708445,0.8056280419823518,1.8706299677570717
15,0.9953809839475023,1.4635874529306827,1.4461831198090327,0.9941890705545601,1.4612333880295745,1.4524037041167932,1.9063257259460757,0.6576758614308298,1.227827182001581,1.2113499986232592,0.6536811662264839,1.2375616713340134,1.2064059949173287,1.651001125850087,-1.0676856422351815
16,-0.46124404855921053,-1.3724100249459725,-1.3384495304327493,-0.46115081963068144,-1.3670885989246633,-1.339025902312821,3.1677261064218727,-0.4450779461898839,-1.5410999609762017,-1.5009672221089787,-0.44690176727562797,-1.5467504605761575,-1.5076277671394631,2.8312425072314014,1.1588690859049022
17,1.1136806376251296,0.24257406358578795,0.23365014281446295,1.117562765831053,0.22988961550909454,0.24043767758725715,1.3743251037988156,1.1729575529343998,0.14829527590581115,0.1428156477715951,1.1753408104032528,0.14333409008440545,0.1545351401014191,0.7606362121374334,1.5963978548213775
18,-0.38301676806541285,0.007134610706142977,0.0069656812136646784,-0.38587206105176863,-0.0007059719630924997,0.013332524903430646,2.6201401555102346,-0.7135567135949981,-0.2638713490163987,-0.25755733441734696,-0.710607038766808,-0.27725575201074854,-0.26316297564772106,2.4070200949903793,-2.49829185297936
19,0.6578824605059226,-0.09102425437196865,-0.08941788741292708,0.6504131725161042,-0.08241043519364893,-0.09045986633822903,2.234567253657777,1.1426463924168613,0.3706720024706542,0.36395858711683005,1.1299365599467772,0.36847472645227,0.35589514207840794,1.4737115619700092,1.967605453830073
20,0.4126543243787062,-0.8448842029945981,-0.8243868995655895,0.4222184240216053,-0.8452491931414864,-0.8232444941104964,2.215068541482412,1.1400156351048192,-0.06705692146454376,-0.065825028207235,1.145503066544812,-0.0781473552046417,-0.10213814511241665,1.5305614166369168,1.1916453054267024
21,1.7360409219883794,0.31801290962622547,0.30826197027757485,1.7299342749369424,0.3156016539581282,0.3218577937501972,0.9290459437380629,1.776822945523394,0.19994365626327723,0.19373864584063866,1.7758870336301038,0.1934901231230472,0.19424123377243793,0.5925063462389975,2.880315122838095
22,0.08846358557466313,0.3464663716724899,0.33767865292625043,0.10109570510598818,0.34069938289611484,0.33487559905157727,2.7851693611798836,0.3059402100961871,0.5947949415284027,0.5787875603785912,0.3033094087343039,0.6011989497779394,0.5810363378753926,2.276518617233836,-0.49901136084576575
23,-0.4612279756367112,0.16495798133258174,0.16004991794077553,-0.47381872051002005,0.15698563448356537,0.14520910402571485,3.0441618358813383,-0.812999388285977,-0.124597078746621,-0.1209802369809326,-0.8172432073933568,-0.11033884496771423,-0.12887296003046544,2.8591314371806913,-2.5209923307530935
24,-0.8730010030027539,-0.8903811694819259,-0.8875109185571275,-0.8836893751983715,-0.8855854572831525,-0.8765645117140227,3.2024126704634472,-0.8570611222030186,-0.8585229062326748,-0.8557124322474816,-0.8556651651107532,-0.8606403963997993,-0.8557374497599433,2.7946256659199813,-0.321977300217045
25,0.12772092325130274,-0.18747813600640195,-0.18228770279188858,0.13065875577193006,-0.18864702940573377,-0.1869633799388743,2.844102489151548,0.48445118060329884,0.2857111380092931,0.2770254783200774,0.4819649081205644,0.29418140637206086,0.2768844290075164,2.148060057562697,0.35960869565443626
26,0.11664467729341135,0.2648242371987012,0.25877456589827064,0.12380245719188862,0.27543621045013,0.24844791389563076,2.111737265736169,-0.24987761565999972,-0.10005435454546574,-0.09796389108053817,-0.24144866200310885,-0.10330488387168318,-0.09771683415165353,2.138338974371381,-0.7703770478391514
27,-0.020131213137363522,-1.2922636263394445,-1.2660592988262664,-0.015389492760395666,-1.2934016034202511,-1.2664377110882818,1.6883424697323544,0.3798682925162231,-0.8859834204978273,-0.8648053295128497,0.3707221005451295,-0.8998502261509116,-0.8669097724550464,1.0073917711215816,1.466948218743487
28,2.9459695082764035,1.9724130387854582,1.9332496109934447,2.9505420221684027,1.9736392317875404,1.9287716419376781,0.10078028816926893,2.894114720888989,1.8570666240907807,1.820693985728973,2.895364680488992,1.852954294491632,1.8219523584184376,-0.18864232780360024,2.308162223757489
29,-0.2978077534858341,-1.4471586761202766,-1.413858377498574,-0.2987770826315899,-1.450224045656203,-1.418892867120088,2.289678958310507,0.13052751016561648,-1.018951949643557,-0.9911857320335669,0.14264476032599824,-1.0033562339938213,-0.9907742072929133,1.4900148454084141,1.5552459461865744
30,-0.940110229672706,-0.6991214083182664,-0.6809755323551875,-0.9384922165103947,-0.6958689521766978,-0.6680600394933888,3.2373695823425943,-1.110554158500286,-0.8153847371460786,-0.7955894432931917,-1.117264384131735,-0.806687647155822,-0.8006924114803332,3.1470651386935384,-1.6034293898152372
31,1.0785331742391757,1.2275613973171995,1.1972361768637372,1.0861331151410154,1.2306465902291566,1.1805658939359789,1.4497191348504763,0.964276573694225,1.1313171975010778,1.1011891899527901,0.9582192673488673,1.1333539871259153,1.089693799992641,1.1833387823600374,-0.994883487655624
32,1.7697019900527005,-0.19929201379936187,-0.19417460372719408,1.7658466226072393,-0.1970069745245627,-0.18796772442296622,1.0220550042871102,1.571705967844738,-0.6558872443711162,-0.6361548433397352,1.5716621677690656,-0.6477840090436221,-0.6399699600868771,0.8841510625110733,2.1783104594129648
33,1.5149142794002637,0.5720934172549595,0.5526035170152925,1.5142472985852988,0.5673632337491034,0.554125827914738,1.256320374311128,1.5541113068938912,0.5741206034152201,0.5541128689597394,1.5552773772581154,0.5770604041063692,0.55982221793739,1.0975483037115539,1.9952149599283915
34,0.689241465018622,0.42293675870054664,0.4126387501209672,0.6876283976911214,0.42936712489249357,0.4353156367849312,2.0451519946645598,0.6361794404963884,0.1907638047866461,0.18608070670259724,0.6590178231682392,0.2131209952169457,0.17229261604597798,1.4021036960959465,0.9168414748036507
35,1.1775038428968132,-0.017000777230541407,-0.016579188673832932,1.1762995743576723,-0.013383189943805758,-0.013118512971479873,1.7911181900651858,0.8026188769345001,-0.6958887937535976,-0.6811733576689265,0.8225633777346499,-0.6774473563575001,-0.6533707466973063,1.609886616468239,1.424674485715974
36,2.162908660829682,1.1422505423420082,1.1135571924659515,2.1701026321594497,1.1376296913893278,1.1044760227237143,1.355773285577356,2.165976798854592,1.1350218818366384,1.1072244086813394,2.1643068591431804,1.1314843014097344,1.0996947236135413,1.0617934332550318,1.8402141881222378
37,-0.4649287709722089,0.012574653156233757,0.012377826552208027,-0.47914355838308553,0.011903795988376252,0.01066690962361269,2.395232381325294,-1.7086156550104346,-1.1839595836614991,-1.1643347889063451,-1.714653644595509,-1.176873507505912,-1.1607628465184323,2.9759703291661723,-1.0864484074642362
38,1.3650828924323595,0.1680278970753845,0.1644941697962354,1.3667291797632801,0.16332055489763175,0.16350632208000354,1.214185265501709,1.5318267421261973,0.2863908163316234,0.27908100675518294,1.532806106550724,0.28703603273842593,0.2670637250465601,0.589019797329466,1.8964992488011325
39,0.7323916769777048,0.3395669410407496,0.3356335544973972,0.7275921719277656,0.33171600788101707,0.34705241731347714,1.6626339213251937,1.0544178957702113,0.6703483458272361,0.6622363281957291,1.0621202528957077,0.6712878071750157,0.6460796889311057,1.0291227170184205,1.04594894095703
40,0.7724535042967677,-0.27538543541502425,-0.26947158089441225,0.7729009599467357,-0.27945452582819647,-0.2650494796501257,1.695052039742378,1.0644688252799333,-0.10933279436867133,-0.10686894228694055,1.071610407134983,-0.10210953122207973,-0.11914051084500793,1.3112142845036494,1.6334729922562135
41,0.6359125186334847,-1.0413734334991622,-1.0161325780949324,0.6351932308866179,-1.0438822864742723,-1.0198817634722568,2.0687044363210543,1.0957124616418867,-0.534919936801452,-0.520726652100788,1.106931026420866,-0.5300952630120429,-0.5084554124469989,1.5167739178048245,1.8728445405324219
42,-0.17721900653071207,0.1453844245013707,0.14168201600620858,-0.17400074160342602,0.14498623257964463,0.13551216048037762,2.668272484757023,-0.317374589232542,0.07404550661388344,0.0722324694442575,-0.319037079042154,0.08573809053510156,0.07630616694168921,2.2571598861947386,-0.5997616865178538
43,2.902816491793858,1.3780303223020964,1.344485057425443,2.9111771015338825,1.362332308977231,1.315506391830802,-0.035538349157220914,3.075069554059603,1.4819870160018693,1.4432902380929895,3.0773237876465243,1.4771646816376673,1.4420667051924652,-0.5400268367883917,2.9972645925443873
44,1.22293132523988,1.2107717483719989,1.1776221232231945,1.2113814569603762,1.2121357525559626,1.1713579079411633,2.1247948259181157,1.4034679694470467,1.3909894628167263,1.3534270968699456,1.411352090965643,1.3975841922601333,1.35708829474442,1.5121176079843588,0.2894177270601338
45,0.08993868893836142,-0.17078565627621153,-0.16708010612569987,0.10038070077164758,-0.16540573586872198,-0.168081224793925,2.230910914260626,0.0401339167769718,-0.30074767813692144,-0.29384780771055324,0.03245329888535507,-0.31115975135527457,-0.29666223227996463,1.8921277083305916,0.6489160684461436
46,-0.0552372033929013,-0.41003578685214237,-0.40093595904554896,-0.06216777475427942,-0.4021333077312111,-0.400907116178888,2.118267909409147,-0.20514871180304547,-0.6613647076319519,-0.6466205857089936,-0.19949643121890498,-0.6696996603583945,-0.6371134177743845,1.8671203957884919,0.8827934465182592
47,1.5207452137026696,-1.988195031707042,-1.9559571739780652,1.5189341904331704,-1.9875639130565186,-1.9808879434228974,1.3717533178123555,2.108888080062402,-1.9409923459445844,-1.9000530268143676,2.1186281221903798,-1.9118969195580098,-1.8948456410101546,0.6361740273902388,3.3140239210257456
48,-1.2737560229208962,-0.30576945203187794,-0.2952681440206751,-1.2754112685951113,-0.2998266996158116,-0.3016630541547322,3.015526231065297,-1.4793476912794599,-0.21638108119910085,-0.21026593586943704,-1.470233639157023,-0.21310653499475302,-0.22119396164293448,2.7319238019713445,-1.3727591697648174
49,2.2011188792362173,-1.7481079934794441,-1.7130210431712036,2.205516221158301,-1.747111770756512,-1.716922166374702,1.5163699735882803,2.304048917285421,-2.001405550544998,-1.9553868122828133,2.307178490019857,-2.0088454876224415,-1.957313700681637,1.015821499628584,3.662391487069047
50,0.3914293812031018,0.3407185316823129,0.3337756864487005,0.3941833330615503,0.34003201855152404,0.3361435213399184,2.1833975647907167,0.9033980781900502,0.8477963836422178,0.8322681898212209,0.9013435059442121,0.8438004574306038,0.8305653453914711,1.9863291668553504,-1.5277626257912271
51,1.817633331473366,1.5509952822091535,1.497189211862815,1.8250550132732215,1.5462016681334863,1.502058767837842,0.773470581150128,1.776054790170462,1.5114651350523824,1.4577016118278456,1.769024270859167,1.5140573432056,1.4644935851666463,0.4861668407253888,0.7338721570403018
52,2.2909277627540496,2.0865040838722875,2.0474637743971216,2.2851073417487635,2.0840046001793318,2.050084008488801,0.7532060928088746,2.3888792441443045,2.157811858865075,2.119744822990488,2.3941805456943293,2.1602786214669663,2.118650884106322,0.3083112062596004,1.20235148907876
53,-0.9216736303507728,-1.3320633476678707,-1.3070368749472783,-0.9165258819453252,-1.325594435625639,-1.3085415383428491,3.1618499926985506,-0.9101222515362624,-1.445741675693428,-1.410482914148143,-0.9090981095531656,-1.4403161343261943,-1.406013612875965,2.6780023067052485,1.4406634052292913
54,0.08576974052639179,-0.13809352599760844,-0.13409119264476713,0.09312886636785503,-0.15708535334055565,-0.14189050749671012,1.723572232484276,0.07145833598011567,-0.2629348225016066,-0.2565638959568741,0.07083367933011808,-0.2890680185794232,-0.2729825565359078,1.496200134280497,0.30171870617000013
55,1.5299279390864515,1.1598917722082593,1.1302050954962508,1.525114910108919,1.1628672869455445,1.1255186223703364,2.1839618004144024,1.4955943493016617,1.1135669317120818,1.0854419279102643,1.5088172839654337,1.1138918523305719,1.083882756433438,1.7548386669802918,0.9280060749454868
56,1.9465932814794724,2.1426382394646626,2.0789706858631725,1.9425972881619709,2.1412301741129918,2.0781106333354926,0.748056496606528,1.0009048091155797,1.2329684716309584,1.1965630476926787,0.9859646995473568,1.222724914808001,1.1908122410086939,1.193971916760031,-0.47520725930503654
57,1.629555260989106,0.47643146990877544,0.47106175209802065,1.6246393811587205,0.4659593055489566,0.4601050249960095,0.8130116688331935,1.4364486733367337,0.08302006907892598,0.08139548306625216,1.4284372914415566,0.07350290058561565,0.08677455416520588,0.5742625591800233,1.9387980638375024
58,0.13299875776010706,-0.6285546287285803,-0.6168423349214653,0.1378786152988078,-0.629390577205277,-0.6259081903975425,1.6160587487834237,0.23335133359507773,-0.7582521688037155,-0.7413670058140284,0.23096351187356914,-0.7547763352458877,-0.7332150175372214,1.275435309419531,1.3109444083804418
59,-1.3779598279493621,-1.3767023216131078,-1.350438150660365,-1.383518997100861,-1.4008807612734737,-1.3577971258277814,3.2473305351624604,-1.042812649050984,-1.0130479107212724,-0.9936709359997332,-1.0410208042034286,-1.016765595109587,-0.9959205724662084,2.681466544176177,-0.6303667069807698
60,2.857050913034422,1.0993265905960723,1.0806460660842696,2.860478240901095,1.105732881152323,1.0811801185529653,0.4463777530403208,2.9108226198371665,1.1906610379663407,1.1717979807336845,2.9140607835495276,1.1939433024339863,1.1634235443177183,0.1856050778862587,3.0298129432797714
61,1.1009411843791008,-0.8918948414479424,-0.8788065606326849,1.1078573465068249,-0.900471180990703,-0.8788782197356642,1.7439243405996119,1.1790648021528012,-1.2969940870619645,-1.2778624163604098,1.1764707623189377,-1.300190726421024,-1.273948045862664,1.2382117571255589,3.456026455972312
62,3.1803704392541907,1.426400612128266,1.4029320798367395,3.187207198682704,1.4282587400999758,1.4023095379217263,0.4746707262406293,3.206091532098256,1.3614799461032612,1.3381454147424785,3.2083684687844367,1.3578765386575442,1.3337223824052666,0.2438428883430736,2.773696126508428
63,2.03505012724541,0.20088206580176496,0.19848517353459427,2.0341789132648076,0.19767116034771362,0.19755562041616712,0.8645188705223675,2.208688879565989,0.31000316874742795,0.3062883513984663,2.2012329062758904,0.2918346766547232,0.3044990789769996,0.47161334525335713,2.462194565433869
64,3.826781812435999,1.6477697467231114,1.618144460961393,3.826050897627571,1.6484001343152705,1.621354208737213,-0.54280159219771,4.087421538712902,1.7738278815153419,1.7411262687942781,4.090583908790316,1.7720600056346185,1.7307778634111877,-1.1105126187762902,4.100557572559659
65,-0.3324321428530243,-0.3984339484201153,-0.38764826564163557,-0.3255341836665174,-0.3823716281078423,-0.3906974045251382,2.222948863611112,-0.43683561201736415,-0.5665549680975591,-0.5514220956727393,-0.4349013891370806,-0.5731971757079646,-0.5474430758013515,2.1037990436021667,0.28120725398117397
66,0.4729953615574584,0.6144971351928521,0.6053930805226942,0.46768610139788946,0.6064734492269753,0.6009708729578354,2.1890708559773984,0.1443545244283241,0.2715616442726932,0.26722115323716794,0.14620163157918306,0.2685756389590601,0.2642639359597286,2.1760981164068864,-0.9306512391416472
67,-0.7322469067503332,-0.9747336048948874,-0.9437239846770589,-0.7285015041612349,-0.9780676304578004,-0.9362701562476593,2.725282313222324,-0.8115416151487136,-1.0389700430674413,-1.0061300473431907,-0.8019342506085231,-1.0441798444661774,-1.009776827089368,2.5166018432143322,-0.4047631295735752
68,3.536642380379163,0.054025718725147616,0.05267909994678415,3.5246394191167894,0.0570363070707337,0.030729185773368525,-0.8023512628287064,3.7669082209567515,-0.005260573182300941,-0.005131721332480428,3.7726188352980805,-0.005114439263819947,-0.010712331845330188,-1.1612759061425946,3.9199512632242155
69,-0.12516417750878658,-0.3986988175591824,-0.39275994826255334,-0.1306060966110402,-0.4036698153196235,-0.3971611648742814,2.6438253760775763,-0.16808080651918222,-0.48466982166298256,-0.4765195202057783,-0.16523981304228005,-0.4698530484045999,-0.47364815838553753,2.241235263731816,0.4303816238270803
70,0.21685876963339376,0.08190822821869853,0.08068430993867858,0.21593029303836253,0.08803388146512431,0.08150344588072621,2.2703482482183546,0.012068989691356023,-0.19949961057244536,-0.1966621538172695,0.01458842416871632,-0.18942827695730788,-0.1896014316970584,2.126787340285332,0.4729480669560116
71,1.2262052207309555,0.8790234897776193,0.8604921641884544,1.2266496172591572,0.8712170151427726,0.858775317290366,2.3402122683428463,1.1120395538203578,0.7037104203609853,0.6901653835194171,1.0939314050090685,0.7047908602129224,0.6993029564991718,2.07436206097481,0.916296708801668
72,0.47756363369644156,0.22608575598234934,0.2219519233035925,0.4643872585780488,0.23404227581392803,0.2190052314921321,1.9018140123274554,0.5834335228789,0.29024183540012766,0.2840217500387325,0.5957228828978087,0.32153783110139944,0.2832456237926453,1.363548902010716,1.025440334108967
73,-1.2531966468253781,-1.4194863165864358,-1.4003535251694568,-1.242585903620507,-1.4301647457469406,-1.4030928250504449,3.6565132819810806,-0.9904740595045206,-1.1702624153398604,-1.1584717330682002,-0.9746624315021317,-1.162300377494615,-1.1621996849154121,3.4634031184268967,-0.24576356406562572
74,-0.5236194854557386,-1.420370034376573,-1.4077020478832452,-0.5180570703447308,-1.410367173526386,-1.4086480773355468,2.5661623394997877,-0.13980911628334666,-1.2325945322970768,-1.2202163173027696,-0.1497554454035344,-1.249379389978376,-1.2019129882128994,1.8992662211542917,1.873070292181458
75,0.2427336094043657,-0.9636080524365788,-0.9349171003204397,0.25435995376107884,-0.96172941668325,-0.9402280099902673,1.725880541983073,0.42846186501633227,-0.7944781772913785,-0.769785511400354,0.4375240525887743,-0.7937530349258131,-0.7784958478950473,1.3718162926819595,1.4340753558013684
76,-1.4486743412431273,-2.856378350324754,-2.773496109914322,-1.4439050042923283,-2.856476031158232,-2.7586789572143458,3.1446664193751563,-1.0334131996688838,-2.949023823469088,-2.8651004593213574,-1.0297095049244398,-2.960651218917376,-2.8609217603925967,2.582779889068225,0.8776276391122666
77,-0.22030885100996506,-0.7088876183340174,-0.6976147150015838,-0.2244971319554919,-0.7084657195908749,-0.716411160126489,2.4023568075735082,-0.07356763688843194,-0.6222073607369119,-0.6118123877799887,-0.07543718271166876,-0.6351422898423899,-0.6077096068508304,1.917206177825657,1.2839772418561433
78,-0.8462570153310695,-1.8088820456301369,-1.773350815342832,-0.852699082464628,-1.79976491252933,-1.787269560063201,2.9560830248252614,-0.7029977804926186,-2.086106762030085,-2.039038877542752,-0.6931131407638341,-2.102794855146132,-2.038362748032481,2.360266354308988,1.7675284833785638
79,-2.155578544303019,-1.8954201181902075,-1.8735169490999164,-2.1487167219760908,-1.8951321076409173,-1.8787025327289002,3.6267908728007052,-2.1522030421538543,-1.7857827972974003,-1.7770970472092644,-2.144178375167409,-1.7565435742179798,-1.8042833220432797,3.20236171040692,-1.2869290461366558
80,1.2033418189918463,-1.4684120660402857,-1.4288771366122812,1.202754725173624,-1.4773505376419802,-1.4166093289724393,1.461754329473924,2.3921892554116857,-0.4694099114918114,-0.4580724233629719,2.3980956791139163,-0.47926635706031073,-0.4356229647134792,0.4313915968439156,2.851831307675109
81,0.27395149123742846,0.6998724079556748,0.6799471404017134,0.2706073599729981,0.7007948671681214,0.6740655392180771,2.19319265813111,-0.3089148516425907,0.22939536918772022,0.22302461137158908,-0.2951868905944964,0.2591623565641815,0.20623738921404675,2.109947187594141,-1.7225004182932813
82,-2.589538229458377,-2.5218313077384455,-2.4456691427670703,-2.572096846580576,-2.5235989526237295,-2.438275203756857,4.650196426694632,-2.2423161056742575,-2.062337555843398,-2.008093584303836,-2.2542377678127337,-2.0614096427545245,-2.0123716815420893,4.158811123205469,-1.0103938276497788
83,-0.38232590403916056,-0.37072659888169734,-0.3630734091053091,-0.38556442416637626,-0.3753410510424304,-0.36435287431729535,2.716008050135519,-0.3335908494799381,-0.3026850138931929,-0.29671115235786577,-0.3362910419500113,-0.30743626815793007,-0.3091985701399974,2.312332901136873,-0.06196327324761791
84,0.5700087432440072,0.371636728125628,0.3634454074208078,0.5732185510997307,0.3722613179239152,0.35841873693195236,1.2791820180880802,0.4243299919413095,0.1705630090562993,0.1668863695577965,0.4179964060776577,0.17818666121942683,0.17032356699796897,0.9959636244197176,0.7051052133657246
85,0.4985811510897083,0.09798643851427595,0.09660125448520929,0.5048266704794474,0.09683439151180566,0.10931420965889665,1.7486812184743918,0.43845305375065785,-0.035534443309229585,-0.034868489986967614,0.4367182952856909,-0.034030884097481846,-0.03000589049190595,1.4362135137084002,0.9389729446922315
86,1.0432987397986435,0.8177973833561553,0.8049534476111232,1.0366462731527897,0.8168951461893373,0.8087429143875473,1.4598694041604492,1.0950502069110337,0.859096493356421,0.8434142667278831,1.0991275406209307,0.860056228824558,0.8385531031159247,0.9952642650798824,0.7915279249510204
87,1.0599019318369627,-0.2442973482240914,-0.2411088210986686,1.0644366341246154,-0.2395331595164868,-0.22564891953217603,1.644557662351149,1.296850593036769,-0.09991477943208853,-0.09854526082891427,1.3011757630923777,-0.0862427164924126,-0.10468834726795152,1.1295829448186394,3.0092721859344467
88,-0.3363798699035309,-0.5739402356052254,-0.5653033494542172,-0.3313910450242665,-0.5773530933920414,-0.5678840820481167,2.6491674036509627,-0.2898619705714392,-0.5587805183456874,-0.5491906585713766,-0.3042266538499175,-0.5557208074937738,-0.5429025027994238,2.2232100558028396,0.8731411646162408
89,-0.3399436376228208,-1.1184774682753307,-1.092216706777891,-0.3216475618399069,-1.1287848726699752,-1.109327285584937,2.0898263676340654,-0.5823528691846191,-1.5596518371725294,-1.5200741262971784,-0.565207648393649,-1.541599356786289,-1.5058581706746261,1.9457486250217566,1.5643026786319567
90,0.2953674008393807,0.15100966697931087,0.14681108838299806,0.2984750591603008,0.15473468143197314,0.1523729668997913,3.033117093470931,0.35138043834051746,0.11988853911996669,0.116670974854945,0.3455612208840518,0.11403885272846605,0.10189507873904236,2.430798414153815,0.6855180713630914
91,0.3730001935478237,-0.1568606087593954,-0.15517497785112183,0.3754830812017358,-0.14906259908663066,-0.146579217742214,2.083867103616492,0.265418892200394,-0.36161867604242354,-0.3583287686224273,0.2595771941990127,-0.367784363378294,-0.3589174631116103,1.9793109373476874,1.2023916755419664
92,-0.5374599845841673,-0.5148904967180975,-0.5041946961184746,-0.5369533338126411,-0.5233090411428865,-0.5146968358158942,2.752622134844191,-0.6510614283921027,-0.5935145304119074,-0.5811928163769332,-0.6507933959875691,-0.5904965856978215,-0.5829979050114634,2.8401391769220696,-0.45002425662350165
93,1.5844968734964475,-0.4256225383222292,-0.4141487733013719,1.5793953796482918,-0.4279068841913296,-0.4028500881419381,1.5762676575385752,1.8179558562496543,-0.29370477673041223,-0.2863023054465674,1.8168611544001314,-0.30844002572023926,-0.27289583871324774,1.035222127484544,2.6448595895057045
94,0.7142505349845988,-0.23008518386240767,-0.22418065820916322,0.7182795616215163,-0.2258691153898529,-0.22897778112651682,1.1420324130638706,0.6725655839721076,-0.3990819301068453,-0.389702537673,0.6793195003710116,-0.38885401485779186,-0.3887118508959015,1.0399380657117927,1.523866049687631
95,1.1701389223168055,0.6851315802838845,0.6726935796049278,1.1674395532130373,0.6921953137617143,0.668079059482807,1.3771553107130268,0.5986220646501309,-0.029940741996751716,-0.029337431716675785,0.59808461269331,-0.0356473275747288,-0.02136666591137015,1.3019435061112499,0.8729337936453898
96,2.5757016143306677,1.3330225731307277,1.3046543756958737,2.5757381914949344,1.3260976653147265,1.3000307672152722,0.6327514433135044,2.6334365702449483,1.5577189159283154,1.5149903748855114,2.632334297886635,1.552521874711862,1.515528418625871,0.16609467561866698,2.482054284636855
97,-0.930880830196467,-1.176087578225595,-1.1403993845772662,-0.933204646800073,-1.1726574446794429,-1.1350527368678054,2.6512333230920166,-1.0488761870066878,-1.4963535617148596,-1.4533709426071826,-1.052586984385524,-1.5185139149708098,-1.460105898401333,2.471175761154379,0.05946259775509852
98,-0.8701610791927121,-0.5784430801627517,-0.5705833365938848,-0.8664055925992317,-0.5744267169736461,-0.5655332257229012,3.2949408339720194,-0.49911182250660496,-0.30361713097706006,-0.2989141089403444,-0.5039176289782556,-0.2997212599074465,-0.29957818538889197,2.6104720272172215,0.36199913871522227
99,0.8839574663749251,0.8329291789013181,0.8131024825179081,0.8863031741370638,0.8286573038150267,0.826212519161649,1.0174095703460806,0.9341491278962232,0.9229805542091457,0.8992820043657693,0.9319757284842608,0.9110276171790552,0.9031064543793954,0.5062330665853337,0.3276938272446861
100,-2.366537653402797,-2.827229224896705,-2.7539151275928755,-2.370934479224441,-2.825609529434464,-2.7554898619140746,3.947172539718782,-2.2191114075845233,-2.831783128471488,-2.755349479264564,-2.2211952954114,-2.819722852446904,-2.762006363630576,3.531485115784451,0.40060452683989645
101,-0.15623321299385404,-0.9369213894277937,-0.9297966855507799,-0.14760052460232978,-0.9452542881910779,-0.921330271135328,2.4492592956402417,0.10404530339437787,-0.7037839980151314,-0.6988249333735724,0.11492537114208291,-0.69112996775432,-0.7071854191012886,2.12025517113781,1.6525906673484831
102,3.003973116585816,1.3492472118867744,1.3292513596106068,3.0044732304382773,1.36463347841444,1.3330512714620073,1.2751630245000485,3.14513040292694,1.6988983004503229,1.6666653484938996,3.141997780675183,1.6903636533522264,1.66889013552274,1.0059432054073514,2.1185766275624216
103,1.4250759625144012,0.7417230304659685,0.7204992375142136,1.4097312222126883,0.7487839529363626,0.7259340813131279,1.9954100896355473,0.9495205095613092,-0.10091844973997663,-0.09858172932595587,0.946207167758888,-0.0962911342803401,-0.09878423299640172,1.8718559420652967,1.1082918475406631
104,1.6414368887556963,0.6074661752937685,0.6041995426827262,1.6388291915021502,0.6034301025152377,0.5932682754542269,0.6665447956125102,1.8363656896544835,0.6026619839160923,0.5990519933019572,1.8371691637436858,0.6110760078630716,0.6154205438557814,-0.026327453113954343,2.1033569954448126
105,-1.162032051409489,-1.4918966555061464,-1.4735000135484033,-1.1536727278500756,-1.4946091430208692,-1.462986675839823,3.42040252326839,-1.3907337166900793,-1.8156425951271606,-1.7932265321933782,-1.3861408381938023,-1.8076622895002936,-1.776594406304732,3.1504348157452164,1.0298770934500805
106,1.4166607877371022,-0.8699702162061443,-0.8502591296736433,1.4193653015119936,-0.8679536172222037,-0.8460633704328586,0.8985354807608368,1.7616402911838551,-0.42331227621779416,-0.4127907963474627,1.7435566566157301,-0.42660371547406145,-0.41528456439990924,0.46372073537051545,2.2700399736559222
107,-0.07693478118768281,-0.35469427154502503,-0.3465936381854548,-0.07117428938698532,-0.3480104728426786,-0.35084103319105064,2.1541955915283717,0.008925121176684786,-0.3816136612896283,-0.37144620657572147,-0.003192280303544294,-0.37112146605436713,-0.3791607363444346,1.7338272750681256,0.022978004514770393
108,1.655865508017442,1.2599407787608579,1.2354989244878387,1.6476028365140607,1.2508576590055616,1.2299385606750894,1.0045186907445758,1.4814377880184528,1.0665445827977205,1.045687345180577,1.4797005332866962,1.0600784685710545,1.0489003120132547,0.8946854556259661,1.4961354081655653
109,-0.2157894095979988,-0.5081992968148077,-0.49251350239326835,-0.2220620365094009,-0.5100747663480489,-0.4854919587208166,2.2951426195398894,-0.08383265188594599,-0.3787636180517553,-0.3692165216148078,-0.08862696346046534,-0.38282255987120767,-0.3531844328628629,1.9828920876050145,0.32985472194462206
110,1.588443948152139,0.4608502178705462,0.4518706692460053,1.5853210323032119,0.4479801511128639,0.44521221287193485,1.2120186277102607,1.711179261518615,0.5307889936216582,0.5197542523170374,1.7043211414327784,0.5258885420136,0.5117496282855225,0.7434314790004376,1.9621904657099523
111,1.2003512772565261,0.7222388287658175,0.7101743980859255,1.2124426101018089,0.7374545071806303,0.7268322055202805,1.5057387151534039,0.8258323195912118,0.18988073956203877,0.1870400884029448,0.8178589462427946,0.18384799102348143,0.18212909188361584,1.4607434336901715,1.0680977231599529
112,1.4011081088122461,1.0543811136584444,1.032960635447759,1.3931725584510672,1.0516404399197796,1.041398007729858,1.4446690840950192,1.3722598274994178,0.9461489074162028,0.9266374401314349,1.3752049162852038,0.9297843882478813,0.9170121233624842,1.025198885495227,1.0659850377436804
113,0.9676765348630172,0.294702592716088,0.2882805692455304,0.9712401666284232,0.2864646072664922,0.28357406558904086,2.488741080250299,1.1182371939706661,0.33429225697255477,0.3272967755323521,1.1257828354959267,0.3478700934300166,0.32138237537655007,1.6629095307479302,2.1581629191083813
114,2.398965536436988,2.1717192605695397,2.11757348612804,2.3876238235960066,2.161509665787839,2.1093139773244736,0.8945588381972334,2.20104219234903,1.9267116549292533,1.8774361259121035,2.194365177682419,1.9196839187357935,1.8771941789640534,0.48765408149717665,1.5625010826883674
115,0.545425481685903,-1.8351517950592016,-1.7910753215129145,0.5534814432760954,-1.8427269164097824,-1.7858409948520981,1.9104822575890175,1.0932355965072662,-1.3324330315914767,-1.2996884787074872,1.0840555950245916,-1.3242342157872893,-1.298049601698586,1.1369546105132702,2.4449097452570645
116,1.728787901090566,0.8166578291949058,0.8000896955761763,1.7217135325938457,0.81086980593451,0.799308493543129,0.5247983372379784,1.9929124065601969,1.0861899628708707,1.0633206595330802,1.9863017019667646,1.0881638763292962,1.0586996558911181,0.03443281940416415,2.010516324877916
117,0.7755725858233925,0.5410491470677007,0.5297868768516679,0.774213032331801,0.5343887894427558,0.5329948985240155,2.477463785961681,1.1473082857640726,0.8948688679232946,0.8765817719209004,1.1517547131283499,0.8918823596623833,0.8869491120822444,1.8842447541791896,1.1695283841078674
118,2.2300987567790784,-0.13635167388440228,-0.13244677776493727,2.2358410428219515,-0.15101246303309013,-0.12516747411689955,0.5195864005457954,2.433518767513037,-0.08802437058711284,-0.0855463123475734,2.421425513967513,-0.09337954422413189,-0.09097465596607897,0.050551098638737565,3.5499088216015515
119,-1.6383458343964261,-1.4875216208470954,-1.468067125567652,-1.640714445670759,-1.4923015372671333,-1.4647634323061698,3.197510045212037,-1.6639718956955478,-1.5164064232393941,-1.5022686317911533,-1.668495695913333,-1.5111535186722989,-1.4908549321983828,2.868708713956621,-1.370981059763098
120,0.7993770382750496,0.5752877694509378,0.5594531188582309,0.7981239846845958,0.5716216709435309,0.5672163102423908,1.401259156835283,1.0219220325747473,0.785578897133685,0.7622578876877669,1.0304115245233876,0.7873137350925752,0.765365528578121,0.9174856517497831,0.9696056146203419
121,2.1003864279634574,-0.16656323674243606,-0.16338573581019047,2.092430295780566,-0.16714356728289312,-0.17212696172719008,0.5352672417315201,2.3202408811520994,0.06389973764399615,0.06260252673162894,2.3130411720695037,0.06236129549647174,0.08507531974682575,0.08053828668486838,2.676616800055614
122,-1.1782727275472158,-2.1588133468038806,-2.1078791225823856,-1.1749992257285171,-2.1680715814499405,-2.087487035157675,3.1874773284921636,-0.8283221298214412,-2.0442875756811216,-1.9950784823004395,-0.8247715424225468,-2.0564724247230752,-1.9998622256984526,2.579404716915165,1.7182788414434984
123,-1.4402722439647815,-1.4825565285337192,-1.453853554640119,-1.4336990488044257,-1.4826094082774122,-1.457176355124258,4.283592517073832,-1.49661052805316,-1.5462534002850477,-1.517615848299196,-1.4999985825313713,-1.5417011010472415,-1.5140393419691545,4.192156084981783,-0.5150140854150496
124,1.02693270092615,0.1945097740171899,0.1913312103642615,1.022312977921505,0.17877111632707357,0.22209215735499038,1.5070338782286994,1.2451783841969204,0.30743515287699436,0.30156836782618734,1.2337498216155744,0.31407938328074997,0.30565341297146104,0.6122210112481474,1.5343806469441617
125,-0.4582577227212807,-1.6845534538186036,-1.6393426793437658,-0.4607889458931031,-1.690377240538327,-1.6373983368759693,2.812719616506204,-0.3170265479232199,-1.757427501511842,-1.713879187818257,-0.31974915052708897,-1.7683389614682836,-1.7208435600640104,2.216662424326483,0.9612939182221616
126,0.972482485286452,0.0718778889413766,0.0701578454093364,0.9698964352941382,0.06849586570163048,0.06356109032193857,1.85731978593379,0.9681912272538864,0.041056678383302944,0.040081412083461485,0.9706769206122177,0.04240262461477845,0.04318269370279004,1.679606838282639,1.142996791527673
127,2.1213694708475552,0.8571641100049117,0.839061475485829,2.1151732208769536,0.8612630326342338,0.8520581558776367,1.1749333759959506,2.263576622599605,1.0329454593626275,1.0042774411835051,2.2647196388679784,1.0424876146125195,1.0107893609066976,0.7751481623142215,2.6816041567296556
128,1.1005061971337242,-0.992532476508393,-0.978285227280181,1.0911559921593963,-0.9988471217553723,-0.9756074739149962,1.6060246307326558,1.6380577194368238,-1.0764286997183852,-1.0564695941399753,1.6288380359370649,-1.0972021849155484,-1.0481180143051112,0.4948651837301718,3.077056341977794
129,1.2800327913554264,-0.03159158020120007,-0.031060138795211894,1.2882679228339347,-0.041001745603863146,-0.034241386163022705,1.797771642265361,1.4443475012148792,0.046534406929800334,0.045774161912113406,1.4492620874079887,0.051520736650714515,0.04984311229735477,1.3565217096478235,2.129223662872387
130,2.742802684786522,0.27430711148157094,0.26928621124240076,2.7351424725074582,0.26976829171338446,0.2719912660143517,-0.712661410033874,2.8522157666514354,-0.21710129028633898,-0.2131405411431967,2.848483705952039,-0.20619862485011684,-0.21138464655453407,-1.2765719111086522,3.9321745371332057
131,-0.922314243850133,-0.4598474966869787,-0.4495375651887483,-0.9259239294379146,-0.46358309130326486,-0.44521671652672423,3.2803380545367173,-0.9950849364580328,-0.492259993604112,-0.4790891540232576,-0.9912578655991146,-0.48164784107354086,-0.4717848139576264,2.985618621756845,-4.331904849795128
132,0.5039551683481219,0.7605338081650448,0.7463123213258652,0.501982428832704,0.7633992334076841,0.7351450046831346,2.0750224947796503,0.536348007391097,0.93052673172207,0.9089568726262044,0.5252635913586807,0.9341773331469957,0.9013496548789941,1.579882748892354,-0.8987283899703797
133,1.2526467729869477,-0.21112169858111834,-0.20667928569470123,1.2537072712117023,-0.20687109388333583,-0.19859627341192085,1.281347034062694,1.2682361177275367,-0.7294385096315779,-0.7189036191980631,1.264678779171004,-0.742715518616686,-0.7100267650688793,0.986525424889765,2.0258269212731013
134,3.5400867511994836,0.43935404508574827,0.42852573902234975,3.5414758058539473,0.4443512847193604,0.4338184231563014,-0.388365452222421,3.8050803760148026,0.4078052411134318,0.39789701622757967,3.803944625985606,0.3986892998705996,0.39909072575049853,-0.964895773544544,4.728680806141018
135,2.451465372085877,0.8403252309877398,0.8236130507205169,2.460467542658236,0.8389533030165284,0.8144094182616277,0.5615880940483106,2.2047502563415895,0.3895807381830137,0.3810893354389557,2.195368189857577,0.3982833406325383,0.37611869692667355,0.2759820723165501,2.04995611897351
136,1.524712594187384,1.0528991481535799,1.0342414002230322,1.5238020698764543,1.0524733982873111,1.0314931233592428,1.405802782989304,1.4455132365327679,0.9485640100309607,0.9337746056458204,1.445287055227164,0.9481575099550457,0.9316912002253533,1.212316553351386,0.5327686781190402
137,0.8549333085984393,-1.6280590530454149,-1.600247205998269,0.8541018571797533,-1.6272295186433208,-1.5955339460995193,2.143988559771136,1.195194612843045,-1.2987219438005713,-1.2804718848011176,1.1870240293120824,-1.2991731942048812,-1.2751044637688707,1.5823651438312347,2.036768131479227
138,1.0127036982196542,-0.7048079424051962,-0.6859873123248524,1.004772316964192,-0.711027359963728,-0.6837018997305077,2.3148018291601624,0.9056011516079594,-1.3596204882011178,-1.3249375362528528,0.9047558862183045,-1.366197540257588,-1.3321603074387254,1.992064425848221,2.004036648528457
139,0.020239475791538022,-1.1477108408796572,-1.1271733630207086,0.01114752726071861,-1.131587867836359,-1.1202610288835684,3.8927818176878235,-0.3400302082234055,-1.7761506758942094,-1.739873112036944,-0.33526731160814377,-1.8036642829493104,-1.7266815719044526,3.6727017407246336,0.5944395430032451
140,0.1259891285030704,-0.28094977012604333,-0.27295976297771984,0.12738856199424012,-0.27722835139165536,-0.27421615861158327,1.806506065442723,0.3172397816276679,-0.12025191742774204,-0.11668470002110035,0.32746532895299024,-0.13241585583578258,-0.11905805164227926,1.4020014870581008,0.5905859936552099
141,0.6967106500404686,-0.7367901810395232,-0.7152016695576338,0.6930945572637189,-0.732751264730074,-0.7259742486439679,1.5884470508434774,1.0048458103220947,-0.707912808451167,-0.6869411578070912,0.9976220136414908,-0.705052338481383,-0.691390027435106,0.9335485241553806,3.568500722859961
142,0.005617232658545949,0.16156513482407267,0.1574347999513869,0.01317545302311008,0.16633521516958588,0.15478253474010115,2.591612342532674,0.4522398492415724,0.6483504226280312,0.6299174049194034,0.45280192988690676,0.649777180262459,0.6325997385475484,1.7803226797132885,-0.48327099720793676
143,0.009765440765503862,-0.8845436967350158,-0.8530897980812577,0.023280749135059804,-0.8974543312512763,-0.848598196868274,3.0803450261824996,0.19705193448521977,-0.6574373538203734,-0.6330217193127878,0.19450131999579548,-0.6482601029849328,-0.6268558765145001,2.8145454065570474,0.4105558273596177
144,0.47629556140794477,0.08733038917668648,0.08547938606330747,0.46965043332622547,0.09194229041173622,0.09153533020745776,1.6603259664015477,0.7367401143049374,0.34723346263583327,0.3395029350189329,0.7370170849034582,0.3446937637693958,0.33133810578072337,1.1953719220022732,0.6769950282349745
145,0.4321035672019045,0.057111639329136744,0.056031774584547674,0.4339891930789877,0.06237899956744804,0.06068797648146091,2.406968149363272,0.7110397121284697,0.4114876564286924,0.4042907852632824,0.7132453026371466,0.40540595950517133,0.41568785568620037,2.0409304618861595,0.010706853492081163
146,1.127498590172028,0.8657856499509982,0.8466256722079725,1.135416509062385,0.8743595450567814,0.840546176222333,1.5376519247614895,1.1248008544608752,0.8425436021102488,0.8221733379385496,1.1280882334596167,0.8500461350588777,0.8178650723925818,1.1498509009280296,0.7221224657976633
147,0.5508824495085303,0.7223686937173305,0.706875751547461,0.5371987468404724,0.7185724067501364,0.7169631621038437,2.1827692349209125,0.9452504834831269,1.148800685522315,1.1247384001765373,0.9370985180832748,1.1439482981936484,1.1212790103530663,1.5971572083742849,-1.4043210976603935
148,1.5197078412252227,-0.6311920767007716,-0.6189875827092739,1.5173535481140281,-0.6127332689569042,-0.6226796733816692,0.7691500621914182,1.8940508534036995,-0.39705837573227903,-0.38858373218838926,1.8931244106117866,-0.4005084011966681,-0.37572700361554456,-0.019743742931145454,2.7161896879877605
149,0.8798538672518817,-0.21871129504752435,-0.21889155136379426,0.8714749797344901,-0.22424324872672632,-0.22856215290188908,2.223184308806782,0.2579082472789724,-0.7426171795658041,-0.7242369896804349,0.2603490299568952,-0.7386117628036195,-0.7293416423579665,1.8321807827943744,1.8815920180883192
150,0.6844801770114791,-0.34734145566723185,-0.33968163263534845,0.6726568913476848,-0.3401431009841936,-0.340209410687583,1.9292819149903704,0.4995191635910113,-0.9833011784435505,-0.9619329095964582,0.4972182686150236,-0.9885038187388601,-0.9538599209462926,1.4512962229218203,2.0060819013210107
151,1.778883369598327,0.6435341946066051,0.6278005626674849,1.7740380848333133,0.6500648101205709,0.630784362133399,1.1569507778964603,2.063799256081332,0.7917817899257015,0.7729783836256082,2.0634851437261226,0.8016608343065648,0.77362850233293,0.4896685609658974,2.1885814624292874
152,-0.10136708763836273,-0.4391251585809403,-0.4278158853340452,-0.09815731858778451,-0.4404381911233597,-0.4254001751921698,2.521632872776109,0.2331421185622914,-0.13915282529722794,-0.13547271373522127,0.22865114766747852,-0.13445680789904932,-0.1325298473726414,1.7597228569732886,0.705247419367792
153,0.8261535139267991,-1.7523256514113221,-1.7135494990011961,0.8230492093111309,-1.7601354248569876,-1.7114926158999604,1.661331665500596,0.9957789800288498,-2.0748476596762266,-2.02709404153325,0.9890958885393917,-2.0655125375977694,-2.010966959803771,1.1716648795600775,2.1787084416562177
154,1.3528838273612505,0.0003137864994603842,0.00030494764221488817,1.3541035028103268,0.00521705348755106,0.004798767255934171,2.056868273192343,1.6575185615244008,0.3067574708025272,0.2962800718521924,1.6587289632287985,0.30863565122490366,0.29788805533743756,1.5194857864218256,2.073918291707878
155,1.2034216516498246,-0.6074530367100703,-0.5914903502713734,1.2026799528552383,-0.6030561698118803,-0.5942895934977807,1.2656946676022363,1.3935239488933469,-0.6805223423761784,-0.6637715574638768,1.4043426777679289,-0.6788007394428108,-0.6525592975188816,0.8091202313517825,2.426039846207493
156,-0.7659155925497128,-0.5976043825967359,-0.5836125694448221,-0.7688437112256242,-0.6202762319180065,-0.6004255351680085,4.138944914846552,-0.5724493983867656,-0.3919540229960846,-0.3831257827348342,-0.5665909660175246,-0.4111332598932927,-0.37285231243292777,3.651186162443484,-0.9604427331420263
157,0.653530040475996,0.2230127967203326,0.2167736051959013,0.6571229524267307,0.22402903788436906,0.2249592107670069,1.5533342734242441,1.271659750377465,0.8047063709840245,0.7812881380567746,1.2730321591851252,0.7913881369111783,0.7770666098890834,0.8393368180744425,1.2695295144500016
158,1.2597184329192848,0.5503593922973871,0.5356074945383932,1.2762248670883072,0.5631712648678974,0.5468863308218224,2.154899112124276,1.397321508356973,0.6797333773809536,0.6626562925819013,1.4030160999735712,0.6774540609977385,0.6732417026178978,1.5365330668042951,1.4237927266212531
159,0.9273421656020163,-0.788575201126228,-0.7746921743755422,0.9166621441357965,-0.7869083144977549,-0.7670398594672567,1.8042324518165667,1.1694498781081035,-0.7865041557450155,-0.771026494342813,1.1703466105238463,-0.7770463627939695,-0.7519483647358748,1.0851161900304047,1.5689163279237124
160,0.19896449777463532,0.030277454727417507,0.029694948326095125,0.1994882875383476,0.025634480683899737,0.03399755023593081,2.4183013963683737,-0.1064502626336403,-0.2857024117783438,-0.2795349722694602,-0.10997576427038924,-0.2854568952296756,-0.2893682686599488,2.169158649085037,-0.09217282159134385
161,-1.770765849894917,-1.6045607977535916,-1.5675684825121987,-1.7752108885132651,-1.6002087113647607,-1.5720238510553615,3.495697129732847,-1.890316489321539,-1.6852559886276788,-1.6453719480139937,-1.8821874335130384,-1.6966653071194764,-1.6346920849183615,3.2434824355689043,-2.002820851896036
162,3.9771448999860777,1.9823575533789786,1.9331430616540415,3.97581891703284,1.981713228643683,1.9274471381531324,-0.25989723345921234,3.9290466986465264,1.8799375786919361,1.8330492302031978,3.9283678111028904,1.8752461280134913,1.8364872149527167,-0.5503022684220907,3.670598002429005
163,1.822908106409598,0.36176936726691034,0.3484000247342991,1.8311911956651121,0.37357097254294397,0.3531266581417017,1.240330342828049,1.8864946429078828,0.36958846397637846,0.3567291242795723,1.8917082511356558,0.3567356879334993,0.35680727943320717,0.8204170058705046,2.1931167374982254
164,0.8546069287528787,-0.9278751358705567,-0.9133555871300365,0.8529879733636772,-0.9621658682827996,-0.906137061516557,1.6849099283001716,0.8415480489760244,-1.3889419812703119,-1.3610793839964557,0.8422529406887631,-1.3806068198465786,-1.3625473824899663,1.36247793296083,2.090217141377832
165,-1.1920478539351742,-0.8224081995892945,-0.8131277568316717,-1.1916767868530669,-0.8265050075825671,-0.8177064670137842,3.19486174276146,-1.4522945493306079,-1.1034112847808166,-1.0918045873752533,-1.4563807319678477,-1.0716887222736031,-1.0674165468567038,3.2358577672760935,-1.4571541579466496
166,1.7541679113832525,1.6376051778633813,1.5764868208552858,1.752655074346945,1.6310435187450445,1.5760594713162075,1.8045426023203577,1.507367542577322,1.327436225514368,1.2822986954748705,1.5037442658449762,1.327065308911644,1.2729372971114192,1.0035174815162988,0.9892401748280916
167,1.1994182098293986,-0.4344651775766508,-0.42988048162515724,1.193601375049985,-0.43875984619631475,-0.421271653130533,1.932706387961135,1.5699475753635683,-0.05200896042568258,-0.05152037109672997,1.5768098719170827,-0.04322919193004596,-0.06184432677413566,1.350603906108483,1.8794075329469855
168,0.5353331122532328,0.14129304679194843,0.13897726558523935,0.5375425744518848,0.14621901509499727,0.11647282804320415,1.9167907573297605,0.45815503157866344,-0.07258581953769777,-0.071339095235371,0.4618693770105369,-0.04733820507047645,-0.054929105728255635,1.5911343663588087,0.7382459341873063
169,0.7163232537754167,-1.8962193002849401,-1.8308830483219078,0.710864411339504,-1.9019173983274176,-1.8217281883185588,2.755332926714714,0.814850147553824,-2.1418865805041545,-2.0661966349294647,0.8067636641454947,-2.153222872164572,-2.076500296822571,2.4479149901335764,1.680823021494179
170,0.5395688109112561,0.6607192728827184,0.6518640264305833,0.5393289926396305,0.6698663514563861,0.6592560908341609,2.3992865928638087,0.8085145318249127,0.9541082049419698,0.9654830684987847,0.7991522459018382,0.9671145028996875,0.9727919157631292,1.6904279081251374,-1.3177492409275184
171,1.2489679248692287,1.641587060778423,1.606508763515838,1.2502669596120253,1.6498717461209402,1.5919810309676665,1.8977656379074526,0.6607117238575428,1.1128265846629837,1.0849980080901507,0.6781277838424384,1.1103003931215232,1.1059808602399004,1.9888039515799618,0.13916056134948332
172,1.7674413673440843,1.2479474981346634,1.2231797659525365,1.7598031086053518,1.2544831734682003,1.2266622784990031,1.5719893835314858,1.8569277490143026,1.3305102898497625,1.3033455190862777,1.8628876111708528,1.3267381733511154,1.299704428927585,0.9274740203991889,1.1748755947847191
173,0.7734172396490306,0.7814130241574765,0.7564312585420939,0.7787585854139057,0.7821543655360392,0.7578312492980522,1.4986392542255984,0.7868210017053833,0.8304303848736163,0.803511065904976,0.7799153627561027,0.8328887727074559,0.8173461422654442,1.227848332868596,-0.5992433569637178
174,1.4355270076741211,0.5514935103438754,0.5412417150165842,1.4301633143085104,0.5457190171679943,0.5397941687651672,1.2435004849918168,1.1929351372867243,-0.04653720761841282,-0.04561684216644126,1.1952976534054987,-0.05227009274427633,-0.04378530177285804,0.9416304915702229,1.675111034034475
175,0.7123524531559758,0.09595988906835,0.09363870668940613,0.7228147566456529,0.09693157231769714,0.09552444991970432,1.7826907138142725,0.9646743779559632,0.2833758947328489,0.27680744539045754,0.9875070396163941,0.2846084113450439,0.27460751289669344,1.3138666768688319,1.7207814186026507
176,-1.2711838704304084,-1.0407795965330962,-1.0181369474530304,-1.2671584819619697,-1.052299285552697,-1.0151919116327128,3.303003036754962,-1.1592185362145357,-0.8371961842669953,-0.8179004169873729,-1.160895042680392,-0.8453715107196564,-0.8270278543116186,2.6762081638054878,-1.0216673945541033
177,-0.5156394168089365,-0.8805916390847205,-0.863015236927151,-0.5128416989050014,-0.8824666773966758,-0.8623533280521148,2.128985859687299,-0.4220742573669346,-0.8080210401086507,-0.7917794859352106,-0.4238284498339877,-0.8054529175329587,-0.7862513217346723,2.0561396910789274,0.588707106155682
178,1.5308510555103718,0.4371903195682594,0.4312031696179022,1.537046115297925,0.4277086901799814,0.42915675736652,1.0698776422368412,1.3994371224943976,0.07646555304200327,0.07510196206451095,1.4066001847625107,0.085409626522358,0.07548690296951058,0.6355078635989444,2.129542605304004
179,2.2623288405727355,0.06943374516252294,0.06748873864488636,2.2655298591678696,0.06928778249143869,0.06493726819682047,0.7897829787088739,2.6107256174765614,0.4751087515212722,0.4601111926034446,2.6118651884826796,0.46934568523062814,0.4603407260640354,0.20721101551639498,3.027412596854002
180,0.772794741764655,-0.14064001494961012,-0.13685702540624217,0.7741107713841652,-0.139413288302839,-0.12847356905177051,1.5428109476715568,0.7053111937916491,-0.31242298112657363,-0.302994954092024,0.7039355837098225,-0.31950643514225785,-0.2977786282373711,1.19786717967049,1.1020746536828225
181,3.749540119847497,1.2926660951372062,1.2636040874444554,3.7465494283901095,1.3119048717424036,1.262109747215631,-0.44066255658893927,3.56914045585109,0.7856655471169035,0.766833443929354,3.5687532113470213,0.7849534542730104,0.7662360488640297,-0.6670493093642546,3.4082950539291317
182,1.1012335653458951,1.1531826549690316,1.1271767192840092,1.0788752236593095,1.1662327670684765,1.114729298330791,1.6274300749174486,1.1983625114167589,1.2562893772302957,1.2291960793276737,1.213365703313539,1.2284497756626447,1.2142868144012895,1.101895417911418,-0.5051396163821423
183,-0.09894518587316845,-2.1266981380762378,-2.0625221911196863,-0.09868501016667466,-2.1307961602226047,-2.0729170965272354,2.3567732945346935,0.24538018407391826,-1.9878587071759617,-1.922472367805504,0.2374183865679788,-1.98538959853231,-1.9437430963981635,1.8632966519014458,1.7870391894565314
184,-0.1453584325675666,-0.8378435675466117,-0.8219525930484458,-0.14822923304858387,-0.834685688805272,-0.8244796190746334,2.099893118537034,-0.11805813585485281,-1.175018694614873,-1.1476215429819299,-0.12052364086609992,-1.150462548098721,-1.1699158014891742,1.8829864223760273,1.0069681426121504
185,0.21874756817712146,0.40862026470273455,0.39799020546581765,0.21705774133559552,0.4204151466584893,0.39396728755366234,1.5357008816164643,0.505245557602104,0.7066549410937594,0.689795467831532,0.49465012719977947,0.7064667179646297,0.7014400286258946,1.0365020559090692,-1.0891103860370066
186,0.04150539049282034,-1.5978096173388618,-1.5557524299218846,0.04088724061126583,-1.6026497666320578,-1.5469561731622004,2.0756671303235894,0.3128411259585432,-1.3949243778449218,-1.3529293727015503,0.30690146558623743,-1.4015218176212605,-1.349814745412019,1.5797822186175632,1.3694512693570804
187,1.439627998046338,0.7127685393152878,0.6967149331299356,1.4366592056287013,0.7136938866789957,0.6971485860570598,0.9538627247814216,1.6430590333089192,0.7451131689252262,0.7283258093509901,1.6360989604500145,0.7538920313960691,0.7339501762619983,0.3931310154926834,1.8843254952402302
188,0.3241398859364482,0.03590678159718829,0.03546644740719109,0.32742598854610594,0.0441719437699799,0.034350509593478816,2.6744028822393395,-0.13292820229725602,-0.5320076669363513,-0.529361572715763,-0.13245260653659097,-0.5359057810433994,-0.519719998964361,2.6882299947002073,0.1769448740593798
189,2.882231236387527,1.8707337590319315,1.8242646715690845,2.8769319577357244,1.8684358171575712,1.8201251731730164,0.1535363846913998,3.0308288657811575,1.8827653303192646,1.835535278018085,3.029291351228138,1.8833055410390627,1.835605960094413,-0.39015770260022237,4.6098160606785905
190,-0.6998903548436626,-0.8271377587114094,-0.8086116667769446,-0.6968582949818586,-0.8114334592685435,-0.8138908633926515,2.8731717231515383,-0.6245953080855227,-0.8002923527177696,-0.7801164451184304,-0.634606422530372,-0.7960460021618527,-0.7710658744397034,2.4033576106507795,0.12207585900286497
191,-1.747114128405553,-3.32010446836866,-3.199683597150675,-1.7401044939954353,-3.331437467090701,-3.1957125142297396,3.532523054352606,-1.2128741086291213,-3.062448545314333,-2.9505811838654643,-1.2154764647796175,-3.0905949046530856,-2.9507596673010323,2.9359621787673817,0.7499615924260052
192,-1.8904809973436838,-1.8611143504775016,-1.809849225243493,-1.895105021501155,-1.8687245179964327,-1.814848731808049,3.8225469845472464,-1.8141190872897741,-1.8044705003183628,-1.7497498206075008,-1.8076021838977139,-1.8043550502042904,-1.7604461296696325,3.5193321111889238,-0.8573005526000127
193,0.7039625159283726,-0.7116206449820995,-0.7032599971474934,0.7025430826358394,-0.7024201433435145,-0.6943976008876918,2.26819511929727,0.8803856154087935,-0.7698520702753312,-0.7615100651638519,0.8723619873515526,-0.7727932372031435,-0.7622699045988827,1.8338238287922013,2.345759707940416
194,1.2208062685273844,-0.6194254079736315,-0.6100440053511503,1.2206416553614254,-0.6204997106403569,-0.60889534045326,3.0430764507896852,1.5037448781702523,-0.5554286929824971,-0.5465474281828546,1.4984886864503006,-0.5582817474498889,-0.5589158082617125,2.5390591751938527,2.132718739005991
195,0.3834413426912231,0.19766435286183315,0.19327166214645852,0.38179713893753625,0.1963182029296236,0.20038182630134183,2.1817338341311827,-0.22183034040632177,-0.5375543258993933,-0.525407143656766,-0.23081095435333063,-0.5382531091326929,-0.5250487411335931,2.0745142272377053,-0.018005153785017002
196,-0.2769577192623201,-3.018212160781743,-2.9421788654750234,-0.27139322517366943,-3.026118025556321,-2.953732619580464,2.9438048875008618,-0.16743095628162266,-3.0865662977741533,-2.998547840875588,-0.1590584061764815,-3.1014385382195173,-2.9835258846583863,2.5409257552336295,1.8306427699645014
197,1.205739946941951,-0.5461138526346779,-0.5301777335661665,1.2060233147385289,-0.5424949399334521,-0.53321481251681,1.6888731796738279,1.2289557435644165,-0.5964787595975951,-0.5774593409879396,1.218052724295249,-0.5979881800606727,-0.5756878152935146,1.350948473334264,3.4396603837169177
198,2.366268055582936,1.5823228747381106,1.5409554121894857,2.349632808807849,1.5732178568634756,1.5551227075118428,-0.05407383884420757,2.1106311008811725,1.2276593070479136,1.1928282177007588,2.1235585821473317,1.2325710112787363,1.1844248425510226,-0.0548181288300339,1.9633692552660278
199,0.9485470775153013,0.4413667664511444,0.43111417766375343,0.9500501680415521,0.4393889262709363,0.42866402533901543,2.206606085127497,1.2379002283147433,0.7135586693559706,0.695792457172795,1.2420652304334663,0.713974246021566,0.6972975001741016,1.5837033583750666,1.58986987439854
200,1.3886089976365414,-0.7496361909001692,-0.7394073926722667,1.4016248501638957,-0.7352081957178004,-0.739582513694854,1.4119860218998939,1.3613172728898564,-1.1725855566458259,-1.1570874060421874,1.3575367397741107,-1.1447687770610064,-1.1411485704835012,0.8070107734772041,3.158121074064371
201,0.029040154702989904,-0.5712045780952588,-0.5619936468616769,0.02811793520282965,-0.5728743808857114,-0.5519399607384046,2.414341887756739,-0.21329121157849024,-0.9607117531693844,-0.9420058909606798,-0.21643186085055272,-0.9511720429832599,-0.9396849549148644,2.1616547566245243,1.2042919398700922
202,-0.46694881722979426,-0.5454679867825084,-0.5315845905202585,-0.4635754159956036,-0.5424156467937764,-0.5377101883364483,2.8327918064781907,0.16465461244388427,0.116689120035539,0.1133551463764507,0.16544953686662248,0.1350436755855567,0.10347877030951591,1.7818684989588542,0.3562146989346793
203,0.14441266012797943,-2.2537725543294616,-2.189341684182265,0.1407676998666338,-2.254376909786696,-2.1890205415714434,2.027594186251929,0.5637350876477082,-2.4838626557134487,-2.422569357533554,0.5517768140648781,-2.4682229358416947,-2.412363062137633,1.4126289122420383,2.006236852888798
204,0.11345794287503025,-1.9542894719796713,-1.9119458959782674,0.11924110776566535,-1.9551142621313187,-1.922336477273395,2.977802376557188,0.2274867108586843,-1.9798811301607229,-1.9338791310607386,0.21867316117330235,-1.9895010692088493,-1.9265907791924877,2.61920208127478,2.212739830953694
205,0.8869314577972014,0.2655539790454099,0.2579029843606619,0.8914439002739163,0.2598245749956245,0.27537288051849657,1.7129907669833246,1.0455329244371236,0.3684377155805317,0.35636394076129047,1.0585246424958386,0.3714787974729044,0.342468306094199,1.2140261517849222,1.424701183696601
206,1.4665212547281072,-0.2890307081723223,-0.2825565294064108,1.4655942431314828,-0.29417493246670434,-0.2809135886647378,1.3375239258242195,1.5473900926724922,-0.6621943620739771,-0.6471303834698197,1.5492483859256903,-0.6683182432734817,-0.6531245644294793,0.9113225997905382,2.865445943549285
207,0.7786064324790511,0.2791453121667749,0.2733592973307828,0.7923777720957295,0.28254001838965104,0.28079965008711133,2.2645342256872545,0.9382229704493759,0.4502337910510035,0.4403861358584654,0.9249317822778236,0.44410858177838825,0.41523624974178874,1.845395905104653,1.4434437812344838
208,-1.1996535872085075,-2.7866329111572714,-2.7327377480244395,-1.1935231996872777,-2.7783106211479125,-2.7330581266148584,3.347933213582716,-1.0635289024585064,-2.8153916898708173,-2.7507554507488305,-1.0688985003922507,-2.8166371751629393,-2.7618406901188957,2.8301361452507927,1.6512043610079898
209,0.8214131755388351,0.7021903023284173,0.682682171379237,0.8229595044725009,0.7028456570886047,0.6747775970561072,2.3767826758510524,0.26023103784750484,0.22576976918206185,0.21950862015222136,0.26773109911793014,0.23731366503315426,0.2250788056781512,2.428591700561803,-0.010526050824658378
210,-0.29011744363483116,-2.13018502183952,-2.082991702373911,-0.3002035028003516,-2.1410383459149283,-2.0844130846452007,2.3034309640470902,-0.1843652042251058,-2.0678807984526144,-2.013700652290741,-0.18163551552488577,-2.0718443089435947,-2.0051084592570882,2.0181417525732295,1.0690293851500863
211,0.7814461230499046,0.4974539184537674,0.4893306153171942,0.7802239467725284,0.49402690123360804,0.49063011983169197,2.5146012853960378,1.0576022590264447,0.8190220946405656,0.8050112351649948,1.0524813422427024,0.8193169047026863,0.8079163817647872,2.0017547669817275,0.3013737450483467
212,0.7364671223971879,-0.1052421412019271,-0.10539219744806406,0.747437784907612,-0.10801696726049491,-0.10020348254664727,1.8464391803215185,0.9261440628612462,-0.1757439366630117,-0.17659438064019647,0.9249268210954357,-0.17849893678702175,-0.18673402633823366,1.1476569892598647,1.7332070620369053
213,-0.3546253712347324,-0.7825961175395142,-0.771764745957111,-0.3584038306619578,-0.806215377332127,-0.7669594002023995,2.6499112525068576,-0.22289431643475216,-0.7299155842744425,-0.7157132732346504,-0.22687408544074772,-0.7306001830873525,-0.7124222476437332,1.9549872112331843,1.0001548009997039
214,1.2134310871963945,-0.27540326011485006,-0.26965909179215913,1.2038780303764447,-0.2762286619359389,-0.26560919293329205,1.3947062690793355,1.0238842826521177,-0.7444269113072943,-0.7288944453654924,1.0150254093790936,-0.7410150872054871,-0.726887780303335,1.2611535592844625,1.5037097772412038
215,1.239707708829711,0.4877066523181609,0.4803814585977704,1.2374144101410343,0.48018586253622286,0.48936233718327754,1.4848497772094107,1.6871558040601198,0.7930491218597936,0.7829358415531482,1.6962260252425205,0.7987740227584177,0.7917000656174851,1.021447121397095,2.069030470438054
216,0.2786824263731979,0.2943645112132239,0.2920457166456206,0.2687515540084999,0.2981864359143413,0.2868908078063804,2.8899723461532565,0.32582849116172957,0.4130553442765822,0.4107163661907468,0.32640983808096274,0.42561573178093526,0.3971539896422149,2.5459918686677585,-0.20468962971675594
217,-0.5436773147350624,-0.17763349232815748,-0.17290289312116505,-0.5385570629264368,-0.16898920828720532,-0.15822899404191287,2.725782473847778,-0.5737893640564918,-0.1145705698050405,-0.11172484999208826,-0.591266803714026,-0.11163556890475711,-0.11651075099128198,2.671119765202093,-2.1897955455712284
218,-1.6929084283092835,-2.018325272945547,-1.9725979116317596,-1.7136635562548024,-1.9958569720212518,-1.9588074946467338,3.550936188945449,-1.918524803283681,-2.2835406130130362,-2.2256911636196595,-1.911424305706294,-2.2874660117758316,-2.237410024637792,3.7901768911727074,-0.07249508425598701
219,0.8803437474706626,-0.061315423770762184,-0.06001691854702734,0.8826390526661692,-0.043694303662917655,-0.05024952407479319,1.3089078777863263,1.44854431635764,0.6522167050127576,0.6381796514874403,1.444987211655635,0.6656007437579353,0.6382242177859332,0.5385091577918668,1.3788501562310642
220,-0.10013507196659717,-1.8145858923003726,-1.8104096042404652,-0.09338499796720308,-1.8122740550646965,-1.807040871788796,2.4516602868917237,0.39835425485928533,-1.4561364030085457,-1.4461869035443793,0.398643761049237,-1.4434872581464109,-1.4314751699575265,1.7200591333134252,1.3351860380139793
221,-0.37914634771167666,-1.5137892740198027,-1.4739308558692361,-0.38104178725428084,-1.5043725950220006,-1.4722906131352929,2.3007803621257112,-0.16008164363097346,-1.4788044190171812,-1.4397273230363214,-0.17123703452175817,-1.4685359411866956,-1.4506213839460427,1.841385169130608,1.9422202417942336
222,0.5253852449133096,-1.5002779473047294,-1.4755932285249727,0.5220363915175882,-1.500591349988144,-1.4786738686564362,1.6750216489205154,0.7690830070536993,-1.4410443521528478,-1.4112840503260853,0.7863629173225204,-1.4384183191401074,-1.4096901404258908,1.0634835520122008,2.8586161692745966
223,-0.12069580931323251,-1.2754635878702425,-1.2342802946698568,-0.11711801184247805,-1.2777249387494367,-1.2363368721194545,2.5502040903563894,0.07579096033590255,-1.1211464624654712,-1.0818270549556444,0.06747485632820031,-1.1284373204962796,-1.0914618893453039,2.0104929300851744,1.0215354385361335
224,0.4754038609944722,0.7877330385256894,0.7826597545625025,0.4796801607620736,0.7937654866816651,0.7777356383799771,1.9709233320041784,0.33459819382799094,0.6944894224898137,0.6898373152567597,0.34705652768362666,0.697330527002901,0.6952879807380354,1.6575808694551222,-1.0472833129563313
225,0.4196350783065765,-2.4352130329858674,-2.3532317707658006,0.4211235341743012,-2.432182906611614,-2.3482279755083817,1.4588970624151956,0.8622501058607096,-2.590832950169706,-2.498913439929799,0.8505785018669656,-2.609514372807179,-2.4949061736832925,0.7566477486922026,4.65223061613413
226,2.913086946967942,0.23411310423842294,0.22982407776808367,2.8943668555861377,0.23011103462921031,0.24757972372930265,0.4779622439421897,2.5072681340385152,-0.8853778948329278,-0.8724933106366604,2.4925268398217786,-0.8649263816109273,-0.86479187112041,0.44404607030638676,2.9714396971617925
227,-0.3584751618865495,-1.4559650590679594,-1.4231759816897935,-0.3588015344187326,-1.447131763348498,-1.435592452775823,3.2894582522842395,-0.24941980664764912,-1.4697964051892887,-1.4376240069981907,-0.24489813578995673,-1.4616242837832663,-1.4300925974519474,3.0117464035564767,0.9282079480092349
228,0.8412442903724583,-1.148906486969538,-1.1351190339286197,0.8429463722139554,-1.1567330717098356,-1.137490898052518,2.013284143789563,1.4655502348637837,-0.6449373525273626,-0.6374012759044759,1.4545986413498775,-0.645833273363782,-0.6412649323047017,1.27189510796653,2.5966369391377047
229,2.726201362852178,1.0813695257872913,1.0563793868967226,2.7220587838659043,1.069493721174497,1.0621775790100032,-0.1866681528922532,2.8375490469358473,1.096226581076244,1.071166091210976,2.840666880687814,1.0962776463987554,1.0655452148733981,-0.5784230664880878,3.3865260078945116
230,2.135949081012858,1.4602643652596476,1.4122930401699834,2.1385800884361656,1.4557770394181597,1.412829306883403,0.49641321696004115,1.9341333253425783,1.183125803371364,1.146387742392626,1.927685750761467,1.17891954842745,1.144637076223707,0.35235213879902466,2.0572906889684486
231,-0.21004985700034076,0.1416632977947048,0.13794174623129746,-0.2075618712431031,0.1461214383340876,0.12579106636685428,3.2707215732927426,-0.11381715965244195,0.3080044509994346,0.3007371177205371,-0.11093211843680127,0.29186353087340977,0.3061191496066339,2.853674900025833,-1.8603699586610256
232,1.1389628504273137,2.1780268135697685,2.11572251584729,1.1572088985013647,2.1722543127348484,2.1124709054543698,1.1892957091768124,1.184844506871413,2.3516091398756513,2.2840658253222546,1.1907840233732219,2.3583143705897744,2.28423187604011,0.8681723351268724,-1.4072394688304692
233,-0.6066763811208993,-1.446634053202677,-1.4474904491581435,-0.5964234478569745,-1.4496746171288721,-1.4441234742814166,3.004251187425656,-0.734056268413439,-1.8370374144429273,-1.8222614509310069,-0.7484886551854314,-1.8530534736653859,-1.8093565398158717,2.55695256514302,1.5582563874539948
234,0.001587448721827392,-1.6518572895150025,-1.6114822377878781,-0.005595340076941174,-1.6475252432296188,-1.6210027047324966,1.9590766141239075,0.3519125372788009,-1.5136930757172304,-1.4753347746781533,0.36001798266049023,-1.5253409470013293,-1.475277032847122,1.3649198636523237,2.15711153863879
235,0.37754514851209786,-2.3827094946099407,-2.3292371275828914,0.3859170820589367,-2.3732510560476454,-2.3316363997915537,2.1892074467616336,0.7160603977406699,-2.3333723072315355,-2.2789583894583174,0.7184158788394123,-2.33370942794428,-2.2796411373346404,1.651819778886585,3.445483337761913
236,0.8000961034338075,1.0764432434845657,1.046261434052582,0.7991111281918133,1.0748815411135335,1.052101734858211,2.0156262381435996,1.0778753154604852,1.3809576631064298,1.3430896184527057,1.0798298850798955,1.3766589926586987,1.3440073394740066,1.5904394394320251,-1.5858820698503138
237,2.3042400072913525,-0.6326430674512018,-0.6190951159838547,2.3093341091794257,-0.6443483098581838,-0.6136366958671993,0.9474902541443582,2.3945059231286874,-0.9201009130292208,-0.8989774049407129,2.398083568954062,-0.9267993453023455,-0.891756159299404,0.7004813230799338,2.908038308612935
238,-1.556545300199792,-1.839630382387991,-1.7897533295686738,-1.5489240790228003,-1.8298143098103887,-1.7988357985695353,4.027946738851954,-1.3174851832626777,-1.5269557997229173,-1.4845212843663214,-1.3123748384359104,-1.5209917568436395,-1.4925659896548185,3.5856589102845566,-0.1749208781853243
239,2.5972051058099748,1.5744838244064012,1.5304477491372501,2.5979307892694234,1.579134663835859,1.5343866770372552,0.8438414403837202,2.9218191539450595,1.8670081435059451,1.8148738969861145,2.919840052221182,1.8710788199988284,1.8194526483448632,0.35126211172791355,3.156175431220184
240,1.3914992989956914,-1.5305593571877973,-1.5034726354983545,1.3867348275917148,-1.5361412699648782,-1.5121065460888878,1.1047010600650096,1.7292475388155957,-1.5730907941425687,-1.5433383939943395,1.7301966698534812,-1.5765264179660032,-1.5466333674935973,0.5537109677278241,3.101671100406615
241,-0.12933011879176057,0.05757661275235828,0.05592566682145848,-0.14306653015133347,0.049759055083559066,0.07808051700504424,3.231880633640778,0.017694977395375313,0.2443107324907967,0.2376645769557754,0.023641222564189945,0.24314298810959586,0.23985652982054032,2.8948018078787685,-0.6933112423498924
242,0.752819857553237,-0.47118901862636214,-0.46108474438129815,0.7482089323639126,-0.45594178006473135,-0.4452907746426883,2.2890847433857746,0.6474758400684817,-0.563178008035557,-0.5499489908650463,0.650748484114301,-0.5679954168226042,-0.5357539804318241,1.9761501208992631,1.019300112594567
243,1.0901659791623612,-1.4776855358249101,-1.4556537020363924,1.0895882318103522,-1.4515754491830508,-1.4668065580355056,1.8093475946518198,1.2570522720020307,-1.6196508471620628,-1.595118919311815,1.2588370721247333,-1.6377927635598404,-1.6027846622899022,1.2822146538671373,2.651270813253076
244,0.8846535446275527,1.1175122893549219,1.0909320965281766,0.8847259863861944,1.127304561027261,1.1241695745857927,1.6740093328515038,0.9567358849192175,1.1998615462045676,1.168363186305794,0.9607379894559577,1.182303193757529,1.1795284582535148,1.2353391477818216,-1.0319814080927041
245,0.3256676700905062,0.4588802860404443,0.446978503741586,0.324909967075194,0.46101683822135714,0.4379461504279481,2.7137060414938414,0.4095479677328481,0.5606355952267911,0.5454535051636112,0.41593482045129526,0.556786676704021,0.5520167424144756,2.1645953877528448,-1.149185937962238
246,0.5294297819126104,-0.9937918176589808,-0.9740082852669734,0.5266918086254467,-0.9979865744612619,-0.9708574366380326,2.448559587735897,0.8106387915461678,-0.8804166187411808,-0.8624706947816266,0.8078207428081127,-0.8885370741107608,-0.8584367813357092,1.9363473153263586,1.517264923596653
247,-0.056910933159488405,0.38036034934207813,0.3703862647464555,-0.0591536646083047,0.3850228508989115,0.3787811680275767,2.3821077008777327,-0.7104359148514243,-0.6209020758979551,-0.6042058608328325,-0.7113640878165938,-0.6312481213244256,-0.6091661458590112,2.684989337662627,-0.4763234706514566
248,-2.4877313551212366,-1.9527576979831345,-1.9240297130814104,-2.487348023397269,-1.9423950196918507,-1.9201757056761242,4.066922839813813,-2.6184683520102814,-1.8871145821330242,-1.862845593071122,-2.5981285284438056,-1.8805914626724174,-1.86788653795193,3.9568810033388604,-0.9921983828418034
249,3.41439913584565,2.8409382667286316,2.772063711826178,3.412805077660012,2.8457698045089455,2.7680733850513817,-0.4090490360455734,3.379736069343314,2.8137285615818395,2.744852321027602,3.3844655923909692,2.8050189752055363,2.748181460574225,-0.8281998041685023,1.945426259629569
250,2.474834531588375,-0.8675590202460989,-0.8560290672002642,2.4731931834858916,-0.8552293661799988,-0.8637607915679675,0.1559685367302771,2.7857669961170943,-0.7696093690819634,-0.7584475651139271,2.781847590962244,-0.7822118796526786,-0.7593617067697934,-0.5305409919763482,3.7170288516454555
251,0.7811555649727341,-0.45988988577961143,-0.447558798034896,0.7755185475082997,-0.45772633200709745,-0.4435632011662604,1.9995934231235029,0.9603251020017768,-0.348364945470909,-0.3393009827945618,0.965328384125345,-0.348379566227004,-0.33886685331850613,1.5550717981931994,2.9604957972663204
252,-0.19439181800195818,-0.3168121099509231,-0.31040444994602645,-0.20111892789337943,-0.32082667197002296,-0.3073436206505527,2.427776540550443,0.31877902115893497,0.37276781865306935,0.36273379459551486,0.3043235200377655,0.3701104600399749,0.3335355932419709,1.6349369799769682,-0.19815753449798806
253,2.1029320663209425,0.29148006524639025,0.28670928570311555,2.0934152411680045,0.28912265201979226,0.29375306934326784,1.4722997463696819,2.278325793348569,0.4923550623827465,0.4849889040140285,2.2699234772179624,0.5124084933499934,0.48482679716810884,1.0121063630044325,2.074653182802663
254,-3.28448487844156,-3.219171756852854,-3.1640938063011346,-3.2677782376212594,-3.2031127300699325,-3.1652082012612754,4.788569935447115,-2.770865377533437,-2.669557131723851,-2.6290949189003796,-2.783309974153319,-2.631156736666001,-2.6286873000050686,4.18638167219926,-0.9918690388520199
255,0.8953170680771297,1.1499826825484485,1.124120758683336,0.8901233245858243,1.141227383306468,1.116223381094193,2.0639322310663295,0.4726819711635727,0.7929790793016177,0.7746900841661596,0.482422330390996,0.7868480888429699,0.7779659206813695,2.004427580981673,-1.5250289459001813
256,0.4472720167737758,-0.04998854123287436,-0.049112298291707115,0.45847325042942694,-0.034706875235212875,-0.05263126477744881,2.5998210410218543,0.34459420451888734,-0.22453788942387626,-0.22040992924402966,0.3357541636484405,-0.23182612371795602,-0.2245012450726256,2.3445065735112145,0.34436805272878374
257,0.6384047441157988,0.4861769976448099,0.48217885613035855,0.6379041662634753,0.4939360178921852,0.4882316370087213,2.4585702920875563,0.49362243863946675,0.34100156599563436,0.3392631469166368,0.49469923175844904,0.3358921068713587,0.344163935774221,2.2876267719755408,-0.09890753337974968
258,-1.1170514634510094,-1.1480937375743994,-1.1167771951025083,-1.1122504954575667,-1.1410397558478007,-1.1232621096404642,2.8022013494208733,-1.273859234563378,-1.3321383148569916,-1.2934513760506434,-1.2809922626282468,-1.334722029064386,-1.289999479078887,2.7083623455010657,-2.0888336088111723
259,-0.776872246522974,-0.7135446340556441,-0.6954085183120517,-0.7701472119184392,-0.7117732756689713,-0.6954083907611749,3.4016924059166103,-0.9564610494857363,-0.876782190591354,-0.853637663740775,-0.9548916651093079,-0.8701471937657397,-0.8668676207773561,3.3803205833985555,-2.492883699296622
260,0.47268575838675064,0.7286177250048322,0.7103449934321141,0.4870786991918553,0.7139849374465442,0.7042389980697473,1.593035670443395,0.7032222284578257,1.039237999932472,1.0118310773302932,0.699208545582526,1.0167827340911813,1.0170288043250844,1.0573976318925162,-0.9033771458076449
261,-0.007666632531540119,0.07162901154265187,0.0697358586093624,-0.00638447113795662,0.06742614195550553,0.07238668798275226,2.1883642534564314,-0.1514427207282397,-0.1408965731347131,-0.13705949804484635,-0.1553896319451022,-0.13065351219607094,-0.12407627286773655,1.8241070693750285,0.09375206328268716
262,3.302631071437482,2.7993264028923557,2.721778639029114,3.3028826938085367,2.807921344440027,2.724491641019782,-0.3559841613360185,3.3524161228228984,2.87120406393604,2.7907341810943183,3.348771278832327,2.8658892809584913,2.7972180735327736,-0.6461990406294046,2.241415784161471
263,0.05638133698415474,-2.4793174611668234,-2.4017055468088646,0.053441982461398876,-2.4764383625886772,-2.3932524128845194,1.85734186116695,0.7488779625510814,-2.1208949730898596,-2.0602595443365104,0.7476777459919339,-2.12148816061916,-2.046629293934979,1.1603680796563847,2.2851585948676933
264,3.5500195840506437,0.31395033110746284,0.3061386694462017,3.5567715195572376,0.31284425636957625,0.29979199428802,-0.35915369983060386,4.207767030843676,1.0131822704697082,0.9842521091181881,4.215840091053489,1.003860758794722,0.9835548347477135,-1.4268946460549634,4.359760270754255
265,2.7262295981774245,0.2660726949514484,0.26153816026915006,2.721941129788324,0.2593203297476435,0.254466400905209,0.07300819403698228,3.0259350688801625,0.1079598351484509,0.10600904038444064,3.0384303364013303,0.09641490462524935,0.0946332631901889,-0.6919543888466458,4.170605931012633
266,-0.9509802423348481,-0.7806404145744087,-0.7613768756366357,-0.9772182807831159,-0.7939197278416318,-0.7603124318546314,3.373551977317188,-0.8248935191045124,-0.6942823645711153,-0.6770149804703185,-0.8485012970114909,-0.7206465526053328,-0.6878352533792017,2.9572128216517464,-0.5429459298111227
267,-1.5304373265165923,-1.3231831707981117,-1.276589685111131,-1.539961611551758,-1.305181879281019,-1.289369571391959,3.6203712611266323,-1.308340300645872,-1.0604847121015175,-1.0195935237497047,-1.31144650760826,-1.0290092032624591,-1.0218450127361443,3.0120729026632964,-0.5323233908872794
268,-0.27663776156414105,-1.1520852870641916,-1.1284953477799011,-0.2828237635772742,-1.1440916990905523,-1.128140847939419,3.0933629668940634,-0.2042334185536264,-1.158190003713408,-1.134930580693701,-0.21913038562800996,-1.1584868463709304,-1.1243528777027016,2.72146786756052,1.043178501380262
269,2.102827421195587,-0.08091652139972108,-0.07958935096873973,2.1072700937411812,-0.09343405800355577,-0.07012912503406617,1.236321745623943,2.1475910113735304,-0.09603467468504076,-0.09420158647733146,2.1325839726699827,-0.08388587746837509,-0.08181640687352601,0.7927114060269788,2.4282506220866544
270,3.384790392548984,0.33129703535747135,0.3238607759164077,3.385466758932742,0.33736348341823524,0.32491143974791703,0.01778874387430504,3.5251293040039653,0.4153239024087919,0.40579091871232487,3.5231427823113717,0.41585570487631485,0.3942611993189158,-0.2871814745303815,4.328087387385308
271,0.3055974344162528,0.5690949978876391,0.555629087921117,0.3094673176276464,0.5697134242130194,0.5471310364806479,2.200761074484434,0.13075593084499068,0.4054529114182993,0.3975987142134057,0.1423709213847656,0.388328310460031,0.4199002235738018,1.9002351752967357,-0.4617556924239154
272,-1.4994889302183265,-1.3624041855900124,-1.3263524515706622,-1.5046656990773402,-1.3692411856918254,-1.3350391189093647,3.481103470351655,-1.7084326063392958,-1.5422845283086952,-1.4953617446903398,-1.7125140312895881,-1.5465746187617415,-1.4957091785730219,3.1884683122255977,-1.485706993858658
273,-1.3422251467402182,-1.6500016204444163,-1.6133681086928622,-1.3410470664508707,-1.6270500162453005,-1.6250753284123425,3.0552843246007373,-1.2347550587206453,-1.7424422636294494,-1.694868845838407,-1.2346364069743019,-1.7407771553828602,-1.699295269946247,2.891798672364119,-0.16024047232125946
274,1.0446569302528481,1.4039515034533643,1.37778251593669,1.0387829920856697,1.4144978988645376,1.3799278212930857,0.7992807260379243,0.7120968525884621,1.2308843098322855,1.2027844238253929,0.736494086129892,1.2525222907028115,1.1997076206839472,0.6295198304055423,-2.339544377506686
275,-0.018714679161236265,-0.9986794573651943,-0.9781864803933098,-0.013060667834921203,-1.0054187854300403,-0.9822615886204826,2.8909832271229994,0.08178382024263578,-1.0160584963059225,-0.9937395310085643,0.08232236190904225,-1.0207445743891579,-0.9758611269284208,2.2937253992854902,1.7505747611500886
276,-1.5438959980542784,-1.500323885103344,-1.460659682991576,-1.5555705462169749,-1.516624365797563,-1.4576092270043364,3.1317328737594945,-1.4498285839081118,-1.3875553366563607,-1.3552749754682214,-1.4580332326615784,-1.3782694680161631,-1.351639359034163,2.9794335777893246,-0.5300355108397573
277,-1.32256143612341,-1.2491009918724443,-1.2120427545853893,-1.324754082371776,-1.2534797552391752,-1.2127909606242153,2.540286528064631,-1.7946048222437498,-1.707474671472872,-1.6536394875964782,-1.7925077986685471,-1.7083667728405119,-1.656913577740739,2.5533449987555805,-0.600909221024341
278,2.28741287450442,1.7027892561618536,1.675405235886545,2.284942870724882,1.7032478244357183,1.6743712446945291,1.0907889821901116,2.213102838464015,1.6402478204427433,1.6129886422930033,2.2086030203529625,1.6417790080542518,1.6139558712912638,0.8552950438581512,1.3707316849471112
279,0.38509257941459174,0.5962922704430242,0.5845915405623374,0.40173375716948445,0.5886311359830231,0.5933294889138158,2.163068259260985,0.10254289133103348,0.3375297376955052,0.3302059953065665,0.11507475830000029,0.32564850252168237,0.31837994800423886,1.7615178678424128,-1.0215216067936186
280,0.5636800401617615,-0.7251979303272711,-0.7150587288889233,0.5641278290388693,-0.7211690987847397,-0.7218410620421826,3.3342733991642346,0.4606694121297499,-0.9563410546227755,-0.9440638701716301,0.4609010761906048,-0.9648259017848366,-0.9439161249917382,3.2176482998973865,1.3848437581844626
281,0.5808673150537617,-1.7382627004489961,-1.7048043325413105,0.5691598697532351,-1.7450248695782433,-1.7078040779649108,1.6716193221372584,0.9107567381001783,-1.3730019608785944,-1.343575613126537,0.9097453189329343,-1.3780255007445716,-1.3274671768623632,1.1403502742424847,1.6059849233040535
282,2.343212150304032,1.7103568927666626,1.680735411646436,2.338512331992279,1.7156127942501154,1.6854651247680952,1.2908530205671,2.527812081754824,2.001260804474337,1.9622987800173255,2.5288563777016497,1.9997857594866533,1.9684969696076011,0.8545831050247179,2.065566644058235
283,1.0807856845795751,1.0439188431788051,1.0221316684918067,1.081865770794707,1.0454441763578775,1.0254257201771266,1.514116199616169,1.1039024775191224,1.0847965011840972,1.0617997299480022,1.1031588881477505,1.0730289054288962,1.066147247377729,1.232664204695549,0.1760049033074781
284,1.1294780893509244,1.2092845781810335,1.174498968305478,1.1319291529133295,1.2039975762232906,1.1830076118895785,1.5513573318515659,0.9282200867484532,1.0693612823808416,1.0377749491777009,0.9254734025315492,1.0699118186718566,1.0479798579632431,1.1548402170027017,-0.7012665020157038
285,-0.5235153188621023,-1.1040544181098346,-1.083440983919111,-0.5216095834231806,-1.1011292407395075,-1.0822237510959198,3.204043829692701,-0.17305944264666753,-0.7348561291848956,-0.7188005560995469,-0.1671888349411144,-0.7353488878794364,-0.7171402708968435,2.5141696133647886,0.7754399087281668
286,1.6881909096875447,1.4480312249994765,1.416668420507904,1.696742539913807,1.4433642136420957,1.413925164982196,2.0897244941610635,1.8048634482296793,1.6355793843051527,1.6019889012434365,1.8111053497178036,1.6448760804206293,1.5829275116774746,1.6032682466329653,0.28360793694516445
287,1.8539708717595955,0.002267702411434997,0.0022275178139051187,1.866153044717235,0.0010588816384477185,0.0021888220428460917,0.10717372700680153,2.190327190769465,0.16598366610702522,0.1635786465942886,2.17175207458946,0.16507661308742994,0.1622992258829323,-0.494252888874512,2.7778155499747994
288,-2.8720482503380564,-2.804727190942432,-2.7358413157916726,-2.8688250970559404,-2.799832096752684,-2.750383629725372,4.228063596145809,-2.9039493233845755,-2.8944840890813115,-2.8327719731541805,-2.915342244535095,-2.9084343247245337,-2.8176033832233975,4.072190121890461,-0.6219799029809452
289,0.8439246690791689,-0.3598747027071803,-0.3533678813462957,0.8492280726665546,-0.36149447745819613,-0.3611378224583223,1.4049816075196588,1.1285663047130365,-0.1613525567148033,-0.15821221644309355,1.1282065181905738,-0.1577187258064015,-0.16614447631421234,0.8113748893329982,1.7134800641069066
290,2.8860844973656703,1.271961688737088,1.2354525567865111,2.883181142394386,1.271089368740759,1.230090290970335,0.23694546834784685,3.0921248495978135,1.2653700944683997,1.2305895849935955,3.0917266876022116,1.2612493413010564,1.2301144162015931,-0.3159674658871104,3.8064909988603195
291,0.440785705000776,-0.9391160002533384,-0.913296940054971,0.4169791683881492,-0.9314340877256064,-0.9353390002254056,0.847987798491533,0.7567233959277413,-0.8294957397727938,-0.805185444923425,0.7361153787969433,-0.8483250835467088,-0.8323088820479212,0.17125606773758914,2.2970433601733613
292,0.9905924344739572,0.23610433273378528,0.2321668269699388,0.982594604457529,0.23222489254156803,0.23011646215183265,3.38732312192985,1.0279591454519748,0.2575327582226542,0.25322283022009856,1.032395679749562,0.2632867603989555,0.2567576286123346,3.0505125163367453,0.8970445989551948
293,-0.7615914348005717,-1.1471347049429235,-1.12663604762198,-0.7582073044407012,-1.13796682820678,-1.130045853037229,2.9074327115167615,-0.560893596070099,-1.000027897000699,-0.9794429811557611,-0.5578428844450348,-1.0004785174647368,-0.9916426699014943,2.419384104995603,0.6958276118855792
294,2.264702093810318,0.32494731728583126,0.3207924944899443,2.269078508557048,0.32438401582107995,0.3287885242381806,0.5121420794183511,1.9578093733662332,-0.19389576691183535,-0.18953135102147103,1.949190335283185,-0.18904335719041676,-0.17927894748944698,0.37697156801339116,3.3194937995493516
295,1.4026150187910824,0.4948391767869419,0.47982316998317515,1.402362905491604,0.4970216073791102,0.476979149255642,1.0549807462045233,1.8703448956893738,0.8169168724033717,0.7941333635860033,1.866009159942558,0.8224432618725115,0.7954017646412269,0.6044213177249239,3.0676626654913295
296,-1.4921007210785262,-1.466190398226783,-1.4411428448304873,-1.4957203822493947,-1.4613336913880655,-1.4540563005798168,3.453560867252501,-1.3831201416014842,-1.3573719081482738,-1.3338381014203569,-1.389510880395163,-1.3645624550670628,-1.3347060936822137,2.9769603046833835,-0.49829500480071587
297,0.6130457643184148,0.32691867786551954,0.3204517015382151,0.5967950842424186,0.3184933380199401,0.3190703558023527,1.8497135249147088,0.5642230268843788,0.24454332662599973,0.23996376752621915,0.5594757460456559,0.2366251653525707,0.24749225637011982,1.5121143789679266,1.1549258039417065
298,-0.927294666058689,-0.6835314705724449,-0.6670367612575114,-0.9272466677204139,-0.6898383323295998,-0.657259871654462,3.1666164973711393,-0.6708177588083567,-0.4056362815129946,-0.3994152075388444,-0.6696514136812463,-0.39676834490287183,-0.39924936113626747,2.9917183533365916,-0.979437640001789
299,1.4322994345804092,-0.2212504240609046,-0.21509824311132064,1.4320666517072376,-0.2152170885054318,-0.22344544403202007,2.1773218577294697,1.538311165814441,-0.28801126294816753,-0.27997072389436256,1.5380660703712012,-0.2890229407131601,-0.2836354748607094,1.83906522032781,2.7076862176211773
300,0.023929732564945263,-0.04638047640543748,-0.04512377728538838,0.02115427799901835,-0.0624293573507317,-0.04734117303815629,2.4472258103071685,0.07417896168473348,0.01204894500436362,0.01172478112981793,0.07739121639933733,0.013076540151710725,0.011044511432807035,2.102507650124829,-0.5631664073252005
301,-0.5837615211935706,-0.053842946425431935,-0.053049601357699684,-0.590553496691725,-0.05805589380629278,-0.05026098252130746,2.9453080235844733,-0.8569432013848721,-0.24018763330729864,-0.2366166780189184,-0.8662286629730974,-0.23981075325156861,-0.2297221427607406,2.7563643444289267,-1.7534408078588428
302,0.7282470291238283,0.9790682883074715,0.9592663811301367,0.7227545034582051,0.9867323018867735,0.9529406428240105,1.5889137341874142,-0.21889317993217672,0.11650588350642743,0.11395886662616812,-0.22384143004723572,0.10326859818412007,0.11654439796443007,1.7784487653979515,-0.9625461630961083
303,-1.160681504587807,-1.9446120540240093,-1.8969759200259073,-1.161549895460657,-1.9536137822186082,-1.8586368650238894,3.5776831910537044,-0.5985193859206689,-1.3641161719843633,-1.33245794995031,-0.5902284237921037,-1.3709062170482351,-1.310292023415788,3.0132169804589877,0.5579596332244785
304,1.6267399816342716,0.16028262971235382,0.15596823114778702,1.6294617921469297,0.16100994336025143,0.15540400700863852,1.572195101471325,1.8128707743125612,0.18514559057356256,0.1805084183130315,1.8147331978143897,0.1754595424227232,0.18770450499275496,1.0573201960724017,2.209774795214241
305,-0.1614167153001384,-0.512255501241616,-0.5029044463606974,-0.1573014523291081,-0.5250855165431982,-0.5061793189590347,2.203410362434707,-0.2897988759472813,-0.747179718870952,-0.7313710068169814,-0.27960313707069234,-0.7438127625732599,-0.7272354711946987,1.9766831985096325,0.676981543260863
306,0.7090799625629357,0.4293809054587018,0.42069134178037504,0.6987278409117494,0.4286349689216716,0.42195171224725664,2.4197678171971413,0.9079791801598655,0.6706400847334258,0.6561278683588952,0.9122070857280841,0.6671479448357664,0.65130327131861,1.8554762550801829,0.43181938314000906
307,0.4664781904419654,-1.183118570542312,-1.1577614820799715,0.4694459565839152,-1.1838144280179388,-1.1614973382139349,1.7078721849864762,0.5261508471463401,-1.4201377388304646,-1.3869583673985701,0.5269439064067825,-1.42767830227316,-1.3941028359920182,1.284070725494104,1.7837948305314448
308,-0.3650580154802466,-0.6756355590413322,-0.6595809080941838,-0.37035472906223005,-0.6734639432107341,-0.6592224419396511,2.817974038311305,-0.5816429800361619,-1.046220952920252,-1.015847132545524,-0.5825796213934573,-1.0411202420108283,-1.0167572977807577,2.4300989927432464,1.0671153586559188
309,1.6469388153369047,1.5996837041637166,1.5619273359761423,1.6523004877353107,1.5991522029438856,1.561295083172786,0.6811711148267946,1.610400974213334,1.600805945690329,1.563498981558826,1.6119250482249279,1.6052577517417126,1.5650216068838647,0.4143059887847367,0.7344438008302894
310,2.216085804477781,-1.2806877096912739,-1.2488066154701385,2.2168985872488456,-1.2811474926912518,-1.2365272277473105,0.26953237079396125,2.5377658975952397,-1.2735756243282974,-1.2430132715107753,2.5232329386921664,-1.2637432781204234,-1.2624863755678013,-0.2599186609427249,3.861176083613848
311,-2.2975472656701217,-2.02535006588285,-1.9566802778645784,-2.276850545554979,-2.0229208268112355,-1.964525668129588,3.0817077280214864,-2.1773319242793656,-1.83593138563086,-1.7767749641223531,-2.196632137382469,-1.8355242970895964,-1.7966627595597848,2.8958619822517955,-2.5976775027994257
312,-0.40408205931380825,0.003563329045509227,0.0035015279991556956,-0.4019079864122313,-0.0014869646122939461,0.0028092132659588657,3.3083454309230778,-1.5424273209423147,-1.0139415920977666,-0.992279620844756,-1.5468954645265534,-1.0074062373998343,-0.9988950947420342,3.4889437964668075,-0.7532588129067634
313,-0.14885007830866612,-2.8264848206404753,-2.7841062427202004,-0.15183457674379866,-2.8294736546731403,-2.7987257500634177,2.123638840366513,0.3801344895788245,-2.467009724803991,-2.4252308409165897,0.3860237606666824,-2.4585260812292833,-2.424859209911994,1.3825737052378728,2.0000046138934704
314,0.22186584831361025,-0.6839220756658139,-0.6678771682662412,0.23115639884598835,-0.6860339883395801,-0.665644355313249,3.0346350981266883,-0.05402467376047095,-1.0398970235144072,-1.0139825700248435,-0.05764983534030236,-1.0408395823471033,-1.0145114050494486,2.7349236561595713,0.8912196739351168
315,1.1780487832535498,-0.37637455565235534,-0.36803313870168614,1.1822140162328092,-0.38213455507225447,-0.37052172468890865,1.312215958032527,1.8267186263952202,0.36799889973201066,0.361355331942836,1.817320044123596,0.37508584551744856,0.36428489916059054,0.34234633103354006,2.1407904449011093
316,3.0159850437422313,2.5833924252577583,2.546505954729048,3.019105864275991,2.577323219383311,2.5433383797388553,0.29360960114625967,3.5279281029857055,3.234390908411614,3.1836659889554273,3.528160932258844,3.231846832553128,3.1862439284214195,-0.6316882014406224,1.3075917796980088
317,-0.6403065233684582,-0.6028771474941188,-0.58083291476881,-0.6375099085427669,-0.6032811862973089,-0.5839535513218295,2.58880409076863,-0.8733204880197596,-0.8918175066595956,-0.8576961966740687,-0.87773096763,-0.8946557232897429,-0.8551481333573229,2.5291194460513626,-0.0437195490279348
318,1.8694485923449364,2.0844493074562296,2.0237154326956217,1.8828875549243917,2.0800694820446677,2.025975094489704,-0.0029902760424260237,1.5447858960066776,1.7707572098830726,1.719496146590711,1.547666678625492,1.7747438838156304,1.7097724163281898,0.02509164699004733,0.0029215842681517517
319,-0.5262504357075077,-1.931055940731574,-1.8954743372205134,-0.5236832162035193,-1.9474077154090834,-1.8877626216341759,2.8960044517088996,-0.13628351079058448,-1.571836606345699,-1.5405771544971802,-0.14111908436797843,-1.575916646391621,-1.5514246181340117,2.2887988963281507,1.3030329396347178
320,-0.4088786868717427,-0.6591595615156264,-0.6390162086146163,-0.39662757231603785,-0.6619572481710982,-0.6466526549371161,2.2147532686989377,0.38910721022209915,0.2676072566093818,0.25941578060087994,0.39095312974222973,0.2752476461709408,0.24934197468347102,1.7940960437784323,-0.16512775411148886
321,1.980323065205582,0.3640513893865895,0.3542309375605142,1.9739035266971323,0.3641620743022861,0.36048241829278876,0.6405542499151381,2.198501528712192,0.5412551129171631,0.5266269031740165,2.2044907210652385,0.5310325405513467,0.534528304608504,0.2308355754609377,2.9071892540903237
322,0.18218818546822313,-0.9735361372425396,-0.9528683677949326,0.1787317620956225,-0.9796714149695901,-0.9703190656714775,3.1143300464856005,0.5619476310092285,-0.562116018322764,-0.5487280229162039,0.5853373902644703,-0.5684641254607402,-0.5661231146099063,2.366528481509393,0.9814866647368325
323,0.01549720335391424,-0.769175511757648,-0.7460716659821919,0.010434475524985597,-0.7716087273774489,-0.7388971166544004,2.8866564780633475,0.17640005012237972,-0.6881470772388127,-0.6685655922200981,0.18601224768747754,-0.686288221790957,-0.6751029215426982,2.531799258410969,2.323307917046143
324,1.0942330121017483,-0.07291843877955738,-0.07174381476954889,1.0840686634087002,-0.06938698025717092,-0.06450354074088202,1.2211001003364141,1.0083305202172828,-0.31475167200340065,-0.3089776615017916,1.004070897231228,-0.2986023784095235,-0.3034140656874142,0.9923623242803097,2.1961392951939507
325,-0.05352902481010517,-0.9679066715911835,-0.9472654474138245,-0.05691863069356528,-0.9742202919280246,-0.9517790019397215,2.054981447661206,-0.5146900255342017,-2.091943532454595,-2.0353616919505377,-0.5075587103292181,-2.0954688547335008,-2.0380852507073333,1.9927939494622404,1.4461819394592814
326,-0.5682475055089399,-3.176114803314126,-3.1106805504385613,-0.5576116702322168,-3.172187949985729,-3.1149785522347204,2.5806640689600284,-0.05850836563108086,-2.6450936436989636,-2.5942610993160495,-0.05910554746319545,-2.608042763967649,-2.6045534701278465,1.7544145906838033,1.1738942285491558
327,-0.6365423853354284,-1.8319312976161752,-1.7859649260764945,-0.6311901226155385,-1.8326892962068142,-1.7823630467272005,3.4682398517075868,-0.21891568480849588,-1.3809406786412735,-1.3482076621634214,-0.22782187763711748,-1.3753970434936464,-1.3542659402168056,2.786354261092863,1.2502308609245865
328,-2.1937476063792243,-2.2354784154834713,-2.1656095118514,-2.190876300893469,-2.2310368160833236,-2.1649908777622264,4.003091327058367,-2.3556135709419523,-2.4502992969279327,-2.364057722992699,-2.357827757920413,-2.4409080842039335,-2.3747676705733505,3.792719009661935,-0.001230411404084289
329,1.420058461736246,1.2796428995776505,1.2458629773815926,1.4115724430016803,1.284244217231787,1.2416132868393472,1.4838642073520427,1.6497554841475048,1.4818581971304408,1.4404842931039568,1.6480396009603513,1.4814590528947187,1.45178924809505,0.6958060491742485,1.2854985846527607
330,-3.1134947406597417,-2.9340703657815004,-2.851517580080966,-3.117339998838431,-2.9336284298818027,-2.8588140232581782,4.530853003945157,-3.3514894993234283,-3.166147536403167,-3.0629730338878907,-3.3538703599784285,-3.160230933110274,-3.078435854205278,4.336597517521429,-1.441704864520995
331,0.3099865568307103,-0.2676363890115653,-0.25956148862064704,0.31151252692297315,-0.27143051401047064,-0.26024114958895966,1.657912093707757,0.5082233491707877,-0.16780781832222158,-0.16276220676392367,0.5031277219005016,-0.16220702296565465,-0.16227331210743315,1.2377473107406496,2.2309921279990346
332,-0.4234366308709257,-0.45290521901493686,-0.44503843091726114,-0.42182445905535876,-0.4583254295981435,-0.45347995193684104,3.485465076642647,-0.6262189618992337,-0.6458460332642927,-0.6335965895680905,-0.6298292324083167,-0.6511199807426433,-0.6226338793943401,3.225043132207657,-0.9942005837094021
333,-0.13225489034299212,0.049066726647160774,0.047703581782713014,-0.15041815724205335,0.05286383628768335,0.04897317262129045,2.511225303476123,-0.05171393152072754,0.2113351396493707,0.2062203236510285,-0.02914644235632094,0.20415151383944738,0.18346956570856246,2.37974814960703,-0.7040503948209544
334,-1.3454617974745022,-1.7734438795683007,-1.7381617208184823,-1.3467027761968746,-1.7607382270613963,-1.7577686322869035,3.717750053276331,-1.1523663071854495,-1.561347077800334,-1.5186209263346961,-1.1405244348018775,-1.5719989223193211,-1.5324178994677922,3.2534154151198686,-1.2073138819300513
335,1.1394373719614328,1.686693466041938,1.6571650841102592,1.1351017214363193,1.684691520796044,1.6590647537814396,1.8961293492114701,0.5987795903184725,1.2073885305484193,1.187764501957428,0.5991835590477458,1.2129949468329722,1.1896800803753909,2.1107201150138564,-0.035796183147786896
336,1.9500018340709218,1.5019638404844573,1.4644174295167889,1.9579676671137056,1.5018955576184825,1.4651269395365687,0.5969603270397333,2.1415752675368513,1.7513457637434815,1.7040433281990066,2.1419726124874594,1.7561875704196026,1.7055095693847468,0.07032558951970053,1.4627745582613243
337,-0.7368354221012653,-0.760605926169334,-0.7508172340287842,-0.7380770994000738,-0.7571300735886334,-0.7605918945845147,2.9380732153241493,-0.7289000166926461,-0.7238824908230386,-0.7118517113490309,-0.7307172801646277,-0.7169551663823005,-0.7057225708132366,2.586513110956125,-0.4815373589466296
338,-1.0659268344204618,-1.3750679804480634,-1.3400287255277583,-1.0574034825683623,-1.3860014057458077,-1.346521415197656,3.53863128417563,-1.2335461589994927,-1.6698512172276505,-1.6213496658649336,-1.2391050656783706,-1.6619574353501363,-1.6141489277887686,3.346399848524131,0.4911443377123423
339,1.980036079746111,0.02182155242507188,0.02134699763676379,1.9803136987011811,0.028074810908035184,0.028322219074748915,1.402567222291685,2.225329386275653,0.3036446627368502,0.29677395951093694,2.2267539765521263,0.3023488021885461,0.29849777119751075,0.8054025716094152,2.464509297857551
340,-1.2282505924262328,-1.193004560838106,-1.1700886466137386,-1.2347868785175804,-1.1913477908672463,-1.1828148939190508,3.1369455258485965,-1.3453274964494086,-1.4568208204474749,-1.4306838734433804,-1.3368305662535584,-1.4566443469663102,-1.4517107848921242,2.859842878792594,-0.7240089128555238
341,3.5021185320434602,2.157263953214583,2.0877978005469227,3.4976884371526653,2.1594993663127227,2.098853015248853,0.20481964584464235,3.094927087226533,1.8329487776881779,1.7750914815476677,3.0945281148017836,1.823125037316619,1.7700196091384224,0.06508803568901235,2.240966963597946
342,1.238235117478459,0.0972844712526185,0.09392715882255534,1.2443066063441817,0.09361387764597372,0.09591014268001737,1.695944361266935,1.5184953146999574,0.42927531209621705,0.4155490311051005,1.514523248006716,0.4078333114743605,0.4266613170332503,1.21941877404576,1.820114621068204
343,1.2621140688838148,0.5757534386815888,0.5617992529612099,1.2615587445990994,0.5804462320631908,0.5555403353049407,1.623320510218566,1.4571890265186422,0.8904470085149684,0.869040686381287,1.455784729285521,0.8887663106342478,0.8677894802844159,1.101362825172071,1.1306833109139642
344,-1.3485951063214545,-1.4211770495898257,-1.398974960252785,-1.3502927006503946,-1.4308552744350003,-1.4104006605328743,3.0967396287257705,-1.6668184814572244,-1.8178849558767072,-1.7885824595457733,-1.694474122828673,-1.835266962638397,-1.7832623670954553,3.0353038921575797,-0.3303902356991646
345,0.57812292597109,-0.5324510578993621,-0.5227144518197944,0.5856222003937069,-0.5464544935966291,-0.5360626276987166,2.9142121133971552,0.03440214555320576,-1.8620173537399896,-1.8362518278304247,0.03344139246143474,-1.8416754498272643,-1.8265344112644641,2.5992745160986965,0.5539187163268661
346,-1.358543488244479,-1.5151073222315807,-1.4834727891140054,-1.3463654268965126,-1.5169293922681955,-1.4819463649677005,2.8338111077202064,-0.9318342004596037,-1.3315493922552482,-1.3084603522032061,-0.9219010846747687,-1.3122829083537422,-1.3103387702678546,2.510443477785294,0.5067488088156994
347,-1.8111028708715542,-2.229881822344277,-2.1625825961910157,-1.8066942056328104,-2.2266606006651357,-2.161902989032093,3.277325858664673,-1.4212415629828714,-1.884543110745467,-1.8287903155422487,-1.4188950710069475,-1.8666893126612665,-1.8354279620185516,2.6737114016368957,0.029758837145593648
348,0.19486527742930806,-1.035961994097733,-1.0191926241042124,0.19234021892059236,-1.044259016361418,-1.0199148979042765,1.9019378823411404,0.5164400357142866,-0.8927982493913247,-0.8805594310354161,0.5172147431567801,-0.8980087639532909,-0.8838985926632974,1.2909867036024172,1.3652513776644117
349,-0.12795266363771238,-0.280941167500005,-0.276116093249178,-0.12671644175316252,-0.2811709032134151,-0.29631924056555276,2.696390683502603,-0.4418445511793584,-0.681452877595214,-0.6607770018265011,-0.42757186148604226,-0.6667197034698346,-0.6602685622437455,2.521500590595661,0.026311070342365694
350,1.033415738089139,-1.2663926190576877,-1.2352191014731735,1.035184485516551,-1.2672010668238554,-1.233419035431194,1.9692614700639117,1.3759541243795317,-1.1184259423879244,-1.0900232681312478,1.3841387198294761,-1.1334318611710175,-1.0920417887659233,1.427576811799368,2.5112078512593463
351,1.5940814675696224,0.3740592179046783,0.3690645601706037,1.5975948423876383,0.38842519939062503,0.35866862543641376,1.989580618590327,1.3121067678582836,-0.13554776642859723,-0.13366333219278678,1.3176505157464755,-0.1445262900797629,-0.14000583120591817,2.2107320212195942,1.2209727537228088
352,1.6019495963550696,0.8143946554220511,0.7902153737230362,1.5946803134623055,0.8302940505687644,0.7814795554043156,1.0212351332093486,1.82705913238953,1.0053709089219245,0.9725846584903319,1.8405099464209254,1.0146036652911183,0.9662226840177877,0.5782543537997125,1.7113773823079748
353,0.7106241108639765,0.2728393849998241,0.2651117695303537,0.7103958129779341,0.28540785126465845,0.253332795109535,1.9943892262130531,0.651054122578209,0.16727671787114645,0.16258983895035464,0.6598125149677068,0.18009375861387875,0.162868394794459,1.8565801980714982,0.819306732253668
354,0.35763051401072016,0.5015212856270457,0.49781319189194323,0.3650026254486124,0.5003726942635537,0.4992165175923821,2.730413109666477,0.031719781095134854,0.19763854994005317,0.19655120825650088,0.0366200852991908,0.1961358299726886,0.2028727775248114,2.4568950775114073,-0.42226757888663
355,2.8333017432880307,0.30888326835848406,0.30028543162606464,2.832461859062811,0.30563419375678663,0.30300954614783016,0.1908719054137078,2.904463510213071,0.3240776140970682,0.3142132699048969,2.909527369885266,0.32743728013410717,0.31979562664084143,-0.1414806181565802,3.8615156368296066
356,0.30500290057664814,0.1822668633000242,0.1781614600045282,0.3045641377128689,0.19550183267354032,0.172886928383195,2.5704538391250566,0.26574784553008857,0.058047669790649736,0.05676814374543422,0.25753500141815605,0.05614314011803768,0.06253451040752128,2.3458489898482906,-0.05179736872800596
357,1.2872614038030783,-0.9137503144021178,-0.9026483398896266,1.295710112604384,-0.9242946438228389,-0.8981575040606883,1.4350430240108176,1.6054043341777433,-0.5556515924899701,-0.5483307688331721,1.6063405332664538,-0.5496767836296672,-0.554560705199629,0.9519901301748189,2.4093787023081674
358,1.2771044787599592,-0.4578921492513835,-0.44950409874024766,1.2744457301639602,-0.4716612098472517,-0.45713025413255326,0.9257603514200932,1.904410378635077,-0.07435878554295065,-0.0725746542210142,1.9039475064150253,-0.11261544433195536,-0.07853763918928663,0.17775525478217924,2.796518865488088
359,-0.2537998276093064,-0.5480111151088428,-0.5385185783796123,-0.2489930399753486,-0.5439589091911384,-0.5270349889996848,2.8113641119645747,-0.5231590432860103,-0.8568227639406499,-0.8439146955962984,-0.5201481359574024,-0.8545121355055223,-0.8412113360725497,2.6171749052803563,-0.5163441795640298
360,-1.1776587148608681,-1.634472696964488,-1.6112477323204726,-1.176957484243841,-1.642884111316357,-1.6149304879479018,3.463024703688379,-0.6212102968606337,-1.0325122195450402,-1.0192288328094108,-0.6155366923784381,-1.0403373330656334,-1.0267821296754456,2.6984116027833767,0.2765829961421846
361,-0.08629020599474382,-1.6390490354550973,-1.5943990757266386,-0.10598320463291336,-1.6335773297719363,-1.6017485546193757,2.5945643663071163,0.3157121684265766,-1.5357333832527045,-1.5062414870467917,0.3265809012341139,-1.5257006309492616,-1.502506266366362,1.8935719397498934,1.2726115160773614
362,-0.7702997103597196,-1.1822947293471477,-1.1391722279641958,-0.7664381032350374,-1.1890858056492157,-1.131432707188198,2.9468955988069268,-0.5918615876533595,-1.0447084362055512,-1.0060512898057092,-0.5854215014244368,-1.0453662603446192,-1.0071358836821542,2.6572545516006634,1.641897951550872
363,1.9748737168745691,-1.2936170306890782,-1.256628680884123,1.9669473660610373,-1.2953377613027734,-1.2566207280449506,1.4486206285805034,2.2795874342945686,-1.38420301997745,-1.3451911435454627,2.2835235103397356,-1.3900850750469878,-1.3595181251448085,0.8404448223605611,3.4455147375932063
364,-0.2081022969273088,-0.21109450912089942,-0.20742254391076193,-0.20177145683188621,-0.20899128890324908,-0.2076489047073055,1.9189685118259343,-0.25134276441909875,-0.2824301635954387,-0.2777210235591417,-0.25812439701806705,-0.292323814157736,-0.2689207880980434,1.6497878782104654,-0.08997045023274947
365,1.9536155299911218,1.4339909696004358,1.4203293276055,1.9600443105772047,1.4323168388341592,1.4170004461515484,0.4139703767946105,1.964705831527563,1.3887420727680162,1.3742863488502217,1.9750619523691277,1.3865168874305478,1.3636338787230304,0.026960111073837317,1.4616804470584752
366,1.3877058856222786,1.1106534820940466,1.0906285719976525,1.3861000018612806,1.1172256008099468,1.0964541309476876,0.9322028845036002,1.7271940313604601,1.433439484448481,1.4073787203735517,1.7275405662639096,1.4355865468215956,1.402300348527054,0.3216492758308373,1.3098148223398136
367,0.27038143344899607,0.5688993081708283,0.5534993822831981,0.27491250671846784,0.5669037622165003,0.5589684302702523,2.7554026227632153,0.38448477594605973,0.823702297555472,0.8041050670954053,0.38166355718391143,0.8264559744057816,0.7949985594059028,2.2385261518301136,-0.899919034004437
368,2.611093365773674,2.6708204750995064,2.602350780040621,2.6079058430236444,2.6746924790687667,2.602511528394969,0.7551413693104616,2.351793287465856,2.4227575161616555,2.3605146975324507,2.352492253323412,2.4211450989546495,2.3631393055821635,0.4363555685719871,0.5400626473474135
369,0.7399602758668417,-0.3477819630685653,-0.33717911401494977,0.7389465415525555,-0.3522041432631136,-0.35076264350594827,1.7988110660139731,0.742645538142883,-0.390529203471807,-0.3786141270248677,0.744050894818624,-0.3815742707993623,-0.3785033346826655,1.429101774370067,1.4084320514506692
370,2.041313884551548,0.5373626230401582,0.529021301578879,2.048311692818563,0.5470617311607968,0.5370460861450822,0.09960147329437018,1.7497664968412476,-0.06936936804609281,-0.06821984197876872,1.7589452546141882,-0.07486902915871567,-0.07594278208813084,-0.032147433272700324,2.841425816690896
371,1.5687432324881094,1.9666079335507705,1.9237812601255546,1.5664504569573434,1.961864546650434,1.8932227085881361,0.9894086335842545,1.6367113002673435,2.122286137681085,2.07262875657094,1.6406556793773936,2.103284142313444,2.0779878836887,0.6381308784326672,-0.1524144553322008
372,1.8004118028814426,-0.5820675094330527,-0.5674471942984264,1.8012717751542113,-0.5845993086225456,-0.5689751718844162,1.4550559918559605,1.9441595904321778,-0.6286853952543835,-0.6131579574124796,1.9440914893952919,-0.6191002993454828,-0.6155966667488485,1.282170815942764,2.8414908068983484
373,0.7788207438170653,-0.20383538037622279,-0.2001769067199833,0.7804271993399037,-0.19335633883559455,-0.2106016946625287,1.5383748519737175,0.8280549857772344,-0.220412112607741,-0.21584050244704053,0.8318565417673557,-0.22456509371432498,-0.23233766604477524,1.1031061073951738,1.745089675230047
374,0.5068156103462768,-1.426099397166322,-1.4113446870105828,0.5060924840679778,-1.4389652767033962,-1.4084584154574022,2.62851207857583,0.5206019862148134,-1.3679653251627166,-1.3506498586162143,0.5227890514974229,-1.3648866426330906,-1.3627763883228399,2.2030105854394733,1.3597460521459102
375,1.2899802221716652,0.9340072606942487,0.9150545190851918,1.2894153207082688,0.9302301201756032,0.9138700118540317,1.4321881994604366,1.3377514452813588,0.9667003897464191,0.9454564825202761,1.3332015889721034,0.9649596143536819,0.9480267746928076,1.2260449173618022,0.9677420677036157
376,0.6182325523096786,-0.30107320862639647,-0.294805137571225,0.6110057240467267,-0.3001691145284417,-0.29624055592659543,2.688831090103729,0.7616141064696141,-0.11314005542077013,-0.11084162559331921,0.7581716363243715,-0.11100493046648494,-0.11719939803246711,2.3785932165580896,0.34881180578195525
377,0.5200565805613567,-0.8063843696977886,-0.7871590705956337,0.5199811021454731,-0.797728541569354,-0.7784281827740874,2.123127647979122,0.5688470214424963,-0.7676242202245908,-0.7502719308540549,0.5611517346250197,-0.7637132949940041,-0.7381709995096001,1.8108911063430186,1.0242258312864863
378,-1.1641100289910113,-1.4586362544118343,-1.44025773429211,-1.173455582769113,-1.450703294439394,-1.4486743217224756,3.0371601930987557,-1.0046129760547822,-1.4279114795281316,-1.4127821056515273,-1.0074616541284624,-1.427188761200069,-1.4051795876178619,2.6477149248563405,1.6762744620310528
379,2.093129726556768,-1.3161983577874725,-1.297079838954033,2.089076719323218,-1.3119826317810726,-1.296221380506937,1.1133432285543596,1.9440094650270583,-1.9640942020555954,-1.9232666371571936,1.9474804565351869,-1.966222233206754,-1.9105977464183157,0.7258820878751947,3.8385724466607756
380,0.12876661729483713,-2.9110502075645757,-2.846166813337142,0.1294170828765687,-2.894026023314333,-2.85301691702986,1.997891637070708,0.591098987545549,-2.7729221224281737,-2.725907283039568,0.5800079386367084,-2.774834889439129,-2.7462273120625476,1.3679294471440837,2.437853658979463
381,-0.8258570653041971,-1.6224341999394365,-1.5653179608109673,-0.8241411938416423,-1.6277750853715613,-1.5606741322792708,2.1678232687836094,-0.7495758614505895,-1.596140754224029,-1.539452431806361,-0.7458980452120858,-1.5987923661971715,-1.5347480936007756,2.0228160606198617,1.4146905284086424
382,1.2146394109650431,0.6592429315738897,0.6445109601130811,1.214454162372996,0.6569354297165466,0.6412335458059526,1.7204123306955272,1.2296656388682414,0.5655896925322326,0.5536614405778103,1.2287178349541135,0.5789222844690757,0.5549556741370384,1.2237850270082142,1.2650050736771874
383,1.4121702844126223,-0.19129313409207535,-0.18711103153411424,1.417621026844614,-0.1857649967470134,-0.19000434959766377,1.871985170746634,1.6011583658146478,0.009548132517215625,0.009335559773553053,1.6101643413518214,0.008754656451832498,-0.006120506977083945,1.4034783981171777,1.8284533217311698
384,-0.6290845218101757,-0.698994767665222,-0.6809100682042246,-0.6211640546406516,-0.705351563832531,-0.6639117738991113,2.6879596250421742,-0.9259674417460995,-1.1066847045476973,-1.0729117460271549,-0.9287503181618176,-1.1062531260469974,-1.0752251176516252,2.6666306041943852,0.13884377060550177
385,0.6177628217196399,0.8002962707988713,0.7818001077435833,0.6088357382662489,0.7970904248190479,0.7916679009964014,1.6089587532555876,0.4526499545010116,0.7070864801886089,0.6885610385342098,0.44592825077808557,0.7073211700219819,0.6795152666729374,1.1389507274462,-0.9991247008617814
386,-0.15662142416348893,-0.25196049207207377,-0.2445307669197789,-0.1486526173635908,-0.25269402502872074,-0.24327869332972796,2.207231826618025,-0.4370589848437545,-0.6164506775248203,-0.6030988769382513,-0.431205837563208,-0.6001221486504429,-0.59637266664767,2.5593960085955,0.4028579221102291
387,0.3499381008328258,0.2316934188644469,0.23013820038847618,0.3511996362181463,0.24014605810997666,0.23221466091828316,2.1520264524389003,0.3314394719437436,0.2188075386977069,0.21735328209594634,0.337812268552522,0.2255677692049093,0.2148251420161431,1.9139941621177987,0.18170397304232525
388,0.5376797642181639,-1.1884646295997596,-1.1652014037384588,0.5423788437064746,-1.1873056194411387,-1.17310365823957,3.0977500865057337,0.6311282280874314,-1.2530804175899315,-1.22423124395419,0.6250520122595432,-1.2537373692442595,-1.2239153926164503,2.65447183480212,1.1756905039504264
389,-0.04483804422724211,0.29668160744419664,0.2906088999053739,-0.05353857031602765,0.2936927888813602,0.2901250365187916,2.5437209476497675,-0.43971948255269777,-0.06446466755235256,-0.06317835403978635,-0.4397982201887773,-0.06786433399817059,-0.05645454953072282,2.3616712426726196,-2.405965882348223
390,2.3727253869369327,0.03578038890719817,0.03523836475041714,2.3779025524487416,0.03579586624563687,0.03155805060116549,0.7177069426262178,2.617402271042674,0.18272133892527884,0.1798351492531256,2.621599167555121,0.18325110979932321,0.18230590266923072,0.15111756876771892,3.475964347861111
391,3.2430389056560522,2.4092179305750956,2.351228972952712,3.24954739526171,2.389742554842085,2.351199126767735,0.14124253288288346,2.6969268017199233,1.6136912846554663,1.571095320743627,2.6947995573093193,1.612991370580156,1.5694262628067188,0.15839667124233833,2.094141655736198
392,1.7119371682230937,0.5416726644252726,0.5298763406362251,1.7166782743860336,0.5548276935227378,0.5308115148794447,2.0125321640048455,1.7176935720852167,0.4990401420739306,0.4896843098416432,1.7262172694842772,0.5013442038073357,0.48596193703528334,1.7129589352175798,1.5853826583468342
393,0.17017326634042465,-0.14606097808282645,-0.1427373669876593,0.16188188027844153,-0.13800723971468365,-0.144029112139979,2.195637937693218,0.3475248362791538,0.08842392483155276,0.08620123839175503,0.33926913679472276,0.0862472336725338,0.0903429460916652,1.772415503781158,0.05643505952833803
394,-3.0554684673900905,-3.06225563667941,-2.977725020078415,-3.0446890169261858,-3.0563754658269886,-2.975629564307126,4.616810129515455,-2.846646804017136,-2.904080741616264,-2.822697810069717,-2.8597305945815124,-2.893398489712585,-2.8194584314353803,4.128448608184577,-0.6207713858231786
395,1.8404711977447357,1.5895032799771027,1.5697045551724575,1.8323158104993091,1.5961091432068206,1.5730710055908785,1.4601008427749673,1.482132995086552,1.1513896907403518,1.1358786852508453,1.473271456310124,1.142085329785196,1.1431419196342607,1.297150342770599,0.6712352293269247
396,0.7585395444017677,-1.5782827884551103,-1.5145181987330092,0.7448233825164698,-1.576326383761755,-1.5082593078811743,1.495828145780699,1.1898762498408537,-1.5821865731009568,-1.518423749972719,1.2025430605441658,-1.5770221034367076,-1.5063418692846244,0.932662300222296,2.565813901691539
397,-1.812505804415774,-1.4849800204522894,-1.460597065427695,-1.8176137169045767,-1.4928063151826834,-1.4667033950295436,4.053214124689463,-1.346637642370563,-1.0582204351242024,-1.047296693150067,-1.3385891643739742,-1.0497033015345112,-1.0515591543204947,3.0239651850876443,-0.6798062960381226
398,3.144039610897314,-0.9833279483560838,-0.9656400025618599,3.1418106298639867,-0.9766637014764353,-0.9805129750595637,0.06539156805150688,3.350416835833207,-0.9619995306882984,-0.9444573996991659,3.353280017894822,-0.9579731729330154,-0.9484256739101552,-0.4055920448602512,4.125911665111674
399,-0.38206128967048375,0.31607865076437747,0.3092243970972397,-0.3820335877767263,0.3346456626963847,0.3053248459799907,2.5425943136403024,-0.5713142607143674,0.2547937844328671,0.24963914339922968,-0.5620896890763363,0.2509916759198012,0.24295635986516104,2.4870705286317145,-1.4401853765048584
400,0.5542095935205017,0.05089615780978784,0.0498998570338195,0.5518243678613519,0.04356713806258347,0.04155867590688819,1.9525818709859613,0.5881312626868894,0.0009779836801055584,0.0009552379544067581,0.5878283348587057,-0.005014548524344987,0.0019194683529562705,1.3948780694914273,1.1683940004928115
401,0.014049079456543257,-0.28949222639936795,-0.28253534034770617,0.01909990518263445,-0.29466550013119147,-0.28170413129764904,2.0265272299574595,-0.19824620927031103,-0.5530940089670314,-0.5395878855063901,-0.20246426024643888,-0.5641723427466793,-0.538748375807087,1.9824831851336482,0.6642277375216521
402,-0.027508828792141653,0.8333512997187164,0.8229078931628944,-0.016869380902415163,0.8343988952355529,0.8258243163780444,1.9312702190512487,-0.8653342274748757,-0.08825407803834993,-0.08673384578244571,-0.8664124667271967,-0.09131674507496447,-0.06779112953066045,2.2285413431511465,-0.7849565734179705
403,0.8628559971312331,-1.7970749941209512,-1.7553824888719793,0.8596039858993633,-1.7951937031734817,-1.7506405720975042,3.0904482536173283,0.9494688232643569,-1.8222571006999346,-1.7778925950313371,0.9452267996910365,-1.8140141157158818,-1.779622897358281,2.8098601082445414,1.1385721856688302
404,0.7683923805698101,-0.5829108791058092,-0.5732688181835103,0.7650955053842158,-0.5641725819445981,-0.563952805269867,2.5865493494805096,0.5130550529890201,-1.0305795973108571,-1.0110923600027562,0.5037246302260368,-1.0415420512264895,-1.0121762290617011,2.3138100272790307,1.0575484484160178
405,-1.9304425404118302,-2.0564346831573017,-2.020453615552837,-1.931075522903103,-2.046013060805218,-2.000130011853585,3.8301115043211356,-1.660650024185558,-1.9122795703100022,-1.8802932003561919,-1.663780607027332,-1.902110473512995,-1.8873855926721712,3.1912567034732393,-0.5093347306339244
406,-0.4260283018789946,-0.2725228753733315,-0.26876147526654637,-0.42326330524465516,-0.2632317146932272,-0.2651605001160061,2.2978109265420494,-0.5451291970569995,-0.391268048211051,-0.38591105146163196,-0.5548188869879351,-0.39121711170940526,-0.39504848741817084,2.031155713344578,-0.20025234375715448
407,0.7297427918455409,-0.2000594098637391,-0.19588202942178426,0.7316665158122876,-0.20653426717235931,-0.19646806869838856,1.785255902823595,0.9227879899909546,-0.2269972809109036,-0.22224258591213078,0.9093569065503562,-0.22008993446846056,-0.22612662819809026,1.1902091237147943,1.4260625850289164
408,0.7811262907740676,0.9842356410865959,0.9769859423015418,0.7849998358869751,0.9891468808001002,0.9713110460412062,1.6475097232927818,0.5095256689233733,0.7842147932969701,0.7759080105122379,0.512860613015352,0.8106460984596868,0.7767075025197506,1.7040365424831487,-2.0958484453942723
409,0.5189534650799487,-0.23652123978302383,-0.23313613085097193,0.5188588677251375,-0.23668317097705477,-0.2324426751822417,2.174193760482157,0.7674104286558466,0.044854327981780684,0.044262695646740194,0.7715289415731161,0.02993450201854663,0.04359913981111458,1.6868598152692227,1.1269325599092113
410,0.8488397773245848,0.6567852115502375,0.6418997817223762,0.8549696205492513,0.661404366751206,0.6465198464212489,2.0661116026723496,0.7601242320912648,0.5580757249885071,0.5456607005002214,0.7640706151809504,0.5580066825943567,0.547941755627136,1.8131954525668543,0.9404619740247004
411,0.5449311673645467,-0.7671235548633815,-0.7536942402705439,0.5464949516019879,-0.7604753059219477,-0.7577201987328912,2.1328717941925306,1.0430293359504215,-0.27939584922590077,-0.2753401057982138,1.0389300215504667,-0.27385077017033044,-0.2708506647439442,1.550441195020531,1.5325304468041308
412,2.5380215849022374,1.103366236934734,1.077616681823272,2.539084265837265,1.1083515954931655,1.0747676399254174,0.9750070321625407,2.476633796860803,0.875042537286948,0.8544930230889607,2.4717188919821034,0.8688182073126186,0.8487051248871865,0.7980971089223672,2.3091013931343602
413,1.0559409205145658,-0.1048402666065048,-0.10266760578775998,1.0773661536817731,-0.11715984772450502,-0.11170562427353639,1.5943298691669832,1.0518200947837753,-0.42076242460815877,-0.4118449426429935,1.0520491472024496,-0.4069834520475238,-0.42727424795077207,1.2573172716362728,1.812874718659127
414,3.6545374586478268,-0.7674281933453437,-0.7557698603608212,3.6574169436686184,-0.7740763954880582,-0.764226609276887,-0.16688835589132256,3.9767639332268105,-0.5457875955676045,-0.5368916701297195,3.968126753968131,-0.5644175029864479,-0.5450675217068188,-0.7217601861530127,5.06570416163685
415,1.3926360664254522,1.098004078359161,1.0763377893253665,1.3921935427758174,1.0984929068644378,1.0619165764367453,1.6892613658255096,1.3957097447643283,1.0714761592797577,1.0504248789419504,1.3814548902225205,1.0768010847040477,1.058149972408252,1.2428007287783487,2.0375881064349284
416,1.3201989747855203,-0.6995040800261737,-0.6896860755785189,1.318689393011802,-0.6906124494380137,-0.6953285311156227,1.7125904499430986,1.6214466664286478,-0.4735184367161614,-0.4668499077439239,1.6212827903373301,-0.4714818845625832,-0.4688981272675466,1.1768582887140602,2.728081001259858
417,0.1834100246820824,-0.6736122643313794,-0.6589309098460931,0.18402940528818099,-0.6774136557628824,-0.6544541737587888,2.453886657966629,0.4829978639020773,-0.41172637395412204,-0.40246931025317306,0.4811540099579686,-0.4168725021420772,-0.40137436666384235,1.980640160282216,1.8329952660921944
418,2.823899490881922,0.04366665251935416,0.042785489700351995,2.825957303477733,0.039633837914387425,0.050598443308056074,-0.4265133450152879,3.0827602672722683,0.06562207216149984,0.06401770463063274,3.079042920374549,0.06927982788134594,0.0609532336195488,-0.9934053093267101,3.984904941630757
419,-0.710066900643575,-1.3981969217031838,-1.3624862184781654,-0.7086995032751581,-1.3970807012352824,-1.372536253991836,2.713612643284882,-0.5874497814621056,-1.346834589301679,-1.3106757629545087,-0.5917456387971275,-1.33209735360707,-1.3033715673923236,2.418292229034179,0.15849259570889945
420,2.5890636270831404,0.22420764358318487,0.21686072485951358,2.578702326780886,0.21808277144035945,0.21293437116733077,0.8980149360489524,2.8043575626471013,0.439496802280445,0.4246139059645498,2.795759755159434,0.45035398130525245,0.4168536308270253,0.32300443266022644,3.016848348519922
421,3.33024678228033,2.194795348964733,2.1615564196685755,3.326013713814655,2.1972751785468576,2.149649882283561,0.0412135557686487,2.501399030179146,0.6263421728949364,0.6193162919840616,2.512455393147701,0.6308964035705329,0.6179844726722065,0.38147558513873425,2.835395686624973
422,0.8707365085670574,0.708327815565478,0.6898734774882908,0.8806410341928042,0.7060254027649661,0.6810698499496585,1.4600203832318448,0.44038705820858637,0.17590111230924335,0.17163933461598851,0.4344673395207245,0.17319210313229952,0.15518293859700144,1.6763995936094949,0.8277588209074124
423,0.585453836760714,-0.9603305383758546,-0.935587303007465,0.5959324256551678,-0.9590968618910954,-0.9362182572686334,2.760250536907313,0.6591578340891522,-0.7580826061882069,-0.7366204125953433,0.6699784290758388,-0.7507133286061107,-0.7398036971936919,2.1110084082204565,2.0874320857190845
424,-0.21849462546949278,-0.054158627242447036,-0.05331333902281339,-0.20024703508610187,-0.06107204589255967,-0.05640885301442893,2.7214939609151845,-0.7765287999634535,-0.6422564869446029,-0.6291590426356991,-0.7663076074633445,-0.6386250953277223,-0.6317193613204491,2.7846627520002025,-1.4948708420050327
425,0.4146158134943853,-0.3718721838139587,-0.36107203095313717,0.41713317394339694,-0.36729187417747666,-0.3603840427426734,2.2665204854236594,0.6485703226644404,-0.27992600142123963,-0.2718220151083928,0.6543486027488112,-0.2831886489968523,-0.2789313739202973,1.7355255171401294,1.471303485092673
426,0.027285605199182703,-1.7530034574250999,-1.7371771263791869,0.019913856825567268,-1.750975893894446,-1.727598234788667,2.143017732386054,0.2733447067022432,-1.714202025451988,-1.6873752527828265,0.25875384047979455,-1.7124982644688391,-1.6779773150390918,2.126724584139667,2.882212421833599
427,-1.2273676726443485,-1.6284124150870072,-1.5892660889829908,-1.221745334457614,-1.6246447407839149,-1.5701789372462835,3.34421161066161,-0.796267855047675,-1.1952863681260306,-1.1692315605218768,-0.7810475717263179,-1.1935194074219078,-1.1747068201720765,2.811951863415735,0.6711487292933659
428,2.9102515524023347,0.8199662986469463,0.8022487757728596,2.9174809248219797,0.8210573739875012,0.8008897323666803,0.7753750196204082,3.071015177201423,0.7236970092808819,0.7093237689970999,3.067591500043778,0.7203449202055028,0.7178765711903378,0.43210781099823514,3.4131820150998755
429,2.114906595936511,0.413578575137617,0.40590174261609946,2.1154650220512905,0.4255691932857571,0.4165089390749838,0.18681273656086364,2.031266047112131,0.02327782817031756,0.022851649053894762,2.025749121278553,0.030306927647951135,0.005189066343774003,-0.13640538655608556,2.8651957082833333
430,0.843149628373159,-0.1312079569601058,-0.12767155506471264,0.8369764835015304,-0.13021646284336816,-0.12798400998585666,1.444879114182989,1.1432395705010188,0.06125478622384052,0.05961496543254048,1.1460338142090443,0.06930662157686664,0.06177649186941204,1.056431098906039,3.335638106428295
431,-0.016221183959700534,-2.3071864626227097,-2.2567256261094006,-0.016482191125554078,-2.308821316694682,-2.2489321361316446,2.3089118435292884,0.3478137065385553,-2.2551660802661018,-2.203589063674939,0.3498456541567622,-2.258955552153681,-2.206067405601952,1.7555681353544,1.6481298488749574
432,0.4765706189691592,-0.051922878466079396,-0.050485681992274115,0.47982007471229016,-0.05719362924779697,-0.051240070607237044,1.9096523456679244,0.7660780277902407,0.32514862760106317,0.31618718239617427,0.7676218769962644,0.3146967936384889,0.3162133884194158,1.3390870385836797,1.0331165798225406
433,-0.2599163122151661,-0.7470611444894878,-0.7306648920829444,-0.24874546573678996,-0.7571091831775407,-0.7422031553718617,3.203015580535121,0.097971840791415,-0.4070354421811866,-0.3978184431443111,0.10156800305320457,-0.4046879411909023,-0.40180558197435456,2.613925896731668,1.2647238505092135
434,-1.4613184876707879,-1.4181911718802525,-1.379665817132783,-1.4606930652760812,-1.420166075016743,-1.3822857483169477,4.135987585160287,-1.522275199616821,-1.441007452985663,-1.401180124787383,-1.5191549328834069,-1.4390191071388627,-1.3978208080149572,4.198719392068559,-0.7313857642903345
435,0.7092050846988825,0.2210605836763042,0.2147815693663253,0.708737303293774,0.22684043302864726,0.21553242995728294,1.6222016991382764,0.8206687746186054,0.28660234248502575,0.2786577533493118,0.8180721395815354,0.2821913675741868,0.2862678116067167,1.3578503866440739,1.1854182993380746
436,0.2263838136619431,0.30087506390535207,0.29858662331606367,0.22333697807366237,0.30202640224685096,0.29897392655828553,2.0027386332867887,-0.008951696176190216,0.09360758835708209,0.09239154879885242,-0.005133922305628547,0.09782517699088952,0.08768149357252793,1.7812370192066695,-1.0181498762572496
437,2.0618179986343876,-0.46460280821013156,-0.45465602353601764,2.054121473083808,-0.4798426221356291,-0.4663435861168079,0.91960383753587,2.3147024935432627,-0.1636270082008815,-0.15986362473665527,2.3104162150899485,-0.15610291246023578,-0.15397842537562512,0.4770791876089782,2.9552426074699785
438,2.157809210434407,2.083739419317225,2.0258167824292834,2.1538574130310986,2.0783624023284815,2.0251087859847887,0.9776453149083455,2.520814482960205,2.349559873377624,2.2843663810002965,2.525827505421855,2.3589590132876737,2.2754813740475925,0.4096841569941155,0.8523980490452748
439,-1.0254205784377333,-0.922223473272035,-0.8987563448445274,-1.0315163701865944,-0.9180988185760715,-0.9005595209024801,2.9725512266269,-1.4507169071701451,-1.3791307393002765,-1.341814789311633,-1.456775669527094,-1.3890541523997106,-1.3415856362631076,3.0014988953231554,-1.7894136787686914
440,1.3644985802628784,0.9055731369865192,0.8915262686333019,1.3640413389266945,0.9094529020154057,0.8989729118485895,1.2199558426558241,1.1740037750036414,0.6006595136300605,0.5907565119423066,1.1659356856296796,0.5914105133005194,0.592272247525423,0.8656703952414018,1.4744740559261629
441,1.2594676260398388,-1.1154716386742287,-1.096541355966712,1.267335702148214,-1.119887127103789,-1.096118092858997,1.4388727951202305,1.552284168194843,-0.9276821303485203,-0.9134760200671991,1.5344631805534519,-0.9240719489996224,-0.9456090479769956,0.8140356937372616,2.2575249182142856
442,-1.0247131797321563,-2.013136259159771,-1.9564866016338822,-1.030696411912427,-2.020708890344343,-1.9585746476274437,3.2776107073566454,-0.7193899015072805,-1.7900012909964496,-1.7394897322858396,-0.7226192577532465,-1.8076026231497695,-1.7519656786812738,2.706205147017897,0.2880780020982768
443,-0.47037743222252204,-0.6857508688221772,-0.6704791272177774,-0.4839723880083354,-0.6933520452135369,-0.6707251268404704,2.0916210970691114,-0.6548588729922199,-0.9683865764351091,-0.946428738833819,-0.6568444138187501,-0.9772883204044119,-0.9739275163068896,1.897207429151657,0.36727797583861593
444,0.7476354610999567,-1.3172844045775018,-1.2863708184537772,0.7529400484199998,-1.3176557539308675,-1.2850343756590006,1.9911637222414578,0.8841775946648651,-1.2955666101995553,-1.2650714334779332,0.8719508508911773,-1.2828573560303207,-1.2624347417911082,1.5488013669182485,2.6740128928575513
445,0.773394075355435,-1.4340186553319505,-1.3907452617940639,0.7665863056986704,-1.437954531782216,-1.378206758747368,1.7799772527133804,1.0857572810171239,-1.3826218235642245,-1.3418764174408855,1.0796602274768061,-1.3946935213105653,-1.3442387069637378,1.2108219036092724,3.1502150028448854
446,1.0694275166669238,0.4105663826282087,0.3982117837507221,1.0683156850390922,0.39994833322413637,0.3950998458841072,1.1923183505139092,1.1765209567158763,0.45895308826009024,0.4445070789179579,1.1714425173347969,0.4558739120405453,0.43953774708891896,0.7266263439464132,1.7585294390393478
447,0.830309610376312,-0.2847700758049247,-0.27487362723681863,0.8361898697260034,-0.28238856563698067,-0.28007927087921236,1.8673457958854602,1.1411462273137745,-0.2825272314728591,-0.2734375821294027,1.1261677024184837,-0.2647442552047756,-0.28709894180634393,1.1493088511984497,1.820499148594111
448,1.4692845823886869,1.0109880152010975,0.981962443482578,1.4692346154222833,1.0174315913501037,0.9830574752134087,1.7163096795296824,1.7252094717024657,1.3100165689181418,1.2701116675468078,1.723597039853971,1.30947020202437,1.2667506511728817,1.113906162511409,1.2963795334587085
449,1.7901752741208392,-0.15489358195901284,-0.15118268219435602,1.7940125791153585,-0.16248631930684687,-0.1615441275753818,0.6746813667547361,2.127174153303229,0.1977988382287583,0.19339014641398738,2.122005875899866,0.17455305160451273,0.16624354192412177,0.14325400403105268,2.6075051805691762
450,-0.052815556344307804,-2.2705173386880837,-2.2324948465302175,-0.06103119814370797,-2.2627023414958276,-2.24302083918981,2.5010416475546835,0.3269262372955819,-2.0637381299068878,-2.0288358772669106,0.3256990949624287,-2.0789650223135254,-2.041025721872054,1.9210678253177196,1.7867612571726086
451,-0.36398600041032486,-0.48032722895283003,-0.4727189805835644,-0.36159022446107053,-0.4839371613147988,-0.4708920611192374,2.1706569884236213,-0.36522740639460266,-0.44806096808758555,-0.44077257077784704,-0.36227830041473613,-0.4501074407824184,-0.43542933515336213,1.8367445639091906,0.25709245765930966
452,-0.20096540428576662,-0.538090907346381,-0.5254664906563469,-0.18389289135385084,-0.5489113227722556,-0.5180973087261772,1.9138017413533368,-0.436396716478707,-0.9205728523513291,-0.8962905027862995,-0.42315956445722525,-0.9137956677414532,-0.8644674069209558,1.7096587855691894,0.9953499881210278
453,1.7335054417397895,1.466756136580944,1.4193458440463393,1.736233022300733,1.4642655245846017,1.4328470854253454,1.0057693116527961,1.6273501603759897,1.3050411592741986,1.2652295413537136,1.6360774103291607,1.3042299265959971,1.2626223884783012,0.6961941616877442,1.497193014258755
454,0.6029150018102034,-3.2557133278026913,-3.1568156372055114,0.6044119211916761,-3.2489846335747576,-3.1565256528268457,1.77144634557045,0.9767763522947062,-3.49257953656404,-3.3849922755302084,0.973550392417903,-3.5012471726064325,-3.376730047491665,1.2728793751881173,2.9078055139132615
455,0.5048045966666158,-0.2557561276052234,-0.24935983281938381,0.5028797605244945,-0.26340093765925504,-0.24922102275923735,1.7018686494536315,0.611306788490509,-0.31989433871358625,-0.3117528495550875,0.6108962759194076,-0.3212177645868546,-0.29642346569032546,1.39111927240145,1.1888250260197115
456,-0.25968975656549825,-0.16634166080736576,-0.16170266907679373,-0.25887021662597026,-0.16855891491866123,-0.1580851158964326,2.557601832294214,-0.28349446296980707,-0.16593124366106085,-0.16126719096675174,-0.2824519499937564,-0.16963979607051796,-0.16180459896891347,2.411879581032812,-0.08402981649318239
457,2.0943763072782646,1.8534223566258692,1.8224689908740717,2.0856820374995673,1.8448949920497673,1.8247946603815244,1.3078347359928775,2.297633903911241,2.058445440226399,2.0273219237561952,2.2906269412627696,2.055137413477521,2.025304388116815,0.7741788511496444,-0.6045221970957028
458,0.047297487552474635,0.13756089437389318,0.1361811542243255,0.04100606546178223,0.14754967431064148,0.1274650929244173,2.3380570677710306,-0.008594954644321473,-0.007396209030148943,-0.007253683062074066,-0.013994250210015812,0.0075159933489642615,-0.008300957758094068,2.1679671633121744,0.3156912053018924
459,2.329265530502932,0.9144555235855932,0.8945832054969283,2.3448854715835896,0.9078393431511093,0.8981223393141731,0.7449218700736837,2.616001055867191,1.075748390706245,1.0546403595914104,2.6174642863468196,1.0909865386139872,1.05377658331952,0.2137998244006198,2.5544561219395754
460,-1.6151934836675828,-1.7854385625829294,-1.746363067543609,-1.6286131437814353,-1.7843398799765977,-1.7456201764482038,3.722124801886854,-1.7177154777812864,-2.0191280828730624,-1.9790570393969908,-1.7299973501376926,-2.022316902010215,-1.9898917020537956,3.365846726891954,0.11594829290094909
461,-0.208605893272938,-0.145416646135118,-0.14338844481276183,-0.20552212165985828,-0.15655874073588438,-0.14217853994421756,2.239506023606382,-0.905277518906105,-0.7836034163123492,-0.7724280095077346,-0.8926576978769787,-0.7899866013221628,-0.7777143747287119,2.3836400480250624,-0.6985996427224233
462,-0.333996652198966,-2.1530636106629615,-2.104806023840872,-0.3404286190657894,-2.147029126710403,-2.0987993727421155,2.9794645670215547,-0.06132943519372569,-2.0924677091446524,-2.049057664510083,-0.057939722334139944,-2.1118790249612753,-2.0402502428610636,2.289687597370006,1.7186176473532186
463,2.412257914314363,0.6266963794588398,0.6142379235429347,2.398577223759554,0.6478343822091546,0.6193785040692863,-0.6731204354620515,2.8331110025224393,0.9588137803719067,0.9374959372326584,2.8363227965209656,0.9464217614795537,0.9052257559826286,-1.3782125440075446,3.2375461316326026
464,1.0322182710858232,-1.7245415688850467,-1.699460560920298,1.0314513451070775,-1.7285013413840842,-1.7047528728102426,1.1337972585920943,1.2520532278391145,-1.913676220147932,-1.882430061759626,1.2474610328144118,-1.9057997162666962,-1.889450368199409,0.7222583007804807,2.757912202241892
465,-0.4769340127605098,0.1737283692848579,0.17068478839014695,-0.4869497159908782,0.17706656517811703,0.1783647640404296,2.4936511238108827,-0.5676557728271133,0.09653551496036752,0.09489962763107376,-0.5685545288121961,0.08879623193706984,0.09349161669016318,2.242332421050964,-0.9335663419923097
466,0.5670288859058777,-1.6820784532977966,-1.6343837096740719,0.5687296274580084,-1.6894256029625199,-1.629844828232521,2.2565948215162392,0.6361793350939429,-1.645080982541035,-1.5981810664039608,0.6351637287790438,-1.6357001285345234,-1.5910492886647816,1.8217117307899096,2.174007292870401
467,-0.3875926169621387,-0.23244017490421168,-0.22998604590517185,-0.38720404316275364,-0.22647992732209327,-0.20584560207973504,2.815645326522081,-1.9033759614994876,-2.232502892392233,-2.1831967606415135,-1.9187688594092964,-2.2205839524275626,-2.1875359624149127,3.4378150688953935,-1.030637485937535
468,2.2047298108399813,1.4508109318256048,1.4529737073039957,2.2090245166022418,1.4605564929741142,1.4550469370517611,1.971708121021669,2.1281940420511054,1.369042977814089,1.3746073241867502,2.1383568773792114,1.373947434354234,1.3679117438626278,1.7300708280422699,1.126170906644308
469,1.1150328593272143,-0.6439684386574247,-0.628368635372776,1.1154657923340867,-0.6500473676789802,-0.6228666769490406,1.0768650438189116,1.445239573529662,-0.47232983928827865,-0.46110017866824654,1.4299818855764665,-0.46528374720611143,-0.4555996739026225,0.4435310328412381,2.623026694708111
470,1.1964114128117345,0.1414276314934088,0.13912875764446647,1.193876869623986,0.13744556078932588,0.14995007684873488,1.3210626070363745,1.7791823670123843,0.4063663935279165,0.3989013141743509,1.788874249192126,0.4017933531613353,0.4046737054103353,0.679414887126487,2.4640289146024728
471,-0.5860887686990848,-0.8032531866230171,-0.8033756479320859,-0.5927855647544389,-0.8046427834978895,-0.8012413110775736,2.4962901778540956,-0.7196356685455927,-0.9863834182471019,-0.9887756618110288,-0.7298110946152312,-0.9836185742675764,-0.9913701613591374,2.53538310140901,-0.48001753653145823
472,1.8905908151537827,-0.18841973971450074,-0.18401705408623745,1.8948774802669117,-0.1913147199800982,-0.20343681933955873,0.7931267576601438,1.9859980233085706,-0.3440641098651277,-0.3351996452045944,1.992353373512583,-0.3393575776799439,-0.3371091803183106,0.4965865634160847,3.1734069540208614
473,0.7762552910065086,1.1388740835300184,1.117634691842832,0.766286014429266,1.1438699687398857,1.126548702553184,2.194667023605944,0.5301755638382138,0.912787829031847,0.89504790285665,0.5276311379203733,0.9198745959453167,0.8923054385336711,2.0630108301934156,-1.181128742372332
474,-1.9722654649370144,-1.954915246739544,-1.900516215786052,-1.9733825921420258,-1.959890566918106,-1.9028188978720684,3.908593985468293,-1.6078639538353918,-1.637587672394228,-1.58933169515169,-1.5897508529383815,-1.631707687952239,-1.5849449798884752,3.2262481317673855,-0.0756306175573072
475,1.2105954392955895,0.06086209566888905,0.059153451635078264,1.216084184102769,0.05811422213250095,0.06488699621545242,1.884207619319443,1.4241577617913856,0.2816776759505152,0.2742236992379701,1.42465821848739,0.2785882824440847,0.27322786047790387,1.3353130759628706,1.944815118506561
476,-0.7392371977037442,-1.4455223883249757,-1.4041684926136464,-0.7425174736808754,-1.4429022404440792,-1.40604173482752,2.8447650979980237,-0.8191940283568466,-1.5544469605690374,-1.5056573364570103,-0.8090099173826281,-1.557045423094251,-1.5066204220986306,2.6171107273483676,1.0965460835131695
477,1.385383651492105,1.200251669053268,1.1715252423668416,1.379709537752027,1.1895746947286685,1.1750345731785028,1.3003952816853863,1.7909037417936793,1.6236703586299948,1.5839891242165813,1.7855977768131814,1.6205567417013291,1.6018336044889687,0.7473833492890132,0.640356069076685
478,-0.5969018443321165,-0.44466134763667464,-0.4300843487583336,-0.5933282291312204,-0.4427206441385574,-0.4212800891601512,2.3933945446977054,-1.0874450897369314,-1.0081464980318797,-0.9712192176292818,-1.090858210825411,-0.9946091659544991,-0.963915607691127,2.4686399324833204,-0.9887012764864233
479,1.1779643719136916,0.2968440139609977,0.29113743264447345,1.1820720195713579,0.3097135389764745,0.29047581948933027,1.0995488446992288,1.3509237518878647,0.2678920132885922,0.263212127664151,1.3343556674044816,0.27232643943471463,0.2678354577728841,0.5897091161508131,1.7099191854335924
480,-0.7421872778633745,-0.6271227161144516,-0.6193138255646958,-0.738735996328978,-0.6311830021860801,-0.6198623758598392,2.5077482836334752,-0.9488228165460023,-0.8636787774202385,-0.8497578888564914,-0.9520054376749165,-0.8568947926094971,-0.850947675035132,2.6330003138171185,-0.981460894820905
481,-0.31297161752444935,-0.9983258259836125,-0.9758238597178713,-0.3134886668357193,-0.9865571689510386,-0.9827555662662378,2.57266017420633,-0.7035863969552124,-1.5573631987245828,-1.5173036499297494,-0.7073355305597205,-1.572553314166092,-1.5109326554558173,2.234802597174795,1.838574729547614
482,0.03658462715635745,-0.9738945892523311,-0.9701649185209702,0.03769737746334706,-0.9788446926402518,-0.9693685853340144,2.0278348331257643,0.32658022157663114,-0.845604833871435,-0.8359031792224669,0.32410711299513917,-0.8504013896302267,-0.8369367686481928,1.3616687150010351,2.28941565209438
483,1.3167374877714417,-0.12328915997646366,-0.12135430532526183,1.3093638345798537,-0.11262970326313335,-0.1232212183297099,1.798495446878168,0.9979542370690454,-0.7926902942521578,-0.7774112232470818,0.9951287916594934,-0.7704610140461079,-0.7659865605859479,1.414799515006514,1.623203685293311
484,3.0589629177718956,1.8361401901343037,1.834306807579167,3.05535240918513,1.8332581295934762,1.835757694197537,0.7860864939246491,3.120149396062184,1.8985496140237466,1.895858548240828,3.1177293156883197,1.8943772120803468,1.9024671701718907,0.23358246785486733,2.6570713601033042
485,1.3927504981444583,0.23419789531327936,0.2295903803193414,1.3955566589623074,0.2381483185476214,0.22645175782195257,0.8931705412547828,1.7194863269015035,0.4463406990365507,0.4375841803495959,1.7176042541200445,0.4428416371069751,0.4413439865477601,0.25995452823325127,2.4334057704034078
486,0.4345215405541573,0.09977329516377668,0.09731647661237446,0.43897199975172957,0.10616830486523031,0.10554483880263976,1.7749089496512165,-0.2726673039742461,-0.7361411703269964,-0.7192594803907539,-0.27039443413780234,-0.7302456501708423,-0.7079791399466208,1.9543631970058397,0.9885797593007793
487,1.6646018577470598,0.8653386091668147,0.8404923762464035,1.6701545424379072,0.8549831426336795,0.848081165119031,1.2138226277506976,1.8292675754189982,1.0386831425990755,1.0103966044090975,1.8395728291283873,1.0354074578590278,1.0112763474206907,0.8182388898133255,1.3531323049813233
488,-0.972233546057688,-1.090174311788507,-1.0662167726155343,-0.9563622861399658,-1.1001038959918465,-1.0659259205548963,2.7576316070350897,-0.9337206415927698,-1.1280342333897178,-1.0937984907678855,-0.9348891652701152,-1.139462909462881,-1.0843084627192014,2.3422687423256088,0.4498442972884117
489,2.4562883241446922,1.0168434501750403,1.0031221224256555,2.455673954170414,1.0095282911577055,1.0104969717622974,-0.02016508254908375,2.8962560631992322,1.3693452277926237,1.3523712670851358,2.9007091642782425,1.3711464117103858,1.3496964941242067,-0.7793072419732785,2.8058010616916684
490,-2.088670355775343,-1.913717823116527,-1.8721628803968917,-2.0983097694937416,-1.9155392851909088,-1.8869803168165096,3.6391410541252087,-1.9312420917393878,-1.7446692573276974,-1.7033687357914713,-1.9310054986905492,-1.7596664859537636,-1.6932545609408356,3.0928810602954004,-0.9307706227881585
491,-0.41235032025328433,-0.16550019322085557,-0.16384607691123404,-0.40903607751310317,-0.16547583623479947,-0.16882500625889896,2.741480427025065,-0.6683935615723325,-0.44184262343365743,-0.43497111072878936,-0.6584151162316296,-0.44511688849030073,-0.43126303270235616,2.489950641524227,-1.3104431359737705
492,-0.12185901440725642,0.08371253694266995,0.08190653831351308,-0.11950220191558796,0.08625802087316864,0.0747733906133574,3.5666605877727293,-0.11837850826682772,0.15065109805678742,0.1474803538586555,-0.1190570053490812,0.1591280654794163,0.1486784623938767,3.169530875067109,-2.485636280276511
493,1.0254215418670574,-0.04978201342742025,-0.04885021078337725,1.0184366203194248,-0.05160465383079942,-0.055729496686581496,1.7734599373542659,1.0909009581444213,0.009732346038712446,0.009553448714836415,1.0855766270755283,0.011415373297509891,0.0170214899406686,1.3607660671087793,1.2441620506456865
494,2.656139889834904,3.0749203102484226,2.979864152567382,2.667423389484176,3.068590835297726,2.9784113328259774,0.5173851999641053,2.8096376607831646,3.250938417372029,3.144822488440085,2.817001266112651,3.239472231729285,3.139184412406976,0.037364090244502844,-1.3719713586748974
495,-1.6118848038301425,-1.7103818056200846,-1.6468402894544445,-1.6202178594244674,-1.713987671791972,-1.66049525930787,3.150560525056717,-1.190015827410133,-1.2329459139556684,-1.1871020464030855,-1.182371947274871,-1.2292494356919845,-1.1821413368206621,2.523054398799131,-0.6998207333012851
496,0.8613103546081224,0.7242168728785471,0.7126608481169477,0.8568841478481721,0.7345008864736219,0.7117814995593794,1.4992237513694049,1.1442217969927153,1.0078845878377696,0.9906873200726907,1.1478489150595361,1.0215378561677764,0.9875171882632074,0.7608324538338839,0.738695526623606
497,0.19518954973126257,0.4115827670407507,0.398872607748874,0.19958002640007907,0.4118490101368596,0.4014100459243001,2.6531002196534113,-0.20367356951717652,-0.011251869659155204,-0.010847486528459698,-0.20415318895106366,-0.023407889911758295,-0.012456776653488266,2.6456409176438473,-1.2291415843621492
498,-1.0225667192722936,-0.7955154583350033,-0.7744948814719161,-1.0164578378208193,-0.792358210919837,-0.7770229352864169,3.1180327547906654,-0.858665293918073,-0.6026834192136953,-0.5850653518090635,-0.8572406215430399,-0.6117083080817997,-0.596847842991997,2.5446416795507267,-1.0015381930960292
499,0.007924829368026536,0.1884725786171092,0.18601351922454412,0.008628160746013663,0.18739634640417607,0.18377858231289237,2.812975097147839,-0.31225397010376116,-0.1244039701423435,-0.1227080382796104,-0.31531203869861074,-0.11599749832786294,-0.12116449598580142,2.6288346266457716,-1.1069738523548343
500,0.4351526910644435,0.5591687114421181,0.5481911441970394,0.44197738684178,0.5411965616066193,0.5426473016847033,2.310501656290545,0.2477433429182912,0.3581805562407115,0.3515126708117991,0.26792522460260143,0.36469807697323536,0.3484301999340703,1.9247032390632546,0.03337107292659196
501,1.3404832027520301,1.3970559375834348,1.3656795091437899,1.336134376729555,1.3871114857780746,1.3638047198683723,1.8882889234871383,1.2919095665583562,1.344866779748319,1.31628333075259,1.2935400435716962,1.35013087703826,1.3130701320589535,1.5666729656512102,-0.0486958816266452
502,-0.3613399047736727,-0.37515216546384805,-0.36275978895023975,-0.35959628497700946,-0.37231343527894584,-0.3607115869034699,2.185536008046627,-0.46448220941922547,-0.47335561889122996,-0.45702589462573673,-0.46633854459532975,-0.4691130117571621,-0.46785787486934355,2.0905975004374864,-1.285028710534018
503,1.2623201897275411,0.4841726025149381,0.46911947139843513,1.2649197008619875,0.48357416710882334,0.46997955904377076,2.0906811191169936,1.408434703944097,0.6809439367770161,0.6596171140507779,1.4102371493537438,0.6843892590728747,0.653897359053446,1.7189185268801235,0.7891106637509253
504,1.2840111730352595,1.4665671168824632,1.4305170805694232,1.286694582243349,1.4716716938961532,1.4247827669961426,1.0063105052631074,0.8719634219055388,1.0938445105442736,1.0669896612576335,0.8751626079113581,1.0993704073032173,1.0701528223098913,0.8944079727162939,-0.9182245091471827
505,1.6844144191702508,1.2828067681050968,1.253763418840694,1.6841318187070156,1.2806335132207982,1.2580891524421307,1.5536231178656226,2.02218744796139,1.6545551369371,1.6151001546716943,2.0223710915982545,1.6472377945216445,1.6075995938474776,0.9201791374241153,1.0037001295379084
506,-0.9213802185058755,-1.4793771439544245,-1.4343641822907085,-0.9290706736105918,-1.4660949607609846,-1.4277218365043451,2.829860653913878,-1.4576797590891715,-2.1506157092543683,-2.0797026419553246,-1.4450493300514151,-2.153121446264113,-2.0827999581130276,2.9786789870182155,0.667679017548862
507,1.2519838795652791,1.2132965056467533,1.1861010315963392,1.257162831234605,1.2112571387087407,1.1910076696525838,3.0360265114362797,1.01923639948624,0.8653931997597012,0.8440585716833743,1.033574308144036,0.8631549155896838,0.8448706109747716,2.0553673025728774,0.9294694427523384
508,0.5296420188984221,-0.24836441592609868,-0.2503282507683002,0.5323612390153727,-0.25193629125001116,-0.25039623828589685,2.086497951520554,0.8392705211269085,-0.021111495134315872,-0.02112964327183483,0.8370827963882789,-0.005369640534538791,-0.03048977131784141,1.875892372729935,2.195490208839897
509,-0.16089417857627197,-0.24423068416830535,-0.23974339385916307,-0.16768546482822294,-0.2516451043952877,-0.23432393804488263,2.46013519405976,-0.018348849394008417,-0.07866457507145025,-0.07700676848305751,-0.024124133538477928,-0.0785941266903509,-0.08355764588220553,2.0941001201424396,0.8084823891335517
510,1.426709686365228,1.648558863921488,1.6301398309863813,1.4220133209465586,1.6382478791746584,1.6379896301935721,1.5560121729990397,1.1961227062402313,1.463158195906827,1.4436302970820818,1.1920396629876895,1.4644363176343291,1.439794442364273,1.3197092833365556,-0.9913101245894116
511,2.4388743671467634,1.1928832563726783,1.164311291913378,2.4410468565621497,1.195437682393397,1.1659433387706328,0.6409251094723004,2.5214783195742068,1.2707522532743778,1.2335012753863241,2.5181904469770715,1.2683721163988448,1.2324690182597677,0.35005319366631854,2.4264352842476806
512,2.8104688101414137,1.2922161641636545,1.267132347016642,2.813809117544363,1.2835283619221391,1.2595560337140785,1.016297704518158,2.7380943078564877,1.1348098352491638,1.109830456092956,2.7337915561487827,1.1350586726909544,1.1156568955456478,0.541432632842688,3.511080974133896
513,2.2266686199020382,1.6910492377230215,1.6506956454513628,2.2308804834183924,1.6909789320041575,1.6528526550650844,1.1986100132438924,2.4429649855901774,1.913514778124363,1.8664029062599112,2.4468141536054957,1.906319982805613,1.8694421748801766,0.6456875204677819,1.3425234719955546
514,2.0789549278432715,0.4038580792273933,0.39574778591721355,2.073751747655991,0.40465728812924817,0.3937830068941732,0.24405777183340802,2.558058992891195,0.6842379289827143,0.6713743778715645,2.5558394787058294,0.6729782217967668,0.6727040287459627,-0.45822204563197133,3.24871248671908
515,1.2149877576374206,0.8847085663391685,0.8616145600465803,1.214886567257353,0.8748228962990124,0.8715291745067516,1.3073009801118392,1.5065289713122563,1.2040485363291011,1.1707891617640005,1.5098562025210505,1.2009557777831226,1.181163597730813,0.7339942806408276,1.2832314790693118
516,0.05139063496578418,-0.21270329126911716,-0.20873395618825955,0.05181390355911027,-0.22548486502371404,-0.2392973743312178,1.8521921472286098,-0.01230587690326773,-0.33813489871107694,-0.33287416323658703,-0.014735546133844394,-0.33380419046816434,-0.34568278594410723,1.840510401388182,0.5751401796371173
517,0.8612081480056291,1.1442465032397933,1.1171963166027177,0.8648197137020583,1.1575006837124158,1.1001469107221962,1.5310358124905459,0.8624371988756764,1.219340988785721,1.1903026744811558,0.862468821392385,1.2091806256473203,1.1956008621479048,1.181304979434739,-0.760222792878627
518,0.7208691986441179,-0.8276301487230252,-0.8145099647606067,0.7350690634509468,-0.8242811209648481,-0.8031155221602867,1.5716374442212377,0.8570313331094276,-0.8352622963501078,-0.8234248182651991,0.8591770241450309,-0.8439028682798703,-0.8133760503386914,1.0827098669143311,2.1444010170255954
519,2.4025131293379145,-0.7831613428542745,-0.7639443882807417,2.3871071065786635,-0.798887647802126,-0.770291604579216,0.9601420960271365,2.3533337812910022,-1.1884264347760232,-1.1578380042125826,2.357722347159245,-1.1692712629370572,-1.1789259737036286,0.7878128288986614,3.011865608015341
520,1.6816482899883347,-0.12717237740780052,-0.12351934484872591,1.6824904990484946,-0.12547038009599187,-0.117640539425726,0.6787566883463403,1.584868085497489,-0.6977748181737417,-0.6760783167419073,1.593862103933531,-0.7006609680074649,-0.6743200851722831,0.37277017749319485,2.673457780455462
521,-1.3671395558367756,-1.1620988571344637,-1.1403640566064495,-1.3565684495445691,-1.1659016062787695,-1.1322754802168935,3.2239026618811426,-1.9167212084728025,-1.773589776146898,-1.7232026279703754,-1.8862821986687215,-1.755696229430606,-1.7146142900263686,3.1465105096176265,-0.7967872309763944
522,1.3790793419216516,-0.6219222255421003,-0.6115732597590172,1.379726055763413,-0.6134641398753148,-0.6153286097499286,1.34335173029044,1.572897595921462,-0.32892274317126385,-0.3230680946301726,1.5634965302979493,-0.331545969004789,-0.35137253980625144,0.84271376286238,1.945893149253749
523,0.46930583190148145,0.8301289489596927,0.80344836377849,0.47086203887773087,0.8326940120394903,0.8127591441393026,2.468586929622459,0.07694191743495285,0.4936823962995714,0.47805776322050375,0.07154985454899902,0.4993785352018612,0.49749370794172265,2.484501404181822,-2.6290483391269626
524,1.4030816776646782,1.7946823341071316,1.751012691073457,1.4024771843461203,1.794358027479062,1.7448702923928536,1.6075747077931397,1.337426423249521,1.7993988702619228,1.7534754708411642,1.3330875648396678,1.8109378258525803,1.7598599996449071,1.1752629501880334,-1.672462293178265
525,1.6340511217214506,-0.15892128831377017,-0.15499301335893936,1.624199943291634,-0.1456576384374932,-0.17423201379428294,0.05216091568182631,1.60714454441052,-0.6386624348857987,-0.6223666607777528,1.608505286698876,-0.6283716429906485,-0.6192859140886131,-0.196951009943559,2.9542753532543853
526,0.8890728705567836,-0.9899573127173118,-0.970719581036285,0.8924625768032579,-0.9986931309796626,-0.9482353054802002,1.4084521519541107,0.7232012078905916,-1.702312914798835,-1.6629534649378859,0.7259018435553831,-1.7191417474793087,-1.6516596590319808,1.157273503492707,2.137793920173396
527,1.6090548839261698,0.49039729140538024,0.48244568301882407,1.606810150730769,0.49806428656004725,0.4844820202007602,1.181099892342842,1.903378637244642,0.7403058754428278,0.728962173327987,1.9026461793865719,0.7393254865116144,0.7305976127988516,0.8239053921453596,2.641160709620756
528,2.617567697981225,-0.9722324320253798,-0.9448192918309932,2.61356854520705,-0.972859162507895,-0.9315864538917408,0.9357068940097977,2.759254193660929,-0.8820422495769671,-0.8560573094283138,2.770444844514262,-0.8904370704451222,-0.8469242805188911,0.5162748611237009,4.3090633425359846
529,0.755576320719134,-0.4057817619104898,-0.39399452138614577,0.7353126115937687,-0.41317350860348206,-0.3946223791123518,1.5337159015923538,1.0676420617805895,0.1672966325470989,0.16171097415942826,1.0671075811819069,0.17369071933495753,0.15452891756458922,0.7818050186131488,1.5040962059241256
530,1.4875494425056057,1.1367710990443018,1.1221750879253578,1.4780758132028344,1.1509374467206654,1.1192924933796053,1.441359632310165,1.5350673403290032,1.1074654912898283,1.092307196636591,1.5274524279459367,1.104360383548223,1.0731868137072795,1.0486016745508489,1.1201879745424863
531,1.1191296743396175,2.5267582771731125,2.4829395231697524,1.1240490711502127,2.5223472096491135,2.481213103457699,1.9254667159844667,1.2144460436264484,2.7620516642712682,2.7091827596162887,1.2147102898818347,2.7710519716415933,2.706065482958076,1.5249305093373975,-1.3072334083709927
532,1.5009905846393339,1.6784367489434173,1.6491655391994557,1.5007274064738927,1.6890177476550416,1.6510520211084498,1.4508110889118282,1.5057936888275487,1.7585006435521275,1.7249302804354416,1.5002398716598861,1.7554127740263625,1.720711837413604,0.9863030350911433,-1.4571701094095297
533,2.2363459892192696,-0.3700486582945258,-0.36390300604962195,2.2473007894648385,-0.3631567647313053,-0.356280107430837,0.03664293508710364,2.585608665534808,-0.4381125781783965,-0.43150949356546886,2.5852670774055904,-0.42681914869764126,-0.43709235590580314,-0.6327350130325015,3.478028223524616
534,2.103664533328799,-0.708516807912934,-0.6940798895882923,2.103394948415441,-0.7026206620419982,-0.6827044893856066,0.36704010020901745,2.4584210262605954,-0.8308661108958423,-0.8139580081208188,2.4676295342103183,-0.8229122398000015,-0.8014733043533807,-0.33562194780441534,3.6424506157012524
535,-1.7008651329440572,-1.267196676254792,-1.2564025970719352,-1.693127707175342,-1.2728799123112893,-1.257239708239911,2.977228043164031,-1.4689790627808383,-1.1064883738670932,-1.099833504793711,-1.4474589447503547,-1.1041097721000492,-1.097837242070217,2.639916013070975,-1.0037212354399543
536,3.240682252082147,0.5981196153360754,0.5879465994199186,3.23562464195332,0.5995338619830184,0.5831226983916433,0.6803851748869671,3.666878540708074,0.9116553176737502,0.8918818396015064,3.6704670753470805,0.9101106611572354,0.8945155851659993,-0.01569073947792837,3.8958193062347664
537,-2.43980332463843,-2.248997792993596,-2.198365701088975,-2.43811714192939,-2.258522764674165,-2.1987194402225483,4.39288591674356,-2.183887524360404,-1.9439980028826689,-1.9001134202675194,-2.1726278865043938,-1.953043255995377,-1.9099613800334043,3.917770792893639,-0.7287622633501231
538,-1.1904616916790032,-1.4291574370142952,-1.4111380490815864,-1.1884466062078218,-1.424591001112195,-1.4035795055573768,2.3533771319480628,-1.1759383057699455,-1.4954184356208362,-1.4843206841610945,-1.1674353951975394,-1.4969846973675602,-1.4886767736644373,2.120025350066297,0.6413096012809438
539,2.2028920109010333,1.8574458761437194,1.829448819298731,2.1871725770169075,1.8640054020067944,1.834419330860961,1.172866613058596,2.036181818277707,1.7239204082592956,1.6981044119322848,2.0337129947268364,1.7200401728941928,1.7051374327956008,1.1226535002437301,0.8195829308506984
540,3.239358595566208,0.21317724557603307,0.2095430670221923,3.2361458452147107,0.21898505137830288,0.21595187716536224,-0.22696205680214696,3.3196189382451378,0.3176101647430814,0.31153884372419227,3.3306657901856123,0.31770474072060984,0.3191407086551042,-0.5936631546755395,3.572918320287613
541,-0.5478183017158157,-1.1532883291065859,-1.1242344780557658,-0.5529070181503882,-1.1530534008096929,-1.1331346878012525,2.6787838706967237,-0.534012390799161,-1.3242434548726851,-1.290166182050011,-0.5415459647253621,-1.3275445083355923,-1.2872970914163537,2.447149293294505,0.47768432262966615
542,-0.78539493600012,-0.9758328125079512,-0.9674550409271612,-0.7777786545192514,-0.9793506969301345,-0.9731837337363599,2.5324795172374723,-0.8037213325364582,-1.0389969499245002,-1.0280078856248833,-0.7795133910076102,-1.002679956949105,-1.0309499575284424,2.422770986766513,-0.11809894978069144
543,2.0572026664324983,-0.1563362991798915,-0.15233851442705093,2.0551862343706726,-0.16505090813999881,-0.15171452230704344,0.7632955212193797,2.1514841447269135,-0.2260269926935083,-0.22000553910649476,2.1519589935595245,-0.22460313840851698,-0.2162478361292796,0.35380544358219995,2.9176474299950557
544,-1.177841603707387,-1.896094286617735,-1.8418673086343091,-1.178909506085509,-1.9011973880856416,-1.844179744000303,3.1835233545822983,-0.9935698363037132,-1.9231759529437638,-1.8658215076653792,-0.9874217866691815,-1.916170094962939,-1.8624968195651055,2.78287575721504,0.4953875974982965
545,0.6429422432067153,-1.9095557813690485,-1.881032251241515,0.6364324420420233,-1.9318793403175836,-1.87336229417165,1.355832376251674,0.913475340884349,-2.136766118356361,-2.0983779764630666,0.903745484671835,-2.1367110926108555,-2.0931899026153835,0.7108736452849399,3.474491963752428
546,2.4625754334922862,0.7242032154110721,0.7147630274907655,2.4626224885911228,0.718954587536452,0.7187791844320424,1.9473706440608873,2.2702475590378284,0.21985935194713402,0.21656442764057718,2.2681576518565603,0.22136940779214342,0.22802179762204722,1.6800863495448222,2.216210099112219
547,2.338865937051184,0.1702282259192965,0.1667083216115406,2.3435790994221626,0.17184232856935167,0.16811516547280272,0.4158014959648822,2.2948206021757156,-0.29792190577505073,-0.29210032539286324,2.294689080977474,-0.30597740396460305,-0.28615156327961555,0.11480463299158188,3.0662702391860486
548,-0.02356046820170735,-0.52708264566487,-0.5134327588265833,-0.02290568558947251,-0.5204006385482093,-0.5105237684627689,2.1975969756447262,-0.2539482195486162,-0.8849385904928492,-0.860969641236985,-0.25896261578392016,-0.8902913304850117,-0.8715361772507585,2.1381713194260032,0.7983935889871661
549,0.035472874716773,-0.5513328594779554,-0.5455550394115299,0.04364105057609656,-0.5447017410376951,-0.5439932322893107,1.7903616891008076,0.11050942447297563,-0.5698516182114791,-0.5618597974903972,0.10693404027444903,-0.5716996957858077,-0.5665656234028611,1.59493361783859,1.8255631300913049
550,0.2670694729995673,-0.28654947628867783,-0.2805567330810748,0.26006194985251996,-0.28559930623388546,-0.28220811793725536,1.564685735779677,0.14173506081953957,-0.6055642087063601,-0.5910589508106506,0.1480315100730904,-0.6014197446733177,-0.6029708221717294,1.307156803792935,0.7448356501082211
551,2.0679231307787562,0.34476202993118416,0.3372706732993064,2.0646159156812725,0.35250463647607877,0.3334729342641495,0.6042526619316724,2.0008006259599673,0.14549921768146296,0.1419349201207628,2.0101048883126684,0.15496856998813047,0.13582966975664235,0.43720990525243736,3.376470534417128
552,1.3419762506947084,1.1730903756069984,1.1520290651281437,1.3420548379789239,1.177940404228341,1.1467120431339128,1.6674289454266176,1.553640494099199,1.3751297737002282,1.3450618827774021,1.5474820521329733,1.3779958318931047,1.3471277197168707,1.1699506845989056,0.4892529357168713
553,1.8233184407170056,-0.10618594847417683,-0.10397979611421174,1.8176828023198113,-0.10698158995115421,-0.10336714540966772,0.7485597784667717,1.8563851704730026,-0.3751525699644087,-0.3698937292397282,1.8582297418548135,-0.39205106168541404,-0.3660285960912228,0.3234897517208965,2.3157161581235988
554,1.0719856238172685,-0.4923521396718057,-0.4807961144431337,1.0671214953216264,-0.49411722606696956,-0.4704100667792984,1.4670951075619483,1.4471396231541578,-0.23910564566699977,-0.23279402348922373,1.447414515952226,-0.24469320672679573,-0.22506284216243191,0.9932317574173324,2.3491826852351023
555,2.4102926369578466,2.754285256528644,2.693499012458961,2.410641783174716,2.75735363464925,2.692221389663854,0.4539446670502976,2.5276694879642276,2.9337654916271036,2.870799284441599,2.5129423515723373,2.918053275204685,2.877594958274327,0.08052033950487764,-1.712632867671827
556,0.030306308114371426,-0.39439916469371566,-0.38621832947855095,0.011976625500146219,-0.3736670103828052,-0.3693848965182918,2.6108619795415646,-0.09167603569344698,-0.562172071053043,-0.5482198164809553,-0.0774053310840903,-0.552931558515772,-0.5469264430181976,2.159453415594185,0.921376224752759
557,0.6638345965181567,-2.1750846575118197,-2.121483493467879,0.6713075864978584,-2.173641876454185,-2.125187603136637,2.8373247504017916,0.7882466120224773,-2.3482640577627603,-2.28681115037575,0.7840888610561151,-2.3390029984938985,-2.2788457207353954,2.4581289946277605,2.935357660434483
558,1.6332186308304046,0.962821773891545,0.9331357569300692,1.6300594839652447,0.9651300476000585,0.9408108499382781,0.9642505324288301,1.6204154175573124,0.9108904359887082,0.8837196360397168,1.6225457114175956,0.9003387591418952,0.8827524279261394,0.6383090352764436,1.405030180165801
559,1.5498002358907397,-0.1529670804738015,-0.15410947377842707,1.540936543509428,-0.16963662267553592,-0.14893167403145327,1.4463574008564923,1.7271607701607423,0.04831463925301872,0.047946170712423054,1.7098823453587344,0.04736654928350837,0.08995091314618084,0.7108458337776724,1.7867605559113495
560,1.5980388342521463,-0.14343673342231245,-0.14121380156438545,1.592499894858409,-0.13372808256210428,-0.16012944677452906,0.8073360070459831,1.713664771018711,-0.3086078566074762,-0.3033670642737001,1.7500979034359496,-0.31139568327241024,-0.28867735754403917,0.10816982700453726,2.3857371141446
561,1.0732783313700072,0.030918069708299044,0.030464082740666757,1.072876710125304,0.03789163072604802,0.03298253366982678,2.7865712713270816,1.3282590359317217,0.2464248303439166,0.24284227579533962,1.3279737289435163,0.24110584394480544,0.24377945441475246,2.164419674604797,1.5958534676243807
562,0.7954950044003423,0.036802727152168646,0.03579341674212241,0.797778372110884,0.03791865074025407,0.0495868329735632,1.5745070182437069,0.5750374142057192,-0.4933057715314028,-0.4791405804091498,0.578456391143023,-0.498044399039998,-0.4647895943950415,1.3083620950115147,1.319733944247584
563,-1.876061856378593,-1.7017811497812654,-1.6570328623765105,-1.8835249082810752,-1.6856786415932887,-1.666299237787484,3.8204719977543404,-1.5196640648904465,-1.4442024040333514,-1.4080537035263179,-1.523200081969683,-1.445600925000349,-1.396751179397713,3.358867487328707,-0.07286996232314935
564,-1.8687323919782708,-2.198633639689585,-2.0977868180585397,-1.8685806924287829,-2.204899773865616,-2.0691230368632327,2.855627145006703,-1.659298627180184,-2.058762146494435,-1.9667777797357335,-1.6486501170383816,-2.0692001398055053,-1.940924189523986,2.615321521600153,0.2461715359460084
565,2.19378520242901,1.0745199462991604,1.0506847776220576,2.1960094502351906,1.0735215411508332,1.0469564361605128,0.8994664977152622,2.228698268533604,1.096146854191083,1.0707029976525166,2.2327617673411244,1.1020368546251074,1.0773200901280544,0.5027612903349844,2.5639201562179195
566,1.175958727193708,1.039889724820959,1.0115699113269518,1.1749217273553174,1.032546399550024,1.0093040573424121,1.18426894056674,1.041701646206139,0.9060801428409375,0.8824749454751568,1.0471175966182866,0.9026914542653816,0.8724491691493679,0.9200583838956993,0.5050923553466399
567,-1.6956238768013434,-2.9697345557930404,-2.904329476167134,-1.6932593213462905,-2.966576673837431,-2.906782098492334,3.8353199171363674,-1.416947435434606,-2.8448479077458506,-2.778192143719697,-1.4179739139961869,-2.844787220295166,-2.789045769789221,3.4154038131845477,0.2769170222700059
568,-1.099097519946185,-1.073893395227513,-1.0673889407351957,-1.0896207038085695,-1.0776299015489508,-1.074637633745959,3.2927094912763866,-1.0262473046813085,-0.9603960982453161,-0.9496653435085188,-1.0298776247619457,-0.9548255148378296,-0.9505845786872544,2.8800109298367347,-0.12786218468697294
569,-1.0991702944391903,-1.9520359325351173,-1.8958471068052483,-1.097531013642658,-1.9521685067005337,-1.9027823909439763,3.412521874416762,-1.0128091920395905,-2.1079697157792556,-2.0451890510538524,-1.0256967756201887,-2.0944964963242425,-2.047859158990461,3.076228947963701,1.4017451426431635
570,1.7898900672777007,1.1254849879752538,1.0952294882687552,1.795383863961007,1.132277544125295,1.0854432027985728,1.6067345074828223,1.727965216095519,1.0389140539257269,1.0109834893668634,1.71587723378513,1.0450416986948152,1.0001244660444932,1.3123001608840033,2.279074080671824
571,-2.245965914078231,-1.4201334937196246,-1.3895860647955363,-2.253803304118678,-1.414984855927295,-1.3820900263983886,4.029619781516116,-2.3888048445960472,-1.6944397589749525,-1.654990243010842,-2.3879240752848876,-1.7078875614673887,-1.651157799987081,3.7927989968814293,-0.707502624781844
572,0.01769057611456134,-0.7456155348714592,-0.7337114221680867,0.020077848451843724,-0.7509136711639545,-0.7298749287883773,2.6081390119668257,0.06139026989399079,-0.8349312838494156,-0.8240766577415539,0.07727281501120861,-0.8457958788755213,-0.8102236202857672,2.1347659214977837,0.9428570157524214
573,2.2393254138601337,1.9191553369011802,1.886131910425173,2.2415621443200613,1.9205277604695397,1.8743526772662187,0.03457418143085718,2.449687407081851,2.056397862058128,2.024199959564999,2.4347491196635143,2.0560449569376305,2.0138519548912885,-0.5454996441166979,1.729802125483097
574,-1.7599830272319104,-1.6791084618951992,-1.64978146429689,-1.7628959939576079,-1.6866008686062495,-1.6508095890225658,3.542354485846535,-1.80615593990825,-1.7110632178155865,-1.6797688684353045,-1.8172019369743295,-1.709726263016518,-1.6644031196614473,3.112404894562434,-0.9971104602510191
575,2.805744556002733,1.5432725808115213,1.502196851118622,2.8059689175546167,1.5399240523977427,1.5013295527138584,1.000208298779419,2.8439566760126986,1.5248304044143937,1.4842996343271313,2.845929766826489,1.52342408363664,1.4813557213182906,0.7119966066597784,2.4437708587590325
576,2.17532288397262,1.0912067645045591,1.0740416117686271,2.1790367519820277,1.0938373782078317,1.0668344709218223,1.5602163193917042,1.5866779908007638,0.09688731906597034,0.09478384275995029,1.5730115101821944,0.10114889109734218,0.10168294004081449,1.4151843991425297,1.9886405528096234
577,0.39108020256268583,0.23455701542687157,0.2292172005706114,0.4000215111007232,0.2226888110579291,0.2215207094113934,2.293302355116442,0.5482280479808097,0.34634538776984797,0.33767647965070385,0.5645404103250409,0.33023421921194807,0.30667475395606963,1.5919510086098752,0.7867185936009773
578,-0.486300726794446,-1.8267998945215969,-1.7718595948815365,-0.48416778015659,-1.8256968402995681,-1.7782868807459085,2.9642626762828734,-0.08916917099218628,-1.4781921426288782,-1.4351792373538463,-0.0898257618788375,-1.494779452313477,-1.4485473211575213,2.3427024400338716,2.113221610495689
579,-0.24569100574091948,-1.542913186698036,-1.5241779440757395,-0.25570699007865766,-1.5334615640408908,-1.5334487233457472,2.240179257372944,-0.7553709199788601,-2.673829823328783,-2.640253107022445,-0.7626157094385038,-2.6655395186854545,-2.6602348990541964,2.3270096971746246,1.4460306619242087
580,-0.17215991828053032,-1.2836212399865972,-1.2481887709168777,-0.16174925065384765,-1.292969594481325,-1.2453297363495495,2.6798102607744294,0.023068231286103514,-1.233819153908149,-1.1991728634296546,0.023832895383077327,-1.232368379209938,-1.2010845828585137,2.1225032083473674,2.5641411027209537
581,-0.8185435903293357,-0.9442338196146127,-0.9229997941566278,-0.8144564856517433,-0.9432884234278539,-0.9228413670111362,3.0763904252824137,-0.7015691403207321,-0.7987900252559083,-0.779705404622637,-0.704960617487303,-0.8100533034168476,-0.7764971470860014,2.6417238894244557,-0.12886915770039356
582,1.3260460065489372,-0.19392112889423743,-0.19187764261250534,1.3216581299997592,-0.18399216822203748,-0.20177981747930834,1.8403967243725652,1.0972791386356597,-0.8559977980703833,-0.8422047269055143,1.0878743775962436,-0.8490401671720931,-0.8473915131761308,1.4098478652590407,1.6804314452254119
583,-0.3030260075316026,-0.9519858749032714,-0.9172588905225142,-0.3047634919151701,-0.9491993526472302,-0.9079350234175344,2.0859842245215066,-0.2644228225123376,-0.9875168792878617,-0.9504321753249008,-0.2585013563283337,-0.985955270039934,-0.9559553820721173,1.9628242787630112,0.29229873470247336
584,1.8777626786039214,0.5850567787591168,0.5760752134742072,1.8708488967992483,0.5915868340565925,0.5830630427853414,0.9744585157371314,1.9280011723611024,0.5665678059584808,0.5557589758639584,1.9264537286123515,0.5747830378635521,0.5690006546632743,0.42729618897425853,1.9185775474110365
585,0.832116276313912,0.3928653663616578,0.3851252589199183,0.8265080653975513,0.3965664963463928,0.39109852983762333,1.4595751303549327,1.0236958343996654,0.580637697639177,0.5691216259328744,1.0158568927339422,0.5799949296782875,0.582913093313716,0.90561294605468,1.0521287638432322
586,2.528852869899407,1.8841793558374558,1.8280677257135243,2.5263482102001964,1.8828960848909082,1.824464361123641,1.4603510417858043,2.6269439378266477,1.8569750200372,1.80341142485608,2.6270278936998155,1.8491675238095435,1.8025465661268587,1.008092333525197,2.472387904736095
587,3.2744072088523968,2.427061009652547,2.3575265394017486,3.276619180462598,2.426062881113202,2.359725678932625,0.4571309342051818,3.3075808831774394,2.460189804630628,2.3858601946008235,3.3114591650174594,2.459123735909371,2.383265959075311,0.07728005648700631,2.1503678460038107
588,0.28414903079241993,0.39143552744193016,0.38346689816722856,0.2852995045752224,0.3902025842177096,0.38210225571605483,2.291084260555537,0.2892365482208481,0.43394603474248505,0.4245257252910773,0.2910606471364615,0.44176366250857846,0.43787622069216636,1.7877381467167506,-0.39073532074556716
589,1.9522574955527157,1.310389161169157,1.284985700602611,1.9551624797942424,1.296382638286848,1.2855872287015369,0.7227611332420527,2.36957665220078,1.7391603330220706,1.7047571215144202,2.3634670734175884,1.7406403088931388,1.7008137303331305,0.07268443551075213,1.5303728878869267
590,0.9430885905150808,-0.29946793039474906,-0.2988899015296914,0.9432143324553238,-0.30424272192103513,-0.30261466448956903,1.8989766788102298,1.0057058800316714,-0.7001316325344867,-0.6971758304160114,1.0004326855488754,-0.7064635575684388,-0.7031492709304595,1.4799803022293267,1.9381679819504805
591,1.4695119956993534,0.9238840171857512,0.9098444205370961,1.4695872158179109,0.9284752546937765,0.9039481608089928,1.023496714391632,1.5699959162813328,0.8322771476946935,0.8192628614103902,1.568733937924278,0.8378252188861146,0.8153776076488071,0.5107679151245074,1.8435456725691939
592,1.0251705412409589,0.8709659310149178,0.8532820069798626,1.0307065578204535,0.8707284234573258,0.8520358248881678,2.4906769372442343,1.2038836104198967,1.0391313997937763,1.0198680078387912,1.1945265067622535,1.0323952484076355,1.0147591728670866,1.984496366701679,0.3418842660519966
593,3.0887183655144432,-0.02057675206321319,-0.02016689326489586,3.0893349069629354,-0.026444059869144568,-0.015360964462746712,0.436469423176365,3.252572103341906,0.31766163249091567,0.31118194495870566,3.2513385979691614,0.3174434953936642,0.30920320459472656,-0.029754733866653726,3.595034219769596
594,1.7924968858082746,-0.38437350020042543,-0.37547808210513595,1.7887938512467711,-0.3845801219213103,-0.369510841856607,1.2164501561913539,2.256959963697709,0.07860071525387934,0.07703454497201694,2.257033053364369,0.08732880860579031,0.08582942201244097,0.5776799535268825,2.7106057953981195
595,0.6277583480068208,-0.9590098216877728,-0.9480754776258725,0.6312374561053503,-0.9862237756877179,-0.952722603220926,2.1594147946564513,0.5300782812736101,-1.574891560028554,-1.5526553004755115,0.5208460946048892,-1.5485807111177798,-1.5405321443476305,1.634400450961727,1.5981232752074288
596,-0.40868379459594895,-0.34720260977087003,-0.3393762496516923,-0.412436810036334,-0.3351092708478266,-0.343008107580707,2.2856504079660236,-0.017920691229203024,0.0211650522259241,0.02066434614102073,-0.02299572477962131,0.015459131162196202,0.026340762673137896,1.7420029655202927,0.14690643911267945
597,0.20777574336615948,-0.7825907464084702,-0.7703351250304429,0.21096017378027768,-0.7824145931334173,-0.7635961221420832,2.0084764881486286,0.30954754852103367,-0.8185778526697626,-0.8046148800667414,0.3139231754970074,-0.8091149888833074,-0.8022165671334963,1.543437688133203,2.149736652551021
598,3.7982423083941983,3.0214455550891524,2.978476373634023,3.793659228380081,3.029494747783782,2.983296362876703,0.11657722660359952,4.126317372693101,3.3386844142024095,3.287588306769102,4.128139309133096,3.3410016223660937,3.2882754452738596,-0.41449375664007737,2.022594689743415
599,-0.43109129947026925,0.13171529732882303,0.12849526020701046,-0.42995409919066424,0.11592400908345846,0.1484389522859065,2.699025377229156,-1.3511340882331866,-0.6124538080490248,-0.594920389736174,-1.3645509807055167,-0.6153030188462485,-0.6060697233335455,3.086991437485927,-2.7034092780131314
600,0.7780749785594786,-1.1323545555264736,-1.0987580333692533,0.7762977277421778,-1.1305833975863966,-1.1047693163800485,1.6378676634932847,0.9335894033163317,-1.2147465326861866,-1.1773849378492836,0.9342852048074088,-1.2258426814292307,-1.1761085945570822,1.2828130814163252,2.3524383702552774
601,1.0751320049612527,-0.6463042055284192,-0.6393787877146745,1.0695867712093698,-0.6514678715388265,-0.6668005628383867,1.6296229903666197,0.8931943688712481,-1.1372180137760017,-1.1112687776940615,0.9052523257158096,-1.152418271787422,-1.1218419813431393,1.0162732236659875,1.9846420872357577
602,-0.42385185266101,-0.17959278733779016,-0.1762266078310889,-0.4181419991457974,-0.1811398852858624,-0.1710022869088611,2.9368339119390683,-0.38906174340618443,-0.09933475445341522,-0.09738906765481398,-0.38943849170934347,-0.10421716399015497,-0.09229871851771541,2.629864013663073,-1.3193247248990443
603,1.6130582637337234,0.5278558505027569,0.5176194090600391,1.608325525516828,0.5267219802541147,0.5218471537354814,0.4033725130382616,1.966107333902063,0.9849524431332205,0.9640020123420155,1.9600478609518406,0.9816516883262176,0.9601896646865188,-0.21913073458302543,2.195033474627244
604,2.020568043189952,2.0811134698479328,2.0348463076583863,2.015094062107952,2.0906118502544997,2.0357701440868743,2.117475144943929,2.010903120431066,1.998562828751505,1.9504855528604073,2.0125270492240843,1.9999588916167246,1.9498141524849433,1.352304845696847,0.3581754374293735
605,-0.9573861870082964,-0.9716004825233061,-0.9588359589466159,-0.9604920963124539,-0.9678679202298258,-0.9602183386100084,2.2610323922662285,-0.9135919787852449,-0.9205176443812122,-0.9083787606621376,-0.9166938327763584,-0.9114955353645319,-0.9055027041542142,1.9774526374481967,-0.253903398068541
606,0.3831121956777658,-0.573213151307547,-0.5654848459999698,0.38131404486861054,-0.5771139992817085,-0.5676319976425237,2.7384063499651026,0.7102580168596883,-0.5407487733774795,-0.5336419878382068,0.7109494892611873,-0.5437778054197896,-0.5414246274665148,1.592942231160427,1.6211473302982458
607,3.371966113132596,2.7239450977655513,2.649894220130436,3.3678610744714,2.7301503064512254,2.649155661830363,-0.3630496866445257,2.7374073641147048,1.9297306964165153,1.8752867523651344,2.7475326916201706,1.9405558411796127,1.8733692738439507,-0.35198589950009623,2.688138143007776
608,0.06598550466632228,0.08093151058119087,0.07859728000884816,0.0672194040111307,0.08059621269869167,0.07880381345528958,2.378994180916199,0.3121488213272938,0.4769608564556328,0.4653346805383256,0.3056293159626062,0.485790082928181,0.4634098122818609,1.9978259617771885,-0.3048688523060807
609,2.0194367249931364,1.7388921340348877,1.6873722107839972,2.022425638962117,1.7370172845808218,1.6877653021152883,0.40787801100325777,1.7649103651727174,1.444082959051715,1.3988274661029925,1.7620155135173117,1.4508126412241182,1.3989815442845257,0.2902105929499377,1.2505509955889882
610,1.3196173045670458,0.8712325294245357,0.8480499042957967,1.3188516643914292,0.8643325903856748,0.8499979878659293,1.0848905450179556,1.107471219088073,0.5791896395001612,0.5649019808896818,1.1151491448420565,0.5733749937254061,0.5592406294807022,0.9374836116720291,0.8904265848371993
611,0.0740145969858524,-0.23111432630613818,-0.22583353333046127,0.07451534265588529,-0.23433875994210535,-0.23366430394670812,2.673568203476875,0.1371974881294484,-0.16051546375737585,-0.15693415073216493,0.1418009346627687,-0.1644048336897001,-0.14606847919425486,2.3046283637192677,0.011682656948213495
612,-0.31750927739547324,-1.4815872945714739,-1.4647824534250606,-0.30950123229604865,-1.4801438575263086,-1.4625027494105696,1.9291285285804187,0.04659972242631488,-0.9129103115041938,-0.8966186074737754,0.059952347458876405,-0.9139687409180862,-0.9163893853465711,1.2336433857875635,1.3201202860651613
613,1.9964691996654478,0.8886384806387466,0.868776143985152,1.9922403066179626,0.875349457678408,0.8713807261644886,1.0205206453655518,2.0177836342730053,0.7226224081858073,0.7070929973015991,2.025632509905999,0.7312520219039339,0.7034089163977456,0.5385291266400307,2.488338721000029
614,0.42638444985234236,-0.08451906230066356,-0.08244867128261295,0.43643364527124,-0.07918534017358381,-0.08014038387192463,2.5277229012144904,0.6295926771715804,0.07061559100503897,0.06914818184365677,0.6310565249799747,0.059233138203791155,0.062180328030794325,1.9447087975904749,1.0466082486055266
615,0.15243742106551766,-0.11701677576610271,-0.11515640670425069,0.1565245581353432,-0.12219499041278228,-0.10668431190828014,2.1391704001401592,-0.4764741577379124,-0.8129409530680675,-0.8004152415315652,-0.4679091520705254,-0.8152193733532892,-0.811090526532008,2.3119483543711103,1.4113449407392489
616,0.35768622894474433,-1.7321748893487867,-1.6875755765438174,0.3552385818752512,-1.7296422505906046,-1.6951713159707413,2.2569718573570716,0.8261496113871708,-1.2736572916661708,-1.2378693638884029,0.8345852828165956,-1.2958670679021709,-1.2438778625915765,1.4815909678206103,1.9537497465881641
617,-0.4689558892772539,-1.1280102117246857,-1.1015543471885645,-0.47569095117814686,-1.1195844961321355,-1.070798428626862,2.7474632934190883,-0.39451159053281587,-1.201828051228295,-1.1752138733675401,-0.41288357808710535,-1.2034893386838708,-1.1819308874000674,2.2995542026797056,1.0735107853274455
618,0.2430762619099118,-2.016696406407114,-1.9896799328656645,0.248895151816541,-2.0149561919779386,-1.9870968953321295,2.708860865933748,0.0294031044716636,-2.5071589336591957,-2.460561232092094,0.03263862898790156,-2.5168611419236604,-2.461134177932418,2.2798269756020786,2.0317679299270077
619,-0.7782009051202396,-0.8074852662836778,-0.7902416506706327,-0.7819371720987329,-0.7986770813863712,-0.7899740298130532,3.1577160045622157,-0.4320607617292286,-0.43796168527699353,-0.4278986817666287,-0.43264867217161296,-0.42381388135746123,-0.4415332078745149,2.52417314385978,-0.2490904352824133
620,2.023210297959886,0.6603388960213054,0.6433740775004375,2.019907698137989,0.6683517708853836,0.6409331842947646,0.8368702802073835,2.1419658764770197,0.6151296514893364,0.5982277923435417,2.1431336524148805,0.6103191825569693,0.5982474888991695,0.4249902568174579,2.2123654047030676
621,2.234133014568132,-0.6800892355626362,-0.6679705257275693,2.2299888906833196,-0.6773069874336572,-0.667596861809671,1.355979156183134,2.447624903092305,-0.744815883529562,-0.7327328885773993,2.4425984327031935,-0.7392931861184462,-0.7336199974608745,0.982194568385232,3.2862437478002096
622,0.49377094006518507,-0.9374391563886659,-0.9165410101608877,0.4959468456052514,-0.9331944211849165,-0.9210034705477488,1.8945899888910824,0.7534670501559089,-0.8657447372485497,-0.8467010772552183,0.7555261069696114,-0.8614248139509356,-0.8364211844769882,1.4097647086597986,1.853415015655351
623,0.7578182726468166,-0.7703022391545573,-0.7561273117669021,0.7564864412688074,-0.7724921963107897,-0.7515399607441265,1.9675567958529316,1.0112477311371053,-0.6353725449652345,-0.6228977690026899,1.0146313565337932,-0.6375901926779556,-0.6241489697118286,1.5638555640430076,2.1280145742372736
624,0.4935443695846163,0.7437084678516811,0.7318633178079741,0.4927695066235947,0.776013629914313,0.7340815774839613,2.1590364919576537,0.23161774382117706,0.5120880486640146,0.5038471906000779,0.22948759000714353,0.5263096623398869,0.47296312994138673,1.9371751367427785,-0.8104715732255836
625,-2.053334800154624,-2.1557520092496114,-2.0991094827101993,-2.0521708322132,-2.15659537294449,-2.0945656031902558,4.204930410961103,-2.169127627371718,-2.3190626220422024,-2.255055333772281,-2.160826836826899,-2.3258144524598845,-2.2560695379779907,4.042193882520442,-0.012240194746928121
626,0.7596668317809847,-0.03732758204931901,-0.0366478342705272,0.7642365510382544,-0.047633077196153256,-0.042512226375963046,1.6694055238059757,0.8672679031747739,0.044050382216689624,0.04329120199181042,0.8591901099944781,0.05594839605798527,0.03672608769573248,1.2570392015826373,1.2782356884351254
627,-2.145935038795969,-1.7617874642192417,-1.7087864787473883,-2.1545565780114226,-1.7496313573839612,-1.7066907373523568,3.5381684290569724,-2.035918620887891,-1.586171715634369,-1.5360653121429861,-2.0261762650254056,-1.5766958409860234,-1.5468544840798872,3.1220460396687266,-1.7725036800060223
628,1.4840201316286519,1.0674419710525633,1.04693993650572,1.4931430311323162,1.0658134990282133,1.0469720907916762,1.8756042564548523,1.6256078996490086,1.1944951382510334,1.1705146234159123,1.6382224058302273,1.195859067594321,1.162535120019105,1.4752701745349823,1.2945735752293335
629,-0.24462185898014316,-1.7638845104931669,-1.7145706288766207,-0.2492981899579206,-1.750847380410315,-1.704284854343976,2.3300643261504166,0.017421071175941823,-1.6614217555410753,-1.6163171208897165,0.0065141266561842635,-1.6701572601029437,-1.623936808726717,1.9397634894495375,1.43527164622397
630,-2.583624634080339,-1.4142086107493603,-1.3908825622555927,-2.5750923820414866,-1.4154241557645297,-1.3870238233244823,4.315227232007863,-2.4670156564737185,-1.218392784139094,-1.196553811008625,-2.470053188422948,-1.2288416209261726,-1.2041846234896838,3.8907042818446635,-3.6011126047765885
631,1.5515466502700284,1.7275276829045698,1.6908811387777574,1.5508945838648678,1.7307691562499667,1.6880779939009753,1.1911680464736523,2.1200402829321665,2.362635642764367,2.3120903049905674,2.1211407458342335,2.3663982935609664,2.317720187703008,0.3411565914924907,-1.237072711592953
632,1.8421619316467202,1.8049578257106877,1.7694129009958501,1.8455636329897422,1.8150199134828486,1.7648801454768697,1.1082666988121717,1.8496930544556247,1.8061466116030942,1.7736555647321008,1.8479062862092868,1.8004637165267947,1.773191824699758,0.5234357767544636,0.5906813025585528
633,-0.9391897910589623,-0.8342431658175666,-0.8124813557283431,-0.9530396356250762,-0.8330705105010093,-0.8175453841823408,2.9786881236811955,-0.8075945024885781,-0.684487765376166,-0.6657121022938184,-0.813640931045747,-0.6662960204380806,-0.6787507232591129,2.4657341331670954,-0.637867721921544
634,0.7033793628724195,1.0216631796222084,1.0014520427773568,0.6995243701176652,1.0201067044281806,0.9949769169287396,1.5794998657818669,0.16738527614149623,0.0770981191232586,0.07548940805609779,0.16473713469864817,0.0893537529976787,0.07873958383743977,1.7614699002293437,0.13733070364627786
635,0.3835538389524573,-0.8271196238846453,-0.801416594133674,0.3807310819184466,-0.8222450658623439,-0.7974760939231107,1.8071265060986688,0.3263960853236088,-0.9411661443886168,-0.908783773762865,0.33025934948709923,-0.9406950076116137,-0.8988169817425821,1.5249325203948374,1.598564063244142
636,0.004150261750680034,-1.3479622458472749,-1.3210701954712154,-0.008267995550804824,-1.3523823635232188,-1.3349928285823518,1.7147104489288232,0.5752319890883962,-0.5544654417072039,-0.5464781678701308,0.5762975084998354,-0.5602431083281241,-0.5365911926893053,0.9275700966365533,1.9191236391841273
637,2.7590331588953534,2.5720422671679706,2.505305375375811,2.7585495191090255,2.5752642328376445,2.5037389905110845,-0.1122859335936095,2.520484351222314,2.2952175908387336,2.2323397922590544,2.523284111307641,2.2997253027230804,2.22951944804078,-0.16922733896997003,1.2569405308838677
638,-2.571310328982111,-1.942005933108534,-1.9216853319320724,-2.560652525128133,-1.9302659833667222,-1.9128308488229824,4.228259379642176,-2.4451168559777807,-1.7387801569852446,-1.722359323433939,-2.4470767466583423,-1.7259836320979556,-1.720245508356658,3.743082062496353,-1.7550815696879827
639,-1.618572987524788,-2.4254311580163073,-2.3939616412197466,-1.626242861513413,-2.427474891580733,-2.3840016298872078,3.6384258413298713,-1.5759806453613496,-2.5450420340635995,-2.511171731406861,-1.5734505058312516,-2.5413667959034756,-2.514342113987181,3.1905676838639043,0.4214896613729307
640,3.3043068990150797,1.274706045805934,1.2464867010617635,3.3027991130356877,1.2829644158024829,1.2421732125380376,-0.07963366986218624,3.426471476616775,1.2878503416685387,1.2583227212404628,3.4355846077956804,1.2818078839073663,1.257433364904322,-0.48712699663007436,3.5955582812377243
641,1.5088953080916396,0.5413112723290257,0.5300651533626859,1.5027606865065914,0.5513070795991779,0.545048923186104,0.8370919277973158,1.4874559552639481,0.31491266073042173,0.30956078697438644,1.4830905367384162,0.3271443372313917,0.3166694521821066,0.35761481039227655,2.3482646876357083
642,1.6393822223693453,1.0602254613812185,1.0399412275152922,1.6311834857911247,1.0525875015221642,1.0458576790924987,1.7396856303508614,1.8842384028056265,1.5748724978050164,1.544514014476492,1.8757679536672514,1.5698658240063839,1.5495966466129139,1.1815762722387684,1.2041524435645072
643,-0.43272635300298107,-0.3134927219028505,-0.30853427901946695,-0.43912985183976333,-0.30610312562359016,-0.2957677412510651,2.7427790934356784,-0.2823269022772473,-0.07835991252317123,-0.0770599687856427,-0.2793491367438269,-0.0757087571479126,-0.10025064656909821,2.2170964438752825,-0.04846744260906901
644,-0.5385486485028206,-1.3956841096343024,-1.3853055922360173,-0.5420525784952822,-1.3970333940804434,-1.3821776015845562,3.073179017142863,-0.5035075852610829,-1.4215480795546174,-1.395549714010696,-0.5023334412692742,-1.4211989944014196,-1.3895553155783331,2.7985987417908142,0.2530465088756046
645,-0.9353862651491702,-1.0057683350500564,-0.9880567685043254,-0.9433307751651032,-1.010846696816496,-0.9901496310363032,3.1280844799258443,-0.8325017508199439,-0.91451884928316,-0.898319109175336,-0.8269543791760567,-0.9236112589235368,-0.9029759342870922,2.7308508803178055,0.013735218710490518
646,2.756486168057721,2.1018579114646503,2.048440323856558,2.7479798953399013,2.094273320328192,2.0495501744855167,0.27774780476495986,2.8261590099138014,2.164340902106817,2.106030322319975,2.8275941960670856,2.1566709067282805,2.1133248516346512,-0.13045936028842386,1.912928845856414
647,-1.2200950831615034,-2.140984996457641,-2.113459665123821,-1.2179113572318838,-2.1498859064425684,-2.1137034519858195,3.684213853137544,-1.1974208651995206,-2.2700287762193025,-2.2518925675705943,-1.2033387631907613,-2.2648485784844974,-2.245469436950087,3.292709403288322,1.8461747308107042
648,0.45365683756347347,-0.03611663042418532,-0.035512100573216444,0.44268634833253606,-0.044523561172170746,-0.05791588966306348,2.0930608641666537,0.693990031937116,0.14588088532085877,0.14313722769353196,0.7090190366823567,0.13953579456132828,0.14858485219963927,1.4397518966797913,1.3422383777894726
649,0.5719324453830104,0.49156144661106344,0.4824404039650729,0.5699244774799406,0.48064442469600976,0.4803368290997469,1.5781065603378042,0.6651249477770447,0.5727304671383383,0.5625305537455011,0.6536289753988961,0.5745464419502895,0.5706913147668811,1.1322252905965868,0.3970543442660246
650,-0.1674317530023206,-2.2563493917160695,-2.2011007068785933,-0.1708174173553633,-2.2520757963251974,-2.188583007683641,2.4174533939691605,0.224211918773768,-2.198482461271121,-2.1416648912131406,0.21455787660122433,-2.1686844540363066,-2.1385782666648927,1.844763640432705,1.4756570673734997
651,1.8625227705520635,-0.4830350952379474,-0.47117337867316206,1.8708281602417036,-0.475591294958803,-0.464408721787507,1.1158563671021335,2.066072009746937,-0.7197650036083971,-0.7016454010754952,2.0702516737280914,-0.7146539761649994,-0.6968950650364616,0.5254262547029611,3.6761162872152244
652,1.7317282888804053,-0.15535403734830197,-0.15102192737460898,1.7316827985176986,-0.150664342971165,-0.15606742661517545,0.8058522970910583,2.061282504960154,-0.09883981339252726,-0.09617867312980835,2.0688557555100737,-0.1027991893455203,-0.08899436093797164,0.22897423880479043,3.486818204328539
653,-0.9653986603534159,-1.2837629322368453,-1.2463898304266043,-0.9671630736164906,-1.2894440682012998,-1.2486863928202656,2.957793488765743,-0.93869757316977,-1.3613831778722751,-1.3210619992808246,-0.9312550277948436,-1.3705685340442895,-1.3110574284970233,2.574327436111628,0.5014394064255315
654,-0.16711090534834225,-0.7398980193295238,-0.7244662174727324,-0.16995993140658996,-0.7192302096358509,-0.7333081759527894,2.246520999833728,0.02255208325305709,-0.551271699534374,-0.541300254155296,0.03149082290044236,-0.5430540900763019,-0.5537285141563871,1.8751878595375018,0.7671802999329043
655,2.8333201249459132,0.7704331630095826,0.7553593645857745,2.8331730779890645,0.7717404094295434,0.7573882170563172,0.4520249194591224,2.8716966582509964,0.7028244240309284,0.6908538627113224,2.884390476086019,0.6774069656157211,0.6807087848856587,0.20389478726106683,2.9344068008558875
656,2.6426876956108116,2.366933950260883,2.320339611235831,2.643836025017514,2.3760581379443853,2.3129534831523615,0.9456417859670806,2.4864228450253267,2.209046376471609,2.168412041929434,2.4938449860744702,2.1925334000175396,2.1586083756261387,0.6217735745123518,1.1648070920730296
657,2.84266064496129,-3.0697747862848104,-3.0003612176281975,2.8478670705690203,-3.078403076565848,-3.011573247171557,-0.3354248390639201,3.3065714534744983,-2.594389288075211,-2.5360700075155105,3.30930425025261,-2.599674783736593,-2.547788097149103,-0.8777970727742159,4.59542509610517
658,-0.9926590768693352,-1.565878200901795,-1.5269384645596527,-1.0010762859889528,-1.570261332335326,-1.514908749736185,3.4559689357331167,-1.0899158045342834,-1.8151189358036126,-1.7669137582773384,-1.0864987582533656,-1.8116303052737823,-1.775213095909704,3.1144346258486584,0.665661690127821
659,1.4654260597110214,0.16380821374402058,0.1604473606167677,1.4675492696240544,0.16192043825527638,0.15361695445904386,1.3602155037979016,1.712672970350579,0.36205554992227623,0.353692793505277,1.7039727203186847,0.3679558137263166,0.34863476106332403,0.7631052077747836,2.042235042074736
660,2.422157665233736,-0.4986316997951614,-0.48755742761005666,2.4253062449806415,-0.4993295426207605,-0.49266316951978184,0.9411737668158267,2.651794493667654,-0.5778540739237434,-0.5656987095525503,2.651407706721816,-0.5703940982392292,-0.552835742733168,0.41959375922888204,3.3243096214807855
661,-0.2598360521050589,-0.5554885449891648,-0.542846967443278,-0.2540994501098509,-0.5491939857768333,-0.563576287561014,2.321509161498847,-0.03802753172057094,-0.3411198860777524,-0.3328663886746811,-0.0304142877796485,-0.3240951587586167,-0.3421143496937117,1.7026830204867895,0.4111241613923136
662,-1.2510199253293979,-1.179501200560716,-1.15811248281589,-1.2455759485429543,-1.1782075255493443,-1.1539685355560694,2.2607743765390422,-1.3149504596972168,-1.1939111412668058,-1.1713067159786772,-1.3142694017915184,-1.2003027598360985,-1.1683716291295771,2.294877381596776,-2.3300125646657537
663,0.5607004536624048,0.34735875725935866,0.34238985986630616,0.5435848680484687,0.35747307158091707,0.3594163016728647,2.5782969105017495,0.45461051164221616,0.2925886792432406,0.28773244230582834,0.4481258102335495,0.29808436084138445,0.2956092751013655,2.3355901412184834,-0.21314474843401374
664,2.2526549590829066,0.8246073289687946,0.8004858757681794,2.2512534033810025,0.8297044543713975,0.804569071566235,0.31515175279264845,2.31914476638978,0.7515231475156053,0.7284596060032676,2.319204436642293,0.7518459908977367,0.7289160326528766,0.06687271016168118,3.1621806393168685
665,1.2931617984134804,-1.2976913110604058,-1.264894020627071,1.30520837081374,-1.2904970051552342,-1.2489452656054099,1.3165734954307164,1.8443744765135441,-0.42599001139237647,-0.4156412505487167,1.8271227729207329,-0.3795026683619739,-0.3998262157500835,0.3274862852161687,2.241840735001305
666,-1.0326271430912193,-0.7635216637725246,-0.7529042568027764,-1.0350365698057207,-0.7785397402268651,-0.7480582330075599,3.085457940464776,-1.2194983329895963,-0.8992167422204137,-0.8866752066991423,-1.2079776960613218,-0.9060347081647528,-0.8906111688461729,2.823659195558657,-2.0234605963501093
667,1.6532232694020983,1.524274599652954,1.4943175848799,1.6460385213798945,1.5238066651535878,1.500262524027439,0.570260389532362,2.300352056094589,2.412494656051942,2.380535285062153,2.301532829694757,2.410462308806446,2.386010700932596,-0.24136025864732663,1.003608715451379
668,1.8083217831330136,1.5260847665177657,1.498887624199364,1.8126276083444584,1.5271175568049633,1.4986457291946345,1.5746150411212394,1.6762887357961613,1.3719733612880125,1.3473192818238449,1.6712753258872033,1.3722982325198128,1.3432631961012391,1.349034622745155,1.036307993743394
669,-0.9320147216800331,-0.6527997013883512,-0.6365719518362539,-0.9337880099661493,-0.6608122826221585,-0.6318439933706567,2.7746084151546744,-0.8019526853519404,-0.4426665385737767,-0.43156837209525484,-0.8029032342874858,-0.4454636729754365,-0.43209679251191707,2.427930670790836,-2.265418380284662
670,1.0039027535915679,-0.1843820103486207,-0.1786004627622376,1.0046147723989134,-0.16668996315217344,-0.16236952483870545,1.5581180696723704,1.5089040326311582,0.5235632429821535,0.5051451832651395,1.5038676829565951,0.521407521909869,0.5149709908982697,1.005337279336516,2.1231258425321635
671,-0.893056901743951,-1.0038747348147354,-0.9882480163340054,-0.8984989831143869,-1.0016645944826568,-0.9895283729722599,3.3356887579897845,-0.8102619766298782,-0.934886389614063,-0.9204309454443818,-0.7964446383853251,-0.9361584654587749,-0.9324234612908063,3.0416505372127673,0.18913457075294715
672,1.2110956617283541,-0.7561059262781062,-0.7436528805439179,1.2157527185647863,-0.7595282602082162,-0.749504132735354,1.7761812095096927,1.2424601278794576,-0.9116441031497626,-0.8962486394635341,1.2397237903569451,-0.9111783695456227,-0.8917750373315342,1.4802477253687005,1.9352944359125817
673,0.35154137684270764,-0.3084803792862531,-0.3005698903091034,0.3481813676853627,-0.3104438538320465,-0.29221633542053865,2.540534074748344,0.4760047706541466,-0.2765748597334052,-0.2694182282108096,0.4816639633260747,-0.27001564791088556,-0.2680006596820641,1.9487882186587844,2.0716410259643903
674,-2.9593565210417005,-3.606725265420597,-3.5277592705839784,-2.970623423053027,-3.616551121988961,-3.534216757526458,4.579798551478062,-2.459065613437749,-3.587546544952986,-3.5107575863520277,-2.4610092587688492,-3.6214793327032964,-3.517588287580259,3.9515776541108725,-1.012174873714921
675,0.5114051088091942,0.24157629165332445,0.2386151713077803,0.5213006735290403,0.23793264747374895,0.23674055806329278,2.6692116915820576,0.5441058492413563,0.21654198890466736,0.21398941077418712,0.5450002434013156,0.2292164084848276,0.20685183415391695,2.2636361334529957,0.4290314356489788
676,0.3015887316449742,-1.7838447875142789,-1.747185339271489,0.2933063709711549,-1.785164639065728,-1.7453657911697125,2.2272242655493555,0.46660765922414954,-2.169885798934998,-2.123147377006778,0.4702578870442909,-2.1869263903012843,-2.1098579162272926,1.6035565537292185,2.3003142161315915
677,-0.5653757770124616,-0.8562061614899905,-0.8285693426776131,-0.5660811132193094,-0.8574790899975373,-0.828450234048234,2.587979097386973,-0.8630764387437502,-1.2385784176327892,-1.1979557828713228,-0.8715273499712711,-1.231406410152988,-1.2011014666615845,2.3392149803515125,0.7215222367430044
678,0.6704959660898522,-0.5130992130251196,-0.49998899016052456,0.6677770612583481,-0.508769021362407,-0.4910858292426178,1.7067872144145952,0.5590271767857915,-0.9127320719462868,-0.8865563573531045,0.5646401363120186,-0.9037204815453144,-0.9010043005691014,1.3971362412359367,1.82820478521661
679,-0.3286037442036586,0.17294551572265818,0.16934041149069157,-0.3206196148380076,0.168213309805734,0.16739755243571708,3.4704158095471507,-0.2812696258496727,0.32140182190290406,0.3145847962104516,-0.27570527864856786,0.32518882214520917,0.3127139975409547,2.979472811429726,-1.9841622235804575
680,0.29677983780747735,-0.301913664152574,-0.2953527484625563,0.2926288882572155,-0.2970507715787625,-0.2896607958549512,2.2767512203897766,0.10378571373138994,-0.6783357234872371,-0.6647245836733856,0.10055008782528611,-0.6705262259721292,-0.652488066571165,2.0401801743510672,0.9921464924926373
681,0.6662005323187585,-0.589364802582492,-0.5764892340538053,0.6661645732686882,-0.588287439765073,-0.5785618560975463,2.4599584066591946,0.23962389774414594,-1.328993341806803,-1.2985496620879846,0.23965941537060478,-1.3239353101997122,-1.3035145614699712,2.3114006742578717,1.8742279145721323
682,-0.10575524346193053,0.11450970049916183,0.11275657732986166,-0.09804294656747457,0.1183563750654562,0.10452987131317827,2.6012310146116153,-0.21772647219927174,-0.04454532256343895,-0.043851157628322264,-0.2229230787542769,-0.060945667280991,-0.03701699021130937,2.23852741453154,-0.14166063232357023
683,0.3686842170861777,-0.24739291554975454,-0.24186221295784355,0.3789681461083483,-0.23909890259654148,-0.23694320443348527,1.9741378918598897,0.37984051315799633,-0.31122965306118433,-0.3047005612420104,0.37652138343645114,-0.31298462752137174,-0.31855153513513235,1.6293860107641471,1.1638372211852634
684,1.2527842082844072,1.0138783084439988,0.989212256646954,1.2509766593605787,1.0109347445360173,0.99222599348066,1.4031823732340007,1.3869530026980126,1.1406050292306724,1.1127782090964735,1.3907534831150168,1.1582763714687145,1.116151063579819,0.8031580197916603,1.007903224226895
685,1.724503516671678,1.0779094591214453,1.055584487596454,1.7312357794476854,1.0699204679246945,1.0506801020429455,0.6942575529052197,1.6891271556341674,0.8499705935930153,0.831506265010392,1.6877624908193203,0.8483094125287204,0.8205094289948694,0.17108349811022738,2.12177116024887
686,-0.6456840250520818,-0.5415684654021073,-0.5213783115663584,-0.6549186890823647,-0.5410397302802175,-0.514842475434548,2.9124199644714905,-0.5231131762762146,-0.4115222760585944,-0.3956630138715828,-0.5344642041841488,-0.4137245277067965,-0.3962965694953883,2.550865894965521,-0.5097353662435893
687,-0.5235080295631878,-0.7990714447718379,-0.7785721032319812,-0.5257573486834493,-0.8019079383793267,-0.7914350995923096,2.1315664056555668,-0.8308097400971648,-1.1802304772475167,-1.1494036514675734,-0.8305934736165659,-1.184825273842825,-1.136668046346194,2.0735620614690835,0.32985799650045283
688,0.40116637752966117,-0.08958526494347487,-0.08803766819892886,0.39109660590047757,-0.0840158558114996,-0.08552368577435739,1.8392260222365542,0.8026975916274689,0.5254051970971618,0.5160577202611502,0.8054024018833544,0.5388184970207395,0.5233492266403329,1.2409331462799729,0.4248256651148715
689,1.290887913569783,1.302828001082328,1.274035198926837,1.2928151858645553,1.3084895759788464,1.277791319693931,1.4943084590392444,1.4619402997636535,1.4659643670199356,1.4333094322060882,1.4565215408068923,1.4587038476234349,1.4354204373590522,0.984966667849472,0.12504970117107658
690,1.2096250260657029,-0.7755225203611734,-0.7631841892778987,1.2083157243099187,-0.748657098928281,-0.7430961615697884,0.6727375971311547,1.5802585218932652,-0.32656350204966583,-0.32053943094546156,1.580024676467877,-0.32248037735356994,-0.32168603628475567,0.1455610895323436,2.0290892753542944
691,-1.9390371802861284,-2.4494638086073457,-2.3728804771406007,-1.9351546863636864,-2.445223078736412,-2.3805735935040717,2.734627701868304,-1.8007630206319987,-2.297642355973021,-2.2169147955950566,-1.7932699048184089,-2.295635565493576,-2.2211866758817975,2.581526827920687,1.0657804806447981
692,0.15875350343115,0.49521212708942475,0.4842939216791415,0.14362260942279162,0.4796185262253826,0.4804611233348562,2.419438307313019,0.057108894693619454,0.5092214033205774,0.4970159009615364,0.05192946441702409,0.5061813211899466,0.48825100158313606,2.0077422755235705,-2.119268213214374
693,-0.03596478245025524,-0.3096933700663138,-0.30132332901349984,-0.030818366900896586,-0.3210787664347124,-0.292125605441259,2.1207281970420055,-0.07226200826911064,-0.435681697391423,-0.424078340968249,-0.04938476404206455,-0.4284707411986472,-0.42623063607754913,1.8837074927661315,0.8546405654413656
694,1.140746261196981,0.9396464322665116,0.9165798192438865,1.1449044127223331,0.9371227069923012,0.9137783491721634,2.181000009863681,1.3319737111474859,1.1015588123359628,1.0728362540446965,1.3307746432862346,1.0958387979761288,1.0800936066690086,1.866701700613519,0.1574895702254165
695,-0.791209487791356,-1.301325538956779,-1.2603657992502395,-0.7929489524030098,-1.3104781570595645,-1.2711789980571995,2.804059428253881,-0.8007622338724355,-1.4249193220324545,-1.3777218866724177,-0.798129790432926,-1.4276144684047878,-1.3847490176053752,2.4826193269887584,1.2409317324701257
696,0.990402835568527,0.024986370263904614,0.02439464716738251,0.9836238390041542,0.03570963583991836,0.020855850700340742,1.6781545630290682,0.9549455651563995,-0.1427628551778491,-0.13921580327945343,0.9477363779195306,-0.1373380017108926,-0.15112722470823195,1.355660003153505,1.940330098639318
697,0.9046877805192283,-1.1642464669364707,-1.126449545578085,0.9083920067728332,-1.171064007728767,-1.1379912404087122,0.7191073448796731,0.9366743917415743,-1.5682975066539966,-1.517095314402152,0.9242928657110543,-1.576343688845409,-1.514351360074387,0.5417185717474956,3.225293668099289
698,2.446920139261635,0.13967173890073872,0.13674622313969048,2.4455932841377055,0.13965740567886237,0.14261580681701763,0.9172819432278183,2.563934130480648,0.22474816254821273,0.21984370277053267,2.560005400556788,0.22449511075672032,0.21908780693640975,0.6759128540516413,2.955360892032315
699,-0.6984826658118264,-1.0664765311850826,-1.0321446985581817,-0.6972235326970904,-1.056520951440929,-1.0275077233873546,2.904838860214081,-1.2283699990711379,-1.989117500152856,-1.925857046108491,-1.2245440742246583,-1.9889075557356437,-1.9251895538955721,2.9864783340919288,1.1128382514557664
700,0.029728848043057726,-1.5990942669629107,-1.5603052070601413,0.031127272568243786,-1.6067965429154598,-1.5608394608224263,2.7562085638097713,0.7213434106099548,-0.970681024667926,-0.9479607158499243,0.7217134525177344,-0.9667869642687509,-0.9542616856429745,2.013631515063689,2.685679535202131
701,-0.06195936847023246,-0.14382930726099977,-0.14073765476340588,-0.04664584415848801,-0.14939849535983368,-0.14835962591765783,2.829431256179431,-0.22347911501677015,-0.3268759009574359,-0.319646675818288,-0.2098328150906745,-0.32938723591195984,-0.31014015001450695,2.9202947896756872,-0.14072161138958708
702,2.4361052139483785,2.6147715750093568,2.5633552039125225,2.439844742859115,2.6181204736223447,2.5575279438832856,0.20288698800157332,2.4690968048848267,2.685182612602824,2.62489576017461,2.466843170466139,2.673968494678264,2.6194153587395403,-0.26816183360301066,0.21473297482712722
703,1.6219801704968162,0.17249782332996194,0.16862847438780357,1.6173376927273997,0.174495761209964,0.16117612953752444,0.23259148646553274,1.2529021216390037,-0.8136655169185768,-0.7947533807693414,1.2546002218992864,-0.8031388748782535,-0.8042657502485965,0.27268729357772975,2.273793140481472
704,2.2534415778180765,2.250898482718397,2.1814065830994287,2.257828361182305,2.247968334829943,2.180108570686865,-0.004116351263268473,1.8960378483842102,1.882451906501069,1.8218484820581136,1.895392111324118,1.880075649006994,1.8236830400480397,0.027517730817882658,0.6251162310475612
705,0.7491968954625916,0.8028618128976737,0.7893099911139071,0.7385990064922253,0.7932185464297125,0.7817301624847526,1.5956918708952885,0.8319027044499375,0.9144212031237346,0.897149983325678,0.838516352051551,0.9112353400038002,0.9223172025898367,1.1822704936032848,-0.5587504080409713
706,-1.3309434112482281,-2.670519306325505,-2.6161345761408454,-1.3290797734148734,-2.657612377773541,-2.6133850397393488,3.3469597202283548,-1.03756326523196,-2.1597489100384397,-2.120384423334575,-1.0532060405744523,-2.1654401187002446,-2.111839126355653,2.78832301345802,0.20993407279401877
707,0.6913159772942398,0.40692239649102935,0.3964062468126892,0.6936218513576295,0.4074705454753312,0.39035017041584874,2.2186140393191125,0.6946341667742112,0.31747035892109426,0.3091092308193972,0.6888832620457427,0.31898717894062534,0.30826465322400326,1.9843162573800328,0.49526763126363127
708,0.8701446276514365,0.5103379907756774,0.5005079091698108,0.8684582527341068,0.5068379335939184,0.49378427187852697,1.9591287986517376,1.146458022766676,0.7717372361973446,0.7570481951158203,1.1385896301024132,0.7673873367925926,0.7569604794614139,1.526346671156009,0.8840358860629504
709,-0.39436778059236355,-1.0470090262050784,-1.0321038639457771,-0.3982334262379069,-1.0588427193433188,-1.0602601284239952,3.2736168534120713,-0.6953880076048463,-1.554519926859449,-1.5311004911207304,-0.7010812940767239,-1.5522187501562226,-1.546221504200929,3.1285918300526627,0.6516044390201411
710,1.282143839829181,-0.012314827901403052,-0.011966757380202152,1.276727773963417,-0.004419060592293197,-0.010911701496638492,1.0343523204059437,1.306744994187047,-0.13369039983804154,-0.1298358028312443,1.2943919818235108,-0.11837096564268805,-0.12291324258791611,0.6969826138803951,2.503030634067673
711,1.271794976120939,0.7470465871327758,0.7392508697616225,1.2739402288203872,0.7702106282092532,0.729757907364763,0.9953559304686154,1.1807463525267714,0.396335320458883,0.3922446311621981,1.1516095765461756,0.4194359517485791,0.3955009912526269,0.7431500231583876,1.3374364731530395
712,-1.1453049203207588,-2.2869097480525906,-2.2368951954375325,-1.143112063992079,-2.294803857142226,-2.255789065177114,2.699353769811681,-0.5861773228189657,-1.990558532646668,-1.9448041241244003,-0.5777875614297331,-2.0247602691793256,-1.9601636862528646,1.8760155589708554,0.7777496984207736
713,-0.22376803185567734,-0.9641104990845839,-0.9418126767984267,-0.22178439688407517,-0.9740090971527272,-0.9465473848222754,1.9493431978050222,-0.2060435595781506,-1.0392499532670536,-1.0104209370788504,-0.21043069906055512,-1.0212068132982082,-1.0059440108211695,1.5944059053105584,0.9977163405696207
714,0.4137146726849786,0.5632427137588676,0.5498002936685464,0.4072504341249224,0.5653002943729535,0.5547759038596365,2.836372423694124,0.23757785316267732,0.4314111462708957,0.42043871382052866,0.2238182001975043,0.44429816278162665,0.4122299169598828,2.4511537249721167,-1.1801539474344223
715,-0.08620685584670407,0.10902190538335557,0.1057545094308825,-0.08447732539795492,0.10511199588741311,0.10566594760026207,2.3998408098235533,0.20230853832851917,0.45783214094802244,0.4448831324785185,0.20562382214254799,0.4566532800785805,0.44901010655498763,1.8758880522931425,-1.2240593876933987
716,1.2817253408342437,1.7436368171172567,1.6934020053959589,1.275404787416163,1.7414460669851497,1.6905773257262238,2.404073106969939,1.260097770154295,1.7593821820337952,1.7078020277601451,1.2624701964779412,1.7599701198638595,1.7185639105965926,2.1076924376002864,-0.06061908636313724
717,-0.05865126525836155,-0.7287278455055715,-0.7072436054357074,-0.06193095968463721,-0.7318481807824371,-0.7094648045087126,2.3260264972053126,0.1436803804685998,-0.5336485586086055,-0.5177694206505647,0.14739903289889797,-0.5355323133205943,-0.5181720878279716,2.049819701844134,0.774983473276992
718,1.3602192388137386,1.4647190635957776,1.4298408856968237,1.3539560343159345,1.4680311536926678,1.4165374445139507,0.7549561534662184,1.6020043796047492,1.7016244276856345,1.6606440084724956,1.60356027495193,1.7123713232186661,1.6640608261012049,0.1396632306812799,-0.7902927710098886
719,-1.8746784245370913,-2.032084850479217,-1.96899918382654,-1.8793166878638436,-2.0260647747177583,-1.9739833185202926,3.60567998807393,-1.910275054079666,-2.2162457781803133,-2.1443817183257416,-1.9071551623901997,-2.200551949028672,-2.161020924498508,3.3720046459267423,0.2946115705626571
720,-0.4601763450628139,-1.1907152530776408,-1.1568263874171858,-0.4675867443338432,-1.1997890382133976,-1.157394688430326,2.1192308761599956,-0.44502519880196345,-1.3045085058072274,-1.2673352133403513,-0.4432757666150754,-1.3005474656576292,-1.2609597182609544,1.7945270158382336,1.7976647993819106
721,-0.23773746084697492,-1.1551718919387708,-1.1294634840850912,-0.23104122256625217,-1.1608378636937626,-1.1413857207984694,2.802322503578067,-0.19780878375613453,-1.350440195024814,-1.3163723676805896,-0.20461650054173278,-1.3346563378078329,-1.3436844035581283,2.384959940170637,1.3124236612275493
722,-0.5230656498264465,-0.7610688935727253,-0.7410456021567555,-0.534249960049335,-0.7616139266413554,-0.7492715049134407,2.8749967421803944,-0.5759680897893464,-0.8531815569877905,-0.8293159723157097,-0.5757590006508246,-0.8560201285475783,-0.836408490694985,2.547481971209198,-0.07543927772117588
723,0.7069960067018008,-0.8285101039832139,-0.8111858583498769,0.7002449691981807,-0.8263819968007946,-0.8009798213320777,1.7314225640318286,0.7191957731830417,-1.0427654977123424,-1.0166286903392623,0.7160618102643529,-1.0352843278280595,-1.0220549277483182,1.4833752923085082,1.9171674564760253
724,3.3269962366532706,1.6271758668388483,1.5794807127582016,3.3278683531974633,1.6256879258833294,1.5757088275280626,0.8244766558903475,3.302283852337653,1.5355225231806648,1.4903187187627196,3.299467649204492,1.5343053159539481,1.4844338118716465,0.4727679312901126,3.5638625319242685
725,0.5593231528804186,-0.6798322974788523,-0.6580703626731739,0.5575052620789515,-0.684040556071492,-0.6464421204454673,2.2308943739679843,0.7446320567475272,-0.4483597535249807,-0.4349285533236629,0.7370268440922576,-0.46100940385811373,-0.4252910126469322,1.5984845114214246,1.2291318450668716
726,-0.023211733494799994,-0.08984119707396769,-0.08831022549843714,-0.019476274272057587,-0.08034139999391512,-0.10350992673080356,2.393106584516011,-0.2559040715919968,-0.361662582655823,-0.3573845944317304,-0.2512275500855728,-0.3725779173627002,-0.3660126701010855,2.2718471426508304,0.10862793705685524
727,1.9050024465509199,1.2966658359461947,1.2775720230856504,1.8923058959263086,1.2986142608656113,1.276087111059397,1.0321059160997539,1.5022892034516189,0.7889528748424756,0.7738838899736281,1.507546019462515,0.798259012759893,0.7612879955755718,1.0286674133767368,2.478952733112628
728,-0.2866892276783923,-0.4281539469707564,-0.421695664039424,-0.29530721981416486,-0.42849956673331885,-0.4176188089151019,2.913392588711136,-0.4165339970336174,-0.5687693491603206,-0.5593443383944808,-0.41284352500321636,-0.5639050055000847,-0.5599572052899232,2.7931138577478327,-0.4667400996376072
729,0.602586514374921,-0.3284516744390527,-0.3204903203030902,0.5957778539930451,-0.3269771336697245,-0.3275943665420759,2.50986202679722,0.654864735616912,-0.24183982989218478,-0.23603305563512766,0.6587896923508137,-0.24705366694737121,-0.24181807546166773,2.1035518800785584,0.9201176474915931
730,-0.34121413021301805,-0.832849149253866,-0.8155008205826093,-0.33176483115070127,-0.8314645215587952,-0.815615091618437,2.235921832854171,-0.4167095623067166,-1.0564551238501576,-1.0315127329525595,-0.4215201166777538,-1.0683750043003366,-1.042111402258452,2.037089965188164,0.36935271649744855
731,-0.6242928857984535,-1.4664827429153664,-1.4368069562155281,-0.6304395511013636,-1.4711998101779855,-1.4460207659400541,2.5496715673643697,-0.5644765778078306,-1.5434743949579801,-1.505018647559049,-0.5739528919253706,-1.5477698482474407,-1.5073453942351165,2.104434506867184,1.284597785036518
732,-1.6494297853408657,-1.614641323981967,-1.5697906855779562,-1.6560079311458074,-1.6196721952081343,-1.57029957605321,3.7658483658229587,-1.7719171289123374,-1.7868820210514589,-1.7365167754433088,-1.7736657808622696,-1.7896658171583382,-1.733442440783813,3.3793268935406156,-0.47017875701830075
733,-1.065201309293503,-1.746891320432473,-1.6908446284160468,-1.0663844685380803,-1.7516459471993329,-1.702309194884236,2.285566012474872,-0.9588563227228002,-2.017401490036517,-1.9624003008759454,-0.983733951153318,-2.018754380924577,-1.963436098007793,2.2662740948289057,0.7338831428637136
734,-2.107877777348319,-2.2680807573855244,-2.2519435226471423,-2.1070256285323867,-2.259812486894489,-2.2356919614866433,4.316141059280704,-2.1296871176209797,-2.1939267927471082,-2.1785195188590816,-2.12056623878338,-2.1976316696110527,-2.201918142306542,3.640801331699551,-0.9835390054704656
735,-0.24556899817188535,-0.529445009461022,-0.5201625508249712,-0.23581010156116552,-0.5185656579504528,-0.5110499876115866,2.6900514223393084,0.2189779574956605,-0.12073351908874151,-0.11866341387188518,0.22432328387693753,-0.12934642020867088,-0.10489445772659896,2.135936559526881,1.0992963401207028
736,2.6539296101577436,1.6520947484089834,1.606337645932579,2.650395729186862,1.6549196208471635,1.5980767518186703,0.002776514928343268,2.995891506637648,2.0153508285857593,1.9564449557896153,2.999037299700246,2.0102329868471194,1.9583207434404557,-0.6874594787501601,2.718906532049431
737,0.8642109191340102,0.6287128361243206,0.6151552998631001,0.871982835254999,0.632528457082658,0.6095442118139055,1.811037848840813,0.8402085858837058,0.5820197965939817,0.569164822033563,0.8469699547988155,0.5793106191539655,0.5499868625745254,1.3169699508291215,0.710487969958681
738,1.1054231975173527,1.0985051034780906,1.0790703967442685,1.1074482581128806,1.1030044744463974,1.0935267994872104,1.6235496737085615,0.9973858970284722,1.0263025439128577,1.0071823468117453,1.006532545601115,1.0228866736445066,1.0055226492356126,1.3261718674336844,-0.42274076158322316
739,1.4892802024266876,1.4321737145945042,1.3904358654821938,1.50254567544635,1.419841689557097,1.389701200451686,1.5659928430586347,1.320337090082726,1.2712300507080998,1.2397842947222784,1.3249337123529348,1.2805020385120518,1.2234004452381755,1.241703687021022,0.19698502754576838
740,1.2458168413702329,-1.2147686199846541,-1.1945677461249251,1.244441866206237,-1.2052207684225222,-1.169355188003342,1.498703518239038,1.098711987583346,-1.8113475929098182,-1.7835343158343993,1.107849954745539,-1.7931815517792762,-1.7610094216540173,1.1213598741720028,2.0768684314165724
741,1.5457840324324987,-0.1617016938526409,-0.15607673682685014,1.5473724261666923,-0.15837469297061404,-0.16292899120621934,1.441926010375023,1.5789865231700342,-0.30623098219589306,-0.29578437840316363,1.5848481202761882,-0.29900172619480164,-0.2980811499555923,1.198695597110656,2.3602561295997067
742,1.5162611715883307,1.1914796504304137,1.1726909663885774,1.5147705054766618,1.189280211199174,1.171708233236231,2.056864877321802,0.8363891867288714,0.4731797299140354,0.4663436316743287,0.8259590136281589,0.47516979157018624,0.4776778983220498,2.1512880905995377,0.5268731839697871
743,-0.8450191489241158,-2.070642420340157,-2.0484642224992546,-0.8540107953363543,-2.070346563740499,-2.0514728184996147,3.6533299482473733,-0.5248904218493388,-1.8085649184546462,-1.7891857320953788,-0.5154280549118665,-1.812977082090733,-1.7835179629511926,3.5164318111890958,0.27526651527325663
744,0.6935860256938017,0.19824674601365783,0.19323547591939635,0.6944038788100128,0.2002560277914011,0.19402377596874784,1.957714225770506,0.9859081494893226,0.4837853615935097,0.4710243738691014,0.9854579807922467,0.48483977985547727,0.47004120207592154,1.4903531249854554,0.9138371675269026
745,-0.2740247130168114,-0.8915153784819337,-0.8675015603717139,-0.28013701858007345,-0.9031534508140363,-0.850891769666263,2.984775675395999,0.021830530707503047,-0.6624217734821901,-0.6451850863442998,0.0314327195828034,-0.6666009677151882,-0.6489219441844414,2.4138829851347094,0.5818915082887546
746,-2.102332156732022,-2.264957539745133,-2.203105167713936,-2.0999005401889894,-2.2716215934548476,-2.2135082774594395,3.572872201022941,-1.9201352012364508,-2.1152206511382317,-2.055525844199756,-1.9142187465566238,-2.0967440581771313,-2.0467390135616648,3.195959918143537,-0.13354934870027407
747,-0.7829386799610221,-1.099005610591348,-1.0732857443290886,-0.7935223318630041,-1.1015689138646767,-1.0744716973883386,2.4295467559979596,-0.587975618820997,-0.9875774068210992,-0.9670446432983321,-0.5863423473124251,-0.9835572990421326,-0.9565946755709904,2.4897724336113614,0.40767121187580413
748,0.22910938418703694,-2.700085860968524,-2.6481039437511495,0.23516614466778776,-2.693165312531898,-2.6633379048901022,2.308964452435355,0.6711611348773153,-2.4072324903638926,-2.3670637047325913,0.6770387276715558,-2.4335515107606405,-2.372921280072215,1.716799559022616,1.6185570506136997
749,0.6730550155640889,0.10043525440449584,0.09804426482944281,0.6620940847913096,0.09008621342928295,0.093707972168303,1.4815114846708584,0.7611036078730109,0.0702780982582168,0.06855383854520929,0.7513206420940202,0.05387411960214478,0.08905821683342362,1.0448566031668627,1.3524320706764685
750,1.129463219479085,-0.3576798451035463,-0.34888668731767797,1.1223397125354948,-0.3585915187050886,-0.3519715171393995,1.4118108361803623,1.3417271755482647,-0.2629258325411624,-0.25602279710494075,1.3371159144521376,-0.2508236079201166,-0.252594997506284,0.9892692962481383,2.8291763524900615
751,0.08013111155457019,0.14922882255965,0.14582375330595265,0.08591014291044385,0.13682000258888574,0.15346208423525437,2.0543346361109283,0.21211718091901233,0.29413058304888096,0.2883872708731612,0.20816776335838932,0.3022925130997266,0.29161126555005834,1.6702465257027261,-0.46150637701722075
752,1.6033807506543911,1.1297229008331842,1.117396170606849,1.597376540401813,1.127728367519707,1.1123439280192562,1.61842473351669,1.4660722798732009,0.965507983589,0.9554050011070119,1.46640843783153,0.9523572450619628,0.9568466783804781,1.373856869447592,1.3944056582428805
753,1.1675801301283788,0.7636435397233892,0.7459567437213528,1.1577274879017039,0.7626622758882946,0.7448202788285135,1.4802811808858924,1.1587479419914175,0.6909624307952144,0.6727051330128891,1.160987732225662,0.710206636742657,0.6798873748506202,1.1455860661739856,1.3721278962183496
754,1.3502677681720094,1.2437525292942366,1.2094639603116513,1.338097218053333,1.2459079604855656,1.2110974751029864,1.6545609198628113,1.766200834242896,1.7201907199042368,1.6781896301972794,1.7590163833335093,1.7157894242608307,1.6851308603479125,0.7336530521031367,0.5093690050730275
755,-0.6068771465336306,-0.5644773668925078,-0.5525080174894391,-0.6095259219384351,-0.5721193522218083,-0.5454419528215395,3.102722873245849,-0.3666306336907051,-0.30481814651503514,-0.29821152525381994,-0.37944797234579875,-0.30872259424760246,-0.3018317146475774,2.443440227696508,-0.7421814832389423
756,2.0525094611983676,0.9138029889445147,0.89240686294454,2.0509149814957017,0.9106826553146471,0.8886199922339658,0.31629203164732406,2.198684138377039,0.9763667630845745,0.9494575378057335,2.185734934920335,0.989773020414621,0.9462732420156381,-0.09103570482987099,2.0158364083201064
757,-0.3108548606740345,-1.1562184653041723,-1.1425758612126025,-0.313986689351727,-1.147083550394695,-1.1475238527632523,3.5675443332740837,-0.4249708184580152,-1.283033559470163,-1.2651116364094979,-0.43291197547296,-1.292610762806297,-1.2677216320283222,3.388297246958421,1.1691058656697009
758,0.11640276626450524,-0.32344091655211266,-0.32049589714040555,0.11590819826232694,-0.32277642282028907,-0.3332684078516212,2.009298502453597,0.18966375743080707,-0.2564445619644445,-0.2543203438765458,0.19432879400451653,-0.2570801471798717,-0.2401436673190721,1.8279841635863987,0.9426259172259488
759,0.12280166057212265,-1.1253463948077573,-1.1034541606784902,0.12971065286505656,-1.1398572725465717,-1.128397249973851,2.008985792145262,0.21929190578726446,-1.1989566249900072,-1.1741860881043054,0.227679960199056,-1.2113933854143712,-1.1719132490484416,1.3654187093439547,1.6508909649166859
760,1.1765671049822415,-0.3256539262931636,-0.3169579753195827,1.170779368962132,-0.32796932533026996,-0.312659220990725,1.0219885099866508,1.241779858895517,-0.5018840962661167,-0.48845632346985474,1.2459970724215792,-0.5148071980913077,-0.48676936266227844,0.6288611747314165,2.6173540771294803
761,-0.2983257515500213,-0.951913626787441,-0.92791245056152,-0.29834438895786947,-0.9532255143625865,-0.9342497078874349,3.297506691754287,0.0070223083517333305,-0.6523750874902845,-0.6363430002562486,0.004916470295750609,-0.6555333308066986,-0.6461414035297094,2.772497261608972,0.4922698767995351
762,0.9962052098480958,0.9376094798901324,0.9112837621944146,1.0074908496785335,0.9450750955362177,0.9123702190390485,1.6563554862237353,1.0671842488585723,1.0424004491397394,1.013065942958946,1.0701026508943694,1.0425999917982756,1.019314221453562,1.3306744857466921,-0.026244254614267902
763,0.5950239512403148,0.7083545705414547,0.6947152588887914,0.6003029197951565,0.707200518718457,0.6939996590029804,1.8772093989491239,0.8634187544397149,0.9889227025442847,0.9713365902872384,0.8725345196834278,0.9744490441365814,0.9678280764525558,1.4646783265537924,-1.4900951643917955
764,1.0103619289310997,0.5236751256899277,0.5139941275778509,1.0074134272900672,0.5242601008451109,0.5177277746854558,1.5284214979796618,1.4682192701893066,1.0080810169093661,0.98860700759406,1.4667406817866544,1.0039535836538713,0.9882207056568201,0.7562366975622682,1.161374976375041
765,0.004265850777037898,-0.649044343436947,-0.6301591210243231,0.0060829174923667795,-0.652564734561931,-0.6460837205776555,2.0827063988693597,0.3553895558677184,-0.33444255805994266,-0.3244415840333249,0.3464806070779829,-0.32980063773615226,-0.31198667374359423,1.3136500865164364,1.0967023768192483
766,0.5360574896116238,-1.2219758444842812,-1.1891353196328145,0.5327157482131706,-1.2131216847648403,-1.1815212222954006,1.5141441452278714,0.4242477842104585,-2.0304412464800508,-1.9707780725636774,0.42659170982818884,-2.0179337662073245,-1.9675994313510057,1.1819985881560364,2.222274081685102
767,1.799379172051776,0.3902569320172589,0.3834729395346261,1.8116757796059615,0.3781107261315477,0.3743410182798473,1.5690768046197756,1.7611572447975539,0.2844773908229774,0.27982355463160474,1.7533331672264791,0.28497090695814226,0.2871100576058603,1.2087596066393935,1.873664804238357
768,-0.6576179485756197,-1.0847945113420332,-1.0493470608684983,-0.6553375013476552,-1.0881355712607783,-1.0323547540651963,2.682542412254241,-0.4055923844354426,-0.8583684080829918,-0.8295200997327687,-0.4115050181949957,-0.8664390726659118,-0.8366175302225258,2.232931164374515,0.6593629071845599
769,1.3652710537269552,0.7362811843786208,0.7474084117886505,1.3734542973993449,0.7391702611403256,0.753825330876549,1.8132998231580382,1.4049302364400331,0.7055031876888235,0.7192551822439766,1.4010881434790947,0.6990663056987962,0.7346588984389123,1.5653742603890692,1.3741992442808946
770,2.404994192344897,1.6221465559102708,1.5844650118368568,2.3964718704381824,1.6118221461163935,1.5808500847155762,0.479973183284449,2.399590251104095,1.5052111080269797,1.4695784553636435,2.3908329913884,1.5009126790785003,1.4758702797605,0.23402387785183562,2.031276450021553
771,-0.8119189671902549,-1.0263959154145765,-1.0043459081180088,-0.8045980339015184,-1.0239266507208171,-0.9951230936278171,3.3920718695148273,-1.0897709091827228,-1.4259332321124962,-1.3892828916940605,-1.0893523247593386,-1.417442280743772,-1.398771643809082,3.2144564319329283,0.5598959067156053
772,1.7110145267790478,1.0863963349039267,1.078358570851022,1.7130462387927095,1.0883614155084993,1.0825897283480523,0.7161913164466479,1.7371838832540476,1.0706394641689692,1.0593651708406289,1.7455695670677003,1.0724116136734287,1.0508700202605246,0.3702087645932676,2.081761979554341
773,-0.006574167789063417,-0.6980381631360283,-0.6753761020471987,-0.0036880222973975094,-0.6983007822667926,-0.6759641613916514,2.6766132018081845,-0.38785254216431797,-1.2041534626751498,-1.162157235548241,-0.38981252052955484,-1.195088835170785,-1.160840815158761,2.4416460237695956,1.1844899161796427
774,3.081990122205371,-0.16063364341833883,-0.15718944391343087,3.0830932502495356,-0.16400539494031988,-0.1608128562495137,1.1518989415648393,2.9583633123206954,-0.5576092020509976,-0.5443580082798378,2.9575860697781473,-0.5677237452022924,-0.5506450892343031,0.8556937475683875,3.917904726455198
775,1.2557144729365124,1.1060414138324934,1.0761780643345573,1.2536802748747682,1.1005346986546187,1.078285717576545,1.2596970858815433,1.2876698295111464,1.107249706964142,1.0772580044655178,1.292241661846064,1.0973662886726188,1.0772371559420821,0.7905586871735377,1.0122987752469335
776,0.6537039340723773,0.7602264507282877,0.737898645601482,0.6555783235677517,0.7666097427818688,0.7362182541422977,1.9142078328669332,0.35744231197000953,0.316903029864134,0.3080969840404638,0.3636474438021754,0.31790017168313284,0.3082716682554588,1.8206702075360566,0.7667711371889325
777,-1.6207775200201393,-2.0174797826354878,-1.9698552392818103,-1.6184783347626164,-2.022213168063766,-1.9697809956073158,3.4304400037624725,-1.3501919171986096,-1.7513205232602864,-1.70560459059934,-1.3505954999975223,-1.7456016062391366,-1.7027391895831148,2.7962368840343808,0.44410905150582414
778,1.9979897170537295,-1.965968191504832,-1.9122955194874334,1.9929428202521442,-1.9708155900149082,-1.9112121186647923,1.1402240358266849,1.9675387237853619,-2.5456483232490323,-2.4701230073065368,1.9692048567894238,-2.555425858735719,-2.493052732752464,0.8323132515224635,3.0990107565265648
779,0.43184929694783675,0.07195593854738483,0.06910202692434018,0.4329026342155951,0.07096969925130156,0.06865472860593835,2.7210840493840065,0.06491799879399293,-0.5176822845160755,-0.5012952935923953,0.06354349449633431,-0.5202524111236014,-0.48205517876551135,2.2560576313415974,1.6651292685518502
780,-0.2803474045787256,-0.7870654746740728,-0.7690134382559991,-0.278132410033215,-0.7861017119114959,-0.7465747384446257,2.829184762094869,-0.08079970641936117,-0.500048114254402,-0.48569211317330746,-0.06971483783815785,-0.4865576901785983,-0.4868505269662286,2.2808493236736145,0.23957344307759335
781,0.4119543351744889,0.7460853509352066,0.727507922497075,0.41386371108598224,0.7585010740512677,0.7221941500006227,2.2906868781898386,0.6914727102808972,1.1664602588839827,1.1374238355738524,0.6920124685953092,1.1724537525915062,1.1301823252015657,1.5341632111841699,-1.4260845884983724
782,0.6626104002928573,-0.5895133191707453,-0.5825269505104983,0.6634014564225097,-0.5945286661137493,-0.5774493585138133,2.2590745051093717,0.18990812970979581,-1.5175207661765486,-1.4913244737492688,0.1897228208039342,-1.5136591343967882,-1.4945672701150632,1.9955273500697164,2.286432327772414
783,0.8580368375239943,0.8715619292727189,0.8551991498143294,0.8603585178588896,0.8748220636249409,0.8516041866228293,2.075423347296341,0.7792426218994914,0.7974786028980324,0.7824310343740455,0.7772784721390043,0.8044587133322637,0.7839594078347248,1.6851553660539584,-0.09631928911449396
784,-1.0294787451107124,-1.8592369304856113,-1.8234531920899455,-1.0258401981766256,-1.8526247366285986,-1.8260812225074285,2.7022914463021492,-1.0227858132915724,-2.216343935325735,-2.167301829619635,-1.015398088129989,-2.2095560136730383,-2.1737312115933087,2.4119079334265474,1.0979560341551198
785,2.025685450465102,1.1909878627153372,1.1700210833228815,2.0184523531861727,1.1980666891302516,1.160934761485368,0.6338575297842883,2.0148828641973546,1.0885386417514196,1.0785016018461666,2.0179796810733492,1.094043392859489,1.0768026040320806,0.5224220356365386,1.5064745336375533
786,1.4286287204112664,-1.2399571371534828,-1.1985624309113696,1.431536539191594,-1.237177926128953,-1.1901699036397233,1.04294048390426,1.9453412076696404,-1.047606421438747,-1.0143657279544978,1.9546370409062757,-1.0411950121075682,-1.027001176379341,0.3197048166018396,3.2018502082617646
787,0.20755013618133702,0.21894398667004852,0.2123297263625584,0.20286264465075363,0.21782162432651753,0.21621467949416995,1.8287087375053248,-0.011835965911787899,-0.01599022603233693,-0.01549756044548757,-0.017013215461469222,-0.01900891047193275,-0.014380757494508305,1.7332418282284403,-0.39867986022340823
788,1.1432862051970751,0.8876522807664372,0.8599520843029271,1.142145883811818,0.8900892269265565,0.8467859127860582,1.403193226219075,1.3709802244979752,1.1331549505642664,1.0983179627883883,1.3599194094847582,1.1330551971687026,1.1030972881483565,0.9486149466806615,0.8344590879022148
789,-0.11815338601518045,-0.16396681356485104,-0.16054040070437825,-0.11616168143765769,-0.15406962916369,-0.15692281293803767,2.66173685471071,-0.0882618535342034,-0.13782555908968624,-0.13470366114438168,-0.09239447805022923,-0.12947097350550874,-0.13401206822253833,2.305582122421918,-0.07485341374080436
790,0.4419844232438164,0.511157151135219,0.5015970095330516,0.4426274616220947,0.5096302656971012,0.5028437588225693,2.224480764063634,0.4258462823644177,0.48263352516641944,0.4731966515138643,0.4127010809503635,0.49578726521015837,0.4842558637586747,1.8304557778972752,0.23737476245895373
791,1.7109375513727574,1.2554942428120919,1.223822985187958,1.7165878154145007,1.2534106510827054,1.2256262799964954,1.2761944675775818,2.0167823599031602,1.5834887393029444,1.5440380647330842,2.020742826812611,1.5794057898816047,1.546473828393197,0.6882245411188542,1.0837588762336865
792,2.3269925725971725,1.5528593961735413,1.5137983097382803,2.316284882485719,1.541171673755532,1.5283032748906444,0.9388141000178901,2.251258894891192,1.2933361615330585,1.2616394641119193,2.2470833880761214,1.2962123942297354,1.2792540152742744,0.6822869549655918,1.5965701915646413
793,1.1685799632788259,-0.5962313198113629,-0.5773060622301055,1.1754898742752131,-0.5910102264968597,-0.572490087839751,1.587916387781365,1.7393924372162077,-0.18945672454247328,-0.18376634339631565,1.7363041421221197,-0.18379092710362407,-0.1854627220454598,0.8815031553823951,2.939947565026345
794,-2.5522678274821606,-2.555825708067271,-2.5212817916606935,-2.553343788370445,-2.577739743833729,-2.5267065524085623,3.9908569210161096,-2.0720219154855246,-2.1913075981107024,-2.161358073941449,-2.083862887372452,-2.2255314766943277,-2.1894981799699624,3.1490239986386888,-0.6062284767127025
795,-0.24253965428749033,-1.3270700732228817,-1.2920550944209719,-0.24667949216780474,-1.324823705183565,-1.2800753050122347,1.8784865018014787,0.09122982277096606,-1.148823236667824,-1.1222681529973466,0.08322237667754429,-1.150667881863151,-1.1137541199215593,1.6314121932158108,1.741879435853898
796,2.6513797106783588,1.7825993769809603,1.7310520394553657,2.654188162195192,1.7896839063776764,1.7224449225771585,0.9241484338755278,2.3852097676116752,1.4408168930836727,1.4025032989872628,2.3845665124179694,1.4367619085326075,1.4074701256188897,0.7626308465125371,1.6181970809147919
797,0.40625292543953806,0.543664085560207,0.5297074787945261,0.38978261712530476,0.539942265882334,0.5480424887808811,1.8886402145319099,0.7336711138478358,0.8808815012363008,0.8571985203259697,0.7450809826268914,0.8677702020628646,0.862940608803245,1.2253236356226083,-0.8852074283411007
798,0.9218783437684333,0.035906613843110155,0.03490005865973705,0.9242124177112917,0.04299899537523077,0.045557087985946335,1.9515888727754827,0.7599655444851121,-0.3873305701388833,-0.3763786023235014,0.754511748598887,-0.38408158944568216,-0.36959825103294147,1.7072518751062329,1.2600433869286383
799,0.0003173732406020392,0.07140845247590692,0.07011020802956172,0.000863322550746019,0.07022046819943786,0.06576209258210496,2.5382189383331375,-0.1944416346705096,-0.10036985885819344,-0.09842241056809285,-0.18193754071845578,-0.12142883536196832,-0.11367049265072368,2.1953222324147124,-0.4694885363766065
800,-1.1493487196227699,-1.031060039467707,-1.0102290457539402,-1.1458603447950884,-1.0202426523595929,-1.019822735898291,3.683915031488281,-1.0236053120531028,-0.9047048949632086,-0.8857362078038469,-1.0110087358312385,-0.920304081190674,-0.884233044445694,3.2166554247553214,-0.24091238585105643
801,1.2520428774405414,-0.5018818083778711,-0.4900871948393013,1.2464571107142803,-0.5094753900189165,-0.48583894049198734,1.22548296828442,1.1727625262610186,-0.8752035145085415,-0.8561993301979831,1.175652850560768,-0.8648339282643444,-0.8640226192535551,0.7917841058619639,2.512171804298952
802,1.791599537551198,-0.030146797676138704,-0.029427629622221153,1.7942516974406748,-0.029984312399847033,-0.027009894330094174,1.6844490237400147,1.6135596452859715,-0.5639120246111526,-0.5497938870906186,1.6120117256252258,-0.5779369498241065,-0.5592123875419122,1.4299292528965408,2.1794446625150967
803,0.15586683076413305,-1.0673450467957288,-1.0361632310916298,0.15849033222969675,-1.0715480441226652,-1.0389992716659175,2.0357456049487084,0.5554381922116292,-0.8934051923211509,-0.8664774797667427,0.5526659131501193,-0.8900310784590619,-0.8702864705793302,1.4043264348293174,2.0070154638207693
804,0.5523949717218413,-1.2721010816929215,-1.2487895718299793,0.5522413808744155,-1.2638942728409288,-1.240755247887629,1.5571417449704974,0.804736158813999,-1.3400496256156667,-1.3125947248909382,0.7924987828032989,-1.3419908274794208,-1.3035364525817734,0.9528572409058057,1.9203532651783357
805,1.6419602701183476,0.5771587601304942,0.5625641623096787,1.6384740042020283,0.5770967016584218,0.5605789567062992,0.8951664172320146,1.8412860003138456,0.6483619246106248,0.6312614193950333,1.8299704895852205,0.6525982905938568,0.6354565968809173,0.3242983364925888,2.9596870189632853
806,0.28777714540819926,-0.06990846966165999,-0.0688236883235434,0.28948789643793993,-0.06551933531030531,-0.07122196115132227,2.2839711019839664,0.06601893776631229,-0.30868811342685093,-0.3046043382880848,0.06086456663903141,-0.30993789762596274,-0.31354456980404155,2.0669712398722067,1.2644610589117045
807,-0.3272084367651833,-0.8266944005867976,-0.8020177627692463,-0.3418323218684147,-0.8230964722379319,-0.7950825498321905,2.705830986871863,-0.36014082923997076,-0.9481149174282549,-0.9200403064212065,-0.35680238427507804,-0.9571919718565493,-0.9168273665434825,2.3106753147896195,1.2459400980772977
808,0.0019249495995288881,-0.9645924451338834,-0.9404654619286382,0.005224888137992522,-0.9674870145531984,-0.950710726342975,1.7347018679462916,0.28739501340343443,-0.7834431223542001,-0.7633739146303054,0.29070195758982853,-0.7874728364249431,-0.757755950863504,1.3903374754379243,2.4521668011449123
809,-0.5326970406507885,-0.30022409888106594,-0.2902302456054943,-0.5377340734066496,-0.3018684187062224,-0.2942190193748644,2.498507697134693,-0.30501870483944693,0.08758702249891284,0.08479077146261386,-0.31563495000281755,0.08269795601098973,0.08622735684400838,1.9971028722246775,-0.6247338974519969
810,1.426373601287893,1.6310298460750439,1.5944054856028238,1.4280969867295998,1.6309702437112177,1.5947263538067147,1.6154528756324187,1.4450278245954484,1.6853126088451476,1.6509840858828653,1.442773798349745,1.685523270284865,1.6420271228902434,1.4734174428700457,0.7291058792417537
811,0.020018726349028175,-0.9521404736741166,-0.9385900678503795,0.015120137593664406,-0.9419130116178771,-0.944403336901652,2.2767459069511973,0.18930042930863494,-0.9196239492638979,-0.905874501952277,0.19040363452846693,-0.9039593215927278,-0.9080391394525572,1.7248673382004927,1.8261824626889307
812,2.39917571312434,-0.35028289121726486,-0.34371290917919955,2.4021615487448464,-0.3432224393723784,-0.34524717168197366,1.6757405367538376,2.558441541334239,-0.09767928795511502,-0.09581753421114209,2.555133231367201,-0.09972273812032673,-0.0987525816175831,1.2285877055102745,3.3402119637377647
813,0.44466614436044904,-1.7967344159220644,-1.7608743394977135,0.4561684514191198,-1.7845222505346923,-1.770280024691076,1.6317550465007877,0.7859097845592087,-1.7935754871547713,-1.762209780054165,0.7909549980017199,-1.8035314691019826,-1.745552913113473,1.0277120663418966,3.44011006597027
814,-0.5704454148843442,-0.5000813059715244,-0.48398910720293953,-0.5701524333379844,-0.503523208935797,-0.4860461830763762,2.6930509647941974,-0.3337340231727845,-0.18103438237232322,-0.17543872258682794,-0.3400665568589671,-0.17552309293386154,-0.17039940959351005,2.330640667175603,-1.4076252763205326
815,0.9347921184155137,0.24880947454597765,0.24394288544493542,0.933343625076666,0.24839341973544551,0.23648905240150958,1.765396687371012,0.871186492346209,0.026027338709203214,0.0254286261910919,0.8681558534438165,0.020062525110970984,0.0201883667395636,1.3277710768270081,1.322565879099237
816,-0.011789944451829695,-0.1774221258691791,-0.17288142679236207,-0.013672738073111963,-0.1752005830523641,-0.17060050761468792,2.035262171142515,-0.3466822923691939,-0.5780316492294844,-0.5622760532856462,-0.3457909054460688,-0.5781066526019859,-0.5612209397800524,2.068864747192275,0.6071741072580755
817,2.2184557469508137,2.275876955376877,2.2013819741087226,2.2237481310436844,2.2696730646822814,2.207595005561411,0.9046969653780131,2.10714549344697,2.1386217466140574,2.0639358030685537,2.1000784966511508,2.1333841569694543,2.055469392162371,0.6067862272587375,0.14313460618879245
818,0.8110511113172266,0.37899777150420716,0.3691544707337381,0.8026930289212394,0.369232153189857,0.37133562673090076,1.5709696059705034,1.0641947643880945,0.5579183017719738,0.5423307648990981,1.0569718241258494,0.5583794176691578,0.537841623579877,1.1248633517771252,1.4328054367894731
819,-1.2803099786425882,-1.988483689478223,-1.9405901205092875,-1.2845973210701276,-1.9820957788987645,-1.938163900967015,3.266980594305029,-1.222361222145806,-2.0987289831989253,-2.045430489382881,-1.2274552881260137,-2.1082933650241755,-2.0495181114663974,2.81943490031344,1.6395130440136128
820,-1.4666302354661562,-1.1845345784917525,-1.1652168357603654,-1.4684586570073668,-1.1862985954473733,-1.1668757524090345,3.6338994564245373,-1.364142886634528,-1.1051407811147407,-1.0869070667634038,-1.3761603446034734,-1.0970600509124873,-1.0723931287623485,3.3207316451905298,-1.0369683008707222
821,1.594718998780705,1.2914372291074856,1.2584067651206725,1.5880121216405365,1.288274760801517,1.2573116599821328,0.6268018407802466,1.5665334352565017,1.2274277132940303,1.1955431534009595,1.5604419576910997,1.227022418027529,1.1997548330279044,0.41402327642456055,0.9363038911256284
822,-0.23828640157517983,-0.22037227287020808,-0.21390586271231904,-0.23919412430783213,-0.21952559152828705,-0.2191140616811527,2.4712791941646617,-0.26846805292827847,-0.2873988200381676,-0.27903624685561523,-0.2586565754592351,-0.2723778276839077,-0.27435436803205504,2.2061823238183496,-0.12579960030490903
823,2.856418550119828,-0.18058476136704252,-0.17810468038637822,2.8523253925712706,-0.16717851403424092,-0.18065971409328627,0.8869060338980543,2.9570969548350376,-0.13284378275816222,-0.1307872578217787,2.9601702223795963,-0.13428956942079978,-0.13177836506655444,0.6113195107544991,3.0902514510971906
824,2.2657121745683257,-0.22313369030055816,-0.21981007381486464,2.266922830468536,-0.22939808531052727,-0.2233474743375042,0.4938178814323393,2.5826588906852534,0.10653988595737283,0.10476687337522975,2.5888104697760235,0.1179519326921223,0.12586422691329457,0.0057773876894718496,3.113698935188737
825,0.4022552545705457,0.5706390064023218,0.5570403221280256,0.4080663760074677,0.5717347890864307,0.5529061011198849,2.5002498810684517,0.16814539158161096,0.3885073946178273,0.37760832195054217,0.17280376931047964,0.38279149027332093,0.3897921495913931,1.970096058384517,-0.4575999595092509
826,1.8406358352815633,1.7047495702881048,1.67202786049041,1.854436289266438,1.7206455959383764,1.6684789860808449,0.7605155162966766,1.5272508641232136,1.3616146344372124,1.333644440049203,1.5351537324766311,1.3565572613700714,1.3436131800247602,0.7132651148337006,0.8913059129295117
827,-1.8292058516447627,-1.5456239523457884,-1.506878703014271,-1.8089735126419906,-1.5571656993056382,-1.5101961487612297,3.1491518585721088,-1.7822343395187246,-1.4562990942391796,-1.4236261004843882,-1.7881470713455991,-1.4397919849902967,-1.4436897871527896,2.8108814410328193,-1.2365013183196676
828,0.857528586451093,-0.6166904102940993,-0.6024668607222896,0.8526579532942177,-0.6212243811655743,-0.5983690013020238,2.7259145213066103,1.031088305320713,-0.4447018348034098,-0.43622125811968143,1.0345207778649237,-0.44565443598928717,-0.4472821907912616,2.2899015800453406,1.2572842303984368
829,1.1823803710624985,0.8207757949681396,0.8064219481725543,1.1836640066346056,0.8069908540730746,0.8088777864940059,1.341081106657851,1.2867541951899226,0.9818830803973538,0.9647840371608272,1.2862982871576787,0.9809970891627028,0.9716008530947842,1.0436218540583728,0.5698435094731403
830,0.36686239148795374,0.14694243429846454,0.14521999058578486,0.3812547497861123,0.13601041934120758,0.1439256491647922,2.240870111326591,0.36278019343216034,0.07927549751793767,0.07798074915898606,0.36218237285037796,0.09139391714461526,0.06840599143681847,1.63502455129061,0.7173456704767687
831,2.9547886878172984,0.3223981715377693,0.31844313558056114,2.9552929433931205,0.31899008238571497,0.3231687639883506,0.006615496150405691,3.3050377313752093,0.4781090081069819,0.4753636039511692,3.3079565361895344,0.48681300965437113,0.4891008157255705,-0.6536235765976501,3.8845726419563396
832,-0.21200335993808989,-0.8015673487998396,-0.782341147995713,-0.20765794540249757,-0.8026406072493956,-0.7800805789132323,3.2165934838914487,-0.0844813910747003,-0.745646000153653,-0.7277494858721949,-0.08728003923805704,-0.7381813206169725,-0.7265767085884659,2.8815649297860255,1.7307301493326885
833,-0.29269918393926364,-0.5285908736602107,-0.5170799841478453,-0.2890759148630836,-0.5302392112788528,-0.5128647841528634,2.0179593969710443,0.19223676630314962,-0.07147722812286617,-0.06990452364699468,0.18689238382867765,-0.07971228963712558,-0.0800190209195156,1.2281213467216379,0.7161955636173335
834,0.20451319225613843,0.47337747352260423,0.4660169630879357,0.20089488540146033,0.4659684601992887,0.477140657311263,2.2215454341921768,-0.3111298085766244,-0.12900207445992606,-0.1274148103971224,-0.314000865701196,-0.11079019748723931,-0.14288555295420016,2.262022977209282,-0.2497554908358285
835,0.9840634223676357,1.2127360635359827,1.1905574932450145,0.9799208995068704,1.2095058109535617,1.180566146406536,1.7873689422779089,0.7694685890954391,1.0693032664660396,1.047936079705635,0.7708875850967546,1.0703907036636393,1.049773069010004,1.1714022344046644,-1.0765565613018466
836,1.3370648407046684,-0.9475816896397309,-0.9300877170357674,1.3446681307091513,-0.9545872723045382,-0.9336539343815506,1.3071746428066031,1.5611378928974073,-1.0247046424950939,-1.0013482211311804,1.5569722041546266,-1.0322437676361929,-0.991638288578256,0.6393021417509244,2.752031455206986
837,-1.811233562230968,-1.5813289776378108,-1.5510758022529256,-1.8147854331888449,-1.5735075518620214,-1.5704755943719453,3.441193311535701,-2.129121259389673,-2.0523510736962383,-2.014260927054645,-2.14443240049924,-2.0634279791910277,-2.012467646552876,3.4024102287618705,-1.3105934114263513
838,-0.29890304179891775,-0.26404161717738284,-0.26038052405857415,-0.3006438474359158,-0.25664116653768065,-0.27987287426345564,2.8916301002153566,-0.39768935607581324,-0.3285315072554412,-0.3230659755808723,-0.38611147245288957,-0.31816894505896903,-0.3176381961923179,2.46838535128224,-1.0570606834340053
839,-1.2963353158352866,-1.3608913650969512,-1.3129532504335544,-1.29539489409286,-1.34355199616563,-1.3112844082550552,3.2193706143155514,-1.2272887218911868,-1.2742703319689883,-1.2324082220360653,-1.2372206490846067,-1.2871078424928788,-1.2317902523487718,2.9212434955710394,-0.10324055287454643
840,1.792924700277589,0.13667857247680296,0.13436403572336297,1.7963016865420933,0.13148941051712876,0.13786490955294697,1.066922130536338,1.9486155487086236,-0.017544408521922843,-0.017248155706473135,1.9440652476353049,-0.023729961228396813,-0.014416780963409327,0.31380605449913723,2.866949380130152
841,1.5598091593962744,1.1474864951050587,1.13113017904443,1.5522790922528085,1.1451294706729327,1.133705042275229,1.3174583486480227,1.381004728285526,0.8681835863288917,0.8575158935272985,1.3800171812061484,0.8737805692974463,0.8465341333591263,1.2351818303838622,0.6563167327496758
842,-0.4090630485344887,-0.789400866300814,-0.7645836847890003,-0.4076711988758322,-0.78433894987794,-0.7644130622729811,2.4008979128524497,0.09402825465035371,-0.35028857681571185,-0.3396558213989701,0.09550467372977858,-0.3548309721169378,-0.3467118717401356,1.7716340525670098,0.9118078949171772
843,0.7079749924973113,0.31003462749417704,0.29985254112412896,0.7102954329628062,0.31398031604628623,0.29419043014234236,2.320124808197273,0.8905120598144566,0.484067867046105,0.46821236835549157,0.8908369303024551,0.48641362635230473,0.467501179777081,1.9961610431519463,1.2334505884477402
844,-0.9607241421221868,-0.9171051207806404,-0.89451538317827,-0.9572657108962783,-0.9129330908659644,-0.9017995497609719,4.140039378424884,-0.8381395046340095,-0.796549523197533,-0.7771129092990304,-0.8454259696531949,-0.7878464845388439,-0.7838241889388665,3.7613057256415963,-0.7572235786737361
845,1.491528056494452,1.6090720202564484,1.573091942221347,1.4947140892962685,1.6214520277630198,1.5678203677638705,1.8479822502261016,0.8577470755636547,0.8799682471961946,0.8574552865679228,0.8567771275408771,0.8700554982976874,0.8549127972518978,1.917681283184056,0.1662302176810491
846,0.50867179860218,-0.2208058451730488,-0.2133661117734439,0.5041347276349218,-0.21550259409184216,-0.20654034245127026,2.0888058422555664,0.6671417649744845,-0.33829913549471224,-0.32730619100339753,0.6681498175675231,-0.3444374974601499,-0.3317889326339804,2.0410117119353197,1.3144177247267184
847,0.768649137128966,0.82946402307349,0.8188733220752259,0.7597590252649845,0.8288794958322389,0.8127843485000527,2.2178161053399856,0.6246634311019602,0.6808154480936873,0.6717707046807806,0.6301896915043933,0.6776045460757427,0.6609963162094203,1.9834584003470628,-0.15725368210182625
848,-0.12950411459266173,-0.28210530843419335,-0.2740687618828679,-0.1342685663752682,-0.28974933724764407,-0.2815006967482521,1.6782671381637213,-0.14908855094692566,-0.3341629921137585,-0.32340931150315383,-0.1479680953966677,-0.3349032872636039,-0.3274655644581858,1.3469184616318117,0.16527090452903065
849,-0.6442045503497118,-1.0933370664315467,-1.0641687739886545,-0.6396132858570909,-1.0884007444064527,-1.067957789646156,3.009537329023705,-0.5932754467070749,-1.07726765992706,-1.0488371001778791,-0.6002921398466627,-1.0906584106160713,-1.026786952763648,2.6574171464755296,0.2942141705448143
850,3.2400580457846067,1.1281168056064017,1.1014428282179611,3.2373335753488064,1.1311306000563246,1.0986204940352455,1.1923929813631617,3.3266677812010563,1.3816853346769788,1.3487782313270487,3.329883739995472,1.372806572768924,1.34993761102924,0.836816235334052,2.987163479192512
851,2.008356109682009,1.7083835845640338,1.6783950917554442,2.020942900845643,1.7079469927064506,1.6731293693809732,1.2471628274468483,2.3237908814850448,2.1224560073495953,2.0795172296566298,2.3096157744961023,2.1315132227138376,2.084183499544296,0.4837962462679683,1.0194099160891754
852,1.7440513771584267,2.417802983574804,2.3721752405907264,1.7464277063097167,2.416614958745698,2.3751315343840043,1.3060855990326241,1.6350769802436138,2.45818283187158,2.4113589927699506,1.6349340757999986,2.4546812166885665,2.401878373627115,0.9806348739038191,-0.866275758961399
853,0.6431992625498261,0.8367864730565049,0.8201817529994252,0.6429842360847952,0.8350558462795895,0.8275484633297543,2.548621139989897,0.5130495760954336,0.7329755137388264,0.719557899720559,0.5111282766153818,0.7309008646125684,0.7220369900578939,2.5034393437431732,0.10572210710578181
854,1.9975601657558795,0.5677577595467933,0.5779881163762118,2.0027019344527335,0.5647925982077905,0.5723259073920622,1.8451977962362733,2.2058515898555004,0.7121880390386591,0.7260844003408818,2.2070833544893573,0.7092676231579218,0.7349142080169306,1.5139179390111084,1.901983073842806
855,1.2615185643489704,-1.9573161508230974,-1.9223811468861607,1.253538389721081,-1.9638784768956594,-1.941130545379313,1.0354644957715797,1.7160853696508995,-1.959154684642841,-1.9264974786875628,1.7039388912617406,-1.9850264593889595,-1.965394124338311,0.36984105109880216,2.480855156712183
856,0.9276009358450951,0.9294975093423574,0.9204561040976678,0.9296022892907574,0.93428245838606,0.9314228661264268,0.902068569752538,0.7002781448963605,0.6676304337805996,0.6556678608678943,0.7054918200039584,0.6639860932682461,0.6697339602024038,0.728397486720156,0.4003218515913122
857,1.0525861500800375,1.3261544171716961,1.30391019746349,1.051121784423236,1.3182793986228012,1.3036028855636383,2.0717983948221894,0.6609304732686037,0.9583187239462926,0.9425637159553591,0.6373898177692495,0.9593458104660159,0.9442984900823543,1.8934043486084593,-0.4156049384825202
858,0.886954848367007,-0.047977803477224794,-0.047047130776976434,0.8779429704871798,-0.040318263645673265,-0.05002576995994372,2.352829696859861,1.1790047986132581,0.12033215123160525,0.11791170469413183,1.1687814085811576,0.11941597275295543,0.10801578154710499,1.6560086962719838,2.697912493353234
859,-1.0478011069673732,-0.6967455835511702,-0.6840286246606885,-1.0370070925875186,-0.702862729462856,-0.692422518308986,3.04494490393758,-1.0612367907086135,-0.650324194743776,-0.6374130847495684,-1.0512552290923871,-0.6544306646361805,-0.6352053945087907,2.62669449148953,-1.1851258092062285
860,-1.798772099117074,-1.8271115912182445,-1.8034604325536103,-1.7925319136038032,-1.8259425697464464,-1.8036691811345724,3.904242386744874,-1.5934671075154603,-1.6593951245634593,-1.641606090388229,-1.598085741122649,-1.653664950644638,-1.6449097270652298,3.5246376791165694,0.11381603717655969
861,0.4350263151777832,0.6709383865243495,0.6550520036573755,0.4392956103389989,0.6765911324479402,0.6586310534833751,1.8974685782743252,0.059088009485383675,0.35505765790861754,0.34714446532901694,0.05510307958997067,0.348217073047479,0.3502309012742471,1.9695985648362915,-0.9015685531838744
862,1.3081527034051388,-1.2477194653072565,-1.211720169530395,1.3092810978054743,-1.2384427021278643,-1.198006147553887,0.9400410808292147,1.3757522161879983,-1.7460757641950568,-1.693597450433826,1.3594057796969286,-1.7539250734226173,-1.7051751796168761,0.665826426577897,3.926009635067113
863,0.4448153062111386,-0.2503375929249307,-0.24502333033958618,0.4572868479744562,-0.25568232461166346,-0.24938002909211415,2.3243214690576814,0.47705642504687795,-0.2597047478485831,-0.25399635236724893,0.48095080749410335,-0.2650111526368281,-0.25956213658722915,1.9179849822659396,0.8410915279517822
864,0.22601388814127438,-0.5225322928201793,-0.5098022997536115,0.22433396046058135,-0.5166663509574515,-0.5021774964984532,1.8997237635394564,0.5875149657899493,-0.2098612209128463,-0.2048624269770787,0.5859183762256533,-0.22514284500667425,-0.21203046181437404,1.2801225779334926,1.4197420903075655
865,0.7336888250090656,-0.6026303756350102,-0.5875094677925026,0.7395825984326085,-0.6085754585401657,-0.592601531153511,1.6842514157932342,1.0900607394158985,-0.34865864330453494,-0.33990855360473715,1.0947838539923533,-0.33499029868428865,-0.348606346565517,1.01747842209773,2.3308754600911663
866,-0.9114774353294011,-1.6658718040534315,-1.6300603149492807,-0.9159096793851671,-1.6767140658903825,-1.6316919804719268,2.9959601078684375,-0.5187184397564863,-1.2541996978794605,-1.2271027297084607,-0.5222374637243217,-1.2427848299108415,-1.216236065849694,2.464012996596701,0.9084034193012965
867,-0.35060328992390344,-0.8638179661330336,-0.8322772010803603,-0.3457803887420554,-0.8627652981069155,-0.8357118227903794,2.458052547321371,-0.05172985088792517,-0.6730780453270966,-0.6489753522579962,-0.05449317421560893,-0.6761409037066352,-0.6425708443052182,2.1306554118428944,1.3046087894520084
868,-1.5173984331312944,-1.8691322998323914,-1.8452414307347123,-1.5130834210704212,-1.8818518454283422,-1.8455722565928034,3.6486089761561673,-1.2498186060471321,-1.7024116391226902,-1.6841316238957573,-1.2423458569863153,-1.6949449643580483,-1.6726030822298563,3.174862385050952,0.36087681439931557
869,2.3762194444646574,1.4465578427312618,1.4052244797280036,2.3918517386141485,1.4587518658748908,1.4049000565091863,0.5761903912468257,2.4093002004343402,1.170303256756243,1.134837826580269,2.4235985880355453,1.200433192981853,1.1327275771717742,0.5051014929629506,1.9272331169638608
870,1.675897059592996,0.8661851961320209,0.8383678872164875,1.6741134068037227,0.8566665527126667,0.8312405117040838,1.4434182245395681,1.5633735518484149,0.6451438251886253,0.626356208583645,1.5794073104575281,0.6508545728645108,0.6120180257775049,0.8501080335062494,1.8318261875843824
871,2.2120006110816726,1.205768077878304,1.1791283468735325,2.210599792285922,1.2024208649826327,1.1859251173172638,1.0874375322555478,1.4867474762244783,0.192636350747039,0.18734873960644213,1.4919470873182576,0.19677308854785222,0.17543112713896555,1.257334500941503,2.045167524982378
872,-1.839744751497781,-1.7290397900797503,-1.694034439886377,-1.8339884497601926,-1.7194074725815713,-1.6842529995462123,3.9763164372067608,-1.6537363595873367,-1.5060152191920364,-1.4758306787911848,-1.639514938143287,-1.4946463944895576,-1.487170957567015,3.571838728823867,-1.1575535023833337
873,0.5776542461387545,-0.2765163135358045,-0.27127237844908164,0.5831747582184234,-0.2580248102083901,-0.2779017516014685,1.5957702078684206,0.7851274544114548,0.03798616020387432,0.03727256541734686,0.7985964108157567,0.03852897053607912,0.00011867584945688539,1.149423186173257,0.9235154002697568
874,0.8449504906815494,-1.330583586894824,-1.307487498963014,0.8326320132131192,-1.32194392476966,-1.317684756375242,1.089694971855172,1.22635102096695,-0.9770973039424053,-0.9582630918670598,1.2231566890095105,-0.9818618658939485,-0.9618699936843171,0.37727563896754956,2.518370740709951
875,0.6845991565945557,-0.8552793010547816,-0.8399877720004386,0.6866806005305741,-0.8519212722434661,-0.83579435802575,1.772169626747959,0.9788854404044443,-0.7143460665624556,-0.6995001291026584,0.9761325533732441,-0.7137184961343228,-0.7031765680897736,1.3415451401134304,3.2775263915473496
876,2.0113343411532263,-0.18085572436394215,-0.17584946710939992,2.00448348262949,-0.17987593276233949,-0.17547156593121752,0.6896403732105382,1.987020091174018,-0.6019130716548551,-0.5855317279771144,1.9900067348858905,-0.5947232154880746,-0.5898372177815596,0.3353209717368201,3.2337909290674394
877,1.40577018630791,0.6195884752293015,0.5972171555100537,1.4015222877360016,0.6237613279393112,0.6022884174641093,1.153071496417574,1.0592671533123676,-0.024137446277277926,-0.023386495427108658,1.0557303008585055,-0.04245153892640954,-0.02331395877498706,1.1863744994014072,1.7858087031031262
878,0.14332618664267338,-0.3734403017221828,-0.3704199347386649,0.13724392011887554,-0.38434566916051455,-0.36268026844630996,1.9912105189014262,0.3408826606042564,-0.28417417206411033,-0.2832141016426259,0.3367537330637475,-0.2945331114919239,-0.2766485059246791,1.8323171371500955,1.5206390677470136
879,0.4876142515201199,0.6766260795016406,0.6607503473777037,0.4912642989500427,0.6787771914801717,0.6644259430000043,2.0380055662271963,-0.439433176217847,-0.2189498331766275,-0.21346521402341342,-0.4371084923004533,-0.2087205746081031,-0.21876213442857628,2.3551961558684207,-1.5839310916127232
880,0.6920591335202295,0.2997621383553768,0.29144115229008005,0.6950808112353531,0.30818068940838733,0.2929507458949363,1.9607480965877484,0.6565615273611612,0.22829204757455443,0.2219425961971247,0.6618552424596196,0.22470762975073436,0.21592245588390013,1.7305778754554182,0.4753565790775994
881,1.2899241882247616,0.9031202433360935,0.8879584369263014,1.291722404198993,0.9126941781159619,0.8855640002424273,1.2126436311393896,1.5024428902329403,1.165277588516233,1.1453442018537712,1.5097422477695177,1.1583623487136945,1.1421411028195045,0.9083333629107382,0.9928799485511595
882,-0.8464622321056002,-0.7670599249658792,-0.7518248493877593,-0.8472077469260478,-0.758452704235381,-0.7409337256381366,1.7418832906582402,-0.7225706234934567,-0.5821989305885271,-0.5717930674733639,-0.7070388875329898,-0.5871709835164404,-0.5678335788650473,1.794086550175069,-1.1284293293374315
883,0.08639793789892598,-1.5913824091191962,-1.5484455514622766,0.08352049614789905,-1.5939104477206192,-1.5543867408971987,2.413819421728643,0.5190474353548301,-1.2628986865513672,-1.2260537116268244,0.5286020384786428,-1.2706570165706519,-1.2466464030299629,1.68244971330295,2.2145374280370835
884,-1.5650665382043447,-1.0707730904942732,-1.0406891792127304,-1.568159101261889,-1.0753062632019132,-1.0338081802601968,3.004745161795096,-1.785881618161544,-1.2221033437672644,-1.1844055226817796,-1.774434661506223,-1.2276028426688221,-1.1739766997129688,2.812867061060595,-1.6950211535049577
885,-0.3942744190968078,-0.5700237123701494,-0.5598246510763266,-0.3889842672698791,-0.5853402114548596,-0.5644970513323105,3.238367047652385,-0.4027434942382616,-0.5599244760107783,-0.5486793362404592,-0.4152793922306037,-0.5769200026600455,-0.5560447807002984,2.683538476754471,-0.12755903192295429
886,1.0834488337105077,-1.6488981051145566,-1.6298993630764254,1.0845766671042527,-1.65322070829221,-1.6313014785826514,1.5849218472305497,1.5075437788357156,-1.500964085804751,-1.4755168627933763,1.5023571864448453,-1.50389187581457,-1.4748678312934271,0.878727561635006,2.5725625348147494
887,2.4426799614146466,2.2282673714081955,2.144362248056098,2.44052178343156,2.231225807333802,2.139646059371369,0.7402241308504492,2.378714661115404,2.1477747385105594,2.065842625545622,2.374800665063458,2.1440971194078955,2.067194306537104,0.21151974300969328,1.52387108411672
888,0.6799733942968152,-0.13454566405790086,-0.13135842201778142,0.6820400731100446,-0.14520198034209475,-0.12913605029431907,2.155524529895958,0.7970542403632797,0.0276634595707845,0.02692711413969413,0.7937331485000111,0.015655567399553632,0.019270868397188966,1.6892324480697245,0.8192419252240523
889,0.20613739141002796,0.5277041251906083,0.5152910823887679,0.2017621979764224,0.5315774341588713,0.5115145626027234,2.97695511523024,0.37287365341565215,0.7081109206304168,0.6911059987577124,0.3728097703188374,0.7101843513230772,0.6945537063603416,2.47563756167715,-1.3247816912122905
890,0.6071151434654509,0.7490834143584335,0.7330962724958392,0.6106979720670851,0.7339593066798913,0.743853075920232,2.156724175244584,0.8326327294214405,1.0375445877551663,1.015027789893006,0.8363282563480645,1.0312269058134385,0.9967099312664017,1.49363281112378,-0.7659241364131052
891,0.6667746047751504,-1.3475294761759165,-1.3243632653046264,0.6726357652735838,-1.342343353911455,-1.3161472982380549,2.090461942010553,0.8461417258892088,-1.0727062547914405,-1.0465943570445306,0.8378761262891096,-1.081858995128975,-1.027278591924175,1.5728648277120543,1.4113868028353904
892,-1.728988448620385,-1.7894087432836656,-1.7361687407993325,-1.7298510425104865,-1.790179126334861,-1.7342324237861775,2.0312468333452083,-1.8967426377547214,-2.059957304590542,-1.993402631881072,-1.891607745740369,-2.056781430346731,-1.9905005683598849,2.1709857529531567,-0.5964239819437803
893,-0.8292978854608356,-1.4674970394800313,-1.4295875621911105,-0.8460751180085343,-1.4911337575837136,-1.4123447927392536,2.6826375416242865,-0.529304981752309,-1.3083996926901658,-1.2737893095121224,-0.5444600167614696,-1.302865250200574,-1.2625371019908218,2.170309963833446,2.1544035707819487
894,-1.130069537510574,-0.881272209834796,-0.8563613786925995,-1.1292615773370143,-0.8871621040643324,-0.8592863064156486,2.674062297772007,-1.0103035405339726,-0.7146163488398514,-0.7001981232604549,-1.0132683147493498,-0.7099699319342022,-0.7137794961029641,2.5215170937035762,-1.994587571633591
895,0.5654413683801258,-0.6524921351175023,-0.635906590081248,0.5617887369986558,-0.6545015785064577,-0.637867434735322,2.237267406276892,0.552730378442725,-0.6626004907915817,-0.6458549393556979,0.5573217445299109,-0.6603055097258103,-0.6441716893638758,1.9735605363301638,1.5802407927393614
896,0.7592796031071362,0.6656854808325383,0.6490168038930199,0.7617716765072493,0.6616364070196291,0.6434990398318128,2.0242891000666754,0.4349981005848991,0.23686462353091467,0.23018095912879447,0.4239553289980118,0.24567581539608344,0.2179193678941346,2.132287527482735,0.8268443264336717
897,-0.9567746005342967,-0.7875533814501368,-0.7850345804795967,-0.9624281606029144,-0.7935538405567915,-0.7838636873637632,2.184116375155266,-2.073978499568221,-1.920529449494813,-1.9274096263244087,-2.060779316884543,-1.912805835314619,-1.9179332858295772,2.378124788058065,-0.8705768990532757
898,2.9882811095716866,1.3363960808405606,1.3198203072571277,2.988203908122067,1.3370368618165793,1.3204990357754265,0.3640506807508914,2.949671537857224,1.2164785928810167,1.200376216832748,2.9491795073947764,1.216103342265147,1.2037432671064394,0.11303809884998199,2.5986464465385475
899,-0.004810939384608043,0.009212304887364133,0.00889005306282619,-0.016193745846436795,0.004828640869143006,0.012668663942124089,2.318873410755271,0.0778422458180772,0.1074345088547919,0.10374975764277332,0.0797906534302596,0.0986811982559547,0.11043100795355214,1.9874505484365474,-0.5485025705030866
900,0.10122166133915961,-0.5107593971474731,-0.5012899126104589,0.0998576386587339,-0.5047590860851017,-0.49746859410232913,2.627505353831269,0.1124949064602062,-0.6360458716551142,-0.6234988249715666,0.0998408810097293,-0.645446725623394,-0.6185733592966179,2.333633900068199,0.9400320428777409
901,2.527151400343337,0.635182545719569,0.6175811984641326,2.524940021934678,0.6427464733007463,0.6133179095955984,0.11222463128852765,2.8797592110492674,0.9761409273744105,0.9512138053330855,2.877832521351142,0.9680839164001864,0.9589758631916688,-0.4601120266004466,2.8847241469111
902,-0.2117322626164035,-0.4736447911180993,-0.4647006831949453,-0.21115114339524282,-0.47157870663699586,-0.4675171806592776,2.6126819428112014,-0.4985156371707132,-0.774699295221651,-0.7626749571303924,-0.4930814513551911,-0.7641516651237616,-0.7673348928606958,2.5586054012437565,0.5809730487380359
903,1.9283376195670128,1.4973678652666023,1.460310240277848,1.9214936501489075,1.5050691657208193,1.4605339222295202,1.647819610829442,1.6944547118720839,1.1889853655129352,1.1589326484277256,1.7041546715163851,1.1890877173302556,1.1348823841910471,1.4380457474823163,1.0962802450800075
904,0.9814327485689499,0.39747110853947615,0.3864363231721386,0.9792835832710352,0.39678482953275745,0.38040604920411325,2.1330597851154236,0.797932470121621,0.05302798434498345,0.051474247873107074,0.8044157201571613,0.05284944170894647,0.046526088855826625,1.9214787265415771,1.5384568090538384
905,-0.6819027252425727,-0.5934387754871061,-0.5852873567406768,-0.6815715613494223,-0.6061121046089518,-0.5785965834844855,2.5773982348453135,-0.6938024995629665,-0.6219061046235905,-0.6143445984730702,-0.703833840122296,-0.6239132052236626,-0.6316454037023291,2.219893397627283,-0.4738513743802179
906,1.3031035420226935,1.5114190041878788,1.487664543780211,1.3010199600782553,1.5065107046588555,1.4809698752537186,1.5242490594210172,1.3607932558543967,1.602188937471014,1.575905059647364,1.3612801289171117,1.5999135090407606,1.5788557462362538,1.151706591919024,-0.6517256165138583
907,1.3703820395101254,1.865541026110769,1.809326419519446,1.3736186662170917,1.8603418129174047,1.813596568050295,1.9990995333505255,1.1584155538044802,1.7501443336318967,1.699563212495783,1.1551738378616916,1.7528849540201392,1.6937160262074547,1.8314510832614748,-1.473455158895657
908,1.6696641952176172,-0.5979945576463781,-0.5853829234868723,1.6694359755173322,-0.5927924771205982,-0.5840582746267676,0.7693897598928675,1.5872411769059478,-1.0770497275077229,-1.0530669491599383,1.5826609680484824,-1.0979972713777255,-1.0505485807227501,0.6110578883354715,2.8229506784427487
909,-1.3745037571091936,-1.3166786629456793,-1.2994055470213275,-1.3859450957430257,-1.3308185520370672,-1.3072668231152342,3.6936707026472204,-1.2689494928841938,-1.0231310297727054,-1.0085126354729175,-1.2779219695901605,-1.026222252796281,-0.9916227994735043,3.165039622287161,-1.0387726318109107
910,-1.4203993928196692,-1.0083195318259441,-0.9845113949788775,-1.4183949310211634,-1.0045685970222202,-0.9767821611025485,3.572214454286501,-1.335528096204281,-0.8579594469941613,-0.8415245297936325,-1.3288955480503515,-0.8612565728615352,-0.8494691751605904,3.060305020136754,-1.9904299574876338
911,0.8911280951330851,0.19941664409392543,0.19443504164924547,0.8966999920695572,0.2038200846743289,0.1909633703031553,1.3515649233918006,1.1058650405341952,0.4399571049653434,0.429349315719163,1.101335526755963,0.4357533197462411,0.4312714215175702,0.9187684684877281,1.0498848784743442
912,-0.7398147309571893,-1.4492506855186011,-1.4182841337902066,-0.7231712052493601,-1.4502430450733286,-1.4250281450588098,3.434129873687159,-0.7338426900647707,-1.6308416332031763,-1.589160159256779,-0.7300185033258602,-1.6176238464461785,-1.6367001517184996,3.0325822535437474,0.6650718086521762
913,1.9450489361134027,0.060935173150280506,0.05974871522077439,1.948118922984356,0.06158824762939017,0.06048262523075318,1.430133221105413,2.5015362262718965,0.32471122319231055,0.3179661703515319,2.510980420250552,0.33109511848398315,0.317936920707352,0.42859219399647985,2.965709652504338
914,0.652056539386838,-0.5525284081807615,-0.5381900198322105,0.6559493658245135,-0.5578005601659416,-0.535606999332969,2.1759782625595627,0.7275738714636221,-0.5385552954769314,-0.5237094852014251,0.7243538973390538,-0.5293611449889158,-0.5160136768070273,1.6888762407252722,1.545185667548587
915,1.862353284119925,-1.2641182549015586,-1.2244713313281317,1.8660745896678583,-1.2600960509108,-1.2246583221940395,1.190669674446498,2.1744108851077417,-1.1040885449979752,-1.0674034438706113,2.1724109655480692,-1.099318471939543,-1.0642741411192558,0.681432864289575,3.4185647219001374
916,-0.4989088844609908,-1.800211302937003,-1.8004187111848455,-0.4988931731268008,-1.8125927509689235,-1.7881734233447795,2.5970744290408687,-0.09717413533048831,-1.500469606661933,-1.4921284699691535,-0.09891159069219943,-1.5052233982991057,-1.479809168409922,1.877294752042831,0.9912952287397513
917,0.48396048864522906,-0.4610430949336146,-0.4593382222148927,0.48832536830280004,-0.4700161827564357,-0.4716981482278324,2.0399979805906368,0.5921002875029454,-0.2593230960374156,-0.2578165466137384,0.5876341069285896,-0.2519355820880066,-0.25435241719892865,2.009501384490232,0.5142556781355323
918,2.0470749187519677,1.3634090495041826,1.3370541775625047,2.039768734674839,1.374854582309257,1.332880769578893,0.39046704655069914,2.280560829501074,1.6734216555838501,1.6401367778836349,2.28349554967234,1.6685507548174112,1.6311910030847951,-0.2567154739070674,1.656374694052235
919,-0.36465821908105867,-0.5761696552909881,-0.5590541699282118,-0.3659757127129988,-0.5799463119561552,-0.5593510555442568,2.4872107485017056,-0.48659113932666176,-0.7674880287256945,-0.7446858596269712,-0.4823837487988141,-0.7626298294941481,-0.7437307050827435,2.1074389013401222,0.5420662086873399
920,-0.07080911635336838,0.2364372935800731,0.23079673939921022,-0.06021249299934963,0.23637014643418738,0.23338823067038658,2.4058380130092516,-0.042436037307953554,0.3491652451457544,0.3405600944923322,-0.036912923925132846,0.3618204989740493,0.35537211722053186,2.0656374984931305,-2.6064687722936917
921,0.5816696668517295,-0.0467090281253327,-0.04567971531727316,0.5923942033107473,-0.04805600055099911,-0.051504042204199685,2.136320525207655,0.8235874646054466,0.20639905749307402,0.20165955052681958,0.8264380480922812,0.2139680009372915,0.20648618495312424,1.6649850267734891,1.1869676950918457
922,0.5761270150855141,0.4037223813565114,0.3955446330991075,0.5655160111130941,0.402437774403174,0.38651692832852946,1.3817453278797702,0.7491078720083619,0.5620682837841675,0.5484690305465162,0.7322554764532268,0.5787712944215825,0.5361189693548525,1.029744874586083,0.697305149379385
923,1.0693167246742392,-0.06779516194988089,-0.06645761976377397,1.0758049941080248,-0.09377455517511786,-0.07798745712875806,1.5234826444754164,1.0558684551729929,-0.30511112238202864,-0.2986882188610615,1.0551155651851862,-0.30966517229870283,-0.29366663013065625,1.3074435543054534,1.5195049295682752
924,1.1079798324253958,-0.2581937556238773,-0.25181977118390203,1.1116687892650383,-0.25749794061913756,-0.24381207884111075,1.6315391693015935,1.410289268794602,-0.17528281698732193,-0.1712965055477719,1.4066234177568286,-0.17877073300380883,-0.1677246124173361,1.2076868503394662,2.162050176096312
925,2.3871006488209003,0.7198580636817209,0.7052919950058034,2.3931735788554063,0.7059724160676171,0.7059455966623019,-0.08476753165638426,2.6942726578495093,1.083748746112204,1.059809743164993,2.700470944927172,1.0909049661348873,1.050479955970491,-0.6708781551615833,2.7297742616380676
926,0.18716384706810865,0.18109710626020512,0.17736486515942107,0.18560354046339908,0.18093018084813073,0.1608935737220357,2.107067303153249,0.24102264199099327,0.24518035631334287,0.2402144268673471,0.22966112416116996,0.24390350880463404,0.2296436860040753,1.8286657373005102,-0.5103834440882309
927,0.874158256331258,0.9310610794817514,0.9039554601643679,0.8866076843731145,0.9284597969451751,0.9017954598200302,2.2233460090553545,0.9351829035918283,1.0060598281436917,0.9756741812256156,0.9404415278674976,1.0028942699259553,0.9748762148836339,1.8820579684600305,-2.022239581898213
928,1.903576727396148,0.5452585390133995,0.5384326132541899,1.9102443575248174,0.5311383100691491,0.5436849398668054,1.7589377014495389,2.4401213462072535,1.1582692296083807,1.141179021990529,2.441369509453275,1.163451086205558,1.1472626946259847,0.8348100863984881,2.3715932597771197
929,-0.10772303176688187,-0.8492570178072213,-0.8420898304455724,-0.10421943836168651,-0.85690872253158,-0.8464050679484261,3.2088037298874514,-0.6412010011415468,-1.8207522518076134,-1.8086675613627756,-0.6478946077806899,-1.837736763493082,-1.8004104768360345,2.9112686607902853,1.8367395014244872
930,1.45367767018105,0.6753619533167392,0.6590165451179381,1.452400311301909,0.6782212689422068,0.6617172984007867,1.448115883074331,1.44612850478694,0.6493237500370281,0.6343249178530642,1.455621596256791,0.6441993327350046,0.635551478546251,1.2240679845468332,1.3307351459715961
931,0.4826190633466458,-0.04709786354581759,-0.0459788167521814,0.48342193328295074,-0.0473126733071928,-0.04237376567651264,1.6975406008074436,0.3570533028643965,-0.26277374966822786,-0.2565315469430216,0.35571579656592517,-0.2523259734818336,-0.2595396526138544,1.4381757727117634,0.985224142583154
932,0.8072983524071595,-0.13105802804333885,-0.12854029115909024,0.8104850021946721,-0.13189292488087279,-0.1355165106132853,1.6752464268670098,0.860125562329179,-0.15791488202065887,-0.15443473288657447,0.860989805653137,-0.15104593972651273,-0.14408921700607907,1.3909761789867363,1.3556570724903467
933,2.1078311526240294,1.4303339245713238,1.401683061201589,2.1035369369836925,1.4259926832064564,1.402453001493035,1.3161779291371174,2.2020741155251824,1.499797794335782,1.4680522159113116,2.1979537436366017,1.5028810085148006,1.4691930243143998,0.924873257747402,1.6030851691187586
934,1.7874286670057575,-1.2085702538668401,-1.1839665199169487,1.7869004517987324,-1.2161642737338207,-1.1805426020443543,1.2695482240240274,2.0471152229392273,-1.0668912610312935,-1.0444475332998968,2.046242523529429,-1.0753856590619193,-1.0464319270045084,0.7160775391297101,3.362748972297117
935,-0.24049561659922103,-0.34871342023199275,-0.3420851718615856,-0.24303691211627268,-0.35531311479508076,-0.3473423028823979,2.852634599731612,-0.1005744362190959,-0.21254658140072438,-0.20852671226776537,-0.0974764298297613,-0.20948833187490198,-0.22504461170666173,2.3771803475586792,0.44582756609079144
936,2.0492535560411462,-0.02712695361255957,-0.02645982489024527,2.051899571873483,-0.04239035132247634,-0.03755370229438493,0.3183204945016843,2.2677446442062412,0.0026357444964920174,0.002574030491542458,2.263274202803047,0.01116584259121614,-0.009264845494051968,-0.2599937122445533,2.754975448787955
937,0.19614611796790182,-0.018270870878802307,-0.017748697544582418,0.19880752885054456,-0.021101652934738525,-0.013811939699775028,1.953013588265628,0.05502419848597924,-0.2358728939588769,-0.22938261378859523,0.06365269031195275,-0.2453089098399561,-0.23055126729551156,1.5389427405853398,0.5867353823651862
938,1.2074967248866617,0.6742289885154358,0.652504553853443,1.2164034046930305,0.6775143264958534,0.6536594446069021,0.4986970577068981,1.4688718284102633,0.9223204771813714,0.8922015854381685,1.47049475994066,0.9123729523761809,0.8915064405592131,0.08094557374509685,1.754456782813635
939,-0.06547295295138503,-1.1694036759551407,-1.1411752288869033,-0.07485172184238689,-1.1671871196061765,-1.137942310733184,2.2570007710173146,0.2656150026000101,-0.9154174385127495,-0.8934688298612711,0.2670426573194785,-0.9128589781869388,-0.8909642932167522,1.6775431966859795,1.6521918298129672
940,0.9337266282385632,0.32028416437779206,0.3135327831319321,0.9427581472933863,0.3140126411826702,0.32279268946929196,2.353393896558397,1.1914370226058075,0.452223653623455,0.4440020215342811,1.200675107421512,0.44164148889365223,0.44329732064663757,1.7872678761438325,1.6699748144031294
941,0.8209026854695171,0.7310185066498327,0.7303727615336463,0.8184235385733553,0.7321247672600312,0.7248864908140016,2.1170003915532987,0.9630982239553686,0.9623463540857029,0.9541730564308999,0.9670186068488714,0.9627947523820778,0.9617355805215743,1.4229227921271945,0.03713706658558469
942,1.4011003532025041,0.1260740264759865,0.12257146842637932,1.3991977006942609,0.11932229811263294,0.12293842802899056,1.339589261986129,1.6226639944685504,0.23815575196403438,0.23154797357614407,1.6275093873011177,0.23091702031276726,0.24152119939017727,0.8919800347655198,3.959150701793132
943,2.1380306914487894,0.7740943684362623,0.758291105995987,2.138231320410004,0.7721507130013141,0.7676754754835239,0.045640583509440336,2.4315751352817525,0.9596851049449909,0.9393013586685255,2.4448516529333513,0.9659623597323653,0.945287237863077,-0.487458436909537,2.7755686317547412
944,-0.0314046632023022,-1.1059737835771108,-1.0799568894401521,-0.0423318451595111,-1.1004480563724135,-1.1033826081842708,2.441742376771245,0.3125357050873594,-0.8057541557583364,-0.786654285999339,0.29825518097382103,-0.8143652132662149,-0.784585565054352,1.7774972789079309,0.998580580223793
945,2.494328010016834,1.5023030993105537,1.4570406871926056,2.4931048595636596,1.4967555423465222,1.455496557067603,0.43018011302210657,2.41671648681261,1.3379106354156245,1.2973363349863483,2.4189579814626883,1.3364063398007788,1.2929684426650265,0.18691022632822196,2.3878291961734512
946,5.3508395735957315,0.06433040106124455,0.06332565709389935,5.35719647189364,0.06123147463326793,0.061285114564997085,-1.5362662748458509,5.588505529567825,0.09527003727126086,0.09347816715336109,5.586675246399822,0.0833346179041853,0.09923682033538925,-2.010450283430829,5.699985390850661
947,0.6248279625217293,-0.5989356128033837,-0.5803127673689464,0.6229503633114074,-0.5985025432297337,-0.5810108296622064,1.4820805012339313,0.9934760696872905,-0.5583552462925067,-0.5420740597159616,1.004118325246039,-0.5558160928480261,-0.5428591603264209,1.220676423089819,3.324876748633932
948,3.630110779094497,0.7163865079758461,0.7044461882102636,3.6301055124782016,0.7238295054668382,0.7063801253975175,-0.3153270442575464,3.642309576945211,0.4888808065965203,0.48013061057810913,3.641127641964993,0.4880606202430128,0.49388807348794644,-0.5521796774153502,4.014996608728061
949,2.1146526060859077,0.8547109235731224,0.8331257560193159,2.120941551931275,0.860188114056539,0.8367861753735594,1.0849729568765376,2.0599671482824182,0.5560368178765798,0.5435634063725809,2.0608817146107072,0.5393207662040367,0.5322589492488006,0.49581823978304557,2.6157895916578635
950,0.35838325701084817,0.6454693022433415,0.6224490117758503,0.3473655532061232,0.645034333346623,0.63312409185648,2.686312731800688,0.6953400583734479,0.9952721675825393,0.9580256171224668,0.6887849188810757,0.9910148266815516,0.960622677453522,2.041402419584908,-1.3680365199143867
951,-1.342166116364664,-1.4484678955091386,-1.4291578796360165,-1.341242452916047,-1.4425321033215577,-1.435615566074463,3.3165905133539724,-1.2878034361029929,-1.222457584011612,-1.2022920639209442,-1.2796417348054283,-1.2241576760458879,-1.1663061596784974,2.5943943329035153,-0.6768888833424626
952,2.5288794253886615,1.221133945950808,1.1970322836523353,2.530013116844551,1.217541267198973,1.1960447538234273,0.8701222720622912,2.7665003891287943,1.4527001202074543,1.4231058168745196,2.7622249203867875,1.4590874286690425,1.412790716414267,0.42589322979469474,2.564703148776068
953,1.2375291221015392,0.6311726696586201,0.6152240105702114,1.2477369722959895,0.6283110268869566,0.610995690089857,2.336455868503631,1.3959862199131639,0.7188786044859252,0.7034335167486114,1.3968491761891597,0.7234390925666434,0.7078372214357719,2.016319265609525,1.8275402426678347
954,-0.8513014175855372,-0.6684955165168364,-0.6414690694883095,-0.854238876259653,-0.6633568883250432,-0.6433711129472023,1.9891174474609563,-0.6807520728850505,-0.4654942855287775,-0.4471604541435284,-0.6735672158362321,-0.4701037637207303,-0.43635788612882614,1.890965113916602,-0.6748706738248968
955,2.747406841613353,1.4083466642994176,1.3741529862714834,2.742889109525355,1.4066327151910352,1.3833937705007358,-0.7866482079371234,2.9950230008854386,1.6133605859891376,1.566882819273976,2.99712935108494,1.6119094268499865,1.5621323399954992,-1.3916884457694028,2.249722622525705
956,-0.004380955518802051,-0.959969361332082,-0.9372251351858305,0.0028682948418712133,-0.9523397138403865,-0.9420280260153616,3.3818692987603516,0.1915058549152201,-0.7349158871683391,-0.7155266702244492,0.18235514376559683,-0.7253807116882922,-0.7222480724692458,2.690135443531385,1.6670727183329368
957,1.861669742298425,-0.271774100448981,-0.26593270735558616,1.863722096241687,-0.26090257840158976,-0.2727144161351741,0.78929630965135,1.9357074625045947,-0.2878626956910159,-0.28132770515453503,1.9385118250939568,-0.3055326028921004,-0.27818886741558213,0.47440955373237464,2.309250957031136
958,0.9685164510877756,0.274417469248251,0.2691567948041034,0.9711174026281463,0.26228109442891107,0.2710248007196212,2.3012008166941693,0.8879697562204156,0.06760380593440732,0.06618406410720662,0.8850547317643203,0.06530327334587775,0.07453937333368374,1.7821266717746302,1.425968255664187
959,-1.8745798431892233,-1.4480160784044176,-1.4018523410654133,-1.8538579666178707,-1.4241268538733078,-1.3955580934196001,2.9297921455122746,-1.783419178109655,-1.3987115850603127,-1.3528079710148186,-1.7760781548654478,-1.376185965670513,-1.3687740678360034,2.624238404979817,-2.4495341218850686
960,2.795407374810188,1.6120877682377324,1.5895742289793158,2.792869839778404,1.5950007698321782,1.5860155491087211,0.7310579406234331,3.058760971600162,1.9268013274995448,1.8958299883655045,3.0354111347959547,1.9354940643781522,1.9003806623859403,0.07773439419452959,2.5274565165606684
961,0.6018702151216596,0.41111510753738045,0.41022149511389955,0.5952384999773519,0.4113619754317451,0.40479202499475486,1.6370674972882118,0.47659470171321183,0.24610439638648113,0.2506871726761911,0.47795525294721775,0.23391832392569067,0.2297205747325078,1.4973289189435381,0.10480466107632705
962,-1.1490446520347335,-0.9473537696732416,-0.9144989795895453,-1.150196753097091,-0.9457720347738382,-0.9142391095146892,2.783298558912534,-1.1186013453762376,-0.9471023356294767,-0.913829677707487,-1.119397869347252,-0.9489517326875346,-0.9040808194025012,2.567495361394972,-0.3150152334589136
963,3.1075872792442314,0.227928273408349,0.22406075205707554,3.105407108868694,0.23461972190984093,0.2334323258034584,0.2287856368049283,2.98904445650522,-0.024366200099951125,-0.02394447774164963,2.9834752851942463,-0.019219793144437385,-0.015820807399105165,0.043704258248967974,3.645384241342642
964,-0.5414978991960517,-0.3605932414932684,-0.35156294995567494,-0.5602530748914186,-0.3469457023961289,-0.34207244810284987,3.0437065958580987,-0.6602126843388207,-0.5444066825399005,-0.5289324112255908,-0.663265252146314,-0.5509273493143937,-0.5123511568395812,2.8298930208696733,-0.4555399178469652
965,0.429323406579136,-1.4002433866952568,-1.3760902432697382,0.4344788281020559,-1.4158868172385883,-1.3604952114628526,2.054368547373673,0.8973560175115052,-1.2071079877857613,-1.1874913980790835,0.9271061063479386,-1.2041839013197813,-1.1972896282660466,1.5201057364735884,1.6139518400310287
966,3.9404350629352694,2.3249429564575346,2.271915615753788,3.9429269912648173,2.3298380812103106,2.273521559433864,-0.639782969773316,3.8193747647227334,2.1823033321935257,2.1344372879322724,3.818607796150185,2.201351610835487,2.1401072162591968,-0.8900658543610936,3.419906666038229
967,-0.6157919814950703,-0.6695977002907868,-0.6481736139706487,-0.6234043824126478,-0.6669650326764455,-0.6463761999682683,2.2890474803556167,-0.27038444017746954,-0.31244685021913715,-0.3029166422773882,-0.2798577910784096,-0.29890186366226384,-0.30433418890674574,1.811383374522526,-0.004205523702704386
968,1.1852987230713943,1.1048271430768568,1.0817415491798994,1.1691837572379395,1.1047177680584264,1.0810485299322377,2.447955509280412,1.3504740738372734,1.2607609898472005,1.2317034953328578,1.3574838047112732,1.2717836000144322,1.238320651485701,1.8602438323205357,0.5306377359053756
969,0.7155525477191906,-0.18658443621466506,-0.1831056095138429,0.7161016715366949,-0.18941564236422534,-0.19075073255754008,2.2067244231404417,1.0156965658735488,0.05678256508569046,0.055733635965929375,1.0182177581494136,0.06051937046825619,0.0362711563011868,1.710846765580605,1.7993241198519165
970,0.11000219440831967,-0.800721526821363,-0.7865181491945722,0.11409121934563489,-0.8070115548659345,-0.7799509630228381,2.5080045008120666,0.518610613503088,-0.4848353287582517,-0.4757980343253579,0.520979275480071,-0.48960502942454165,-0.47329229849044674,1.89490592526602,1.6769145225129765
971,1.4499258836101827,0.7808344484285726,0.7589758504269162,1.4498273749914907,0.7741094370314824,0.7527670864508046,1.6460538909544675,1.4694414491937406,0.7672865458929837,0.7451490383416723,1.4743930666569318,0.7709319054260467,0.7484409685355506,1.3649223789893785,1.44221326773612
972,-1.3793784250605092,-1.4915614582445524,-1.4566599543262089,-1.3791299553054381,-1.4879079181742088,-1.454531782649818,3.7737010363281613,-0.17218543663066901,-0.30631787903513047,-0.29835888727032506,-0.1701309636566742,-0.3017932024856089,-0.2918959061285278,2.6240588668105302,0.8365889108602168
973,2.7228321244922062,2.5200648777434247,2.4784739133254376,2.722948273283806,2.521914888111628,2.4646561498653083,1.0183420194307382,2.616444268708734,2.3966437517819488,2.367050952082108,2.5904788162763244,2.375927058813071,2.379797052208111,0.6163733636041451,1.363369854710102
974,2.337838132853295,-0.47777034548952096,-0.4694395717836666,2.346648324356311,-0.49817400908891296,-0.4721177012772259,0.7728438374446751,2.4671974356232504,-0.7197795970542388,-0.7078905127319762,2.454907547186961,-0.7425092436671619,-0.7123168665314467,0.2939357854819584,3.514539764505615
975,1.7153521550706097,0.7589225073594228,0.7382832599322325,1.7115364221685128,0.7601210515320411,0.7424989816678292,1.296710979848933,1.67273519922638,0.6509227048819641,0.6325981348502243,1.6763535887718517,0.648833813781581,0.6254469616372116,0.9533132399445865,2.2783476650015415
976,2.2983735263868326,2.351047620560684,2.300959530153977,2.3032898095103516,2.349996811032749,2.307421096736696,1.0223093851202885,2.0945609628776625,2.179672364626638,2.132661263943525,2.0968245698757157,2.1826408798667214,2.1391237837860566,0.9754823643880237,0.4217400119340703
977,-0.21239892950142805,0.1458537840112743,0.14250994038069806,-0.20801389245434662,0.15294539346207667,0.14046946590994994,2.570188527106598,-0.8223206865071521,-0.4635936799384749,-0.45208801191970127,-0.7947985137864134,-0.49018039190402873,-0.4266612769738941,2.764494227712981,-2.4470549854963646
978,1.7990804283220663,0.3616003281099159,0.35515568736032793,1.7974605292991317,0.36308682132442915,0.3473253036954515,0.9551053188453874,2.104366385349511,0.5456248630836453,0.5319290641018126,2.0951587674090164,0.5431129448317582,0.540272723152654,0.2063505658611772,2.4388726877740727
979,-0.09783535171891534,-1.5945937432346204,-1.5616011418181157,-0.09497767408910457,-1.6039097882773918,-1.5518141664835117,1.8942615345291496,0.7155244325056749,-0.8674310761474021,-0.8483176927009312,0.7118875357113775,-0.8716798549065637,-0.8483752104825704,0.9451873571979824,2.3013782793776953
980,0.6907248819315628,-0.48285928744117207,-0.48129073187780963,0.6850631932684206,-0.48491176302251837,-0.47737986118737613,2.3454583732956515,0.9163052127187132,-0.23341952122096682,-0.23022044698245447,0.9163235036777942,-0.23559944543680592,-0.2251962864040447,1.5963076282705515,1.5609681431902018
981,-0.42826573523724815,-1.9820211642907775,-1.9346638664054596,-0.43085682552973886,-1.983643959838864,-1.9349813009925128,2.9016092965859004,-0.2584504772125613,-1.9289832752779106,-1.8829375159033126,-0.25590150899865577,-1.9286181614327482,-1.8828101394125072,2.5003229009508345,1.5781394867542802
982,0.28045140328139717,-0.8512070071747785,-0.8276923239886792,0.28875230648039213,-0.8594806036095987,-0.8296524247276157,1.7848961034037114,-0.007571642464775129,-1.4325289282373987,-1.3888555021090265,-0.005472249776192187,-1.4248967587555301,-1.369536665090927,1.684251385860321,2.133819352380942
983,-0.9650933805810662,-1.586328300135716,-1.5555688518184,-0.9876650196990506,-1.569736063570667,-1.535706320175553,2.9906039575387258,-0.21198986746565784,-0.9830058694167534,-0.9606148684778445,-0.21532222657574518,-0.9923620540538537,-0.9460052237405644,2.010151502267848,0.4071666036645057
984,2.29868468059756,1.2190955211432886,1.1931977275757695,2.2940932987847975,1.2225109338156377,1.1828080637431546,0.7297123772732861,2.580052806438187,1.526084538284705,1.491094144177987,2.5788566357884837,1.521819229787226,1.4980874762618654,0.2096296711497681,2.5296244461640707
985,-1.2808280111372168,-1.0415090418859518,-1.0058646049690037,-1.2780310117028895,-1.0372606258375157,-1.0063077300353178,2.4733045723123297,-0.8380809092469077,-0.5684147270013028,-0.5490786050635479,-0.8375793593310807,-0.5676371139385998,-0.5513393618218563,2.4834313467010993,-0.5905202915767584
986,1.5575786829505471,-1.6190434070452027,-1.5822797532025583,1.5592840096148128,-1.6142337173710515,-1.5916426519045033,0.850604806823762,1.8640584348551512,-1.3233791787693248,-1.2904263967531209,1.86980074265365,-1.3259736946851692,-1.2910381165380405,0.3972240371178079,2.737239906689527
987,-0.5830959479907883,-1.9321375197931412,-1.8909641426229788,-0.5864004798986606,-1.9310744583023463,-1.88299577788229,2.6625418603443554,0.0950314340160291,-1.3643410144175152,-1.3325372857731643,0.09553973290067043,-1.3705316813097814,-1.3287725900290175,1.7872422874583376,1.4795013057636572
988,-0.22575177688543674,-0.6848373754142288,-0.6665527703778277,-0.22590921564519317,-0.7013911102289397,-0.6739533641015315,2.247638034932074,0.12651844312878957,-0.41727675449800455,-0.4060630611687113,0.11477110046394931,-0.41897844028890385,-0.39676012211571354,1.6510894462299908,0.8062299790746137
989,2.2311855270956547,0.9494893535241721,0.9304671956632486,2.2368472686341936,0.9443628090836806,0.9309120320392067,1.3085979859085402,2.37189714431077,1.1974415134288086,1.1708013280427019,2.373664045930352,1.1972691849968344,1.1576437103780832,0.8158970675373941,2.323166921901558
990,0.6750497172221,-0.29076686678122915,-0.284983215267688,0.6758428059857841,-0.28787201091735526,-0.2910032321060253,2.1175818598599987,0.9392585343790018,0.0022734759050813567,0.0022281279107689896,0.947184078523232,0.009015855403987005,0.0005284151288739491,1.6636383518171003,1.081111643646586
991,0.7693492038854256,-0.5479045534215075,-0.5338581934588459,0.7680663349780146,-0.5576157172536291,-0.5299637175555811,2.413453651339161,1.010762101999298,-0.28343277772790687,-0.2767291670460597,1.006916434699075,-0.2724833541174424,-0.2767373210130501,1.8904151802691065,1.7378722280494245
992,-0.5130953660101202,-0.5642489812096039,-0.5497868166539212,-0.5061629402658183,-0.5679770247638187,-0.5446855477824282,2.9018084480728388,-0.1884507885594916,-0.21073666251630496,-0.2048439743083768,-0.19328678881472863,-0.22654505209310385,-0.20929021183916335,2.377491452128972,-1.0239679528013514
993,-1.0446568525495676,-0.909455760912592,-0.894273888730873,-1.0521537361925104,-0.8890911753219264,-0.8929768073745211,3.3767230039206337,-0.8394823845492021,-0.6598596211650593,-0.6491105644878122,-0.8443375187144688,-0.6652848547734886,-0.6488451599073017,2.9891635836360564,-1.6841503101429576
994,2.217432856051868,-1.3512703876926697,-1.3148156174319168,2.21658440383575,-1.348439371995847,-1.3287821155735442,1.1397869042626574,2.3334473647720984,-1.418678229024722,-1.376837043532055,2.330250259158179,-1.4176689578835024,-1.3661255448122147,0.7841406086725652,3.172581851704651
995,1.8370823573619028,0.32150606454302366,0.31410349174541946,1.8424895889490673,0.3238367321642791,0.3239295091113914,1.0673729650975075,1.8506842078761765,0.15900720054475678,0.15519960919437695,1.8446983078878634,0.16039349841402917,0.14284463290206217,0.7711032509466087,1.9844921590712705
996,-0.08915158644100317,-0.22258152693516703,-0.21813172142616552,-0.08241044315662821,-0.2346074176408676,-0.22041788318614375,2.145192026100777,0.1182978116910055,-0.03265228869079,-0.031953421757864815,0.10335900653840975,-0.030618804126901954,-0.03637908695646918,1.558912824166985,0.2700371176369468
997,1.8049236146137388,1.0107087825452243,0.990912359987334,1.8100987528338939,1.0030333485153335,0.9954409214182796,0.07587041221367521,2.1629704521620874,1.4561426029670776,1.4252737585485653,2.1571021738402205,1.4565429835062993,1.4284683091522883,-0.5023990908654978,2.149939997085344
998,1.372709759608623,0.03212279008148828,0.0312041360255974,1.3760667452637652,0.017409595778654783,0.037371150077236195,1.7072805415270622,1.6264267578607117,0.23718471038821543,0.23023578709083162,1.6357295668547205,0.2478557602055086,0.2306781673466179,1.3482596021506728,2.331614129381404
999,1.4630282612319878,1.3257992924054218,1.2977311849490327,1.4680752859171962,1.3276824078374638,1.300785496951976,1.4306805182151663,1.304283538850333,1.1436999527427856,1.1196431904293678,1.3107459278699825,1.1414478007885607,1.1180238600533088,1.2763788858397853,1.0566591032698143
1000,1.8438362079814452,-0.7599276665470948,-0.7460202592646824,1.8451992995039714,-0.7558651209241202,-0.7410522320565351,1.482678650274549,2.0110715544976054,-0.8279726482723259,-0.8153793345121434,2.008196140079191,-0.8388974959089558,-0.8148322515595455,0.9993847727108669,3.0796007211299994
1001,1.3782395010036617,1.3849053896737564,1.3437704663343426,1.3768120071399859,1.3811333341924503,1.3428755908407675,1.3806858696712723,0.745753159701481,0.7528956328461528,0.730593698439862,0.7414356143382289,0.7590616172443994,0.7382003708246225,1.569684089279287,0.15090181907549718
1002,0.0992726230584077,0.2484089280924703,0.24285910094749213,0.09237401880863622,0.25307596347842737,0.23730287654477547,2.083758803383044,0.2266127775339227,0.40752701248471146,0.39834655928319396,0.22235803059613782,0.4182541678917839,0.4075091224384764,1.617744599629929,-0.2301765942202851
1003,0.8026064404386222,-0.182984625283055,-0.1806427814693117,0.7914729850482987,-0.1817405534682045,-0.18176330719235886,1.7946897138249611,0.9155593362273224,-0.16169247784751742,-0.15917484329656217,0.918767353125746,-0.1622245562395021,-0.17483624509324217,1.1048461552198383,1.690812219871811
1004,1.0647923343404069,-0.3084179840674051,-0.3043347229283465,1.0637916751661847,-0.2951621091766073,-0.3065675414235093,1.0884854387599587,0.9302392816141775,-0.9190122947585765,-0.9023539842791247,0.9240827587415437,-0.9103143592418976,-0.8943987358754949,0.95953013695733,2.1811487198445816
1005,0.14247220214803635,-0.381674849482881,-0.37961826655659514,0.14732067234779142,-0.38898523352298153,-0.400797628163224,2.275432860894965,0.37062190653044624,-0.14680228253562352,-0.1455852296744196,0.35632732205443335,-0.14589995577181286,-0.14120869103491113,1.7925348618950414,0.5979749245087359
1006,1.6932591161427801,1.4848241219322305,1.4559085023711584,1.6922736766877728,1.4840971045168145,1.4592059994713165,0.7673652795827829,2.0437943565680654,1.8812979181943292,1.8496374998906477,2.039954937081636,1.8805179272381343,1.8550296734115748,0.1413812483982286,0.9602861578760159
1007,1.4142140495033118,1.5851043881876257,1.5444475598425815,1.4146123000093371,1.5883969055876366,1.5441245053714947,1.9480564165745737,1.3018112858008921,1.5603449582988747,1.5261184688283476,1.3053113755169912,1.5645017498566727,1.5126180733808725,1.6011757327411145,-0.38468883250092467
1008,0.5142160271291537,0.15117640710038585,0.14819919560701972,0.5153567314456997,0.1478931985468014,0.16162294352221224,1.8883562602884232,0.29080099726337916,-0.261952878124478,-0.2580899183769833,0.2822223444366279,-0.24604838411517768,-0.24787680203956802,1.7614472285460874,0.3776302710226023
1009,0.3007493924919016,-0.49180667039051806,-0.4858730282768763,0.307849087279545,-0.4916097881367495,-0.4908027799605138,2.8671636827993514,0.3482585839792501,-0.5081301388067291,-0.5033750468922893,0.3541511532349202,-0.5037273457190897,-0.5026166179924317,2.556107101896651,0.9459930615518332
1010,-1.138981262624903,-1.8641818969853787,-1.8176057903092881,-1.135874819232619,-1.8564510736160162,-1.8147806088654785,3.154954003320619,-0.6241117105779506,-1.3316895799178028,-1.2976797664081712,-0.6119063949342899,-1.3165759290731032,-1.2962786473171386,2.1373733913493975,0.05369579831464983
1011,-0.03969894145280789,-0.193578178814823,-0.18847281819407932,-0.03720715528057088,-0.20314153886382375,-0.18452275295624837,2.135093407486521,-0.18450967233335447,-0.41161307900208666,-0.4011783775958264,-0.18489463044187623,-0.3950994595936763,-0.3992158205791525,1.9392443132991204,0.39321528129416106
1012,2.856017522244429,1.7966967331387416,1.7678034740606452,2.8553177624969095,1.7969539802715382,1.7685889269491983,1.1348015289278457,3.08450994904051,2.0635039329382834,2.031246209195335,3.0792221720994286,2.0661727601780395,2.0230972089058104,0.7492745795271714,2.260303951718934
1013,3.0132066280585086,1.6284570733189714,1.5916184501066895,3.0158371954580994,1.630741561008145,1.586003340697094,0.5320940635457192,3.0224911934598397,1.6630992251952532,1.6248166821756485,3.0227149517409635,1.6558482031779935,1.6209536104328182,0.02990188728075287,2.3519079766465136
1014,0.8169871570169954,0.5566644516549373,0.5435118520831171,0.8111316307996025,0.5543585512513455,0.5385397803030324,1.4976139232570898,0.8499909338964003,0.5610145495265324,0.5448252439736982,0.8564562809935387,0.5461527946066471,0.561219494648807,1.4005917820711016,0.7839610647813349
1015,-0.06413081203284648,0.5087434042251655,0.4963680765364729,-0.07352847448919415,0.4940267146135725,0.4870809298484906,2.808483940481778,-0.1508828051987787,0.5391120863234367,0.5249601007029894,-0.15245771538806904,0.5472154639857703,0.5161665450460781,2.451539829297286,-2.0872824029179973
1016,1.2285403665571397,1.1134427127082906,1.0911086709337294,1.2419934957287433,1.1210500358409257,1.1068244909442673,1.3647326101546742,0.965473369248232,0.8258369540288394,0.8073727558337818,0.9645602488669133,0.8292212744491819,0.8248215429447247,1.2971970096878913,0.5496717608557626
1017,2.6011080493079892,1.0457445227136037,1.028006890367794,2.6024110697835843,1.0412127077407172,1.025602031215167,-0.4228299926781897,2.3734634787106104,0.5885601975688046,0.5754141821445821,2.3693278352247407,0.5874619708321309,0.5534279449554302,-0.5723288952223623,2.9421708970985856
1018,1.1044690701600544,-0.27665502891210164,-0.27081878712806756,1.098600034123124,-0.27906195181893606,-0.2711037872364723,1.9478819183428677,1.230586985794422,-0.16945695059897134,-0.16583853700586443,1.2327794947742454,-0.17796320789098222,-0.15999261939074774,1.4949393639934805,1.7871073927820027
1019,-0.3370722448604262,-0.45880560186002767,-0.4490376719887621,-0.32297775375314547,-0.4256471775969412,-0.4441144434699175,2.312697508241364,-0.2676296176963259,-0.4201014998446459,-0.41054604052650595,-0.2580679198028385,-0.41394122987718623,-0.4097256444285597,1.806309129187031,0.3015868458477723
1020,1.1170923395160277,-0.45924287654334006,-0.4545086784529989,1.118192049841522,-0.45480486535978215,-0.4569133548372971,2.376129157662822,1.0327273321130033,-0.8042644117174022,-0.7983350356557489,1.0338817412265222,-0.8187334070462488,-0.8040890509372864,2.011105557171912,1.4138442641296025
1021,-0.5837943432848203,-0.8398562789996474,-0.8155700094215337,-0.57682342581068,-0.8480964027113531,-0.800898594195579,2.3271567059639935,-0.5239651285608734,-0.8166587960704048,-0.7933656595804506,-0.522372420473224,-0.822579413205441,-0.7826295785012839,2.0167311270977915,0.19115865548168257
1022,3.329941644074953,1.9593003281505426,1.9063270511306152,3.3307885389682763,1.9575532083652047,1.9077491499602672,-0.12407305428910965,3.5936714479000598,2.193816206089198,2.131434319616946,3.5975008226964538,2.1993546982307106,2.1302799074129233,-0.7788098373786435,2.896821706280972
1023,1.8244989934229474,0.9692332768202877,0.9484015882904632,1.8217910719056094,0.9676323415856143,0.9453741818910484,1.951234254304434,2.012522928712721,1.2422959161609293,1.217453633144169,2.018485241613666,1.2382815396325542,1.2027605745469563,1.5191991897723531,1.5013038993509924
1024,1.0588892084959585,0.2042939859072526,0.19915400753217577,1.0613484580710788,0.20938076831911565,0.2043180182219685,1.9549363453239224,1.2628177642229121,0.4977687238218773,0.4858883243900151,1.270077326266914,0.49688780800795057,0.475276400079631,1.4930556594111322,0.9225196433240526
1025,1.7968039175918569,-1.472929801323657,-1.4501730171567122,1.801484218555735,-1.4654591040875933,-1.4447785822664239,0.7764420323463577,1.849779676763939,-2.0727757375492732,-2.0383567311415116,1.8486398251753453,-2.0630894216044395,-2.0468241512515073,0.33182194241050805,3.4124979385152465
1026,-1.2834945307377839,-1.2504383666471792,-1.221985544891808,-1.2672571704564104,-1.2547184052540918,-1.2171433209688678,3.487059872623621,-1.0507710220714626,-0.9771362530010291,-0.9556029521672442,-1.061264031361096,-0.9825417425884521,-0.9562713902474713,3.0608041427471453,-0.586662052847948
1027,-0.9279878417187928,-0.8536943403186302,-0.8288362448605929,-0.9163669843130249,-0.8552365906893593,-0.8323192069569888,2.803966638001399,-0.7474287307050593,-0.6869668836738678,-0.6664660986242653,-0.7490017474682985,-0.6825616068716952,-0.6581627332158386,2.3959609002881206,-0.4066318032256644
1028,0.9827427487117696,1.14924525523047,1.125669104282831,0.977967980595565,1.145422072332679,1.1232259591185683,1.188400990692744,0.5053866620394012,0.6692082848957517,0.6550613177530356,0.4959075239898739,0.6704591831636543,0.6449167914307973,1.1035122652022689,-0.611707282959068
1029,2.094108636010894,-0.466483213825067,-0.45703374976616906,2.0920293874716878,-0.4579465897641704,-0.4700107206548693,0.29537676198910545,2.2549399579473244,-0.7790635836432607,-0.7656786271684959,2.2523461081118197,-0.7809990075314541,-0.7683083731053958,-0.27010821502515986,4.133972766453959
1030,1.8275824448876228,1.6941610842485377,1.6466553874772443,1.825810293980205,1.696866661948971,1.6433006936627885,0.8131371388516665,1.9008344627989402,1.7844304187674165,1.735607876772683,1.9039721580844255,1.7770101251895973,1.7435765734619262,0.48203262013893283,0.41705187486593165
1031,-1.0560720513706916,-1.7720116197938265,-1.7068752095217088,-1.0676940765334848,-1.7679829088637644,-1.6987189341621465,2.891005124840851,-0.7936535280352233,-1.5780239483628435,-1.5205784232352597,-0.79707237952669,-1.5726721125024221,-1.521432301182696,2.615477472238373,0.48276583730348255
1032,-0.054865661502482656,-1.5577348458189209,-1.5256740563901263,-0.05231715784513289,-1.5609831070913371,-1.538465622490562,2.3657968379577774,0.03643674872664288,-1.9426753385520679,-1.8960613578889094,0.03206033435406326,-1.9642981043217989,-1.8676818329547102,1.9010249102763108,1.442717811968864
1033,2.3003230067852494,0.34404499430674756,0.3373928110957955,2.3013069498784335,0.3466861175103857,0.3499778260903347,0.6589969043716196,2.398219035664227,0.43194605362045596,0.42311957650598747,2.3967505222074466,0.4207078941431869,0.4082583607745319,0.3689467570942566,2.5493541677769995
1034,1.9109794480488145,0.6300840649241687,0.61418008548043,1.9202194375992943,0.629821751107681,0.6146409017090984,0.6461004787590673,2.02538049392785,0.6215821620271986,0.604924308209542,2.030295543438794,0.6179431419319266,0.6037551230398573,0.2577568862658384,2.4170043197696165
1035,1.1141824629219685,0.8996420476083384,0.880709129501062,1.1161524943806096,0.8933498441001844,0.8749133968288274,1.644257340118511,1.0355388614443253,0.7962063625150878,0.7787076655317017,1.0462588468065794,0.7973618924340014,0.7730253544268196,1.3846982685979128,0.6427813897327158
1036,4.032533745525755,3.0194917693214522,2.955144143351519,4.0367158905897735,3.0107755891640804,2.952348538141146,-1.023295019100258,4.029799909944034,3.0445227074281243,2.982648032375753,4.019948508501188,3.050746755948192,2.983989915001246,-1.4215776359996202,2.8469125036100342
1037,1.7734161113620948,0.8811046328557172,0.8613764849748293,1.7638808964841466,0.8830217495706135,0.864438877849495,1.1641536361207774,1.7439387801876864,0.8404303622465639,0.8216092229962715,1.7544707157641253,0.8459827351689552,0.8178585508292963,0.8518693715722735,2.1792638201971757
1038,2.472563511337241,-1.803672655441039,-1.757335986827628,2.4749894184052863,-1.8125638969168318,-1.770974104196889,1.081376965731324,2.7279532359193697,-1.4811356721497932,-1.441956381223863,2.723624441085609,-1.4833371688385761,-1.4422035312094108,0.6185577230622643,3.6163307696605647
1039,-1.090473786388414,-2.2810677916460267,-2.2274216352881897,-1.0910418322725752,-2.274995060390937,-2.228390664560919,3.011255815411941,-0.9391461851345716,-2.6890943139185777,-2.6372712375686937,-0.9290573635564721,-2.7044184417027752,-2.621939951922341,2.668847130993729,0.620596583258997
1040,1.041702060550889,-0.1448743559547155,-0.14113086837722308,1.0482071467525096,-0.12533209954934785,-0.13928100739213012,1.1820354435438571,1.4700823103935452,0.2774802609592668,0.26989560270353496,1.476909473287352,0.2851367527857383,0.27840065178532875,0.4818838517800424,2.344684171910444
1041,1.6235196472941185,1.5545818650120709,1.5255966272744041,1.6242902929783252,1.5485409272544886,1.517961908592788,0.43842669235296156,1.4288009177634065,1.35923001259131,1.3369261206497642,1.435725612186906,1.35862894596152,1.334115000085445,0.33289772529713907,0.32920945315709343
1042,0.8251658425526733,0.40937644403713225,0.39945646446364325,0.8345259328246641,0.4051711390105222,0.3906244440799446,1.970061245195238,0.7847404395948969,0.3773277485250385,0.368683683821961,0.7971290097741337,0.39231218294135173,0.37699558408316386,1.4912880170948908,1.045058846479271
1043,2.4024960963030626,1.3269933178680648,1.3006014091749076,2.404065468650375,1.326204625717001,1.2927562483616575,1.887770219044623,2.237686165645826,0.7815717670027365,0.7698803766607812,2.242182240463023,0.7712719600890386,0.7592668653018001,1.2963325749273322,2.0177611704137837
1044,0.14245934602112675,-0.552160697824857,-0.5338391039127369,0.1388454171792274,-0.5467576517157364,-0.5371131999181273,1.946052736467911,0.5275246683300877,-0.2680592187240076,-0.2604401943454992,0.5272288985905947,-0.26571096122043636,-0.2542350509266417,1.543858121425931,1.2004879503622423
1045,-0.8507520083380748,-0.810541765496802,-0.7887204854972236,-0.8601138384913133,-0.8186703829981044,-0.8033433935952543,3.415675891767071,-1.1042741776185885,-1.314088602891981,-1.2770842698144043,-1.1176831566026146,-1.2872801677991168,-1.2536102712242907,3.2335909810787222,-0.7122199406866274
1046,1.5361596851082016,1.694898013377982,1.656561175181484,1.522417970993551,1.696153095120649,1.6620245720714313,1.048146877658471,1.217279275756443,1.3381093714310024,1.3058520152795656,1.228694645023041,1.3423751650772269,1.2999205277402068,0.8568106230522351,0.09432999485547659
1047,0.8943470201899202,1.0948761823667519,1.0709484303819254,0.8906593874205245,1.0920489784341125,1.0658304003210755,2.339910672347895,0.8434363083619233,1.0774562545331134,1.0554917708503815,0.8413206336574425,1.0718460255163018,1.054097936835161,1.9170031280499846,-2.041060314234208
1048,0.8240789086104058,1.029458795428666,1.0056320721058145,0.8301954551908954,1.0102324118930064,1.0057803595759576,0.8699997073166039,0.8395091353722108,1.163008372857638,1.1375597324514353,0.8488861999767453,1.1769053045144788,1.1392333282172367,0.413671513185304,-0.07877045646423053
1049,-0.8225295413077849,-0.8614664295810055,-0.8409262716622211,-0.8159935329354159,-0.8465367911378756,-0.8617515699963006,2.6482282437383033,-0.9816821289962333,-1.0375536548645936,-1.0126639468684042,-0.9632030043298503,-1.0455749616139371,-1.016238114892226,2.502189166675374,-0.051038942203418376
1050,2.3343947511028977,0.7026918228685501,0.691848467306749,2.3288303259837986,0.7074832269585678,0.6870434026626026,0.7246261943496413,2.379105102767338,0.5650450551937363,0.558603257581639,2.3879722334982927,0.5736302495291952,0.5554248128046789,0.3075612028338319,2.46252701423665
1051,0.5835321150881028,1.1559242565256747,1.1290035680775674,0.577704996386609,1.1568383163083884,1.1324505456808576,1.8696223600039958,0.610682213347537,1.2943763328172602,1.260066323473088,0.61512252068441,1.2817962334851614,1.2595848792228663,1.4202909091425566,-2.0346650182314265
1052,-0.026216272891532184,-1.0832138305153067,-1.0419393564514288,-0.02651718809994404,-1.0773993750840793,-1.0441483213599871,1.9415999010838285,-0.09291967507549252,-1.223966359905963,-1.1804301017148133,-0.09749598189705135,-1.2275768368735265,-1.1868737115458539,1.704865478544319,3.0573714129429703
1053,-0.3070541246827569,-0.09259501313751876,-0.09048914632148314,-0.3181301274646105,-0.08862336474939687,-0.0686384848897004,3.138762541011805,-1.0058769092244813,-0.7407334411947771,-0.7280650126441263,-1.0131921380770434,-0.7399339461771665,-0.7331665537658825,3.239742147536283,-2.4767338224570836
1054,-0.46095110346281354,-0.5764515584674215,-0.5565772183914839,-0.46179799466591676,-0.57088597142767,-0.5531418924166648,2.264773835673725,-0.4631875250311477,-0.5588255091936571,-0.5391621933350358,-0.46209342394678604,-0.5493187770853424,-0.5464832638993558,2.2014092670446077,-0.10958516357723631
1055,2.770169660908358,2.4380694065594484,2.370451359737475,2.7717325437008378,2.4287849003034157,2.3735872928636463,-0.01010607685229222,2.9665766576034693,2.604902892078007,2.5370086827603338,2.960962892812753,2.597101813730622,2.5427276143780495,-0.36393849755498264,2.1446945932741572
1056,-0.03526184946620162,-0.38651085564658016,-0.38144669383740604,-0.029793688456658116,-0.3844518337831221,-0.38111945910788836,2.862194473790944,-0.4647326059997896,-0.9623651936376821,-0.9495360008562408,-0.4641814015544963,-0.9760879114697757,-0.9283747186782275,2.727571061962022,0.9857060606205482
1057,2.1624435474301373,2.123077808273328,2.0910115428186478,2.1672902248890415,2.1414718540070017,2.081884513619412,1.262684814105522,1.7204163127381042,1.5892325311163533,1.5601616992551315,1.7088486998370374,1.5912588792493045,1.5539969111468395,1.1525177696060709,0.705757669438637
1058,-0.48624177443494504,-0.5437198576967984,-0.5338072481214486,-0.4771762508886753,-0.5361043450870003,-0.5415869353702099,2.5732938669301757,-0.1563458967541316,-0.2310220770615225,-0.2271238822869205,-0.1452427879017114,-0.22122332302474554,-0.23068718566533442,1.864539346266598,0.12013391780027192
1059,-1.5157208076703281,-1.274841861049217,-1.2433364681160484,-1.5029057514782607,-1.2755204192221523,-1.2500332472031976,3.9716950794845083,-1.3849075866653056,-1.1446247873482969,-1.1163679627667085,-1.3866915446603865,-1.1522122502352043,-1.1158231160336092,3.601072756908939,-0.4407816535059976
1060,0.23389950415787508,0.034155417082277935,0.03329708667551928,0.223801359050516,0.032431148163209494,0.034839866307527355,2.3247289079719766,0.09591941270577946,-0.13261772600587857,-0.12924784072014467,0.09008222354172424,-0.12877364236091596,-0.12473118481441475,1.9462056973204924,0.2408014578886156
1061,-0.8155340811139239,-1.1318579256284982,-1.1188464862096914,-0.8123685918031857,-1.1321422323979948,-1.1182996133527567,3.3855814292287043,-0.4582944876175976,-0.7457767719318549,-0.7363474361463582,-0.4682202678563696,-0.749914973772439,-0.7463642874222285,2.897664206093681,-0.02823803360496042
1062,0.16203031734151815,0.5697770274623506,0.5524843511852632,0.16090031524554496,0.5535090897161484,0.5599119415724894,1.8326140264302782,0.2710783704641305,0.7538359725804311,0.7305320472599302,0.2680923664213403,0.7281709292857075,0.7185261449178953,1.4313255350483283,-0.48885567261294954
1063,-0.6812062835557211,-0.7546995810718944,-0.741137401027329,-0.687019614385206,-0.7472674668081931,-0.7442098645025919,2.5883025149078387,-0.6027467348069298,-0.6827346836080814,-0.6682759310163913,-0.6010012690012034,-0.6902311741602409,-0.6887871488947555,2.1769770688063854,0.34071059389526165
1064,-1.1176342720048407,-0.6253681532356072,-0.6160111885383301,-1.0860923723425364,-0.6288995978400718,-0.6084173692408367,2.9090752381260145,-1.4258210962274025,-0.7540136397385363,-0.7418348421751452,-1.4479186505663917,-0.7415735392197452,-0.7271039054390402,2.803208316459744,-2.0329745445496994
1065,0.1509092295074136,0.3569770577157417,0.3499777571966741,0.13638529569664623,0.36164228026043627,0.3503735525509967,1.9412301628964936,-0.19628605150522313,0.005779268966290268,0.005655776021976831,-0.18780871500589322,0.0028689002453122447,0.0009047365799121735,1.9201251492601845,-0.7954001142866572
1066,0.3853213934942166,0.5832257450513025,0.5748065974250052,0.3934822569249372,0.5855997165558641,0.5711121574591351,2.2011691037815804,0.5232252481576335,0.7603461740454106,0.7501426658194943,0.5305762756145306,0.756414253092531,0.7407735533112024,1.799438531983886,-3.2398555860145866
1067,-0.9980751818756218,-1.17341376728581,-1.150052168821587,-1.0100231505924484,-1.2038634345497803,-1.1413978398193798,3.0367558674793353,-0.7471239573425493,-0.8828836749999606,-0.8639878880438295,-0.7564417722613197,-0.8632732724491802,-0.8905101336934117,2.5344160323131066,-0.23175670559812403
1068,1.154571844879451,-0.18537655976519687,-0.18004534552064008,1.1553407952555654,-0.1879367907176118,-0.18093853215152406,1.7608068042291152,1.3041637234084738,-0.13685558242479998,-0.1326321219767239,1.2963370088607333,-0.1362833444521179,-0.13679900106913795,1.575623546706815,1.913756190130738
1069,2.273574623890098,-0.9479747050280344,-0.9360600858249571,2.2708723832034883,-0.9615375635772175,-0.9334167116124088,0.7475926656751163,2.587840060926936,-0.656438690841738,-0.6467461071073946,2.581123998813299,-0.6494521516310459,-0.6301678607530703,0.2376456941920802,3.634104372374145
1070,0.23534181319392017,-0.4352824828456301,-0.42539608115787675,0.2381808906967027,-0.42287809644112445,-0.43097372402551687,1.6811713390758338,0.42671050847952585,-0.3020940700705367,-0.2953950636992298,0.428721644566702,-0.3027696181069685,-0.2962039753688947,1.2858858111705667,1.465392430863872
1071,0.3825755617238862,-0.013084067243037519,-0.012752121690906972,0.38274765087275503,-0.006157566372402822,-0.007310090716482901,1.9670494870311035,0.25150545948976594,-0.19558716678095142,-0.1905158240805784,0.2585645516219394,-0.20283026524036016,-0.18878315647811542,1.6819958208021708,0.6617536836870647
1072,-1.9972227113845287,-1.7251242367438222,-1.662496075762962,-2.000364308475409,-1.7208097099207877,-1.656139914561025,1.8419693140924032,-1.8724280392014725,-1.585045609816271,-1.5265469953997763,-1.870891259343086,-1.5819987348340985,-1.5245987601906286,1.7733277089384272,-2.004397735749893
1073,1.002523653905696,0.1537190584326036,0.15009153075909953,0.9921914615061757,0.13673078495130161,0.15151008531963675,1.6518184222242323,1.0478326386146781,0.2679915253855498,0.2629737741369296,1.0585725294425339,0.2445633652633516,0.24571380145744673,1.2777455860772635,1.4116591110347412
1074,1.7706374743539006,-0.7802665818097253,-0.7921186574060901,1.76714553255781,-0.7775326698952868,-0.7960774903631681,1.5929771519577272,1.702770377478791,-1.4190542971332283,-1.4230677452052003,1.6984582985450394,-1.4113515824329947,-1.4224102503093594,1.1001079060438814,3.3063937399431196
1075,3.3395256798886974,1.3511781393654456,1.3213510734483325,3.346536163150843,1.3530525033826881,1.3294796565659521,0.545095906975662,3.3688436427310293,1.2464436543962158,1.216866049502682,3.377088054391364,1.2510698673479053,1.210283062882523,-0.08916854027408821,3.1514462542352772
1076,-0.10224680062979316,-1.5235464307414013,-1.4963071752463137,-0.09566543511606938,-1.5290807351998237,-1.479153520079964,2.28116735737762,0.04482204915689353,-1.9873166313825839,-1.9520905202533794,0.0634458832491396,-1.9764747059870678,-1.9592052386026118,1.8594110826485604,1.3120007107811742
1077,0.5845574296464421,-0.5928598852684657,-0.5809393281387297,0.5862886424112639,-0.5812018656578332,-0.5897434925642417,2.4424133116959967,0.6173422803317973,-0.8266937209208582,-0.8104922159308128,0.6065794441424858,-0.8280961230093424,-0.8114462992878712,2.180763566454331,1.6752542911067947
1078,0.7825932226727281,-0.6455194553447097,-0.6325133167536303,0.7837679240513348,-0.6413796309877956,-0.640299504536772,1.4488128812526222,0.9919336363273276,-0.44960737583955707,-0.4401880731316782,0.989081930247651,-0.4384344220102217,-0.45294816026589346,0.9964671507188579,1.6694832753492026
1079,2.774009224947463,0.3544420440787481,0.34800847672615237,2.777286458094078,0.35034895305644714,0.3584980256169019,-0.10105163177894622,2.96455412953958,0.4938797916595986,0.48259988577114105,2.9682504393152938,0.49895446086333994,0.48651288743622545,-0.5774266115154753,3.5931187096467205
1080,2.179698916992401,0.5056506032830121,0.49639847696945755,2.156499484314465,0.5177108490377877,0.4910859095034659,0.8662333547429172,2.224725186493763,0.520888774567493,0.5116317252950413,2.229683188954424,0.5212097321300738,0.5025411983382638,0.5002553040200715,2.4439627387586556
1081,1.638041163000073,0.6433423732806909,0.6309336853532879,1.633322376238289,0.6479931678178348,0.6238577366382037,1.8725343062553896,1.302463951068533,0.163641368935885,0.16005839637406888,1.3059462377182864,0.1524472701254184,0.16804624562409384,1.636561682709215,1.2888016974991923
1082,1.8128811449696165,0.28633763362889225,0.27955679653429316,1.8087376949887275,0.2733219896178198,0.2801087375554327,1.4746217068711436,1.8507858173501048,0.09910153514583633,0.09677222136727438,1.8593718320062687,0.09636342092358381,0.08284608291923108,1.21461392372092,2.4973857736259863
1083,2.920725396167763,0.09158386074713905,0.08874799272704506,2.928018901078716,0.09450096393082996,0.09042249136699615,-0.47200675338681547,3.1708510190924977,0.16524404814635693,0.1601103560775609,3.1749093845714067,0.17297794300427263,0.1672213987069331,-1.0873574058237427,3.9364770122266517
1084,2.4670847332503487,0.8289202852305472,0.820853464287649,2.463955330474267,0.8371229376745701,0.822355223228599,0.3421105971494968,2.2940709374666546,0.30977657489740645,0.3066306940840163,2.2956082657117913,0.3111177261437493,0.3075624665880088,0.18856160328232618,2.6607307949326704
1085,0.09814661522283671,0.1357355992434903,0.13210033419431766,0.0896478224769475,0.13592113266919462,0.12943892137891366,2.2735056866906715,0.27835808712002985,0.31062359844371074,0.3016964247417836,0.29577629882328244,0.3074629515198483,0.29177842000695287,1.905289820143929,-0.163495625412073
1086,2.271330818808119,2.169811133891517,2.0999575338702496,2.2716359864231968,2.1717279990390206,2.097144852013966,1.3678450768522623,1.6035323375462953,1.488513631725599,1.4433550248034335,1.6018325895561363,1.491765053100995,1.4559014473985015,1.2654657271054945,0.20246694311021934
1087,-0.32829098935890194,-0.1647208733604767,-0.16052456735870063,-0.32392603404618897,-0.1629958252771057,-0.15777636352114696,1.863072253500019,-0.39243390948477685,-0.20995071071750446,-0.20505487204545808,-0.3970707262860673,-0.2106567806303322,-0.2153752218683621,1.7179919601813927,-1.8266476262785565
1088,0.5385909363528553,-0.23002611331736572,-0.22660076590693595,0.5265798668998135,-0.25253950872964537,-0.2219798174941481,1.4998417735297684,0.7804018024448911,-0.02605709718557508,-0.025549355772835503,0.7751702753213451,-0.04114149815534816,-0.045107574991511495,1.013609402262813,1.2254424612058399
1089,1.3145882409595102,1.3631143563443966,1.340997528867887,1.3114718213940364,1.358107381622943,1.3458243402331942,2.1210940385806474,1.2121642514444007,1.2538994715955156,1.2303447396038378,1.2086835959394409,1.2511529661602798,1.2286973367861425,1.795581356342879,-0.046704564377103026
1090,1.0039955866921393,0.6897051742510439,0.6854105686676301,1.005543112577006,0.6782087603591627,0.6865879483907003,1.827276191792336,1.0063793574396929,0.7570977843640886,0.7519736793501831,1.0110959428788524,0.766414653107279,0.7561642513957524,1.3794553608595705,0.5853209804933893
1091,2.4957685403702423,1.1902451158739318,1.165006616959627,2.5024482684049727,1.1910817622168317,1.17791795197822,0.15193684059771942,2.939264465521539,1.8303300901262298,1.7956985143341795,2.946163980296732,1.8197518455160484,1.7992377981077436,-0.6325152037393755,2.488204282134357
1092,1.3297686817655123,0.11503563781614913,0.11192877830804523,1.3276433647236114,0.10344343457850301,0.0917921324565725,1.134083863788004,1.2070518804863366,-0.12977759090242377,-0.12602433485793116,1.2049524060640593,-0.11745674484761448,-0.13213516942683534,0.9626525177600698,2.247495517387454
1093,-2.0033843607822277,-2.5055660481330864,-2.4394771067433254,-2.0033547139146988,-2.504363135875986,-2.44063782970302,2.9381870077475423,-1.9354816551468579,-2.536293163030078,-2.470445021414671,-1.9340619495916598,-2.5370174313849874,-2.472087146147863,3.0776449934700483,1.5607749593888554
1094,1.0744994717823393,-1.1784612504310479,-1.1471533160138443,1.084899950690445,-1.1776825368912132,-1.1449674238989473,1.3517355428452023,0.8289584262740917,-1.6066289492614363,-1.5590617106085,0.820307938786274,-1.6007432532919696,-1.5576567476487369,1.2956314041971637,3.2223489322373715
1095,0.9564135595600677,0.4655243652042238,0.45439000277342384,0.9573911709854892,0.4531365080694715,0.4454238392581225,1.2621420512933839,0.5816792417531061,-0.237693444881861,-0.23236587170616374,0.5885084789307473,-0.22648672330568842,-0.23658679385351256,1.2730768233789607,1.34342449762621
1096,-1.1069488095662992,-1.3336621354701033,-1.2911260581540722,-1.1291319300446612,-1.3479426149056424,-1.294370999752616,3.078417100714436,-0.9215268868461836,-1.1609842183168853,-1.1231032752789887,-0.915971315170927,-1.1441019700062496,-1.1199630474374522,2.6114918489443526,-0.11707670796890757
1097,2.5215118362744855,0.6313493888085803,0.6189045224954361,2.5161898478577505,0.6252870483071435,0.6145737037722818,0.9027325932703304,2.377173318912426,0.20457830530278204,0.20009642973840244,2.3812795996369727,0.20693018178905195,0.19973960538048835,0.7168584807813292,2.596472795651936
1098,0.8096642695060237,-1.0368908918657511,-1.015636493679113,0.8215001006233386,-1.0396304128100902,-1.0142620060149468,1.7252277228220694,1.0547450093966946,-0.9279633807235564,-0.9057594198053084,1.0637119843545149,-0.9331025988538972,-0.8881072493013528,1.1887509384437018,1.802425064420635
1099,0.680853623861235,0.09697635813193833,0.09507184354903588,0.6819347843246008,0.09552633624756968,0.08351385324601619,1.2497218838642947,0.7583185422845177,0.019886536278581956,0.01951382858785493,0.7528656875886073,0.014658159790862744,0.006453497660925698,0.7850426917563577,1.2343012004725278
1100,1.5453758479784225,1.6358524664511713,1.6182974221742623,1.5532590396042938,1.6386816102289476,1.6149310704734452,1.4796571200880286,1.4843353305507354,1.564860860931969,1.5469267799335085,1.4766282683243668,1.5906382291714134,1.534099512836607,1.1295650426139865,-0.33973678052506157
1101,-2.2104419537372055,-2.2265638414769025,-2.171139250259675,-2.1987313728686684,-2.2372570476943703,-2.1815509005876947,3.3534295958967353,-2.1468792221945012,-2.17501785583186,-2.110842604697959,-2.140968537628781,-2.1769820246094054,-2.0978227981336226,3.262364094643695,-0.5480498457292868
1102,-0.9967435203991828,-0.8504458815887084,-0.8208219096637788,-0.9973402945140611,-0.8470108164593277,-0.8261276519973733,3.4743019385780465,-1.5450620265332697,-1.3997580893355048,-1.3521421776720686,-1.5518007556910816,-1.4034193287779515,-1.3584372834276663,3.686165251431552,-3.1645563492881754
1103,-0.26351602297191173,-0.3959344512520283,-0.3883311677178484,-0.25860040693938063,-0.41755747460523435,-0.3933973343924839,2.9397451168549744,-0.004353198917034788,-0.13213390242851233,-0.12925132575149514,6.421469426440147e-05,-0.12327079324720447,-0.09811212778386055,2.4063502730509994,-0.09503077099544148
1104,-1.7279206044211393,-1.9388102736748642,-1.891398417769861,-1.7464825901517789,-1.933238476679482,-1.8734534637451965,3.5362699754477243,-1.6696495468539252,-2.277495913326057,-2.2196581607650976,-1.657595281981855,-2.2435119462357425,-2.2160706846609686,2.9343078690484137,0.04838915680283277
1105,0.43624855733036444,-0.37832429995410116,-0.37131070719821685,0.44267122809856424,-0.3808747395201031,-0.3763700055503335,2.3756866000794994,-0.030332611285805278,-0.9790183582895746,-0.9594811279144776,-0.032362679680399,-0.9921646208118511,-0.9745326322015279,2.267699948292421,1.8337938524805293
1106,0.06888134927915239,0.046362375093504785,0.045312963084090926,0.06514872494957147,0.04422730774261023,0.0470082562436879,1.5589091210059658,0.12781378881098987,0.10740800738613725,0.10476306219973647,0.12552264800439286,0.111480160367147,0.09614958823662542,1.451717850119155,-0.2666385484039881
1107,0.48744251363228136,-1.0828785130725704,-1.0556052426014555,0.48623946670015816,-1.0902191852584486,-1.060161131811827,1.8795920340818175,0.7468509059467142,-0.9916534101249556,-0.9680005418574626,0.7454968633506917,-1.0006961218349384,-0.9620284041064832,1.4328767145421313,1.7480935253421648
1108,0.8341757624457644,-1.0451674244794562,-1.0172750380610949,0.8351152486068716,-1.0415258379115355,-1.0091728557001232,1.7955701438879805,1.0130637943848466,-0.9349168810731118,-0.9082918315257872,1.0096043955232716,-0.9365179237853002,-0.9111864570303994,1.2982782464050258,2.190912415882038
1109,1.9231671417675669,0.3093514649841715,0.3028075583438049,1.9216563228855421,0.31386040810582544,0.3085545043768496,1.7361540612370472,1.8219089997058955,0.03375720022153341,0.033024366648853984,1.8213640661035262,0.029601919877620397,0.03871175632310902,1.451928710397395,1.964726631719224
1110,2.0289952652178496,1.3041658028125862,1.2717033956042902,2.034525279993484,1.3055826404332849,1.2803483862818685,0.7846846558057252,2.441708748186347,1.5568710423375887,1.5189451070056783,2.4516024726308405,1.548848615016359,1.5126407556130643,0.09027916314169283,1.572976404597508
1111,2.714119485334445,0.12118757162842825,0.11829030319785379,2.7093166959878925,0.11373349360972622,0.12411327606424458,0.13147993839001043,2.7429842575110857,-0.11484125622332937,-0.11221082082219787,2.736070633846984,-0.12863681298121954,-0.13408910479486819,-0.3739048137311118,3.695304397287981
1112,-1.0515369454433732,-1.152912023429768,-1.120526641511434,-1.0340839228844059,-1.13629023272322,-1.1320702194398198,2.7200394265836976,-1.2337132763635141,-1.5628231725528279,-1.5129019306338685,-1.2478578898708101,-1.558570979466422,-1.4948406502509082,2.7886371392219456,-0.35863836304719127
1113,-1.7683147897146736,-1.4472749782138044,-1.4122422661011722,-1.7830631103874537,-1.4497328894977797,-1.4291399952677704,3.851332965128716,-2.0133905288876646,-1.7030009989851747,-1.66282751335407,-2.013627175845658,-1.6881796923402426,-1.6759024643810476,3.6033528073446424,-1.2215018365334451
1114,2.369447751717764,0.14434352629781907,0.14197703914008772,2.3645417021513304,0.15104119959477022,0.13560485558545074,0.40569647654395297,2.5218377626313235,0.1338455518735404,0.13161193751797554,2.5275781437894036,0.13429643655145154,0.12479229237125983,0.026051385711088466,3.1097128083573136
1115,1.1935594625406099,0.1604466247899367,0.15642888721980036,1.2028692359493907,0.16341838707359818,0.16377221618919527,1.476484121437448,1.501971715265404,0.4010987176631039,0.3915109931458782,1.499692828225521,0.3986987113089852,0.40178733308058445,0.8955782714751678,2.1263851617083835
1116,4.532506907493086,0.9471812546928604,0.9334855156316128,4.524714872015932,0.9482788446031373,0.9325232219339312,-1.8487682617006436,4.596892878462095,0.6106291762311675,0.6015281603906524,4.588761293304009,0.6064201912570016,0.5947486319050672,-2.109544716068953,5.096158005419835
1117,-0.37402640962704525,-0.6419993546738401,-0.6272736360000025,-0.37564939073898107,-0.6436244255568542,-0.6321454328444052,2.1188542487634434,-0.8220682113720003,-1.292939944927772,-1.2570330500084548,-0.8267353258615108,-1.303168612149595,-1.2578218863734953,2.0893602055930254,0.4452575405259091
1118,0.4565017244127748,-1.4745993549575043,-1.430739334778661,0.45685334048525633,-1.4869114845148568,-1.424884949756259,1.374291645694808,0.7317533083032951,-1.678869841353047,-1.6228113190657618,0.7343444067888187,-1.6978189081898936,-1.6174531488078394,0.8617784462637937,2.3254030293982013
1119,-0.8287991206293736,-2.059598698470071,-2.015797091570194,-0.8306517731913888,-2.064495553889997,-2.0182613138970393,2.8778629158413165,-0.630234644969796,-1.9634901977105375,-1.9131368694243691,-0.6422182818664612,-1.9741233545591834,-1.8921783936673702,2.2916775199533816,1.0346819182151
1120,-0.016170537797228334,-1.0680320962262722,-1.0442015523729504,-0.020807453142083952,-1.0721166552574166,-1.0367668552868154,1.6944221970881466,0.03091220392685847,-1.1473138796067326,-1.1125252930723208,0.029082866188538368,-1.1603265838303394,-1.1132040864345902,1.4619541183435556,1.6487193454590816
1121,2.130487575891288,-0.36305788863141814,-0.3604237521086912,2.1280457783186115,-0.3703857254976564,-0.3574893643791273,0.8068652221139365,2.3881946244744943,-0.2678993901382031,-0.26589593424001456,2.3930430329755645,-0.2786917695654851,-0.26638599069258373,0.20052720766101842,3.6173028240356477
1122,2.459512029809978,1.1912363440230478,1.1582755066903638,2.4558487702886755,1.1969251300051682,1.1586183579426255,0.5624215406835771,2.4737133239145885,1.0604050967774354,1.0322624129716995,2.4846398058038104,1.0750259076845827,1.02050166349849,-0.0291213677547982,2.3041180346048673
1123,-1.7960574896663615,-1.7073273878893795,-1.668796833208986,-1.7992580582593494,-1.7054115359090967,-1.6711211549063547,3.54384651015819,-1.9105053804990366,-1.9114395693334063,-1.860881405002725,-1.9047676861713767,-1.9287262693266611,-1.8672085884054848,3.4575258225869323,-0.3758726728978524
1124,-0.9070531479920979,-0.9732851579541318,-0.9514363628612524,-0.903606311948739,-0.9813077372770402,-0.9564739086624039,3.0290980422216705,-0.6444049009506145,-0.7549926147384324,-0.7365853703013349,-0.6479672090192591,-0.7451207923044744,-0.7376817324844743,2.510052874127194,-0.3890717031831765
1125,0.9850757810131254,1.440094596107631,1.4193545978598066,0.9952637364106643,1.4515112674923243,1.430608379678685,2.082605422264307,0.65587232489806,1.1959344176530167,1.1783785149920534,0.6489144848720775,1.1736279900143194,1.1800962804544048,1.8831019281180041,-1.3232192490931345
1126,-0.9495365261503771,-1.189721352111817,-1.1751479126805708,-0.9477660001356999,-1.201522787586785,-1.1773894910797893,2.8607331845722115,-0.8069770804726353,-1.0949370167857617,-1.0806129781595315,-0.7970523791647249,-1.0889351958374531,-1.0892896618038659,2.326417305782221,0.5305591955167417
1127,0.7700404709314215,0.07429922424139335,0.07271419482297463,0.7634552431356622,0.08307020746818077,0.07997925643718264,1.932127343721821,1.0680065608776734,0.2752556327589753,0.2689205431730401,1.0600074436956195,0.2730098672189882,0.26342972400650905,1.112722352182874,1.2384532690556198
1128,0.2065038831582492,-1.9086339168959054,-1.8646594122006779,0.20257637522576002,-1.9087879683395472,-1.8573837947810035,2.3533275304186096,0.5437123657750437,-1.6757522783146552,-1.6335160633283883,0.5460703741812328,-1.6870674317217778,-1.6326576079963293,1.782085261708071,1.7146226327346088
1129,1.422075324200352,0.8913692905357748,0.8737951028448311,1.4216424705049726,0.8886375771155484,0.8859001945846625,1.1415656732787731,1.4073061642464546,0.8683988910251201,0.8511439431262994,1.4044205101334564,0.8724966987809146,0.8668607368125144,0.8486824281645494,1.3112855041338525
1130,2.3948151975948315,0.9786961830447716,0.9613636837422126,2.3974886100631507,0.983619516260764,0.9645835238865348,1.9848268585231656,2.4402200155359552,1.0507832899824876,1.030765283143814,2.4402462077697336,1.036264506754484,1.0289158715406026,1.3543685109418453,1.8735034610618024
1131,1.2534154053428457,1.0724423833862378,1.0433611770708215,1.2424571554531147,1.0708575051423124,1.0535349026679057,1.5503440339544572,1.0968106092529717,0.8744787455628333,0.8503473619703953,1.1047215069396283,0.8917210852676465,0.8589007953008647,1.3094929121100485,0.889254040658099
1132,3.662378501274729,1.7916088755551298,1.7544327169368898,3.664777875851708,1.7924163626891618,1.747245636637865,-0.02039042723446961,3.8891761746345677,1.9927584492169774,1.9491528865373526,3.888376222478083,1.9875769432790475,1.9542486115087216,-0.6126754756412847,4.0451215876801205
1133,3.420659815582018,-1.7058278120544375,-1.6822751353963665,3.4174746372078038,-1.6939758935231601,-1.6929550678025478,-1.254743250674679,3.6723770997511687,-2.076377981442895,-2.042477524006224,3.6578947309205625,-2.0709419220754213,-2.0670589677437663,-1.7495164514732788,4.426278232516243
1134,2.66961841886319,-1.6832027595944927,-1.634413911953303,2.671482543762175,-1.6982045884225203,-1.6406736220941782,0.7110190054416394,2.94222978842574,-1.2887292933491357,-1.2527606619406713,2.9405388008638944,-1.2824336270416017,-1.2609942796395923,0.2376125107319773,3.6229437054848064
1135,1.230433249259958,0.5087154063322101,0.49592177964769657,1.226651889735332,0.5149942269173187,0.4994533966064176,0.7540642347497045,1.512210865797031,0.5622346867270389,0.5486077117687971,1.5176807538268802,0.5548669759418547,0.5422034372867008,0.21238520328094107,2.736282832378892
1136,3.078146947378218,0.7068703915375458,0.6853464764332015,3.079611504100831,0.7258739675479418,0.6723834140759313,-0.5414702112882667,3.389238498301755,1.031350778007265,1.001078104296752,3.39374668159234,1.039106970349676,0.997141598378229,-1.0220031419020803,3.8888801328057854
1137,-1.4547445778710673,-1.097182086005152,-1.0769945535825955,-1.456920324730126,-1.1087890576855508,-1.0878922726662568,3.2122010582075347,-1.7571221829251245,-1.370319262934197,-1.354260339124428,-1.7770088115155274,-1.3722614850647015,-1.3535180519949095,3.108989060484726,-2.2962796477128173
1138,-0.5852843830561286,-1.4732924981996198,-1.4241064428979036,-0.589365818640922,-1.4644574126055094,-1.4244479846308744,2.677849330374932,0.02172492951219837,-0.8768888907395009,-0.8488393245996075,0.024190249468375724,-0.8736968615324473,-0.8572735318064292,2.0568105683462434,1.1980833998398528
1139,-1.18283384970884,-1.2755378636501644,-1.2474052119148678,-1.1791871697128116,-1.2671274930804028,-1.233601050685534,3.67392542404785,-0.8084570266642215,-0.8646189487437387,-0.8453301709097085,-0.811638626714453,-0.8717735986639806,-0.8419986071310743,3.0804553666484598,-0.5519287270231721
1140,1.5601865912880137,-0.343791019029094,-0.3374468034134037,1.551836163007041,-0.35117036966599113,-0.3399466520074574,1.7783348429755603,1.9115535425790422,0.01021133071139669,0.010021398168884177,1.9167291989494115,0.013544258420702943,-0.003256575098491529,1.3083036647357438,2.0596858454686413
1141,-0.6083046686459372,-1.324715169065249,-1.3010453659186694,-0.6175562931387057,-1.333162093874609,-1.3000699677006557,3.283960638717966,-0.11078533013421775,-0.8830695186157053,-0.866302390020018,-0.1137545863743684,-0.8611188082127453,-0.8522666826654437,2.5143792471163082,0.23428730036673936
1142,1.6226298544674718,1.748055305473409,1.7093147595193832,1.6227474867198466,1.754608285206803,1.7137824603892347,1.3067864967876737,1.2700228028228164,1.4623691156493637,1.431156875154937,1.273366579190197,1.4682152747190609,1.440822742104139,0.9642330429439487,-0.2650143035989031
1143,-1.1176073221453595,-1.4211988408811016,-1.3967082124761208,-1.1181338788262276,-1.430535472847833,-1.3906725792117087,3.1858131010629602,-1.3523514426722245,-1.7319615469128191,-1.704142847503753,-1.3415141121484913,-1.7211836653248842,-1.7116214707295774,2.957954885510223,0.15218171639655123
1144,0.7277192952729964,0.36758529862498673,0.3579878615120453,0.7243904346209803,0.36645791913761133,0.3569569733459239,1.9408382272978306,-0.12477612647249577,-0.7134552093218373,-0.6993241725272401,-0.1291908997771532,-0.7184916058391656,-0.70087052764047,2.2961142736391587,1.1054291003325853
1145,1.9295791472421908,-0.7393747019900571,-0.7217825027623616,1.9379083826245338,-0.7364364841763624,-0.7165786525024372,1.414108423012798,2.1300300051472885,-0.5087456032215948,-0.49557355260734515,2.1324266092183715,-0.49960437776713823,-0.49821514285878565,0.9435886765213539,2.6955708776240885
1146,-1.4246638466289123,-1.3444118926581201,-1.3016695361076422,-1.4149742836188843,-1.3466297793095017,-1.3091897864616822,2.995467114670712,-1.1167403483754121,-0.9530417298407964,-0.9232766624718185,-1.1296499452158932,-0.9532737560872446,-0.9119903198634017,2.426913784069836,-0.41574970456710525
1147,1.420264691151621,1.6635063459169046,1.6320492155522606,1.4274484440544346,1.6689086847680183,1.6043279958628052,1.8498042379432906,1.2007102369849774,1.4533079457316218,1.4217036401554306,1.2033749264330007,1.450413035051994,1.4327655870401081,1.3808061704211507,-2.0106131523943165
1148,0.9416000684817556,0.47699310914478366,0.46214054693576767,0.9377248378865862,0.474238383725567,0.465247545641831,1.4083969634346698,0.8207625654933732,0.3320021586115488,0.32153477850484313,0.8129208458752906,0.33370245412563593,0.30455081146093915,0.9671979564902244,1.1425106041131434
1149,-1.1075612196680604,-0.395686805388597,-0.3844817796445113,-1.1199036601909627,-0.39275708489691347,-0.3773166721975063,3.0365003576542873,-0.8684640137360132,-0.06597094627343962,-0.06399360642735263,-0.8659476290811681,-0.06135449137334506,-0.06842242466438563,2.5839351572196456,-1.2009788875137863
1150,1.975739055085481,0.4281458926597306,0.41725428153211214,1.9822319498028065,0.42901320034050094,0.410079603399345,1.1563442777886224,2.1904445440255675,0.5687074582831507,0.5540495107489033,2.18282141430593,0.5552559915131522,0.5745568490462518,0.7993583022850969,2.5675667016540045
1151,2.3049961253922557,-0.1306172786184813,-0.12913543380800008,2.3081901496865633,-0.12745546083553985,-0.13470205511417818,0.34512133311595855,2.118266393633299,-1.48672649570784,-1.468313375766501,2.12666910626876,-1.4801718898650227,-1.4652677380880752,0.31410268106532785,3.286797401341602
1152,-0.7845882564551567,-1.1796537924979937,-1.156435092869115,-0.7946440845488061,-1.1729227497834684,-1.1565705023546704,2.611718791649254,-0.6869802685728496,-1.2429189417664854,-1.2174152831031457,-0.6801479803569938,-1.2189599071461945,-1.2037323513736102,2.295610212963752,-0.06800945914173058
1153,2.0984057459107306,1.1841562333157947,1.159683241758032,2.096186302771109,1.18890524741779,1.1649483321488423,0.7275206795352901,1.5847541623165498,0.41581757781411327,0.4066599553888353,1.5933010405949553,0.4176397282988864,0.4191050020830005,0.8051700115024089,3.139472221298581
1154,-0.7961643622970056,-0.8703640937738839,-0.8421894465063519,-0.7967813859064918,-0.8736981719444197,-0.8422644491284766,2.589975677554484,-0.5310898454556667,-0.5222877246088584,-0.506138914167243,-0.5295692181299457,-0.521143552407716,-0.5055028201443337,2.4701205648672473,-0.5680745059351535
1155,-1.7435720621396413,-1.5344598593491843,-1.524342065242879,-1.7390439571634293,-1.5359050896031732,-1.5244129686892052,1.8924114291338594,-1.7667458855957432,-1.6633523583324483,-1.6439465740971766,-1.7688887910134896,-1.669026101209728,-1.6331459389830132,2.088271553581971,-0.1196280471865672
1156,1.4303910006718346,1.756980746493357,1.7209701146983656,1.428618303942863,1.7658955895237527,1.7202456086865292,0.9042813982705147,1.189041834729524,1.6186621032963484,1.5877209662679075,1.1852546988822932,1.6149681134153573,1.595479763514276,0.6410703625556946,-1.5426366378892784
1157,0.7625664391713979,0.6049492913412546,0.5908192322825815,0.7708360639569469,0.5989065817955793,0.5910097532373885,1.5349112724231204,1.3026543782462003,1.128827770201679,1.1023345094800707,1.3058750103473413,1.1320725556194666,1.0800807583562424,0.9209019367024212,1.0430582396078143
1158,1.7073283787693412,1.7367493769821962,1.7164095977101328,1.7058743900658213,1.7469008264615364,1.7137292342249888,1.6749132334820738,1.6715185394909706,1.793875520354163,1.7755668654162504,1.6765021852938635,1.794126918230597,1.7639001571594846,1.2460869822961649,0.8556557583241481
1159,0.4264607477664672,0.6495256484318347,0.6381793962638825,0.4265273281839474,0.645811459721918,0.6302477405883264,2.2127236446337837,0.6588062534228293,0.8925906968331362,0.8792111351924667,0.6566193199870617,0.8926784063477301,0.8835496085706565,1.812211576310162,-1.115532933524735
1160,-0.1803372601923492,-0.6357801451511378,-0.6279388721632729,-0.18364191311979663,-0.6362630763344337,-0.6320207231281321,2.676363659795266,-0.49773225691869755,-1.2498510183501714,-1.2344218083650986,-0.4986814304875187,-1.2412018931201296,-1.2342472740911021,2.4060156432993836,0.6737701637576345
1161,2.083690879666269,1.714443045696736,1.6658616219939282,2.068350932219367,1.7136892348520785,1.6662861026764484,0.37311762430149575,1.8597955367956045,1.383273771106311,1.343683114949035,1.85456130570173,1.3880090609012001,1.3482214978469091,0.1575434353675832,1.2423297329778435
1162,1.1130603796217982,-2.6241245670014157,-2.5766851442964915,1.1114054478444766,-2.634590471171226,-2.5752771720508854,1.280885939377076,1.6521378753109663,-2.728063498484865,-2.6823996869634725,1.6530346322513563,-2.7142369749118624,-2.681476644751794,0.503061780214111,3.9499529940927793
1163,0.31693909140655774,0.09549894433448736,0.09414997260489742,0.3254488955835628,0.0860004263154054,0.09468738283574933,1.9284732211559052,0.3816803817159107,0.16536397096724922,0.1617574251591304,0.3862748468094712,0.18261302862811954,0.15415026233626214,1.79101104558203,1.0255105734717072
1164,0.20478066240204068,-0.5611421786187941,-0.5483422513941858,0.21165833692286662,-0.5586598814066618,-0.5519611022227982,2.777672056642007,0.36397019390160246,-0.45333179211504643,-0.443760554557659,0.3671280630926622,-0.4581470770716014,-0.4342067910740664,2.5008730572580853,1.9063917324494801
1165,-1.673999490665563,-1.3264530122089304,-1.3026180052168,-1.669214848668034,-1.3355392725566029,-1.3276621976499063,3.881017785964212,-2.2625422284544587,-2.019987078762365,-1.9724149734499086,-2.2545005929782063,-2.011404085672401,-1.9876811465382234,3.728927473019416,-2.1310981710055588
1166,2.1729656070484173,1.6015026246764283,1.5653969281037117,2.1749657589879217,1.6060779269086731,1.5623198158669422,0.4789155474593614,2.3263473365374283,1.7090624079927446,1.6698667233958333,2.3343734530124345,1.713971701547335,1.673804478686714,-0.21158676125470793,1.5700537975147602
1167,0.023579451924834044,-1.9888177767333863,-1.9549416524272583,0.012421880222855024,-1.9858284483366502,-1.956570089948905,2.391078046050564,0.6686767619693051,-1.7119877963956665,-1.6798572565195575,0.6725208432215675,-1.7146157912141822,-1.6776262126013752,1.5355586837636237,2.173727489079247
1168,1.0358131259756427,1.4319602033223156,1.394076622052662,1.0445991591398371,1.428487652481497,1.4027944539878596,2.597018505556194,0.9856064191017965,1.3688100009782538,1.3356034900079043,0.9886613363674529,1.3706697402257377,1.3437063621834469,2.590203084053125,-0.8215552966106054
1169,0.8462316233313242,-0.6596159429474723,-0.6468513841506603,0.8429663872150722,-0.660318556318821,-0.6534400379932206,1.7555730359310102,1.0913410803577512,-0.4938179644312204,-0.48396382269538113,1.1016748457625278,-0.4967633290621399,-0.4865183417871711,1.1932022553220534,2.409815619498487
1170,0.4619240813649477,-0.2699080723645486,-0.2649184990539321,0.4392018220568257,-0.2685148702059014,-0.27358299679997466,1.8253549489565184,0.331321769387394,-0.6094470247290946,-0.5960260798481569,0.3269007043817051,-0.6086573160607244,-0.6120700317735405,1.422466423228219,1.8200979051813724
1171,0.3173802118582011,-1.8440747475752193,-1.7999658755798893,0.306605685031761,-1.8462085746880859,-1.794039969892675,1.7487965498928848,0.449526648751663,-2.065133641275895,-2.013107503338095,0.44256453151310127,-2.0612995954115463,-2.0081120104796923,1.4120014820838598,2.5104738714083283
1172,1.9574859044801254,0.9459281085675889,0.9209935958710904,1.954958599192645,0.9502484117828311,0.9195782651021213,0.7825167694717712,1.759923025900011,0.6093475897866227,0.5920083262162746,1.7456163614574465,0.6045248791523467,0.5920479227908693,0.4252807031211329,2.033279362444408
1173,1.2253202087845094,0.6495590213460973,0.6348940366598383,1.2277763273765492,0.6371654276184434,0.6430091842442182,1.052086211899882,1.1224918322604704,0.4726536808975365,0.462599135785711,1.1213905964186996,0.46769025063398123,0.4833375011400649,0.8696270635548768,1.085847654211415
1174,0.7467233667979413,0.21263542907289415,0.20948064427141194,0.7510262361248162,0.21022061497182157,0.20121137779433407,1.8349347813909704,1.09899050870936,0.5883474414379307,0.5791267012133786,1.11003675464058,0.5756242815814466,0.5737993313589017,1.1042373564243027,0.7627550934314365
1175,1.568775391334327,1.0573742060801807,1.036174038331074,1.5737940736924703,1.0416351437248095,1.02446753856229,1.7366179307808194,1.9868315553519296,1.5141507834547865,1.4869378688505976,1.9772026752233454,1.531901176219198,1.4978840805342977,1.15572765485385,0.8936531386699478
1176,-0.11879174899477604,-0.6567656752096701,-0.6371103867497039,-0.12077378370685046,-0.6631724945319324,-0.6391478893419854,2.3145668703291635,-0.20963019468765415,-0.9566018085088088,-0.9239732238062096,-0.2143288427749863,-0.9614676408979517,-0.9295072136295034,2.001173104980255,0.8239231023473319
1177,-0.33234186594719783,-0.5401232800207125,-0.5203482456005738,-0.3359096363638141,-0.543777860305044,-0.5270699497765026,1.9333645560442405,-0.16168154370791496,-0.3855858109801626,-0.371460399356538,-0.16031708581686832,-0.3834437289960482,-0.3755755917291443,1.7255869412002467,0.6669930412496502
1178,3.127977424330835,2.5709422645251094,2.5133868628524727,3.1248677895354477,2.568441851682468,2.5267572862233676,0.6365174739386541,3.0233500523648282,2.5811704046365036,2.5205376143498786,3.017654793500512,2.573056734255118,2.5129903869786556,0.3459516521977888,1.317427585240071
1179,0.8167641080298098,-1.1971391740492676,-1.1732321625276985,0.8181973409252432,-1.1959020142358636,-1.1708954517839691,2.275047832661899,1.319223850695379,-0.6625829679492828,-0.645537025127213,1.3121001754064565,-0.6627321414954457,-0.6529077248130325,1.4182124165645746,1.9237610774165936
1180,0.5120894043533631,0.2140812697287856,0.2096942903665088,0.5043374012457195,0.21371077597989227,0.20569961480763646,1.725198626113003,-0.41437197888391814,-1.1498805822662428,-1.1299312218937412,-0.42434480076003456,-1.160498831507251,-1.1295000643598099,1.9717033464465026,0.6326006686274641
1181,1.37588581724433,1.5472704794229397,1.479952544983902,1.3754434098672517,1.5465653147973393,1.48074899833489,1.3158824641366644,1.3952702567093784,1.5525322095938632,1.483901173849063,1.3947798941518215,1.5531554091281528,1.4829720379203364,1.1353237085086436,-2.159870893415138
1182,2.1622031589091835,-1.0075847822584627,-0.9812440802192256,2.158573503016912,-1.0025044695080543,-0.9793430787199681,0.6475324391845347,2.4620827840443984,-0.900761700165716,-0.8757782987775803,2.4663902022022737,-0.8914163616561566,-0.8757999011205369,0.03571424237094613,3.6678090035601247
1183,0.030424181512072504,-1.8073314875069977,-1.7603728653660855,0.027508055114175558,-1.8107665660405208,-1.7570207559521038,2.3540852015852285,0.4218398775290094,-1.6647356444204409,-1.6188604447236952,0.4303951275314606,-1.669495072970629,-1.6392821598252119,1.8447761546525132,2.283610866262953
1184,1.084532543218537,1.275101473296509,1.2515394560500168,1.0766393098340101,1.276674132294365,1.2552610276543708,1.8881765552908576,1.4989758213436943,1.7263726208554517,1.6973706543374398,1.5029273295865624,1.7329528651863726,1.697694669567205,1.0220381389575053,-0.624521736774561
1185,5.702748872230085,2.407436857078972,2.3753903900941324,5.700547174319224,2.407694704197039,2.376064844381521,-1.3610102010960583,5.661066176956497,2.399014194138794,2.369027287995279,5.661279745166739,2.3981225281210867,2.367051824559576,-1.5339108428030306,5.515448381579136
1186,1.2436726173554518,0.6032634980769614,0.5859671398237951,1.2471868646934627,0.6096714679144688,0.6000713504913281,1.817139997397376,1.2565488267621983,0.589956879545615,0.5721377133150922,1.2559633801889203,0.5927016171691738,0.5714313975562472,1.4933897023343545,1.3508760020734434
1187,0.61823504152816,0.6111317072912076,0.5979347098923525,0.629076470755023,0.616773431627023,0.5984708812477058,1.7504442372706848,0.1986411769925869,0.22561012939930492,0.22079349699593187,0.18940251801194993,0.2484860839201931,0.2174517530284213,1.5147029344387604,-0.19888723000327674
1188,-0.8078927005719396,-0.6165115783952682,-0.605174114610954,-0.8019121883057011,-0.623306221277438,-0.6123641218704771,4.286916283819728,-1.2535578881067293,-1.043479321607236,-1.0215902502861485,-1.2652517086008224,-1.0343052585087678,-1.0185184947387098,4.164204102148799,-1.4783622676577381
1189,-0.0532328255703861,-0.7706201170172032,-0.7527902915789785,-0.0559542492333946,-0.7758904750009323,-0.7634996951080989,2.7380247488255702,-0.07382466613005166,-0.8995418636557984,-0.8785832860696372,-0.07342216677602556,-0.9078003075440177,-0.8850488727866749,2.4867255969813122,1.3213520040591644
1190,0.8460963075691915,-1.3952615724293331,-1.3597922256648574,0.853347456097532,-1.392336263295734,-1.3650309511199072,1.5833384126621257,1.3041857533338288,-1.0437800298410878,-1.0169549829578886,1.3039963421200087,-1.043436885183184,-1.0126924304694194,0.9345323987051194,2.8334119739074155
1191,0.11579825127287016,0.3359218935649894,0.3260226758234273,0.11498542387298845,0.32431261432123887,0.32699941367649954,1.8330955824520787,0.41729393195035,0.6222582746661197,0.6032367824971896,0.39703320549853766,0.6418922508659829,0.6130963135782607,1.1769388064059838,-0.08898200411113084
1192,-0.4991459527429407,-1.9621222711432038,-1.9295307275837081,-0.5034586376918373,-1.952926193216548,-1.9355290603295425,3.1803460756661903,0.2504907703958564,-1.114590667288678,-1.093600425889038,0.23145279191446405,-1.1073689815039518,-1.0911566726920203,2.006374092088183,1.167768436187575
1193,1.51767235152259,1.2835274700531862,1.251384238846552,1.5341953150701075,1.2908373047550377,1.2365019551631327,0.9381017459757993,1.5931304555997186,1.5073140603938842,1.4742624465147636,1.592991464750794,1.5128143810996297,1.4538594069271784,0.5745155913262764,1.045345110463945
1194,-1.906281264333548,-0.2547406220345671,-0.25071983181670704,-1.9124338907249663,-0.2621563163232714,-0.25020863144203964,3.9194627727026994,-1.6953167475605657,0.12116845230467631,0.11904673404935379,-1.710421597173016,0.12627925866187978,0.12136646433036556,3.8677763692709126,-1.0799929245528737
1195,2.5684193200907224,0.7362742310989385,0.7206201396539746,2.5732720724501412,0.7297913455876092,0.7127353894470448,0.21071075509903317,2.6580677436885103,0.7798377694023358,0.7617835325317963,2.660182413699915,0.7779200657155406,0.7695805443250965,-0.15076528242670814,2.925333919065423
1196,-0.17489483597297972,-0.42832128527719354,-0.4156613118319349,-0.17166124464080257,-0.4346206054834948,-0.4146982945521034,2.3716379085217545,-0.017483418010261185,-0.297280168434282,-0.2885059776035486,-0.022347393758541334,-0.29619905025486754,-0.2893268130388618,1.9223926742596926,0.5104372443628743
1197,-2.569635700859687,-1.6663403955209362,-1.6252188624750972,-2.5669814752930766,-1.659043405052531,-1.6231221114743652,4.002461797072204,-2.9608920251260393,-1.574093612063378,-1.5292318361224981,-2.965822161039932,-1.5760364149253372,-1.5294198457257056,4.234335485946911,-1.413703111516192
1198,0.7516670196830679,-0.6494039422490722,-0.6346428008167464,0.7546803770698503,-0.6480031517195163,-0.6336762568734996,1.5386796916059244,1.034256739241859,-0.44085915721948,-0.43068742926475806,1.0357519172966432,-0.4405378307238635,-0.43804868588829965,1.0651930770649318,1.9495620658559336
1199,0.641472867705343,0.2899617385154465,0.28447381618413853,0.6608232175469754,0.2593433354758656,0.29104199005699327,1.7080297538944655,0.4448190516193075,-0.06066458381995303,-0.06021460766492363,0.45670688064645404,-0.08310234314117147,-0.040587137211467145,1.3064031829160323,0.8011974472593958
1200,1.5084831253139728,0.6696581411833425,0.6483341762420222,1.5162471967421534,0.6721126703293485,0.6264772445687055,0.6901935278558687,1.3516690377650096,0.2185520472352787,0.21613332782393344,1.3548265545215052,0.2328072256559432,0.23935080799749334,0.6675415347385524,1.505806912537381
1201,1.2142691981036227,1.0140920327261276,0.994667320926339,1.2069303874322075,1.0226832743701058,0.9848683747443092,2.8937922008396773,0.7819040703927578,0.46695324148971673,0.4572570741892456,0.7848368576967741,0.45385367034232726,0.44944603850062703,2.6895708562472924,-0.12371554117921364
1202,0.6117943475075942,-0.8539619902697161,-0.8340537586035854,0.6067961573598547,-0.8578473260152687,-0.8415942900641608,1.70190220607859,1.0064490076624502,-0.6411137856789217,-0.6283599497381296,1.0082047337217386,-0.6433051399596338,-0.6391142609327048,1.0395173010465077,2.814780720200682
1203,2.338301145113928,1.6763297159348933,1.6566838859817228,2.3346463477429995,1.6785591106460165,1.662320274570974,1.2454442282799707,2.4366123319297306,1.8555262408557252,1.8349946570760476,2.443730204989992,1.8639279184834106,1.8424223807164541,0.7858024743963314,1.2026767418896929
1204,-0.3271136149009174,-0.20014206218979724,-0.1961779713750276,-0.3258264123241801,-0.19865997300907703,-0.18950868343931582,2.602522130032102,-0.19043357647092835,-0.02011262827882831,-0.019706645309941213,-0.18966838304849645,-0.018362694670780604,-0.018445154068490694,2.1610437060122005,-1.3144401868916615
1205,-0.5973089231441046,-0.16913520832664292,-0.1660867585058822,-0.5859223905556137,-0.1827025066483832,-0.18058668330581062,2.944984458292406,-0.3967154808432521,0.11855905631019742,0.11654494693100206,-0.39954356846594347,0.12382884484515139,0.1135888290650382,2.3329877600562616,-1.608817600438342
1206,0.9682297206493212,-0.37975341428056186,-0.368640743377611,0.961137249968193,-0.36806057298249734,-0.35342114662141544,2.1857784576131523,1.3301787507174792,-0.06665739477358605,-0.0646961619684007,1.3390108356241825,-0.06891945012170173,-0.08117015170905442,1.6143514701439075,2.3531631501944146
1207,0.15681626726904832,-0.3037846712446209,-0.29742153277958877,0.15987738334053808,-0.3059737049461164,-0.29826925433104784,2.290279198515258,0.3391485294534827,-0.19838607342286174,-0.19444703383165352,0.3309253541926642,-0.19801890296944144,-0.20555449102728893,1.9079634812188861,1.2912110211834824
1208,0.17013802547625934,0.28959609964595706,0.28046105050715064,0.15952521332492026,0.27764153219243154,0.28416020577806306,2.0424174195369957,0.36530765553530986,0.5310116574477843,0.5171397407629041,0.3599426636987858,0.5326437083862539,0.5165819822328054,1.9056439563122538,-1.599268983249766
1209,1.5359935828759879,1.0137430561663394,0.9970583749340026,1.5535456966743435,1.019080714316591,0.9856194738477418,1.1425750317683503,1.6366238150893977,1.0770625664208777,1.0579890216873518,1.6359504306766157,1.078642368575229,1.0604777964915864,0.7396150664306996,2.3007207612629346
1210,-0.9407336267305288,-2.2262144778077464,-2.185112145973581,-0.9354872066190189,-2.225589148721753,-2.182933640565092,3.8903883197221565,-0.548769171253661,-1.905326908108943,-1.8636739017232682,-0.541414694630192,-1.9021919143869093,-1.8538934579887518,3.304842514626797,0.793176887055095
1211,2.2052689140255044,1.079816346322951,1.0675506351770578,2.203724580282244,1.0819804063243583,1.0812549350818252,1.0882783590377083,2.274047791567727,1.0744848853579398,1.06119643111918,2.2690920855970935,1.0698018438890646,1.0596499888159352,0.6980233765240532,2.1565519814377394
1212,1.2468528371956937,0.2882525534553062,0.28149990185973794,1.2509024949978487,0.2824633710035857,0.27252160284869376,1.2375434301247954,0.9630781180704159,-0.12201341576205874,-0.11906060732584196,0.9638307158251052,-0.12285909483999324,-0.12789931694714976,1.0938910359530112,2.085805273212497
1213,3.021773025243871,0.8931149377609195,0.8631271522019487,3.012172375713476,0.8917320122843306,0.8617351849444224,-0.20486369274259794,3.002833203652268,0.7775334508523039,0.7491979254046328,3.0059661478962014,0.7620722972295461,0.7517142793589003,-0.3967781321265858,3.191023363167786
1214,-0.31889669708057655,-0.8747531002652701,-0.8543767420789105,-0.3225887316529821,-0.8756480167868002,-0.8630744460906999,2.652787916328933,-0.3788655792922642,-1.1229675227326181,-1.0971839947106798,-0.3702356484001693,-1.1220334732384305,-1.093908784757213,2.431243361510736,0.6323058575699889
1215,2.4062341748547844,1.360064826184666,1.3254943213687036,2.412674919678748,1.3741363469210586,1.3207917865482757,0.6804734245950778,2.4260430589814503,1.3952579326457615,1.3593510916971803,2.4306204840178567,1.412542240006541,1.3503090068116193,0.4233729400124274,1.878261886239308
1216,0.3226897756526465,-0.9332680560322727,-0.9092308782232643,0.3257793073352734,-0.9295725263931792,-0.9055677928463957,2.4237369601363943,0.49533738829652774,-0.8492474199446575,-0.8242346688270483,0.5010463843373638,-0.8446136097620258,-0.8118625560886458,2.024258045804409,2.0159933297207373
1217,-0.5998014708907617,-0.42932812533025544,-0.419647536857201,-0.5993715194168094,-0.42141918961005137,-0.42619861909435725,2.50303705635574,-1.4912226057700508,-1.369746803845574,-1.3290846702905594,-1.5086123671157514,-1.3658522588998525,-1.3225499909483316,2.809431074479924,-0.3849612462365462
1218,-0.009781721646648037,-1.898534763063476,-1.848587485603152,-0.0037524377962081233,-1.9005095424455896,-1.8552328027606566,2.238338695106117,0.3612983529393219,-1.678110695983025,-1.6324262667217224,0.36113061578026434,-1.6793459718411148,-1.6282762201227647,1.7204810487498698,2.603752081673393
1219,0.47945099435828986,-0.13654905419035573,-0.13386212654565155,0.4647345480608452,-0.13954332493306978,-0.13322748986814514,1.6947581097332451,0.5538624944826489,-0.22582803078614824,-0.22244302131746538,0.5608063785674214,-0.2557908089119908,-0.21859897003287662,1.2636037715878388,0.8528413945320634
1220,2.1094681538429834,1.1157611791417223,1.0947246376899575,2.1004054707143136,1.1201094221109498,1.0926691875864236,1.5409458022285365,1.9050039170319584,0.7991463415123059,0.7831349754965723,1.9006458501340988,0.7946785677896502,0.7840902139472603,1.3751228802276898,2.4124827558261988
1221,-0.7449102976659865,-0.7667400551204746,-0.7445307568820315,-0.7498355287560514,-0.771069920918641,-0.7501872598138976,2.554967760643959,-0.7097268123972007,-0.7333560373758845,-0.7120681729371121,-0.7155867797601779,-0.7381225141872226,-0.7024872999805983,2.187396638814842,-0.2962088937220677
1222,-2.0869825467850265,-1.8557739513201894,-1.8138872406243471,-2.085499459548543,-1.8626315358594379,-1.8135883332026284,4.099272155217524,-2.126548583045164,-1.8734504393940694,-1.832755488905062,-2.1234511097002464,-1.8785334638084483,-1.8268311068484746,4.008509571263298,-2.4389063831438604
1223,2.5838216118740167,2.524887359834021,2.4647352318622495,2.5746592701151165,2.52840492711543,2.471085999027274,1.4083222507556006,2.819472803026462,2.8090230653956803,2.736581759752062,2.8250142330896035,2.814194707869487,2.741301399274864,0.8373746168875135,0.9136791535487792
1224,0.5545609890548653,-0.6306312820171672,-0.6321286258183706,0.5501883552240807,-0.6415607989779758,-0.6714213887605509,2.297362921686922,0.6310363439987943,-0.6888842416286307,-0.6891501135785129,0.6352280813411906,-0.7296422903690722,-0.6714933715032352,1.7517347748888483,1.0111904238829887
1225,1.557922564305132,1.0860875714042666,1.0669551217664988,1.5606737937190238,1.0824594107665861,1.061558217695445,2.1230443349226573,1.440936773035989,0.9751093823003228,0.9582730757750634,1.4471946495656753,0.9751158278057225,0.9716094170696283,1.9214451765362155,1.4065947321133196
1226,1.6705372009550772,-0.6835998711365724,-0.6658091176217145,1.6767101835548655,-0.6925400829246263,-0.6660337342392885,1.7874103811529247,1.8453440560919077,-0.45400671572005635,-0.442668199918298,1.84714455604357,-0.45248164652544,-0.44065956330602424,1.177488270165598,2.016980972844777
1227,0.6938120054838722,-0.38738229426658066,-0.3772673856821023,0.693678883340266,-0.40204690379761243,-0.38732251219582786,1.5656298623877531,0.9900886885474184,-0.15624213244134202,-0.15178017080370265,0.9832063080428126,-0.1594302582894838,-0.15501884115505432,1.1051790601706937,1.8917739369881608
1228,0.6388489234216134,0.9702037578819046,0.9521970049198365,0.638381203432143,0.9542039577562416,0.942374125351372,1.8605147197069218,-0.5104724751179177,-0.16226741595110064,-0.1590464553416082,-0.5278437922655059,-0.17064449907316157,-0.16558880225170486,1.8821264619575357,-1.1359025049311064
1229,-1.0832778103983955,-0.838750696529918,-0.82020290046884,-1.0736450336403445,-0.8404763686804964,-0.8305636345365732,3.2075505637608943,-1.27480350944983,-0.9996286751871067,-0.9755370813317523,-1.272588674955441,-1.0081662350708334,-0.9835010712179558,2.9432286133396404,-1.6509232455886855
1230,-1.5362098068271202,-2.7192304237158402,-2.619651133455881,-1.5315197383972134,-2.7104926933067945,-2.624134512192481,2.977612547788822,-1.4869738868773739,-2.856382782718666,-2.745859006154478,-1.4941507728545858,-2.8665533313407607,-2.739496046285597,2.786873085633019,1.8427851753463154
1231,2.6571584860978987,0.565659711127757,0.5529618401753175,2.6545368064597983,0.5591718091154617,0.5527378343026893,0.033271928469314836,2.8773209679450495,0.5341186947591062,0.5216172819280092,2.8713221074737065,0.5533020522960618,0.5206807782965779,-0.6175167658512456,3.213291770234246
1232,-1.8205568240607928,-1.6431907326473187,-1.5895568086248693,-1.8058470770600281,-1.6416457416459476,-1.571675986791215,3.273897742654159,-1.6908968875296118,-1.522772345179428,-1.4709887037325804,-1.6961683788908848,-1.507472490540392,-1.469078652565031,2.822056767680831,-0.9521265394003946
1233,1.8775475009985245,1.2763018246441646,1.2305500897758717,1.8787833996525907,1.2761121522571617,1.2248718464962782,1.2092732461611222,1.8736135428854244,1.2202962389824283,1.1800820784796116,1.872824784771654,1.2202662124771346,1.1811259396578706,0.6049688784996703,1.232897976641369
1234,2.4317731294671043,-0.04032374520653406,-0.03941565356219479,2.4298002226280073,-0.05494631944380341,-0.041084358537635646,0.21127926386523246,2.562020161452891,-0.043544271807682104,-0.04252545917608785,2.5625944479095955,-0.03568602551742484,-0.03525597243788642,-0.2382902250450985,2.892620474404176
1235,-1.5670854607964935,-1.919105428023622,-1.8786882262933382,-1.5498298607495444,-1.9183838645400686,-1.8909160001620116,3.362420395718149,-0.9858237420873909,-1.353900628500278,-1.3250786483506007,-0.9676260539360009,-1.3427369959053248,-1.3291365598296552,2.5447369004814515,0.32126416609557945
1236,1.610584064404545,0.8028367618375959,0.7810365302010573,1.6123723848219844,0.7953808677403401,0.7770526936130915,1.431724568654829,1.7349146598815917,0.9559992929962305,0.930800743243547,1.7365000554342875,0.9511342059037058,0.930005412101036,1.0251084265459562,2.329286274918505
1237,-0.5763295835594651,-0.8590826032240988,-0.842104778550284,-0.5811505951109823,-0.8615082198698889,-0.8472774399150665,2.956797055068786,-0.5915217736667764,-0.9561295221273304,-0.9360405935172292,-0.5865806658221162,-0.9538066763941287,-0.941552026878994,2.676269273260061,0.1245260902415597
1238,2.709231534975642,2.010515317903317,1.9766924294486836,2.7073535537723576,2.013821812222607,1.9712995076373199,0.7431338749917618,2.4841927918398636,1.7841439927809168,1.7522589009537533,2.4796373726130314,1.7921801625641822,1.745644527167277,0.35700894680484213,1.3286741071416133
1239,4.019570006423963,3.1792230676779116,3.12690370633949,4.021129554886575,3.1801585931730187,3.1256904386003144,0.10594315203804938,4.000736962635707,3.2362251056442792,3.1844748530228,4.004335471199601,3.2272102864682313,3.182867079629741,-0.1675345854595155,2.202953785361365
1240,-1.3770763233956238,-1.4841207794578575,-1.4553426905017766,-1.3703253102878086,-1.4856287458680442,-1.455446661403958,2.9977609667997993,-1.5209165530746438,-1.8186369380578142,-1.7759652548053337,-1.5142228037322616,-1.8076031435867164,-1.7636244254427729,2.8125509304860055,-0.556553389088555
1241,1.9709624064025815,1.2657902639799503,1.2414757765477973,1.9734266807197893,1.2694102393819113,1.2360623255306005,0.8204204142533879,2.2274296190979035,1.5412855574582256,1.5151741489977137,2.2293832897403454,1.5382228912905123,1.511884196660782,0.2881375224605757,1.824383633372122
1242,-1.087724422453538,-0.8507072108542681,-0.8288156914643168,-1.0937847475593614,-0.8483039143892079,-0.8303897598112613,2.8147349957103924,-1.423429560803791,-1.0353472377396735,-1.0070291262631217,-1.4185018023301796,-1.0360458206008434,-1.0120948080892478,2.717202183504643,-0.8731218528421272
1243,-0.21493142965030415,-0.3454838153209058,-0.3397286192757902,-0.2144383103939153,-0.33771238147016097,-0.33281804162465706,3.057744959984036,-0.3551949326241427,-0.4864839362065635,-0.4775246031869689,-0.34843636518149296,-0.4893882978256811,-0.47713172684719796,2.6920932042938337,0.25174927267781844
1244,-0.1778364178727334,0.11947429105359646,0.11781735222861722,-0.1917169581935065,0.12153615586091895,0.10392075594072286,2.4769650254845454,-0.9364647950945273,-0.5951421144920085,-0.5865009566463893,-0.9348289544802835,-0.5955246967693021,-0.5797841676484572,2.3052430711990173,-0.8585890130845837
1245,-2.5773793864732517,-2.5032976519970043,-2.4426182478099476,-2.572843642478069,-2.489092329466872,-2.4378794810460684,3.9448034115614696,-2.245660906771699,-2.156407872230556,-2.1025497205348227,-2.2626335389336227,-2.1674307359968203,-2.103227861476385,3.33930509888282,-1.0019000568880407
1246,0.8572765506016828,0.38094513489271514,0.3745669349923474,0.8468091544786153,0.3786498666993148,0.37453872510262504,1.3160899155504333,0.9209104798196025,0.546384581497963,0.5352650697362576,0.9304210665133509,0.5612765798728659,0.5345580678873958,0.9434108229181309,0.7853135739267267
1247,-2.489585669237586,-2.107869741572764,-2.1416384171823837,-2.494995404893364,-2.124153941153951,-2.1335954860697064,3.5787061525812986,-2.2976104405056446,-1.986249113465344,-2.0168399651295674,-2.3093407888034156,-1.996696028058604,-2.0068736042107016,3.172587134691821,-1.0376129741393758
1248,1.4788459720074165,0.2805406818281534,0.2764117602882366,1.474156817671524,0.2693495782275185,0.2798255269544009,1.3414027839625733,0.9777748100205312,-0.5924636205033836,-0.5806397228605149,0.9773701849091283,-0.6124925660178869,-0.5819357162156352,1.2368916343461442,1.7006362102955288
1249,-0.02161481063125467,0.08417202032832818,0.08203183876423076,-0.026235595547173966,0.09075567716078549,0.08069725641806255,2.1062229716244163,0.26096108804409357,0.42936929738771373,0.4190732210394116,0.2668468779881675,0.4265948571765326,0.3948867759698709,1.4792239367799818,-0.48758997074351595
1250,0.2687731268550869,-0.44550867529090654,-0.43789822167997267,0.26748128230928686,-0.4434291565164705,-0.4426480572044539,2.4687532604495837,0.39091381289570654,-0.2849571903419452,-0.2793901216224089,0.39263987824929053,-0.2811471350687839,-0.2765158222972078,1.9727933085732474,0.901635590591379
1251,-0.37857361179578053,-0.2999891647798883,-0.29261244032396744,-0.3721394906565732,-0.3105109797453653,-0.28924651297802645,2.779534685799209,-0.5025435995895303,-0.42241856838563063,-0.41147943680561216,-0.496800176586463,-0.42650717091818263,-0.42666859920347183,2.622194636545956,-0.053289602463708306
1252,1.0454966583364391,-1.3044971298925219,-1.2820055017918082,1.0512086940130316,-1.3048576700507248,-1.2845094057429667,2.081634742724324,1.4539460005217268,-1.144583386880427,-1.1206351080753414,1.449734835078328,-1.1450978252891735,-1.1200202438235036,1.3714107592989748,2.7314091774979867
1253,0.2802658097136591,-0.759673587264102,-0.7428244270412182,0.28683473289390937,-0.7581206720303817,-0.7319466709578454,1.7593738130288838,0.43296728061548834,-0.7265611017469856,-0.7107322080318081,0.45492928578492914,-0.7309165674922714,-0.7198690773293689,1.3446287015665899,1.7833072965050238
1254,0.22060694222846736,0.025382967145457836,0.024883148797915793,0.220439937036759,0.025764501223335644,0.030956816336486063,2.2377032671024,-0.10582783704221456,-0.3554534908129116,-0.34730001609238764,-0.10066520800298036,-0.35321603227590126,-0.3511564847977316,2.2455208063057834,0.5289657460978339
1255,2.1125973454927243,-0.27742322779079226,-0.269091889676195,2.1093995941327806,-0.2698528670011423,-0.26868387903397395,1.101630723736174,2.2296490956407045,-0.12348191658495561,-0.1194884719124758,2.2307475921607445,-0.1297167760942338,-0.12603401123981936,0.8717970115761944,2.2041268106682534
1256,-0.017098154724429736,-1.247074165077423,-1.2174123278226496,-0.011222618484171231,-1.230192115292211,-1.2155597752894063,2.310322481392292,0.1369862709094615,-1.1494967702941856,-1.1211147139833906,0.13447431642533306,-1.143878340961061,-1.1238433171587372,1.9016759451585086,1.3057877971053167
1257,-0.6908986156294306,-1.0000999035586875,-0.9813397341650633,-0.6984269491677847,-0.9997593822425107,-1.0053032925071936,3.0830978599851937,-0.5777793310185845,-1.0310391531565835,-1.0062517845181176,-0.567015282722265,-1.0377689121122633,-1.0082510165938208,2.5847004265760694,0.25263490249442616
1258,2.424597980068931,1.0776037947641028,1.0588087449311254,2.42143768814748,1.0802661580356816,1.0667934424005827,0.6454210009523806,2.3892857785247172,1.0086136630294222,0.9885236282864782,2.3847418534055893,1.0121882683498185,0.9948793872346966,0.2532233201102313,2.1464991536979676
1259,-0.3429765826788164,-1.208174240150697,-1.1703694950146928,-0.34900301801314815,-1.2030855933625886,-1.1738798935619374,2.3127841216915734,-0.06680977731278456,-0.9138517938215818,-0.882373341115151,-0.06990649104200375,-0.9145691262656733,-0.8931272762584735,1.9020654636677634,1.1029513660757917
1260,0.892647417006683,0.8642395662055015,0.8394250360368557,0.8887092059685887,0.8585218768193923,0.8289835548361835,1.909665902725167,1.0923898861379124,1.0884168744118807,1.0545864140892618,1.0849085527934952,1.0693946761706596,1.0429778686076934,1.6047475308184405,1.1553644030506627
1261,-0.0015130052930346282,-0.06236307371943475,-0.061077250071323294,0.0020290667029195723,-0.0628919809197588,-0.06444467075166457,2.5462759015126597,0.023824824101288163,-0.02929505890026184,-0.028682119414919407,0.01865986494207291,-0.03687385260963141,-0.032866640843490315,2.212286712192683,-0.16820575344193592
1262,0.8004997508954134,0.13951041137637457,0.13687540681610305,0.7951156096678549,0.13833137553337496,0.13791559007282184,2.1540257001516805,0.9865702394202172,0.28870170773617526,0.2829600298824432,0.9775282662286603,0.2975175159061484,0.28242538698572006,1.6800294291740858,1.043640416184993
1263,-0.8878255267871448,-0.922464848523859,-0.9040223040221547,-0.8984767374217825,-0.9327657133725584,-0.918054383757405,3.083349874720131,-0.8663627748399774,-0.8904800621897473,-0.8719461468523957,-0.864776981986763,-0.8813090318708637,-0.877803467282181,2.582221712206386,-0.8821202836030292
1264,-1.0093099169998507,-1.161043696176992,-1.127388980188399,-1.0089822330759655,-1.1598510318782707,-1.1179695890327068,2.9706557504964692,-0.6789620849432995,-0.8219686269236584,-0.7991616208871364,-0.6709666284835767,-0.8276149787172611,-0.8097795492876961,2.4283565493620163,0.12725578462937825
1265,-1.2360180070019584,-1.8208733527645964,-1.77774829191668,-1.237244887215565,-1.8203170634591956,-1.7856213571700146,3.3666977400226195,-1.0311705563985,-1.5696116609646626,-1.531429185684315,-1.0311937381457112,-1.5752212601022253,-1.5209142166479386,2.9905586416898715,1.0042793776292767
1266,1.014096556369105,-1.5916911072767026,-1.5390779202123657,1.0100786265094504,-1.5898111433903563,-1.532752971115012,1.8919958839868065,1.1038674141380356,-2.265926262841424,-2.186815673982232,1.1208556324159062,-2.2678485167709224,-2.2078369587584628,1.5211841332506946,3.4848623406841783
1267,-1.0888890711474255,-0.7450343764403432,-0.7385285961374018,-1.0849245051017544,-0.7430076016269225,-0.7369504417486112,2.9794164245528667,-1.0182663724312382,-0.5960402908385153,-0.5896967188746084,-1.0088848724230757,-0.6003570294163691,-0.6110513477748961,2.432232027508101,-0.7753252810577718
1268,2.4228432729581226,0.9121557868788427,0.8895967653324162,2.427173342986685,0.9061588509146488,0.8857723724864721,0.925969470503038,2.669504396082559,0.9875937615546502,0.9630950732728174,2.6714956605963516,0.993205591859601,0.9518086634299477,0.37647630026924833,3.0876179671632324
1269,-0.1363061411246382,-1.0207816595020414,-0.993790450549856,-0.13645076542048265,-1.0452984979657733,-0.9986872010063463,1.8944889528601392,0.16008532619517837,-0.8536194690347508,-0.8307758864159995,0.1855895076069484,-0.8071130433023346,-0.8216267552565827,1.2602453350394398,1.1328744992449684
1270,-0.18019595355566032,-1.9274871058617966,-1.8860534377321172,-0.18474219778820566,-1.9163330641111713,-1.8869316402776075,2.317072590509248,-0.23669749707038498,-2.390091669624083,-2.333764199679766,-0.23930505358486165,-2.4012895178273204,-2.31398791503008,1.9051504264399273,2.1395010177082647
1271,-2.063680481011542,-2.7056688815032426,-2.6462388881790906,-2.07169265208005,-2.7038743270603436,-2.6423500199317016,3.468454759070804,-2.0947978391246838,-2.8323430875781734,-2.7669798787210778,-2.0822011577450765,-2.8267272947574638,-2.763290222570221,3.186941936615315,1.3971469860551229
1272,1.7688953782737908,0.8540994590219795,0.8373535733467318,1.7625788229908088,0.8546591090127758,0.8372325141944245,0.8505960943338113,1.93710226046796,1.0509528709649125,1.0292301961983399,1.930563485019122,1.0535290390784968,1.0285415078235012,0.42394644646442137,1.7677793900329135
1273,2.749883610468494,1.2309177894709824,1.2165138369781066,2.7543357490346603,1.2306642307898286,1.21727592682213,1.1416582617682907,2.7118049744469634,0.9344356651254928,0.9227739845244113,2.714153201814052,0.9305561713446813,0.9172408846387593,0.9435152823327495,4.421408525174957
1274,-1.428028606148586,-2.628753942168924,-2.600149504192971,-1.43125193641519,-2.6129482147694607,-2.599318256812817,3.0952718832846675,-0.9602392315379907,-2.306457856518448,-2.2807112318550304,-0.9550031721244915,-2.3264149968139693,-2.288124998866845,2.2862877668553945,1.0445930953378424
1275,0.41227463524352537,0.433760161532205,0.4246074260120207,0.3977714925451857,0.43983275392638144,0.4174616690709889,2.0117413572479004,0.8372894398173878,0.8675188081164692,0.8475780680595649,0.8464047248760059,0.8798625529588219,0.845423402160063,1.834340887803028,-0.16916247730708325
1276,0.4539206499128562,0.5599619262405675,0.5454658157462793,0.45218387557034334,0.5565848020152349,0.5457114167650444,2.846467134212258,0.40430654698900365,0.5266198054706013,0.512984614499348,0.40478096337536834,0.5252510949085416,0.5138245023042449,2.5011615402749414,-0.8565490703618642
1277,1.8333870349899517,0.8295882993699691,0.8023886401364032,1.8307654970376688,0.8240965761820163,0.8129530708246733,0.8026448500293644,1.702348312712616,0.5481862359488975,0.5309761862734583,1.7041986452182796,0.5478513339611428,0.5262804355712768,0.5596290256640757,2.998512151345294
1278,-0.4614950643888385,-0.2908883674142058,-0.2839167399090238,-0.46863059065890594,-0.28393762022956226,-0.28774032106286584,2.5715447621805714,-0.834068565135364,-0.6360214596229716,-0.6202261886951942,-0.8432005336839994,-0.6241873478284492,-0.616378469373903,2.4957011350970024,-0.7435495672755945
1279,-1.0600092598747135,-1.3883290703817475,-1.3423089152563719,-1.0533955267701371,-1.3862350343550622,-1.3571388627929588,2.718302300225941,-0.787133492977109,-1.1907732115815948,-1.1597672106360433,-0.7893931813856385,-1.1966746094054728,-1.1687435171449947,2.52584803360518,0.621460179766693
1280,-0.28777407874308525,-0.27279234197394325,-0.2664007692041191,-0.2911946258119593,-0.28304053525082595,-0.2734083495021507,2.2762845903270787,-0.3662714066674444,-0.41084668133761254,-0.4006011784218422,-0.3607668473899055,-0.42266968687389794,-0.39273634344985675,1.916395324405915,0.15880428081289116
1281,0.7813500572835992,-0.034224986246554144,-0.03334011995822696,0.7784873046339359,-0.05008005534949759,-0.02282731498599361,1.4782584093651323,1.0912749805836925,0.10190973794820847,0.09888263505816434,1.0970718508617099,0.07562248894943324,0.09078622565737857,0.8380835357024239,1.5467694771079339
1282,1.5108528728356914,-0.7717113994142537,-0.7650656328461725,1.509546927950501,-0.7796955724457352,-0.7642573307293052,0.7873367864922473,2.0356280131508244,-0.31591138981453243,-0.31264168113130775,2.032883464951577,-0.32495551107999626,-0.3136361197845748,-0.04267562301988128,2.82641187936786
1283,1.6057934653859176,0.464189168546549,0.450948931458518,1.6045833735529982,0.4666221811722119,0.4496486462484918,0.6029513062417861,1.4371945041854228,0.04856087295484384,0.047199906604455985,1.4309497930117796,0.055269160909553666,0.05781301588039079,0.446390735428446,2.215871536837075
1284,0.5417760462347541,-0.15655115994055996,-0.15378754124871252,0.5488013139391846,-0.16437284014958942,-0.15496656253321575,2.254277591809904,0.8498116582783912,0.06847249840912516,0.06728595169443283,0.8516868016339677,0.07213307844520601,0.07579870571384935,1.6128979424136656,1.2310144346909233
1285,1.8501952907284833,-0.3544042801048627,-0.3469745131043848,1.8526516903082468,-0.35017074823827576,-0.35031535561464594,1.4625926434673224,2.1594409148704807,-0.2827372937590264,-0.27720431452642585,2.1592591923655817,-0.2845787445473121,-0.2807741045425387,1.005903648577783,3.034153573065104
1286,-0.5451863687248915,-0.23811858042821063,-0.23453115166238325,-0.5388893854712401,-0.22193289417134468,-0.2288472277959084,3.237761560421688,-1.0903037087812388,-0.687726097705125,-0.6751123154459326,-1.0953348697158805,-0.6794665374144792,-0.669938591368863,3.06749025949324,-1.4181559481759638
1287,3.789833041269216,-0.6188879499029446,-0.6073354820549117,3.787944708113521,-0.6219596769805485,-0.5965135768090991,-0.9775072027656379,3.8244706332461784,-1.0576437570903752,-1.0341792575992008,3.816025610945083,-1.0568109542817212,-1.0430864079650615,-1.308377348387529,4.4781474912749255
1288,2.589532694882579,-0.8868635120196976,-0.8723470195502083,2.5837729594890546,-0.8896108148458534,-0.8760361401615012,0.14557942207208066,2.867213896169714,-0.9353551750096722,-0.9181746289504675,2.8675175404858777,-0.9440708910923138,-0.9299107349037332,-0.48438691165208797,4.032904874146703
1289,-0.7650081036036112,-0.21298695901607728,-0.20684318337976396,-0.7665106571200156,-0.20985546842065728,-0.20853241716465473,3.0169447971157353,-0.9693146471645008,-0.24686722037894418,-0.2388615663343836,-0.9720460833313042,-0.2537028558439252,-0.25089661759873016,2.751802973765067,-2.404007158361063
1290,1.4401463822427876,1.6058912613641414,1.5579287018752852,1.4477469145384614,1.6087946752989635,1.5733648137670018,1.1501405490155088,1.1298958906807066,1.2823360146239087,1.2416481814931881,1.0970032554358922,1.2819157386212663,1.240294129762375,0.922116890261297,0.2036999431462585
1291,0.021324931561900948,-0.15353865923915375,-0.14895659621367793,0.024680424378511017,-0.1622470578428818,-0.15066321498483382,2.5516363470587824,0.5378064567709148,0.3874642988246474,0.37644092003616986,0.5360799163808558,0.38906319086238644,0.3820225315157167,1.7855948470448866,0.23473445972983129
1292,-0.034763120483363934,-0.6851011418123019,-0.6698189396317393,-0.03304799735629362,-0.6870855106408862,-0.6794809628470225,1.7886414800594144,-0.13467441948598594,-1.0254109448898765,-1.0001610076652108,-0.1281049851817549,-1.0448917433212994,-0.9986195028841693,1.4845838560437208,0.6414891093830755
1293,0.3717722712490294,0.36805215916021616,0.3617157918125174,0.38014725752255596,0.3708839186941333,0.35749958108429,1.8738192243277012,0.39730222888413946,0.37853762455685397,0.37236870312427134,0.3935614555314736,0.38416884899745407,0.36993807905003384,1.7596115764174227,0.27431176930798923
1294,1.6640337914515728,-1.460796260519364,-1.4289017750702184,1.667205963092582,-1.4622337496166555,-1.4418223384555067,0.7395683739520296,1.4445635186317545,-2.6555279728691032,-2.5793722303948714,1.4577955672646759,-2.659167880186875,-2.5943806577900466,0.6062668262827672,2.4857702704428464
1295,0.419037888228664,0.04653548651418973,0.04542515149821285,0.4276316082031016,0.04525190457922601,0.043013961014849965,2.9969841735481895,0.13654943231124048,-0.28636077222608775,-0.2796534640179708,0.14372052560616483,-0.3018122607219391,-0.27653046231841205,2.663207686339048,0.2405770926954634
1296,0.3003508889822705,0.46371086042108,0.4545935580211726,0.30440976603280634,0.45990420109832836,0.44737901060492813,3.439143648316996,0.1754087779615537,0.34707576889863845,0.3404773929384238,0.1624869080716522,0.3506707733932889,0.34259715428237614,3.0022438035646672,-1.63802453909717
1297,1.6524229416656493,0.6741542379042574,0.6594800817797123,1.6515524183391477,0.6727975479743987,0.6529537180502457,0.7539456247681943,2.095972096816303,1.0844468643861769,1.060899200341311,2.0807350334471275,1.0902894025981822,1.0687803412962196,-0.0409656169079448,2.2436991048900246
1298,-1.0588107162705094,-1.2114861903884706,-1.17950675191123,-1.0672061762333267,-1.1999888645943233,-1.1759818463323535,2.8367954912393687,-1.1319551211461651,-1.2527283698734253,-1.2178798607366552,-1.1273188717746745,-1.2479497568775466,-1.2095447760138311,2.5765484044484253,0.07391104598946305
1299,1.373938815505898,0.747044438990755,0.7318586012180418,1.3702580244267553,0.744731804095237,0.7235034226607582,1.114658006744807,1.406844800657869,0.7115258848379422,0.6963795754557431,1.4124760681699566,0.7269299034726308,0.6970174291533124,0.8812366665304976,1.6469548478656655
1300,1.7200236510970124,1.3787272276855684,1.351705525481128,1.7215169484875672,1.3924581246017984,1.3599923631960553,1.131852828964069,1.482265573349455,1.0620260937347679,1.0389076053826423,1.4795694873192973,1.0588109833132469,1.046152019037341,0.9584185324265448,0.834397441718701
1301,-0.037100151733472156,-0.44917921194519256,-0.4426697346887007,-0.025110143492670024,-0.4513713616178706,-0.4461707193429894,2.630283320714452,0.49674216068025073,0.18410420222955715,0.1808614439027679,0.5027155588077837,0.1668442093747508,0.18913259869575014,1.7901160997460714,0.6722860771623613
1302,0.12012402861329435,-1.6410173112017448,-1.5985560335476874,0.09582601088168008,-1.6538884291682416,-1.5858271189689586,2.1776190320989555,0.4877322887071822,-1.569470250421729,-1.5272949903769892,0.4715593312909844,-1.5700176175675802,-1.4804944140979364,1.5390772854249204,2.0962523807494367
1303,-0.3612324727366914,-0.5273456076480245,-0.5145607010629933,-0.36430504744802295,-0.5229155118180809,-0.5249170996176971,2.922173454028187,-0.11055952350997351,-0.29200725908585157,-0.28489166652393355,-0.10128061959481677,-0.2866626289650595,-0.27785659194328155,2.481910735141854,0.729951744839187
1304,0.14972770322906495,-0.3074361651072553,-0.3017223789589677,0.14424966232298303,-0.3065842852105844,-0.3051153826604642,2.4949697167067586,0.3172535592559651,-0.19018095555459794,-0.18650900493861217,0.3171561193912191,-0.19551057100160188,-0.1807536218175669,2.0988680316670636,0.6685609158068307
1305,0.41433951738707664,0.1518891496873716,0.1500118998205381,0.41720222785738786,0.15106331712938798,0.13818178774217196,2.2432507250798954,0.4828203884445845,0.22501596017040915,0.22288144946344274,0.4799077490750835,0.22725894005870073,0.22849955584136722,2.182127424446015,0.6368891827070048
1306,-0.9949287043998299,-1.0543547910653428,-1.0270356968093743,-0.9841209648511553,-1.0520373461464387,-1.0141625556426876,3.0926065133119436,-0.9888142361362159,-1.0815013075690265,-1.0511664506795528,-0.9955904754851058,-1.0834837455266493,-1.032732686317579,2.866435289366194,0.14751750218233617
1307,0.20942971890087148,-0.0820717736404338,-0.08092927980016391,0.2120427334281327,-0.07930112018470073,-0.09176124569615972,2.973193903926563,0.18931262919755243,-0.10158348753692616,-0.10009785498636826,0.19285672605949472,-0.09981960187085755,-0.10281034913639181,2.492835097051907,0.1421230876121131
1308,2.161322768117997,1.709552280665752,1.6886533065974292,2.1626864722512296,1.7094477370536458,1.6909084551888935,-0.062110778493097624,2.1675175071627537,1.7146456812955928,1.6968522298461497,2.165739404274055,1.7152751977849574,1.7004041187790844,-0.3082373689188128,1.4695729100574983
1309,1.169448898155835,-0.4039821163147312,-0.3964603470711117,1.1596742546001901,-0.41692482566455646,-0.39820053694256435,1.2244839062320367,1.646187604334963,-0.13031382470377262,-0.12745281878264564,1.6400976488533452,-0.12742288453226752,-0.12039375709096495,0.5847309889708671,3.32381771548108
1310,0.7551962829601259,0.7143357840495814,0.6968749324619918,0.767138532811118,0.7129178464860514,0.6883726233138269,1.4121609510386082,1.028820105644471,1.0316242272611615,1.0050953541361867,1.03400861694391,1.0244755676564825,1.0063517997650646,0.9044784820598999,0.3507095482666744
1311,1.4980515135327566,-0.3140910380755874,-0.30716990628970264,1.4995713598399532,-0.3055992924029875,-0.307548310572296,2.845635033441176,1.6226560186000298,-0.23619310096736548,-0.23109225241956546,1.6261280962995805,-0.23699706595760006,-0.2288226701898748,2.5889381857360516,2.2384986850016713
1312,0.7717846960104927,0.007262279178179447,0.007064519625439962,0.7685019315738503,0.0024713200338681305,-0.008563787020607184,1.667450804416926,0.3659832889523467,-0.4513291742449888,-0.4385119752647473,0.36500227635307236,-0.45956428810858285,-0.44519183089435865,1.578745262993707,1.2808595399327984
1313,2.4832758709605787,0.540991762367462,0.5267094534512974,2.4850838606830754,0.5505798450717562,0.5301024575724204,0.7068340907751522,2.753716332210979,0.7231669791210009,0.7054789022324577,2.7334012884634333,0.733512363017651,0.7271344171097097,0.0952494576851279,2.826711573045714
1314,0.4189587803759443,0.10164737230820846,0.10039147103709901,0.4173099085973846,0.10553875303732514,0.09567757036175381,2.4781195596781185,0.43755860354807735,0.13787873003076934,0.1359190184781409,0.44108917642391016,0.14078170733578024,0.13356460643622617,2.1430075770417094,0.35919357115378947
1315,-1.113383383766732,-2.7576384118555035,-2.6909387508733755,-1.120186568706437,-2.757189586644099,-2.6927643682804234,3.396516310275192,-0.7146850945230834,-2.4309860542726573,-2.373462801687144,-0.7185857924095662,-2.436004662353166,-2.371112184841759,2.7556634762765015,1.0736062946505307
1316,0.06783723511342331,-1.1573834627821398,-1.1261059638431972,0.05490254556332262,-1.1643833048257806,-1.1198341062422315,2.148331432593828,0.20114105595500917,-1.0903073130330787,-1.058338117370817,0.1964471726618428,-1.0948831595339532,-1.0375290822630845,1.6771556314436922,0.9452333035297315
1317,0.5010649005267704,0.6528806594548134,0.646613535436794,0.4876006903838108,0.6573380182002038,0.643098991814151,2.506724526574013,0.4369565929072799,0.656314055643355,0.6501138681774071,0.4405016407704025,0.6642523019665428,0.6181117713842244,1.93804975960736,-1.7353756510320073
1318,1.060430678474764,0.084743115325679,0.08308417588663816,1.0564809161626998,0.08662737007476447,0.08967568250599442,2.4203328469073964,1.246594225504137,0.21956165631164817,0.21533249384585185,1.2504338513296478,0.21484238660992147,0.21490109422669368,1.8821049197914086,2.476837348461843
1319,-0.6694639042125445,-0.574186581404638,-0.5512387925606596,-0.6636373520642594,-0.568791556622369,-0.5526487485405039,2.213392186469078,-0.2747025746945524,-0.14121914589690598,-0.13569550654839066,-0.28125716751343244,-0.15024567106171088,-0.12441482046160432,1.8975208235332295,-0.9324304436466406
1320,1.385817889420379,0.2018712638186678,0.19872938635466633,1.3844657376786076,0.20525009494639607,0.1990893166471969,1.9755161752153638,1.094396013587593,-0.2120084477754112,-0.20843699935357635,1.1047266967242768,-0.21456671179876208,-0.20968266784890172,1.8962672113549321,1.5513950690308895
1321,3.1484373678148763,1.27425708645838,1.244463365137696,3.1484662557519276,1.2761410775870567,1.248870390696366,-0.07796667171620561,3.2669253281015256,1.2374725506277715,1.2076973560992523,3.2707395527165954,1.2334413218194327,1.2036864941247398,-0.5061936905186426,3.764485856966118
1322,0.21863916780318632,0.25684267529107435,0.2503762679818047,0.2222690556467316,0.2650462154317067,0.2538978301460327,2.213755075862571,0.12315663488654767,0.14731933273577183,0.1435566732444515,0.12404441653679311,0.15317527391286812,0.13505373915516364,1.9447823822936583,-0.12194344933718339
1323,0.9600086299170868,1.5215938596146295,1.4946676954416314,0.9490705374246073,1.543622991878384,1.4864064541710749,1.6616976762349676,0.9656075648079353,1.6501062282682293,1.6181133067849427,0.9759707077010857,1.6282797671061284,1.5761920114669055,0.9985827687863914,-1.5691528794879648
1324,1.433303557637937,-0.8061707141252459,-0.7893266984040996,1.4359144771802332,-0.8091346845897325,-0.796373342902556,1.5402607261919,1.497411641920473,-0.8549184484478043,-0.8374400344173306,1.4985648964195968,-0.8417682906411479,-0.8465807617907064,1.3360131669017448,2.4870220789208455
1325,-1.0175027651966821,-1.170881605727275,-1.1420446218073712,-1.0349296672085366,-1.1738287914586172,-1.1313075159040407,2.5637176645197624,-1.1880775228377702,-1.3876806681676763,-1.3498700934520158,-1.195174789491507,-1.3929081423983358,-1.3565197071004162,3.2973013487834013,-0.6707977342475235
1326,0.5807375639553978,-0.7250389529123126,-0.723220138502714,0.5863330355291202,-0.7387078379842863,-0.7258813679664274,1.9134410037742453,1.3851141082574754,-0.2119783178699843,-0.20862877202803168,1.3754297895499126,-0.2300981956701966,-0.1989702884064309,1.3187532732044454,2.668028620050624
1327,2.3457972200249753,-1.1696008489169867,-1.1391173561077914,2.3327622841167313,-1.1601636264230468,-1.1380644801168025,0.38029022576751564,2.595818342723557,-1.17408236648249,-1.1439789225030068,2.6102809705686476,-1.1806223023014089,-1.135413136245084,0.018750455600147733,3.2880900492630163
1328,-0.33037988989772266,-0.2730695506902687,-0.2655136063509187,-0.327308757298512,-0.27003388452819754,-0.2631002576997725,2.0498340113779343,-0.5860719499956878,-0.49545430902055715,-0.48166144792045185,-0.587041183535416,-0.4758685558302594,-0.4769791565613321,1.9914136207451798,-0.597264241089911
1329,1.3245807680940578,0.973446552441905,0.9493236436584145,1.3408035264265006,0.9894466283330523,0.9319697115119913,1.2894404172550729,1.2250462556638637,0.8014756371827283,0.7805864344765308,1.2153955109584356,0.7757693705623829,0.7797610158339591,0.7352845270993562,0.9486779371971484
1330,-0.9333359720393303,-2.1375677548216996,-2.0639312688522273,-0.9376228537697516,-2.1444073789812355,-2.062903444207593,2.389952322166002,-0.3109849389736904,-1.9926988391686025,-1.9256193681368239,-0.3188730043991581,-1.9901105168555149,-1.9148705398246972,1.6377414113444997,1.3924703933874307
1331,0.9440342174897481,-0.47717517335563936,-0.46511256181803873,0.941324766619957,-0.4826696015885462,-0.45250777794879377,1.926103175315145,0.8614577168842457,-0.7115228089099789,-0.69403073849771,0.8601757678497876,-0.7095079041459629,-0.7009459861454753,1.4702774437758457,2.126042389390605
1332,-1.654090296751787,-2.0414384508107086,-2.000751420207963,-1.655442213184258,-2.038548188346571,-2.0077269563771303,3.3174490794264226,-1.3360358464951034,-1.7281435058590122,-1.6876660250628452,-1.3346535996087263,-1.7495066465456242,-1.6950603941181162,2.68253737183999,0.34679481062018663
1333,-0.7077312568954016,-0.5572694443817318,-0.5429943196426913,-0.7095567213478349,-0.5488263220562105,-0.5343675476904051,2.803552544850816,-0.823521328407314,-0.6595809832180249,-0.6462998973312223,-0.8161647675926453,-0.6596585547941023,-0.6378005182162951,2.750885369274347,-1.0310190280261111
1334,-1.4250232689870848,-4.033330689648021,-3.9501012746565327,-1.447813901291767,-4.028130913300512,-3.9557202775973868,3.1949621574631357,-0.9082375311058316,-4.143784445330332,-4.035383244809087,-0.9082076821914803,-4.143221669390101,-3.9935609378372083,2.4725115679174356,2.034639837069031
1335,4.08834356388365,0.4195328612320191,0.40560488753661283,4.091498200962733,0.41876597761091133,0.4026231584733679,-0.6847505864144571,4.3854097102362015,0.6629435321138417,0.6403367871571802,4.3883376969869685,0.6599538655040545,0.6400137992510033,-1.1632590926662867,5.823402017248817
1336,0.15771584771874633,-0.257334298396745,-0.2541372767851866,0.15621373705231134,-0.26147964828491793,-0.2456638224951777,2.5483617175003745,0.30526549240405926,-0.10452979622404268,-0.10301296717880089,0.3067391908342838,-0.1176773690919742,-0.11681927450379692,2.0455222121123366,0.931121163183895
1337,1.4955638412241106,1.4017026955986227,1.3694955410154357,1.497633600847224,1.4018233133667637,1.3678918757582044,1.0693875370866561,1.6604252540594338,1.580464795056811,1.5375751628513088,1.6622109787465917,1.579080408714502,1.5398997447437703,0.4102026180179821,0.5659652670785107
1338,0.12784581421432265,-0.061873800698638674,-0.060582992831084516,0.12510532296611593,-0.0748725655175535,-0.07703411696523739,2.132358093112007,0.0381816202829841,-0.059169804659894756,-0.05800335043963784,0.017760381777455706,-0.06099927598175287,-0.06252602295340415,1.7641728034914341,0.10178980165688521
1339,1.0416315298416008,-0.9244930578023824,-0.9139189279540622,1.0457072283786883,-0.9190450131758676,-0.9108961097513602,1.6850869360324872,1.58477494294115,-0.48511628924421213,-0.47912974197727415,1.5846622554977836,-0.47428015918190797,-0.47171236442967573,1.0132642578246298,2.7170476975250955
1340,0.30184265691002976,-1.0456753991974486,-1.03041362134246,0.3013525195680115,-1.043671099536916,-1.033834371295083,1.9304022728873702,0.307635061347703,-1.185231634999599,-1.164342708684758,0.3123267641501202,-1.196596116025905,-1.1744045918310448,1.6884828558430658,1.6723545881214896
1341,1.6153785812740713,2.32676945667913,2.2532045857831315,1.6187636357969555,2.321420888028076,2.257731346857728,0.8167581365509198,1.5662962425980849,2.5452172735212732,2.468987954940558,1.5630990095241883,2.5456955990371726,2.4695356081324262,0.49550661183755906,0.07870337609201737
1342,-1.6515952185653537,-1.7131210380693465,-1.6830011908539935,-1.6524041064537671,-1.7186922474717217,-1.6808008597271926,3.735581532281187,-1.872959529662663,-2.01497141598866,-1.9720315846427208,-1.8618016834321724,-2.0244772799954442,-1.983350567809956,3.630939301144765,0.16105962424077702
1343,0.23167718447067054,0.049987048456268196,0.04855282542492475,0.24035461397679472,0.05486211821250022,0.0498565838644451,2.0039106225687555,-0.010516598250641308,-0.2525064675074696,-0.24559564647193555,-0.002212191505897642,-0.2524187718700294,-0.23987196258202875,1.9586811809578188,0.811347148079099
1344,1.1678770059406816,0.6434451761647151,0.6301158758521971,1.170272399734534,0.6572312513488846,0.6324183767822574,1.7179331094043706,1.0236091689007534,0.3965282758651579,0.3881198130157205,1.025324486784709,0.39772091930515413,0.37713382672629053,1.446785090509675,1.4947053019817922
1345,3.7954888370099624,-0.8658345795568749,-0.845169702579944,3.7949301396758557,-0.8582064558708927,-0.8501615574276706,-0.2844671659430166,4.046565266263947,-0.7151453301228244,-0.6984109560800564,4.04906004212092,-0.7078244941691809,-0.6943904615749253,-0.7273702921478785,4.534504125483073
1346,0.8822583193152904,0.0969532320267665,0.09508923830424182,0.8891915801270935,0.10753912078333232,0.0914265323825893,0.9949280083310181,0.6501591705230045,-0.4810690030021873,-0.47218945265029855,0.65568738431271,-0.4736506666069846,-0.46857362071916314,0.8205249569216333,1.8710136996309346
1347,-0.7801596294646712,-0.8904424568862128,-0.8789971424726944,-0.7737465850445134,-0.8870067273874602,-0.8795809210775551,2.2309359951696015,-0.72024282513971,-0.8141413307785158,-0.8024183526173145,-0.725325739561404,-0.8146675301464368,-0.8164092765857183,2.0448633321472567,-0.21249241110144385
1348,1.2173299199426353,1.283835894847241,1.2559852980884325,1.209340280396673,1.293358085270211,1.2556692253637145,1.9227708127876915,1.2155124046650503,1.3059167178206599,1.2741138818366662,1.219513933138272,1.3064677939456295,1.2687543569724822,1.7627362282378387,-1.8624204476488657
1349,1.363637939427018,0.6786029211330741,0.659976198386611,1.3571636810129644,0.6747920867994028,0.6597677572860398,1.7167914867903882,1.5531409210663703,0.7543951395159203,0.7339741894164612,1.5434279150589494,0.7576083531512035,0.741366476444257,1.1251320923537127,2.3638262462553894
1350,0.43988860505737537,-0.6409367443315492,-0.6308050549338389,0.4417730498977737,-0.6401995356386213,-0.6259171215389948,2.212343600091902,0.18937673634456717,-1.1549692322520702,-1.1375962059559066,0.1980096392993166,-1.154062859064222,-1.1484901265399294,2.034588123043577,2.0007781765689185
1351,3.6505975483886957,2.5520381336503952,2.4746208362503417,3.646788230012717,2.553060429583277,2.474937471360084,-0.5236912232484585,3.5548645103875196,2.375649212704509,2.3029582548520833,3.560655765494664,2.3781690777905293,2.2986996245828486,-0.7252774887334371,2.9642402550861466
1352,2.0891712420215183,1.5015276347056,1.4631458831075261,2.091200022069698,1.4928834857585247,1.454709130765413,1.1746234809625933,2.1941679425413207,1.567295189131932,1.526871842467291,2.1930338676156658,1.5735959697706263,1.5260161031390158,0.8487780933856213,2.2219120956570984
1353,1.0550805399026417,1.0589457704758003,1.038930914916952,1.0494419089311118,1.0680455047281487,1.0388311865768236,0.6653109434984866,0.7446179334666928,0.7654173475746371,0.7526471376998057,0.7380835116586199,0.7581938616852089,0.7641447207030154,0.8222758090857374,-0.43451894476988734
1354,0.5172573576126602,-0.2169508132013527,-0.21308144964619452,0.5239458210111609,-0.21811812787405835,-0.21591917297829394,2.2072988190535194,0.48559988044832125,-0.2937307542103228,-0.2884810111755218,0.4900158879142741,-0.28868108068123144,-0.2869356766316825,2.0345651805932277,1.591276102406735
1355,2.58025086745561,0.9784823118329391,0.9570404730507341,2.583147681962774,0.9778497487339601,0.9565064469630616,0.2509437141690211,2.4709744669185985,0.5174991195700845,0.5062267872834669,2.4711109777244062,0.5128874936411859,0.5096569440154184,-0.021585719704844245,2.6465686779564894
1356,2.3858901045411405,0.48219813781042836,0.47603154881497645,2.3849158982029848,0.48407760329270855,0.4842854950666165,0.2786733836407577,2.472977788570451,0.4619035816837307,0.4541122266828928,2.479554208409085,0.47056679891790804,0.46096714449889997,-0.05570596376889316,2.948049035766993
1357,-0.39603920564961553,-0.32127262266728385,-0.3146703170933577,-0.39867308914955923,-0.3183764816132597,-0.3197008962542658,2.6934354823749245,-0.4504403435974683,-0.3806118218153389,-0.3709098042679777,-0.44660589592037425,-0.3755160428946889,-0.3673866422435162,2.2006071882982186,-1.3652050270878608
1358,2.6519155777840298,0.9484535680303972,0.9222295806164523,2.6527337195546257,0.9478901625480909,0.9155028350315876,0.550348079563485,2.6659622521006794,0.8843244553716748,0.8575188011497652,2.6606694495771257,0.8828230700652688,0.8521251753120253,0.18798164321677754,2.9463742427254056
1359,0.856141104256092,0.07500132249294224,0.07405901614776868,0.8581488601959232,0.057563656403506025,0.07604981803084335,2.0888956904527465,0.22812375472595955,-0.5461637314170728,-0.5414396019787434,0.24327657110996148,-0.5496857202626916,-0.5399004752637956,1.8934851447027055,0.8687997193184424
1360,1.928877895039005,2.3698900992648686,2.3005297770642157,1.9313768759515881,2.372617527168762,2.291278364676848,0.5234418792676858,1.5394749204632088,2.073359426570745,2.010520082284069,1.5539648688375571,2.069675498087509,2.018664501511358,0.4206241655994779,-1.2478746061237187
1361,-0.2804581499070806,-0.7646761911488397,-0.7510221719538263,-0.2892418454599519,-0.7539828656438686,-0.7609726540770827,2.6613222422514418,-0.583205359997179,-1.4452893193735508,-1.4201530696900588,-0.6010226863562159,-1.4543764928595115,-1.4194921663571105,2.5298324014896645,0.7698513839532967
1362,-0.692899930451696,-0.6567699849499702,-0.6419826907244268,-0.6858619542367725,-0.6580112083683618,-0.6448679200893072,2.9384129854866483,-0.6215811887581862,-0.7159303924338133,-0.6987869990363598,-0.6202030291132503,-0.7156683782844705,-0.6986867816759957,2.615069191458683,-0.13007347551603518
1363,2.204814286457896,1.5359870611230404,1.5022138886739955,2.2000897830946826,1.5292176106251365,1.501352162207179,0.4438754350473677,1.8056017605534822,0.9557815801921168,0.9348466947986287,1.8071604069687188,0.9617063399831669,0.9199492663780078,0.35928292375909376,1.877166681270918
1364,1.0093458898039622,0.844078238341358,0.8303756615291167,1.00447796723661,0.8461298199279313,0.8288151272028187,1.1294921836036032,1.0704748479892687,0.8757339103716467,0.8606777699760927,1.0624987550428646,0.8811107123382745,0.8763047122058693,0.7371616010294999,0.716483968813793
1365,-0.8776904899319782,-0.744878813291879,-0.7250240240162673,-0.8767644076998159,-0.7403237339000488,-0.7228653259752983,2.7768354365829273,-1.1232050941799632,-1.0160754729084611,-0.989055100990758,-1.1271186042724786,-1.0264722429227977,-0.9857657112656899,2.6428943347273117,-0.89929005755002
1366,1.7440003803197088,-0.00859744502722227,-0.0084024079519796,1.7592391788809827,-0.01754733401375898,-0.011737569434321833,1.432281545165044,1.8467286003388095,-0.07481842935027459,-0.07310832161729777,1.8461767183656108,-0.07908288329168497,-0.06659878960379591,1.1034243322315682,2.69120201330985
1367,0.5287317897946766,-0.06359009238583054,-0.06203012990725798,0.5388416631057106,-0.06998327387746955,-0.051905113164224616,1.9434940021425464,0.4546637573845204,-0.26261577262516184,-0.2562327597809366,0.45724301635622994,-0.2741807321377071,-0.25404209132523725,1.6062681706984245,1.0550926522269357
1368,-0.6174056495302525,-0.16329466303994586,-0.1591233301274347,-0.6178521689308943,-0.17113023332585808,-0.151530345155056,2.599156349640474,-0.4802310470910597,0.09825710974723521,0.09560849155771366,-0.48553225635607367,0.08541697658774235,0.08706718838906326,2.109647823409139,-2.2173226524439733
1369,3.368755089758783,-0.7625088606821051,-0.7470283179589845,3.366820609518499,-0.7557252249155908,-0.7621646827111834,-0.6671335008309376,3.6792323720478444,-0.5880184967396085,-0.5750543024407336,3.6759784051211555,-0.5961576736965652,-0.5911188721642029,-1.2088348601831547,4.368499266313164
1370,1.476896765561933,1.4388836790358273,1.4082721468266057,1.4735726368129862,1.4419088291322935,1.40572961498906,1.412893466614346,1.633051619035243,1.6017500197623726,1.5682172747763479,1.6272774104176826,1.609444681834859,1.5704712127672606,0.9848281655335436,0.19041289363101435
1371,1.127700193180197,0.9773147026298104,0.9515830454961169,1.1238834069077632,0.974636701077103,0.9569902462106433,1.41376555811558,1.1424825797186962,0.981958898063853,0.9573283014157011,1.138470958132822,0.9823485719000999,0.9636606132812938,1.1676413860712365,0.9601746560321666
1372,2.6847638922651162,0.03089059999554242,0.030216333236784694,2.6896937396669593,0.026590906296296818,0.035061867983108286,0.42541461371203176,2.9689575769251078,0.18353068148270926,0.1787317510708427,2.9614275693169985,0.17520949221597493,0.1913258725686939,-0.08939754424392098,3.950414145060179
1373,0.16958381856601884,-1.2474772975853572,-1.2286903949092811,0.1697898574072539,-1.2420152355719947,-1.2242171243974804,2.665062228203554,0.3110060807360057,-1.1301816912415286,-1.11098913381056,0.30688876423934136,-1.1337162572339978,-1.1149013329866473,2.179131985312142,1.7590282511082016
1374,2.19488483270438,1.8407314993102246,1.8131589296014932,2.1920534196002164,1.8376617049885902,1.812283575657515,0.6598225389894582,1.990276701136875,1.5541652676251276,1.5309603879181768,1.9848942219836363,1.5585414949868794,1.5277718701543659,0.36778849277032166,1.6015990895896055
1375,0.17736858752963794,-0.7004802185910546,-0.6886771824006972,0.176548741820457,-0.6994054956179567,-0.6918183382461017,2.5596668309572648,0.1323130281422944,-0.8279366078227206,-0.8103120568955359,0.1378959854050886,-0.8349326179445139,-0.8084870735937796,2.250683344104202,1.7863132169629197
1376,0.06916627923038969,-0.32080227549562634,-0.31415398768136066,0.07061488880106498,-0.31596140303982884,-0.3033730078546703,2.08538334758515,-0.12297988799647247,-0.6172391396572574,-0.6056073412591625,-0.12323655109058229,-0.6126919408171329,-0.6054480112498364,1.8005832184312593,1.3384536060984866
1377,-0.47805004306902127,-0.9991996217332778,-0.9831780320978372,-0.47506942902419985,-0.9967672108673188,-0.9812292504784936,2.289415928387276,-0.49175459605160016,-1.18784832606548,-1.171402826259196,-0.4847413106884999,-1.1968911217745524,-1.2012443096836332,1.9981233987855422,1.4756373223653123
1378,-0.2797775898468148,-0.2818246160483069,-0.2756261343331278,-0.27865465801053724,-0.2903226622761206,-0.2685473834024278,2.558451709883683,-0.08701689053550321,-0.05289824330358617,-0.051775004065103006,-0.09813304693279551,-0.04950014588801067,-0.04560266293397097,2.0548893573133005,-0.08289378691536169
1379,1.7533946520606547,1.3940919605336388,1.3751133968148759,1.752728582286431,1.3886042910573466,1.3650718575210978,1.9646569704439114,1.746960588959287,1.4433208471178898,1.4255624860488796,1.7561665421172232,1.4361476003371514,1.4229584343248454,1.6682952245345775,0.863493933047465
1380,1.629034400810426,0.21952634832172957,0.2160473879132205,1.6299638337008233,0.22760132227417912,0.20972974278253131,0.7496419788884124,1.5224479696009479,-0.18160913782244706,-0.17899930728181937,1.524478941135476,-0.1750613379944145,-0.2173344955970184,0.6288357424784141,1.7148103362353648
1381,0.7204510474547556,-0.4293424151744906,-0.4178945576652497,0.7235815272345414,-0.42844928417778727,-0.4165663270650468,2.0219112312132705,0.7411498755491823,-0.5009415789196846,-0.48800307905897616,0.7416169592839674,-0.5091166754764597,-0.4858447950057504,1.8606320425966087,1.6280031193628188
1382,0.2947547748838236,-0.6586036713136971,-0.6486575661001073,0.3021647476785952,-0.6507405978481939,-0.6415390531185514,2.3139182259885573,0.3198200999581923,-0.6564841240616265,-0.6464656300210249,0.31867992453021005,-0.6559529012769446,-0.6391996825932363,2.069966174509075,1.4785225029266054
1383,-0.07291918312248652,-0.8150525457808578,-0.7966155148641186,-0.08372563772227429,-0.8061331747948721,-0.8050747148326728,2.2888015123850876,0.11712993261477342,-0.7098032026370223,-0.6915866076138399,0.12401552978359404,-0.719483794752601,-0.7000174295403755,1.8151564609788189,2.2436975395441863
1384,-0.2075886919188531,-0.5875808802935196,-0.5727013519375753,-0.20191754541056234,-0.5858436711768789,-0.5641753469232046,2.6068769951586934,-0.3261454963202932,-0.758652173047046,-0.7375970854964726,-0.3314983056108568,-0.7512454234306383,-0.7268883907769931,2.2423124983459224,0.6647062887808838
1385,4.230274148339325,0.9186966238070443,0.9028934362411447,4.237868933132103,0.9257930649304762,0.8905013537000525,-1.0971044436656685,4.188685653986594,0.8067733452215146,0.7930777262816694,4.188842591833972,0.7919978677224553,0.7878399040052523,-1.3278514995107376,4.081484035965883
1386,-0.5755070280445103,-1.1367243203549178,-1.1121856163921469,-0.5671191477803392,-1.1326305249492479,-1.121908333777256,2.800531327395543,-0.7140195090893734,-1.6151809038252316,-1.5810842540763728,-0.711542425436906,-1.6183206323626171,-1.5806900286770722,2.663282585324024,0.6155550020918855
1387,0.7645758203874596,0.2520433842017508,0.24561844516662198,0.7689164601315794,0.2578568488981206,0.24462141991152372,1.791835392212769,0.6725362294530317,0.14439744071894917,0.14091471243048623,0.6694378324540525,0.14490268170997117,0.13906458198263946,1.5109798239419392,1.6458315834751005
1388,-1.3446119624735953,-1.5580601019488518,-1.5162274046843145,-1.352125655648618,-1.5656098642391727,-1.5151313502163553,2.65868610987518,-1.2556356240045734,-1.668821336147111,-1.6218589177845868,-1.252508606197701,-1.672050447061362,-1.627112772521299,2.7996397689068315,-0.04742948019878925
1389,2.58690244076125,1.2321990296737877,1.2102316424335873,2.5845915303459166,1.228434284838842,1.202588859687863,0.1353690702117988,2.7469122538525172,1.3354078833079515,1.3071327350943232,2.7417621784666255,1.330402819787431,1.2935569909435103,-0.3894825394194357,2.4670719301932857
1390,-0.08666766127078394,-1.7000291855593932,-1.6713784558359224,-0.0767288642501209,-1.6972854889543318,-1.6869748271992457,2.267483658902686,0.05428508003348,-2.1082168777319703,-2.070581549105224,0.05424548152354607,-2.107305744645789,-2.052969322169797,1.6828293406626214,2.237631194641768
1391,2.3279523470898686,1.9778489041348606,1.9375861959394853,2.3260308389086033,1.9851335857907124,1.9370678447616037,0.5436021499183727,1.9343547160090437,1.4338767464395885,1.4044829072323906,1.9375276398990278,1.429179119247874,1.3959701430310159,0.33893973635365215,1.7153176149794953
1392,0.46568343311766214,0.17719010498207552,0.17013709946118946,0.47288488941096013,0.17359203340781093,0.16416383750757818,1.5736448768440343,0.2322528430569194,-0.0891679051354291,-0.08582309468655987,0.23011615167512847,-0.08154781475664444,-0.08676857540516125,1.377768290179904,0.7103538332819377
1393,0.5508238443396074,0.43814518446763806,0.4277773759265885,0.5539282526702632,0.44514037604735357,0.43926037610289415,2.2249286453411536,0.544742219943984,0.22416985022500968,0.21948733555773672,0.5568025098528987,0.24737571350338822,0.2199686108388809,1.7011362446375506,0.8266639809015558
1394,-0.9032033688748965,0.04077704857832743,0.03974736472631607,-0.9042426847817301,0.0573793415973478,0.043233047849337514,3.3311663228347443,-0.8723533306290292,0.15195716795930428,0.1478177383588168,-0.8661680088881132,0.1583786368874295,0.12484964226057742,3.08387857576012,-1.1989786755356067
1395,1.9874029778881892,-0.21316896600503032,-0.2092010670560876,1.989237034774289,-0.2302810590686656,-0.2076326453474922,0.8619347459849224,1.9104965797411977,-0.7804393335485788,-0.7628135984478198,1.9112049213252384,-0.7860493282130241,-0.7581019536142894,0.753881817014836,2.1950949155208863
1396,-0.7141092025287328,-2.3449084409976892,-2.279722027897895,-0.7155587575655222,-2.3497296090379276,-2.2923835401681636,3.5862719934775917,-0.5730691713406871,-2.300421786994863,-2.2461535259965437,-0.5680186727679446,-2.2956644907619372,-2.2345211569961925,3.141921063618795,0.47538875998406527
1397,0.5903596196581329,-1.0116217449434628,-0.9851565937757124,0.5844352064853825,-1.0291197337173612,-0.9768573347512124,1.6034364610107255,0.41807062481438867,-1.906167965235047,-1.8645097131315145,0.40643049777973506,-1.9109071810966607,-1.876951122708923,1.6249132843377878,2.1459427364086716
1398,-0.11357048767026186,-1.1404027409263153,-1.1265935127331543,-0.1097208590602102,-1.1363475740322717,-1.138319559701268,2.5008747566216614,-0.10172878488380505,-1.2150607783196523,-1.199341190944157,-0.09579328081110786,-1.2107322948652237,-1.1838203850492444,2.179869955444387,0.9705234679932336
1399,0.5157980676561448,-0.04714100208687908,-0.046640019914376434,0.5247386796164664,-0.057608337722500354,-0.04349044272927039,2.297681169715424,0.653559836047966,0.028160430454872126,0.02785284250349787,0.6715640817190438,0.027394602038850222,0.03242444088770333,1.7104979519317147,1.0499729136775955
1400,-0.903824305421518,-0.8345498219892808,-0.8160249108660201,-0.9105391110471285,-0.8339672123959012,-0.8325277126381335,3.235305063189446,-0.8060861977133824,-0.7196334933582742,-0.702912967506181,-0.8054980760108572,-0.7237010226141976,-0.7014398158279448,2.8633855775255626,-0.7471599723897293
1401,2.5186148486214934,1.63701668172281,1.604504003728131,2.515862681152811,1.633278051971996,1.6078706102952784,0.5618234829203141,2.472144729990183,1.4086702259782484,1.3766191004469919,2.473774507255898,1.3890246389826082,1.3757520909758352,0.2496239510378886,2.353922933073203
1402,1.9140787897866158,1.3917456018777208,1.359795689525823,1.9127084762315456,1.3897172010160548,1.3638994735745844,1.400655091944411,1.641637367791362,1.0166421675715474,0.9952566428466915,1.6340738766048404,1.0105043961027447,0.985319971407532,1.0386906916289527,1.4348673042837343
1403,0.25074837479875794,-0.10744152485366902,-0.10482768253887795,0.24312940850608342,-0.10204758073817909,-0.09863101177699427,2.475213456142639,0.1288410656755584,-0.2200387070789662,-0.21483101134151691,0.12958808048648635,-0.2241635873414054,-0.21531317385603613,2.3950874543111755,0.8779424888024039
1404,3.4153266980714485,2.7583288596427717,2.688959754241324,3.4243389859414464,2.7473313836844957,2.691590040763989,-0.14640112156733243,3.7114425501808266,2.994631851983423,2.9169549719717165,3.7135050245290695,2.9834352751919964,2.914872558559772,-0.6183412111186353,2.379611297566766
1405,-0.25976221527371024,-0.894686742670041,-0.8889968982636933,-0.27260650830374594,-0.8934243469169233,-0.8752427578859499,2.626039008621083,-0.4787424614094968,-1.3161613167514055,-1.2909919522441549,-0.48894972522644303,-1.3131023528357966,-1.287327279663885,2.338717796252358,0.513075903268776
1406,1.412602724415026,1.7901182549313817,1.746331720768627,1.4147032421584755,1.7919089704618922,1.745935832626469,1.9363545109518017,1.488856853739084,1.8886987665986907,1.8421689985883551,1.4848655422581654,1.8896814745845305,1.8368586049931375,1.6868998519024,-2.6174194060484552
1407,-0.17009035299249645,-0.2825831910978267,-0.2749870553313026,-0.17057938367516753,-0.2750298462675465,-0.28647176212779785,2.5569087771518655,-0.6505705782814094,-0.7433978508330396,-0.7210590842573035,-0.645717119975926,-0.7515444626697241,-0.7218038132261217,2.6873252467438387,0.6209340440515431
1408,0.9633510559469982,-1.2102466367598068,-1.1931271788848974,0.9665464996507619,-1.2039303358743478,-1.2010373873296203,2.0383189040156373,1.227225798911394,-1.2494639137585104,-1.2277412313012979,1.2277059157835517,-1.2363120448450016,-1.234083007737698,1.3690468246596057,1.9570260759416254
1409,1.2066458408821072,-0.6102485181063002,-0.5966776202271509,1.2060420710332418,-0.6093281489883924,-0.596944742970589,1.8207559057928444,1.2936991620981615,-0.6569792668324631,-0.6418070173512294,1.2878058006595297,-0.6587566810763862,-0.6479736553682732,1.4661000790338348,2.063902916715092
1410,0.013605942599594146,0.030380180545720777,0.02982259988307611,0.01181160495905028,0.03527278057563633,0.011588254043472407,2.5513417252403885,0.17139469809280608,0.13978127363488368,0.13690928123236307,0.1821445680655901,0.11467414047151346,0.13785542779487486,2.179015825295996,0.6377120980472852
1411,-2.0213445445786213,-2.275617980829004,-2.174869101912352,-2.025799452826219,-2.273589983794427,-2.171252749594537,3.1097333819879474,-2.135902074018632,-2.4036112813297685,-2.294136195936135,-2.1360269540714167,-2.403187337971637,-2.291215994547103,3.0175546506976585,-1.2852662761707607
1412,-3.3318195120744774,-3.269932219404713,-3.2024595812685877,-3.349536405595826,-3.2714779723260317,-3.201744017771735,4.6898812267467145,-3.1023484731549007,-3.0865141553574045,-3.0313466457519986,-3.118818170432251,-3.0824104464742192,-3.0241683148195073,4.102369907237432,-0.7459460348963349
1413,-0.44775182221217397,-0.289201321371823,-0.28570896279390384,-0.4546549321862523,-0.2834937228956905,-0.27854028553017185,2.533486833327959,-0.9247256795427181,-0.6927878132454779,-0.6847042120652975,-0.9355011065173608,-0.704850406056718,-0.6935935676125254,2.5946058866375523,-0.3032389958116801
1414,-0.09898714884416593,0.004925449081645708,0.00484364943580162,-0.09641640506752204,0.00646845284233199,0.006435365027067971,3.7701653861187223,-0.1706290376023802,-0.06192080378902373,-0.06094510708497734,-0.17073199962776053,-0.06103124878502654,-0.06393546935729733,3.599703330976271,-0.30602904063732506
1415,-1.0695400704779696,-1.6569324381307493,-1.6220589017146827,-1.0816043610752337,-1.6552585888580509,-1.6243463452072704,2.3141705486055457,-0.8451687644706056,-1.5836270952807658,-1.5500394955437784,-0.8498590211444285,-1.580112244234372,-1.5313879956959726,1.926704191717815,1.2209200709503036
1416,1.051844440245933,1.0851405139985013,1.0693039362475532,1.040044282564827,1.0847365143366994,1.0592804008661898,2.1124686243893382,1.0929705900547808,1.1388391961999544,1.122502295406257,1.093940392123187,1.1332267868871846,1.128074259204209,1.8000319370036955,-0.5403015606553712
1417,2.3610346108733107,2.0004687088011575,1.9457333170835258,2.3615059537548855,1.99532735524756,1.947594686872364,0.6249728751291532,2.2203640863193863,1.869985539198946,1.8161624956656222,2.224316340801913,1.8711007650942557,1.8181478087853982,0.4314514436987054,1.1058632978976197
1418,1.6194165909983544,-0.9058871915544203,-0.8826988110388799,1.6225968463545564,-0.9007795889740214,-0.8842605483764208,1.9421432180975613,1.7733018575725197,-0.78233757508491,-0.7623966046132983,1.773001364614964,-0.7678610091717729,-0.769953626066945,1.5145341532115757,3.7086890483140333
1419,-0.17488095707771548,-1.8318666221317377,-1.7891595311486839,-0.17352503154696478,-1.8379304571901056,-1.7967504359483035,2.92153713102334,0.0380401633636924,-1.6417649975732744,-1.5964316908435257,0.037607369794523796,-1.6373194000204314,-1.5862388024631335,2.4083911788651777,1.17686322970032
1420,-0.15969251211392,-0.5511666395500424,-0.5447083762537682,-0.17681009629451988,-0.5509113820559655,-0.547759694644912,1.8210863480419197,-0.2907683729368818,-0.7991677042451498,-0.7896690235960421,-0.30068476858215204,-0.7943242123465519,-0.788174361000812,1.8025553337864477,1.2644201058122166
1421,0.4667476743641273,0.5027916684135165,0.49106946072630825,0.46361936816815097,0.49709233844167655,0.4880726759387465,2.4004550958434914,0.4637140719554772,0.5550144137664793,0.5408088292876054,0.4599887764482113,0.5559084787714603,0.5418280096246255,2.054400866245084,-0.3675727483203925
1422,-0.009236277310851916,0.1572005619095999,0.15398530707186053,-0.003841630183012002,0.16208479760606323,0.14237305993023486,3.099561340098197,-0.09417900667157222,0.1044396096135567,0.1021976178113653,-0.1029344351616617,0.09594893885922393,0.1106473204204619,2.9504815042110386,-0.6582780299603437
1423,2.205941720724198,0.4210710484838078,0.41257008158312564,2.2076322240421002,0.4141092393799316,0.41768637421200405,0.9753086046971329,2.5410346601437044,0.6959663503489718,0.6807730827323792,2.527631141930494,0.695439798157919,0.6734486024148499,0.36971761408896026,2.8221285997914465
1424,1.052568105679724,-0.8565950189131826,-0.8368267526573847,1.0502630133993673,-0.8534032031902214,-0.8298456247318835,1.7102654047512367,1.479301550088744,-0.5633490030399283,-0.5534565074779922,1.4672394186808606,-0.5578502374635077,-0.5688256815519545,1.2808387891799888,2.5841112438430947
1425,1.1085040226246097,-1.6245178466265933,-1.583967383440247,1.1168493806364954,-1.6126113602932728,-1.58270926967794,1.3777176686244266,1.63878934301525,-1.1738319135726525,-1.1475252212452083,1.6352995846738116,-1.1620082250145525,-1.1432629595027104,0.6039199137879291,2.712186928609155
1426,0.679489824692195,0.014183704769069043,0.01386008168663607,0.6873464142494355,0.024409226576986128,0.009945327118620414,2.894865096193806,0.6005259364291029,-0.14211846254382923,-0.13852603488441928,0.6157208509510242,-0.14533797576356963,-0.13715267350456742,2.406427759484842,0.5335933569387851
1427,0.04565944672045047,-1.4590400676437156,-1.4224955561369306,0.04301188150829749,-1.4676417114415972,-1.4218106360014653,2.182122756839282,0.26682063245209764,-1.4535633172962785,-1.4167209110259293,0.2571483970155024,-1.4446722573884632,-1.4089935555132722,1.7025883778900877,2.006220040567643
1428,0.9446026428105545,1.0365798252642784,1.028087380325248,0.9424878902538151,1.0472158489949965,1.0543350838877947,1.9593599080207484,0.8382514092873841,0.9885262687291035,0.9687095445320105,0.8392398459259645,0.9843541696224891,0.9586110080631005,1.907148406158722,-0.3177953939988828
1429,1.872138774603643,1.513983762834424,1.5097749818809867,1.8864431951858323,1.5133852602883222,1.4993266316725877,1.7337241780172512,1.6482259200080651,1.106796693858478,1.104688262662167,1.649384039070587,1.10923403976999,1.1027878201282284,1.2535505782208856,1.1517189789633697
1430,0.29739614381344043,0.17560855256366684,0.17082379944873155,0.2874829150633091,0.18073378196792625,0.16225860050018084,2.605466759399041,0.4959605222069247,0.4042242400436264,0.393483819960843,0.4927322371255552,0.39980494337983274,0.39600558205258185,2.1870723883742675,0.015432517644250313
1431,1.1420213559679153,1.1964215725386689,1.179543798697305,1.1461522449428876,1.185509363812925,1.1761216507106238,1.7952604507105743,1.1204041431464138,1.2213129304868928,1.2048724572524443,1.1200017860376232,1.2304365536834434,1.2026501172741293,1.507851586430938,-0.4479976745111848
1432,0.7885530525936851,-0.5497168310341243,-0.5427448278328452,0.7901285772684044,-0.5460431490009224,-0.5526118174533018,2.284317087383349,0.6156416873914502,-0.8516496430230337,-0.8382461044360957,0.6161778726483932,-0.8762785874551163,-0.8663872185483296,1.9048278318191345,1.0612213040815237
1433,-0.45420992381664743,-1.0701641303997074,-1.0382716557054632,-0.4329914751627367,-1.075467300572002,-1.0356770528513413,2.2300074132036984,-0.4085439473055643,-1.0949021663900038,-1.0605213746232929,-0.4143951983274165,-1.0805652778234534,-1.061474417736862,1.8516867204665552,1.376731367187603
1434,-0.7882708422625776,-1.7477882465114702,-1.6918972871219704,-0.7940496105599066,-1.7570027387144327,-1.6896466501988021,3.4260745520750984,-0.48835579626211634,-1.4740905912586455,-1.42739297460501,-0.4957761084285907,-1.4738373853833255,-1.4407426568733435,3.0853090162503554,1.0738139399679691
1435,-0.21368985085783154,-1.1977428964832866,-1.167789263733507,-0.21461742487754307,-1.2017794269189896,-1.1569794156301756,2.959702237727899,0.2472570616375692,-0.27410427790287656,-0.26693427696373456,0.25272223253492787,-0.2595179273422859,-0.2631013498031019,2.1176361326790287,0.7650022984690132
1436,1.5737613239620858,0.3446087816724241,0.3372329805024035,1.5668608489217484,0.33637631082929387,0.33406227887122725,2.5429259411550946,1.6170403691307853,0.3146366856309847,0.30792003569385734,1.6232986399585163,0.3136745605084449,0.289367916500418,2.178838011267053,2.0850380991472064
1437,3.292457849651782,-0.743136956934079,-0.7285242320234391,3.282045219085335,-0.7302107965240082,-0.7173431764456049,0.05155658262663405,3.733099865179516,-0.10757830015233723,-0.10557194417651912,3.7312788769160536,-0.09319004009133451,-0.09102175707612892,-0.5855674614149371,4.148587085111417
1438,0.038636023422169964,-0.9620294607144616,-0.9330097920083462,0.03569150598702206,-0.9662909475547484,-0.9312492752779324,2.4243923920789734,0.0006940879127428101,-1.0356260522423284,-1.0011562605117117,0.0030509501037245352,-1.0315457484678439,-1.0045144936670147,2.122522719439473,2.2021134177917427
1439,-0.20528240262361327,0.032054871901485274,0.031025354259711414,-0.20783886614362712,0.029473280180483105,0.0404209437421078,2.133396533994938,-0.19448277865647054,0.08705685802303526,0.08437357429572417,-0.18314258141283704,0.08997734918340564,0.08481737801512236,1.9605812053831555,-1.360957747039038
1440,-0.8262159608785518,-1.870655080770039,-1.8105964220117285,-0.8289595512312503,-1.8730109177220955,-1.8117338116477755,2.754665450086024,-0.7330310396149903,-1.8335522557617516,-1.7726583974578833,-0.7318104839550269,-1.8352941267495686,-1.7678278430097318,2.6104305360020503,1.2582328585995475
1441,0.34013975234720784,0.126456918920319,0.12452105894348203,0.33215850252466766,0.12101916411330683,0.11991522584801409,1.8326293173181756,0.6722022041245336,0.4320402538414117,0.42354871879287864,0.6707395773639159,0.43938460964524906,0.4262263568345324,1.0460239191847107,0.6052926616277527
1442,-0.23561111018700745,-0.9065510795971667,-0.8808930248207126,-0.2302544025135896,-0.8999406641217157,-0.8872193973524647,2.3747615539331823,-0.3455473334769113,-1.1097120065271195,-1.0756180101995112,-0.34440640011670226,-1.1013616615560187,-1.0716689836297124,2.006368574645254,2.3196620583955583
1443,0.3625035288662254,0.7347070373908462,0.7170940098647416,0.3707867311611852,0.7439554073760043,0.7272139439506482,3.091484943516203,0.14395093926377564,0.5774635316603612,0.562842371013544,0.1475908503687383,0.5550979513065128,0.5669979066600952,2.769054198606836,-1.0656248534303174
1444,-1.0720349531120983,-1.1773095419473512,-1.1497519150069775,-1.0721303999048832,-1.1694008199027672,-1.1546545198505185,3.265389158891005,-0.8393341478981682,-0.9302990787586126,-0.9091275873283302,-0.8398345810279699,-0.9343675247596113,-0.9268609688336498,2.6477299057386534,-0.465795615299572
1445,-0.9876686382705173,0.022752229420756186,0.02238976895358914,-0.9815717005212361,0.023163764980811914,0.014367237250494396,3.1088561077522714,-1.2317696986480955,-0.22059754757424854,-0.21678975087201677,-1.2279571459664684,-0.23362811395200742,-0.22972773487165912,3.0531906036283054,-1.0877214125577972
1446,-1.851247557864052,-2.0274669844498754,-1.9995779631285568,-1.8475695062971274,-2.03174807582099,-2.0150164743368766,3.774740661035216,-1.7284331504292039,-2.0023855488685394,-1.9657433624072265,-1.7498886098904967,-1.9812028085438464,-1.9717350779227427,3.1558465303699603,-0.36922711429461097
1447,0.4335904819723279,-0.3877292993357858,-0.38030261020944517,0.4349367305128414,-0.37694256996358777,-0.3836532843463837,2.540700778026545,0.7630257593040289,-0.10933752468521415,-0.10718791379892309,0.7542783558551197,-0.11252762230667059,-0.09607826194640737,2.05743865417364,2.4978615287394796
1448,-0.287355974453478,-0.5816964665487045,-0.5690220341437061,-0.2877259972765156,-0.5681906016537694,-0.5721158896189843,2.631795147751421,-0.35491767200632574,-0.7112541410150721,-0.6934778655645261,-0.373604260784151,-0.7034227549554047,-0.703830198207684,2.1667302407157334,0.16596957988437094
1449,1.9690965797892575,0.5218516672027487,0.509171518352118,1.9687971800820971,0.511471909024769,0.5194778441305788,0.6235257012803989,1.8640739908173323,0.26905208903050054,0.2621048065229924,1.8663508638421342,0.27056664980106904,0.24999331992839416,0.3382768311334643,2.378424245555693
1450,0.15266896915093572,-1.7081649519853044,-1.6794391260852053,0.14704481599894223,-1.6893250386982384,-1.6885459274339016,1.6236694973162868,0.6161621289471679,-1.3956637468583089,-1.3734676479963042,0.6183999302496008,-1.402086848452514,-1.369372161976229,0.9561221598959417,1.6807933064598402
1451,1.5810545381569971,1.498274387816226,1.466938359365961,1.5712145444274055,1.5074364183903328,1.4731187563735137,1.751811851973802,1.5504480769753979,1.4765928357151161,1.4406131339841814,1.553816930391961,1.4824745066299785,1.4432686749475225,1.153781918665678,0.31286838768229275
1452,1.709774379932974,0.5567498292061556,0.5437579893611318,1.7129227684270327,0.5574299915280905,0.546025650666607,1.428796256320559,1.9369267541857467,0.7558542303986134,0.7381916073209119,1.932326282200108,0.7521291432151501,0.7520121377296343,0.9937186087906756,2.2855869557535784
1453,3.087993070324564,-0.6542718605653637,-0.6368873784407093,3.081503529910723,-0.6486039305648027,-0.6424007055920405,-0.21909501920172642,3.4541273770856007,-0.6606713021139977,-0.6437940951299452,3.453617803319441,-0.6456461538873912,-0.655919046183443,-0.7831510444630709,4.882133124075069
1454,-0.8827086584631139,-1.048594891423988,-1.024317020018732,-0.889547194139186,-1.0546220870434222,-1.0233046162148614,2.2010350681763637,-0.8355201046886205,-1.068604676397312,-1.045890090168576,-0.8307186386466403,-1.0613092379912565,-1.0406327705130567,1.9781389530621094,0.6570140310976813
1455,-0.07015659702377522,-0.8664214541248499,-0.8561656324312217,-0.08006968236747831,-0.8740121613400748,-0.8548246705769004,2.6775927551395373,0.24890211190751022,-0.733027535492008,-0.721267264730995,0.23885592012939594,-0.7285189369149272,-0.7339481100257594,1.8654613750402633,1.9357590475380335
1456,2.468816549317997,0.2352518426493438,0.22991365663405877,2.4732871360234014,0.23776135530794462,0.2310276495170125,0.09422400961370198,2.687670196703236,0.2884266278971327,0.2815906100558046,2.6730322209101374,0.2815066252101488,0.2770843764811093,-0.3751709959143445,3.4528619982387623
1457,1.4566330820605204,-0.777344714611997,-0.76557238522846,1.4619397266620013,-0.7706053749845998,-0.7576072368431613,1.181972781179637,1.7510201523591171,-0.7383042131296347,-0.7234471040738919,1.746963523991908,-0.7301197626633785,-0.7493604617746956,0.6667742282394924,3.0186375734106634
1458,0.20437964067484937,-1.640845866040364,-1.6026860605748887,0.20238905872095342,-1.6595852612698678,-1.6045403014324555,1.4883374027126381,0.8493015624221374,-1.181432955329175,-1.1563278104133528,0.8541340835526883,-1.1753411887195957,-1.1792327019574464,0.8043373871018206,2.272422305339673
1459,-0.7323238293881297,-0.4983175174222424,-0.4854362129682361,-0.723174973972217,-0.4954962739179974,-0.45314116208128874,3.0413473448730466,-0.46807023026764966,-0.16973184054291154,-0.1651460391732238,-0.47805238760006635,-0.17082266726422057,-0.17556037643948325,2.5419978107404146,-0.9717955846631519
1460,2.1022894792807203,1.971214535736717,1.9364131869189898,2.1086550972592213,1.9760904765232705,1.9292393052073669,1.285405941586211,1.9331163463898067,1.7966472508314253,1.7633702252112404,1.9225146451430681,1.7910816023798564,1.7594299937365885,0.8130792390631217,0.6391337381935708
1461,-0.15667587100347333,-0.036599885545779316,-0.035896572250821414,-0.14662742992170444,-0.04326878436526883,-0.05177311806693281,2.6542929954361214,-0.9509557188727426,-0.8069357140486343,-0.7863277201415184,-0.9559786218657439,-0.7950076159674493,-0.7896611775544496,2.7246461274631195,-1.1553402166093647
1462,-1.0713474493148858,-0.98586395941558,-0.9699313748608657,-1.0746053839081284,-0.9790521124646344,-0.9771544130361862,2.920410117551151,-1.2462851271653017,-1.2179589943013076,-1.2013941368777845,-1.2416347574715076,-1.220886455773704,-1.2032591627475164,2.431882941776929,-0.7837423045300261
1463,2.0330165462748497,1.301721925462131,1.2739163115437602,2.029588573845819,1.3028587126473494,1.2766118977701488,0.7441513438928341,2.124358037193164,1.34064257374315,1.3104836791312868,2.1363537544004454,1.3400180579972802,1.3126873119455846,0.37088952507401307,1.727965830897537
1464,-1.4233248153902007,-1.3609175127501392,-1.3158873199195942,-1.4201515619304137,-1.3616819097068433,-1.3174722927261653,3.1026259945324264,-1.2259850622005257,-1.1417851229868585,-1.1034671304385577,-1.225867379150302,-1.1432025043331375,-1.1099493077279998,2.7613762917469913,-0.11357344711835465
1465,3.439241873865458,0.49313818431063416,0.4747855413247787,3.4454361244424745,0.5020879815415965,0.4856975236307979,0.2500346840258985,3.538013548246114,0.5188700021562003,0.4998180360125863,3.540277222834646,0.49913446698957586,0.5012317406205222,-0.05534729055827807,3.6811112436251716
1466,2.2369220343829643,0.6716394545354802,0.6536626216530464,2.2348464505597807,0.6632525694509088,0.6447777424349594,0.3646793856106608,2.0460641274379774,0.209012449254595,0.20291706715949817,2.032596227991615,0.20804873725123843,0.19697750438907205,0.0419091364103992,2.5794035964917974
1467,2.447783966698897,-0.05193369734205567,-0.05133383550091293,2.4462652994656793,-0.05256855797748853,-0.051978379571168264,0.8867900950537144,2.530403845927508,-0.08335597911683847,-0.08247288491999766,2.5278605724847325,-0.0763146797325361,-0.07232769895735715,0.3160405102412277,2.7270286714751686
1468,1.7578041473184427,1.543605926620549,1.4863449361266619,1.7609650828774082,1.545323798055296,1.4913955263198433,2.0186130695946787,1.7078323325886409,1.4781473319581442,1.4225534262659654,1.7069154153986306,1.4718235396183943,1.4153796720990703,1.5703549168268163,0.6498642603588803
1469,0.5228398644730778,0.6575082185720247,0.6458077541114428,0.5149079733629338,0.6527535026555659,0.6664654626265273,1.850066613970094,0.5572869227223689,0.714922443996408,0.6976234363084975,0.5428258450420709,0.7139711294837483,0.709443316692476,1.3549972910212382,-0.5270459459731757
1470,0.18416590263345917,0.2950910093181414,0.2905548236537671,0.18672956505890015,0.2986537584715423,0.28568929039019064,2.987196826568402,0.11034746979786487,0.24133908831589676,0.2372241723422804,0.12520242152920813,0.22224805907391743,0.24485296532587106,2.2684326037051172,-0.9514807074401804
1471,-1.9131852208696525,-2.1004531363100036,-2.0378848123960673,-1.9100466747351885,-2.0893650924633,-2.0412946513514405,3.644492404612635,-1.4261839597836408,-1.3456568416125865,-1.3075510500236365,-1.416115159882175,-1.3333098481803014,-1.319010629178966,3.079904966118339,0.3465723155581589
1472,-0.6386487852631791,-1.1820654932656984,-1.149081753828626,-0.6493302079627884,-1.188771144494605,-1.1533907798699623,2.441753900781862,-0.5621458729130121,-1.35846041061273,-1.323410888401941,-0.55016186477625,-1.351021314373325,-1.3249497808312338,2.4810512036387387,0.8028527244560886
1473,1.7143372818530231,1.4452421869939982,1.4040735516317249,1.7117770019076408,1.4432604548283812,1.4007926427360167,1.2555286686129001,1.8580757179422411,1.5896741207568597,1.5435922947715048,1.8560631361172912,1.583789644899947,1.5373052929834221,0.8096661224571052,1.0891652826729
1474,-1.3175927187008099,-0.6605384959248356,-0.6475052600884271,-1.3267580553403353,-0.6619949026612288,-0.6453756566829979,3.2494353532835407,-1.8039647768035942,-1.0677930375293072,-1.044032864603434,-1.7936630710264976,-1.0656295284118626,-1.0411475954163225,3.0754785011088313,-2.0852232366047603
1475,0.07042790520911572,-0.22577942958209724,-0.22094598128319878,0.07375952664578077,-0.21616197686126834,-0.225634349016721,1.7522581723383728,0.24994102833525772,-0.10724167790526644,-0.10482814740964805,0.26701197181846764,-0.12584671148743967,-0.10314671194909836,1.2918589174848778,0.7226788841681925
1476,0.5662206481819376,0.20910688221971657,0.20393434009747616,0.5755878637492078,0.20387966637763347,0.18978757755028786,1.3912822938303602,0.3224897788290124,-0.15218529014346446,-0.148368952227107,0.326746449140666,-0.13623599891871166,-0.15870484303501048,1.1760365314184138,0.8125412429143373
1477,-0.17167699611391612,-0.48226110276373035,-0.48160845634084337,-0.17427651036274353,-0.4841393944655459,-0.4780731804904846,1.9945865594832404,-0.19311473893345346,-0.5376750075782685,-0.5361742046301294,-0.18925433365153188,-0.5387852032893414,-0.5394926249790665,1.7092909488333712,1.6576025847517435
1478,-1.915127402681519,-2.0322809910364352,-1.9886319287594745,-1.9029064726025782,-2.01867445614821,-1.995607391368734,3.1829045742612543,-2.039115074511661,-2.3146464246988514,-2.26217535160257,-2.039797947798061,-2.322247339167452,-2.25103052641365,2.904068546807902,0.47008613586244746
1479,1.1925309532835597,0.8015854179060523,0.7894165989524377,1.1970397774850237,0.806428561411606,0.7952634902508582,1.7262667574661075,1.1113775833583288,0.7270172768932595,0.7151799591567215,1.1258779594153572,0.7279067973609532,0.7224462344438066,1.4878421381570563,0.6351054336796108
1480,1.6858076753960007,-0.03663225075277159,-0.03587837985519505,1.6844714133880336,-0.034376790368602646,-0.04134372830823801,1.9562030856752204,1.9317114205424117,0.5706316810123377,0.5573737179567921,1.9286925721679091,0.5675522718361642,0.5683835802690664,1.4917391025976887,1.6849932641198908
1481,2.0598619887180294,0.814971882977404,0.7907749018771377,2.064675686509136,0.8239930079538338,0.7884496147896647,1.1403305425045136,2.0843593841842707,0.7497723486926348,0.7264314765184944,2.0834942491069874,0.7392278022068757,0.7234558050110992,0.7305215790065275,2.3293326291837215
1482,1.082852954900657,-0.6981079835117384,-0.6792162891261789,1.0707963480318285,-0.6974388147867063,-0.6665831543920447,1.444156589594223,1.5334514135034627,-0.46373604896201853,-0.450413212018136,1.5245869804613938,-0.4533975420400574,-0.44849002113690306,0.6744814649674568,2.595515897576982
1483,1.6657386449356535,-0.6977256001590608,-0.6830320798982701,1.6657176844900177,-0.7019904872320384,-0.6788130254873226,1.7895772344595369,1.9027210310133245,-0.669847782890425,-0.6548946363888513,1.8933376989124204,-0.6754781952264843,-0.6526472234225614,1.2424785405802543,2.651171412908246
1484,-1.241029711166511,-1.260700974740522,-1.2263256969412113,-1.2328347547816776,-1.250319790441107,-1.233439000927983,3.642514100958639,-0.907717655087354,-0.8367140634289926,-0.8162165480416629,-0.9125048077055501,-0.8532633304626803,-0.8272709600993071,3.243399589983273,-0.6345333569218015
1485,0.7091967933402004,-2.3759575562307824,-2.3022618901298837,0.7071726775112483,-2.3769733325070677,-2.303397973454786,2.8519202962291264,0.9650841224272613,-2.1031390648820896,-2.036147400825939,0.9624027486092899,-2.1040516204496877,-2.041627860439815,2.4028332928376086,1.9325259984355854
1486,2.6381419518852693,2.0343875115297796,2.002872634145048,2.634947128076336,2.0349676456043504,2.011049928177231,0.8210271671083704,2.7074527208883232,2.116737618589415,2.083070950140563,2.7048146158571242,2.114735870504505,2.085305954073214,0.22079910324415536,1.5898389660662837
1487,0.7357194041834946,-1.152368613514282,-1.1186582081265601,0.7346061380612021,-1.1496232156008712,-1.1132804648426253,2.6701402231932616,0.8450302283003326,-1.2237666823743982,-1.188245427757478,0.8455783128046095,-1.2202047780712693,-1.1786884061517755,2.3001221095999775,2.215825448636424
1488,1.8728031360332427,-0.6285371067485024,-0.6153213849641415,1.8721896869996264,-0.6265442905005416,-0.6148810144714818,0.9398203963476751,2.0558311118010932,-0.6872743201031268,-0.6730624182427682,2.0632641397049785,-0.6788418491706049,-0.6759961799521379,0.5811244251469722,3.606795426672389
1489,-0.24611160303580065,-1.2243900246119004,-1.19939435187023,-0.2602947259884342,-1.2465391473405423,-1.2149721685588137,2.556313150626391,-0.16045283921838951,-1.1583240887211894,-1.1370468731414014,-0.14803177363555897,-1.1492798922533591,-1.1401533927129457,2.1709924504086864,1.1410281326924534
1490,2.0315771554055253,0.881805226360981,0.8678039186235426,2.0322959474125315,0.8808377320464865,0.868568224984653,1.248297775561021,2.1610468184579634,0.9173180778507891,0.9028310294063735,2.164816920843285,0.9088160345409542,0.9078400545903712,0.9096114399548397,3.2465447616786265
1491,0.6095880762062373,0.2915796275761448,0.2832844570750335,0.6050321929380763,0.2945693327002086,0.27940697515558677,2.371136332919948,0.7652811175949762,0.4281093973738361,0.41582721412756607,0.767752294671769,0.4322635194507524,0.41485772063628085,1.9706546717349342,1.234809150877028
1492,2.6302097984632553,2.1450250468871555,2.116869185163912,2.629570426389127,2.1449379513903892,2.112231570558683,0.504809425760101,2.292450202989237,1.6795059658206368,1.6556220671301742,2.30274759453066,1.682625456056507,1.6562604887054102,0.5436967313880017,1.5143711869440202
1493,0.7844161314365395,-1.3450973415962484,-1.3224900795930303,0.7875368113334686,-1.3570687535086055,-1.3189257613374503,1.2737478992036653,1.1224108083996491,-1.0406536565530229,-1.020947586383721,1.1369714963252389,-1.0196075351793021,-1.013133041504294,0.7379532362901627,2.065394447134093
1494,0.36553425360544073,-0.6684191592009076,-0.6597366480694864,0.35068375344346614,-0.6710245742067266,-0.6772024106544416,1.5341284386255658,0.9151522002276481,-0.16367336389672676,-0.16130676348886558,0.9198085668010079,-0.1502662151072001,-0.1510844243074437,0.804426255184358,2.2312285865929136
1495,0.3733242366386835,0.28331131780412416,0.2778307977302132,0.3721412663638452,0.3097066864359326,0.27490964923560524,2.5211579480847086,-0.36627686388755093,-0.6580116226371896,-0.6480889271258913,-0.3660828290248883,-0.6744360479819276,-0.6368404448717057,2.7415323283923443,0.16380235203153481
1496,0.3830784069440819,-0.11295605869095438,-0.11099255756151773,0.3831913813558961,-0.11166650742827905,-0.11296432484224093,2.3589507666220446,0.3835350781159626,-0.2125995956143754,-0.2078238766392808,0.37595339111911064,-0.21770158388909194,-0.20671190276958776,1.9730610103708128,0.5810596932307722
1497,1.8531530380137404,-0.3258384019153596,-0.31607830396264536,1.8576571095841354,-0.32609057792969814,-0.31111720625918426,1.9698071085283302,2.076396745812842,-0.009054523689059945,-0.008780307801621524,2.068427406452777,-0.019185948292777144,0.00513791163587922,1.5138191149598186,1.7998136387114514
1498,3.1933900693465693,0.32289702113715163,0.3138414633890128,3.1975625521535935,0.31948035690207577,0.3143177290993673,0.19481344314432936,3.3839027918049243,0.41090159127873077,0.3996822914054777,3.3770970854387707,0.41608873804534263,0.3927369627382365,-0.28165331251516607,4.28878861509133
1499,-0.7213466044185608,-0.5973877267543345,-0.5807894284524997,-0.7168193631953186,-0.5994355563330006,-0.5665331425155915,2.4963919375059533,-0.8648108224122204,-0.7419774251091672,-0.7215924058288705,-0.8759796737454355,-0.7136803801352806,-0.7393000251922508,2.291360151830512,-0.5188900645233322
1500,0.5947701714275345,0.6355392075732491,0.6294432556515381,0.5925036950056923,0.6417357868185958,0.622973166147557,2.3397167108623003,-0.04160051445611225,0.010764215545115686,0.010659014284969707,-0.0408885078391208,0.017969857138454535,0.013689090281630028,2.6016024940505473,-0.4136325416601367
1501,1.466912638340116,-0.5124494083792566,-0.5004206856435317,1.4626147386693897,-0.49943061483145473,-0.511046697982145,1.3616576470519672,1.5952284647768846,-0.4577711056350654,-0.4467351387840044,1.588933816753266,-0.4496433936957826,-0.45745454996936513,0.9275962989517735,3.0335595239525537
1502,2.5816563584749703,1.0059557795458551,0.9860545595202319,2.5790313553369675,1.0020637345857053,0.9802117107610118,0.495933715442732,2.714710534570121,1.1008439199983806,1.0766724454190597,2.7106813935980467,1.1016402206220515,1.0766996375211033,0.1888433885781296,2.481771043535885
1503,-0.8574227019999805,-0.9615082401433888,-0.9440567014520853,-0.8653488428868878,-0.9671541782677358,-0.9502916206406771,2.810767036055644,-1.6396825683167273,-1.9378719429364053,-1.9075327786929637,-1.6241532140954371,-1.9501477508874265,-1.9068365237866596,2.9017868360065853,-0.21830422835672772
1504,2.4418136866447067,1.1660579756980642,1.1374171043914967,2.4395768933053072,1.1587565710573076,1.141964054235989,0.6995320768908164,2.662360286462795,1.3367474324589128,1.3065763660707412,2.670243104882043,1.3213019982006282,1.3088785982851616,0.36008988160773037,2.765015605247388
1505,0.5710978002125766,0.6481755470186125,0.636823527926497,0.5710304382386424,0.6423640814760179,0.6423753875577307,1.9849423401028545,0.9124654231286933,1.08819132565829,1.068949095185085,0.9162531820535,1.0767675643998567,1.0803404317598642,1.4690453866204378,-0.11914391123124482
1506,1.8778395586206498,1.6724642608883422,1.6482391257929248,1.878818359964791,1.6715561397744352,1.6560745927534848,0.6513822137892764,1.7022065686915457,1.473360374327664,1.4512321185435673,1.684657341033247,1.4769519429182585,1.4278264115870574,0.28717982046691315,0.6922964786153741
1507,0.8855913820097534,-0.055497150015556745,-0.0545164526242143,0.8818338801894725,-0.05642051377165131,-0.0603089593904923,2.447189896002348,1.1051572651052217,0.28912613225070855,0.2837768369283537,1.1143232318483038,0.2811139814310697,0.2839810868321893,1.8960681731365394,0.8471492554842398
1508,2.0451508203421422,1.3381157884507602,1.3055656034995973,2.0513275416266232,1.341766748140058,1.3050403641810175,2.0842715876422813,1.978225038478794,1.267673234214805,1.233697868129842,1.9756955115166965,1.2577825819655322,1.220100018240688,1.5260116995914168,1.1706202443168587
1509,0.568904064098585,-0.8294169665553478,-0.8131994022427397,0.5661771203747525,-0.8240614315246352,-0.8221266606517564,1.7900270408542087,0.9686743217127773,-0.8925459281283559,-0.8821348398340035,0.9825288485796759,-0.9033053148240235,-0.8885827400501777,1.3913059531584993,3.5793402185461027
1510,0.755090450082561,0.018757599303888737,0.01827858115518865,0.7589603748526,0.020759917698347424,0.010353036128910286,1.3443255067155608,1.1043518751082908,0.3289520101802059,0.3194032206933825,1.1101576912725493,0.3288965064911875,0.3162522025265895,0.5488448540511089,1.5250218705493412
1511,2.119922810609026,0.42659450195306803,0.42038074047465085,2.11745575588208,0.4226132382957705,0.40408229883987795,1.045919005849105,2.4569435686808,0.6447191505100098,0.6347334667003848,2.4495204278475424,0.6583031212323326,0.6435797792491496,0.16217798257403981,2.3306953093376546
1512,0.8310021871458894,-0.03046580903942405,-0.029429023473538703,0.8345860477277788,-0.033073388234367465,-0.02828109130742651,2.2407427566787645,0.9706856808691064,0.09565574681983773,0.09227087998905834,0.9770433721159306,0.08887264337415307,0.09874596973578764,1.8012199935172288,2.702553133833307
1513,-0.612301893363885,-2.5628011001358466,-2.485559836444767,-0.6060688893683202,-2.564220350958107,-2.482610633000023,2.8252918646499037,-0.10317965179843427,-2.288394692274074,-2.218738967519992,-0.0942169385155306,-2.2864019182221584,-2.208383730536441,2.0121640953621887,2.4091756520756165
1514,1.5784913482468,-1.2044618024308609,-1.1892148168582213,1.589346343551114,-1.216540624194249,-1.1813397334837914,1.4620157819455926,1.564815745369104,-1.6649136192732408,-1.639697675005379,1.568417435265167,-1.6547411576984836,-1.620715431099364,1.0491847721017642,2.6366375189101876
1515,2.6429788197084756,2.890329148100478,2.8407072795883637,2.629580760640565,2.887451594406767,2.822366110383072,0.16405349165344826,2.296853230512214,2.6381072676007506,2.5886619888851254,2.303987458206428,2.6403452869032304,2.5823761230956404,-0.10234689118357293,-1.387780949266649
1516,2.693721502366344,1.767680456125297,1.7268171588750578,2.7019261715790615,1.7668973380481758,1.7306089088107541,-0.34069961402288707,2.4252540918594927,1.2514277096427293,1.222665076530791,2.423049391846426,1.2582179828932254,1.2280515761552033,-0.40419598042467797,2.3750058945854295
1517,-1.2312824427925582,-1.400270762031808,-1.3612627758890696,-1.233406610061664,-1.3967224570448216,-1.3468392147533257,2.789949953405555,-1.6390835536053656,-1.8285926534890486,-1.7704463589999877,-1.6370292023105493,-1.8362190367955114,-1.7758482348568212,2.631024782210827,-0.268050324166595
1518,1.0797839751366687,-1.2099641464960231,-1.1864393953592163,1.0843344586074473,-1.217653855937082,-1.1806610911437705,1.0554369239820245,1.6291639441722836,-0.8345582907881876,-0.8174625298152517,1.6261936979818437,-0.8289685775264036,-0.8107984228032865,0.1967558551262952,2.982884739259434
1519,1.6448585399915783,2.115261924695041,2.0504807225125625,1.6445801712679642,2.114918558798125,2.0509325992421434,0.6887026879519053,1.2763963853153613,1.8611349121375724,1.80283702775658,1.272440756680908,1.8629213383683605,1.7963488310198954,0.5738917199816501,-0.9816087909646817
1520,0.4687855199761719,-0.554514406830263,-0.5379655820459359,0.4780908334950072,-0.547688610374988,-0.5378786298787555,1.8638533696260104,0.6470788841816567,-0.4102568700261458,-0.3979900543454273,0.642596700582462,-0.42350742585301926,-0.39379101192772864,1.5217374312055525,2.1000187730941664
1521,-0.4671133658841316,-0.6543282507433761,-0.6390416386190213,-0.4670554305438303,-0.6417870761440388,-0.6281000787773285,2.5234529093710982,-0.12636853311219673,-0.259722714052782,-0.25436215274108165,-0.11905598734624256,-0.25879588792606867,-0.2703321130134897,1.8746011346975484,-0.008261118498805741
1522,1.1073954502095438,-0.4448085232713986,-0.4346117834714659,1.1044347317450292,-0.44725419322141374,-0.4352128161170651,2.029785616181525,1.0495994966967854,-0.6228858553353283,-0.6052116844632783,1.0478933032257582,-0.6130654860383107,-0.6047903725118012,1.6502004775915151,2.5730069996603047
1523,-0.30715090769007386,-1.7519219034601126,-1.7190080580934597,-0.30129115091653763,-1.760890823622699,-1.7085716173194756,2.9182017581011594,7.308546848902298e-05,-1.7166831575473915,-1.6889100504375598,-0.001383122980223811,-1.718318326972281,-1.699749240541112,2.5609857522222685,1.5564253540688902
1524,0.728199307861364,0.5158453580905753,0.5110079428640733,0.7416039910788673,0.5136054157915618,0.5108010306029106,1.9741076721394084,0.8685226153441956,0.7011926555807386,0.6983812310322864,0.8666715484780866,0.6940478235888137,0.6930953151609506,1.607386426300237,1.0417554031119611
1525,0.8108162192053237,-1.0709219884263892,-1.0469411541792693,0.807122630923396,-1.0787967476229197,-1.0510072522058713,1.7144691843477742,0.9928183962313682,-1.1993320887147165,-1.1752731238415384,1.0095438325111412,-1.197109072704023,-1.1799388538290905,1.2200356176065608,2.5248569251883444
1526,2.1789408787427247,0.5626433779198619,0.5458136832628913,2.1799821253181833,0.5671226036223757,0.5529328603914975,0.33932890930512427,2.2129907129873363,0.37586882753762096,0.3646526969548865,2.2159764597023575,0.3825139350475405,0.3621766510120527,0.026075217834442607,2.8779551484648116
1527,2.0636805727224212,0.7560955383596147,0.7332211256415295,2.0688313734407267,0.7606316263957451,0.7338869295722987,0.9188801550730717,2.075346048060065,0.6597272937039667,0.6399048527107868,2.073162021136038,0.6691613782621545,0.6445436643080854,0.5744725497732683,2.3146184595815384
1528,0.6563109317993159,0.5500376824566497,0.5385569423029554,0.6618439993388389,0.5224397386616701,0.5576338390319352,2.051069496942736,0.7340894909302028,0.6467648373740871,0.6342336853166205,0.7587733382638605,0.6328143877797466,0.656004793414736,1.6380486267600987,0.5068038635494229
1529,2.0814778792502793,1.2142366382649235,1.1901178575716689,2.0851434411139995,1.2152162518146772,1.1927606052201571,0.6647144844198418,2.625307097079241,1.8104186151765762,1.7762685373935854,2.6254913132918687,1.807298320282716,1.7810501001136139,-0.05297378490695279,1.7555076093306412
1530,3.2900550455276196,1.801868032892321,1.7777324253046525,3.2794012534890045,1.8053906232447352,1.7981261350059918,-0.5348112705083188,2.9299506352539577,1.0093670274154745,0.9919597769127566,2.9231409144717175,1.0178111476333458,1.0198070193159485,-0.8973730127567837,2.9541705639937756
1531,-0.7336803249207817,-0.7804785487989853,-0.7617522723791048,-0.7349137691369642,-0.7869568276957942,-0.7663592936832617,3.20574641001437,-1.0435668000044078,-1.138522595451507,-1.106823767475807,-1.0471766329289252,-1.126003395472471,-1.1125659264058783,3.029072237948374,-0.39391620689148776
1532,-0.9243574010172992,-0.724739740960528,-0.718645111185695,-0.9144761613879373,-0.7365667556015651,-0.7339668090236803,2.84259085569525,-0.8856543084637482,-0.6415156544342294,-0.6400173613635307,-0.8850560953408028,-0.6583302413080403,-0.6405987456284608,2.6170325200820055,-1.30830383520062
1533,0.3243125723149485,0.056286124071304344,0.055250291432541114,0.33719635460540665,0.06332260504279462,0.052800849006934596,2.7018170375791075,0.8527941367607402,0.6330517265906556,0.6232960031539438,0.8414955983241462,0.6283462819799016,0.6141455782402152,1.937253252843275,0.30482722072176294
1534,2.000647722103898,1.992178183587951,1.9394006636337167,1.997687309745432,1.9869700926690377,1.941908355608689,0.237880241867964,1.993680605867862,2.0191269525517566,1.9598630288895507,1.992304258476481,1.9994484085761488,1.9511194312997797,-0.025862669692931512,0.28563090946326153
1535,-0.01673437857714809,-0.38494586155110627,-0.3784917039771775,-0.012433290060235148,-0.3877137153599835,-0.37924975179564746,2.9644436420473546,0.18811403309154662,-0.21048545790662018,-0.20727301816406232,0.19508382012478057,-0.20201704444225502,-0.19905373842035273,2.5084825589731876,0.8122644296703866
1536,0.24926456923802748,-0.3520889469015566,-0.342927698361427,0.2564027941954382,-0.35261580470003,-0.3463169636737521,2.0570132501616767,0.6215215444925946,-0.02795020584182687,-0.027204851116501217,0.6272811064282029,-0.036094767828877126,-0.02677506264758949,1.3904406595498233,1.8796074766217048
1537,1.6285024541314816,0.6038512127995339,0.5963510404615902,1.6337679301507146,0.6062351063231408,0.5909901717503184,1.263398544561839,1.5997881808567913,0.48678223889871397,0.4807147361323416,1.5915738924069307,0.4823025735090541,0.4801536968268415,0.9723764492648033,1.5761615735212386
1538,0.4376333811046857,0.25120388026992363,0.24884580333255255,0.44690891802390753,0.24129549591735258,0.2553565272964938,2.1541133157098598,0.41044800810634346,0.2229627403769846,0.21923282675576325,0.39790193653448225,0.209914808804365,0.20115434408397814,2.1869907584251322,0.10450908280437461
1539,-0.3922141741726657,-0.3925146334045558,-0.38440648557186563,-0.39149355040133255,-0.4053195504979261,-0.37411631208549545,2.860539472092754,-0.6711453986005687,-0.7005869600001782,-0.6841203632351534,-0.659195679021463,-0.698599878050805,-0.6763723285514278,2.789658901612432,-0.29846243328058264
1540,-0.7734587160074723,-1.041069217669774,-1.0006971053472282,-0.7752931208665795,-1.037119840673812,-0.9929154657268634,2.0652945284308206,-0.34731185148240806,-0.671627899421937,-0.6476891717397162,-0.3537653994310324,-0.6721923602219311,-0.6601219888218088,1.8180239986276747,0.5991579523650339
1541,2.915353702426772,-0.17287480287887025,-0.16898903453914654,2.9088719351979004,-0.17467978834667636,-0.17697165925185268,0.268368419700787,2.9506003019892346,-0.5416959563085469,-0.5310538957199743,2.948234338089754,-0.5410752612590888,-0.5256817248541655,-0.04149234325051086,4.175244657854366
1542,-2.4295165820082842,-2.5424554259820997,-2.5304605832931535,-2.4256617677205274,-2.5535344337276262,-2.534979332027963,3.1345512335142636,-2.688209853024436,-2.9217356524435925,-2.8612915752170105,-2.6927256413287117,-2.923054747372671,-2.8585637457497675,3.6014674564484843,0.040613481507747386
1543,-1.636917111605568,-2.178093943571907,-2.1194735684538077,-1.623917607397017,-2.1668616978168993,-2.120944677472294,3.147324110093121,-1.1361357243592505,-1.7870854384804828,-1.7386620088041718,-1.1424076575887434,-1.7927239286918117,-1.7386582615673085,2.3816361536636164,0.6890245085542878
1544,0.9987282920846813,1.2001247161237831,1.1655674355347703,0.9892956266787406,1.206535991411035,1.1721971900449457,1.6571691331878031,0.6680438824989421,0.9425207076512333,0.9146618316295712,0.6756533893977308,0.9401220292166004,0.9094543563424508,1.5440418420187496,-0.6567219796036906
1545,0.20642419895941477,-1.5590575028751539,-1.5364123960900313,0.19587168975985858,-1.5658039233442338,-1.538833769900475,3.5701488459281476,0.35080684088772474,-1.5424928391921107,-1.5224244653226455,0.346359275031796,-1.5505787754494438,-1.5259788702965882,3.2599337574433522,2.282695441739992
1546,1.0756138162860986,0.026462839025687687,0.025948281384565338,1.0764430662612527,0.019744279048881493,0.016762668795308112,2.122153004337182,0.7080497619260772,-0.661524584925032,-0.6472955649563599,0.7026897422680631,-0.6573495564163727,-0.641999610277497,2.0352701629431365,1.0639134911501937
1547,1.161182373857687,-1.261007166748433,-1.2238442598691215,1.16891085684506,-1.2472309671664952,-1.220767712333575,0.7491027822233373,1.532058036945259,-1.0855391464888322,-1.052000961350657,1.5327893976428866,-1.0945075041650119,-1.0492530071686201,0.20012455967246992,2.863490691687797
1548,1.9986512230561744,-1.4457409912195858,-1.410214745380431,2.001350450831469,-1.4335424386718816,-1.4110977369677686,1.4739256204874986,2.431332762548791,-1.056222817802861,-1.0278445727260546,2.4217252612823383,-1.0395669507761496,-1.0214766373233846,0.7308693951646464,3.0433751564251765
1549,1.3731357759953255,-0.7746412505187084,-0.759219007013303,1.368211564969262,-0.7640723236371112,-0.7572086338773752,0.550243031832291,1.8096893391726652,-0.672152646686479,-0.6600267370304638,1.8079425036309058,-0.684552936073161,-0.6401197940727842,-0.023281181070572244,2.8448115251664268
1550,-1.2917873216049973,-0.9537560031131119,-0.9284606277193199,-1.3170652708873034,-0.9854680240685689,-0.9254702149502718,2.90459111033175,-1.3303210950813533,-0.9495772050532134,-0.923629603917199,-1.3224658131354496,-0.9531233896335658,-0.9374212641332873,2.5659166752551856,-1.5150524084324406
1551,2.4841340429901533,-0.2775603712946415,-0.270660701684015,2.485192488173535,-0.27627404168553465,-0.2800502032667551,1.160029030082371,2.558917870138737,-0.22434436433134922,-0.21869282541810786,2.57297865511233,-0.20195024027878392,-0.21961939151809093,0.7491393792055286,3.3088080104139483
1552,-1.1586175320975545,-1.773627995594011,-1.717020125173812,-1.1553412406456935,-1.7767142842699264,-1.7257244544789472,3.576989999430196,-1.019641242950408,-1.5775744123019904,-1.5272505241169594,-1.0193337189488867,-1.572604833097866,-1.5295303510866936,3.060530502716272,-0.6544877801833605
1553,-1.743258571524822,-1.8975129336926213,-1.8538563323199633,-1.7464546140421886,-1.8966420288901003,-1.859492446165642,2.895268073968567,-1.708596061473857,-1.861184930906327,-1.8167332424945348,-1.7074578703797285,-1.8539573526194866,-1.8162376282968589,2.7076972360507163,-1.5370429420645575
1554,4.397963084119497,0.7845576379740015,0.7705985390646818,4.4000190035917655,0.7768053979100865,0.7709507706811505,-0.8400480029848812,4.641691441509679,1.0624569197112974,1.0425979473146718,4.640431769220602,1.0709857535366127,1.0570254307092437,-1.328544097538264,4.884344554515491
1555,0.907881165092352,-1.377469970025568,-1.3449087038831415,0.906892870813301,-1.3678360232188949,-1.3491109848344136,2.9757646775175974,1.0946858005597753,-1.2462640484698164,-1.2159393063649724,1.099834288533413,-1.2464474566267678,-1.2167583742704937,2.4609733902672732,1.2739019801990188
1556,1.4513293300138908,0.1961328304887525,0.19118722355686682,1.4571810987126852,0.19500772377664974,0.19460346219472438,1.2291119501532948,1.2659233121956353,-0.06436275367977368,-0.06265385535174078,1.2708205390920442,-0.06595571738450988,-0.06310686424907973,0.98710127058249,2.7591148449604455
1557,-0.08774052753376603,-0.7063403276925131,-0.6977667059008147,-0.08708295638922615,-0.715155635974708,-0.6800965311606066,2.768274512746097,-0.2060190250870546,-1.0108204915234609,-1.0008510247724245,-0.20106763950696965,-0.9851558071334992,-0.9968109441939013,2.3122267872740885,0.9828409044788697
1558,0.33103075922837655,-1.6977113544060294,-1.6687733753742078,0.31885167423637395,-1.6930374785128628,-1.6755659343681295,2.1055599189025553,0.6637043119817583,-1.6490651560402239,-1.617580836996212,0.6608998559395728,-1.647459388323928,-1.5920007318154414,1.5102604909262292,1.802627420178849
1559,3.5366231823788397,2.2955185756503584,2.254505830705877,3.535896158716424,2.2959153146253777,2.249708392142185,-0.34999894516027774,3.688156460207181,2.463272918606974,2.4191934391765226,3.6855981228370434,2.466189024512832,2.4223799657199465,-0.7183374755025281,2.8672629165875785
1560,1.3903477532186865,-1.606959598578177,-1.571830997548054,1.3906358497548346,-1.6045330824737583,-1.5671379147619906,1.4939836856269595,1.3020546755838294,-2.1084332891792523,-2.0586551990797415,1.3008287566359686,-2.1204661879595075,-2.044937873192526,0.9530224643495854,3.5719402328754892
1561,-0.38592477451135726,-0.4550107684667902,-0.4494530863980315,-0.3915827002951804,-0.46486884951139956,-0.4468076930984658,2.8055068737416544,-0.6057312178475275,-0.6899062961304554,-0.6819687187801026,-0.6023053772336772,-0.6840059828207882,-0.6791754556588245,2.712055566631507,0.20574791996456443
1562,1.8986216065784445,0.9041532763674459,0.8815299898066863,1.8935641682036937,0.9071146427995288,0.8823014212609205,1.2315148260934756,2.0510245631378203,0.9515304120808707,0.9264683755815862,2.0546360067123723,0.9418946055680585,0.9259893583268242,0.9013984714858465,2.379587605216944
1563,-0.22107789996411512,-0.7883501646744269,-0.7732128017319432,-0.22542720235668773,-0.7870696034928968,-0.7536918674314372,2.867434087865667,0.31499103630116326,-0.29776768829547734,-0.29173739520963626,0.32721133880159187,-0.2794598995636829,-0.2923267111054546,2.123054550721217,0.9117127731647711
1564,0.5239186285518324,0.07257885160685618,0.0707679046222867,0.5161576130735268,0.07902712617817492,0.07430333772028178,1.787527002554818,0.2521464599289616,-0.24520195148935509,-0.24022247491007614,0.25137123838213743,-0.2552163554919372,-0.25732579408171014,1.5821105664129544,1.309314640589281
1565,-1.663030590518692,-1.6970319268328515,-1.658634898591203,-1.66625331067904,-1.7065325041282697,-1.6565166638231754,3.655600283079462,-1.657909799164398,-1.6911782650437859,-1.65773005500003,-1.6566407436683581,-1.6870689467786801,-1.6733395507858932,3.2915023793239064,0.09373083920565034
1566,-1.3295423039326602,-2.078495879332639,-2.0190697259543646,-1.3182616392464477,-2.0488555097982935,-2.025219887964815,2.7917221987885643,-1.3743948716811054,-2.7214165747158514,-2.638132849431159,-1.3824363674848386,-2.713255027341414,-2.651001113098389,2.56764671582002,0.4024222063785904
1567,1.6459255422526216,1.5458427125101595,1.5122176543852692,1.6432430852737352,1.533991914273764,1.511310668329179,1.5979019266479808,1.4270453026786787,1.3298924218318178,1.3001576082255903,1.4264459634380273,1.32491740647048,1.3056343363231182,1.3073801081787952,-0.0021572507236117607
1568,0.3238487211645155,-0.14674964252109088,-0.14405193237624248,0.32849076696711393,-0.15412010788877512,-0.15739100112724835,2.0249189906761114,0.31985465635852417,-0.2055828689258062,-0.20268420819665625,0.31450392811776096,-0.20104780337624573,-0.1970740886938827,1.3367219430723571,0.806179124585605
1569,-0.6325812053623405,-2.6415553341611964,-2.585644798211342,-0.6319880585562055,-2.6499631050391512,-2.5796226125649944,3.307243263744275,-0.42228980959992196,-2.709270049284145,-2.64351540542161,-0.42546037332362835,-2.7058241667535237,-2.637565745577214,2.8106606814648094,2.3405603712875664
1570,-0.8035176444082557,-1.0984868522132902,-1.0628076342150607,-0.8046494120226028,-1.0972288005032265,-1.0677197177962867,3.960645282025505,-0.9117621587878401,-1.2490758176816497,-1.2083840670564199,-0.9053267426930508,-1.2457166729983156,-1.2107361229965357,3.7430731646300983,0.05282679159867122
1571,3.1725085173151872,1.2606495828837594,1.2440601119624437,3.1710093342861247,1.257535185239829,1.2434869483198183,-0.24698614635131516,3.3485294521298092,1.4386997859965485,1.4172498623995784,3.345439161320404,1.430954503845022,1.4211804354334776,-0.6667013043645676,3.1499817217251564
1572,3.4352326234541275,2.9722464196085423,2.940598022218167,3.445534772574451,2.9698937612061083,2.9443879656332785,0.15683389723940225,2.6263431132210107,1.9608866739455657,1.9337233784015313,2.6248823850824903,1.94825542640557,1.9429115872059404,0.2602625472099283,1.6000212552886452
1573,-0.9170574035193542,-0.7001188709252412,-0.686916245579786,-0.9224581298151311,-0.7030287265073438,-0.692559824407142,2.926316027154269,-1.1260134566150002,-0.8940968180015896,-0.8756709339440057,-1.124237412583742,-0.9033986494280821,-0.8796851849549551,2.7082372172252858,-0.8050402993731804
1574,0.40342088262566084,-0.9442247637287511,-0.9283441325768212,0.4197786613554167,-0.950965594317971,-0.9319428513198549,1.8714912263533499,0.7984026068126384,-0.6212972298762477,-0.6102801617349758,0.8065796273265946,-0.623951344072445,-0.6090534581037245,1.1946375662505342,1.7327453628494798
1575,1.369857423109914,-0.059183136127075146,-0.058288311532881915,1.3759672384526576,-0.04253180124667548,-0.06803462640352752,1.2104033410059216,1.2830952173811077,-0.43817348306781084,-0.4315331288882821,1.2871311364776452,-0.43907416213169015,-0.4439073612318367,0.7235432782762935,1.9554301511912306
1576,0.5242485321422995,0.16254085623926814,0.15856863010684186,0.532160115247528,0.17626391682883666,0.15054498186771062,2.021088704965267,0.5746344646710494,0.1519712425713802,0.14847212401658147,0.5788194110782514,0.14120480402637303,0.14271296012464926,1.790634236907619,1.0178705839279347
1577,0.7188500835426873,-0.01138630106917473,-0.011145383169688735,0.7312192087629303,-0.018264760990426995,-0.0050585580072747246,1.9214727173151236,0.4948563811797318,-0.4039802952545083,-0.3958669582980343,0.5005131530810485,-0.3930369388626994,-0.39807424612599857,1.7368933932176578,1.8797814216997644
1578,2.8154666016872314,1.76193953146183,1.7389281570156536,2.8365231383795386,1.7563590001347775,1.7343198102634179,1.3188005891056447,2.7522984951015705,1.6263199291872261,1.5999381139102438,2.7405559808207953,1.6065107110609116,1.5978363929527026,0.7040589680143053,2.3395861615789086
1579,2.344101756346549,1.4141125299440591,1.3799775423077112,2.3408917136419465,1.4119289057136108,1.3762353000096037,1.0344101654614264,2.224564607911708,1.2992496768280355,1.271845181449794,2.218062763943891,1.301178387288885,1.2684700308767438,0.43724251254152346,1.5268794401015204
1580,4.075532758703264,1.653267586362718,1.6133441072944135,4.072311022823949,1.6498084221065956,1.6267084062416226,-1.3981589200397684,4.337852759892125,1.689260504084374,1.6487327516792074,4.3186605651890355,1.6927283139252736,1.6639315668389296,-1.864649301706265,4.725036048138567
1581,1.9793176778193973,0.7779286578764811,0.7565299617532364,1.9769195249916631,0.7737785223694245,0.7602336883180558,0.8588290747676467,1.799382978618134,0.38652838078932866,0.3749277973261412,1.8126265968580324,0.3831912484385183,0.3697099930251259,0.6548219986112931,1.9931182420137306
1582,2.473921241450952,1.3897295136925527,1.3598046446021037,2.4760517600342418,1.3939303681389854,1.353297146275706,0.830356233630349,2.5386602551279127,1.2892904141986172,1.2613465379580269,2.5352295638290236,1.2755884366388246,1.2623701333239006,0.31981034106177963,3.0474268441413765
1583,1.1071054539779508,-0.06202042648877329,-0.06078306320482378,1.1092809632031881,-0.05617263667226597,-0.05321284166221683,1.7561820856318078,1.0488499602875632,-0.3571663660725134,-0.34949562656807526,1.0406110708976415,-0.35682612887541104,-0.3508386081456564,1.5445909883982158,1.2296115798628524
1584,1.185147607955803,-0.30301749907679515,-0.29529060117669576,1.1848615106309905,-0.3050714314487748,-0.294180954610089,0.8294560816131118,1.5448651304033054,-0.1082162734401002,-0.10534817657269718,1.5468205112302367,-0.11028215358965937,-0.11300421761628085,0.3516596894074585,3.2735192591167346
1585,3.0946155451252357,0.20807244850401097,0.20250134425240587,3.097991530995975,0.20508580983543115,0.20169060265538563,1.2838863171899106,3.0482770606680334,-0.052160258762444456,-0.05072236891556252,3.0475710952034802,-0.05430717425438195,-0.050158238419596074,1.116965863574802,3.855840552881488
1586,-0.33098560025896534,-2.401437641302704,-2.3236548388882152,-0.3237757472607943,-2.399909259597388,-2.3158445304694935,1.8425972557032047,0.008702648658798317,-2.195343073677035,-2.119848674027934,0.011496928144605319,-2.180483112071225,-2.112376525981424,1.2967083704881672,2.7235351171072892
1587,0.6797728584103713,0.08444219821703774,0.08234510781023255,0.6753828584593083,0.08526585775996436,0.07662412023492138,1.5284162682775286,0.8059961366991333,0.18468415995161677,0.17985168717408803,0.7987501754915107,0.19193038736146292,0.18746680694131745,1.154069852214927,1.3538061023644874
1588,0.9383477907114751,-0.7390226805875139,-0.7211501092908496,0.93855534568636,-0.7358623193383238,-0.7212093837241222,2.7241816392673277,1.0271395071067912,-0.7991972259831215,-0.7788546706261718,1.0308383892120208,-0.7984815556767669,-0.7838103031066391,2.3785966826093854,1.2905766177129048
1589,1.605092513653112,1.4094129099334443,1.3875202767244434,1.5921185363138879,1.421089769380356,1.3805678842922298,1.2563599406054355,1.3370153980305708,1.1012761081589006,1.0878838532540893,1.3371883900811583,1.0807938979518426,1.0950937080793552,0.9970317671853418,0.6231281588226772
1590,1.2356963327903527,1.1128545114780446,1.0927177715746144,1.2300276286508367,1.1147448945223766,1.0929051545640678,1.259983564432733,1.0371560361570424,0.8212448992643209,0.8037368916429967,1.0339636378080679,0.8391393704108454,0.7874592251728514,0.9001364093141934,0.7850034931638371
1591,0.7572841521542247,-0.2970297031348587,-0.2891705527912811,0.7661101281667123,-0.3023422854331344,-0.29617331580914,1.37959925335344,0.8005010621473415,-0.5873595740831566,-0.5713001450448484,0.7981865313699047,-0.5902184587346406,-0.565072520486563,0.9293090343424266,2.030735040614771
1592,0.7015529937477355,-0.543439461619603,-0.5340377289236684,0.6998858641928275,-0.5516141199188181,-0.5277354487919831,2.032190424204424,1.0448389290949889,-0.15360040984520237,-0.1507716126335668,1.0474904730307075,-0.15930463312653295,-0.16043100232512084,1.618218140600692,1.7275467000254519
1593,1.2013606195901738,-0.20883436067692307,-0.20469528258101657,1.1933912403041176,-0.2062872692048822,-0.20202373038734528,1.9121511185167988,1.1986957559216604,-0.47182333677783883,-0.46167392177444777,1.2098173240971641,-0.46485223073049614,-0.45710565963244926,1.2929292933678802,2.226904726980332
1594,2.3015551878362133,1.3710521443017833,1.3572156648597244,2.2860124134965134,1.3521768473047397,1.3418033773648226,1.135532981316745,2.2657892070666596,1.2667704158195698,1.248141560478339,2.2876510805204817,1.2658493171651832,1.258630189491809,0.46354471051737833,2.042539408703242
1595,2.47854607344103,1.8133668495067157,1.7680185659357168,2.4794452860809706,1.8060194525165474,1.7600016901608702,0.4445918932580732,2.4609474119206096,1.7696793969118834,1.7215512282396723,2.466960744811647,1.7674784210840522,1.7245397872288954,0.21435674512353467,2.0967386653631945
1596,2.0471710562848413,1.0597356253539492,1.0403002122664373,2.04850778372939,1.0594013989713824,1.0412437374363515,1.2183837077668094,2.134564674502735,1.03114405296729,1.009944645084007,2.1346932963859278,1.0312637129441793,1.0034829974838273,0.8603559029540236,2.1162529938142147
1597,0.6106753618603538,-0.6521955924792481,-0.6368446175318772,0.6161861610810367,-0.6583249951307086,-0.6317600332994942,1.7217946334197876,0.9831462733294055,-0.4329460185230004,-0.42123838251678697,0.9899067261365894,-0.43799840501094534,-0.42510974343742103,1.0436770692843154,2.6750962434646848
1598,-0.6020018973218575,-0.5264640822244708,-0.5151763493408907,-0.5960179059451353,-0.5296991499680305,-0.5194831249763744,2.6449785944074615,-0.5270697586465579,-0.3716105520243472,-0.36232182678194436,-0.5256273266094752,-0.36141745265525727,-0.37163480631739615,2.418235130078174,-1.5017390525455856
1599,-0.4873738130486926,-0.6509015790995898,-0.6279333679613774,-0.48545608587250444,-0.6564956984730993,-0.6214717198867097,2.595902333599601,-0.393102349610065,-0.5410105091836934,-0.5224300391278237,-0.3905381098208603,-0.5440113929007359,-0.5184075819776945,2.2820757031343364,-0.1605836518062233
1600,0.9132368336300737,-0.8023642565675879,-0.7872998660398629,0.9127099894967774,-0.8230070209814973,-0.770594162524784,1.6366188954461502,0.6160846974787803,-1.859456697735304,-1.8191469873159838,0.6145440535636996,-1.8567855192961118,-1.8261303693888555,1.4803752832977368,2.1458613342313826
1601,1.5189889462721367,-1.0684807123607372,-1.0503454913088366,1.5100044952411023,-1.0614087484379469,-1.0450035749206594,1.2573165578970973,2.172060339173817,-0.9858583632925075,-0.9687674674072374,2.1698447247124615,-0.9862452577793994,-0.9588787071266126,0.33643400774654025,4.112058749955891
1602,2.394055639263859,0.482540716295937,0.47352477410114757,2.3941771424687968,0.4912604244528114,0.46259265229616603,0.2166196467340437,2.571677059119172,0.6493942737979884,0.6375566475753591,2.5617478856332947,0.6598225599790053,0.6463490472363838,-0.19099414937584533,2.6270758668907503
1603,2.8926288218459533,-1.2846181287391178,-1.2471202558157277,2.9040052672137024,-1.3046465463897359,-1.2374103362794726,0.05585348489378647,3.1129032941004295,-1.2885035769443196,-1.2451985468643387,3.1055316362219565,-1.3026963458730154,-1.2523978496028054,-0.3126856692241791,3.719515163957037
1604,1.8032383931667697,0.5201608450594812,0.5133724106004989,1.8099416679046254,0.5317074205366925,0.5236918431035217,1.7956302317620454,1.9442980595815649,0.3024922637807739,0.29881544692256784,1.9511905740279387,0.2911208071701226,0.28012394229917487,1.454361438814003,1.9151994304372209
1605,0.5895415408558106,0.6866342597728138,0.6764438736990627,0.5719207709441113,0.6915749195583516,0.6914448729736294,2.339455603430712,0.8260517394415546,0.988285565864421,0.9799803950981504,0.8301964007408121,0.990580919414174,0.9784116183551358,1.6782108919765395,-0.1219173578036967
1606,-2.6375372084552984,-2.953568064806331,-2.8596358419519863,-2.638201300086,-2.953525540590459,-2.861071676269018,4.023704817515579,-2.176951033076339,-2.4042778877416118,-2.338137279514332,-2.165414257133748,-2.410140460053527,-2.318263284451585,3.4741495023024362,-0.7137441861105676
1607,0.31802332396379246,0.36561548197305616,0.35705374085990865,0.3168534521210487,0.3661013877939164,0.35960079582782273,2.5155691789694163,-0.008286099810520486,0.011067295646446849,0.010809916891680978,-0.009308209196671599,0.008269622459315114,0.0052603489669457056,1.9163615773329263,-0.5065685992362958
1608,-1.383416327125079,-0.7680232685467134,-0.7502574552899764,-1.376016100460151,-0.7786264772895248,-0.7437344119173444,3.430632258063884,-1.4380102953612783,-0.8407914488895875,-0.8205549925852085,-1.4507370629028467,-0.8301381492249184,-0.8456020814350217,3.1924647549566005,-0.7265779355164634
1609,-2.1949647119665325,-3.155439857336222,-3.090656531706023,-2.1958820352138266,-3.167715380310197,-3.0929537294414002,4.442253028287463,-2.039070018178313,-3.3321998246505644,-3.2807367102277247,-2.035331429947033,-3.336656189781364,-3.271726576073425,4.183167564297108,0.6938364772870403
1610,-0.22608793032724733,-0.5128329495237316,-0.5050789183853119,-0.22414055087052062,-0.5104842105439152,-0.5034751599019494,2.5139520046026895,-0.6119400758735324,-1.0027523390091364,-0.9865681506606886,-0.6184019828138231,-1.0068004142795566,-0.9991977359956459,2.3594735718699873,0.027930820538035268
1611,2.3475018295699526,2.014167121380804,2.002782265984521,2.35271842302807,2.028468435722383,1.997391937088537,1.487747631865899,1.8416261447584819,1.423007758314659,1.4058947074414658,1.8444137903604982,1.4083919550324233,1.4127604659443527,1.360954817902507,0.8752537573408271
1612,1.4514962152752124,0.04787468626111242,0.046905537642697934,1.4544548103728692,0.033257307725872785,0.043577505862561074,1.6530835887986908,1.166946360915498,-0.6685377045457781,-0.6547056506071357,1.1639811716041215,-0.6751171692894005,-0.6616132984379057,1.3147903978529547,3.0232796555783663
1613,-1.5666328058000287,-1.7285953218518337,-1.6874592598279676,-1.5435705866785325,-1.7398689935958684,-1.6997842929111142,3.1324480977688562,-1.6752470760958393,-1.8537749907823031,-1.8147343742932254,-1.7075904724324387,-1.8745574565229406,-1.8381412873237692,3.0555570618156933,-0.30528577993735745
1614,0.7684125423722614,-0.3290304979176227,-0.32219281796106575,0.7555613216528588,-0.32924845381336604,-0.31416891217260706,2.041247139836596,1.1131296976308585,-0.01649283128971181,-0.016213406305966235,1.1223633635384958,-0.015140250784409295,-0.021762768919239697,1.5855465578220262,1.4103953883181555
1615,-0.3852311643655092,-0.04388481431439925,-0.04254126637040353,-0.38638469758440147,-0.04390700509908631,-0.029771089176381837,2.427725650605215,-0.5421499181939862,-0.14056959342381412,-0.13608249949212367,-0.5481394253673636,-0.17456185939030575,-0.1274976907678492,2.1274226444244193,-1.2695854963205486
1616,1.1077510097405012,-1.0948329021874232,-1.0621144144709789,1.1120206800417007,-1.0831345935551884,-1.060484161806267,1.667596986935812,1.3276361577063094,-0.9176583008396492,-0.8898720640884822,1.3343637119153338,-0.9145179717341475,-0.8784774695225708,1.104975908596627,2.2390370679277583
1617,-1.3819367949024437,-1.2675740538680653,-1.2417630613892607,-1.396584325399251,-1.2632522841667686,-1.2470646501839167,3.242349009622124,-1.6187886210611464,-1.4884048869508713,-1.4566738950552298,-1.629554311867362,-1.5245294159037373,-1.4727225716425594,2.9740843852321848,-0.2515170917032212
1618,-0.12699298803550388,0.25279602335173224,0.2463203894998271,-0.12421378257588499,0.25485204305164644,0.24048593278812969,2.7648067500986735,-0.6940811631575741,-0.3633230555124168,-0.35416245295411924,-0.6986273242168347,-0.3654056684937317,-0.3619746781301889,2.7445218075834714,-1.1918818056816998
1619,1.388202030036514,0.7357067979086619,0.7231782957385173,1.3889997406419754,0.7351775871216999,0.7344392995780712,1.2016074397927001,1.5934664274869257,0.8904405144507075,0.878658582111164,1.5982087882906888,0.8949975325244283,0.8699666015932466,0.7753924644959957,1.7062863021661323
1620,-0.7899496380517759,-1.9048003127493376,-1.8509049659512178,-0.7898592229944672,-1.907641447149663,-1.8551302660842055,2.9313134266803886,-0.42365268237448955,-1.794162798310056,-1.7393196366732748,-0.42478988436275805,-1.7988872358048882,-1.7276962111807275,2.4030413434850635,1.3962743826781503
1621,1.8934789560980558,0.01409792047841389,0.013738949328274174,1.891496131125383,0.013772675649301541,0.015403180979990995,0.6330344378756563,2.1512040489829816,0.09033102927335934,0.0877305319113336,2.1552199890764534,0.09749824848541856,0.09920832953809204,0.0771835525187878,3.2724113254603826
1622,1.0924220098939177,0.596517449213578,0.5800083361015036,1.0900246265751092,0.5940136937095721,0.5733010612721811,1.180872098912964,0.7828274395152678,0.1638876468895862,0.15871553246782322,0.7817228123129364,0.1589915803649319,0.1668217454185021,1.075560767587342,1.668362111652481
1623,0.3963446693514058,-0.5851980614176625,-0.5706886239013751,0.39680228805394596,-0.5895832140123141,-0.5834083756657503,2.213563179293772,0.7296450797436141,-0.2816873110799438,-0.27426613439748965,0.7268066011405834,-0.26976063733551153,-0.2680655038427755,1.4091922826976222,1.2892479406348338
1624,0.09765073229700617,0.27839713269125355,0.27475004233760286,0.10730201776589818,0.2745908212274252,0.27399063787271705,2.5751160722940605,0.37953367059285675,0.6117343027405403,0.6031326777623653,0.37373018074339937,0.6047799662278586,0.6063524711448822,2.3080391614469686,-1.6614705200426931
1625,0.2505711242455694,-0.6516783169933722,-0.6375396929720454,0.25994212686392315,-0.6512865022962733,-0.6394046782723206,1.6761827093711321,0.26313516398962067,-1.0231713817516297,-1.0024913080978406,0.27298310946596793,-1.0298549625119144,-0.9980871907691908,1.608589781520963,1.85473617077491
1626,-0.656949686222223,-0.032170091866146826,-0.03144376298425944,-0.655445481340118,-0.03337439187065124,-0.025932468988898557,2.4707778205946664,-0.6519125987820158,0.06917244074747324,0.06755506688085246,-0.6513843124025658,0.0694396697828154,0.07814621604102572,2.1506911834485445,-1.0825246721699888
1627,0.28543791559594395,0.283327638645931,0.2747700301055153,0.29240029442687593,0.30412794144469746,0.27193539219264967,2.8512389555312008,0.30224445525773036,0.29997045673321227,0.29093741200381895,0.3055361799722023,0.31148245273942643,0.30650048175286243,2.6382368309450555,0.715820919564679
1628,-0.3403960405226679,-0.14672884748409717,-0.14568047020692876,-0.33869645517345925,-0.1542526046879121,-0.14611410728342303,2.5122311639927277,-0.6114067463919821,-0.43155080250417716,-0.42827871596884587,-0.6068715337593942,-0.43288609283984014,-0.4315044410029248,2.3383395172081114,-0.8489878362580419
1629,0.2821861905546535,-0.9846074313663559,-0.9750403252995538,0.2648996072550127,-1.0010045942301264,-0.9550962122696821,1.4212488843453313,1.0379069528841178,-0.16232476835072146,-0.1623751331457984,1.0418505040177461,-0.16283473397948273,-0.16439291580473508,0.5218659287305981,1.572044519132561
1630,1.1320732382585963,0.8828598585847408,0.8677066726072191,1.124778437436479,0.8733642173038558,0.8664169592210692,1.9824758392911332,1.3310755438314308,1.084214127263302,1.066677013914009,1.3344553491055713,1.0790594394388906,1.0605746672168896,1.479818269750457,0.5525950960915618
1631,-1.5718163852577811,-2.1184613867024176,-2.0492246938250784,-1.5765903450718048,-2.1320100463104894,-2.0622756042833417,2.8723471805801166,-1.4283832049414449,-2.0517586781164447,-1.9922140419084586,-1.4213533455531229,-2.023770860393432,-1.9927655430170454,2.7266529666655037,-0.22339137143241924
1632,1.5542185866178118,0.35569538968586223,0.3506248890705618,1.5274602283979035,0.3504884331836326,0.3559541925421709,0.7511911293203201,1.9528111637057934,0.5730817227022208,0.5660282812698127,1.9391837048325393,0.5962138410546362,0.5788793275528052,0.16826891627238585,3.439657067161197
1633,2.9090467851275372,1.6288897105580382,1.581574897424959,2.8960097669050566,1.6229932329972,1.5808235244190578,1.2685583944679082,3.001110214988648,1.5298480442493505,1.4887047526406936,3.0015217049497465,1.529115873508,1.4870568576940328,0.6462987306194597,2.5172592908443985
1634,-0.8073754712542317,-1.0192310801619449,-1.001002166611443,-0.8213084198432706,-1.0278194811863153,-0.9991315703882953,3.0419749947225716,-0.8525070522909806,-1.1237146815997088,-1.1030910532263387,-0.8794401522355788,-1.1197438485393014,-1.1059674835003104,2.994922738213216,0.630264481559892
1635,1.004227912985365,-0.6102441656446006,-0.6000566796518937,1.0026678822317916,-0.6094029250464925,-0.5885938255381647,1.0608087407075135,1.127110192408755,-0.8332264344963836,-0.8175257030116956,1.1243149406141755,-0.845516045652418,-0.8146893953566027,0.6795391870082919,2.25310729688847
1636,0.1212140128444692,-0.45330243931547676,-0.44124296309461253,0.12971002834850326,-0.45137154657270084,-0.4461498248172562,2.0854556462408302,-0.20624548724267572,-0.974864879757163,-0.9466404538114295,-0.20171201862061472,-0.986847751310828,-0.9333128835429003,1.8561528821097697,0.9767755002855808
1637,0.022940648856016495,-0.746688801703505,-0.7272838299504836,0.02571549018780592,-0.737689229529434,-0.729430026526829,2.5767485711814198,0.36168034238620983,-0.36053036502826014,-0.3511383711089824,0.3684428809511775,-0.3467580134794726,-0.34699227465687393,1.9799887554291014,0.4710282809381444
1638,-0.09580462222102204,0.26673625609278157,0.26076753057986063,-0.09021209501039665,0.2697231603544848,0.2529672017138863,1.8822512579024078,-0.18031874367174447,0.3118097296479832,0.3049996502859686,-0.18967584394863246,0.3232617635164269,0.3185370672217558,1.6413216260859935,-1.0494356782114949
1639,0.45544116668450624,-0.6157188252353936,-0.6020011113247098,0.46151527893467365,-0.6136062994652729,-0.5957693452607018,2.122016974242116,0.4474405000493636,-0.7525544972613687,-0.7369009675794209,0.44987770379448944,-0.7534512462536584,-0.7336007860176639,1.867914608699807,1.8439625975854586
1640,-1.990185579013287,-2.4835133328186654,-2.4199855258222454,-1.9944045754318256,-2.465012858510439,-2.4052900373058104,3.8527605952859125,-1.6667383505357332,-2.2104784518481315,-2.1529436990544806,-1.677494571078227,-2.2105921965034687,-2.1623880053023568,3.36818864705924,0.05167803328563275
1641,0.6807832207786574,-0.3031569111557572,-0.29961836240018536,0.6687878968213412,-0.30652582146053636,-0.2955497067553813,1.9515644508338064,0.7351950507174012,-0.31025108720067884,-0.30518339398732736,0.7449365033073662,-0.294101485479913,-0.31047700646792237,1.3952485011785338,1.8294481834614698
1642,0.7183975639893045,-0.23348319183350852,-0.22814855229016956,0.7172274195800272,-0.23453819537041024,-0.22766851389613685,1.7217496838210984,0.7270158921471296,-0.3451201376024288,-0.3367652609217026,0.7234889316702181,-0.3551033388923863,-0.32115001815583444,1.586447505449361,2.140096139739107
1643,-1.16896488540218,-0.9828195185603351,-0.959677289607776,-1.1724025808096499,-0.978266462197203,-0.9420105514635955,2.93632335467898,-1.5542752254222976,-1.362940470357467,-1.3255268014986756,-1.5930551938406645,-1.3663027307025866,-1.3213062861619789,2.644484001693037,-0.7555067715070066
1644,-1.3935126620831844,-2.1158109597981443,-2.067086847192871,-1.3927617215086396,-2.117918392480965,-2.056789182632133,3.1632257383690656,-1.0103303244296624,-1.7109698816105094,-1.6766854087602752,-1.0035425784495149,-1.7067872193873925,-1.6514900229156666,2.9245395416112925,0.23983106106175942
1645,-0.3386612967596503,-0.9638401251506438,-0.9338143445146991,-0.3285766522430576,-0.9729316729944659,-0.9408932956048534,2.3633703941518744,0.24631340944088148,-0.38469478970566645,-0.37173482077764025,0.23507491742911818,-0.38091984054605904,-0.3785575256031186,1.587228800396374,1.042086235815386
1646,-0.3596177748087851,-0.32821986067568937,-0.32136010594684844,-0.3625767169025618,-0.33687971540885997,-0.3120503148423315,2.511354663884081,-0.5155333596757046,-0.5127273276498365,-0.5014930333076393,-0.5159795535778953,-0.5209051401293231,-0.49421974645240524,2.3095400671401176,-0.23383353469412854
1647,0.6409151099227194,0.8237347476866796,0.8086733520116003,0.6419340479963942,0.8108936919045412,0.8031788387176318,2.182972619352514,0.6345737915573091,0.8905670828832637,0.8741426940647194,0.6371430187022431,0.88349473156505,0.8751492148563057,1.8646718995499212,-1.247318379050698
1648,-0.28994909055922335,-2.1262832802752842,-2.077035059327276,-0.28697119540472665,-2.126083182960271,-2.0854937812248218,2.1057230057016647,-0.022711392440917,-2.226410514769414,-2.1730896997959026,-0.019173686233203188,-2.2356712496539806,-2.170576958252076,1.5584609729615597,1.7326209288437737
1649,-1.0592441180119219,-3.7613854492375323,-3.706267002081487,-1.0556435960508064,-3.755180679163796,-3.7161371819506543,2.946913398286895,-0.5002188451051153,-3.4799028539214922,-3.433995630459969,-0.5083632980690392,-3.4860024664831735,-3.4296441987805246,2.2144993017195644,1.6992925848216747
1650,2.3999607305629715,1.319647727909452,1.3044008658669886,2.3978510481333752,1.3178680034605654,1.3029872718245394,1.752644401418633,2.1154205838412796,0.9294988498553624,0.9135813578987673,2.1215290038769568,0.9275646636717808,0.9170836254241548,1.3843763985941853,2.616311112332899
1651,-1.0698834873731569,-0.8836401177499615,-0.8826653388502913,-1.0733553384860062,-0.8896630498454874,-0.8606232512421407,3.8220636534620382,-1.104221679571832,-1.0324437411780478,-1.034652607812058,-1.0892048106319188,-1.0341496272593345,-1.0131976408085939,3.4641876443291,-0.0031551175519059695
1652,0.5913023150607902,1.5079941774143693,1.4778513560406448,0.600402044125975,1.5138236614511327,1.4721435384006563,2.2454894425681973,-0.1941391951285256,0.7479260643784951,0.7322286495106198,-0.19712593150379312,0.7521162201039393,0.729777348754016,2.4073387475623984,-2.953250078687984
1653,1.1695601999905176,-0.8875077846152831,-0.8704774962962737,1.1651139248287399,-0.8845158339980473,-0.8696154073113193,1.7710433882920307,1.4923798440178053,-0.618290197562839,-0.6058339328367932,1.4995302723068715,-0.6120039476006207,-0.6105608716636729,1.1490729692962862,2.535319193676169
1654,-0.5775052422689845,-0.6032336126501732,-0.5875831089244118,-0.5927583972419085,-0.616232170788915,-0.5717561678299748,2.6356523227484216,-0.4190248635798029,-0.4402255181865218,-0.4289299846301542,-0.414993238245775,-0.44199418428842707,-0.42609255336067353,2.2829329124235986,-0.25042828271936735
1655,1.6223639931731406,-0.8632346790441328,-0.8406183034833807,1.6184887276761022,-0.8614630463918626,-0.8341333050385478,1.497489815974703,1.3985517735613526,-1.921870645688924,-1.8721626109304745,1.4021499897922012,-1.9237638302423146,-1.8687806183840026,1.5065490096026277,2.42667302296755
1656,-0.004362115080722464,-0.010774884663860371,-0.010502226218265985,-0.002880724599161069,0.0060685036763279375,-0.00964597187957096,2.1690384383226373,0.2214760827181035,0.2810451463138149,0.274418866422119,0.22338833467518943,0.2863718095742994,0.2601695258251887,1.7871651073137165,-0.27297590105771125
1657,0.9722552227732333,0.9223816501894354,0.9032637768477263,0.9725534122060441,0.9305440009900603,0.9027495714925,1.9704837464452492,1.2071113229280415,1.147535069511497,1.1230020700200452,1.2089362456018617,1.1457731276884702,1.125829378853316,1.4158629900355046,-0.04667608291533222
1658,-3.1632816703703783,-2.8716056833855297,-2.786127391745371,-3.1620284406257135,-2.881011237388209,-2.8051293185273254,4.6816394235628085,-2.7419957533924944,-2.3737702751043694,-2.306034571864966,-2.746368553935305,-2.387532563926177,-2.327250666662223,4.162426132269411,-1.9256981994412679
1659,1.4795992074445528,-0.5343802134360358,-0.5210134290982495,1.4704714125198008,-0.5362509036058203,-0.5088816542360076,1.1128136997977132,1.510807705365936,-0.7119520679763648,-0.6950769936040105,1.5110289471128104,-0.7163385356744826,-0.6897006826397316,0.9428747865063856,2.8349883472608197
1660,0.6451398533294915,0.6950067071892227,0.6920802143252915,0.647712124402153,0.688796961021964,0.6842645033783369,2.5221540054941163,0.36738554362431375,0.3815219202886874,0.38023586983113494,0.37935081037992846,0.39669664765679585,0.37427559319870657,2.2135240813153545,-0.3521499521603841
1661,2.4631275664404852,1.9802231352129287,1.940885279265852,2.4592586731126147,2.004118648766221,1.9428959495185618,0.4793474965972188,1.995186031195225,1.490623090036493,1.4589374959209955,1.999868456175368,1.4973240187715724,1.4706020535506101,0.4081222949931615,1.0376456489438144
1662,0.0996818270124047,-0.3073017835240342,-0.3019675272372348,0.09566351081578442,-0.3128530575828672,-0.2978663783586397,2.3350324417748074,0.05988484108928033,-0.4349439320106666,-0.4277192357790751,0.07048927210575212,-0.45502229238033015,-0.42850604110061535,1.8625581362281847,0.886780054907896
1663,-0.2791089148685932,0.09449558044205499,0.09270903806360817,-0.2692369934270567,0.09503487975674034,0.09349651169819236,3.268954817875258,-0.39345344886415123,-0.024239823976425646,-0.023722684339193098,-0.3847749505012881,-0.02883442152781296,-0.025331646316851218,2.8995062867179118,-1.0632958607420504
1664,1.0834384827163108,0.24534418358080237,0.24206664381675172,1.0830267150414645,0.24516428315814282,0.23459257503754047,2.125207564659575,0.7881399385594613,-0.4923604213908021,-0.48095892629588577,0.798184834160318,-0.49472475425254725,-0.48634002940228555,2.1130459514508555,0.6668850411213082
1665,0.8001387536541097,0.3262200034354115,0.3176016526488879,0.7862949147034674,0.32533471723503793,0.33027188621617654,1.5017186463910603,0.8176174013492715,0.19740116415450626,0.19254460762159006,0.7957928515032502,0.21498434558254995,0.20832193132198026,1.0772324609121273,1.2120704858517035
1666,1.255829205711743,1.3799247602654896,1.3571773550711645,1.263564185797538,1.3773425348096182,1.3578227812586883,1.139354603887269,1.3136862800520999,1.521969949674894,1.4982863112580325,1.3144804430172947,1.5226570792672802,1.4888777837052218,0.7513115349630775,-0.13529197469056536
1667,-1.3723059023931596,-0.9687649794849745,-0.9465665870989085,-1.3717619651273765,-0.9641072563930208,-0.9332900289727538,3.947705445195776,-1.168314153035233,-0.7050050241479243,-0.6866503703296909,-1.1602177370254618,-0.7112310648428024,-0.6725917745542722,3.421652380427081,-1.5282500328598594
1668,1.8062501787036365,0.5112544283795849,0.5029676387212971,1.8113307282929947,0.512732945557981,0.506903263912489,1.3592833590482012,2.1366910141523032,0.7761165658576309,0.7639142972166112,2.13099383096206,0.772029040314304,0.7678526555215273,0.898429177623871,2.444777271288931
1669,3.3330357794007948,2.4878638299890055,2.452155509213297,3.3327782693447676,2.488781139778168,2.4505028072568797,0.035073157850719267,3.109732020073585,2.1183275620443296,2.085170498199591,3.111941105922644,2.115872562593553,2.0771875016076518,-0.1761130876481599,2.5504865064592637
1670,-0.8658354721001386,-1.3361176312939265,-1.2798589109664473,-0.8628011004050634,-1.3347191637589737,-1.2720365824145363,2.658790343570218,-0.7580862686253269,-1.3776726245984066,-1.325463891405427,-0.7489184516871209,-1.3845594026169232,-1.3175260398181305,2.6360070423504824,0.612089520866522
1671,-0.3221845532942614,-0.5032772490562872,-0.4931165710152695,-0.3255033665307551,-0.5054893373993796,-0.48503451620744276,2.7256316704748276,-0.1934319422109591,-0.3487263046913783,-0.3409235935452828,-0.19523931535751032,-0.33974419444376847,-0.33981149271459143,2.332303036703391,-0.05504040167266573
1672,0.24366737520437104,-0.8412392127332791,-0.8307220995804753,0.2416832634485773,-0.8427106087869067,-0.8314711627192444,1.6851747479352652,0.39545179838833666,-0.9139133257855351,-0.9025119361539365,0.40093470661600383,-0.9237709165874806,-0.8875420233030447,1.5228122608189347,1.576975788907849
1673,-1.2942976767049195,-2.4208958142564505,-2.358869730237025,-1.2849975805702638,-2.434442361100576,-2.3497450006321317,2.94338535410466,-1.038160422187123,-2.272409944294291,-2.209093449463262,-1.015150658342935,-2.265424311396052,-2.2042291847554325,2.61220365219872,1.4407853883995625
1674,1.3527786013147227,1.2057605791706685,1.1681259703391706,1.350726070711131,1.213592306248581,1.166775769493583,1.604353714413857,1.4438802021752632,1.2898017643020914,1.249843475688599,1.4427468932844911,1.2892851675745725,1.252832436159255,1.245026596926131,0.5164371477688044
1675,-0.35943348959997123,-0.033269404549583215,-0.03245850624466988,-0.35377078586992994,-0.035117650432423146,-0.03389756855040109,2.75740910332973,-0.2858271800110934,0.0326303227532066,0.03181670390833717,-0.29066802364705885,0.04216453014815859,0.04395429290760142,2.579683841395394,-0.30498506800069625
1676,1.8221807343540108,1.0043983290731502,0.9770854704415763,1.819783707261142,1.0013755073621906,0.9775062656605981,0.298491778978055,1.5313358166016748,0.38719961798044555,0.3777228505930503,1.5323928321021558,0.3831276535009436,0.3658097613956679,0.35621554775460157,1.933527966237454
1677,-0.3940670433660496,-2.373768094168906,-2.3222701246696174,-0.39485564650105487,-2.3619874941360397,-2.326753163376078,2.979926739358269,-0.15523429000410155,-1.9814349476543127,-1.9346932343178749,-0.1550650074725524,-1.9854101518750444,-1.9394827337752794,2.4550197191153855,0.7022714596773165
1678,-0.5219862041967152,-0.5160059130468274,-0.5058950736145357,-0.5164031466386406,-0.5231194095680652,-0.5206931702262116,2.2197122995259186,-0.6225522653270514,-0.6430597187692012,-0.6301227758546741,-0.6296524364523982,-0.6428382946987328,-0.6241443527841846,1.9489121130809621,0.21838133838595705
1679,0.2667289784521092,-0.6908870138219598,-0.677256935198976,0.2620409706770656,-0.7043893988887728,-0.6811591068574324,1.869730842336709,0.5766716508519455,-0.19893021351111526,-0.19504721843904077,0.5732426885435149,-0.19324169886225695,-0.19253968060285226,1.3457756294212224,0.6000912520983356
1680,1.200298505376971,-1.0348068894047966,-1.0075606579369514,1.20245440029712,-1.0248599618499106,-1.0085721138218593,1.389248304720164,1.1153901704033393,-1.4293279225806372,-1.3868469997534056,1.1154970321563829,-1.4358749901972856,-1.3819408283857442,1.1613396111015089,2.9129449478308733
1681,1.3686319561637375,-0.0893741498347498,-0.08688227353896057,1.361683659661849,-0.09693105791711697,-0.08107899902931832,1.86433292105537,1.5938380275601318,0.09136473679884591,0.08868220316511471,1.5997455019268345,0.0929412940929613,0.07619436567810767,1.516716673642224,2.418455883419886
1682,-0.8865520506395393,-0.5744722163290767,-0.5639436203630976,-0.8966867072264542,-0.5862033534935107,-0.5554569454505071,2.358424133182967,-0.7913560693316062,-0.4090609793157028,-0.4030447835106555,-0.7943824168093135,-0.40412121582635424,-0.387937300011114,2.2988023467291576,-1.6823273113000508
1683,-0.7061201150957356,-0.8124359308840643,-0.785866257385245,-0.7133134928732402,-0.8137068146217076,-0.7882091614081934,2.108479210402923,-0.9815796562603584,-1.1067027914159802,-1.0706045253537848,-0.9842836623969118,-1.107808951448865,-1.0639105471403116,2.168558556186387,-0.6764701940688711
1684,-1.1344000342710678,-1.9185105817015669,-1.868956918276939,-1.1268254173029353,-1.923901542641435,-1.8650701251703155,3.587036108254288,-0.8794980608467007,-1.7106159625411639,-1.6693677511410225,-0.8751243314896694,-1.7080219303829631,-1.6655736263779368,3.337947544422004,1.034485399620096
1685,-0.30367618655672024,-0.8935013489612165,-0.8744845000780048,-0.30845428538993785,-0.902163860330629,-0.8809488974647074,2.538692101815123,-0.19832637757509436,-0.814060380750042,-0.7946553758847766,-0.19521451591455094,-0.8041485558502943,-0.794693001781989,2.110164812076068,0.16228464624636968
1686,1.9587433486205705,1.396225471811873,1.3641677931643408,1.9584163543029127,1.3945021091358418,1.361836285982732,0.6448010433334023,2.2445971449202187,1.6489329642533308,1.6084101501013797,2.240657464432269,1.6495591002084244,1.6095185684938131,0.10055590860905067,1.2018340665223095
1687,-1.2088162046227315,-1.9633817290974769,-1.904278911386137,-1.1970999695206102,-1.9626260660190598,-1.9030465869629505,3.101097435236175,-1.261317605522035,-2.15731693895729,-2.0909452341726826,-1.2650146259938873,-2.161829122550713,-2.0813464653993994,2.7909884865204493,0.7368880918564912
1688,1.6983518554439014,0.5518886823354369,0.5374866849052252,1.6996930648588084,0.5478847652915307,0.5383157635903583,1.9640649143880422,1.8196136564496794,0.5885284988607199,0.5748287047774275,1.822511164958852,0.5825498713244386,0.5744002556129941,1.6447937135959514,1.609706640204806
1689,1.4920255031724297,0.3446254449783422,0.3352478558620743,1.496089518122151,0.34100200201131464,0.32462201276113,0.9232941696312316,1.4338885689072172,0.1109241936991951,0.10776823064673023,1.4303258856119845,0.105442227647207,0.11902870762972054,0.49206104904920445,2.34523142284791
1690,0.8196616870564782,0.14634723184263004,0.14330066633870991,0.8255904218806667,0.1283777896110457,0.13431517969623988,1.5756736907587483,1.2341035505307922,0.6763932603843557,0.6613082670104434,1.23127255163522,0.6681093189185061,0.6717924749378925,0.8873180764941345,1.0352848961697376
1691,1.7239801498007965,2.3480261202200454,2.3075849287270493,1.7252865745185617,2.343209815477826,2.306640296272474,1.3650017139525397,1.7970345242900068,2.46373254745901,2.4235321061873774,1.796902031681268,2.4579515029491663,2.4250952601924003,0.9775462906944345,-0.5809619627636785
1692,0.4164058063402869,0.5890905689172022,0.5707284385852374,0.41446403066542686,0.588950570950997,0.5793369348666112,1.9530482818693349,0.6539896499650513,0.9049152398628592,0.8779827573409267,0.6550211779692908,0.9087532794734724,0.881733034432936,1.5232712050215058,-2.0581972726698585
1693,2.275063165819318,2.320302026374259,2.292005395413925,2.2672566465287476,2.3214697657881533,2.291456587804679,0.7471996651138282,3.0234375284084702,3.1152874148126486,3.0974946816310975,3.0105928692748103,3.119528612377939,3.1151770799124034,-0.28951353899570215,-0.2813301896074083
1694,-0.28502747736614703,-0.29565991102474887,-0.2907186427723331,-0.28259642644845445,-0.3014454692871893,-0.2851247111177181,2.655082011128065,-0.6300683988485332,-0.6728876307267279,-0.6622584132637157,-0.6446894025645552,-0.676916433628244,-0.6410569738672374,2.243076276887388,0.2944018533610695
1695,-0.16604588621166377,-0.06630898891682702,-0.06467937237200232,-0.17613727912480143,-0.06620180064103683,-0.05769857408631529,2.245648077747315,-0.28441756740926044,-0.19025952314936623,-0.18547064705814245,-0.29124182105475643,-0.1892116154098107,-0.19116414718399874,1.8534479941571091,-0.9255441805013098
1696,1.1254118100971529,-0.03352379129115488,-0.032599401324983845,1.1187300494913184,-0.02821911695301669,-0.03130854314378582,1.5107640131641125,1.1077349604517048,-0.3737558616442979,-0.36304422555118854,1.1179722672763834,-0.37171058249155087,-0.37737441773551045,0.9368223945618919,1.9654804730828057
1697,-0.5048254810237959,-0.7991160137770769,-0.7974364148158141,-0.5079825042542148,-0.803769497230744,-0.776059410060933,2.4680817305973966,-0.4406564911085176,-0.8435699902339313,-0.8418364254677159,-0.4386274884149548,-0.8346793720004723,-0.8488980664682892,2.109688046267596,0.8960553884799849
1698,0.8184529473598197,0.888330651244894,0.8654751040138512,0.8224518450190573,0.8846867530213575,0.8690452439891022,1.5708084544203926,0.9264445557494972,1.0959882252876503,1.071799741738054,0.9203979500290276,1.0726122004282619,1.0620143808491294,1.2369085187742068,-0.2869039146496172
1699,0.0679077181954921,0.27358403038221835,0.26930267108597433,0.04940620515376338,0.2835256971208917,0.2520786699206113,2.605220557349024,-0.05470638318045431,0.17931395235775816,0.17656535386959119,-0.02952074050753819,0.20043633092790492,0.17495836670329679,2.293545932113285,-0.7939043153646084
1700,-2.0720124564677924,-1.5163491816484684,-1.4863121383595943,-2.062329397925691,-1.5067316483938407,-1.4835991644628326,3.493860423517793,-2.3162152453011897,-1.4631519880428452,-1.427559725992603,-2.318086200078843,-1.434778048644111,-1.4220118002564164,3.28284403525549,-1.9505746999646831
1701,0.3419175034285256,-1.7167045611667753,-1.681599341506483,0.3486140099591975,-1.7041840244735658,-1.6753499763504183,2.181558811263686,0.3706818884882419,-1.7482700208045214,-1.7159804611302154,0.3645268539408947,-1.753966294601865,-1.713713326287982,1.8899946263061256,1.53033960913841
1702,1.7901772541037593,-0.49995065525335064,-0.4875047929835977,1.7895498498034883,-0.5026295677383138,-0.49503468825993163,0.9084617778953689,2.063140890524766,-0.3525692131599805,-0.344536636683895,2.06212449281506,-0.35944756919440424,-0.3295207418451816,0.4091204344732056,2.98372877891759
1703,2.1201507447239254,2.058548046663729,2.002735602200722,2.1153565300489063,2.052088841955634,1.998651084275057,1.1399184198976773,2.049631966359725,2.0285318851490532,1.9732045421815099,2.0483685347445193,2.0185043424116627,1.968256468489696,0.8413597723951739,1.0066824190320445
1704,2.156992547977069,0.1608655353278344,0.15704653734922408,2.1541642513686243,0.17135856605894378,0.16417777393126526,2.1565200226630092,2.5636753986657546,0.46108732394196883,0.44966136378335136,2.5653980039347704,0.45566531732347837,0.4549934740475767,1.5619178096555582,2.5941832642550153
1705,0.10042715869060505,0.3774157099548744,0.37054383798462753,0.10533922075099748,0.3734520625646133,0.3737374937919236,2.0133966443336746,0.5312062315993197,0.9061786206883476,0.8924783496753874,0.5377216934735117,0.9118582779052925,0.8848819795863211,1.2709956684194372,-1.521689444360877
1706,0.33141944526690553,-0.9196748707138088,-0.9022522793513975,0.333617018711273,-0.9285156797213885,-0.9096791675354275,2.0914335805970383,0.8346468653320445,-0.6301789713033846,-0.6184617045651001,0.8404721842563484,-0.624634315978465,-0.6180473884185128,1.5526122879651372,2.0023292669531596
1707,2.4806642947356035,0.47196817413958175,0.46441505551127127,2.4950387304361437,0.4733980249076361,0.45698855999613286,0.0814214179127546,2.5521397142799427,0.14513163703640383,0.14198566978061544,2.551253089125137,0.1337888104980934,0.15994688524589662,-0.35819428911788215,3.101752042865973
1708,-1.131125375167266,-1.3511317637503897,-1.2991569741509172,-1.1276725871820703,-1.3537351076587467,-1.2993544294224495,2.388145236721013,-0.923480810056105,-1.1932635883599865,-1.148510318744306,-0.9265667057284269,-1.1967620798365899,-1.1440911820655344,2.4949586314133967,-0.03607785172633646
1709,-1.767572484942203,-1.635342848146772,-1.5917400524486618,-1.770289860173992,-1.6438485342561204,-1.6038370005438713,3.494964486477017,-1.6858216102406864,-1.6599149645846434,-1.611465545715835,-1.6881214867048076,-1.6563576339346309,-1.6015067579057858,3.1390460018067214,-1.5967382853210812
1710,-0.31985059613291544,-0.2476682534559244,-0.24199568602061827,-0.31758594221907427,-0.2546884544639173,-0.24885511211190792,3.353201723697028,-0.6595751168398833,-0.5894436012702333,-0.5748076234220134,-0.6679992541431309,-0.5812088839586215,-0.5688135899458734,3.052610301060379,-0.26741012683261023
1711,0.015215634863103625,0.19676318502697648,0.19201950020775355,0.022618187588067724,0.19976722539325636,0.18962728938712206,2.215962098881563,0.04049840054083569,0.20337515750604332,0.19865031523737503,0.028896475747805437,0.20644662540968003,0.2002007467888606,2.0773831455245473,-0.9402811849301069
1712,1.4096818486671678,1.639844802331493,1.595465246787103,1.3987454076369281,1.6385945647438722,1.5983824673799174,1.8110089722581697,1.406359278341716,1.6667625250307687,1.6218631885690618,1.4084378834754496,1.6721097716933646,1.6189948339426947,1.490669438812152,-1.2645288504773473
1713,-0.9504300383797718,-0.3330778247118767,-0.3304215413060812,-0.9466975290216659,-0.33690690731419837,-0.33275814764700545,2.708091428372552,-2.5038334857565503,-2.015064094754813,-2.00044083310251,-2.509804732279735,-2.022422249072821,-1.9880138048273324,3.314551811349513,-1.3880755156105617
1714,-1.7404847372856438,-2.000888259913016,-1.9442289393483212,-1.7287179465404858,-2.003938551673726,-1.9443338649727127,2.318119214473399,-1.8652661768437842,-2.1988072285844966,-2.133035516259075,-1.8663769844351557,-2.19911403153037,-2.1218095705219713,2.405921626853466,-0.3070853223908586
1715,2.8446544560400007,0.4067718737789537,0.39732103484995474,2.8494258276463538,0.40222147519221163,0.40653914935510543,0.1995453925624852,2.9996485450029824,0.37020712699020986,0.3608645116447034,2.992149400081416,0.36143057222410163,0.36519172465083094,-0.3609350024499911,3.3546066395539333
1716,-0.19555366409123529,-0.6283682411200197,-0.6137295564056007,-0.19552710958792718,-0.6297249083577253,-0.6171166325712589,1.6644264777223172,-0.2844431462904019,-0.885797338454136,-0.8642669168159043,-0.2854058625602764,-0.8970220609818504,-0.8649019630103114,1.5894849706894978,1.2804827704193216
1717,-1.5904074569520468,-1.1068559902618373,-1.075989032180751,-1.5912222326938588,-1.1134255570741731,-1.0821328508339803,3.157331797947764,-1.675707840665324,-1.1508019469287674,-1.1187974603073465,-1.6711419923264377,-1.1598165601911457,-1.120314016418738,3.0266109047435283,-2.0701860000277224
1718,1.2939729515056184,0.7277687437329873,0.7229927846139927,1.2947170273744208,0.7290561988063373,0.7215081998320008,1.163336122899308,1.368857541716426,0.756329843299268,0.7509436140519667,1.3765695097481114,0.757236423702129,0.7586447735012974,0.792924387819122,1.468974598265882
1719,1.2241678104644742,0.9814694055586369,0.9653326444907218,1.2160010019277048,0.9695226658691277,0.948936112796316,1.4274464456367861,0.9815404889280565,0.6169718218630803,0.6052947868406804,0.9743958015487275,0.6133887318868507,0.5587139205415872,1.1214722404265636,0.7610076476443163
1720,0.5213155738574855,0.21716697503479632,0.21170323702725666,0.5119474844503894,0.2169333208587633,0.20050430192715482,1.426842906712492,0.660667143177039,0.41529553716261997,0.4065055179308555,0.6768551575819258,0.4317707865420116,0.41208297537302213,0.9102784683933746,0.8606125959251207
1721,1.7192123993483028,0.5339294196933358,0.5211429469203851,1.724478412679401,0.5344196503280327,0.5180801652924546,1.6122121503192834,1.7163333865282566,0.4400820906304343,0.4292375831288388,1.715934170037472,0.44185662204743176,0.4237702179251674,1.241197244540155,2.3991625301280077
1722,2.6750095539867274,-0.29901332185745333,-0.29470826435248604,2.6756934876021274,-0.29353129428380687,-0.2957348255502558,1.8904216442525588,2.79691570527373,-0.24189166712718574,-0.23792789313491605,2.7974858247584367,-0.24888921417845403,-0.2432313963027638,1.4120504195748336,3.1378833623935694
1723,2.3512801381681605,0.7723102488806858,0.7613003495984779,2.3468421866870264,0.7732723546577525,0.7639530560206192,0.18469112745169022,2.6304048614798377,1.0146523258379985,0.9990777651304263,2.6230329268484285,1.0208531386598314,1.003258277835919,-0.3468421289429015,3.060169548854947
1724,-0.7168137306544282,-0.30913412149290936,-0.3053185497111455,-0.7119413639117922,-0.30659215113485855,-0.30582171158281085,3.156006806752064,-1.3034264602546257,-0.8089928858246879,-0.7949017328943834,-1.3182623715757007,-0.8119226580151423,-0.7978638820754027,3.3925429043037054,-2.9767427434273412
1725,1.7440282438269794,0.4360728635179533,0.4191079278821693,1.7527407250320082,0.4271640764798651,0.4116172400812621,0.9628489208762752,1.5114280015487342,-0.1131613842083159,-0.10911184160164557,1.5103459688956853,-0.1211263397890389,-0.10977729701841818,0.5875648605549347,2.4298510936073026
1726,-1.5602410730852212,-1.6254406946060176,-1.6157191635679011,-1.5395196556925803,-1.616196852327688,-1.6248293870754786,3.264076803775706,-1.4868077446078185,-1.5758896919831888,-1.5642330417126393,-1.4743319282832354,-1.5733031377960545,-1.5517947122451075,2.7960261303030256,0.22130769120841265
1727,1.1695695117743214,-0.39948671058967417,-0.39160482652084394,1.1546047433229816,-0.39936685290074597,-0.39392587154558584,1.3001658667795886,1.2263875447027657,-0.5344357149478803,-0.524438144591341,1.2260021229691689,-0.5443262424365327,-0.5329049410828286,0.7724527695628564,2.2253031611996588
1728,0.07268697884722701,-1.1826362608815257,-1.153995618271493,0.07493377209635457,-1.183584252031076,-1.158099122961573,2.426473779797994,0.08296723435717034,-1.264754706482035,-1.23323479456092,0.08317499319953377,-1.2742442400123397,-1.2386038675794708,2.1675376989459085,0.9836226872734154
1729,1.475627206493119,0.8489180487538722,0.828631228319391,1.4783350255666636,0.8420387169132614,0.8264337680649823,1.11009673996386,1.868823493401,1.3188497594887272,1.2871491541127218,1.8686060120916346,1.3151633924606827,1.28357694671113,0.4765555267907741,1.269522968475813
1730,0.8621650523621348,0.9223946359553413,0.907794351109792,0.8634403500737157,0.9201386924921565,0.9112886237408314,1.2347703845850169,1.0720247578681257,1.1485659717863068,1.1306292267694231,1.067540560190006,1.1441436730903156,1.139099543861339,0.6746115959156237,0.5177345962946057
1731,-0.8363745491286994,-1.1855247272902936,-1.162033953294962,-0.8245174025966802,-1.1906243317117722,-1.1861482583321672,2.858670277088637,-0.903530701920664,-1.41686273137364,-1.3856678466851442,-0.9051445115163874,-1.409755632408258,-1.377615277820564,2.5112088461379702,0.2696619992575583
1732,-0.20387441663788325,-0.8005452097644137,-0.787303456455373,-0.2159101316357926,-0.8055197027402068,-0.7790722721530371,2.7217231175989323,-0.1668245468373369,-0.8588035631989254,-0.8421583185499331,-0.1728595889059284,-0.8658275129972981,-0.8406487656695584,2.4089585283582893,0.3915756769749727
1733,1.2470727337695313,0.011730550783116368,0.011350018685306235,1.2492917648696977,0.012160267927112325,0.005354374811355923,1.7807019783230627,1.3448771575276066,0.058328724532388625,0.056465379332823945,1.344611531314271,0.06207384158633391,0.050284174430883476,1.467078563438785,1.5327896730935027
1734,1.2291824619782692,1.1950754128329157,1.1760382680935575,1.2311082414406906,1.1968162421812558,1.1829569135708513,1.8294499923270509,1.1550003024137692,1.024256910643645,1.0068578803282884,1.151846195177254,1.0310047841920518,1.007147147716009,1.544564161025733,0.48302587852535717
1735,2.2535814371680307,1.3307090164807436,1.3054907173315142,2.2598384843998804,1.3492708901291743,1.2973709988419728,0.35423396259494916,2.3724986991350843,1.4246178160640959,1.400128903140532,2.377721942977001,1.4262873616457208,1.4163137341046101,-0.16967565552126315,2.0601955952173427
1736,-0.1475916475125873,-0.5424770782805716,-0.530648421395186,-0.14314204359599153,-0.5403126636609114,-0.5449949313301031,2.2796657803655997,-0.6171345913709766,-1.2987552544665442,-1.2641787070333361,-0.620404402353447,-1.3015924782679404,-1.255269462108359,2.0502976197353284,1.0289982459745848
1737,0.1806571523337393,-0.13042434286517823,-0.12741848016466215,0.18444751370211884,-0.12948864062787327,-0.12581195279549434,2.09895247691233,0.6054972674796001,0.25836484908104523,0.25218150217611396,0.6054951008321232,0.2647603877926616,0.26070439021748015,1.4315218767304219,1.0502409343488215
1738,-0.6189694119039165,-0.43746108301483394,-0.4285825934318154,-0.6193765068389303,-0.43576286561174526,-0.41064701635290773,2.4022746665668113,-1.4008836580600257,-1.191970264493911,-1.168467544217617,-1.4037293117103562,-1.1799637157815965,-1.1742235344238632,2.605558521756735,-1.1153701264071225
1739,-1.7477618599279847,-1.7969092652021337,-1.7631166009882056,-1.7273163347989375,-1.7888111402249658,-1.7631793601460646,3.1024361529382056,-1.7142846858462428,-1.9419187820713557,-1.90008049068669,-1.7072142518640185,-1.939268199125803,-1.9032646056297238,2.939970670439879,-0.6661687436733924
1740,-0.058802383651499285,-0.5248416292190525,-0.5143451753615366,-0.04945050487972549,-0.5360064237154203,-0.5158510446331296,2.461693542214113,0.516850847630002,0.09639860735846856,0.0942899363765876,0.5100457073892741,0.09060890158167899,0.09842067868117822,1.4592578268216703,0.8366585300762206
1741,1.1158829680877862,0.774423756657662,0.7566708418985872,1.1182175333564486,0.7832051625321236,0.7558961400369036,1.3916225558279243,0.7511315695351133,0.3523915886189007,0.34347036152218036,0.7500900253744275,0.3507006700744255,0.3514576536401269,1.3967940519441258,0.8819695012397663
1742,0.507484029102339,0.6399111681394469,0.6339171672145032,0.5060293608858071,0.6306566030154223,0.637053310762584,2.0087722147610507,0.625512208923144,0.8085374274728362,0.7991487972648672,0.6305849811507378,0.8106645225627293,0.7925971383913766,1.695011141040493,-1.5992584820148925
1743,0.4229671042255926,0.012378802622370346,0.011899230486590778,0.4177719025163198,0.005454116756639221,0.010868901585509318,2.4532085987556007,0.5032472607769126,0.08140055584146541,0.07828348415322085,0.4968600498495451,0.09061551846276326,0.07269395028798165,2.4098456812888793,0.2790856012918251
1744,-0.6707566534656301,-1.4536529995116863,-1.3927345951822336,-0.6849965277231634,-1.4476493415914689,-1.3961979095948185,1.9034524320929234,-0.03352459269707717,-1.7425292172940985,-1.6958282058428125,-0.03132127085940523,-1.7618908280766,-1.7019988665885082,1.3312213973368203,1.5454501593738992
1745,2.0563196983815715,1.0585627189948073,1.0417402183303344,2.049972376946528,1.0576065232213587,1.0391652334990389,0.7393538548135626,1.764443838883194,0.46560160089890146,0.4558843652466088,1.7570526886396292,0.4604107240211398,0.46128998640040264,0.4988572840939404,2.0366558811864435
1746,1.7241980035077664,-0.010278139590568822,-0.010140195461449073,1.723225879850665,-0.006909401845101077,-0.015119823106040575,1.1520294806659563,2.1119608983117093,0.3404818727507574,0.33635829374276927,2.1058561606727006,0.3511946648732754,0.3272662983729136,0.5922427027790095,2.2450050748783714
1747,-0.039508333163499255,0.03674764092405806,0.035763977356263486,-0.0421560711127071,0.04476511473663531,0.035837754622757366,2.0045393270421576,0.10397648789405288,0.22430644369211708,0.2161377434488458,0.0935568280626448,0.24284719640210847,0.2166193361981384,1.676044316690372,-0.05594749280121836
1748,0.8271701110178251,0.5405124652992661,0.5247256253488244,0.8297563236005342,0.5462322058137768,0.5223967831138732,1.994791709889301,0.9443469140056934,0.6391743118337366,0.6202486684977663,0.9471391489696682,0.635787623887089,0.6163430252868937,1.5502335746238403,0.6483888943779031
1749,0.6644000838680153,-0.3415353110445539,-0.33429121925046607,0.6693161861217122,-0.34303164177293616,-0.33686878594330055,1.6620134178306591,0.4279284038005499,-0.8048991456856947,-0.7863905231682643,0.43241166285797517,-0.8029526319389984,-0.7824520149071487,1.3374067119924515,2.300061864901279
1750,2.9902375774790952,1.0208405689191875,0.9971063329944604,2.980764432246596,1.0125805236831624,0.9979131195104308,0.21561710332484713,2.6569567830809264,0.23475692546895185,0.23003601768656198,2.665698638299321,0.23133800716789232,0.2356813927661523,0.24311011985020795,2.690987269705078
1751,-0.3937523639201014,-0.4702171833648842,-0.45838215464388044,-0.39775158531622157,-0.4573342548025567,-0.4598245519868165,2.714816544389096,-0.4705787532358446,-0.5486635377165415,-0.5353024154595858,-0.4707823143479952,-0.5571305652192519,-0.5316453462959969,2.3686104272517925,0.11088749611144391
1752,1.5633164637344816,-0.28740622704322466,-0.2801052598281413,1.5651675361782555,-0.2878889601288346,-0.2780146685994508,1.7469859258867901,1.727281927025661,-0.10877958413933776,-0.10575827212591726,1.722573198377329,-0.11092936389808135,-0.10427741155209742,1.3574511339769186,1.9478293134443894
1753,-0.24582903150273447,-0.3649331814493158,-0.3570232276954941,-0.24307456866523877,-0.3674810715569582,-0.3559968367439056,3.1798199701474563,-0.3822020893987184,-0.4941081608092001,-0.4827149142166779,-0.3730598851586517,-0.49926443793655106,-0.4798761556675122,2.8851967701201775,0.6312449186260253
1754,2.3091720354482095,2.0524237365677953,2.027986981845748,2.311713728388884,2.050872028689581,2.0239899590003136,0.9926833179428992,1.938407487391154,1.5947258356836467,1.5660142819768907,1.9446255305638491,1.5976203706778722,1.5695461571510365,0.8094470622562853,0.8144730133085608
1755,-0.44021969074663614,-0.9976065819004721,-0.9721988169955711,-0.43844309454699043,-0.9978109921323522,-0.9831203250829186,2.5903142624746485,0.018977054593222697,-0.5525710239917214,-0.5386949800934837,0.02087721643111613,-0.5453507256592925,-0.5404070135382579,1.822904070906384,0.9297060021267183
1756,0.9485692169122968,0.8556856557107836,0.8314806298467393,0.9485759299218336,0.8497956248671789,0.8337770776942606,2.4598664384444997,0.7598913777816354,0.6622737746288506,0.6426435925965222,0.7537097812955869,0.6748987277660551,0.6490267782254278,2.08772793463151,0.07299247154832267
1757,1.5789358570588918,0.9882634069951352,0.9668317202627053,1.5729242552528255,0.9791632198019429,0.9714289969791227,0.9709794583932321,1.560979138869478,0.9219781894550498,0.9021130607861031,1.5497353307072532,0.9269521234082321,0.897233679128046,0.4101232327941444,1.5452611872781326
1758,0.10028617255863428,-0.9021062930426175,-0.8812298469850672,0.08529012340635657,-0.9097962286851586,-0.9010980760894947,2.0551068419760394,0.10026003325784151,-1.1666314326692973,-1.1357008567166962,0.10364884741060319,-1.163997925754881,-1.1523551037929827,1.7840206044482196,0.9505561336294321
1759,0.30196327379229976,0.4543802975920394,0.44379745931677195,0.2996593252772423,0.4499696074841637,0.4445817111086396,1.9025704094886304,0.25484610186925816,0.4241245356999967,0.41430488999261816,0.25612549745063845,0.40967389497555773,0.42388438984708404,1.6930663872212883,-1.0954403647888178
1760,1.9149482344125948,-0.9499430752553126,-0.9319799593212866,1.913218932840178,-0.9501451270542072,-0.9287372920353409,1.1059912893384574,1.938623692279115,-0.9183290183379657,-0.9003864829624988,1.9322120802888465,-0.9013529249288995,-0.8939979701788979,0.665003224899001,2.5082488043849995
1761,1.9631892376230233,-0.17956659160928873,-0.17613398588843243,1.9726449066645977,-0.17331966492109216,-0.18140608989536022,0.3925769721634022,2.281721254885806,0.14066051208248256,0.13804227420020962,2.2809556852335398,0.14835041244238326,0.1433520739976239,-0.13720788811845405,2.6447974816772417
1762,1.0772075524911269,1.0906710269015627,1.0576129734946436,1.0740448238917828,1.1059713305759316,1.0712535953548141,2.225488266941307,1.003522715187634,1.0379766697932449,1.008572025619893,1.0014964877276002,1.0674759234381312,1.000845822589628,1.7841657500632027,-0.3133382372002673
1763,1.014022739758333,0.7587575665383749,0.7439131899627044,1.0085608794113594,0.7653268221874682,0.7373082739971039,2.0131666707426503,1.0848366312010675,0.7925596589896995,0.7773594437813107,1.0855623301716537,0.7891005405018966,0.7671664181340717,1.6074491746357524,1.142118952599925
1764,3.83560616900928,3.4939222796630283,3.4059256420983846,3.8461062176256475,3.51024364132449,3.413851944767719,0.10851878214922454,4.22704871785,3.9142178908862797,3.8104698987950094,4.221751810201376,3.918916814560289,3.808469317259851,-0.7649226494265406,1.433579678046508
1765,0.38262066204814976,-1.0651904979850395,-1.0392786918307821,0.3819856964666264,-1.066114835011352,-1.0547945375580372,1.6433940521816777,0.7901241801821608,-1.0677239538185868,-1.0444560284280127,0.7836820254752708,-1.0640962727839482,-1.0355014556709594,1.0975143546109851,2.0268810804077484
1766,0.3933859355685622,-2.288483833539363,-2.2230767807766103,0.3913394365195929,-2.291360106816341,-2.2340677005436187,2.1979256691887903,0.7257867041480573,-2.3577687311093785,-2.292440953363631,0.7264755518479572,-2.3406405567080304,-2.282475953189833,1.5769362205507134,3.2441695147780245
1767,0.6079224642515065,-0.20524200317788213,-0.2034766290417491,0.6073642166705082,-0.20519751892034638,-0.19436981521871088,2.8873732522817783,0.13692409992843566,-0.9235716270643273,-0.9154864172875279,0.13489709888210694,-0.9194070540098274,-0.9159985099574507,2.7168982810022406,1.8110827815162136
1768,0.5509481554897299,-0.921615610504638,-0.8978809871566116,0.5472157561120737,-0.9272802766540351,-0.8896541314426066,2.8172994758047847,0.7094966482930415,-0.8483744127660161,-0.8267701314923596,0.7100384609743646,-0.8559007144875799,-0.8295689424038273,2.277925060664201,0.8976493814130239
1769,0.362853171192949,-0.016008038767975186,-0.015770261035277226,0.35279721882254267,-0.017830806150127547,-0.024992654068997647,2.364867106857524,0.42178777879593066,-0.01015389901129897,-0.009968380071600577,0.4309166692711801,-0.009182906204702286,0.001629500390613918,1.8520713202128682,0.5191481943906128
1770,1.6887624161726567,0.3694183338474565,0.362308761422299,1.6926722242905805,0.36709975904195397,0.35870546391860075,1.6920615268988393,1.2961085670188521,-0.179518308236859,-0.175055189398025,1.294232653669346,-0.18363639591790162,-0.17045113205691095,1.4699646308336611,2.3025519935008845
1771,1.826898506568573,0.6983680783435446,0.6818886731972581,1.82453102865088,0.6898429940967172,0.6852028713613807,0.533899446049066,1.950130818441657,0.7298888072253644,0.7123901674804726,1.9527421016748314,0.7283030758164667,0.7169703132638716,0.14208184563506904,2.6795836435422626
1772,-0.4449232094434891,-0.33470866432453195,-0.3272014674782098,-0.4277736646861441,-0.3422860193315365,-0.3192155169582171,2.549646305511798,-0.6773363274181418,-0.5345422054398852,-0.522839008917389,-0.6743565276561696,-0.5335234066851929,-0.5193326897126844,2.431784314022817,-0.6739155849694812
1773,0.9152596061457507,0.6693399877612094,0.6603820820053229,0.9086850647649289,0.6719762617530225,0.6598722689761406,1.7544879452475461,0.9950563000085858,0.7271132173957974,0.7164512806539816,0.9984313744223173,0.726417232081877,0.716706813285039,1.487565711026148,1.3519129555000746
1774,-0.5958953565784825,-0.04167080245001681,-0.0409772730156189,-0.5703372032957363,-0.04172439897541668,-0.022490927303863813,2.596053306846018,-0.3251900466211409,0.32029292793918235,0.31446704349522553,-0.31836511464130707,0.32042903572333614,0.3142222431843305,2.0677223370715625,-2.490576593699977
1775,0.26862484649493557,-1.0184385056696474,-0.9934372866525475,0.26977886663078093,-1.0135494579769178,-0.9932978897576179,2.5399908118774683,-0.09860349509039311,-1.7662334375998738,-1.7233836062879573,-0.09910504291498899,-1.7605616651420934,-1.7214874920349623,2.607269423259118,2.044778950860245
1776,2.91476371765754,2.672750548272756,2.630835965603642,2.91506627682038,2.6664813153047526,2.6303970573925963,0.1457180560805165,3.031020248844304,2.750187221149084,2.7042273302549664,3.0257121584107463,2.7472926928677612,2.706101910976051,-0.4777655582441097,1.2194816256440282
1777,-1.143697579145694,-2.1597066026162586,-2.114990200113184,-1.129569863386522,-2.15485859892018,-2.1032610239581304,2.3229263640895876,-0.5262164302206247,-2.263648857921394,-2.229163742572272,-0.5450629807359768,-2.2742333700248167,-2.242562034664243,1.9916360174152943,1.1091672073223586
1778,1.4306483223246607,0.11136225416473305,0.10930226156870804,1.4282433126423106,0.11705726054754097,0.10608577876198168,1.7615832467450674,1.6567458796748662,0.2702184172474826,0.2643466480780884,1.646750783988787,0.2694432490014636,0.2570429019638926,1.1052590112063656,2.461196110530973
1779,2.8827992120449637,0.8005825566390447,0.7807942770840712,2.8832580166853115,0.802143010491591,0.7745676083381338,0.47017882504470077,3.1870464482165315,1.0564579439071202,1.0298122497527396,3.1839803315049116,1.0651770505591072,1.0291760805220138,-0.012745612877902473,3.274082079861991
1780,2.0261445856236673,0.09871973883230561,0.09596041957752424,2.0245038038396337,0.09412770553699419,0.09609724250550565,1.2203046021082211,2.1902861895568786,0.17758727317916995,0.1726947962795493,2.1940444882073207,0.17355652283272816,0.17492399388731722,0.7718540420394068,2.8545616082006644
1781,2.0126396548337526,2.3115272366188826,2.237124814633095,2.010339070437916,2.3067604194901175,2.230473871277965,0.9422478805597958,2.085038918560375,2.4047310249508618,2.321141017615983,2.083828336926138,2.407047949158708,2.323116565665594,0.5217642897613723,-1.2504451773775649
1782,-0.8354540801094958,-0.5832503652357421,-0.5766471559299857,-0.8354410648692157,-0.5792012295986758,-0.5759026113093837,3.148539543690914,-0.7625137045598782,-0.45574951439944306,-0.4503936450845382,-0.7632500995688888,-0.45242673759501906,-0.4658132203319501,2.841292206557864,-0.7341250320321903
1783,1.4175319625039366,-1.7877874174305424,-1.7269324620467472,1.4199251801259383,-1.7867971800908777,-1.7290321210926698,1.4333581440634324,1.7356841671651617,-1.9818394499257432,-1.9134609136968073,1.7224885188446384,-1.9835034905063622,-1.912949899494357,0.9772701599824349,3.600370998105664
1784,2.4689649417813926,1.2651997973692333,1.240288001074293,2.4688481544024685,1.2729585352912045,1.247801683772374,0.1534245056248093,2.2534174827323126,0.9505828116783445,0.930970266673814,2.24413526077843,0.9544512406908395,0.9425697069963268,0.0019064598542141247,2.616365746218283
1785,1.1134381335668109,0.4082333599681723,0.40056540734081236,1.1108351591193344,0.390706636763187,0.4155531137393429,1.3618531942710304,1.216728224265604,0.25322878128232734,0.24797207369728574,1.212782499705989,0.26509127751424527,0.2378309843933742,1.1280252067112537,1.5693769542440352
1786,0.22008002578265165,-0.8635137986564592,-0.8355817710889144,0.21654031504215024,-0.8663324555776536,-0.8493430266888568,1.8328889247272742,0.22476564937595706,-1.068517305825996,-1.0303731425395766,0.23109654077038067,-1.0756620769991654,-1.0301083952639287,1.4818161519463924,2.0651664691919196
1787,2.206318726480824,0.4980629684723991,0.4904282435244526,2.2078060641872783,0.5032105251434508,0.4898681662470269,0.5926403422542907,2.4909941816682006,0.6875017301576762,0.6766099879081738,2.49224437810871,0.6786190363218855,0.6785088188031949,0.0035331597975749736,2.640928864399433
1788,1.748443986215258,-0.8318469893390572,-0.814259836866766,1.749312802075271,-0.8356800437038374,-0.8136097909694842,2.000121074495443,1.9333873747843544,-0.7563915365278301,-0.7406802912414716,1.9430727035808315,-0.7556267332420878,-0.7454849371444874,1.6619081650197454,4.019088858552783
1789,-0.2199357375768155,0.25157395833310886,0.24612102400239014,-0.22580353905342862,0.2636079920559039,0.24913897989551373,2.119459695358344,-0.031210369478313307,0.5747402689761818,0.5615816992995611,-0.02265429333373796,0.5664000010292862,0.5557277286835802,1.7152715811258135,-0.8145065031945281
1790,-0.6606726519184359,-1.1267130027700212,-1.0791699761780558,-0.6636400952621412,-1.1286681164286296,-1.077071435752143,1.6985966417423417,-0.5283854027083703,-1.1624816740185062,-1.1166811213061978,-0.5207113929459524,-1.174934642149988,-1.1148043798767349,1.6961860656730174,0.5334445207390021
1791,-0.9009848946441497,-0.8246528285227838,-0.8063868926819093,-0.9262254246579928,-0.822926991310473,-0.77466027583083,3.1886125670015226,-1.3747875809862018,-1.353281450384228,-1.3199457019032241,-1.3931132412005303,-1.3688302007101933,-1.3226059977045133,3.0368125227137672,-0.20986547209588766
1792,0.44710850849187167,0.3029397124214969,0.29604837196871847,0.4330255528150016,0.30506898879430033,0.30554103110611613,1.9076986524165405,0.538033454545618,0.35299905379792346,0.34438270181320535,0.5528777786807763,0.35884634890969025,0.3356719656577184,1.404856244426344,0.7986724228957873
1793,-1.698376760162643,-2.011383341139007,-1.9437219178641323,-1.69362198439333,-2.0184235151143173,-1.9395484668654048,3.669369882122156,-1.2802850784057518,-1.5490062867972532,-1.4926576341398157,-1.2745793495720164,-1.5460686284784655,-1.4857475253798758,3.250317978014474,-0.7937010993861787
1794,-0.33807016209687213,-0.6559032955154919,-0.6389919015041728,-0.3375609405529928,-0.6662288420306779,-0.6362732187808766,2.8157199938972433,-0.5123335402019862,-0.8843318356197549,-0.8614761544013119,-0.5307936599237695,-0.8882720509063354,-0.8507806691623542,2.578055860770226,0.561010001580127
1795,1.4395178287853312,-0.19049028212007715,-0.18545385124702995,1.4351731673121986,-0.18641635371827736,-0.18507316018372963,1.6463227214714824,1.5698311005752283,-0.5156857189973634,-0.5006673350787638,1.5798177350429672,-0.5228941910145106,-0.5014035487034194,1.458161516653238,1.8519002440790777
1796,-0.20980785794607276,0.17887884090539244,0.17432514246897812,-0.2082442552730819,0.1670732674312721,0.1776147291145675,2.4171075115038545,-0.03521305596803055,0.4626160918369437,0.4500613387996565,-0.043236934761768674,0.4879320342294182,0.45392812676110716,1.8831546803564576,-1.2738122016133855
1797,0.13100574477189883,0.3088204942716302,0.30156592537636423,0.13854737120117194,0.30358120107406433,0.3056907056996468,2.639579999132008,0.3240036032162327,0.5492829598146883,0.5367298649171497,0.3280984029024481,0.5516152556022592,0.5351262845276719,2.261499115435325,-0.012879057885200544
1798,1.4101404202067076,0.6672312450117598,0.653456648765463,1.4089204718367319,0.6721699238571831,0.6667799697215032,1.8674027024249082,1.3844963638851822,0.5494571193387557,0.5378128884296826,1.3904313112059494,0.5418926018098401,0.537657788440816,1.4381744257449018,1.444945837280629
1799,0.42034693047849925,0.7079801886559334,0.6878324010189131,0.4267512285660732,0.7078632748387593,0.6848896962132582,3.213524293495831,0.4089750583458539,0.7450564542547387,0.7226283912537793,0.4170219713974943,0.7434401073596169,0.7189765374135383,2.8806620849450044,-0.47311155840834546
1800,-0.72191650357384,-0.7326227877727853,-0.7186792502689829,-0.7332616205584931,-0.7513685637255415,-0.7187303390514566,2.9504898950094147,-0.5344729202452417,-0.5169715876220887,-0.5070741850805717,-0.5349785820599227,-0.5003045508555733,-0.49643616356492093,2.387594049266653,-0.1298158199997437
1801,1.0819042243957298,-0.0219438446959612,-0.021558572447961562,1.0901764066538933,-0.021701013640703443,-0.03180949320259723,1.4887628552794905,1.2394269461664917,0.03756758558350553,0.03683199929372625,1.2573076208321388,0.04302786301577208,0.029769774804496982,0.8593486047880523,1.4751989547224824
1802,-0.7295797056256139,-0.6526644325820773,-0.6316433621404658,-0.7369370651494216,-0.6592505676712376,-0.6252798866546082,2.8443020030421717,-1.3503570799758977,-1.3395819143273013,-1.2901211020443952,-1.345903824181208,-1.3470746550314956,-1.2979427367972056,2.722078119927197,-0.6487090727632258
1803,2.6205635256461415,2.4952035269961814,2.454933744547544,2.617123432895128,2.490996896680091,2.460827975502051,0.5028924968337946,2.4379562549508154,2.2864672923068037,2.2490277291125547,2.4473113091389136,2.292549844203103,2.2568576346667806,0.3283404527064161,0.9504133502082663
1804,0.7483581361669953,0.3576090038614953,0.3506045304045039,0.7459399377420999,0.35949839208952855,0.35288351329400747,2.3276580574425085,1.0783513371925355,0.5664362688842514,0.5546982425007403,1.08332472358646,0.5666388308788747,0.5564825666027352,1.526709693077631,1.5625178166341804
1805,-2.417199690019693,-2.089646455466113,-2.0348951248885547,-2.396952110397979,-2.100192049171917,-2.056316924486292,3.909218515346474,-2.353725092025804,-1.929963605805018,-1.8801493128209414,-2.324236218482391,-1.9183069652776623,-1.8962147441595725,3.482278251440824,-3.0127641847270983
1806,2.0759096444986316,0.2295154630280516,0.22392716313278793,2.0805676428210127,0.2248326218648609,0.22815320789260368,0.35222211253890023,2.1061003397736493,-0.2417035460899991,-0.23550608665939776,2.100272102754081,-0.23576490577083778,-0.23114074843357443,-0.08586239154602097,3.9731289491732307
1807,1.9955305039568016,1.3348076552790022,1.2950977121256395,1.9972319523785114,1.3336731600365228,1.28656569252394,0.6280769326753193,2.036350458060859,1.274053587878895,1.2360232334022405,2.029541128580902,1.2658878967666631,1.2366690817449248,0.338652344109305,1.5176941279374732
1808,-0.24981053615259818,-0.052305568493566684,-0.05111886454737088,-0.26883315475405417,-0.045951063797746834,-0.060294389527981974,2.5856561291282834,-0.572150123266495,-0.4095701405482695,-0.39980761792359915,-0.5694159845649726,-0.41119589248997035,-0.40904373738711364,2.5204308515161022,-1.262431827395255
1809,-1.517025798304224,-2.4773870758159555,-2.3975456642773727,-1.5142668415491802,-2.4555353591956894,-2.379179112308815,3.623152657112674,-1.2505444025944046,-2.3985154009186056,-2.3135386824968305,-1.2544883357944403,-2.4103831925493986,-2.3205923324260156,3.3048237253091894,0.30235213398949184
1810,-0.3505184806163718,0.0159296427899339,0.015733533149178858,-0.3530585003390705,0.015144389152099367,0.01681318329859457,2.7496028799370578,0.14707669793512632,0.6112413627683212,0.6030395457669847,0.13594456880231803,0.6335360984198678,0.6098270039802284,1.989007253181484,-0.5616552343702518
1811,0.7393386043163808,0.6940261653625607,0.6813581242685824,0.721704006708022,0.701539396005488,0.6824849893573325,2.635302735487755,0.7103743445046004,0.6638080356804968,0.652249108244082,0.7045140870881881,0.6791797454667782,0.6553314902511015,2.330691087947435,0.2881821847273355
1812,0.09131779053102315,-0.8825664990062307,-0.864443692824301,0.08779289676365308,-0.8768440515023584,-0.8701205146456751,2.384168542012571,0.40454651139294034,-0.6265144916133367,-0.6146694581510782,0.39961287594100003,-0.6105854310743138,-0.6121252641172288,1.6171018900810676,1.3509321808654502
1813,-1.9531695729611804,-2.2182697810116174,-2.1572682134922556,-1.9541639968242466,-2.2067114408408117,-2.151275009389885,3.6603984678728883,-1.7600075867943732,-2.061299152039708,-2.002245699401736,-1.7571884211206454,-2.0411801684590123,-1.991821414491442,3.0526399904677093,-0.6490500128077442
1814,0.01172808546502576,-0.23815882673208968,-0.234539773235,0.016584002721622706,-0.22056701899036182,-0.228334922767245,2.619512668967682,0.07550342069416152,-0.19743800916822765,-0.19470480057965597,0.07476140747243855,-0.19769971406099365,-0.17251318254469025,2.277395181342305,0.3053270390706417
1815,0.6715863360323043,-0.8562707323940663,-0.8285516007162966,0.6703692508090944,-0.8594383485121241,-0.8232938500857072,1.179557530896333,0.5714955490978727,-1.2020586448490844,-1.1627808438606415,0.577167675015539,-1.2003415391510865,-1.1620248497138588,1.0858284129284836,3.2589011718575143
1816,0.6245814785817745,0.30071311227070074,0.289161497059418,0.6280671558866843,0.29958450944362414,0.2931983903461902,2.612813604808936,0.2917358196973925,-0.12022799503803683,-0.11538353816446202,0.28380524150575454,-0.12216833202216927,-0.11358843990306196,2.517977369204166,1.3401142347407529
1817,1.7983128029153124,1.0567838023776723,1.0387591317330358,1.8091666148628291,1.0610327864405344,1.0412073666144743,0.9679170541631542,1.4059088818750505,0.6000240616364569,0.5908649718838614,1.406841093932554,0.6056323407796056,0.5782127466755721,0.9465503843846761,2.616249362816367
1818,1.9924158245097328,1.4232128373854287,1.3811862461262898,1.9901928748191404,1.4307428187423237,1.3737528241895876,0.6566996358387139,2.1941846777485132,1.5244677929813575,1.4768841984867258,2.18577146591392,1.532261567467634,1.4723362380849712,0.30521725604291516,2.5437650607977336
1819,1.0751641603343565,0.9961587631746667,0.9622118267232569,1.0793216377702144,0.9956576839007257,0.9608441669301472,2.380100009499839,1.348481797578875,1.2597149723685652,1.2185747590027323,1.3504732789529854,1.2582028440792252,1.215793144070405,1.883182161423113,0.5489528171700583
1820,0.5191443116717798,0.2056152405939977,0.19909786288185694,0.5198781061128582,0.19189325565278084,0.1949790565554539,1.6496003349919004,1.1797082963400252,1.0271447947577972,0.9925436234356448,1.1847425247065242,1.029493364916721,0.9800915973365854,0.610601811673966,0.5508936220245939
1821,0.7450460046056158,0.23204346950630442,0.228323233268478,0.7466267193218032,0.23292607785061073,0.22793640727784859,1.8161102996505425,0.7219359823632184,0.052180460139342584,0.05127875762882012,0.7087271115795887,0.048725055014833485,0.06086900140002567,1.3616883384851304,0.8520361354370627
1822,0.665182920227935,-1.8296748348708436,-1.7844737965689115,0.6694692232484726,-1.8258467350566523,-1.7876330546033463,2.097471746536078,1.015231253160981,-1.7030432477804902,-1.66270909450933,1.014600630472813,-1.6974340011040112,-1.6659321978714334,1.3543208823559334,2.226088620155453
1823,-0.7925528655610222,-0.7589623548803791,-0.7386379051970147,-0.7817293806481247,-0.7703693340853347,-0.7461772666712352,2.59736212247164,-0.5545462786513956,-0.3431618041315701,-0.33482104987295574,-0.5809902687330083,-0.3222468682230341,-0.34318735858901356,2.2035840847805295,-0.451390906562979
1824,4.142484936006185,1.6092902253923127,1.5789602310774586,4.141561656182479,1.6142316116768034,1.579922896917027,-1.2205351925026764,4.026933821742923,1.1762070925103238,1.1531822666164924,4.019924202653572,1.1610831352728186,1.1643066421242492,-1.4504495558788448,4.15450419027062
1825,0.7367389347553542,-0.8481296750862716,-0.8280734520348854,0.7446466503376478,-0.8455962485096364,-0.818759246455375,1.5439107243348391,0.8771487936591894,-0.8615633656725448,-0.8400118260559519,0.8931977865148307,-0.8673582070224849,-0.850333332400718,1.2328541669437847,2.2160271156502134
1826,0.5266753515836662,-0.8328189964413358,-0.8109250850314549,0.5252809655480849,-0.8364183490896556,-0.8110233017257116,1.7914800515747469,0.47633621876171817,-1.4226468426408725,-1.387817539126295,0.4750919611808339,-1.4150647176469602,-1.3761020196721774,1.4724091107582054,2.021754980038487
1827,-0.7375389906274682,-1.4254664636891625,-1.4066107265777443,-0.7235216376019995,-1.423214130605736,-1.4124788777524568,3.550568649905397,-0.5582966946788426,-1.3613565128205944,-1.340491955280944,-0.5647208156730082,-1.380701975509185,-1.3411235892280586,2.8607829820843484,0.8848251915026805
1828,0.7655558356769483,-1.4579224424257153,-1.4252345165434364,0.7644981875673886,-1.4643010410070976,-1.4421977278493898,2.0105531090301025,0.9899456390700325,-1.3843383348232698,-1.3511117487046476,0.9807604995268117,-1.3944940240535304,-1.3445670484920453,1.482916803656099,2.208175869686621
1829,1.368346849858162,0.6582912654492832,0.643699982175099,1.3685819304233051,0.6519456717270407,0.6514068661105666,0.9144999383562249,1.111725425365179,0.2643081887428306,0.2578559430472969,1.1127890045644344,0.27407868968881954,0.2566858418705157,0.6945390579826596,1.706819521831002
1830,0.8856386595576154,0.9547873954876352,0.9354391744274551,0.8838233273370462,0.9576076670492074,0.9334412151251089,2.0009065384270865,1.1119291633045612,1.2077775425040436,1.1806598405540805,1.1175469715169162,1.21439677669994,1.1859300315251264,1.2490678333451388,-0.7015540872820133
1831,0.955436198481307,-0.635700284935941,-0.6346275388582047,0.9399110380908956,-0.617959222480901,-0.637062220026692,1.5501984531707749,1.3368087719979105,-0.4450066184838011,-0.44289485874832346,1.3299609982265974,-0.4241029220640983,-0.4271699366993683,0.9458227184146198,2.332540933131241
1832,0.3707824826221737,0.34335364584491695,0.3329662123977455,0.3759910082979437,0.34240039274054884,0.33028518223067554,1.902201108180465,-0.15247762773784412,-0.19984605378860099,-0.1941772773273803,-0.1472446407203409,-0.18683765675347017,-0.19913187551076933,1.9812967638872658,0.07148447744731527
1833,-0.04438435311041439,-0.24249781608853033,-0.23838791399756554,-0.049732441077245094,-0.2672913696055474,-0.24295877404625604,2.1569847779850346,-0.6897870540272414,-1.256394535800269,-1.2285704882318529,-0.6852225224778423,-1.2608191497549053,-1.2110501558654234,2.0616313136962656,0.5439762354961877
1834,0.22018354506622725,-2.3877658581596175,-2.3306389168317287,0.20933779038337022,-2.3905303679393386,-2.3283331568268606,2.5208937373708435,0.7436336311692239,-1.860375122677694,-1.8115391246244164,0.7482738664975093,-1.852391015207582,-1.803771581432152,1.785525270069108,2.0979416868272986
1835,0.044096326753131486,-1.8358281063218134,-1.798562192782021,0.05047678556236761,-1.8403886450974287,-1.7684214610138111,1.8693106430060982,0.28989200910009627,-1.9607441008010809,-1.9247727692635574,0.2920472998063131,-1.9634383602878838,-1.9111276033644273,1.2834514593146846,1.806389548491527
1836,1.2013315672592488,0.038669850249138604,0.037844092219299984,1.200883808777685,0.0355302542842069,0.03646324714453516,2.0420936804706042,1.331491428848033,0.08234607088988459,0.08057114951326301,1.3337384877100495,0.07548925379900806,0.09417878079044348,1.320018194163571,2.142475041206189
1837,1.3778413468124324,0.7531217793616141,0.7366167368563512,1.3710602221243398,0.7528040556691753,0.7280884731095003,2.197213668661485,1.3221900389561887,0.5585543177733903,0.5464752738564552,1.3301620320832155,0.5634021263248189,0.5416136709147472,1.5760072134013252,1.777500517807328
1838,-0.9299929214326554,-2.3367243888302496,-2.2744371977153217,-0.9318689514965762,-2.3328543509589905,-2.282981657461536,2.773852304515044,-0.6251957209052668,-2.1634044022637244,-2.1055857603882533,-0.6248189314677692,-2.1702925421850616,-2.092786252755538,2.2658786144107173,1.5740509794155566
1839,1.5063545008604362,1.4182760199555415,1.3705388708089676,1.5101822867177237,1.4237616514172964,1.3734816518861241,1.007411807609532,1.04331605358184,0.9914604111288423,0.956360202490035,1.0534328317800001,0.9947116548975425,0.9515485315637623,1.0934075501837142,-0.10112677415031356
1840,1.3090448061413664,-0.05863731477456324,-0.05723044945661181,1.3041942202948462,-0.04930053727316021,-0.053780782564274425,1.1998373250148755,1.1679266636566803,-0.43946786985973324,-0.42925019763024935,1.1750558756857923,-0.42824945539337683,-0.4415187597765676,1.0524496217176038,1.564172953375456
1841,-0.8995913857405098,-0.5984185081662475,-0.5808471508611901,-0.8978283548680518,-0.6060881128224067,-0.5814026915388407,2.680512669530784,-0.8602341179362547,-0.5795655892068072,-0.5623067074666062,-0.8576715414514727,-0.5831855036263244,-0.5590849402418389,2.4296188382019928,-1.1587976032161675
1842,-0.9374458838500712,-0.020652487019664066,-0.020317735198311374,-0.9325109052693389,-0.013220673168181775,-0.014147826477168779,3.3490064516841014,-0.8589477359783505,0.09313374505614867,0.09186679299813137,-0.8499524421664931,0.09419368466983959,0.06986644083847407,2.9471450556638663,-0.8290478491097176
1843,3.613442811368809,0.3581060711321856,0.3489964064583671,3.611517207222381,0.3582526154391349,0.3407053680925452,-1.0757453926975753,3.706203437210387,0.22729838147871043,0.2211971071404201,3.706547110171124,0.23168930516756722,0.20391966013173624,-1.342947388237886,4.239506770846062
1844,-0.623973689234553,-0.4322202150372437,-0.42848980021200117,-0.6268286645606373,-0.43472651032180054,-0.4243025588031051,3.3703203979571192,-0.5067143348434386,-0.3035152539237101,-0.3002929053023118,-0.5054838446583378,-0.302866656662751,-0.2957808831484574,3.049099572015308,-1.6678520526171838
1845,-0.031745377082091505,-0.5252005914868747,-0.5195788695342182,-0.02820086941212832,-0.5289440294118724,-0.5145115484590598,2.071947911981736,-0.038603653776245195,-0.939616530490897,-0.9262274839346277,-0.021734236187685843,-0.9520267652440634,-0.9317968416996003,1.762538212057808,0.7971587137701093
1846,-1.4522898434584988,-1.6007246367070262,-1.5691090239146896,-1.4457033987184593,-1.613112702843031,-1.5680009911688035,3.290580932635786,-1.1829508954841086,-1.265353157321164,-1.238919870736807,-1.1730560724352794,-1.269314923080575,-1.2476938969016862,2.819220952325333,-0.6788311716985403
1847,1.7810307262949243,1.3404813129710946,1.3081529019048999,1.7810987643063796,1.3333070593802183,1.2948546665472183,1.713151686398233,1.3981521384639102,0.8794949295708178,0.8623008336237525,1.4028138417723837,0.883942136354764,0.8626987638051387,1.7606227851450802,1.0562267905827032
1848,-1.1221153186073218,-0.8523570211872624,-0.8351478324907644,-1.124113759537333,-0.8374636605790023,-0.8462255023592993,3.386198371668255,-1.1881422031870088,-0.7880965328811285,-0.7771005435861096,-1.172244369248804,-0.7722213343996096,-0.7755829244848275,2.9233900088041493,-1.1078044520911137
1849,-0.752674571192422,-0.5700308997481542,-0.5581710582359769,-0.7613678866405195,-0.5784792487827641,-0.5480956309714066,2.546508849509115,-0.812573940810238,-0.5795034415527359,-0.5683392849017334,-0.7989028504584259,-0.5766103169503247,-0.5609492015285197,2.4595731813725004,-1.471109169017642
1850,0.4005631091589884,0.2180201352683269,0.21341452938243002,0.40697495137720663,0.2267330135307484,0.22098558941802354,1.9830926897992667,0.17061340045693899,-0.06861222601283486,-0.06719865015287058,0.15503311207486037,-0.09561435077367171,-0.0589415333771601,1.6293600450979495,0.16450652722413694
1851,1.181685371505329,0.15299833759800285,0.14952751150711366,1.1780255618939492,0.15009964827872957,0.14766182826445753,1.5510468962067148,1.2211045586754277,0.24024664079924107,0.2339920692438071,1.2223402594245352,0.2453237701539424,0.23768902890342988,1.2026157281779695,1.193021555904996
1852,-0.2868844080044487,-1.5664211507488741,-1.5362569367126275,-0.27087912593732205,-1.5717991853175082,-1.5268289998365163,2.4283608010038145,-0.10105676588537255,-1.7456374354621023,-1.7108634363829263,-0.10924522626906429,-1.7370249292681417,-1.6963736981111515,1.9570267413490605,2.206190430777872
1853,-0.6785552198087754,-0.6184783140988935,-0.6072899116445197,-0.6782778206578631,-0.6058439837475622,-0.6047414811306125,3.112449358658581,-0.531521812949379,-0.5008246127375131,-0.4916460107084287,-0.5344646061243931,-0.5086288862783281,-0.486538472057651,2.7150741383429646,-0.526927135136264
1854,0.8924127176565484,0.8281881368589192,0.8028844789909271,0.889293204496444,0.8268972126855929,0.7999763399407944,2.301271625643008,1.0290851385893884,1.013930832183134,0.9851456333434576,1.0276395843141035,1.0119475511133766,0.9805825356214499,1.9228701438603715,0.15847903343399122
1855,-0.389364072556721,-0.8490585854728453,-0.823753839279613,-0.38956058198309984,-0.8493155075972437,-0.8186982520702052,2.9811697787080393,-0.24480737994705332,-0.7247981674908217,-0.7020239852669646,-0.24091316313370892,-0.7107374262480372,-0.6963979963400804,2.549686870203027,0.22569381701693633
1856,-1.7382107558944644,-2.074589291406628,-2.0117240155497047,-1.7432474886362819,-2.0840623766613398,-2.0206458470434585,3.163368304745959,-2.431047080953145,-2.956710438771557,-2.868102303746619,-2.4481828845962172,-2.9683622280443966,-2.870653173153575,3.509437265947063,0.13061759565899564
1857,0.8293220805662933,-0.24822117830751794,-0.24235665616212584,0.8324255276447559,-0.25861847382749464,-0.23857427369282208,2.8506362890240027,0.8695365591956,-0.23208067771482502,-0.22652795616693702,0.8706183535096773,-0.22988760080535767,-0.2258461635791019,2.519632197544098,1.2533821190386885
1858,0.5913575236017772,-0.1555579016059326,-0.15224085100929666,0.5873052424062728,-0.16513952612842983,-0.14296095861541327,1.8918875185181676,0.5458082484010152,-0.23524663292656847,-0.22968026746055953,0.5484972764173462,-0.22878506403826257,-0.2233612467572579,1.575899535231929,1.2142680807499993
1859,0.041316367735464155,0.39695895775060136,0.39246775941401235,0.023223651708273545,0.40271732362596974,0.416128028212507,2.213836341708016,-0.35417259451707056,0.12901992665793327,0.12727300646773565,-0.35039284418325506,0.11353692666005413,0.14051351501825113,1.9519452985766348,-0.8385084594413397
1860,0.9406317074825262,0.10406380399028702,0.10158660023427875,0.9276386503435907,0.09338433171409644,0.09834219399979396,1.0403168336037334,1.0787986359467987,0.16809891953798395,0.16384857348922388,1.0689833040962127,0.1687440874245576,0.16028516155585792,0.7519242207620307,2.24725591558094
1861,0.8573267149915128,0.59804440363039,0.5731571798995704,0.8561829610245074,0.5995925085122481,0.564206640776351,2.343617935054032,0.2390526865993003,-0.19287926108854547,-0.18673403108454503,0.22425272061158585,-0.20771289046193406,-0.19977276779043296,2.0637156079394163,0.838200241889688
1862,0.8916994848252411,1.2591411263344696,1.2197959194761798,0.8899166807153912,1.2600638149558645,1.2313906752334605,1.7225501471180504,0.4822705374614998,0.8312023262821752,0.8067381950134548,0.4844033256383762,0.8158585031488435,0.8138400833670782,1.373547801459183,-0.5419283382765905
1863,-0.17196511455453106,0.05375508819976785,0.05296490137471177,-0.1766749114787538,0.038788742147050456,0.049812120870691055,2.8692343460337804,-0.09446558282351869,0.18013361151461685,0.17732799528609317,-0.08944882185059927,0.17247362740236777,0.1615632365404483,2.219478042438506,-1.9500888651957642
1864,0.6789905559181332,-1.4054413406897375,-1.3891333678508273,0.6804643584959996,-1.4128089015634357,-1.3846778045942882,1.9333822653329797,1.034376007405903,-1.9868056627579873,-1.957733470671159,1.0516593835612853,-2.0052582572573012,-1.9425853280322305,0.9454311539250299,2.857881532642984
1865,1.3887095139277876,0.7571929404710745,0.7433831973071684,1.3859753633696423,0.7593196734197077,0.7457558675923527,2.328164305691891,1.556151756595077,0.8673242930140113,0.8515040631612762,1.5595019271603576,0.8672066743609399,0.8510106322815612,2.185724465497027,2.399559490133472
1866,1.2655073298778539,0.7276152906627157,0.7068825648064094,1.2678870855935847,0.7265617722086132,0.7160766348192773,0.7758959154974167,1.128155859499655,0.40400498335461055,0.3915219707077763,1.1275417110773833,0.4227888616150098,0.38166116409865364,0.34101787499783526,1.4164513977177284
1867,-2.2649967873405235,-0.9855156500533061,-0.9660926310980555,-2.2785407392660484,-0.9912072045014321,-0.9487378696035893,3.844848582647637,-2.449598904181119,-1.02336063442555,-1.0019246157638373,-2.4404931117124766,-1.0039247660221897,-1.0081618687349165,3.7286799133725443,-2.425606381266561
1868,-0.945058438119015,-1.77822034096163,-1.7439365847420392,-0.9519132861065962,-1.7764502808054476,-1.749395550413037,3.0614077975202814,-0.7599015838092139,-1.8648572970364223,-1.8257191965572088,-0.7547185257938018,-1.8727836158532951,-1.8268548800823234,2.5481936079185235,1.9565727404208957
1869,0.5852593069611726,0.7186293308436388,0.6985464431805417,0.5851796877606272,0.7238668193547837,0.6916006217709147,1.626621173049701,0.7878040955798749,0.9493432935726311,0.919297113088007,0.7955216373422965,0.945744567497384,0.9219356009712026,1.1892204810682663,-0.5652511637865767
1870,2.4698329822769547,0.7761635061312917,0.7648004451105148,2.4681178651227826,0.7744441190125066,0.7675381869097704,-0.0606688116385646,3.0602624804260405,1.4108051886479316,1.3912802320067577,3.0680928931368885,1.4107157863956132,1.3917778204419706,-0.8996735140776809,3.1426900451298994
1871,-1.116779804653751,-2.056709764939877,-2.00110619644278,-1.1140329699049467,-2.0545925978441795,-2.0029962416967764,2.8923652280422347,-0.5952571187036626,-1.4535188591358568,-1.4129093432992081,-0.5762136685482991,-1.4447666453018326,-1.4167787287537892,2.180361876257223,0.5885859151777317
1872,0.7554402590196951,0.11597139055707786,0.11371105745713982,0.7490738252894623,0.09723363528412092,0.1062813313419369,2.268444693720681,0.6480340313040507,-0.1259780815847313,-0.1236080892439779,0.6591480753785747,-0.10384757145025975,-0.1015304762427795,2.01501124630051,1.2918569405959217
1873,0.40495001634919225,0.25903442242870817,0.2531288797217099,0.3978470040156113,0.2592620135409609,0.23903122106870744,2.3909984590204614,0.03538209498520984,-0.15659190117277802,-0.1526870370634536,0.03598784589394206,-0.1710813660959237,-0.14724204823936213,2.395218266906093,-0.17024098055531794
1874,0.1763200019842423,0.1915917600138044,0.1868001986837379,0.17845812628655558,0.20142651723818186,0.1934701313843798,2.769954414507304,0.02056998142064891,0.07615477617044654,0.0743599215304108,0.016391859649362902,0.09304919887749845,0.07120068658275058,2.7687516507006866,-0.7912600394334238
1875,0.059320636300427804,-0.7688766107504557,-0.7484501250148741,0.054591331260577025,-0.7634023324119887,-0.7459892825600607,2.1322803663965537,0.11817335421578351,-0.7982212046051073,-0.7739437829792267,0.11207048109471736,-0.7929102089436706,-0.7781301741674773,1.8438991499219433,2.1793551602598886
1876,2.819612798634605,1.0146090630016364,0.983795276934408,2.817468254472925,1.023474544030194,0.9865021356435792,-0.03310485774205328,3.1583233867300415,1.2784506251522596,1.24080533405167,3.157017334103802,1.275162380532518,1.2435344957566083,-0.49370472565809964,3.5500109620162124
1877,1.0971671673941614,1.208458540740499,1.1931845297031405,1.0962698837545257,1.2112052237119981,1.1814384422960509,1.3830797824684806,1.075063963695143,1.2572186260334208,1.2401842882108884,1.0660279952210407,1.2573381830129127,1.2351135906085349,0.767843165954552,-0.5259345546339638
1878,2.8737491740246703,0.6281234569007919,0.6165756937400428,2.869115413733309,0.6332219403204095,0.6011712644269629,0.6112506814596432,2.9740137713911876,0.5672409657496233,0.5559341117366158,2.96953423184602,0.5625274721693558,0.5579081961732464,0.1581485334455135,3.6481680047376828
1879,1.2738039859780317,1.4181071972041261,1.3819567505501247,1.281674123503494,1.4049839969580775,1.3741932145737994,1.737789018531363,1.2491255474650236,1.4129825292872604,1.3801038302442465,1.24967318637236,1.4099486945929744,1.3737921756598903,1.4569740873461423,-0.23630858262166912
1880,0.016452319832585268,-0.45748965450533313,-0.4467325482166881,0.013211230228592987,-0.46087890023182104,-0.44582800525094474,1.7588343699731928,-0.13013614090501968,-0.676128533053372,-0.6599405100708485,-0.1316910344391509,-0.6775266755687059,-0.6566578182019098,1.6003539614605762,1.2088296283689028
1881,0.2192297460601368,-0.4900876332818493,-0.4833014214577016,0.2153324529009804,-0.47332233182255584,-0.47936392250751547,2.280529050176864,0.08343602275944276,-0.9245257009477513,-0.9048103491664636,0.08636818901584992,-0.9378868333747392,-0.9262353305584113,1.6674297272048566,0.6991390109118358
1882,1.674428738931134,-0.7126748648922039,-0.6917471492465304,1.672648633980388,-0.7198952968422937,-0.7026858660373312,0.6105440264798067,2.2477184308123372,-0.2103239459074225,-0.20420343196006782,2.2498254940039937,-0.2218560620474341,-0.19856788618032564,-0.22669051146816152,3.1619376697695856
1883,-1.2757509723671987,-1.9521104987584021,-1.8862047108523605,-1.2750637587526223,-1.957958928188493,-1.8984171746507015,2.874487694487375,-0.8982159164234585,-1.6906075701992216,-1.6360454496723895,-0.9065386452890943,-1.6885993018671557,-1.6524928418338076,2.5258377407167276,1.0872476128291029
1884,1.0511137682166884,0.42967187454784905,0.42071468833950443,1.0563982209342542,0.43790152249315023,0.41563452557513125,1.002326747370162,1.3218498701113726,0.7178246404950632,0.7025092610796506,1.3251909893097449,0.7067929891773319,0.6921626967063547,0.43249253203839866,1.1371602556449203
1885,1.0424314273296922,0.07687088763528767,0.07499897410031782,1.0421216470623051,0.07423967377335469,0.07334440180293801,0.8255124131025644,0.733044091308242,-0.5999934968513091,-0.5837210459913091,0.7296280266678402,-0.5900797282097903,-0.597622737397659,0.8682553554934948,1.886307068104431
1886,0.7440618364173376,-0.5628703655115738,-0.5485424873684958,0.7464313463136977,-0.5563215576113963,-0.5550860040760454,1.9641287943900814,0.870269380599603,-0.5383641305602622,-0.524424705307832,0.8704972432140056,-0.5406973086778102,-0.5178428578206082,1.5475475927952012,1.3863310614328495
1887,1.2792695935491463,-0.3322662330132639,-0.32619726041642766,1.2742518227967001,-0.3314109755331269,-0.3263309922732637,1.6992988500455963,1.3572276225908115,-0.4368062672219118,-0.43005194149000403,1.3593423340267228,-0.42203814824602714,-0.4166878988978646,1.1464417277631258,2.2615296924449337
1888,1.5391914496377037,1.79173322564994,1.7621874101168475,1.5545793379858819,1.8005277283209717,1.7647210669414266,2.005246622395458,1.7912900312794124,2.06882128677558,2.036217001454325,1.7935008541299648,2.053885750708665,2.041880141684863,1.7250610872047214,-0.49691608627722395
1889,1.8638112910090139,0.5469499069009613,0.5385956024282968,1.8619421017254083,0.5447861398273397,0.5369051206082949,1.0316531579924686,2.070109866439614,0.5409734107899752,0.5321319532297981,2.047381902904905,0.5448943705003085,0.5305781153269782,0.15263186655321187,2.2438194353881524
1890,0.8969748616023129,-0.6168826386328986,-0.605365051341198,0.9036895282981342,-0.605343220220694,-0.619496346661076,1.6946323940033776,1.2107436915640077,-0.22221391890519865,-0.21762755851062782,1.212838609401879,-0.2194082120033711,-0.2236892896397641,1.0551597896053777,1.7310916818129538
1891,1.0224826558958504,-1.7202196680231872,-1.67703564094396,1.0070740549062172,-1.7433843981395984,-1.6884910270135074,2.027364890343868,1.3311015555365147,-1.527527599632894,-1.4879546894030276,1.3318639708731455,-1.507180105806638,-1.4951478210508788,1.3593725872874483,2.7895411198697926
1892,0.5195583606928502,-0.7498082178891837,-0.7257426198183446,0.5218606767152445,-0.7427039696013378,-0.7252981552408967,2.0631597688057983,0.3191506416490402,-1.4103576297756673,-1.3622190177990159,0.31500427111254853,-1.4079045196376345,-1.3543382229618135,2.168033590664141,2.06366962335444
1893,-0.09987378346091222,-0.806485797499419,-0.7878430811336139,-0.1038975903779648,-0.8266081519533532,-0.7889109861432189,2.224729746773699,-0.09996451191400053,-0.9888531307311882,-0.9638506444297319,-0.11038935350164218,-1.0075614178680061,-0.9783004950834241,1.8175939900253122,0.7108347794495936
1894,-0.17532574213816057,-2.4223109065996145,-2.399255461719598,-0.183786222218375,-2.412033742364072,-2.40481087194382,2.7041271234444872,0.28182530569764486,-2.599432873376565,-2.5771054051495197,0.29628119809831727,-2.627130431265175,-2.5809917091894623,1.9646705141972656,1.9086964748270996
1895,2.3460084550478073,0.006235035665916487,0.006042795168299178,2.335892341109787,0.007407667606865711,-0.0008575086626484852,0.71346737160583,2.852863324023901,0.21154654011818125,0.2057401301080095,2.853645109096068,0.22090663054032675,0.2080501853181752,-0.23534173943327555,3.985929427693569
1896,0.9393387659362911,-0.022044768676661743,-0.02179022450381753,0.9730948313638469,-0.016448938032414605,-0.005903773717880821,2.255722095760464,0.9227073635170228,-0.16403169809927556,-0.16112445490808772,0.9299505952987644,-0.1666315453533566,-0.18402961864274456,1.694958820822236,1.1040971840688893
1897,0.8953077786831414,0.03160073454579341,0.03103958228294132,0.8972464124840971,0.032380012626300025,0.026627953056485062,1.4418199727225072,1.0070308887359896,0.001233446983721988,0.0012121718076843109,1.0079080528092048,0.01268096150128624,-0.006338080098643261,1.1470567781834375,2.4833648314346815
1898,1.2973181268028464,-0.70820685454215,-0.6944241181639341,1.293607465672831,-0.7035369491246466,-0.6989144644712248,1.9862426096987518,1.5674690343234687,-0.4448343125738949,-0.4359445505502452,1.5678130541996438,-0.45146122948237843,-0.4407531006523811,1.3427208203520906,2.0559501284589863
1899,1.9592051567755833,0.7952244900310265,0.7773361270899632,1.953301863434569,0.7931253339197282,0.783760576780291,1.0770425796513923,2.218843596783415,0.8287824355164888,0.8101303020376283,2.2193722865808394,0.830875442234551,0.8171585670171935,0.6378051793309711,3.436849468733409
1900,1.8934290436711838,-1.4218869836955434,-1.3954183539183351,1.8963572105271216,-1.4305165332350207,-1.4070389552691163,0.6412825158105522,2.2419847771485917,-1.1202002607143766,-1.0993133504504211,2.242721809591928,-1.1132394747057563,-1.105115222149855,0.05657868041196381,3.2115351778321783
1901,0.41513175697290483,-0.9377274993445702,-0.9111147919537235,0.4155378146739487,-0.9341775312678281,-0.9085049978980804,2.6313088874963064,0.5044204173115555,-1.1075948682869854,-1.0798378781080842,0.5097705194867082,-1.0986913402357663,-1.0912327106372854,2.4884975146999206,0.9239383698995239
1902,0.2860253945989128,-1.518350227413022,-1.4718514891063161,0.28271754654358294,-1.5281211780583026,-1.4774021044289336,2.939864080950734,0.6128723508253549,-1.3857348681120456,-1.341291606727306,0.6167114380802792,-1.3897276254867643,-1.3393987776149556,2.503956892218534,2.085418844784941
1903,0.930991759246901,-1.6391749709977985,-1.5926777988278613,0.934542305744638,-1.6416739314007225,-1.5950265741409728,1.9202719942646294,1.2038375826451935,-1.4465274745062182,-1.4037934292848895,1.2079856217131415,-1.4398794158381214,-1.4038698101127902,1.2947620397139727,2.5684306868768965
1904,0.9384416865264702,1.0890995503331766,1.07310654280086,0.9408437894190136,1.0909532497389383,1.0920119477289854,1.7689103101264387,1.3275024074101116,1.530533946967306,1.5065222148238169,1.324380510385934,1.5447902783684753,1.504367396044536,1.3732825852146076,-0.9301523602258289
1905,0.5747919415979432,-0.10357737555956088,-0.10142733222672688,0.5811466496213473,-0.09553668691156941,-0.1060344127937026,2.3309318141790962,0.639953644070594,-0.06095724288119537,-0.05950654051511611,0.6303631013959795,-0.06555626300007923,-0.050874190133812065,2.0533838207717245,1.5867081440429496
1906,-0.01353341406409225,-0.4108186060713905,-0.4045961297420964,-0.03406772339532675,-0.4223038220398392,-0.4260899871315402,2.4943911638364846,-0.1965140123336221,-0.8808361207396621,-0.8575959528276247,-0.19877224899730933,-0.9022559732665705,-0.8668441367335179,2.0966626508928967,0.22995628884183084
1907,-1.094258397914119,-1.6369379564105278,-1.5973147109085017,-1.1017702489202579,-1.6294684927592427,-1.5958612702771398,3.0693802108645327,-0.733380898271245,-1.314822668295894,-1.2817846592784257,-0.7418416029198374,-1.316957249368767,-1.2790509082874548,2.3724565087693748,0.5621637861452546
1908,-1.7461249460856543,-2.146040145142022,-2.0808286497240793,-1.744981980840839,-2.1557504103791594,-2.0736945966990397,3.9447816923699905,-1.4259527749158394,-1.8881277139681465,-1.8332574448186705,-1.4205370457685016,-1.8786475453368425,-1.8408231120401635,3.3412385339794803,0.29635324730460266
1909,0.4215396854704666,0.4127806086782485,0.40124184322087736,0.42421412700464745,0.41855765442907467,0.3906813805113527,1.89763373205999,0.378641319371363,0.3406632822515348,0.33131009050798366,0.3808677734595742,0.34471671605771637,0.3297011914267956,1.4827695515573083,0.09782445402748824
1910,1.653892979529978,0.5955815478273496,0.5849487278115326,1.653490720321137,0.6008129794417008,0.5880715111799878,1.1797861899569548,1.8533052618136376,0.7314975604082823,0.7171688024390853,1.8478665890543593,0.7254509935716805,0.7210163769912517,0.7788331258841679,2.2099172225974177
1911,2.902321621070068,0.5644511405376109,0.5524484444652151,2.905559603426896,0.5667516218421038,0.561068704663149,-0.4743600008432109,3.1478882440616682,0.6143795598783391,0.6019858955644513,3.1510968739189056,0.6176480330062502,0.5943286095233431,-0.963079174733102,3.667616220725287
1912,-0.784549738817031,-0.8000466100947148,-0.7883273664583486,-0.7991235340944611,-0.8026977538588482,-0.7876862316723667,2.653898774624233,-0.7433177435834184,-0.7582063628195468,-0.747009699527051,-0.7397619454381251,-0.7560450766263741,-0.7535631449747524,2.7690227848052285,-0.10425546296440254
1913,1.4162029587562917,-0.414763443052848,-0.4055969077540705,1.4131712818276216,-0.4370018692694539,-0.40565685776191557,1.68268860039199,1.650321577617636,-0.3111039047881034,-0.30402499060469607,1.6534801501581462,-0.301074533913012,-0.3251415359673836,1.0649597096157442,2.2257270346485774
1914,-2.448227234820872,-1.1788625338895056,-1.15784310587647,-2.4409698275257425,-1.1770185455266,-1.150850440769616,4.300486262673376,-2.21481532175979,-0.6195325013607885,-0.6109563115069632,-2.2065876240215103,-0.6101790206513116,-0.613621612976314,3.849616663314998,-1.891255767270839
1915,0.35562848306945644,1.427250410107242,1.391977736601801,0.3616566145280943,1.4167898305102937,1.389494252055867,2.194270297558415,0.40012831975297064,1.6753012377450087,1.6341644737768324,0.3966070932147151,1.6815531694730188,1.6366985228977315,1.9488180383747997,-2.5194113434198617
1916,1.762001206771207,0.7288517935396255,0.7078300804133936,1.7615736764390002,0.7221456211792302,0.7149360543827232,1.628719907998927,2.019102402196354,0.9121677369404625,0.8848453452537258,2.028733941169184,0.9122763222262006,0.9001700988668261,0.8186330888613961,1.7890381383214242
1917,1.4832661271492824,1.2518606123443206,1.2264838694497648,1.4863004562866244,1.2522729419883305,1.2288343374543385,1.7316303872475367,1.0329838373173095,0.8139526137847278,0.7971552531795973,1.0327849187403515,0.8153052086365286,0.7905713824881707,1.5147007898865128,1.232691766497862
1918,-0.23875045056289518,-0.48587279965349794,-0.4757149123743726,-0.24078838289834623,-0.49360751875925357,-0.4641071652447538,2.603884227993897,-0.021820618575523195,-0.22624181675564053,-0.22133722216909063,-0.027346775322757623,-0.22659963724651647,-0.23698513935404408,2.2380343479886737,0.018938527714602738
1919,1.2743269010003844,1.7246682756968887,1.6925827145919174,1.276643641270585,1.7312593173915691,1.6941868492263912,1.7237210714702618,1.1760997716039001,1.7026321040442705,1.6746640534570245,1.1731427454649104,1.7219275952151294,1.6783272868569412,1.615508738315466,-0.31189778990979516
1920,1.0568624942639258,0.09663349226081305,0.09452071527203776,1.045667991961177,0.10036834658271325,0.09725734674939274,1.7280119353260808,0.20985262326843207,-0.9707688440082762,-0.9394715516726133,0.21113019169375943,-0.9656814121397248,-0.9311434329964154,1.5387921374309597,1.1830140100172537
1921,-0.1254107364553658,-0.7315574983273259,-0.7203088590357929,-0.10497559877187242,-0.7321756910825292,-0.7162005877341646,2.380359276323153,0.10564764703952643,-0.4661158099524706,-0.45973634996512425,0.11356606421600889,-0.43310440632129343,-0.4358039116448794,2.010700095965485,0.06442788899117463
1922,0.7153496460949299,-0.3427682382532463,-0.3379677940385052,0.7141505781929159,-0.34500702713524517,-0.3261404846007789,1.4466837708971831,0.866920449170687,-0.35701438657107154,-0.35119482775808875,0.8569257596103025,-0.3656704330420037,-0.35521999328645215,0.9429692460591477,1.8649616345460536
1923,0.8557549235183095,1.22170229916133,1.1965547595570802,0.8605637829487301,1.211614268062439,1.1930138299976867,1.6609597759213155,0.7648644834666227,1.1257096362716694,1.104874846915415,0.7588252667883489,1.1142630738889865,1.0807504302646835,1.35416175891084,0.436047885103584
1924,1.5785139152136225,0.12774308021170588,0.12492389825767504,1.5773398098585545,0.13511396802424164,0.13590173229972702,2.037626383563416,1.6888401585082118,0.03007162501758532,0.02934344759414086,1.689327873757161,0.02319465592865402,0.021176053856539784,1.7172003386799801,2.2775829890527035
1925,0.5001157069412231,-1.2124334773967336,-1.1718514480955078,0.48836766594948544,-1.2123843154168978,-1.174753514078064,1.2561664936876655,0.6994576139081146,-1.1878926838970956,-1.1448795819798179,0.7039528552319213,-1.1979520603684184,-1.1538915261021256,0.6869488112190987,2.543875596353229
1926,1.194333321494495,0.8234829100841808,0.799053220011225,1.1941079909913475,0.8282479294449053,0.8009000864544382,1.4032140718417565,1.5566380748225772,1.1906505858667737,1.153712183946591,1.5565185865489788,1.1990928802798289,1.148033731306232,0.7566953663343912,0.8711457410111897
1927,-0.46226045390363135,-0.5151907982809988,-0.5058147954137641,-0.4581012744883565,-0.5136089157278757,-0.5077604462486891,2.1712854979196528,-0.6285900383278391,-0.6802523272954465,-0.66704975524454,-0.6569753870710247,-0.6827886047433956,-0.6530245094399495,2.0800444421442665,-0.015449415925630518
1928,3.7493255149237745,1.2694568561172175,1.2275814158909109,3.7439897811399203,1.267661054557009,1.2233488016009488,-1.244328869263338,3.48239220021941,0.5942120798528174,0.5758628051258914,3.480924509322723,0.6021852922450095,0.5880472745103825,-1.4903885439704097,3.7832936132897155
1929,0.5720054925225038,0.3027238046414409,0.2974552008412422,0.5770650359545265,0.30199482317583237,0.2993438957117947,2.6281843607466517,0.26638998864369523,-0.0767325109710803,-0.07522121917783113,0.266909809142089,-0.07998043792757713,-0.07820007255028474,2.2731072246234043,0.7203201446700771
1930,0.6939932062953614,-0.5375209590395222,-0.5304669722431723,0.7026548114942851,-0.531837611224737,-0.5273686534638583,1.9747759381241128,0.9853248578477637,-0.46560031025062726,-0.45835337015837185,0.9832547968531294,-0.4738495291487047,-0.46682763268537086,1.1882269476143625,1.832442841121587
1931,2.1086120777988913,2.108486892557749,2.0817004065540186,2.1079930391539836,2.1065496317217995,2.077337338743467,0.40510778972275474,1.9952529640445575,2.0157322486131855,1.9909371067188957,1.995131449497879,1.9999126975528982,1.9882584408773445,0.31176044497051136,0.32765559274430045
1932,-0.6566999058748758,-1.6527814468555042,-1.6172006900760634,-0.6557579792582242,-1.6503482069216784,-1.6286031847572198,2.4257053756524405,-0.015461001140318864,-1.065191393365105,-1.0370918008974774,-0.008539136010295439,-1.0617554158733062,-1.0357749833068914,1.445818330636836,1.9078068441451956
1933,0.6935031650175421,-0.40110833288714737,-0.3951588272926175,0.6991239062208986,-0.3959044006560412,-0.40135431913779757,2.304276510674957,0.9522931333943901,-0.3064419930882489,-0.30043654321982166,0.9403672438069363,-0.3042649027133346,-0.2977176967549348,1.7798723557425142,2.166901605892641
1934,-1.5948322213473223,-1.808831364676905,-1.762433818835874,-1.5838969577643776,-1.8028623707561613,-1.7680860104258551,2.972727291520811,-1.3722733372193892,-1.6673581731805602,-1.6229350941773781,-1.375605119639094,-1.6725806077243361,-1.6219574909858971,2.487219894875446,0.34113562125488067
1935,0.7547262820229136,-0.696052772598767,-0.6870216764413071,0.7513316015804921,-0.7026987201515602,-0.6832833327125234,2.03898077036085,1.0133253082367066,-0.556039345072466,-0.5481943217534724,1.010483462214445,-0.5633140763006741,-0.5584441912818368,1.5555617367343004,2.1397268516551557
1936,1.0445722546561762,-0.5735521745272625,-0.5589744145758662,1.0462049648360476,-0.5695393671585472,-0.5562398236188372,2.01757181286606,1.5308387702460349,-0.1865287239596746,-0.18126994930930923,1.5357839133227449,-0.19187511985147712,-0.17580377513756906,1.2280113440570817,3.0413532819372473
1937,-1.6599034698261679,-1.8776244153315151,-1.8082689841622295,-1.6607667466320803,-1.8772034281080823,-1.791824426067891,3.288915722195187,-1.6684760253960988,-1.9216300518215006,-1.8499320087776832,-1.6423119910702304,-1.9347818641840562,-1.8571759354229866,3.1178594968193747,0.25516118889781203
1938,0.6177999929686341,0.3590065191334011,0.35265288948991436,0.6228063733719916,0.3493793127807556,0.35274570788816967,2.0885668795122254,0.39833465663603684,-0.05811016153658799,-0.05715666996097072,0.4113181142882385,-0.0634755199546469,-0.03877247990509973,1.9618447011571893,0.8901494573583169
1939,-2.343794948226929,-3.4906122142355214,-3.4229848925252755,-2.34175521124736,-3.5101602132041245,-3.4195282693694034,3.9591163985445124,-1.6748202569428603,-2.596201965240332,-2.540680007857057,-1.671079062866416,-2.618799749398865,-2.5192744275122005,3.081346389291109,0.652474551814966
1940,-1.6191732648982884,-1.5025890946236953,-1.4724693445259538,-1.619375386612618,-1.5078319207777213,-1.478332358331679,4.3945435450495935,-1.5987483097472612,-1.4140366753415452,-1.3829146882504795,-1.5996233265755608,-1.4046193093839356,-1.384076516802101,3.9213793959190526,-2.019040150994217
1941,2.034157701840364,0.6268732938262356,0.6148189803917544,2.0346810713184156,0.6298744009574281,0.6092247903032628,1.7221518070546196,1.9205215018804276,0.44521133551845243,0.4364160784750536,1.9249509881412494,0.44707942535451123,0.43564032314907275,1.433466685199965,2.228189472751395
1942,-0.5052625013219942,-0.5033531915394724,-0.49257076746015727,-0.5191363847527574,-0.5011613078428644,-0.4943859848647193,2.8894041524212533,-0.6692881877264122,-0.6640375467559418,-0.6487455644638757,-0.6703592264047482,-0.6720639589606933,-0.6581344508335368,2.7990021623877084,-1.3910648222727169
1943,1.5161729060757811,-0.007224048052998119,-0.007002571172712788,1.525137870819492,-0.008876155646233347,0.00037222439422410317,1.69973171366091,2.3387773402791545,0.5927900615267823,0.5754229213596044,2.340189838488689,0.5856933843492796,0.5753674245871844,0.8378743574317726,2.573957842664361
1944,0.29950454412365335,-1.6082827442373455,-1.5800589231508022,0.2973860614189681,-1.6067462923160163,-1.573655994294211,1.9711387114697652,0.7611657943569681,-1.3630473513485186,-1.3394912729813617,0.7693127196477396,-1.3655970825093056,-1.3262268059032054,1.2984504616567896,2.7250617428406003
1945,1.3528391749626516,0.8817616914654947,0.8563451132517951,1.357187271755486,0.8826632167267258,0.8589941704078501,1.0842166034472236,0.8486198121785657,0.1663078081037547,0.16161372276281963,0.8437792115974949,0.17104965374803974,0.14432099025087583,0.8132780582550077,1.6662986736767296
1946,0.44581651769156244,-0.5579578528288025,-0.5468765529434534,0.4493371754460256,-0.5493919496132769,-0.5362985378036498,3.1487341777605993,0.7847337941416883,-0.2830710615497025,-0.27780371751641925,0.777635083293256,-0.2807116012565,-0.2674417714793364,2.4864252737613994,1.4819929750064864
1947,2.6086190569255523,0.5548019043266611,0.5438604735132886,2.6041243355129247,0.5606915758795845,0.5475039389893309,-0.4329283227736231,2.558807370485316,0.1726726363469836,0.16916849701781425,2.5720067467377543,0.182019956494605,0.17649346322818224,-0.7506682970037802,3.6743517914944976
1948,-0.27938891922537956,-0.5495991964239008,-0.5376399143840672,-0.28193048983630314,-0.5460344040217342,-0.5431019065394197,2.4459737280037945,-0.17903438822813347,-0.501897186376984,-0.4904962122344292,-0.16970475325650178,-0.5070527828120941,-0.49537275129943376,2.024426958483009,0.8434822777928193
1949,0.40331309127552256,0.46381893564996124,0.45255649543027315,0.41024807370905964,0.45353910035348316,0.4506773988365023,2.117878338588451,0.4794401575122053,0.5231030467286876,0.512361828147082,0.48638381527663643,0.5312869481075971,0.5315339305405012,1.554780010536781,0.27890251313743086
1950,-0.4250435398007441,-0.7759779783361388,-0.7573469596923105,-0.43799103362583863,-0.7755854860014588,-0.7530293001858681,2.6012578249682163,-0.8839057429686499,-1.4592218158646613,-1.4331502744586728,-0.8935901967357187,-1.4572590208872307,-1.4121336713111996,2.709803703953221,1.2650255978205982
1951,1.6555117433951894,0.7169983076880931,0.699944737652461,1.6594092962325993,0.729295425787184,0.708893075036056,1.3258769612456869,1.6304026486768868,0.6487228047519172,0.6358809103420102,1.6270345566809665,0.6544344291483939,0.6419553564643053,1.0859277438981665,1.6248553301191775
1952,-1.3765489564450435,-2.459821435111543,-2.38641838151971,-1.376709473516433,-2.4746720782065137,-2.3830077386262376,3.364838135963448,-1.0227808496978927,-2.011767191407432,-1.9502148134413493,-1.0268746891457132,-2.014119057283413,-1.9274676647489715,2.8943998705418457,-0.3565792204351061
1953,-0.09497868324327577,-1.2711758082105622,-1.2452714612227143,-0.09069524924955924,-1.2575672790768602,-1.2453985674780452,1.7742391450652044,0.13337298947509255,-1.2860533880439522,-1.2558508655491563,0.12791163437478079,-1.2859716324289903,-1.2501476078429967,1.177242355811114,2.2162549037644315
1954,0.19957299613830554,-0.3858592873264437,-0.37933051007883967,0.19487007636756004,-0.39154103799314144,-0.3764364944434855,2.827711622412895,0.1714883520475156,-0.5226631662826213,-0.5145267893506985,0.17542864038064845,-0.5276953855449408,-0.5275361092785839,2.5810318517746826,0.7628819606782065
1955,0.37905438079504844,-0.23852351734263436,-0.23460984408491248,0.3818421204967941,-0.23904539638275124,-0.23861624031102802,1.53540416892128,0.1518050009843046,-0.5266559592383036,-0.5156898945077484,0.14756250477604052,-0.5282095850649515,-0.5139750657547749,1.6369908143025886,2.944154881522112
1956,-1.267284183707128,-3.254148532334249,-3.1466062959654186,-1.2749398468346969,-3.2678650410932932,-3.160510433250846,3.0446533888468306,-0.921836479923137,-3.2840808886169035,-3.183619210358465,-0.9265156948835888,-3.281033957452706,-3.1751087175621064,2.610178664206264,1.5542410195161718
1957,0.7892557052351568,-0.19823136135413932,-0.1932266018306962,0.792047970479656,-0.20311014600325303,-0.19312817757574977,1.6743433232965683,1.1083752327954397,0.0393140187519515,0.038273076285505796,1.1125918566912376,0.042040468237764625,0.041869775281760266,0.9874803944386735,1.8313746756400924
1958,-0.20180023524869956,-0.5602772544424317,-0.5489301201758618,-0.20945015838324876,-0.5595999399624206,-0.5414891070496615,1.8542317168923523,-0.2805249838212028,-0.7461718128521999,-0.7299320898040734,-0.2819510629566505,-0.7445426427775712,-0.7199839003152504,1.7424488280535395,0.9435040023964
1959,0.14539397703793766,-0.5192997006978077,-0.5112888432694936,0.14604897049127694,-0.5269610783653338,-0.5242413851620057,2.3289466507965106,0.06990903660165217,-0.7431040144217061,-0.7297947251551521,0.0698391703149974,-0.7483729752666524,-0.731424775237896,1.9854551247076024,1.1005734799225144
1960,0.49383293415517715,0.5445031509240649,0.5346348353946386,0.4961522917057407,0.5511697212142582,0.5326713549626894,2.7617466882939685,0.1738508059427093,0.2564057659083347,0.25371241038027337,0.16750537295736326,0.24927412975837698,0.2560346703112504,2.5616984926923068,-0.5960781036925186
1961,2.3271465582344484,0.9434440961428717,0.9174856080326296,2.333654385053619,0.9374387774065498,0.9173745462209696,0.930344777414637,2.149886586043936,0.5437275077238601,0.5304569811527847,2.140593376510258,0.5573741703835673,0.5330896234533387,0.6416089200996374,2.312549670037259
1962,1.7826606130864047,1.8077843179062547,1.7802690854162821,1.77278923128941,1.8125759313787209,1.805420646175073,1.177228431467882,1.5080355679675082,1.583204301719961,1.5574887886289708,1.503672526936897,1.5836988760051947,1.570635917691029,0.9289447364957187,0.20099440047896425
1963,0.3327866450440952,-0.38127008565721016,-0.3731817559725331,0.32313430499214296,-0.3736012513471005,-0.3796256852224317,2.0398086566064895,0.11625405887475268,-0.7882872545150815,-0.7713202192229703,0.1135667054805378,-0.7860334003559849,-0.7673970835718359,1.7940651091098005,1.319328595979463
1964,-1.2271128666721576,-1.1837381413169432,-1.1636878902462728,-1.2201990132921021,-1.2008126146833005,-1.1609667919992626,2.367652828708566,-1.75326447214558,-1.7789201921229723,-1.75626918023559,-1.7544934981676494,-1.7621066382103596,-1.760011541017061,2.7817582806092975,-0.7035791496089823
1965,2.6516330748933963,2.634030449016868,2.595177757212523,2.6396300896144154,2.6395178472328094,2.5859932107378962,0.19848779623396062,2.446721210022875,2.3862900921847854,2.353382850909933,2.4498131583747442,2.3837466854327904,2.351644953902234,0.08797609339260974,1.1997414904687076
1966,0.11827523862602266,0.12907151926856028,0.12581850411433065,0.11827500573430898,0.14256555048466443,0.12868872130561168,2.8097687828532116,0.25960717325192567,0.2726892344997032,0.26597338462272446,0.25197173541957896,0.2621028561501899,0.2659429980335115,2.6410716718342333,-0.6240352481243703
1967,-0.9251333047223614,-0.9420740042433392,-0.9165315063386842,-0.928676824491956,-0.9389600281469422,-0.9304533980021467,2.785617541174797,-1.118271932525443,-1.182677046494806,-1.1591411563667335,-1.1076311761413693,-1.2031863485050196,-1.160366912349279,3.02326405557692,-0.24618419041789294
1968,0.36263256084575163,-0.960360420572241,-0.9393154834888867,0.35677064951891596,-0.9665834878083043,-0.9493636802932169,1.7118425993112796,0.6339953649683264,-1.373954688428233,-1.349239717373735,0.6292182628966906,-1.368480992853281,-1.3371121392824565,1.0502386975677862,1.6335890113762557
1969,1.6309133870711074,-0.20170176920041333,-0.20205813747475326,1.6370038882745213,-0.20930229723761934,-0.19090294180148049,1.1302138703813225,1.573388987017206,-0.6301329992983469,-0.6272402711928017,1.5764721415185141,-0.6410118220466547,-0.6366563000309164,0.8297089825811553,1.71955713378231
1970,-0.7898165456352947,-0.5919888253448816,-0.5674577274046201,-0.7986141478448111,-0.5936097273313483,-0.5764513659359901,3.054996536073804,-1.004551487655053,-0.8494768250819561,-0.8126133097382559,-1.0015842754196582,-0.8506529689268292,-0.8097492194758005,2.91914313771499,0.061921888367848364
1971,-1.3806102446425084,-2.1280362888690707,-2.058528636235031,-1.3953950822187606,-2.1339834181585626,-2.0739189052615736,3.6375322798878984,-1.2938650750383953,-2.239112153002745,-2.1607095992165637,-1.3058088640594034,-2.248050658592325,-2.1441618265883227,3.2156583763945497,0.46617980881291465
1972,1.1378524582940244,-0.4149684942115231,-0.4079891027387998,1.1358434157796948,-0.40958818306650224,-0.40526651313434514,1.3806910823989003,1.4112964331774727,-0.1967458935653667,-0.19299150208409235,1.4076358773065976,-0.1924491122444653,-0.19104188201425434,0.8620413910216045,2.0164885098263015
1973,0.6317295931171133,0.7830616127100674,0.7604951797129806,0.6347826771093357,0.7876408616265624,0.7644773336082523,1.9012048528501118,0.7166507896505862,0.8605400634041579,0.834798493320804,0.715314755787212,0.856740481922613,0.8388944517320203,1.5167943166587785,-0.13020469428134437
1974,0.6753146817839336,0.8632257523400568,0.8447125072221445,0.6701279800787087,0.8564448050647041,0.854232633302455,1.7199511663862914,0.9520078150144401,1.1315304353419953,1.099480345131583,0.9601525551507347,1.1275552121997188,1.0988534565324488,1.1750463327936085,-0.465352436940154
1975,-1.2141608646850577,-0.9281239136073384,-0.8941747179377917,-1.2080015982238586,-0.9299211752811869,-0.8986578023926867,2.7844511132234393,-1.3669816253884846,-0.9953812416478723,-0.9644339477540752,-1.3663802224253407,-0.9893042422620866,-0.9685365831520211,2.9463008125289964,-2.3486299901433947
1976,4.630472387462146,2.3525680707323042,2.3097490538817373,4.63102737920997,2.3509952655597646,2.326549058870061,-1.1652715971785748,4.733870572360608,2.319131027728356,2.2716104590116712,4.73944426802009,2.310867530098122,2.2767577990099914,-1.549826565114104,3.694895041934996
1977,0.362931625239986,-0.004523662154608495,-0.0045409606860002776,0.3709579789591793,-0.0025392586749904125,-0.006574799928413179,1.9351919805110849,0.16698130429214297,-0.103863480677515,-0.10277438188725732,0.16018436855609197,-0.11307992132664985,-0.11833581108506575,2.0984673335119295,0.08361069050401637
1978,1.6256924927202168,0.2287766894121614,0.22350088691924913,1.6241788614099688,0.2326611758566263,0.22779045759744726,1.0452875804933246,1.4440637505240925,-0.3942988033404343,-0.38305315988334776,1.4407118658997593,-0.396758709146463,-0.39019441246824027,0.9317366174153006,2.8645475233333997
1979,3.2818662852066987,2.2234985720360405,2.1820645182051397,3.2832478562031637,2.226119067554857,2.1901623442327747,0.48079715876241536,3.1171554731833178,1.9788510641790427,1.9391599753126643,3.1261641548535666,1.987070503411212,1.929007204444192,0.11765319466827878,2.6961966271889093
1980,0.1761172965526809,-0.8098842094686909,-0.7938887478614531,0.16916510263260284,-0.8138937499986251,-0.7787304907547948,2.174813404978212,0.21270552831827771,-1.0267689538855334,-1.0053775727662064,0.21748009022019504,-1.0390824760848465,-1.0048593359132583,1.732466353493177,1.5379943524501183
1981,2.497500520060141,1.290043258277884,1.2625981958393901,2.500509372194418,1.2848209609835635,1.2657117644535967,-0.1400166812919809,2.343807074974754,0.935070133826588,0.914259393455897,2.336900801672795,0.931527159213524,0.9196570893584237,-0.3455301245954036,2.4041366657308436
1982,-1.9385803027800124,-1.9848429872162094,-1.9393121905021862,-1.9441791943652609,-1.994091912460153,-1.9488045400602698,3.896401416914939,-1.6683740607458295,-1.7490989223959814,-1.7047381907629666,-1.677663872701714,-1.7613539343138174,-1.7159290136082188,3.3426161726622436,-0.1501447733972537
1983,0.46731446576407787,0.22196972301997,0.21817261629075774,0.4725854274321455,0.21818047353589465,0.21602565905878093,1.3427666217957925,0.10339393259255314,-0.2463878332346499,-0.24074116315453448,0.10129937098663153,-0.25313056381625015,-0.24140477399062446,1.3666105193273312,0.6565175498454323
1984,1.8840786074217089,-1.1392862711034195,-1.1133047126099778,1.8766767587724036,-1.1412949245733288,-1.115842376134072,1.01640585189619,2.0267087427399972,-1.3484761672730783,-1.317670928548938,2.0269766695003018,-1.3640919950295596,-1.320599003306128,0.6675833607527498,2.9072998467264477
1985,-0.3024432441446359,-0.8336233981953353,-0.809967942748779,-0.29667503220178704,-0.8325331232964693,-0.8070457532583935,2.954361012410505,-0.44947256912017397,-1.1236765513811646,-1.0893957505440157,-0.4523250851616657,-1.1118391358032185,-1.0886272100216288,2.7625275072256614,1.4404458550344084
1986,-0.6029514543977732,-1.5102647114168615,-1.4905017368619975,-0.6191170185335082,-1.494871926056857,-1.4815544815285524,3.023285057299258,-0.5126315386740641,-1.594880458103957,-1.5544917705213874,-0.5110617086319729,-1.6227333345836417,-1.577665468859013,2.517357100629236,0.587878527833707
1987,1.0877279807660987,-0.7917933734193927,-0.7770857686488282,1.0857814477807748,-0.8158554705053827,-0.7772482946070544,1.8940204156729612,0.9942682437394825,-1.1920192625150192,-1.1681827607900541,1.0006891450210107,-1.200260609062111,-1.1588604677850127,1.7064390257384903,1.4742936265877538
1988,1.3795500527236269,0.9633292348764402,0.9345128960549864,1.3884688666590526,0.9706509634038014,0.9446107155754874,1.722596578717953,1.5909103627049923,1.1868000598780177,1.1511999304388096,1.586620293584215,1.184005092842816,1.1545921763002749,1.1575586186029196,1.3518861866283074
1989,0.5213757632090925,0.08986091094214343,0.08775941178580685,0.5133721697340317,0.1143443504758894,0.1017277427925396,2.4102126270606297,0.16131343369768672,-0.4064829708601684,-0.3960101884768481,0.17080069204943307,-0.4129177649722547,-0.366620000172559,2.448214406084351,-0.2697119435734122
1990,0.8391630283212839,0.17393059783402176,0.17111218140888035,0.8392099498157315,0.17755608358907593,0.17416445761617158,2.237442129078392,0.8453105367783824,0.011402228654598322,0.011190955855427143,0.8470675711854232,0.003977514498877066,0.012546682908246582,1.9459247518169331,0.6457294864659404
1991,0.35957811467895306,-0.9326800822040257,-0.9208333859108642,0.3612659366802318,-0.9254306078300949,-0.9234247418974917,2.2010171783165218,0.17555910666836613,-1.3507434392264457,-1.3262389496264448,0.17858311122027357,-1.356826414948204,-1.3244907768898895,2.260341134399657,1.722244382689354
1992,1.451291340955841,0.933361310289688,0.9176962793753247,1.4469626243478342,0.9408378099091114,0.9129893191819046,2.2106008327539586,1.2026078519057435,0.6452650015692957,0.6367060948023391,1.2086722537816506,0.6519153508810958,0.6419485282279324,2.1465926644736766,1.9773137284631261
1993,0.612886874065331,-0.3911298262221008,-0.3817519625346063,0.6102260625990281,-0.397569968395188,-0.3834589775817976,1.8288931595849562,0.7336009120450243,-0.36041795188986814,-0.3511506803687833,0.7443706556431339,-0.36067774075467274,-0.3491573685498121,1.4333329270947628,1.779061455712419
1994,1.879532873780079,0.5232829221227557,0.5091685242347733,1.8774703664598809,0.5312431226856922,0.49559791898748196,0.7371140673362736,2.098690493861729,0.5017028707340155,0.48832695865508186,2.0960676936275453,0.5096607751495118,0.489148157623521,0.1390714002250341,3.0159551182608113
1995,-0.17437325747369964,0.16480212318201864,0.15952519738441517,-0.16928348970713586,0.15601160541363543,0.15244192681755994,2.4278406076254995,0.08055723340849942,0.33086307094950845,0.320460446968585,0.07498470832207021,0.3220860053949077,0.3108364916481753,2.0074375542420304,0.3327171862377164
1996,0.36872590094852925,-0.12524460629943562,-0.1206528592961968,0.37150680260400015,-0.13408450929875954,-0.1127738587190178,1.4678229801986888,0.7963427749633714,0.27368388476704364,0.26341121862446626,0.8083663824713794,0.27982500054891585,0.25747034636344257,0.9309595627854902,1.6601627461307413
1997,0.6454332566581733,0.12169104611949022,0.1185551401872532,0.6377085286993727,0.12189836851946076,0.11370008426102846,1.3185431861769643,1.136509258876153,0.4777455971181284,0.4665090471684095,1.1432084955914195,0.47852178957298325,0.4651287708603126,0.48376743449145865,1.8550824220597053
1998,-1.3949293305122807,-1.9377939206595982,-1.8839153170658485,-1.3947985346883711,-1.9411497451901172,-1.8806751392339842,3.6869266266395697,-1.2818570331694543,-1.9471351385864049,-1.895538815900606,-1.2825849020238704,-1.9520870866264746,-1.898099487524767,3.196231202554006,0.8762737299652669
1999,1.081465919261835,0.1941192905058927,0.1892795730452096,1.0859321272396607,0.19332939119168577,0.17918081831534222,1.7268100780122546,1.4116502068706969,0.46620037971558503,0.45333746211306003,1.411857999509894,0.4674374676395608,0.43630161989955635,1.0797757577825224,1.9125794448370597
