rep,ridge_cw_zero,ridge_cw_mean,ridge_cw_mean_nw,ridge_wcw_zero,ridge_wcw_mean,ridge_wcw_mean_nw,ridge_dm_zero,elastic_net_cw_zero,elastic_net_cw_mean,elastic_net_cw_mean_nw,elastic_net_wcw_zero,elastic_net_wcw_mean,elastic_net_wcw_mean_nw,elastic_net_dm_zero,mean_cw_zero
0,1.0688136523804417,0.9357152246789097,0.9181721401801906,1.0487742406321487,0.9297951646906465,0.9130993803755721,1.4350590523321818,2.2271093892015488,2.0342476060283095,2.0039900402384117,2.2158130687076265,2.018583330133641,2.0355295314567576,-0.4203497954707737,1.2090403766674127
1,1.8588672665622568,2.0693653005104022,1.805482346677362,1.8492924070022738,2.0588486898844547,1.7927130415788144,0.7178291286394048,2.7085923497244706,2.988714547298383,2.545556830931808,2.6724827665080615,3.007296496465516,2.5652080180814245,-1.1328898484879184,-0.45468438364764774
2,-1.1595792086590508,-1.7592470125417226,-1.6719372341406484,-1.1611782175407437,-1.767051230648361,-1.6790590077325807,3.2948417228247666,0.10557169406200562,-1.0969711965283142,-1.0239359605723133,0.11907022061786507,-1.151862071282514,-1.05792146741818,1.170782624797028,0.9196636893421959
3,2.782074339614459,1.6439832236598395,1.8003258299879368,2.781649148661282,1.6459851909570131,1.819213871502516,0.6214065951496952,3.144664591178897,1.8369174397034749,2.272417132834074,3.137933874529758,1.8293397656482557,2.26286432171225,-0.705159902064883,2.7126157527307844
4,1.559436990605913,1.5817870424332283,1.5470750825968838,1.5476473860245734,1.5774370877058732,1.5605639839883663,0.412654955040932,1.9725175778765285,2.0754674833035143,1.97126999997525,1.9854423219119806,2.076866347710491,1.9833257187361717,-0.6592728315080613,-0.01474160159627699
5,2.2000010824028715,2.2307465294954825,2.1702495515792393,2.195368389352989,2.221151674746804,2.1497879969710265,0.8963829818813307,2.2680681306590755,2.3276670683577816,2.3961007197902657,2.267793305546808,2.3521873524527876,2.389376147645714,-0.7103144856555581,0.06703423500452453
6,2.2310150708825844,1.9592034686381947,2.3064723961704043,2.2322878843913174,1.9558667110726675,2.3004468464543057,0.5500002876200117,2.4503808951277826,2.0933596648714525,2.2033975438544737,2.4481185836593995,2.105014568828899,2.199625680741009,-1.0850429091920788,1.4852405250157847
7,2.108633323519446,2.1886747075966926,2.3251410559091994,2.112450480539447,2.181719794108545,2.3183175315009557,0.28989083333243704,2.157956611960292,2.2594559996920616,2.3330580885288117,2.1454030860063695,2.283654099417917,2.257472947819087,-0.4044538398842666,-0.486341687642568
8,1.2503042886234732,1.1176240858889752,1.2338827095424858,1.2520735729181822,1.1129259925224486,1.2214521565952376,1.5816953814320147,0.8075888801085302,0.6544288974130661,0.6801475081647619,0.7934816229461124,0.6658191571508111,0.6996797963119881,1.0161603544778406,0.5458345771706625
9,0.39842683022957925,-0.22569339345212855,-0.22976583490233102,0.4111314642576709,-0.2583714990245375,-0.2461442625996208,2.1256564628447556,1.2901673311799582,0.17928201557029977,0.18618806984778655,1.2869673474465833,0.17776283559546818,0.15791615020014177,0.3445591539872445,1.9883174533816035
10,1.1108328618956438,1.180025216354453,1.2776219346950974,1.1377829011971288,1.1765115472199321,1.2787044927783733,1.7214959560240284,0.5408774645329737,0.6376511681150309,0.5490836760694502,0.5157291370399046,0.6621696509002166,0.5438458041382115,0.9658517326203063,-1.596578331624711
11,2.4386462353655625,2.4981801384947366,2.5047665086517688,2.4301277021517875,2.4802937485803103,2.5026677162843725,-0.12029500209793717,2.552409342860238,2.6657470305876956,2.6253631204135357,2.545640195657522,2.6711085138520927,2.638509862074774,-1.1222256668701796,-0.07464608204445541
12,2.8746515102268186,2.8028137058043545,2.6277823959975986,2.8760893147910482,2.8319533044630294,2.6323662710659144,-0.159609468600158,3.7128777214889173,3.6970127790481615,3.420648771974584,3.7259765815089607,3.713995223296406,3.421674714868709,-1.72177739440055,0.3240349122362156
13,0.6685169214810733,0.7096712939074344,0.6845976174265279,0.6853390153442944,0.7347900429098528,0.7019398234299314,2.169757891043833,-0.05273535731929212,-0.1542063143587827,-0.15824280373246644,-0.0296397053180131,-0.1493927837526138,-0.14594728206551807,1.477091024714669,0.4089441141654054
14,2.517642281681964,2.4076335549541494,2.0620581876507704,2.516647778812431,2.4083651997743774,2.0615552461999225,-0.2031418748583721,2.4506068057863297,2.3415244816444156,1.9387763963884006,2.463283461090734,2.3463703489260994,1.9405988291823801,-0.8797417146762756,0.8094627757225226
15,2.369077051634467,1.616766464665716,1.4023022632361255,2.35592429962617,1.6058084553982361,1.4009241558388943,0.4479513227575233,1.9936982622259518,0.8795323936249378,0.8281160206553928,2.019223800514209,0.8755543876231235,0.8298848848696082,-0.22125640672489433,1.7854110042172728
16,0.7478262844904507,0.6091285495680515,0.5734117631920139,0.7531091568976528,0.61242330111462,0.5657801140164483,1.7065211189287781,0.36946565790269226,0.19128827512542182,0.18758970061731003,0.36523374633848865,0.2027767099395088,0.16557156098859088,0.9780622917847719,0.401377492090437
17,-0.4988466163543268,-0.5177762377413293,-0.533368631939866,-0.5119236713990406,-0.5355665488173801,-0.5294146069943987,2.3307336702121892,0.08307743999770476,0.1394432248364341,0.16070075735279382,0.06670760702992866,0.1547796369969536,0.14648428589385606,0.582062447104039,0.0141492340713201
18,2.078969653770788,2.1960878325668163,1.9224177139913143,2.083638816696924,2.193130441661056,1.9189927433074894,1.1093278066718832,2.3714431227079342,2.592288949186459,2.4807993321452404,2.3609681527953836,2.585609832378906,2.4922760700499187,-0.4384993468775681,-0.9104336753855803
19,0.06108700187146766,0.40341080826032655,0.4197894404685185,0.05681367351983768,0.40289771397125135,0.4107196412334113,2.2004662053211774,0.43240437053631897,0.9706339814390923,0.9747835758374208,0.42523593612972455,0.9675455996315776,0.9847031989092488,0.8473254541946478,-0.9653503580283637
20,1.7383418464746885,1.0005927436781865,0.9652791199362337,1.724114569418673,0.977070829403219,0.9821793511029887,1.3212032709065467,1.6314081494939112,0.47638782477979047,0.4855378723500174,1.6288695197225846,0.46133769815079284,0.552523843632281,0.645703612314612,1.7082675450769218
21,0.5003112794817617,0.19178722229430012,0.17986413698787243,0.4913479778696375,0.2007565755885123,0.17965320198776158,2.196089935106545,1.5789274720793511,1.305749067471721,1.3563845746084775,1.5767408265892708,1.3125745384954282,1.373799284101806,-0.028917496127721296,0.8629833089156164
22,-0.2969718660458139,-0.17441333791441563,-0.15681285075153106,-0.28951633598811904,-0.18995977710148296,-0.16085757561061995,2.5780124600087664,-1.1181693269491368,-1.204523712241827,-0.9077873306516553,-1.0998033722637202,-1.1586913997091637,-0.9295974192148967,2.4001056532938616,-0.27936377120699313
23,2.848874178639807,2.3462695319616707,2.1600331546706664,2.8536763183690086,2.341517035743493,2.163912090048268,0.32446721692191527,3.0397735174289062,2.600116498884961,2.3781238590862666,3.0483513084438,2.607026280010209,2.383176870947165,-0.5014907823188999,1.3130059300346442
24,2.7831684744234773,1.5373751333198706,1.5442711481444023,2.77460283256322,1.53446818618009,1.5429929461028764,0.5975448145291682,3.517406555884606,1.849522005540669,1.7907618575527608,3.534293175438173,1.8492805462485267,1.7965564189553012,-0.9615960702419644,3.404939538435158
25,0.7542728613992591,0.7806721216791593,0.8667509813376028,0.7478613197914494,0.8389572242319142,0.8910821856960598,1.4686009409253642,1.3363879384942396,1.420084500154667,1.3891894135843914,1.3373743144457026,1.4240019920676914,1.3958499809686358,-0.27338573775786623,-0.4484603667322764
26,3.146656001130295,2.253297134600905,1.9612467834329292,3.151785126034421,2.261946220903564,1.9700556174082626,-0.8471213300113017,3.763173558426132,2.593000700314698,2.140994022614784,3.757869082535877,2.567676675293643,2.125501682489586,-2.1693074172498616,3.800676440591991
27,1.3217211680360033,1.2951754741062076,1.334472224063327,1.3297783725473615,1.2951113642465795,1.327079606629046,1.0118807634875402,1.8848304250665633,1.892313442170884,1.9552687833362654,1.8816723957507775,1.8995323037990994,1.9678905641959237,-0.23957940267913366,-0.07617286164037562
28,1.578047035363916,1.6343474353729888,1.7610692863527322,1.5785649204178915,1.6344307892917211,1.7693528227739372,0.7945516345742228,1.7108113975817896,1.784589030122362,2.077850597749148,1.7052108632061613,1.7853504085742675,2.058868760128041,-0.12267785465699836,-0.5169110237723348
29,1.456077547011018,1.6447703825231013,1.86822883872917,1.4470931896975927,1.6326321754581932,1.8648222322073296,0.36601411264321854,1.7082492673131127,2.0485742542450605,2.4565052383471846,1.7158659724611978,2.041474935326428,2.465965253984163,-0.7099839631273734,-2.005568761512903
30,2.419468112901826,2.4811660225138064,2.163456244178442,2.432943247119041,2.49360579369335,2.1633249823040175,-0.13617310348180892,2.8020177017998864,2.8793969875709915,2.520356343962632,2.7982004700680525,2.8860790009529587,2.52538554400281,-1.228599887895225,-0.9001669115924393
31,2.3886303674497675,2.441080696223919,2.7907436704305315,2.4059397953070607,2.4450757021730913,2.7937645346748763,-0.016587478117274377,2.8403799618424066,2.9060650052212753,3.2342829143809837,2.8342499368809935,2.903394454844088,3.2327798125045106,-1.1722361510605124,-0.25949104723661426
32,2.7094432890170412,2.6888515037104455,2.496980993759214,2.697690941561396,2.6833173320181127,2.49762024093555,-0.4165603843352495,3.0902615849915525,3.0596437333405557,2.8806296554170245,3.092748605493179,3.0734544738143974,2.8785662556160623,-1.4199540153157717,0.20724005550389898
33,2.5506996902414074,2.421606611458603,2.2174447490881484,2.5468774881374805,2.41421995967798,2.210554729089921,0.06944711218223056,2.4493057328136683,2.37027900700328,2.189412955858122,2.424936769400585,2.3895934114658095,2.188703450735447,-0.8254521126855349,0.9094163401821853
34,1.2226115947986838,1.3054273840165356,1.5439156634172677,1.2258438828518998,1.3208151766873983,1.547368134415937,0.7254571407062038,1.4682441595445674,1.5844349683689058,1.676636906905587,1.4476725844851082,1.583281017077258,1.6760207322084473,-0.28458433880513406,-0.9636235426024055
35,0.8437126772622097,0.20867194891869642,0.1921961411872276,0.8439842932256195,0.238273938328461,0.18742330306565527,1.3462106692394609,2.0009215575799875,1.3166181679543083,1.3369723144549504,2.011488887235359,1.3429682750362415,1.4011092339999862,-0.31667708225796115,1.7690270993072288
36,2.3843903705949896,-0.14779486959408844,-0.15488277136883072,2.3766455410424574,-0.15037002889234943,-0.1531428486991159,0.7090013745922372,4.098107029287289,1.106810872091456,1.2048971050108772,4.0985067090070295,1.113537337911595,1.2007129755966772,-1.7480423279427195,5.046826838882707
37,1.5711389403931024,0.8401920241745272,0.9016771101176392,1.5733312823267513,0.8448181262226001,0.9111474060248798,1.5396786648967713,1.8729569454914823,1.016367774591926,1.061978836612072,1.8719479082951014,1.0414054456383743,1.045489695144613,0.20053255420346497,1.9593908448875121
38,-0.08505664119913682,-0.45137154512314964,-0.3892824601384481,-0.08312458220370648,-0.4304412439066091,-0.4163381482331389,2.7662827078356265,0.3964931755483054,0.0274548860749201,0.023347353085383448,0.42417697390245207,0.00442387424791378,0.0037760780342860176,1.541084574681794,0.7055815341337435
39,2.2845679099614125,2.1051235523534153,2.3537077365760837,2.270852307283297,2.1213980227802596,2.3408747860851107,0.1836439367812435,1.8751108535193595,1.6872347589340408,1.8495842609079933,1.8727603903661867,1.7183809966910986,1.8447544433623726,-0.5625380756134036,1.6312028744817795
40,2.7216951437284203,1.6729727430352055,1.6872585531981334,2.7297416763294833,1.6552261946182707,1.6915087593371394,0.06364018857886149,2.6495755095258877,1.3696630320705199,1.403455321150155,2.650970996817062,1.3705853117364986,1.407705192011881,-0.5653275562219024,2.771454939740926
41,-0.35763694097515325,-0.1173213850997131,-0.09869320012572898,-0.3446584593288395,-0.10360973949065991,-0.0955550754191805,2.57153321148835,0.2721903030896413,0.7174763149340235,0.6406794841193889,0.24352386425360137,0.7135989303544739,0.6376044397507675,1.181332379276358,-1.9018569240105863
42,1.0943805850495332,1.179556258387814,1.4812940770891032,1.1045659398964796,1.1607100277761082,1.4859588359879048,1.7519521676104657,2.5695923349429126,2.6684156707712647,2.763607910382456,2.5648864523175763,2.687340497731051,2.760313915904025,-0.5732531676874395,-0.035631568643227605
43,2.0294498769056766,2.08833267542778,2.2218853148371855,2.027784006943801,2.090390168983211,2.2238186069681665,0.9116808039971692,2.120186794155921,2.2348336222108465,2.4085516328683503,2.1120289809428145,2.2242780733510354,2.4137416935015725,0.09725455312457168,-1.0090368410333976
44,2.568403676282814,1.8372901580107814,1.6245812801569985,2.5780875559917553,1.8441799669875494,1.6286239274183454,-0.19202579111916018,2.949344327390603,2.209697037692568,1.963592552059796,2.9857315674086,2.196348621051784,2.003330769692842,-1.272634492873075,2.8226613715561983
45,1.9591967088469195,1.3822655699084005,1.2568504048363518,1.9322762297832392,1.3816773793899677,1.276329350412963,1.1658949063289277,2.8416807048965316,2.43255354699809,2.300132264366463,2.822880255089133,2.433912710961282,2.273472664699438,-0.4510090645231691,1.6187555183002287
46,0.6109204796512054,-0.08924256086838822,-0.08468304389169448,0.5979785100362107,-0.08301858462828215,-0.08741414215998387,1.5444286044631086,1.8692615474846466,0.9696582734769629,0.9227048515133872,1.8791130804026845,0.9523588275277,0.9287739239336847,-0.19338177236479015,1.4385254029182895
47,4.275126927531012,3.0973336459922747,2.9341233947903533,4.269390185685627,3.0788317488832595,2.916585699618195,-1.4805477661997553,4.099780085070436,2.7603302680972184,2.6264159210900218,4.105114552373938,2.7461929971609766,2.6440302656012884,-1.7123051312083777,2.9842318557332805
48,1.7878708666689385,0.5833287544107616,0.5811741305858991,1.791869578369015,0.589639809198263,0.5885805144130193,1.6777228093567362,2.9620621499470086,1.3423382015343932,1.2792081019939447,2.956934452547165,1.3411715206773032,1.2772694929785526,-0.09954382950335676,2.7972698707908465
49,0.4810990530231427,0.6094458324152375,0.6816812435821177,0.4791191661512471,0.6030964545868458,0.6764852074453838,2.0293949632781407,0.7844709923352357,0.9578897198953493,1.0717795124749885,0.7619753523591901,0.972069387202045,1.0804163976153838,0.8731438250261083,-1.933118910740952
50,1.0774861126446915,1.0034451638331017,1.0393661028188539,1.0773615753936505,1.003289563808016,1.0330823335168113,1.4768864166226372,1.2515164797583203,1.0989870164341728,1.159149269268751,1.249113210790305,1.100792736094319,1.169508236876593,0.3503762204324129,0.5058547662489713
51,1.9378384306157574,1.8138752701706928,2.0380565695107786,1.9414724615781227,1.8101265985175787,2.050782429057821,1.205562616212091,2.1343615123160116,2.115176128352286,2.5357390993007685,2.116300044310261,2.1133461475968236,2.5333458484755162,-0.005217579276836886,0.4871021599975524
52,2.5930290626332773,1.1421895813636218,1.2693278294129537,2.5868953208890972,1.1292502150914745,1.2730796545684444,0.01512142607783053,3.4069182587090867,1.759531152846332,1.7700306256200835,3.4125064309370243,1.726424830948373,1.774284269392971,-1.2186356284031545,3.3009555734789555
53,2.8383375671326743,2.9443378135156437,3.1576978345106412,2.822074674441942,2.9327208577049095,3.1521359122628865,-0.15066184034108135,2.862714005127097,3.024015814674058,3.2731419457836766,2.850965233671316,3.0255803724944514,3.2767323693023886,-1.4456544133732527,-1.7883286700633618
54,0.4641940009425504,0.5445651975835825,0.5136623600580267,0.4621342760383605,0.5455581623555129,0.496019751141598,1.7724904842887594,0.49589570987682563,0.6420082072817171,0.5927516792860882,0.5100324226297833,0.6491480729824607,0.6005044572602725,0.7042195100642875,-0.6612598142620918
55,2.3495606135293667,2.4468294097196805,2.3989048320742445,2.3553805838701476,2.43925957077178,2.3809398236387977,0.2778230505946955,2.555410600013377,2.6841071460694894,2.7085414591055117,2.5771856832072038,2.69891058448087,2.712388320741888,-0.3474786336366536,-1.084867166802843
56,1.2943204808089346,1.319122289007135,1.3227246620263011,1.3020257252427776,1.3201211887153992,1.3098655511056116,0.7527585586353605,1.4536079915611833,1.5082264276170652,1.4825066851887705,1.440071229776681,1.487926732605626,1.4584824270355907,-0.25561402674694683,0.43550856681392747
57,3.075902370307777,2.9929111027804836,3.843097364957437,3.072638562842339,2.9893308636631817,3.8341627278592174,-0.8930082689220423,3.2424893168877786,3.1546749940589627,3.6685190261610154,3.234321440538607,3.149392230622993,3.6696189181344754,-1.6338337562475105,1.053607573898232
58,1.9870250814246389,1.1702657167196608,1.0882958075162399,1.9938025368214316,1.1401400262089074,1.0929131596529884,0.24494126739159255,1.7405324000156601,0.2376023690053674,0.24644819748731422,1.7456529781831018,0.26132024699827033,0.21686063265078828,-0.42695110476141207,2.1731953419573764
59,0.5027530497989048,0.648397367677555,0.658502509941689,0.5141847651846567,0.6397247021408324,0.6433021986780408,1.9737128248793432,1.3573014005908723,1.6617359542078785,1.644666935407141,1.3748908363124348,1.6436697845355837,1.6563466727465488,0.10178429697735751,-1.972745975556987
60,1.7648984115069812,1.9477858754219055,2.0655371416542407,1.7469632467534728,1.94072452568989,2.0729911804739785,1.0018977638510507,2.272541390653877,2.6547248067334204,2.6471908331683025,2.284385237288304,2.6883534647111156,2.6389671020243077,-0.4916710020137232,-0.2404233984114967
61,2.7965815877329323,2.928357297337416,3.016672470332198,2.795373127290385,2.918784399563678,3.0238530602696123,-0.14753794040318802,2.393677869565342,2.6248888872331135,2.9686444477193503,2.3860109335967987,2.6332576997220953,2.9666754077117696,-0.923564787369633,-2.837216631858143
62,3.657471237731764,2.6766569922996357,2.827293561029639,3.6617751491924455,2.6782703183561436,2.8286169066775964,-0.7215068822762392,4.07990371196193,2.805423157918841,3.4142689003054643,4.082597994752759,2.8116651419054635,3.4012235443166565,-1.7818097872631362,3.1787261777183557
63,2.934950832361237,2.2315520828713686,2.187499151347469,2.93439414689137,2.2232164385411433,2.192191333042852,-0.33043831845284843,3.5153271980697935,2.508239385254356,2.474503993061942,3.499287161872717,2.5150980260440066,2.492308753006039,-1.4088802599080041,2.1366386778782904
64,1.9709732587228281,0.42348149624526155,0.48659609119661623,1.967971790551226,0.43103859673596895,0.4666718298802347,0.6427876085354933,2.6962315092268105,0.8938978869068984,1.1256547866060758,2.7092554037284793,0.9195067821913463,1.1610149779043808,-0.4951670360403244,3.0258521797917712
65,1.2471423134913053,1.4243202148465108,1.5165423452976785,1.2535872969474138,1.429940389592512,1.5113026328474597,1.2652992658822089,1.2771533895023508,1.3577675265936098,1.624747469513888,1.2866685556254063,1.3709090369670751,1.6194243542078057,0.7206287853356623,0.0012950952160722222
66,2.526715156722818,2.542342408376765,2.453136508465346,2.5057183132752625,2.5516809807376584,2.457744320255294,0.3322268978876738,2.7448200325412313,2.722074082931539,2.6954205358257974,2.7395570918421703,2.7174725796773362,2.6990973313895044,-0.8501871256617353,0.08309871383622298
67,2.4946233407496345,2.5718648981906735,3.103493243672151,2.496227314742406,2.579410283973925,3.110117800517829,-0.038479997854426545,2.5257473508896258,2.6260930332106733,3.0685870151929104,2.5342710616116593,2.6187686406809063,3.066288206599786,-0.8337363162582333,-0.2829285188961222
68,2.2451840850980935,1.5373829775309205,1.6245301267007088,2.2508530033661023,1.532721199645781,1.6206253159628976,0.40157127023440803,2.941417933667751,2.1468900061803673,2.221797863896894,2.950711162916215,2.153150444595717,2.218484019792064,-1.1588739639504944,2.369071744276549
69,2.3427341867471045,2.422433115761549,2.3591893710277647,2.3545534314469427,2.4253812688472998,2.369023849506951,0.5404007812106351,2.2157037405798827,2.295379486746655,2.1642708917109656,2.2366987977089576,2.2872004575399267,2.1678491663211044,-0.08221364744237261,-0.58466480949221
70,2.9692388923473536,1.8321962825087073,1.8053450592207572,2.984146768268874,1.8337085433209903,1.8133400057759468,0.13835913955960463,3.2638322667495716,1.6347102692386908,1.5791622826737648,3.246024113154725,1.6218307863573602,1.5925881659598202,-1.4007121089523158,2.882104654657661
71,1.199399383301488,1.0338625828617132,1.007597092707045,1.2126794502009428,1.0357385014731706,0.9974416275174518,1.24114641135355,2.504236639256382,2.3393149478880573,2.2001554575276363,2.503447844051792,2.338145412586288,2.2227625850060786,-0.7087704716352002,0.8254931847201961
72,3.872089220205635,3.7070578482194656,3.239177429462884,3.873651793621176,3.704951952537338,3.2401120137795383,0.11346109435747097,4.655031111299787,4.773231066675978,4.062518482265389,4.655479841180514,4.76800428674561,4.058216398661899,-1.7090835404699598,1.006774820982048
73,2.5746307768109697,2.251891871458966,2.706238908465132,2.56287052910442,2.2307173761028722,2.698734959429417,0.10227573002541196,2.495211827743575,2.114362351420296,2.3356230529359117,2.495771747041571,2.1065288619253644,2.362106684229803,-0.702100927366674,1.154412495952507
74,1.0447397358783506,0.8994019109717933,0.8732513887485402,1.0512048734108337,0.8995968859086405,0.8915055747084426,1.7742795358874104,1.8654451947211488,1.6805802600622468,1.6492929881196003,1.8860272474822894,1.7079075486873465,1.60735336835083,0.09665442826271448,0.8032210489107314
75,-0.7655190579602448,-1.4342602232080093,-1.3673615217236417,-0.7674493398979403,-1.4091334597916925,-1.350982982683372,3.350712183506902,-0.07609778629846997,-0.8958097247791946,-0.9277158903088528,-0.06843569281420214,-0.8725678080016511,-0.912375583343246,2.0282969415308445,1.1366724010364893
76,2.429956382441557,2.0123983214342207,1.859040934286665,2.439940276030097,2.0141067148463994,1.860264433968495,1.271875218826941,2.5988951738420334,2.0965507192749757,2.061927426527875,2.6002654144095714,2.096310447635503,2.0558951900492857,-0.13531763696760785,1.608961666894117
77,0.48548052089554555,0.2112062149028965,0.21591025636515046,0.4705761506796412,0.20338517765688707,0.2200420904861641,2.2262108039788684,1.055001598013317,0.7967665739778923,0.8895954826784368,1.0417483594508412,0.7970809157967885,0.8655934783158847,0.4817662694082347,0.6981261825328636
78,0.6665240878956501,0.8181172234461551,0.7655350869835419,0.6723639667673305,0.8179059739113074,0.771517534230081,1.579257499857271,0.5443238339609722,0.7308732012392326,0.6903230313168754,0.5479926374525411,0.713470886462144,0.669521732499206,1.0550344292553704,-1.2735199332319165
79,2.9345859260585034,2.0323112457087165,1.933452059228276,2.928516362518549,2.0357174748648847,1.9475371806247004,0.42520302858921377,3.477858002994032,2.457394462905095,2.3426419221789962,3.4640395261164714,2.4770074090108807,2.3423905430185923,-0.5526380285062967,2.6371448272029188
80,2.7807871613380457,2.102831552222697,2.261417149828108,2.7635111668890526,2.1093900335102207,2.2756553680253986,0.4979094052168832,2.893609981638271,2.1557086685358837,2.3924280989785007,2.8862666501913083,2.1435102848684813,2.3798569353293537,-0.054245685006054575,2.4465365304312585
81,3.8062539716140136,3.801615464249124,3.6284667325526816,3.7954736751983655,3.792724326854841,3.631214893328933,-0.8365215600448375,3.642127620340768,3.6553788049889198,3.457610048298998,3.6431997421491857,3.6733856652606334,3.4622331301130793,-1.386188073951805,1.1592028551111615
82,1.6891957824291899,1.5528704262524875,1.5974913401216595,1.695474982017818,1.5453620505157264,1.584575439826905,0.6103018844611606,1.941677324697018,1.7841488652440796,1.684485141878739,1.932165483858291,1.7439886664473279,1.6665061833239598,-0.17162324741103163,0.7865450759549765
83,3.8708246427434596,3.679250586707273,3.490211353321838,3.8499099131596486,3.681508053517161,3.496798063953878,-0.35940558782562015,3.9196007765913525,3.7271231555707547,3.420794744825157,3.8899239579914786,3.7173499966593866,3.4093114706290213,-1.6256430369381194,0.9932837065072004
84,1.548453177699743,1.2141032553480609,1.2339517440310386,1.5106285702575488,1.1845615316397609,1.2263380218637179,0.5773828366242381,1.5558893321255722,1.0943436511320632,1.041780453068669,1.520016163312979,1.0498409834329419,1.0785345475738504,-0.15497596170447042,1.4328538637146995
85,0.7751191497814335,0.8085555114584044,0.7238752189826934,0.7532950167469484,0.7933732231869355,0.7290268490535748,1.1056903897254258,0.7789433269641987,0.9147038877429203,0.885576659014057,0.774044226858648,0.9356163730725487,0.876521169735316,0.46396279173412486,0.04285671321298243
86,1.9406776186463648,1.8785007856409806,1.8252439684836,1.9377484667025668,1.8661201370408047,1.8114226904967277,0.7601747123139571,2.3058146630481073,2.3238565120846126,2.335050842169042,2.2991672402924688,2.345387081879028,2.3550818095612582,-0.4256135678737687,0.3398249594852782
87,0.86177206198381,0.09935517495354003,0.0885576027094485,0.8665156456964137,0.08648774630443926,0.08884333506252828,2.0758551509420746,1.1529497460908098,-0.11936918034726185,-0.1220071631761705,1.152227360428554,-0.12861392076665626,-0.15944511189748414,0.6293783930147804,2.412278302545377
88,1.0413369432771256,1.1426354820530065,1.391537918861042,1.033570442561359,1.1592660273770732,1.4213607438561642,1.0007102048139176,1.7124526935202367,1.8853697660656572,2.1565997056448696,1.7089481438718566,1.8992102185727926,2.1309039279502655,-0.3429744254976122,-1.3945397903219365
89,2.8379704575581175,2.9072665285226074,2.7166034176870557,2.8472060091224516,2.9167938502476374,2.7311767014628154,-0.33846749846592195,2.662668602349159,2.714539484273273,2.6739754530291733,2.6516417482614143,2.7111797772267137,2.66659262081882,-1.1097557162728402,-0.04320074292168776
90,0.6097251968760458,0.34137414155917684,0.37978717021289166,0.5982509337573677,0.32889790352281256,0.36259968648350216,1.9487344223876024,1.2330697894019291,1.191256296556093,1.3040463713205366,1.2437471898930152,1.2277955925031774,1.306826891353587,0.2851856453732013,0.34346640074004475
91,0.79616531646905,0.6092009877148715,0.6778956217502271,0.8066245990429669,0.6008191907561634,0.6879752825426197,1.6052962442024516,0.9873398840163362,0.7311765212562167,0.8254388471477708,0.9936772440323345,0.6882407338490022,0.7942825454992011,0.49206381212681743,1.1102977817875153
92,1.6166429362575714,1.6409882308871062,1.6725660861933853,1.6300171965174297,1.6456309668616154,1.6621376875235883,1.5003219507882735,1.2506277928466691,1.258286167355793,1.3299539165461285,1.250723304845702,1.2438857486103883,1.3186570050578785,0.9834816300845571,0.7308043834296054
93,2.2960876974603748,2.1434496443427706,2.2128528566253434,2.301920349314307,2.1550497707777296,2.2159594419273008,0.3715455348751958,2.8532838301547665,2.6884234060456587,2.774604772008864,2.8492885207395124,2.6919462405667387,2.791621381761968,-0.5905415538375465,1.366490712005934
94,1.692231754530393,1.4876020885356955,1.4906195512637366,1.687523360052786,1.4795246315934543,1.4876778512615156,1.0235408247136608,1.636892512524413,1.1774649887601167,1.2673960753010205,1.623805752347847,1.1939403074083892,1.2522665834003512,0.5201688270221159,0.9748872749521452
95,2.8045905068952166,2.655081284235522,2.9421136969289203,2.815595069958608,2.6386506165545174,2.9466690696274687,-0.14255045262059743,2.7151692965335967,2.5022283168227992,2.3100555888439627,2.7050143740299104,2.530540939493854,2.3117131772936026,-1.1650989775217422,0.8410428318270887
96,0.7253163345647058,0.35460354888134643,0.3865082979598545,0.7379517156306388,0.36062227021152277,0.40390622293533107,1.3169827997854386,1.1352521934054798,0.6707171166546942,0.8567810611784721,1.1027843340723442,0.6846696591834865,0.8621788533514575,0.3903677858891979,1.0667743487011705
97,3.961353120568674,3.2807425182948817,3.3861226343695776,3.965575861195113,3.279384308681622,3.3678659878175092,-0.9097771811959507,4.7923432003597455,4.057363793033831,4.1026766378895765,4.818751838303555,4.054514144074341,4.092576590570533,-2.489642114735265,3.1605375833026477
98,1.7799361816212438,1.9395018166760705,1.719529135809873,1.7951714719484495,1.9384700360319527,1.7318347481545868,0.3555091351498076,1.8125833645734213,2.037830657974973,1.9417948308181,1.8221198802797027,2.0341928849437614,1.9411918398294936,-0.73258854434298,-0.7588751618698705
99,2.6666608964969156,2.1805786714309483,2.6445438074945704,2.6525407174920628,2.1814320762308688,2.644915065149901,-0.07626955944323166,2.9480990765022845,2.4080933397479876,2.830709211965793,2.9600947990163,2.4117506065469416,2.8215794382591572,-0.8768948159895009,2.4737854389089153
100,2.19834622504286,2.062271106998612,2.363681875126101,2.2042290951512564,2.052277503771966,2.3677848029308097,-0.09230271851262732,3.317430736194318,3.2056509345026263,3.804341394124873,3.3352865581583777,3.194631720076068,3.8148495404973595,-1.7751751182903994,0.5535679640059966
101,2.7752331570648203,2.5974539938103693,2.2139477898487674,2.7725101928395346,2.608443815295183,2.214826458130532,-0.5001346323517517,2.903456294020466,2.6779636406964737,2.3421370053080883,2.9020493942161916,2.6733519921872717,2.3337035592294044,-1.2038241423316494,2.1204058646023674
102,2.208199081677835,1.8872133199713912,1.518599279637931,2.2054705347548356,1.88542144410755,1.5194450302783036,0.087629611585193,2.6070474392821663,2.1736918845973885,1.955453220606293,2.6192790879075023,2.1509820313362393,1.9553890437840638,-0.8381713182340816,2.170023709686598
103,2.378299871676311,2.352994361814329,2.409327759726781,2.3920813244883425,2.3394416599372456,2.399401026497139,-0.01866954403135755,2.9993202342650416,2.978543014756332,3.256811676636449,2.988878470830508,2.9795205646550427,3.2453072985883824,-1.1929241678442475,0.6183585103688288
104,2.2369852208007304,1.9614031049808005,1.9180537474149963,2.2381703738894547,1.969378187707067,1.9183172852263195,0.9674093968055522,3.2859770125528285,2.92089229181485,2.504209414063178,3.3065252495035438,2.9227633634766654,2.499260700524517,-1.7844971977565673,2.0644744214510276
105,2.2710134492801153,2.035667324777359,1.8406437254356633,2.27015715992714,2.0203822748154265,1.8426197817417345,0.9433017740329434,2.659416918390652,2.590551503338244,2.369723077579229,2.668517021947107,2.5901408506583863,2.375906952365327,-0.34566265716399985,1.4146453808128334
106,0.1999955237368951,-0.08692122492114748,-0.09971283948933192,0.18526053088657962,-0.08679429340009485,-0.07685144584606983,2.1797482240420494,0.6885609470117936,0.26461162904982644,0.273715056319796,0.6468477035865119,0.30294489490404053,0.26034929507157695,0.709044846342284,0.8727013883949719
107,2.83206010900834,2.605567418099584,2.4019004261232646,2.826532475821837,2.610612094503862,2.403724661742295,-0.5664898527301057,3.106221114292719,2.828407330161755,2.563859353559777,3.114551105255955,2.8386409955925767,2.576474681326178,-1.4018408126387267,1.1628141636454135
108,0.8212495734622995,0.6887497457444914,0.5697624431733335,0.8462453637293516,0.6818675704700727,0.5755383577615758,1.470418682735876,0.8098840209107142,0.6973875279065032,0.5567388092672584,0.826106840574852,0.7334570592663364,0.5331030514843023,0.673441021572973,0.818643362503268
109,0.8296685636981098,1.0943542779127418,1.0253558498483581,0.8368321249621716,1.0964613470645324,1.0158856642779073,1.5192679506847482,1.6758320595650966,2.100183680234624,1.8795415847964105,1.6799088230298396,2.085315831350743,1.8809770786193651,0.18993005278947456,0.005717415004262007
110,1.2785746439478247,1.5531088505499457,1.3610052747910453,1.3067623540377187,1.5137647917612105,1.3636811707053327,1.613630332356814,-1.008277610949417,-0.6142536584071323,-0.5145120024089049,-0.8877079957964855,-0.6180059789405788,-0.4830038024776996,1.8692256659136646,-0.959203537453284
111,2.355371964019171,2.3180124582824124,2.4431969160923095,2.355760529137917,2.32043063131639,2.434222223528254,0.9394177666285306,2.449365360425244,2.448583248521772,2.6837635036428638,2.4451852067033757,2.463864043642989,2.6997546482672234,-0.5395281801657369,0.7693986124629233
112,2.3131262060739486,2.038744754687313,1.6596424517032966,2.307796676963396,2.0474542133891784,1.6530282426283003,0.4013333303425017,3.4494090389193666,3.209033429809713,2.2971355331780017,3.4444942481976466,3.2200369183248196,2.3051592271891113,-1.6276366751794704,1.5963093873055143
113,2.4753947145341813,1.919134868536589,1.8783861144222112,2.477772441909265,1.920345127746504,1.8913027593723515,0.24601647572714258,3.0751176150335753,2.488937452747703,2.4076499740987827,3.052111668716162,2.4715694235958177,2.4019768481050745,-1.1757440049312078,2.1254658554179313
114,3.680902159467408,3.3082438618012113,3.0520898932605016,3.683286668643651,3.3068357959771273,3.052170392874664,-0.4937907389732901,4.210645247637053,3.8287544847786696,3.6621087747591283,4.210658348701512,3.826196407001378,3.670625808063616,-1.7251905845744204,1.6929446863175257
115,3.2977252730017854,3.268778121166051,3.1636165925522692,3.297542267552039,3.274059702713325,3.1596103564470375,-0.273529727095599,3.493474105717454,3.47785743568638,3.382756932795151,3.4879037096503125,3.4727941584906907,3.3864440440571957,-1.4228348459826698,0.9616622108472207
116,4.061301593423009,2.57324921677018,2.242650055253721,4.064002626709111,2.567627935531079,2.228703120081164,-0.644666455880846,4.83899681861099,3.208817945995988,2.7300039065253214,4.837344923507896,3.205477586186465,2.7301405030194217,-2.1222259499773775,4.459151189249432
117,2.039439093108865,1.9904516854739276,1.9805444557165177,2.0369219993604357,2.0039685923988126,1.9847880942791525,0.525411357377695,2.5787845034412653,2.517689308288086,2.5084802012518517,2.586601114965656,2.5056625310213727,2.4990015277643973,-0.6133519362123802,0.5876814239114397
118,-1.645793616511923,-1.7152441727637961,-1.195819752945117,-1.6279949303921588,-1.7279216600111629,-1.2159577342752945,4.1132309302833985,-2.037793337541486,-1.9663864952206265,-1.2900958174969748,-2.041551866691301,-1.9592719539409713,-1.297349484280717,3.5034457278258877,-1.4118384482059585
119,2.5947782027899864,2.3686269138095812,2.2868097395896942,2.584524363818074,2.3730700060742245,2.291431233375196,0.43860288857702245,2.9680583964293676,2.780102563930582,2.721387167202175,2.9645615258231124,2.7815864234699665,2.726150539797436,-0.5537536382244395,0.9222712302349123
120,1.9812772885640255,1.9442190527397512,2.799104958844963,1.9803687822724128,1.9452947880866578,2.7990838738891712,0.6501979528409252,2.0274562592609686,1.988346042400342,2.8863216123958244,2.0262482061929368,1.9929950412731523,2.8877437525994036,-0.08999649566654307,0.9014501179349313
121,-0.23383025466818141,-0.31861177637219845,-0.3434161752443213,-0.20394256018988205,-0.35964313374849766,-0.3493026936314729,3.119838445320203,-0.08587280746492434,-0.10001271006010602,-0.12103766093679882,-0.09966707471374613,-0.13033300432382158,-0.0641698279611225,1.54605554193264,-0.7971044401638117
122,1.337481161631827,1.1054236323359719,0.9876521728686019,1.3341305423127765,1.1040897963495433,0.9771540083922297,1.48182638684806,0.1843729421706568,-0.5023324275091888,-0.41719231252196415,0.18010489699983534,-0.5089549436689106,-0.4238767844488647,1.7115892820220653,0.9529979959898911
123,2.0871377050753437,1.3899986365607722,1.2919429239783722,2.084679212869705,1.3888614492554285,1.2762398007638338,0.3214550694439902,2.374446438957548,1.3778890576697644,1.3412271587258766,2.3836968960453984,1.3925018483754124,1.3340502244969226,-0.5204868410621982,2.510400000117243
124,2.269641965380753,1.4310485160828526,1.2377625009523887,2.262257743953447,1.440831633635241,1.2312400445315397,0.43916768555845365,3.061858454676051,2.355042957786341,2.0009352123422555,3.068324126312413,2.3482883864136452,2.0120140415820074,-1.0670262263046255,2.2294543908308877
125,0.2773178549458401,-0.38080496007321546,-0.42648777005701555,0.2834823662512983,-0.4100471134286128,-0.44622122812520076,2.2400643682351262,1.1827797801236168,-0.02012467278057255,-0.021068404345001433,1.1940084623477145,-0.037001260526145746,0.01296764390746244,0.42184840319001565,1.899214389021873
126,1.9325125725319183,1.9738777533442313,2.126482111325898,1.9466211868970864,1.9824663625597416,2.112776109614357,0.6460634281630109,1.6246975413479727,1.7319333562753463,1.7898717509860058,1.637681059531895,1.732402144593131,1.77414984923907,0.16080288054994007,-0.4493690815406475
127,3.5286981606906185,2.954300748005337,2.898816460932283,3.520628274951808,2.9487976891044494,2.89905321913414,-0.7416273105457771,3.93183664120209,3.2350095030941324,3.280524916601651,3.930646323996683,3.2300134533634326,3.270062560457868,-2.014060114087969,2.391204511037311
128,2.018248206432976,-0.2242556960077204,-0.20462151977677165,2.0019650770717803,-0.23820892820744757,-0.2052026613633115,0.563552233972894,3.0179513649503886,0.18283328803466942,0.17787323288644913,3.0679663989458335,0.17827892953149804,0.20429371445687425,-0.9246220663726343,3.7301923872711193
129,-1.3273891756377711,-1.3938983245931935,-1.1413596989037271,-1.3404919483745736,-1.389194287393974,-1.146850879197091,4.073077194479781,-0.5331410070714007,-0.4589427142997787,-0.3778011410712994,-0.5465711372048062,-0.4387827539940724,-0.4176811837958878,2.0539877203506034,-0.9080620804955217
130,1.9954438141836048,1.160848915897543,1.1005558442931638,1.997140058533424,1.1594049572364173,1.1031585516766753,0.821121980482079,1.7721375650942754,0.506300866972733,0.5372430765608737,1.7662083777470572,0.5070617527050325,0.548188793348565,0.10255488975821109,2.5074441965270173
131,3.8414955056153195,3.795635686630991,3.686793465870185,3.8307183709103514,3.7971469670904727,3.680136467977783,-0.8757184803477078,4.1340717027150795,4.111391884666085,3.848567409951717,4.1334897041084995,4.108354751946857,3.848398226259915,-1.8258240513528226,0.09567393159486767
132,0.15542859234412634,0.14306631757056001,0.12255888668647086,0.1543024946873535,0.15049786621448397,0.12178893241558617,2.8771439470506857,2.0505958845255394,2.3167943097427695,2.2951709058832264,2.042860550932039,2.3141433972144276,2.2783221283391635,-0.1660497379025448,-0.7247872156683872
133,5.173345638565567,2.728653454864564,2.6085423020631704,5.182556595124389,2.7387153904016213,2.6131595747999485,-1.5895576997900125,5.731463772395771,2.979794332097506,2.9675139624136637,5.7402777870967965,2.9784309343137654,2.9640655059378695,-2.591809474157604,5.789133095952238
134,2.2320740691746694,0.8419769143715308,0.9275670859175843,2.2351730663075053,0.8594783663847928,0.9399005106844467,1.5382533134128633,3.6692295371210655,1.8016135252298968,1.9712683050363917,3.6673824106612876,1.8223596053414954,1.9741964695395469,-0.6951672733637092,3.257333803723276
135,1.134468724296934,0.7427974949060892,0.8730974274234399,1.1290653245091347,0.7277118666492814,0.8753007940732832,1.1018073547168936,1.7167696462336488,1.056404120686196,1.071298701779263,1.7157291316096703,1.0655547084851897,1.0474511498224641,-0.08891730348293668,1.4396038561267297
136,2.24357717298003,2.2630997382537834,2.172410571193222,2.2511319965882213,2.276731303609785,2.177101045387549,0.27264349492827655,1.9725529816034955,2.0091899688273007,2.054187500035901,1.9805432339011095,2.001145128892309,2.048441623564908,-0.513765750838172,-1.035139735423395
137,3.7472776205763307,2.9772523967784608,3.1509736743025187,3.740774797480282,2.9659146717056464,3.1528975851592715,0.3705627899280322,4.110604255809851,3.1827691568971637,3.391693317965593,4.103462694291763,3.1860064537581687,3.38998261115952,-0.7813065180001274,2.3667874847185817
138,3.0023042594691915,2.6001253985295114,2.3801628708868194,2.992473887196663,2.599093238433088,2.382303763924191,-0.7177475388390576,3.3927663209809222,2.8972608141439498,2.7209558325618413,3.3871272322300965,2.8993508287744443,2.7390316532436123,-1.6214382443789466,2.368319442894508
139,2.8675787201458363,2.7145646068302995,2.5254489239992712,2.87130594773767,2.7271570698863874,2.523988700926481,-0.830634626981925,3.1612802944566627,2.9826310715129294,2.6730763762070007,3.186806132312398,2.954945434132815,2.6792108908528673,-1.7562709691358724,0.8526820264302346
140,0.7429267388918509,0.8327703609846909,0.9136463077689123,0.7196357541828625,0.83399256243572,0.9058447501243821,1.561824403654916,1.3551858934747678,1.5058405036539255,1.4982361951485903,1.357993616076653,1.4805843036590896,1.4427393159858215,0.2681565610618108,-2.187657506949892
141,1.2956942614972733,1.3392239556123562,1.622145945930784,1.29690505232834,1.3484697893072755,1.6272692175403096,0.9074233137380368,1.8537375500168998,1.9026993086285988,2.3133888876296944,1.8533079931682774,1.9028715128715499,2.329773179897375,-0.28723243930703607,0.04290491746033127
142,4.150606054431254,3.3524907150092775,3.557694643446058,4.1526421301440015,3.34176253082646,3.5664906952597373,-1.6223354773179381,4.522767221062683,3.555887394606389,4.136947926635768,4.522090523694688,3.5419452802580076,4.15618443570731,-2.634297151958353,3.4973586834458072
143,0.8198448641921798,0.7697513151336609,0.7066231598578941,0.8279392164341575,0.7668082101997887,0.6851030109026292,1.3415562719864966,0.2121736406861303,0.1520049460338358,0.12636218850072947,0.18227256568155958,0.1559650076808269,0.12103514622059658,1.1431163641333852,0.5440464524968273
144,3.7967264214933745,1.447699365402415,1.4054887123953375,3.7969313824692827,1.4475618204469525,1.4021459053756038,-0.6622187610906968,4.730789836980421,2.25855594309662,2.1877556807552043,4.734613969440565,2.2751193201532924,2.202099173046876,-1.8227879339514883,4.987375756330837
145,3.2347916333730082,3.137547502109485,2.8800629145259076,3.2295891851196012,3.137195456264571,2.8853996762769367,-0.3199565555556389,3.9160030374925543,3.9330134951169553,3.812093931336887,3.9238885117554556,3.9360218309855344,3.8244710144044576,-1.8863440232203534,1.5235969899793222
146,1.9064940812419724,1.74723820614333,1.7872314669579092,1.9091429820581307,1.7462232841065342,1.7964080465194199,0.2346277137972873,2.396635703684819,2.297667808973916,2.418941788509285,2.4001606965826823,2.3257054733901215,2.423914324773627,-1.1150766767150997,0.2062505303635714
147,2.7258615775403445,1.9142656275674594,1.8552604073625685,2.729036316196135,1.920168144170582,1.8618065543687694,0.1469176888620354,3.244379072447957,2.4474525534294544,2.4786400313047268,3.2332266188024867,2.448803755775466,2.488435060994598,-1.0253216345942957,2.473849575394049
148,2.5533444619588685,2.3463578695963276,2.3602022830732667,2.5653506124159695,2.379425021251223,2.3661862352333203,0.4641945769857809,2.5878590337328053,2.3531546256225506,2.355321644812887,2.587969544431699,2.3683771383186083,2.329699960810424,-0.16960682141452396,1.6068363841811535
149,1.9833941486549014,0.694880881727386,0.6453900220326095,1.9896337308780898,0.681659677876198,0.6491371347727116,1.6180538495510564,2.716014699212868,1.0094444728388716,0.9392528478405607,2.7270420207711035,1.0027109248965502,0.9342945597964796,-0.3046854810367253,2.774683759411799
150,2.4563906196298237,1.579136033543287,1.663720659950571,2.45373256221562,1.5689345174499068,1.6464813461920818,0.41523651767049197,2.495343179037776,1.422871991887921,1.4778729089627187,2.4984030009962592,1.4210340130677726,1.473181331860652,-0.14700414504461914,2.220721556646612
151,3.230843383156723,1.437527359530049,1.3313537945286331,3.22312709070821,1.4190740119586522,1.3284133345969602,0.6187266886759057,4.350048302221359,2.0362625817743276,2.0143115278808876,4.348540261511898,2.020162231038009,2.0159148113077903,-1.5980946549341712,4.544246542289001
152,1.4831347341620083,1.5750474169994555,1.5432708793855094,1.4925661385294022,1.5830534182228455,1.539840422110206,1.5859621908811075,1.4298258916000501,1.7034673254435535,1.5607241647565897,1.4006349847084614,1.6918491707870822,1.5803628875042146,0.0741514383097595,-0.04345750700316851
153,-0.4794390510350902,-0.4525725803402498,-0.4945549165806742,-0.4739828210002759,-0.4228785884431053,-0.51821139215013,2.826922551829755,-0.5578741197090461,-0.48074268706636264,-0.542200879557562,-0.520679918098422,-0.37255758750889284,-0.5365498029622056,1.5134667878789152,-0.9900878797574606
154,3.6400960109003937,2.7947866908210357,3.3041516946317104,3.63119373307496,2.7820646826509448,3.311971076485858,-1.0245553591845427,4.023610774449052,3.188131364664065,3.2274856062535733,4.022902968535601,3.2093836181918043,3.2260443004977257,-2.385598163689568,3.284711322969501
155,5.372145657843445,2.25209895423331,2.2793196459497893,5.368683294433051,2.2543824690702094,2.2773243655582367,-1.3182615434120402,6.035135428411116,2.80385251004286,2.7002244827337676,6.032797737751313,2.8083377265830767,2.6919534863172254,-2.702397654494777,6.820149628224364
156,2.2154575801886676,2.127599173287534,2.204284128914103,2.198492368926584,2.1380364485249874,2.2083041558379644,0.35036035544568556,2.1982868914895577,2.166371178361139,2.4490045369081717,2.2079812301035977,2.185722462043175,2.4272136597946017,-0.35796072975382565,0.39953606139780956
157,1.1933473821365803,1.303308150474462,1.0284423722415694,1.1907962015643567,1.3265828586054222,1.0267052236880971,1.1944489413722195,1.3029691408344783,1.4428685903516194,1.2090549641027566,1.3038261034572558,1.44408585236768,1.2117564805866703,0.4622026734070625,-0.5039824148612422
158,0.3349220939886787,-0.5217531365583211,-0.47595936243400766,0.35627945320507876,-0.4810353731972531,-0.45724742809489055,1.4731215026546998,0.8368962894606157,-0.3184973720673057,-0.31540864088048237,0.7934299370773923,-0.2517180480795081,-0.2793636931176503,0.21006140924487007,2.4106531996076606
159,2.1031512429333588,2.124542714438407,1.941398506074631,2.104142632683387,2.1370902070304396,1.9391062066841025,0.7785647759575103,1.9662124187578385,2.1364096475224503,2.126395058064972,1.96857472037268,2.1176739947732655,2.134878322570649,-0.10361521563293515,0.5445442449963531
160,2.298630419567131,2.3840855030720007,2.207426470153349,2.312824442642446,2.37924828564328,2.211238324339598,0.2208693261372978,2.832579271565917,2.960271973501602,2.667371959883243,2.831555602599484,2.9697564869000654,2.651556080775372,-0.8447075014283398,-1.389101038015825
161,2.8620519490394987,1.3526810719345292,1.1988335399476404,2.8645858129533206,1.3534243819080685,1.1960468718158996,-0.11416697732032735,3.892768640977875,2.0630191216714078,1.8350974805400655,3.8890108222910804,2.06810981453726,1.8268081808622003,-1.6293995501480782,4.463842929044606
162,2.534357083732453,2.5687785696549703,2.307425783428952,2.5360169766810268,2.5913405652777395,2.304187346183156,-0.11675309291996631,2.8197230725735904,2.878982839617509,2.8051167691160503,2.8351048045895255,2.851681429793394,2.822718357350619,-1.0771426020276171,-0.6509266409076492
163,0.13710074040921016,-0.1593627796888455,-0.17032553934306038,0.12404560830852826,-0.173540371049023,-0.1710982673309745,2.586083253421143,1.1769723468652458,0.7293989359755931,0.7329166911045902,1.175609031667803,0.7527915408172483,0.7182182872924515,0.6839980878139591,1.4294414341531436
164,2.970104062781848,2.9812752077246056,2.8783072565487604,2.9763000350928452,2.9882407655557177,2.8709470958577135,-0.6221501152737489,3.5816962734215285,3.6014461001374607,3.4581424132377796,3.5712999139238373,3.6021995036874466,3.4563261133477887,-1.8450332750923442,0.19113537070677394
165,0.736972815528095,0.8518550092838438,0.9301184177023566,0.7394477327163312,0.8471662820124295,0.9142181205455908,0.9337164380038625,1.355164557886526,1.561797201573663,1.715467913968988,1.3422078814720615,1.5513330179865943,1.6908253113755787,-0.4393123510497159,-1.5109485633625228
166,-0.4048636575477093,-0.7473954023895281,-0.5863431597334667,-0.39350779245828066,-0.7614335568056168,-0.5922974646550063,2.776134605377694,0.7696671021133241,0.19729368697859792,0.18509252616400343,0.753480727118413,0.19009058801700776,0.21700051060646464,1.116478197213913,1.47512589194538
167,2.536581331974997,2.550069325591033,2.698081227529891,2.517514872069499,2.5497668507686333,2.7012651931459866,-0.08604093034328678,2.5224214235712785,2.47143554086891,2.5123052837539213,2.5380744753294895,2.456074097397155,2.534197069482211,-1.337352611724897,0.7365238597015534
168,1.1510158246049453,0.982006656615211,0.9838598008314263,1.1466877186987559,0.9697998053506225,0.9763055422912157,1.8558199338888652,1.643172792675478,1.4509768786776467,1.386832674936576,1.637540707423289,1.4489772029201098,1.3851465770719182,0.13622950117465404,0.6549150502540829
169,0.21770249574000616,0.15155947550664708,0.14070020993915966,0.2265886993872312,0.16557354079800343,0.13000127417978488,1.6360745728217045,1.2297124155721282,1.1402707536731813,1.090550982818242,1.2617774426543742,1.1665874909616616,1.0509313390918016,0.058749638524474276,0.4469817898822994
170,3.9930605889634134,2.1637269299104944,2.2123519631218875,3.9901997475344517,2.1584774028342135,2.2111424398375243,-0.14723735185693088,5.138689332312155,3.0486979175599465,3.16372106599206,5.125599830860449,3.0503664708828713,3.1612726841682197,-2.361896947628343,4.1638705110130045
171,1.913156009112254,2.2348953577812507,2.066906187725094,1.9194018045026262,2.2195508358708085,2.0634418008405624,0.3991776815106144,2.6578312062006058,3.259341458077235,2.957606458684016,2.662660393231021,3.2444522386635652,2.945781827408819,-1.3540917998751885,-0.03164818229297874
172,1.7677147859806406,2.0474386462079113,1.8137765921945084,1.7690289429165054,2.0556770646540197,1.8204633213393842,0.7808426178423462,1.5191676936065837,2.3877773617673133,2.2005345479562157,1.5328099803074058,2.364495467021381,2.2182450223976913,-0.0814802181316265,-0.3019175159528632
173,1.331279912104649,1.4203373933017367,1.1223325812852742,1.3346857740329006,1.4420177512333585,1.118430735881534,0.525126700138768,1.8651592562247825,2.037695680230642,1.7114706106411597,1.8781617918278433,2.0471400291571378,1.7204439732256849,-0.7213242024209937,-0.8029655116651168
174,1.8276110210476584,1.9476531228507197,1.7848502964349273,1.8359443450570139,1.9316552460882546,1.784784354747572,0.40789716753509714,1.6554057527661266,1.7988434134084852,1.8699900663856381,1.6493092600927746,1.7956210550892802,1.836878292682593,-0.26219554938235723,-0.8880610723124583
175,2.28208465012301,0.8769065965103398,0.8980324625649458,2.284943238501688,0.8692955008599451,0.900735844012686,-0.04588476038300354,2.9027169803384,0.9804323457059562,1.011521268651429,2.913018957043523,0.9487500073235092,1.0124060140371947,-1.4277989690434028,2.943043869628576
176,2.3798846117365495,1.5568280038852076,1.757886984562582,2.407868174218145,1.5542182334797154,1.762572069610421,-0.018857166254002397,2.6578312062694573,1.651391862303905,1.8925882940852594,2.6529670803852183,1.6582249718341606,1.8843547995728964,-1.142076827609415,3.0775669099595775
177,3.4359806204579346,3.4857765789374,3.1497074695387974,3.4332930034271225,3.479931584958677,3.1511737253630874,-0.24986474845998893,3.9507237774865493,4.166293048404849,4.215243033931767,3.9598301778278846,4.148501496008337,4.212949345402117,-1.9533493065340042,0.4769720379363199
178,1.9879377912970397,2.007575875154486,1.8137428877536703,1.9828832536283103,2.0029239742305376,1.815019050906076,-0.06418678024680408,2.3363200479192976,2.378802466570464,2.1072674296020666,2.35136413647421,2.403431897452328,2.099021518543503,-1.2159155747877002,-1.0671191949223768
179,1.557897220451559,1.5871460944854243,1.7473330396455926,1.5796807998736464,1.6034280260553067,1.7505107144267702,0.8988297018343836,1.6451091807703317,1.6727322048401303,2.1473613482272125,1.6646330418212538,1.6675346136422196,2.1193754160623097,-0.4042880972371048,-0.39214069776088534
180,-0.02164514568333534,0.10785565378491722,0.09366320208515216,0.00015686872352444294,0.1264134491808141,0.0591986152044321,2.3877192541598893,-0.30561298946501003,-0.04956819811956599,-0.04193345843131338,-0.2812019957964539,-0.04411560445643623,-0.03782661289473344,1.031553005873319,-0.8216175419210665
181,1.3838784613666821,1.1188130849203186,1.0301894743251931,1.370273207012452,1.107418005273957,1.0293982499105379,1.1663325540221554,1.361156567550473,1.0008360424647027,0.902773916299568,1.337747790948187,0.9886883158078971,0.9154580722253852,0.22984573096424782,1.164856403993647
182,2.589497807108773,2.6638043231757997,2.911421640217287,2.595515967169513,2.6636757063233314,2.9141500799003905,-0.2496259107792643,3.4401291398161944,3.550283023893173,3.5426980157239933,3.433103865512297,3.5634321420883306,3.5366688608407784,-1.8867965023000404,-1.5330595546145547
183,3.6208363169435738,3.9329558413284182,3.0950007110850493,3.628042074012095,3.9336714656212965,3.099241886761965,0.4478054914121956,3.1420555114070923,3.5541532845702006,2.8958980689363485,3.1350536859079057,3.5596757781965294,2.89234688165105,0.11110907711705749,-0.9806255040432201
184,1.2896390967114135,1.0115505894526653,1.123778730269323,1.2828085721925553,1.0127714532677963,1.1248993270883167,1.282867258641048,1.2577158736547107,0.8583720152305728,0.7237294115521876,1.2211773680765692,0.887622941398308,0.6892090985684953,0.12086231170858316,1.0329358851340809
185,2.2613414517365604,2.2672881319458353,2.747100294507624,2.252622876352528,2.2889467643258725,2.7471929847880627,-0.19591384365154813,2.6237534050880083,2.6662508151266753,2.74835053118407,2.646534464473815,2.640319565685832,2.763555301591178,-1.430505759282865,0.007692878284795335
186,1.956383057438375,1.6114744308949962,1.551317554969154,1.9824108756395578,1.612249809364469,1.5577392781097954,0.8218627154399458,1.8633465231046786,1.45962251569909,1.5682007074713311,1.8494453693994757,1.4499452600978118,1.5762891427745442,-0.0687197342368835,1.286582601228656
187,1.7214142949161244,1.005293699668612,0.9431223272601355,1.720440118059727,1.0049957318567022,0.9606590019684572,1.120103997234614,2.854212604916858,2.048757379176092,1.8921607466488868,2.830387572528055,2.0686657859490225,1.9012651484568592,-0.9863070353778499,2.254895369986022
188,3.6535300261187276,3.364728886571766,2.82506450744824,3.6627727776000123,3.359214691035736,2.830915035271445,-0.45041817479801705,3.856907902715297,3.555452381452466,2.98133847509908,3.8553163738609704,3.5634790599712503,2.9923818422867416,-1.2736369731040589,1.258858894847454
189,0.6086078732164463,0.08008484506278174,0.07596211047881017,0.5998699194342288,0.07431086709219759,0.07052371175690497,2.4778251073145507,1.099492292461369,0.5089821816339677,0.4763994914032071,1.091196810914023,0.5172610202893602,0.47286535198253526,1.2462225892874976,1.4178606286247897
190,1.59982288081816,1.4237646223218232,1.4016467854192798,1.5860045128115123,1.4322239847045546,1.4036020863599747,0.7955417580478557,1.5375128646900005,1.1861809011647753,1.118378424714257,1.536480545133433,1.1828360738737487,1.0405515217851167,-0.30063150170355313,1.3371350692708999
191,2.372788665790074,2.405720002082762,2.4088137927979156,2.3916062439183703,2.4050597014203117,2.4212134645097194,0.7794901181829442,2.816866952886465,2.855090717542294,2.661152075620818,2.8198608033313106,2.848435455817379,2.677514287214915,-0.3315819259745809,-0.47872829369761294
192,2.4416139315778267,2.5839807482069252,2.1409978517366075,2.426564727489232,2.5856179991710144,2.1364019124604097,-0.16928719788625596,2.2729920676859723,2.518322044356407,2.257616976737061,2.273026474830952,2.5350494388930724,2.2629216654577045,-0.7564646445306691,-2.5689123290080675
193,2.527632747129987,1.35231281522736,1.4598784200136024,2.5327039990420266,1.3632025224744673,1.4693190274407895,0.6846905071291972,2.79291840344673,1.041339208565883,1.123983380254582,2.7918992073595397,1.0610346006168163,1.1098655477768957,-0.7689865664445233,2.8431026895904483
194,0.352586634153719,0.04421345514562655,0.04460998355923428,0.3261877270340712,0.05136133995533002,0.056018008938631736,1.7253782260831492,0.6554395847087504,0.17985462590817408,0.1888851180417645,0.6891988230263262,0.19310076069977264,0.18427745201416532,0.6687866992620457,0.8413461261065711
195,1.6966462405613039,1.4302040306926975,1.3573761610541122,1.6742403418376741,1.43534325452102,1.3597460403366302,0.5874995911872425,1.176914708724748,0.8404063993477352,0.8927200942994387,1.1597927499671445,0.8027169201754698,0.9301167317170607,-0.04742932962595936,1.7785295780635848
196,1.4908340522078576,1.2833394698792315,1.1332380039745522,1.5027439341378268,1.276050688255469,1.112898087364921,1.5866106641489401,1.4738061813126107,1.2545754223922232,1.0816313183529993,1.4565270384851332,1.2561159677903488,1.0864603555839414,0.3891950786939593,0.6354052013238956
197,1.8265658352371452,1.1453812955668519,1.1262923507460487,1.8265503001801426,1.1568869636768022,1.1260289170824707,0.528828325817715,2.5876791156476626,1.8438088613290902,1.8305596495998813,2.585534959441598,1.8552319492455613,1.8348979942357042,-1.1096785726017155,2.670489422389928
198,0.6652572373617853,0.47631716724398415,0.5060283033566211,0.6615776931057287,0.4701972737590009,0.48419712483235866,1.5573160768526313,1.0152818724764767,0.7383181770631159,0.7316245698480657,1.0186105785542217,0.7338362798420643,0.7057576817118996,0.2268093979680383,0.982747054411891
199,-0.11186091193952588,-0.1863551179901391,-0.1974389257859363,-0.12190065910277383,-0.18443953769851065,-0.2010627088760428,2.645082543723591,0.19729349541803032,0.14968971077071624,0.14770792344520106,0.20783961249429397,0.13006199188981363,0.14215725446187696,1.6869964800557324,-0.5602459249588578
200,0.8275204629635573,0.0598674518791176,0.05439967146262023,0.8291869856564068,0.07503284421446459,0.06200043810681607,2.4227351796995693,0.9901476256855022,0.167884501062542,0.15723276633866062,0.9867405155017112,0.19999753352711055,0.16168422914303424,1.2513576395242276,1.2926484396245028
201,2.997216111023446,2.3248537523190733,2.0186427763981936,3.0035135361578846,2.3344817017383983,2.0192845073177295,-0.15958956927932727,3.1189353122333396,2.3101528132810376,2.061578352865695,3.1302592531703395,2.312830921670087,2.0682765737636295,-1.1020067842765924,2.4747933778482545
202,1.8621713814671288,1.7035287968651023,1.7305923593380632,1.8690695503476662,1.6987138656115695,1.724217230147934,0.8745281721473716,2.4737410141446463,2.180630073244786,2.101409195535332,2.4805677482959347,2.1719078808303225,2.10960080588318,-0.6147249126264878,0.9564403569460832
203,1.3561993475045628,1.183835769117942,1.2601586344393223,1.3617666838956455,1.1862445542955442,1.2539433398239272,0.6566014427521092,1.9124195549807568,1.6872089374900379,2.0150895665627844,1.9272706626613363,1.673135365871865,2.0348187713753476,-0.4907448662162666,0.6513380692668778
204,2.8647220416816457,2.3418302887192284,2.2720162611259194,2.860015504717216,2.335845816495599,2.2751169938956672,1.2259625455717529,2.942495344373679,2.3905965928122193,2.3166280419254615,2.9430411373651664,2.3722860720107044,2.315991495827676,0.5748058699071926,2.2395284210201303
205,1.6790679588177357,1.4255705448163047,1.1809820410405794,1.7140356294603152,1.4100042199452045,1.2189137305270035,0.7410333793005527,1.6372788799177684,1.2072923723439872,1.0465338235740456,1.6390363465625524,1.207900013285855,1.072971733450673,-0.20653056616774415,1.2581409884056387
206,1.6215115006597647,1.0595162052822453,1.0745129485594387,1.6326628933430753,1.0607990351316987,1.0643660509094288,0.9752675044199566,1.8717607792067614,0.9963655748039894,1.2004789825551676,1.8728712573246544,1.012127257560183,1.192758563663555,-0.34484327611266025,2.298152068685335
207,0.38651719043123894,0.3304569236072349,0.28000500287538105,0.38459141560373344,0.34770139164888897,0.2851401776152554,2.4443071240372904,1.7584479545666434,1.853699436187778,1.7674885934780709,1.7477279477589618,1.8311670473013926,1.66038143003791,0.07256088152795054,0.2338135384506004
208,1.7242489454628656,1.4984230487039485,1.4768638899739024,1.7197449348351477,1.482770449207952,1.4707233845274383,0.25660926140710416,1.8705834930223169,1.5394820265955025,1.5654019678279396,1.8581611089566876,1.5311715174803406,1.5677960434442066,-0.535262926129898,1.3204456260606248
209,1.6419899859323108,1.4611511274344797,1.4307514072427598,1.6416538978212307,1.4661232070083425,1.4412612599008614,1.0172292258132114,1.7553969941139744,1.554499967173367,1.4507118224959512,1.752834337580852,1.5329072020312897,1.4230020518040192,0.09266683849445186,1.0540059526321919
210,-0.03199454574412158,-0.13173819661451022,-0.19516607865410673,-0.018954668872638417,-0.10770355039240423,-0.16333517165220549,2.447193874540938,-0.22323598514738535,-0.4463486833523269,-0.5386604140542584,-0.2146847990379438,-0.4100391671549681,-0.5149052534210563,1.5173547390225708,0.4500524908516267
211,2.6427383211121227,2.4793272577573173,1.913486456444604,2.6496349443965266,2.4757036160446972,1.9139316234380277,-0.057488962705810366,2.8522024831296817,2.6504486426333553,2.139252541889697,2.8390302560649916,2.651312341584569,2.139588895305368,-0.92895049507942,1.6877131566397001
212,1.3393952778930098,1.7181317456793201,1.6163097169647125,1.3291199454297071,1.7272317516208446,1.601413958848665,0.9637389156077752,2.3267319816849943,2.8791793187633097,2.7374830950401186,2.3174089320045868,2.8627119008277186,2.7281094825076626,-1.0472432006775545,-1.2521256504838179
213,2.070660947081572,2.0756601941603203,2.5057263809510424,2.0752667433920653,2.046761141687394,2.5107699655296565,0.3204736304167767,2.3299528514048133,2.3373346508656723,2.642028667620061,2.317147370339294,2.3423803626716886,2.658629392368604,-0.8221682523424229,0.20453683458995162
214,1.2049247776612564,-0.18702969809579245,-0.20118306971967254,1.220721386601144,-0.18363983976172055,-0.20454765580677003,1.532628993980946,1.8981555585176442,-0.013293057810881512,-0.014529895833495919,1.8978365039878564,-0.06122335697749776,-0.008002386761265622,0.18648943279431596,2.806764854912098
215,3.510513513745868,3.6087838969367074,3.2161062073080955,3.5122634221412325,3.5924329249866855,3.211478421949404,-0.9742197245217633,3.4913866496589305,3.5548326413316094,3.205077156274294,3.494657566730806,3.554474502588553,3.200627910771023,-1.7375968681948812,0.889378191194325
216,1.8879514013568242,0.8699904552114226,0.9103981824108063,1.8846002158561037,0.8808255642119704,0.909703364492579,0.8981686177542827,2.3793165374775636,0.9312045218056697,0.9244647907922678,2.3661197859057577,0.899971762790563,0.9241599070048099,-0.3502041441961321,3.248346377991831
217,1.1810014527475952,0.6064189328124081,0.6235197411259781,1.196741069069066,0.6310115192574668,0.6232288662439988,1.019639636848978,2.5815976219879175,1.8685016690191532,1.7747374216483947,2.574114841790573,1.8595356901400413,1.7684600623334858,-1.3701192517182899,2.631530483564924
218,0.20133139794584368,-0.06495760653496518,-0.05841087742882583,0.20955413780025642,-0.07373554928479893,-0.04061849381259098,1.468674510544052,-0.16931123447121962,-1.0488390696653866,-0.8501204329076189,-0.1862761976695792,-1.081884446747008,-0.8162371802136741,1.296656679528315,0.7788535920859441
219,0.49318450614167086,0.3531096780466551,0.34085710782505085,0.5047664597416741,0.37984364428978673,0.3622506349061998,1.9999246531169148,1.1056023254794003,1.1416031849675687,1.139328953638948,1.1225396218373775,1.1220585303789605,1.1125842621693982,0.5414637179316338,-0.1259608764508189
220,0.07521296096321795,0.10861975512107284,0.10581645050651657,0.04548111987038792,0.12080333051498238,0.14920061428914333,1.9815701667879166,1.0151977362743037,1.1177922152932205,1.1532041832361835,1.0300424739783252,1.0897134558474983,1.1909880759269522,0.24473967319678638,-0.34239622379491114
221,1.9307625801628345,2.2204906557657687,1.9393427857459755,1.937448122780875,2.2349376286430513,1.944649760863067,0.19800896317750044,2.006860074957116,2.330576842592604,2.0486771028830435,2.0049854756582506,2.3460963942335207,2.049484699912799,-0.9751834427394276,-1.1129474309508718
222,-1.2685456124863206,-1.2990198088534821,-1.0380790165952,-1.2661050401423575,-1.3003383667207178,-1.0304777682107018,2.885828403201515,-0.9742668681214857,-0.9525240237136677,-0.7748725464093204,-0.9755230987343921,-0.9683005871724593,-0.7651878861227867,2.0360817360690566,-1.032517389783003
223,3.1138886435363435,2.9896389051236514,2.667865137343909,3.1153699047715686,2.986058361821818,2.659265268232112,-0.47949643035126044,3.4874043814714537,3.354376268261255,3.04631283258473,3.4838182482325903,3.3563433119078754,3.046515485310342,-2.028043353886709,2.0145466958733427
224,0.41299480127602,0.14988211150049383,0.12756952846632585,0.4155648163591188,0.15295005115994925,0.13446255922676156,3.7260599191833106,1.1099343585067003,1.3733008824077304,1.521849859447058,1.099800015458379,1.3740390103025666,1.5305550724500534,1.3756716880247237,0.1658825040051261
225,1.7433052539484324,1.6932318675542788,1.787854301562685,1.7574002950544627,1.711974489165781,1.775839925190194,0.7894235281832249,2.0366299604336486,1.9479722085855453,1.9395123521659094,2.021709935805652,1.9623672941149046,1.929216616886576,-0.6137601516384612,0.30739814935855
226,-2.156156496727477,-2.1649641541504856,-2.5484800357586486,-2.1384970616791414,-2.1625565425179363,-2.5464005864170645,4.194758342517815,-1.6447412006054198,-1.688058339673387,-2.2225018559984826,-1.6351195721997092,-1.668149797550368,-2.2558571908912004,2.602398305368723,-0.4536423710226526
227,0.9266095398982958,0.8751728255882917,1.0630401651024126,0.9422668321668081,0.8791338605176863,1.0752038747345607,1.924601827354468,-0.4061203330267495,-0.4945758419357181,-0.566319658752944,-0.42856503478768343,-0.4593941031634746,-0.5440411293783004,1.8283028941377748,-0.07213508424903162
228,2.0799770459604967,1.4653757466021267,1.5724207370912588,2.0803233273033768,1.4615835317075878,1.5763736520833256,1.630395313871078,2.857905176661411,2.1796761724704976,2.3977327111430635,2.8528904873636325,2.1799938355145647,2.3799273922657544,-0.03083123294860523,2.0404902415925337
229,2.160673920195617,1.58489533037618,1.6793295807441555,2.1502893294689005,1.5853164131619446,1.649707647413972,0.5322976297200499,2.7244994467886814,2.072368945731036,2.2614246044268542,2.7259343801075064,2.070477935613131,2.275837763705839,-0.39724695785945957,1.9887908587955432
230,1.6706506040891633,1.989021545725986,1.9305429345897143,1.660237530255586,1.982702924837643,1.9358709838834431,0.9652512722132836,1.5318721949985425,2.024232273613577,1.8344557570378315,1.5326281163744924,2.0315618771992665,1.8338952646271225,0.31187357008629213,-1.3156033174314692
231,2.1331034472406887,2.157744563179787,2.3125088372828326,2.1404555993388525,2.1452871594694516,2.3532907005272827,0.7250267712392184,2.973509751171457,2.9597899348404044,3.3989252010362487,2.964606544297603,2.9616777927998763,3.4061156649000583,-0.97735191827565,0.14969544080987351
232,0.16698773521799393,0.06212491831214362,0.0701191915601939,0.1936737137379706,0.06334743862576152,0.06553953642013988,1.7585376440064826,0.6174509068455857,0.3670405983218892,0.3770975105281967,0.6136520817702774,0.30691310336181704,0.3585614219594939,0.4842415154247874,0.4204102085451121
233,1.101052901106424,0.8330856075269336,0.9778464141527312,1.0972038265149495,0.8326751664266702,0.9836205743604134,0.9280803469660398,1.4827291819044177,1.3012760318487697,1.696704981635116,1.4688379770250557,1.2921172559757035,1.7163801358958772,-0.04208504130817319,0.8038383822531678
234,2.820719493709311,1.9253507273215777,1.7022219658915092,2.793467330766608,1.946880839596037,1.699965810188485,0.1429724039431943,2.0245386441817925,1.0047231885962744,1.0164436319956782,2.0156066998399362,1.0227405442615247,1.019624491718598,0.443704329374949,2.371954630166366
235,1.3650584091323683,1.4092868433878847,1.3148830648498007,1.3649488949821875,1.4075104939783831,1.3095022489439458,0.9523420760173744,1.587782680315774,1.6571028178311453,1.66494006515895,1.5966979829255006,1.6373042764892933,1.6775185711251421,-0.09065343530611085,-0.3993870679126866
236,1.3278005435005604,0.9185790656605521,0.9924518258228215,1.3380779234888165,0.9032413980339442,0.9905551720665964,0.6730524081712025,1.6681193966806438,1.1474423519229162,1.1343400406216955,1.676472364767031,1.1797175593936018,1.1507882881318512,-0.32313183852908106,1.7692628948919031
237,2.5806726031566978,2.7662078038110907,2.5658689271393786,2.574460811930009,2.7590640156012416,2.551189735033502,-0.05580563006728111,2.6811162140367415,3.0927072329498704,2.866631154946891,2.668800011353529,3.1185488882009307,2.8788980257797845,-1.2838972003862374,-0.7246169920811559
238,4.028989183238906,3.042179071211015,2.7888445910991186,4.03468832662951,3.0385829209547333,2.794252260495973,-0.6713368676468047,4.9105197244184104,3.728133485492056,3.267201986217239,4.915714522390031,3.7358333718132934,3.2754655219717224,-2.2467072405286093,3.3929836170194605
239,2.8942638508171323,3.030637933574401,2.297072131097321,2.8818376372102836,3.022326460806018,2.301426800970248,-1.396364871685975,3.228113701309031,3.391318903160636,2.6522274075168486,3.2247033955430267,3.3663359022230894,2.6543770009432137,-2.2069088382142663,-2.816549774065003
240,1.1685361608176443,0.3299569962487731,0.3519753793601731,1.153591453120972,0.3074505580112239,0.3574737888332745,1.6373905202888959,1.2763881803412789,-0.17893549534741496,-0.18592911691592307,1.304709339664533,-0.26148578818119306,-0.13589438676572302,0.09348306099301934,2.409068242692334
241,3.7052878414332304,3.4845252335406403,3.4947158638082287,3.713114319460999,3.463252896441074,3.501129035784805,-0.11094024344613497,4.263330179159797,4.061199865665771,4.26394719907168,4.2940134072951075,4.07094683094108,4.254626325934929,-1.487304924536236,1.5924363069107614
242,1.837215986990646,1.9488744195973222,1.8149936496876706,1.8301990157672385,1.9724871648627393,1.8200297857446166,0.577097804631983,0.9986053658014109,1.175026801098677,1.2178988641903226,0.9971513652271644,1.1710870492432293,1.2252214015558982,0.22880521660838127,-1.7756231161066152
243,-2.4020698514785757,-2.686965026328919,-2.3483629521491496,-2.4054245729214925,-2.6697934679336166,-2.3442500513770295,3.8808023374225655,-2.0405797955880547,-2.894646275451903,-2.703080169073175,-2.046546190246099,-2.9065253930609516,-2.71170657627623,2.757973081680857,0.958363119364361
244,2.6390473687726788,2.2683939758927427,1.7382992669225188,2.6353331430665494,2.2654874167183023,1.740321839525497,0.5688872803755916,3.1990818879250917,2.7472405834711946,2.1338826070443253,3.209473177686705,2.738947248957993,2.1451399355780962,-0.640418531373395,1.7243440590418788
245,-0.657642507416314,-0.9464956596413693,-0.9377602296415006,-0.6639051779625429,-0.9516591315243151,-0.9343501605548983,2.657174826809022,-0.0038385228896359717,-0.5636776241347925,-0.5127888940708056,-0.012537552890942256,-0.5663971205188109,-0.515345925500067,1.2173610025199777,0.8817917406575118
246,2.18457220522871,2.1844671007830923,2.2709285152051657,2.1976612444749914,2.1753211326664954,2.2675587891655185,0.8543492245013653,2.3276835848090434,2.325559999472917,2.4008218235103977,2.331758527714471,2.3320121271690057,2.41201969449214,-0.48989581985158615,0.7837598164098672
247,1.2934088037246725,0.9081354564706494,0.9400235428739184,1.271928788505776,0.9151462115379608,0.9230946983205942,0.8087578564798289,2.079896218889277,1.4721479937953137,1.5967475956272246,2.1113218242510006,1.4637221369902431,1.603860158348341,-0.7802897695314821,1.987060612856315
248,0.08144786584315475,0.27499463033936394,0.21548000962368677,0.06955214736722104,0.2662471727755199,0.2191269162154184,2.2608017483850245,0.48111406733921885,1.3658351393575066,1.2344377625544583,0.4629671904596607,1.3762218511950022,1.2405493866332769,1.168234254363316,-1.1484878686730067
249,2.771301439102173,1.2119908611799741,1.303843988412543,2.770136077983999,1.2085387219831532,1.2964485648440378,0.19184269730497838,4.02364199380387,2.3455246849986606,2.60451823336958,4.011107928220543,2.32444802191689,2.601042338141131,-1.6680418520090108,3.4105892169319385
250,1.9354691917074671,0.7146745725700439,0.6948264255796502,1.9292385444084228,0.7211532062217091,0.692541163884418,1.1140724984438695,2.4431419816589846,1.0730538794869315,1.0600925569198854,2.42519849445851,1.0709672850673517,1.0553070188534617,-0.19293855833675153,2.736075239080599
251,2.1314426596959155,0.6279923546771211,0.5578734806610341,2.1288389353488015,0.6418707405706149,0.5530495270570052,0.36918619011734455,3.142676462025993,1.5359565077045771,1.427929735527323,3.1165551265268054,1.508296787049882,1.4199296992435628,-0.9335787770993353,3.4823747943123413
252,0.7838325734798214,0.8689105215802194,0.9503635471424121,0.7830053645621007,0.8546145993457614,0.9551918371637973,1.7939431986635075,1.8965202950281712,1.9889830702194284,2.110216605468891,1.899413139339219,1.9881523017922906,2.0988493499665353,0.06008761734404494,-0.8587725462838214
253,1.848806502691985,1.4016285996165436,1.5110615793880011,1.8615659149385508,1.404242681437967,1.5506563847521477,0.41066049726729065,2.2570794736750415,1.773447282958036,2.0213090730608974,2.2730950495918565,1.7853736769928454,2.04830309517385,-0.8623804419816149,1.915971799785341
254,2.0186178279512736,2.043646525754984,2.3159248586472296,2.0113469895544265,2.045967499631979,2.3175736783392713,1.026061234563376,1.5142557974167503,1.5365639974013199,1.8406804982222893,1.526545853434046,1.5359454613358068,1.833675325020687,0.44044656236762403,-0.6821570843168548
255,-0.5301193926356861,-0.5908425752828974,-0.5661202456416313,-0.5398560071926969,-0.6060564679429267,-0.5385250465497636,2.824347803029969,1.0133567364649612,0.9506987284733427,0.9421025831587443,1.0012022930736895,0.9206177454220036,0.8851460703745476,0.44895943545331807,0.3192457736022013
256,2.3971540938831613,2.4440261448688156,2.542990648581783,2.3860343410925124,2.4533537772356384,2.5427159046139103,0.3442261400270968,2.7075891778693864,2.8104267067137547,2.885550013669926,2.701731266164795,2.822083238963042,2.8705195079239214,-0.7209351323742368,-0.667332604994811
257,1.2978643137257122,1.3413484689784574,1.2707150003623924,1.2929387548350344,1.3245945673034754,1.288886223547631,1.242355652094476,1.4477859176862282,1.4593128484038755,1.4020226515882857,1.4694602267926824,1.4877165592555244,1.3990624342961886,0.2635598752383507,0.21046546855385165
258,2.4352015245051337,1.840468098072383,1.6774628412317758,2.4316217180794686,1.8140357267675695,1.6643217767139442,-0.6256553571199015,2.4049209988571763,1.6989370161904227,1.56177953605565,2.417297862495658,1.7326223952845707,1.5588340247318972,-1.312934099633699,2.585730872831939
259,1.7885431013229853,1.6997621382772108,1.474336756157553,1.7757742067815858,1.699289083637587,1.476490633939852,0.18499050754442975,2.159736016727229,2.0349824625357895,1.7859453526620477,2.1371245820208085,2.025271652229527,1.7929886570784601,-0.7837430513236298,0.9799923690932136
260,1.001013433019528,0.9431396691675049,1.0683983413526967,1.0002124374782284,0.9350482587225598,1.0584427463178856,1.8207658571173748,1.0042515183425917,0.9254547225292359,1.1352088162261649,1.0043785761862003,0.9213349045986936,1.1398261562627015,1.2940321247662652,0.3167450026794237
261,0.7833198729719819,0.8598370444172204,0.7612765352486908,0.784409968318719,0.8594971392775643,0.7789919699634621,0.9832424455852169,1.027392186399282,1.1423100576013472,1.0499443099127166,0.9923801783304572,1.1176668943535348,1.0224925789455914,0.06574139236487243,-0.7840382154742569
262,2.3317960545741747,1.5620609870647604,1.478068151434117,2.3190885555142335,1.5581922667937094,1.476393488851312,1.540562421038627,1.975896364238348,0.938873034000758,0.8777937071626627,1.9835940594650026,0.9317103270361502,0.878214370118253,0.5796169446444955,2.3977295523768016
263,2.3750250627984744,2.1951373599975494,1.9673503688443552,2.3835519044315525,2.1963483339341807,1.9605836296927706,0.4812054569173503,2.323889914754288,2.0514604299037633,1.8753859906369548,2.336937097620258,2.0142242456166435,1.8836044423438567,-0.4772002722135104,1.2714033077574076
264,1.336801263705196,0.5791814906515925,0.5678519236052613,1.326515802706604,0.5843061975774514,0.5571266434162165,1.4056894863025415,2.1129023503420057,1.4290255159721825,1.3822167368302156,2.1160692153593432,1.4281139972249006,1.3747391639303317,0.14329149356710974,2.008900432742841
265,1.7472745410889394,1.1317351114303646,0.9563778767412352,1.7328625408796745,1.1189846789065672,0.9604007657205841,0.95841525438223,2.5281115422479594,1.6440701894011036,1.4001747120818602,2.5100472364485573,1.666570146250198,1.4113861302824768,-0.5275390160535393,1.7792428389409947
266,-0.20302501733238215,-0.3170567471580322,-0.3350322998853858,-0.19201992939003704,-0.31659284704295926,-0.3144399295956397,2.72546337701571,0.24164841062966896,0.0037848646682226146,0.0038265261802244645,0.2542985694745815,-0.05099612855786116,-0.003104672685908029,1.349763515065827,1.1212212703299373
267,1.6647494757583792,1.727802649355495,1.5092382442080436,1.668292131067898,1.7170377075086556,1.5022953678714435,1.421520548249775,1.6868018745195754,1.7898351334459623,1.6855662362253825,1.6942203859443197,1.792848736234298,1.691055897088589,-0.05905288696857934,-1.5132570347979335
268,1.6931064253206296,1.4342179000200233,1.5692697731825065,1.693829571327588,1.4280880099186726,1.5728164378835783,1.6291947582715511,2.400950355863117,1.92835192421788,2.0248046587293067,2.407836672673435,1.9191965492351468,2.028477091291876,0.04697813864532975,2.460045707378403
269,-0.4867308487621521,-0.7896585045985544,-0.7054692782244935,-0.5054283626664771,-0.8082075879963939,-0.722153734969074,2.6266652433022823,0.2765426045080063,-0.22315639770567494,-0.20339272696652916,0.23047796182440705,-0.22208976870647695,-0.2415441729514873,1.0188362761319905,1.3238967138739288
270,3.569347092835234,3.6509258124753123,3.2454001477389296,3.5532571321280306,3.6391580528525966,3.2519354545967434,-1.4422022835177046,3.4023047385844394,3.481778005196968,2.858332199891628,3.4039324637743102,3.4956428095794254,2.854852496657709,-2.111367851180637,-1.7655098652643377
271,2.0433518900313783,1.6587672351386598,1.6096390711187243,2.038555542752033,1.6753727901589086,1.6427163203457573,0.37079304669595153,2.016904529947726,1.5539832127487971,1.4427862233861661,1.9876582373387328,1.560826474501326,1.4964317385048442,-0.32223611053185797,1.9761061493912493
272,-0.9354124483507927,-0.9087213771874277,-0.6787549888391483,-0.9362664332082185,-0.9177656546745231,-0.6899888842058028,3.1748575969593102,-0.2315424296274991,-0.19979141381091337,-0.16753309263185054,-0.24446102322993965,-0.1853277032166166,-0.15525258002462966,1.4713682521854072,-0.5667511431014972
273,0.8049171430192203,0.1890818697574837,0.18102926986168066,0.8047188750124948,0.19483750177555287,0.19331019833152213,2.139272350608251,2.209523903235051,1.3017613440017313,1.2099502209114195,2.226040318457958,1.31149083714497,1.2146276229626358,-0.2667678578287898,2.2206598736060266
274,1.77404571482856,2.064731159145023,2.1849348102547483,1.7692022908948848,2.061107528648885,2.1925061977320346,0.4721689763497878,1.9531909541888393,2.407893201899643,2.985786381016323,1.9580420245913486,2.395147939284887,2.96297573126785,-0.5677131392676282,-2.63214466072712
275,2.0028228750538593,1.6360335514426245,1.468743948753165,2.007525940459498,1.6317863893587217,1.4767824725319942,1.1624248423047439,2.5496228709553197,2.1427339746130376,1.913711906918549,2.549554134954891,2.1406057209644564,1.9088812904221861,-0.21987116236391668,1.6380679277742745
276,1.7978472113945685,1.6225979916199913,1.5323864867374326,1.789928950022461,1.6353546614891559,1.5191049202108975,1.3598615335778008,2.1922231806497012,2.1433598741667845,2.0172618908118993,2.1875561767352756,2.1472088918608967,2.016278997506929,-0.018425620904612316,0.44089619913443684
277,1.916299480240317,1.9085271117578984,1.7254975697381327,1.9200346510641122,1.9156452698911546,1.7184362238291135,0.806443159016191,1.6136079631882796,1.7838907765779666,1.6118317909892663,1.6206674502921223,1.7762469893986594,1.6066274203380133,0.22488875673449443,-0.9020586536329334
278,1.0381753859076197,0.340848586214104,0.28269231199906786,1.0299614228548524,0.33767505343117443,0.2653590221189186,1.7239395050247186,1.0050350245686168,0.11322062925170184,0.09478364689402802,1.0011099581197067,0.10482731607398799,0.12487199939625213,1.0009389162886644,1.5945188848291394
279,1.9173835332548224,0.9247719179223927,0.9141758353172033,1.9179451476395475,0.9343894285948717,0.9074625732877044,0.38388092104357247,2.6022818210416205,1.4677883049655773,1.5393205928226377,2.614319187669147,1.4951984401780183,1.5357509711775716,-0.9254090853768607,2.406325367462979
280,-0.13392900813378686,0.08022189006671732,0.07926104097113401,-0.1289497453367797,0.08902079485814235,0.0768877040675441,2.444780161307069,0.008212756132551312,0.372383929393343,0.41340376614934393,0.015925194464174643,0.343868615907352,0.41351056611287035,1.421141582190729,-1.1751499623959358
281,0.7035353494847514,0.7796535440834118,0.8572283251851274,0.6982936628113839,0.7691643355765649,0.8692151573340015,1.449639432647525,1.4380002385129775,1.5436036418727392,1.5382544690278426,1.4244141269502504,1.5605921806382623,1.5255164545469222,0.14711032824375345,-1.0157356923966103
282,0.16757439553769515,0.05127532148218803,0.05888745084254403,0.21928330023590561,0.03458172972955764,-0.004000751042692827,1.7346675427827714,0.3186120509153113,0.09644987524457946,0.10890655348968363,0.3430600914412809,0.0923629639995407,0.08819776990897528,1.0559911806222906,0.9975172461820515
283,3.4795345032290315,2.5272381298408493,2.423355920259859,3.4770185328185024,2.533082893281273,2.436873921135534,-0.6190932108081896,3.4719829170050995,2.227272426159435,2.084826606026459,3.459395663616197,2.2151667616716675,2.100280776668496,-1.6050224367063217,3.8453909034156175
284,2.8629390093473526,2.5869468874120245,2.453893813474961,2.8618402957232627,2.5811858622861403,2.4528604593505183,-0.22097422810752404,3.4234750081388317,3.1595302892278165,3.019970407060023,3.430409446669029,3.159415920373668,3.026377181386726,-1.6193043773814626,1.6476273500861223
285,2.336696893731533,2.26573855362842,2.841108545443156,2.3393694536155416,2.261937444087556,2.838309653026646,0.10123821582409762,2.562447500137138,2.459259372865247,2.79074459300483,2.5631552316832855,2.454957180151002,2.7974761857027484,-0.9463630892778054,0.7438628132689972
286,1.6066415984402527,0.9736357772004584,0.9789207024251502,1.6128018667162627,0.9672917140401254,1.0060812832826775,0.7453384805265597,2.0898853087487255,1.4241944387589758,1.476069668854616,2.059809488477986,1.4406947518404367,1.4517180253162563,-0.6201087291133751,1.378194640373694
287,2.158274818528871,1.905859360812771,1.7035087197761496,2.1721655743906902,1.9329076917668906,1.682628922708545,0.7105700750546092,2.129888718269341,1.9242328336014471,1.731273960441999,2.131555357909121,1.914108027396538,1.730132295561449,0.20564867620377414,0.8545508827733173
288,0.4233271667754477,0.39803210272651396,0.43266113855083504,0.4285465186628202,0.4124250757303565,0.4194862213022907,2.020733206948383,-0.6178350442776185,-0.5260231500482454,-0.5266227305200921,-0.625808249576358,-0.5084842342896877,-0.5038553538980659,1.6385059526379364,-0.5109859520182701
289,1.1579593890525333,1.3362051653890852,1.2173468260046938,1.1746578848654046,1.339863532829982,1.2126793073356084,1.9064748275993677,2.2785509949874507,2.5661193344973188,2.2099906502580104,2.277320140392227,2.5680897934244244,2.23159312481606,-0.6693819393837123,-0.6853849282523881
290,2.8124631988699442,2.2166858512113983,2.082981968332037,2.8275640275122047,2.214464781158125,2.080704474795199,-0.7010830616241196,3.4688929615645248,2.80797149410015,2.514270634413774,3.4622168624354654,2.8055879022418955,2.5186150875173574,-1.7769852148819076,2.9388703398739238
291,0.5645095487294589,0.6305631043408501,0.6456841557091372,0.5870170391240314,0.6361623078027416,0.60288661664946,1.3921228380473414,-0.43522080457909257,-0.35733664240774443,-0.2973781267870039,-0.4077388828886936,-0.35142026058910686,-0.30344406934615753,1.2763773927789845,-0.6552099350059472
292,1.0461740834463806,0.8849197842460913,0.9414754096488288,1.0367725608398155,0.8777138369093977,0.9498673005288504,2.204922034645968,1.4392801121006225,1.2374615175715193,1.376298471935,1.4347312187413608,1.2375868803769259,1.3783368697466816,0.7793091697729503,1.3535555214601973
293,2.729686028089408,2.7513474826239555,2.679064845779487,2.7309128665963005,2.750760262564746,2.681095835337544,-0.3526653406171554,2.6538155695603565,2.682902472215773,2.6986440212764276,2.6580338635479714,2.682104542848771,2.7071192448673016,-0.9675117999217848,-0.800292360367405
294,3.0889464137481832,3.047529790402855,2.954914257752348,3.070429484836549,3.061838946617406,2.9600466787175956,0.05165531922774559,3.547659903575272,3.6144896024474704,3.465418627812758,3.5373590930308856,3.6116226900713855,3.4609941692443686,-1.2751457013302374,-0.037946921287211687
295,1.807094395930583,1.864960689150673,2.1203402459316965,1.7993227808974637,1.87007971125941,2.118186335030972,0.3600735333633497,2.0001490004304783,2.061584564223701,2.421321768042651,1.9932488315817876,2.071782447174046,2.4153279955313134,-0.23015261788186114,-0.14276809858096773
296,1.9170433589780498,1.7854567446202347,1.8728527897132485,1.916244243166278,1.790736653053353,1.8706782239468827,0.2459131083389172,2.2156762371066114,2.0299295580042256,2.0649311550133516,2.223121922784185,2.0318255071787754,2.0555179772120935,-0.6706017663022085,1.4742499129428424
297,0.9472367969642393,1.2921812887461794,1.0917954911019816,0.943470563560574,1.292220647559843,1.098416357601206,1.1378880852569606,0.958237634347867,1.368498765417747,1.0930632970233554,0.952482356984477,1.3626068750572715,1.092475877561433,0.46011494270623216,-0.5321613975255234
298,1.316450845394689,1.2273253180521604,1.046208014204828,1.3130506936504045,1.221946324563646,1.053541966461651,1.1022131170858134,1.7813572397579511,1.732123220489775,1.4089013960109504,1.7779741851595496,1.7246368258270763,1.420774657316175,-0.054599789227004175,0.872350172983604
299,0.6854559019963384,0.6049046018335958,0.5504673740769785,0.6839986154838881,0.5790368057807719,0.5382550531559613,0.9492408323342099,1.3980142099750719,1.395664553148969,1.2881217431147505,1.371535767659152,1.4258330742251095,1.2581475033884317,-0.28630008227612286,0.29241910703924473
300,1.540197089173928,1.3938340876789106,1.3503753835868353,1.5400941272516104,1.39378182579308,1.3650766995176329,1.7025185113896235,0.9282807865018645,0.5859981866246086,0.5548266056607047,0.9368519622308114,0.5750456974049153,0.5932688094151622,1.162125617934171,0.577359817550617
301,2.0634156017168457,2.1165312571440955,2.0430152042386385,2.075441631448437,2.107101507585604,2.0610533586738784,0.7591467843448377,1.667663332404221,1.7050118591875956,1.8484487042944533,1.6822031697116744,1.6918453681612877,1.8424911600767349,0.5486102811745535,-0.045468746451719694
302,1.1150407656542798,1.0159883353734693,1.1419160720461983,1.107201125072176,1.0115638955790656,1.1378137614245538,0.9820318996230388,1.5569248757889493,1.463526692250258,1.6417739200593642,1.5736160133152652,1.450946564597062,1.6332145278569252,0.020884579850817816,0.6099644689190671
303,1.7821370771547245,1.938397062317325,1.9276225654853236,1.7802475614748081,1.9345708166568034,1.9291755066949858,1.1345234058199267,2.2905233676150902,2.6197135659882327,2.725957829956714,2.2909381252843932,2.6285374269290087,2.722187907729775,-0.17635505519659653,0.5262226035261635
304,3.5407847848065312,3.1941687830715297,3.6045727383143946,3.5365998555238285,3.1922332996917477,3.596864437222292,-0.9141439472750568,3.62451096524976,3.178612689219372,3.4421908485558665,3.6184869675940514,3.1846693072398606,3.443862875627888,-1.1574737738388057,2.248311700647536
305,1.3105198424724618,0.24609348786402452,0.30001706413991747,1.3126160034413366,0.2354023551632719,0.3489737524357188,1.3989973528240396,1.5925936941594119,0.12440969406702179,0.1371018178349629,1.6236796162485188,0.08489820582921474,0.07058988163785783,0.04880273234092294,2.0825475990804203
306,3.232117644887863,3.289591135936083,2.956957240042513,3.246170136086413,3.278511787408208,2.9483266700975967,-0.3590414438810825,3.1757598692525892,3.3498100744885515,3.049922449340404,3.182829572107072,3.3578661099734255,3.0658953610183977,-1.0079986916605173,1.532395962306067
307,4.221278176611297,1.0237168178449518,1.0956224837156217,4.228853442460706,1.042740658912319,1.088571893843242,-0.18132104957772086,4.476495797607599,1.1999076309083618,1.3005102160346822,4.477918896134022,1.1796766863274162,1.2854893267835161,-1.0414064963347123,4.974924739162503
308,1.5101164538135914,0.9103842562563342,1.1429901453868974,1.506965810132074,0.9198939263174558,1.1462720608348107,0.3598863403269381,1.9595966156877258,1.1671208818546748,1.575648284188786,1.9649495692887713,1.1780963686445791,1.5763598768698601,-0.39519297471069165,2.6246385409806425
309,-2.063611674910199,-2.375138287847024,-2.234811996190382,-2.0524402331254166,-2.361536940618394,-2.213803096987673,4.05470913966187,-0.6889718423237112,-1.2370567938542159,-1.1411500226966098,-0.6106354528031045,-1.227014710936108,-1.1146939468220505,2.1344652162118205,0.650428459149924
310,2.1042870703720684,2.129327634059182,2.301743644364474,2.093549231830371,2.1273804210688736,2.301620636163686,0.44776471309671806,2.5220187178975575,2.5453209779854764,2.6876829922562546,2.526755799966207,2.5428708218324516,2.683785716053335,-0.8262024564750085,-0.274810362002007
311,-0.03265587765841409,-0.47190091090176955,-0.4368215650689979,-0.027960223569308284,-0.44615282736241185,-0.4349361264104471,2.389404725000801,0.9572412644484474,0.40079458067270507,0.3933408572731184,0.9565478251849333,0.3604661083353552,0.38877879184957853,0.7218898803970899,1.9282472721640063
312,2.4060344766734056,1.9744983681495292,2.0271107521467693,2.4104270608143286,1.9733779091142611,2.0423408813412536,0.5259918075573397,3.2578134792918783,2.9548948569719724,3.0157206752607193,3.2538046264695937,2.945467806976677,3.0091627746876917,-1.0872699882416224,1.4477698096529508
313,0.37609059915176285,0.28956620462707083,0.23916971979159574,0.38048737400734406,0.2864069057437552,0.23865699017250327,2.243900347523193,1.8387974015151571,1.8929970798227171,1.817042544787676,1.8537888188488065,1.8949841690090838,1.817484411111981,-0.261946621567072,-0.3190095165932574
314,1.629524014796834,1.3605965061664729,1.189398049390684,1.6375169200222468,1.371705436035817,1.1833981045354593,0.7868525872557456,1.896731891233425,1.6563931183049665,1.601912910564957,1.876795109451837,1.6838049298743585,1.6134014675243882,-0.18442489736734388,0.9527651526427297
315,2.937295294948359,2.911747400867339,2.772630223294882,2.931534594375542,2.902108674535441,2.7803065933041706,0.7110118275045284,2.8454050230528183,2.9359070014293787,2.738041456177692,2.85475973211517,2.9368690602922745,2.753038397163559,0.14389999567363598,0.9019347429805588
316,0.4479300062714302,0.6177769358167023,0.6028541981631497,0.45345969153486587,0.6459718490190379,0.6382787005225311,1.5844942769722088,0.3419981848360198,0.5629598129943134,0.5460833630816707,0.335958173096407,0.5452266360501287,0.5401648512228563,0.7042916150120817,-1.7218368748695305
317,1.6954582897632045,1.6877616131975461,1.6827728021819013,1.6910932790337485,1.694603258131074,1.667727591936708,1.2951520731810604,2.198408320771295,2.2289552991397787,2.244825498049227,2.182774201391065,2.222365622926478,2.2662593580543158,-0.2374470190520823,-0.12981137609962295
318,0.6074243068779261,0.2853865012857093,0.28566073077648674,0.6083956470326364,0.2746066501407207,0.26839077862130856,1.597731500978017,1.506328731344775,1.2156034743016466,1.2195800683934577,1.5041024334553805,1.209484551362703,1.2278212565092734,0.13484463920295725,0.8292357485820471
319,2.2812651978523473,1.5945516097616799,1.5972444544420898,2.2586641311461637,1.6179094133583338,1.5842152984406455,1.331323645908799,2.4374751382072835,1.4375424287118699,1.4288314215207683,2.432522716514795,1.4187530878596948,1.4307133422428437,-0.14629584810317955,2.8067322632158813
320,2.2975709738801657,2.5123980555996224,2.605442189193668,2.299127155380853,2.5102193180007415,2.6084107513355916,-0.07286200635323384,2.502851498069205,2.789401699638054,2.9774211472768664,2.510299766520996,2.785311579372796,2.976626124038556,-0.8843799572976204,-1.3082929736584377
321,1.6803075128492182,1.2314297602047954,1.3193925349902282,1.6860666619497031,1.2338988366749466,1.3158932279092486,0.5225343723027541,1.9362137924783704,1.3294284088602144,1.3220862653886458,1.9321341941040928,1.342571533753773,1.3158598242146586,-0.4668211951288597,2.103032211443994
322,2.9319319102892045,2.4399853231804314,2.6132952709581856,2.9119364472347775,2.4383714210239256,2.618332191291925,-0.03705255255930929,3.3593786574004763,2.7455883042018474,2.8755759247960744,3.3552810402401234,2.7352152067237556,2.8759153126532,-1.3061125219027971,2.2673405508866398
323,3.4318290583461426,3.465078252579801,2.994608907337199,3.432685926829172,3.470520926395517,2.9978320128833227,-0.8826052606242489,3.659836531879377,3.718611869823366,3.230117012679919,3.6624374798882364,3.729110223100294,3.232030170348861,-1.7583285787816847,-0.7965546637718365
324,1.1374556510883271,-0.8498545615662975,-0.76988413831411,1.1431481674354413,-0.863808421419579,-0.760031038472019,2.384577789293437,1.8417949595137009,-0.645152932758501,-0.6056462639159884,1.848960642604899,-0.6221920815180947,-0.6321797545454105,0.6910004653557101,2.2989629614191527
325,0.2846081661507938,0.49953559948842735,0.503868225798457,0.28037440651605583,0.5121463234874127,0.4858223655833241,1.931388298405949,0.9119762802701535,1.2449861436432474,1.2608577621567543,0.9033719205682961,1.258744372549149,1.2527515586797613,0.28701464077848704,-1.6349816455288093
326,4.571130503904125,2.705676234083319,2.5948997699167817,4.566661128575081,2.7182106777313875,2.5966723372385165,-1.3646347455841896,5.032137324975862,2.905093703956939,2.8491450802965472,5.025069718538366,2.9259613034273886,2.8510826461154677,-2.6434739905020552,4.30431493383293
327,2.257015659777689,1.851277599907906,2.01914681155562,2.2719123555292957,1.8527006547522724,2.0152111908916606,0.5308589105457489,2.271879009177923,1.5942966920571116,1.6353866142815718,2.285805220301957,1.6035470888386434,1.6386452815242396,-0.2786443074349791,1.6332053991985196
328,1.5143765023244313,1.4631799451214305,1.4849315143166684,1.515240397405477,1.459009312995554,1.4974131352263738,1.1060659162256639,2.029237118533708,1.998257869804049,1.9935112233580559,2.0454618299517993,1.994157386022425,2.004070853384388,-0.2611951746843203,0.029676345383251323
329,0.44332854482339246,0.3507203075347082,0.3189342469160264,0.45088293123233575,0.35899725914905384,0.3186642974771447,2.3154811434856084,0.764843585912007,0.569255718738589,0.4914182225503562,0.7694568385154803,0.5394473592855556,0.514012702800261,1.1375224558063084,0.7209723277775353
330,1.8439596745607179,1.9147323320829215,2.1880533526308485,1.8284420252615603,1.9074549029490475,2.1941407729290283,0.9760290371521807,1.9015440733780877,2.04534300955759,2.366466922246,1.9640928573101435,2.0280754358571853,2.3940924902881244,-0.388073298026581,-1.0093423525970784
331,0.39958936754785046,0.12351043615984611,0.10999537580362949,0.3933182169422766,0.1475180770273437,0.09618453605669894,2.2397384629718085,1.6272478563351054,1.3221831189745918,1.2503373449946298,1.6273999142897126,1.3309441481215551,1.2610244478228776,0.18210119516533985,1.1835777333262811
332,1.8586441508056228,2.1414961758393782,2.1027308147991532,1.8519405052843556,2.1560499796706667,2.1057935650215303,1.7098927135112567,1.1860983961261045,1.694770898904437,1.8958997180866004,1.1780240224666216,1.6858418403737065,1.9003603670521017,0.6960866964836785,-1.6361267797065937
333,1.0459215971582703,1.093430406179071,1.0401792333222932,1.0277855210373896,1.0760879615352814,1.027801961433691,1.5286067527075162,1.6999782560378767,1.8097171879896847,1.6883385636962946,1.7012282497535485,1.8104888944269057,1.6754692139747103,-0.07190879142627662,-0.5038823271170174
334,0.1565516879546088,0.24187665039394732,0.23490413568916466,0.14405773630068508,0.2606812994480207,0.24169768072167463,2.057510406978135,-0.48900342220695214,-0.2887529194344731,-0.27361797231152224,-0.4942021551030383,-0.2748886155981651,-0.2546082849620169,1.331608545762818,-0.700990777551032
335,0.22302713882368344,0.3249888055182048,0.346013649591096,0.21250541339603185,0.32275118421165466,0.34867875042794577,1.445570837734231,0.18598506491473799,0.3534475009733267,0.40715623699606346,0.18847583465598944,0.35582608237124597,0.40566377850108604,0.929358161436072,-0.9212749876503226
336,3.699144786417348,0.3746108856310825,0.36095046716957213,3.6855691871705987,0.3872245718150911,0.39641163109744365,-0.9099453304625668,4.697220603086725,0.9705410803511615,0.8640361522828667,4.768173551567586,0.9136817180188144,0.887853698616455,-2.2892127352285896,4.923055330739768
337,1.529643929793082,1.4481011137159678,1.547775816013578,1.5288141684419354,1.472678370683889,1.5500450115320712,0.3252648272006569,1.814431543078934,1.764514523956185,1.6192942273575612,1.8092838298182063,1.774764288661274,1.6164524777857945,-0.6599341408081576,0.6665613878433553
338,0.8849264449109879,0.7809491478267625,0.6758024512450818,0.8697807001483358,0.7967829017831725,0.7355471491834803,1.4141133988801065,1.1367717716611399,1.0175843464851462,0.8714481235347742,1.1275595699667913,1.0687367382774453,0.8600119337115918,0.3742220580206,0.7438751820720463
339,1.1758905498675796,0.7360628598564694,0.7249958088143724,1.1370179731649306,0.7258306940981958,0.753945697024555,1.3161286248720159,0.4486603287383823,-0.5406878631799165,-0.5431324902582352,0.46355547439552497,-0.5195071594190666,-0.5549110898602224,1.1443696640856544,1.215964741796525
340,2.7727824762388673,2.2520882815070293,2.3521685499292664,2.771385160215566,2.249283267367014,2.3453227552465163,0.0066272407886313,3.1041623239195997,2.7152101352157008,2.7547881129889715,3.101128009105322,2.717201420666593,2.757487377133701,-0.8918317914550274,1.8895966808025235
341,3.799135767380924,3.5106250726497956,3.7161953432131645,3.802192898585927,3.4891696927960316,3.7221524387737226,-0.9939597517076847,3.039074144285958,2.652273708612959,2.733750791466632,3.0473360431501626,2.6457877573113464,2.7116484218935484,-1.4267941525614474,1.747752550039106
342,-0.43147980989215534,-0.3249557285703906,-0.35143671903304746,-0.4420979422292447,-0.3259459095980578,-0.3216126978412821,2.4933470709472014,-0.21693008680358386,-0.02515596996314736,-0.027947871055144204,-0.23394516111362423,-0.0471917679848044,-0.09905945642490824,1.3517781303539569,-1.4907642646901764
343,-2.0079669271976175,-1.7865628539317886,-1.44310336683399,-1.9872612414510686,-1.7765990648139964,-1.4236807012685164,3.6236300109545914,-1.883736236088296,-1.6598254299029171,-1.2993048006098902,-1.8365597061847863,-1.6447667530456644,-1.3096504558513986,2.5456895128169945,-1.200258080353082
344,4.839181311863571,4.151676622800695,4.025408779506472,4.83352763275281,4.155540139962912,4.0302730622637855,-1.7144643901838574,5.04217765132563,4.226713471830898,4.2692663717445605,5.051217505195514,4.231772742301647,4.274113915222595,-2.480650125901172,3.466367201062807
345,0.4174019662668452,-0.18289623803772737,-0.1835495339344346,0.41552748415953583,-0.16538557020794703,-0.17526024597343573,2.084407221122499,0.38188011293967433,-0.620977565782388,-0.6570433240578007,0.4297587060022599,-0.5987555824395843,-0.646370418173047,1.3786885022572086,1.465650580644447
346,3.1672700581107525,1.4894655845088725,1.3595730046114176,3.166979500887023,1.4744984738342657,1.349515502985465,0.43511325075503743,3.4450075339816935,1.350403362949816,1.2318721484283062,3.4341915633411424,1.3627112712621703,1.2381079106709634,-0.6674476847986076,3.3234759541429004
347,-1.221214462975086,-1.7487247373287598,-1.504490750338817,-1.2292296644587881,-1.7756498430529513,-1.5055729891836251,4.575421302514685,-1.271745685530663,-1.8441456640002103,-1.4494293270141176,-1.279723151296825,-1.8168816186043506,-1.444243817907695,3.3379247418870794,-0.27281871443258354
348,1.4281641745093492,1.5288701564121374,1.4158496998993115,1.415688254677477,1.563591975409132,1.3972323406343583,1.746495004445654,0.4673195650243816,0.6425636481927153,0.6088256026971919,0.47134336557874734,0.6882183947048118,0.6090153718246596,1.1907705359115806,-1.8488867241189322
349,3.41104839825985,3.2184077508498135,3.4926437707267466,3.415505606456569,3.2239645219238815,3.5034417635279973,-0.1579903231579706,3.889875706922976,3.625011218535253,4.097963294279965,3.8748509620295337,3.6268408172482265,4.095662263728092,-1.963143075038645,1.754325613835915
350,2.919984194423786,1.6968009046511852,1.7732835440178794,2.9198898706772933,1.6985328938675135,1.7660903333599374,0.1356281460461883,4.008391283658617,2.6804257818219606,2.7806583018989337,4.01193317583948,2.6544827617140734,2.7821563693099542,-1.9779413481533383,3.483296899380061
351,2.2317824863469164,1.815966251022904,1.441254331167834,2.22869081469171,1.8250306242533185,1.4319156054016222,0.8164435894779436,1.9295889411673355,1.3916516885549814,1.2318220753541036,1.9316422249044547,1.3941080593844626,1.2283112973064318,0.03361864398442632,1.2987750162564358
352,2.2709136089145043,2.213644488400657,2.194765720762309,2.2806220302990226,2.197732362557824,2.1961783642390174,-0.051389975449077765,2.963377845864448,3.1025610684240053,3.0257678601762508,2.967226286458984,3.1117595025751617,3.02600002949727,-1.4279140622148818,0.6854950094982192
353,-2.0692128797199807,-2.0963143692764734,-2.554006560234524,-2.0486858582780183,-2.101148604833975,-2.538589288906331,3.8087619748269406,-1.0664034779830889,-1.03580165686804,-1.164664124018938,-1.083456690530295,-1.0576277831551681,-1.1656075349847126,2.2008854809270013,-0.27196222075230003
354,3.289520241205971,2.9646200493919137,2.8974820414439795,3.2908546242175483,2.980052742581737,2.9083089931397064,0.24720243756036495,4.185757199904874,3.9174237156319918,3.759136552164036,4.187939109614834,3.92519962887191,3.7541462843740088,-1.8340177887123954,1.5590215495232655
355,1.5567388940106792,1.5474498698078876,1.4987738559940513,1.5760979473840513,1.5440798187311648,1.4917139742561898,0.7286378955874859,2.017998930645881,2.0069945041978907,1.9429528195176067,2.0365559232038257,1.9971790113190462,1.9392231519108987,-0.9586500891890971,0.022091865837328202
356,-0.5933250768897158,-0.5824275510402759,-0.4874529804729835,-0.5706016388583462,-0.5783179248765468,-0.46944639185312237,4.154008531589663,1.528312554432078,1.5594919366854678,1.908273175261169,1.5478426781276644,1.5837539371377454,1.9003185966234006,0.4725334082843724,0.06581334782964492
357,0.4466115082558709,0.3787104122504091,0.3570340788506109,0.44823584552106005,0.39775869520733464,0.37162878541667604,2.1770305284632365,0.7902964659086618,0.6533110081956601,0.5499111278244857,0.7940147841723253,0.6435140586144751,0.5597308300579599,0.6476299860439446,0.6391749687872712
358,1.475325637341081,0.5490219198639675,0.5461832769332916,1.472934058143943,0.553358063781721,0.5532464715992391,2.2519657016405557,2.09195738669191,0.8654137589463515,0.9124560628715921,2.0798748263465523,0.9023466387115877,0.883100541562646,0.11898127178180166,1.7370650329998867
359,3.932366833598668,3.2379641155595738,3.276044682808874,3.9270281700048697,3.2395412557972634,3.2771043040866004,-0.7826469584066185,3.8365839003493774,3.1053301735468066,3.177498390310892,3.8354036943351795,3.1057447435801095,3.1812080932375917,-1.3042569468453744,2.9675794432275184
360,2.6377549459127363,2.6113131486631627,2.2481156054687013,2.6436925617991247,2.609268306345352,2.234243747460936,0.42728636507919493,2.9399017759187323,3.315402519496334,3.2043745057438153,2.9427293944523107,3.3455662022405916,3.2040310747135554,-0.5396517964612669,0.2369887469717979
361,0.254990180934483,0.3700244051372885,0.36362547644746857,0.2510001221261377,0.37045327069952044,0.34316886085659504,1.667876237939238,0.7519978548577181,0.9287819494830829,0.8589428603783662,0.7614435709711751,0.8972906756578206,0.8709128396962209,0.33448112295612376,-1.2111190681510458
362,2.778600860492769,2.4721704457880698,2.079229813242385,2.781877634273211,2.4866175397821197,2.081884964730703,0.5922872957754494,3.2002325787757195,3.131822765689691,2.758058561831567,3.220906464017066,3.133856253342428,2.753032803850951,-0.48044364888537067,0.7350460438329002
363,2.741210862526551,2.8193777414191183,2.736907665172215,2.7394232267099126,2.81701051605232,2.7407896358542567,-0.19829342406426087,2.850568542532436,2.944950458937745,2.865970456788263,2.8588392429924454,2.941546803943085,2.8575898417577075,-0.8328912723528878,-0.5732258863088964
364,0.18814917367927378,0.2394831884139704,0.2258993479460341,0.16266753281827606,0.2462366275147213,0.24494127223034734,1.6737984844505513,1.1493151298847788,1.2439887302948929,1.1374006045629346,1.1524426915005128,1.2760545524112559,1.2399936185456661,0.04338579519259586,-1.079191719924979
365,0.3780285007256003,0.3528273911692044,0.31008856461204404,0.3360147152555852,0.360580793369571,0.28882978449119057,1.393387428955915,1.333283423349096,1.409607999459336,1.3876459971894557,1.3319712723074502,1.3877513561230406,1.3576906460927909,-0.41411133059480004,-0.2513174716169259
366,1.6364209140727937,2.0033597788317654,2.2520359648720474,1.6447145705612287,1.9924084511404085,2.248596857707726,1.033956364745305,1.9590365872358717,2.423732191819743,2.718932831457947,1.9545130106211899,2.4242085097951587,2.719269730286131,0.08345668189267977,-1.3513864724484737
367,2.0682927789644454,1.7146599896919907,1.7219832584638746,2.077179999535351,1.7310088232929446,1.719912511380657,0.8502611588485419,2.9885352369039992,2.660837119091923,2.707402818617253,2.9795142443633247,2.664878699286555,2.706966535811464,-0.4517175767346324,1.5026997616982454
368,2.9776155278980894,2.9848721489656302,3.006993960565677,2.982277984599794,2.971823966393644,3.0075005920354747,-0.47515258961335183,3.1145181799289317,3.1234891506086617,3.1902770310431934,3.1125669637540656,3.137618468341517,3.189608641266404,-1.6430927870243877,-0.4134594170174965
369,1.0756241235348485,1.0705348593134032,0.8976394305039255,1.057224098991341,1.0685342370099773,0.8987450261516158,1.5157549282568514,1.9554086071367147,2.0495346590938124,1.831627499440523,1.9461339299430087,2.0371903682743375,1.8386920790091368,-0.7420382980768658,0.4438045927059982
370,1.6029234950488689,-0.4206488846539725,-0.40593847098980934,1.5869231150471061,-0.4271897444185283,-0.4073986984034832,1.5766565010910474,2.1105883678337847,0.06553042293730515,0.06148580453454806,2.109348819706484,0.06615875051574728,0.04653677251889886,0.17104416019309038,2.0566715608686326
371,1.250873794652119,1.1970391498048634,1.1564056918599255,1.260905134798812,1.1882966309732625,1.1650513815466377,1.4385725176883901,1.962130039077662,1.8879883621824043,2.028897295031864,1.9520345574793772,1.904273679545222,2.0056353570159318,0.29463830780717243,0.8978704829366622
372,-0.37185560808806706,-0.4512501538114603,-0.40976370467075435,-0.36671068497742965,-0.45800505505001804,-0.40993240936563835,2.1306506099947597,0.35570900687305534,0.20852911383048456,0.19773353751737507,0.3500732569390607,0.20270490916645906,0.20172539711126153,1.1510695456234137,0.7821871044976109
373,3.846499349357363,2.97402426129271,3.088623136963005,3.8357594905297705,2.970024385308153,3.078380997738706,-0.5810596193910431,4.171195893265286,3.311580072455738,3.494097921557209,4.164681341302144,3.313101141784848,3.4795735479952876,-1.3562303019176611,2.7827724878296873
374,1.9678786499067615,2.031282440847183,1.6130791872462105,1.972298916553035,2.0442725887164492,1.6065834074136487,1.2620832669758406,1.770266588668309,1.8111481357067745,1.4886450236659443,1.7818519710431848,1.8079114694783551,1.4841128170917448,0.6934923804313857,-0.3700453129608376
375,2.701597803350981,2.7325257793093,2.9672074084644318,2.7067134953912477,2.7349322063269894,2.96447408955428,0.14029537392084238,3.4104003164127383,3.451620129067631,3.625318985674314,3.417418312859608,3.4334375915444064,3.6225268195106937,-1.330678024707624,-0.5164755575649974
376,-0.522026644566647,-2.5357453527137785,-2.187017444804532,-0.5185089814566036,-2.5319143517693927,-2.2070567836601764,2.667054539844097,2.278840978787268,-1.4721135706579744,-1.5183627321234434,2.3112089244762224,-1.4552933815549964,-1.52084681381475,-0.8965200155936339,3.788589359374204
377,1.5890886173895709,0.9897126892939133,1.0789633755670118,1.5947788167759973,0.981335247607789,1.0936408076809874,1.8123031217467038,0.6325950873151257,-0.42182200388426333,-0.4858199235190251,0.637946680138828,-0.418864586442528,-0.47972372315369655,1.8553513779286261,1.507193454687354
378,3.13898451034772,2.815108178559845,2.760670750046656,3.1403946410696717,2.8074603616654703,2.765306248295465,0.8581140927543367,2.937977025850945,2.4727375471448614,2.318301412772416,2.9259524197123046,2.472303000196865,2.3185611747921135,0.2441041200727824,1.295782414665573
379,3.7507436577851125,3.367594241558065,3.747436480344773,3.744073804004975,3.366668002260376,3.729193967794504,-0.6248154956015842,3.8586812973993063,3.4041786854153853,3.877048668211275,3.8214195534612223,3.404499307754554,3.881820922796051,-1.4701222365363622,1.8455030800728034
380,-2.2684265214321724,-2.746099753801352,-1.639768353386282,-2.2672602857093693,-2.7467760962220757,-1.651833428802232,4.423971587638423,-1.3252544507956356,-2.200783466702898,-1.589284764998597,-1.3380761694070729,-2.2281781936494625,-1.5875159074299496,2.6802981789874094,-0.05740791218984454
381,2.468291172222634,2.4213656390545566,2.7704596994088817,2.4483129525820195,2.421457115161151,2.771264460336649,0.298919283834194,2.4061265112554233,2.3663913568708708,2.643742687490994,2.411857091539205,2.3699894233408276,2.648360268634404,-0.9824284288479852,0.15800020672491197
382,-0.9528696359077261,-0.7467407874556957,-0.6660887270862871,-0.943447084308362,-0.758764934280046,-0.6680118886773188,3.1743203923383754,-0.33529373597559237,0.059316896290069955,0.05133705370827422,-0.31709918048735874,0.04801528861659586,0.05966655675924644,1.3536696645296593,-1.334306363479672
383,1.6883505165389228,0.5425011765550667,0.47476190586214895,1.6954660452842316,0.5330688882271716,0.4765424859247499,0.9793785886818525,2.3039807770780336,0.9065210700311438,0.904636148187785,2.3045369397411353,0.9050086234517929,0.8889803907790728,-0.5502482529136872,3.0885535239698085
384,1.4660875268948015,1.6544243475371556,1.5802237844543234,1.4412865047743928,1.6691595619432618,1.5803607061708984,1.2569864649332578,1.3755395698796642,1.6686435646591942,1.4336927220563358,1.4007187213745234,1.6633224267199687,1.4488858031368588,0.41201319823966925,-1.3965463929901518
385,3.1409497561495465,1.4493815189584927,1.4415222831972074,3.14464164435033,1.455116578842486,1.4419437217646691,-0.03762337790080813,3.5367363223976462,1.6145277859158054,1.6226417894434824,3.542369539016826,1.6205776184506289,1.6246033809956788,-0.8937499763879337,5.128425407701492
386,3.553427689945838,3.575016104491814,3.042356889891792,3.556242942215545,3.5705575084151633,3.0353245061365492,-0.6798615382744124,3.442183506249021,3.4728402169333763,2.8905788858159833,3.4516267783364722,3.4668502268699544,2.9026134750461257,-1.2421245543584147,-0.07398306079850453
387,-0.3730347588772612,-0.35825106220876285,-0.2939031393561626,-0.37478350155119394,-0.3642971421876253,-0.28746044665314646,3.309990205872851,0.7731167734710188,0.7760404492049788,0.65120764094621,0.784494825725071,0.7698748746219828,0.6403815082022257,1.5877820529263538,-0.13462384304938008
388,2.767733718663594,2.8205249680569504,2.8101377997456836,2.7642570928442023,2.8388989862548986,2.8094798116202933,-0.6354888450160926,2.447381819652414,2.53624801471998,2.5759924647775434,2.430320206911935,2.5401357091579966,2.5692020708360395,-0.9282557183312967,-1.5194647831544876
389,2.0724791951756933,1.9036608643101436,2.050376380932299,2.0550654798408345,1.8909991137432332,2.037390536687913,0.10615964306826774,2.3998622182177805,2.193428739818581,2.272051670702384,2.371100215873875,2.1782313621258864,2.270638134146671,-0.9314320681357687,1.6375621206686188
390,-0.596591387465225,-0.6526797835795356,-0.6335192642366553,-0.5856342584900698,-0.6671818542195551,-0.6485428589850218,2.846567613410721,-0.36260751584066303,-0.4017443406219155,-0.35054468580443304,-0.3578630419125327,-0.43206158952980456,-0.34935237467582003,1.412579599722872,-0.13369506789821123
391,2.076011796027806,2.0996951711169634,2.202983808971096,2.0674745572493376,2.0965915800476527,2.2048625806683786,0.851546056369301,2.33280582144553,2.4267280507681934,2.207025107759264,2.314712005639735,2.4185761508430366,2.2035919190209152,-0.41541842197522183,-0.2915747246924807
392,3.970180733834253,1.1608524555928743,1.1027164034068047,3.982990386676067,1.1519107012637562,1.1029972398869654,-0.618666356248223,4.144671693251045,-0.18089413298392837,-0.17038069130121997,4.151373439243378,-0.1794721659580802,-0.18215883744315522,-1.6653055241608,4.96608176619689
393,1.9147958006301313,1.961635513362705,2.044898152020364,1.9150360587830833,1.9526007007843769,2.047862941245776,0.24748088837268772,2.1860203476896216,2.2567805580663505,2.298191004829511,2.209063228198058,2.2615956977686253,2.287569702436667,-0.8575793996239829,-1.5025534548546347
394,1.2886241429192262,0.9986544599524795,1.093815513852096,1.2776927262180318,0.997793880365199,1.0933434666988937,1.2481206682538108,1.2259841118492205,0.7220877879913072,0.7931258894563233,1.2160802496649958,0.7303670742591805,0.7904547195140604,0.35215672631375794,1.0292132202434934
395,0.5945394307139362,-0.00036894167684691393,-0.0003759932587867464,0.6094111162127691,0.012103862464080415,-0.0077018082339838,1.841933734737644,0.6572995995847515,-0.14850277318002442,-0.1714219044340552,0.6567610907941739,-0.13539431844661393,-0.189910991930248,1.226004843793218,1.397755371791751
396,-0.10417719348927043,0.04689372158158915,0.049407032294536433,-0.13191994471524196,0.038453674236627274,0.04503314086233024,2.46066223022844,0.1111164523065613,0.3138569086914659,0.3290543338585105,0.1182406438218166,0.3003647882893254,0.3248358644380479,1.2796875082553971,-0.6992083893653859
397,0.8437560184232757,0.6848061778052659,0.6602923794743562,0.8319738735830912,0.7044537286384686,0.6868611767858038,1.4194916185421225,1.1585130422263892,0.8662939728248024,0.9547697847890668,1.1536818189441125,0.8754094842362343,0.9412992911951038,0.12185943946529933,0.9922420455402187
398,0.3750123073979206,0.5209903670970366,0.5065245499542825,0.37681547594948384,0.5252312324206226,0.48765577232879176,1.9325779233129092,0.8099534826413013,1.0554853573551135,0.9702623680928472,0.794474364787739,1.0692241675368428,0.9504217786757265,0.5530935368153764,-1.3565837888873489
399,1.586429498749155,0.8294767593985016,0.9196398297663655,1.5845672422208232,0.8258026315796401,0.9426704606177098,1.181176756447766,2.4470855457331377,1.6805165313449228,1.7455015735959696,2.4538026756323563,1.6866939442590905,1.7288432659946813,-0.39483744385836805,1.8439640091352487
400,0.9924083109718094,0.6182278735771104,0.49169579029182164,0.9652640309684448,0.6103754486348741,0.48892780507046985,1.1360649811509893,0.9140135583067899,0.22700343622297847,0.18314804512259636,0.9059784620934275,0.24122942253105975,0.15283368253525995,0.6624569509698184,1.4730742442064757
401,-0.12423122462930491,-0.4236998999943799,-0.44461481419736654,-0.12830173128573397,-0.44330697478499154,-0.4234435940191804,2.5926948079486536,0.695235950517664,0.4589937945957875,0.472334396984392,0.712402810180543,0.444551324161089,0.4799388785339844,0.8140729109437302,0.4137781234429124
402,2.7847783734127143,2.7073472024069845,2.3430178674053947,2.7809638515386443,2.723418872800836,2.326437890159401,-0.28914081792207696,2.7616479114286023,2.7043990260717896,2.2730520809347046,2.7490400101747463,2.6820980804742414,2.3073016610807406,-1.017282591691988,0.7298315999920655
403,1.6903074792343276,1.629739284435539,1.703976042918682,1.68625941599711,1.6279831915208627,1.7110846505684383,1.3597537649325782,2.5453402182708555,2.5011622685450443,2.7345563264942827,2.5531847842440727,2.5054702253610044,2.7239799259933917,-0.20329550312995312,0.40411401679853726
404,2.892079873115631,2.920916612403813,2.7085391752440167,2.901834119244246,2.9369008503982568,2.7087858799052253,-0.5567873291734746,2.823682808651121,2.879945949006434,2.4920829637736737,2.838649419259292,2.895994062921705,2.490838136266939,-1.5301614133206556,0.02390012637362345
405,1.1066696888131407,1.107222231311216,1.07840122585246,1.0963738267640724,1.1083295839572758,1.079613511493335,1.9646871983645924,1.7235770063897653,1.9201235749507337,1.8641608027667347,1.7119606556783884,1.9272426836071508,1.8484915300500542,0.3168181258978874,0.11860403445379855
406,-0.7888848798724739,-1.123625395554694,-0.9394835617697271,-0.7757955520662321,-1.1418695032242392,-0.9365786344886816,2.872107449787974,-0.32525234086488514,-0.8198349112657032,-0.7570926084513044,-0.30274773238675295,-0.8789586562112693,-0.7403903394973944,1.2659294127005711,0.767318764527175
407,0.9250820655483242,0.9157144811196961,0.7882195759475242,0.9218903763164917,0.9098381339816286,0.7819171151215524,1.5938728848284773,1.4636132854987591,1.4602430140229936,1.2731719418883884,1.4651791604064555,1.469556012246993,1.2672335650591229,0.20291864360808795,-0.038510904430600304
408,0.334402422694425,-0.04891304838974018,-0.04981055286062347,0.3696753050740462,-0.07436031760141751,-0.02146473361927175,2.980590375870938,1.2087325429162603,1.0982379328369367,1.227341552504891,1.1972762314386043,1.0654677053000012,1.185058255896178,0.677905898840727,-0.01120444814889558
409,2.70954590499604,1.9944613222522267,1.6947659211549695,2.714078369874729,1.9803714285116014,1.6940615147712783,0.23072778888383425,3.377899826360947,2.30444292598828,2.1101712670921455,3.3847355409897886,2.2951057064952294,2.116139901335313,-1.3954770370737517,2.2599584329694187
410,0.242494913618809,0.016948636258423876,0.018553430134845804,0.2341913281327727,0.041590128889146254,0.030071054602062452,1.9836253103288444,0.7489051816493041,0.48840014977019924,0.5898980067026917,0.7528984629581235,0.5480257061614244,0.5897265743490083,0.9606126714605967,0.7490883005981509
411,2.732540456652459,2.8929705088980637,2.7053281321742513,2.7350893570589343,2.8893547750005966,2.7153049121901063,0.12068863991083148,3.050774047340207,3.191666221373603,3.102389882538163,3.0528094261456467,3.196078106084429,3.092092876189869,-1.2296338362345847,-0.5523438058758671
412,2.361036266824106,2.3539892167424545,2.1715055721636434,2.3360411281980813,2.358736034361526,2.1538632877987784,1.3499230107411888,3.143970882644388,3.112552424450287,2.785977831167087,3.106933840242506,3.130596253610335,2.7812975570185854,-0.817813099672751,0.46093878780902153
413,2.6382203631735837,2.4530128040027703,2.571262563874392,2.623767277608697,2.463551631578241,2.5533487056363713,-0.15297587264105222,3.2797627003532694,3.1009181397865015,3.5062542078014234,3.2990833446581784,3.104198245300085,3.4996450988996113,-1.5628458410335213,1.1937574211593083
414,0.9504889349280968,1.0359797717161268,1.0606848509435765,0.9601223403922172,1.0491559980112812,1.0626943607549588,1.5095427353528508,0.8702975154822404,1.0035797803115416,1.11392936386354,0.8546765619717585,0.98599360729901,1.1257218576651322,1.025925177725949,-0.5183191135498063
415,1.266871047487741,1.499769877533987,1.437058029183321,1.2769607314857745,1.4977272981776306,1.4428357771659492,1.1503172818561656,1.4198692554241676,1.7476041695368016,1.7062818626516867,1.4529392168498787,1.717983341957277,1.711011600285046,0.23123558583689208,-2.205772567785839
416,2.6979511644448526,2.5005495910511444,2.0715211624041,2.7040166384450974,2.499567924096924,2.076508449339289,0.014341323514181773,3.266645033475567,3.1670072542919256,2.618737879608964,3.270366323587119,3.1843397549688444,2.618878990163131,-1.2930195738437278,1.0387210073575202
417,2.413139408223654,2.359000797056566,2.843828334175081,2.4025316673468615,2.356215478821018,2.8413126062943737,0.28251205126696605,2.7247622777621507,2.6629455193916067,2.975206291210441,2.72287459374034,2.6680445185471346,2.983977529774951,-1.2424542798598373,0.38127302050572853
418,2.471426234889821,2.460220925965845,2.5590111669544036,2.470789308995013,2.4554678831507326,2.5782095271083474,-0.29398371617463104,3.39303227698444,3.4006744426963587,3.670335066582805,3.3770499011168345,3.388957822958123,3.6864367991724043,-1.409491953404987,0.33801341371616545
419,1.0097441933830738,1.0889871791879555,1.0812154099038709,1.0361817096589288,1.0481440484869062,1.0775032420883706,0.9246125265131508,0.8085317692823938,1.0749780619394222,1.1361579738081657,0.8469837687068941,1.0537481968166964,1.1059351567211426,0.11770013364173765,-1.0116324333337634
420,1.3881128258300528,1.1842851353255472,1.0077640186293333,1.384770619033249,1.173582590209904,1.0017061974675685,1.9632921932063545,1.5021985741867376,1.397310857665857,1.2228237956151247,1.4963275100304323,1.3908569818803702,1.2109475498888895,0.7507028388821378,0.35490137645898495
421,3.758774114537154,3.263285278667318,2.7681076733835956,3.7577160526460482,3.254206485849729,2.773866627899286,-1.4127739543056221,3.6783324622025133,3.140081164011864,2.764106566011303,3.6799306836843217,3.134366848604837,2.771496329747705,-1.8485744453489508,3.189076804015815
422,2.593030705366796,0.7412383352766919,0.6999625841285368,2.595561834609255,0.7431029624988317,0.7029911214524479,1.0094138845060638,3.826468021280415,1.7479147973660087,1.8173124290965728,3.8138524462709498,1.7458986949071198,1.8298633366020087,-0.9263178718237136,4.005920861896672
423,2.3599095203884763,2.365237176953863,2.359757889699063,2.3644939406830536,2.3619738309138905,2.3704665438320682,0.4023366542976629,2.7911131711847292,3.0912429933663823,3.140463395923416,2.7763765627187964,3.10091499628298,3.1326410738739754,-0.9875409768790855,-0.07914292451162046
424,1.6527172482222823,1.7068238849668234,1.650849506978713,1.6642040551558375,1.7107379642041405,1.6608659073855339,0.7260707693897943,2.025179668083501,2.097740245138564,2.1920322307786,2.026590259014795,2.0879253055693834,2.186424891733171,-0.6828247160124918,-0.9494867655419865
425,1.6092850093170867,1.2230403169071726,1.1900426976102638,1.612435746491537,1.227283372207537,1.1937027381805099,0.9976823935152253,1.8589128439940137,1.4372811783318085,1.4702541471164168,1.8364636919277233,1.445388771684015,1.4795449875811992,-0.4175381331725346,1.271282072575979
426,-0.3599432889230828,-0.5131926794858372,-0.4510834878414981,-0.36857739837567327,-0.5207806395908088,-0.4569306066172187,2.241409670452546,-0.49980816487704055,-0.7065450798507185,-0.678666163141212,-0.5185027765676827,-0.697127103587888,-0.6669769788446953,1.2532785095303831,0.504438024384155
427,3.238987957816254,2.911086522982311,2.9021743240314506,3.2450267755427737,2.922388719110036,2.899021543476615,-0.32860527227246816,2.962747045517854,2.430143310073461,2.756440138396832,2.976025735946541,2.4228735537223716,2.7834537905442325,-1.3503144294166258,2.356601945507334
428,2.4103917156940655,2.3939177298171734,2.0288719501589054,2.4229235562064977,2.3886607471244763,2.023246602956322,0.4216051857246789,1.9693535394199637,1.9853131583650196,2.075175949908226,1.971793655325555,1.9955018582004833,2.0753209830165904,-0.050265873759899146,-0.17296231341129217
429,2.2047181090984194,1.9706041410785873,1.9725921670942288,2.1983815414290353,1.9633858350495568,1.9707133053631616,-0.38425788699508673,3.3084102789957863,3.0984559120651163,2.981923514401578,3.3082705358924622,3.102844929171104,2.9721504361342417,-2.076392004282453,1.2484801172048263
430,1.0341112217857389,0.7563264071301745,0.7332862058151947,1.040633754923506,0.7449957939088245,0.7266077715590101,1.465259844955093,1.395216527526266,0.9864468406581209,0.9720219386922743,1.359226544061672,0.9980321123086429,0.9434532582191089,0.5299233709599813,1.5828524463688334
431,1.2998388160550514,0.17718697166358202,0.1732806507773314,1.2857078483962927,0.1816336625012445,0.1674506243279893,1.2677781200253295,1.5922061033596744,0.39617826423365815,0.3802661433741005,1.579184923083076,0.37324142498893087,0.3878815697559854,0.10812244033624265,1.845560420235703
432,1.9148401409458127,1.6189278133902678,1.616370571790748,1.9181519240197553,1.6219531448881983,1.6141065051984052,1.0345863732927678,2.688576752263361,2.497229004109795,2.470899972942168,2.6823638096507056,2.479890237503296,2.467972063164268,-0.6433633597193931,1.209594743749608
433,1.9245497995003324,1.4143098644750762,1.6560541736368868,1.9324682153607062,1.432398316848492,1.6933448278092589,0.46211952614053214,1.7789443584189528,0.5601772717672353,0.5878389752761245,1.7699384395540212,0.5050624090273771,0.6840296696554633,-0.49299127966151884,1.8885466481031161
434,0.6481704661350047,0.5427243756914185,0.5526344695016212,0.6449701107057707,0.5350246146756198,0.5276438529371158,1.4779683433168496,0.8647451593385658,0.689097054301031,0.6977990049427052,0.8752833206631213,0.6548346382399693,0.6393622672945297,0.09889481930772148,0.7021652128133764
435,2.86533296560303,2.8538088228859095,2.6306217903022535,2.875748985447659,2.8495609044515415,2.6231025999771527,-0.574747184620154,3.0541622776553456,3.0397540526710514,2.6895981695265965,3.0660315736836283,3.0434789623103855,2.7152758748414345,-1.6066546313381844,-0.6118932439875305
436,2.6506900004948437,0.7463807920737711,0.747831533441203,2.6583721176186166,0.7483634188242935,0.753039330864615,0.23251651552040467,4.009331520826627,1.6291222438653556,1.9765382934240672,4.017127382113944,1.6050917801578934,1.9603258574052147,-1.8291153176771404,3.884892141105397
437,3.245150658290747,3.137332555869371,3.273300791834329,3.2495781742726844,3.149417489668601,3.2893735857455644,-0.5882169768668933,2.933911207598677,2.812631763472804,3.1294667225980373,2.921187780998746,2.8109673806725306,3.1577635212900423,-1.2063544262112926,0.7382081541601667
438,2.5277602859702224,2.01841686264282,2.049343351032804,2.520122207665455,2.0160008306399635,2.069838814772573,0.8983894440911978,3.088612305960036,2.3685787528446802,2.214659686899979,3.0852243066115195,2.3580471783809585,2.246689018212393,-0.7649908244292143,2.320913954981069
439,0.9749586640025395,0.9302226026210727,0.8118186402502386,0.9805844384775896,0.931699422911787,0.8081077510894169,1.3571727039879409,2.34577208830213,2.3012055319612217,2.017042999074067,2.3585722198117214,2.2991585032123556,2.0187352561111913,-1.3075660150330677,0.6239429219789511
440,0.3696257883846488,0.4877633495994272,0.49990749455794486,0.3712826081057633,0.4780608552371005,0.483137811290513,1.7859558766718993,1.22500909810255,1.3980379551942326,1.4785420319749165,1.2429722391732658,1.4107687501731367,1.5024465489544174,0.059879744040578206,-0.9962317307546507
441,3.0098834270878365,2.701099918969111,2.411802533735494,3.0122174550517817,2.6961849086029215,2.405232542961306,-0.3815182813784102,2.959490466681429,2.584049132101136,2.3480738991158883,2.9570879821195932,2.5733525597609113,2.3513630904970375,-1.2606950407324464,1.5765369424350832
442,2.318050568423099,1.5894373696549766,1.577392693708186,2.3172948839222203,1.608185756491668,1.5773930108246015,0.5680892331995988,3.3181783265724434,2.7083565446159534,2.7348068395740293,3.3220185390283823,2.7254190428613887,2.7234709759436777,-1.0774175120890528,2.1105680259612734
443,2.6350387164112883,2.140300062741952,2.3710902688580027,2.652063385119576,2.161257106148615,2.4316673530491295,0.4710039988163407,2.9954025700421365,2.3913307780258153,2.535735392925493,2.967523358927547,2.388878354598141,2.5049928188733688,-1.0841709883206045,2.564656813803043
444,0.6596011179478243,-0.6646753415515801,-0.5519938182308872,0.6646428026190613,-0.6700891648970442,-0.5539759464546531,1.9792965020408522,1.1659767077730252,-0.7344127366682707,-0.5888294560630337,1.1492247669834572,-0.6983697217424018,-0.5607392820370883,0.7052173485879712,2.6514235396112142
445,3.2342168253527843,1.3473991370342622,1.4383773106378732,3.236888962934959,1.3685905203808846,1.4164490453449086,-0.28939035102437494,3.909789632383211,1.874156598372277,1.8107881013626503,3.9172919605806458,1.8743274516172916,1.8210586237361368,-1.4748978343007884,3.8420989017733733
446,2.912584192490261,2.795337364811242,2.4945364220999338,2.9152363845878857,2.7912542414901447,2.50037372780723,-1.3012782092920083,2.854580715898942,2.697096864246245,2.721139906389219,2.8600123540532967,2.698860702496849,2.7231840970122443,-1.7108873905417568,1.9009726259896698
447,1.5481214072233604,1.6641607348601164,1.579239601498518,1.5326096912962097,1.6692094255597671,1.5850573866166293,1.8944583474029515,1.6868640368286076,1.8828361718568674,1.9482437703578914,1.716381730767982,1.8747798310373838,1.9654001487830148,0.4303877941030234,-1.258637585536753
448,-0.46372641769006046,-0.059772229599332434,-0.06576844607983666,-0.49129984278121286,-0.061776739939979695,-0.0725212725535542,2.813589150787003,-0.9115278750454312,-1.0036727439322557,-1.1915820773130366,-0.8771181919208321,-0.9808530478326353,-1.2365992159325823,2.37201975975101,-0.3594608822129751
449,3.5784442963910963,2.8249121450534296,2.6563907886123546,3.5872159903871337,2.808041814308852,2.652292972128184,-1.085496263288746,3.8653868695667235,3.0326885675809634,2.905953570185954,3.8698646067718223,3.0354914861219036,2.898330024734631,-1.6638617492102128,2.659768566054555
450,1.727446467878932,1.2177060477357458,1.2974305418055903,1.7426439775045302,1.214211125052893,1.2923701344521155,0.692287401474675,2.262035236217512,1.6557333999858024,1.7961676431148366,2.24293824875596,1.6408280530799653,1.7988192338772078,-0.35279664572804953,2.343270646507744
451,1.251108673285885,1.565914193588251,1.6713162578158014,1.257578238698233,1.5748749617912976,1.6566040724534457,1.014124708045244,1.3536777911595508,1.7293970011207904,1.744536915062523,1.3816786419075189,1.7329865750090192,1.7360419106495135,0.5308900291163938,-1.935729601565441
452,1.5787911745176688,1.0718259806617483,1.1821806261405279,1.5880088321748056,1.0832237157469855,1.1788696199953295,1.0201707516936842,1.9540604414112734,1.5244607469672444,1.8636598110676834,1.9464639685665093,1.5139424483442396,1.863819360222191,-0.15581783227274196,1.339499797832793
453,1.6090237117904767,1.0359564290323129,1.0880117024069988,1.6039532566622636,1.026134696541356,1.0827824680187081,1.1023097910091162,2.4661809363032647,1.6973461762641797,1.5408201542881683,2.4638280341697594,1.7066735868402707,1.5374876856372421,-1.2468636449223973,2.4313342273050944
454,-0.3010449824698058,-0.12446661119467543,-0.13333627629430514,-0.26878951888252534,-0.12414626328759704,-0.14444974796110596,2.336602858291368,-0.7287364870335358,-0.5644397204371718,-0.6063440874304471,-0.739045822347206,-0.602548746608628,-0.6269721778756829,1.6171393905891562,-0.3695245673013306
455,0.2559082998682025,0.021098630525756838,0.020389320570641575,0.24477158402411722,0.0320180117360799,0.053187707847498135,2.070026881009289,0.7750315877478734,0.4479572468380069,0.500095325361754,0.7597821561402323,0.4693662657179137,0.4428946698413375,0.7822123244210454,1.262408349410197
456,1.064299806371494,0.377485874808416,0.3786246077934468,1.059589421334859,0.38119864480210947,0.3783654765319749,1.5370841245516833,2.2777414761430954,1.5440925766042164,1.4599434065501458,2.274585216498222,1.5225730452888022,1.4471035359202493,-0.3641905683317923,1.804051962026515
457,-0.8293165348805156,-0.38680070176933934,-0.4169999116321113,-0.8581550402710084,-0.4151362293600282,-0.410346471644097,2.4567641015190436,-0.3030277102466064,0.5276584147609787,0.5934493752932195,-0.27164689863114655,0.5574810778920719,0.5073652064422242,1.1801183111295275,-2.285370177062387
458,3.7352161985856345,3.2260569159613675,2.8840704028427604,3.7225032207912503,3.2251746464195743,2.885683661984871,-0.5586694802716855,4.34677103638116,4.016406425070918,3.455298793825606,4.3446747480195755,4.008033282074624,3.4500255240170206,-1.751136044503084,2.05002241009139
459,1.144429751802353,0.011538888821455316,0.010506810932890973,1.1496088686010222,0.017337003022722362,0.004626064185309934,1.412742813837304,1.6336567823165111,-0.1422920298238861,-0.11831888258856983,1.6234521868354745,-0.12055692032381449,-0.1275755739671662,-0.049293499543946795,2.699073105468695
460,2.6531910335877873,1.6103484874953444,1.5800263145567346,2.637184603164116,1.6141799639387309,1.5676494689965592,0.7462774447826586,3.29770384090705,2.1382890128992433,2.1949368348872187,3.3176210934062946,2.152362764817429,2.190373693653331,-0.8805739303345859,2.459558498277568
461,2.0122554068153917,1.635054538337688,1.6606436651601497,2.0190337408788444,1.640967030573523,1.6511958553825998,1.0566039345346354,2.08346985159469,1.6512674946247066,1.6805974177546181,2.076720285174395,1.6597799872305437,1.6757828843799951,-0.24410948886924075,1.8960877072022346
462,3.228405566970306,2.4242436440619652,2.0297049426001275,3.2379143679894824,2.4189210503494696,2.0163504185105063,-0.5963547538450299,3.477478996103643,2.625139230505956,2.392795093152938,3.4801099392814074,2.640046041264628,2.3947162399216637,-1.574261769135451,2.5832132508057044
463,3.3540386760299334,3.6678472950704983,2.606583336096235,3.3587309584967677,3.677797107872142,2.602147886440799,-0.9033177338708971,3.0674730524655365,3.458394604555296,2.8490658038271857,3.1008453936601126,3.460497318156611,2.8545886624074353,-1.267771626612789,-1.373281336725106
464,0.32095673300353633,0.12781744106773277,0.12362728090431663,0.30836511792965715,0.13072225000934945,0.1375809489535526,1.9049922530891112,1.4910800941101656,1.2946943876293084,1.5494273405144454,1.4728931607892375,1.2974775016606046,1.5506687859349135,-0.5298963075334109,1.0150707097681273
465,1.1410635346128746,1.3213653319822778,1.185745434790674,1.1480507568876566,1.3054157264443191,1.1820764846627598,1.441373660755775,0.7915680362391395,1.0350460779439432,0.989772030498679,0.8047688151194985,1.036825868982366,0.9908397708043327,0.4369380788514666,-0.27022252700212956
466,-0.9363960701426185,-0.8205624041079457,-0.7334016739230527,-0.9367602541923421,-0.7960307268975951,-0.7282402016287901,2.9437337792651666,-2.027298205310379,-1.7181977617355335,-1.486213162921871,-2.031271066971573,-1.6608249956581709,-1.4917513431919713,2.964893074723958,-0.8754141311342925
467,1.4933797604828525,1.5667812321420758,1.514702363424115,1.505020780214338,1.5940469572437574,1.5123036057747132,0.7045905539323235,0.8918905233755884,0.996710099478369,1.0374413095739852,0.8907685469925043,0.9538158844379787,1.0345187441402386,-0.1041561871420779,-1.0428537924964865
468,2.0411433377262234,2.1212598359774515,2.56907542081718,2.0406722075867383,2.1112481917934094,2.5710793265093073,0.5050675861361411,2.4524106517492297,2.5507182993955086,2.36457885442769,2.4347779552049054,2.556950423856652,2.3815462485665266,-1.1542878417329492,-1.2872321214672642
469,0.40203350467630916,0.4401815859187604,0.5822490320856932,0.4069815214436868,0.4449422710218867,0.6299799226019334,1.8100458872585223,0.47234688906245825,0.5354571328950561,0.7262811003086915,0.4669276272158946,0.5901542211713503,0.6610653860735083,0.7609123941638256,-0.2367158138165873
470,0.6109754738944622,0.11466058496478043,0.1035549907143388,0.606527329977003,0.11798339134539973,0.10237943599419082,1.6966171229015536,1.5781547782691112,0.8787978890022605,0.7987713435588092,1.5720580039777774,0.8610332504185428,0.8057680682112272,-0.008050198125451952,2.2349806260263203
471,2.8173483346511317,2.9159396765867767,2.8411647003816154,2.824701760065666,2.9130218286721785,2.8362725306014935,-0.2640368020754822,3.7827121109009036,3.9414191916493606,3.8520024744950696,3.8016499881079406,3.947246923377891,3.835187370350842,-2.0929283352202406,-2.0739444263448696
472,1.9228761979997495,1.7320356311045666,1.7111721931174617,1.9175722455959283,1.739128919543865,1.7149467286560822,1.0700181396461494,2.3347746671826926,2.1020582727554302,2.160511542373324,2.3502056303992767,2.098757562137816,2.1678188067450574,-0.3981080390189766,0.9390157869202341
473,4.841891734200241,3.053660240583305,3.098316787857388,4.8529034221361,3.045517629426029,3.108370834986837,-1.0610314548768534,5.459665236441199,3.483164277481529,3.507776645736864,5.466376788124383,3.48663895197742,3.5155186397846143,-1.933137905532375,3.7566071306960205
474,-0.12505553994045954,-0.3709849701707334,-0.38748788464727885,-0.13423341272333447,-0.3707353251494227,-0.3844941515351934,2.547362932003766,0.0688421823292959,-0.18802759338013095,-0.20016943746123836,0.057939703762424556,-0.17896155525797655,-0.20394396681388371,1.6569319703468666,0.5148259573879923
475,1.3875172502003617,0.8410445730803067,0.9906598806495222,1.3548598039713913,0.8364513941591019,0.965250602412918,0.6837487590807344,1.9249953531132216,1.2111080628127786,1.4041118625792874,1.948755690414677,1.2158037898554617,1.3235030522283862,-0.40812390661077785,2.5015181918283322
476,2.648480160943732,2.5194428693109012,2.26256695671963,2.6317013691257216,2.513915889199116,2.2723579482261607,0.3366797169863336,2.6771308663933775,2.49720090281547,2.471156872569213,2.679573582489756,2.511672493410791,2.4867037390566398,-0.8540974515734409,0.8872084888880655
477,0.4018264569959421,0.5101096746948665,0.456650026105454,0.41783202158479316,0.5150496739416972,0.47465456683236495,1.9109375392956,1.4904617277236893,1.6592010158877386,1.5455482918256729,1.452336536633984,1.6676776570782375,1.591231527174738,0.052249533325100156,-0.9310747055353433
478,2.8143860340972813,2.9483201036887947,2.906954006059051,2.796229597395077,2.958958576394363,2.9059504224388646,-0.2784631817759646,2.2972584339136124,2.522769166646398,2.624961946953899,2.3223528911368323,2.5413790809600707,2.6180640946982887,-1.113392562665189,-0.878768985961317
479,-0.05983211910247229,-0.07586609019804977,-0.07379438889675333,-0.05354378163938909,-0.09232505570014025,-0.05986995234706277,2.3445713502297587,0.804685434815899,1.0238718240722355,0.9531210470882989,0.8294838865897405,1.0098224211996065,0.9368650475058133,0.6670520847697209,-0.11933989401355824
480,-1.0234230322509013,-0.6513019360157196,-0.7777951340851211,-1.043832151896259,-0.6470306116453961,-0.7894157358977253,2.398711201945603,-0.9966290437882037,-0.554465423894194,-0.7001880422549207,-0.9972763959944544,-0.5554679676924449,-0.6733641918287454,1.9216336679391355,-1.4856439934412649
481,2.4389708332599107,2.373270670752145,2.300138643776029,2.4201503413723837,2.380440669637792,2.30504949225741,-0.5593437886224069,2.939887765594376,2.910826610059035,2.7494649510132456,2.9300613156417885,2.9017623307688103,2.763518523543992,-1.9800390624428619,0.8804755137521177
482,2.6940619251918734,2.8189389966416534,3.0072809879132882,2.6903014295612717,2.8229790722459094,3.020687385180961,0.1685468728648299,2.8116887540349804,3.006967135882073,3.2650310198531813,2.7769337697271705,3.015457885199578,3.2815330445727944,-0.908641977441711,-1.4803103421605797
483,-1.1609236544670807,-1.107703477583035,-0.8708623144488434,-1.1521929282637473,-1.103836266856598,-0.872081588355194,2.66512832863799,-1.181335227512218,-0.9153910455703657,-0.7651304534442941,-1.2271973887517766,-0.8738855441832988,-0.7739269942100927,2.10336997379869,-1.3826571034280635
484,3.4814404610818355,2.6048661611993364,2.542433136297653,3.486717150959208,2.6016998423275925,2.5350570852115104,-0.087659091977155,4.088749227611903,3.113938436124153,2.927293882478972,4.0961239409376615,3.1281330053821534,2.9230373755727372,-1.3566271147371207,2.8743436014582824
485,-2.941446239422319,-2.853731795514069,-2.608594665198773,-2.9352831534070134,-2.8320089438193405,-2.593494791703286,4.844236164441366,-2.891904858016198,-2.795151634204029,-2.5530182128306236,-2.937328710987205,-2.703307525865306,-2.500626747421052,4.211430190056958,-1.5160437121626897
486,1.8981788396409909,2.5764901197942622,2.536321603388583,1.8917001671816527,2.587780957509008,2.5382283551148084,1.3847281372642848,2.397215907345039,3.3903751888099474,3.3326088335089024,2.376371308765583,3.411873161051821,3.3412856093674836,-0.29654423699365573,-1.4038365280840863
487,3.5539981064074797,3.158754573508359,3.6153035025917353,3.555314809947924,3.148454510026335,3.5933747909080536,-1.2880552447845546,3.7596213722436977,3.361631541870781,3.6497618189184404,3.7670958526163263,3.372312479579795,3.657418017500121,-2.0882411931556564,2.6302729046552757
488,1.5216948410960878,1.4251908565489884,1.561318585799667,1.5246369570966622,1.420829005533305,1.5603135398891739,1.0409480337115204,1.529169432450092,1.4053098996523676,1.5404976282227525,1.5283468107244762,1.4032280787975318,1.534271626833567,0.09337880327114928,0.7840563403467476
489,1.4084626665601003,0.6816820414472442,0.7133422992986795,1.4063209868463868,0.675365187781833,0.7269391207902928,0.5796214889832362,1.7320710780343338,0.7649978024458735,0.9041501310483335,1.7460285757843754,0.784508077931806,0.9067616297120218,-0.415818757430444,3.0401421580898713
490,3.7379444268718416,3.362198775374738,3.389978535179018,3.758243731938468,3.3530811276343546,3.3836179873552115,-1.167826505257688,2.9992524091315325,2.130312675096665,2.582021207829756,2.9477905521483074,2.093601901777111,2.5667178675172395,-1.488439958108717,2.6456943087830234
491,0.49676058527108946,-0.2087807842820511,-0.20734669680712767,0.4744790690381825,-0.19609518075641877,-0.2063380248767769,2.702301132414329,0.9143462850190737,0.13849290536950146,0.1296871524109884,0.9094124372796655,0.12137254595737569,0.1340896160239554,1.426335053100944,1.2874648388976218
492,-0.03648047316527764,-0.25478690007709726,-0.22994997322886118,-0.05017056984653113,-0.269198372781423,-0.22273679239866132,2.5328648979762445,0.7136374007080711,0.5791724137882874,0.4958516795345057,0.713114990765319,0.5644901600073622,0.5064694811101614,0.650679971638866,0.22112981802968476
493,0.8468861887841314,0.9326224081099336,0.861873752708111,0.8434239056516043,0.9435162976714576,0.860962103367775,2.249137441435639,1.6965256155532433,1.8616679374390797,1.7106157356137532,1.700570547676833,1.863039529556077,1.7024990920945071,0.07802856674650703,-1.187347595276527
494,1.5132490324867818,1.345925934374729,1.2630850794629795,1.5052520987503342,1.356045945131445,1.255020571443406,0.6262511479389113,2.6023819418814864,2.5167439357221313,2.3028690347540626,2.5986585980180426,2.5325177963088286,2.3003335773150915,-1.2926835755135098,0.977724911716836
495,4.0835367711136765,3.874070376994669,4.129396394228787,4.079360371332815,3.8721255574650186,4.116896950749387,-0.49320326975989737,4.4637015579620085,4.12909348700481,4.4306097195258385,4.466181636232804,4.128787065739286,4.432466388170849,-2.223640167109659,1.8500287233655097
496,1.5064512830478964,1.5517903140116973,1.4892940040555147,1.5140441948739247,1.5450625962392535,1.4851425884078828,1.3614213675620133,2.182159069851323,2.284588780856879,2.1055576775503866,2.1733461417836306,2.2858527642917044,2.104901354200495,-0.24006192170514606,-0.37943949980840663
497,-0.3998043458509238,-0.33470639986130984,-0.4766360963223204,-0.40385917663193704,-0.32485507930263313,-0.47822296963459815,3.152098958956669,0.130733767288103,0.33667923069497757,0.4089937406049133,0.11672764713529085,0.29839143685168085,0.4087572378696573,1.3811719532230582,-1.2323052685089984
498,1.1795719859187332,0.8323289535793084,0.8282686348745774,1.1799308178876278,0.8241478461787781,0.8408831377200647,1.7637037985996595,1.2114243262059878,0.598344534203942,0.5853388473812137,1.2013628151228153,0.5962227529631029,0.5615236905346136,0.30026020165734685,1.6047641611761339
499,0.9839372900970188,0.9206038536558674,0.8042824739134199,0.9886074468690514,0.9084008178651741,0.8106237181208016,1.6113751643828667,0.3420820058114309,0.13579573202336653,0.13439909649027718,0.3387701540060654,0.1771282917909771,0.1399231455330006,0.6513056715042504,0.5409511318218106
