rep,ridge_cw_zero,ridge_cw_mean,ridge_cw_mean_nw,ridge_wcw_zero,ridge_wcw_mean,ridge_wcw_mean_nw,ridge_dm_zero,elastic_net_cw_zero,elastic_net_cw_mean,elastic_net_cw_mean_nw,elastic_net_wcw_zero,elastic_net_wcw_mean,elastic_net_wcw_mean_nw,elastic_net_dm_zero,mean_cw_zero
0,2.179348875902287,-0.36807639240859086,-0.36042143721268627,2.1788178296227443,-0.36982774176596417,-0.36286063435378213,1.2025273428466596,2.399656661109158,-0.18400467403368584,-0.18049845646670987,2.3965780511395876,-0.18802809128684786,-0.1807932032289447,0.7097449398455125,2.6705624343239687
1,0.5126621663737542,0.6883860311267231,0.6814128848370241,0.5104488912124435,0.6979231019389139,0.6886818438800268,1.737662811904872,0.23028667481498027,0.49437176401197147,0.4891687833200893,0.2443785962565483,0.4953858551226266,0.4775879817358536,1.363913128925248,-0.684044251690569
2,0.7952774441854312,-0.5413799960532809,-0.5274107673593966,0.7993248621211125,-0.5549915105980984,-0.5219512313498805,1.4756302749885222,0.8825137534906524,-0.6088776170654658,-0.5920525282543504,0.8853561097438171,-0.6268170318707349,-0.6035780028461606,1.1054719846141814,2.092766587860204
3,-1.0047424017024469,-0.9045071102679034,-0.8748738215352067,-1.0033781439935003,-0.9156372242977296,-0.8896787366822104,2.469076837341637,-0.8490405259666539,-0.7457442524606679,-0.7217610564362932,-0.8545338357717199,-0.7539465251068332,-0.7167708099623349,2.0581451777871473,-1.4128362870244593
4,0.871208296136876,-0.49879744919465024,-0.4892603991979791,0.8657227368463115,-0.49811977264359314,-0.48871642940692545,1.701560049059327,0.6977118548263348,-1.2049207494122676,-1.1801838461087653,0.6893775614173852,-1.2090660615964905,-1.1724646975044823,1.4266613274109854,2.081017405260377
5,-0.34085488561467975,-0.12689382009996297,-0.12468489298394139,-0.33579613207832587,-0.12249622166988476,-0.13568372153222738,2.383469910828683,-0.7587947663981166,-0.6015631347747472,-0.589517346553441,-0.7592260422042645,-0.6125904201337338,-0.5852753556635711,2.3048124067117084,-0.9002395931008836
6,-1.7569325373763474,-1.5139773175415105,-1.478306112959573,-1.761360024189105,-1.5052340132467856,-1.4671371386836942,3.6927789158509285,-1.5606270426066684,-1.2411757880159635,-1.2119003693554338,-1.5641134714373326,-1.2466860118906375,-1.223159823307409,3.358820580410241,-1.1778700196020147
7,-0.18403605819543428,-2.994467534912441,-2.946631406809486,-0.17992975504284112,-3.013646761890089,-2.9303150305010632,2.17187582449255,0.25984650904798345,-2.696220601687592,-2.641590592157002,0.25115474190203196,-2.7295214325748494,-2.647991839216928,1.4026326387925423,2.169724588395116
8,0.9644832660632765,0.8398534571282649,0.8199599317816468,0.9634539707910621,0.8242002544902569,0.8242352146527027,1.760711138863745,1.446578794647785,1.3136028992180178,1.28549615572137,1.449441503076951,1.3122599145538651,1.2801024500602463,1.1826862677639083,0.25087464078621396
9,-0.7608825020873421,-0.7404574924706849,-0.723968297537409,-0.7570249540210708,-0.7191559748156813,-0.7389667442008019,3.0271529281245044,-0.3968413764321408,-0.43314933754987767,-0.42569764864232434,-0.4109771031932081,-0.43973611863400686,-0.404736987040272,2.3389271801647644,-0.06623141597735072
10,0.4053311753568933,0.541921398220514,0.5278640200433087,0.41252599693823166,0.5306611699314769,0.5310428548919688,2.5508776003024503,0.6121938325592788,0.6917565115214114,0.6733822118612898,0.6145267882630499,0.6910181310443405,0.6716974175826815,2.309478120683201,-0.07543327694612853
11,0.10579537614061285,-0.6643427193539053,-0.6501579160522727,0.11538593386207689,-0.6567458435856164,-0.6414224757039979,3.318668858359451,0.23466850047041032,-0.8215528812642799,-0.8019708841052126,0.2275177207092432,-0.8423359439610758,-0.8066979963132846,3.518690699589771,1.156230730941931
12,-1.5298340449603478,-1.4496275461496066,-1.4199873555473093,-1.5263178432427111,-1.4564573167850925,-1.4170685719816105,2.6771079329505536,-1.4167457071098501,-1.3286862557111794,-1.3105560514901908,-1.4128713171977367,-1.3257002159113658,-1.3089435850006128,2.683134664479114,-1.324807501274567
13,3.2127359368228916,2.746493130743223,2.663918534210093,3.2082579718150948,2.749208807964818,2.6600283244058818,0.34450046457785144,3.07604246787519,2.5689351607794855,2.4806690895751773,3.0768123340607176,2.574400272550484,2.4819474544461584,0.32173633976188404,1.9137895130349445
14,1.713937072768957,0.9399414527791362,0.9274914686332996,1.7178217176811141,0.9400166255436998,0.9262025861010195,1.3140840789074688,1.5483392154706517,0.7213418399080269,0.7095025408610087,1.5501532192564718,0.7206765210205601,0.706560066460386,1.0501017378652315,2.069468276505007
15,1.6257715727179456,1.4877822322148186,1.463946637902133,1.627560056931123,1.4958827980683616,1.4526969016678555,1.303897177336131,1.4569640971696767,1.3221981446471045,1.2991067137248982,1.4445879368410646,1.326477803234832,1.2949427045181798,0.9253310653184801,0.8524228876968841
16,1.213693185344208,0.6256210498073725,0.6090274030588877,1.2137414322714717,0.6282100577119704,0.6084618250896572,1.6530342581719684,1.1835138271840633,0.586743917468082,0.5707326777853814,1.1925918277875047,0.594631708665957,0.5738926415546746,1.4372169755579158,1.8050798568911524
17,1.2837612405606023,0.5580280659235487,0.5441917494481241,1.285088289398868,0.5531353520568717,0.5435347684417509,1.5892104784056054,1.477369176963255,0.8171675492691076,0.7962113315577682,1.4743619877249716,0.8187425555198924,0.7934638175053081,1.1003020318790637,1.2894257765082302
18,-0.14251737866337275,-0.04289996140428553,-0.04222330176752497,-0.1438339267520445,-0.03593402835698137,-0.040233699283775196,2.805740990337651,-0.2345064621073842,-0.11473503686210353,-0.11292555146756647,-0.23149260345842307,-0.11885723665297313,-0.09717032396804672,2.5355826258564695,-0.9444247043790832
19,2.8936605873270187,1.4880807516395076,1.4532714985481305,2.90084718120767,1.4917204424546116,1.4480724083194525,0.7571845525326067,3.084610790887341,1.6207520927683188,1.5771932549558298,3.0876554841099795,1.6252451573748576,1.5795073706490421,0.2014630589397836,3.2374370458578117
20,-0.501195747005648,0.003984984837683995,0.003896040706523337,-0.5019628899783242,0.01594915185021022,0.010712067901083165,2.6688032570302767,-0.7156680264850243,-0.22782784260761324,-0.22332448674771319,-0.7220013463597066,-0.23312823600042712,-0.23488768637852345,2.4793528727433367,-0.37347700058377215
21,0.6916415933461892,-0.43843447597497126,-0.42500704545411344,0.6984494678020748,-0.4309890956907069,-0.405665849939707,2.0157760630565282,0.8149637417386512,-0.6787188331179751,-0.6585257019675592,0.8161708314721581,-0.6845406483829536,-0.6588535831171514,1.4835862293306452,1.611053338724836
22,1.3150603499612217,-0.9576886658887501,-0.9382337691613721,1.3021985677970604,-0.9636182640864126,-0.944225477634148,0.9188948389781686,1.61251711779485,-0.8813645360218595,-0.8635240157658917,1.599432861989702,-0.8924454137126264,-0.8650108373621899,0.4259868952524301,2.637263856101973
23,0.8864002180484959,1.0863236474984994,1.0583813608730113,0.8754480423333282,1.0692321769006796,1.0565934512513153,2.5851580087132975,1.060719950946838,1.3017847501504756,1.2645169669498322,1.0526021177280067,1.304688165521339,1.2655167701424506,1.6525208879263307,-1.8301616767745161
24,0.17020926535661218,-1.565587871699498,-1.5272040048098598,0.166796552469485,-1.564887275435831,-1.5321010538136233,2.009077507522867,0.7100773253684532,-1.3879851298662824,-1.3589284091922589,0.714558993822814,-1.386064548384287,-1.364714622785873,1.3382332530664955,1.8379517647700159
25,-0.6603068640109852,-0.41187351372188274,-0.4001181239939532,-0.6620460539250598,-0.4156294618735419,-0.4118229945624552,3.054819143131271,-0.6541705583969613,-0.3735040484782359,-0.3629096108541186,-0.6482108493279444,-0.39591462779236986,-0.35430800478079477,2.8514564081491867,-1.1637981076528956
26,0.747342624547453,1.0847236978925607,1.0571837515813012,0.7567232605127023,1.075291324096759,1.0618753405643835,2.380313652442894,0.3539188713080858,0.6905112916071044,0.6727917510119074,0.3513526880275382,0.6939221077434286,0.6641742528380761,2.2449282593158597,-1.2427494987122407
27,-0.18735620337252523,-0.086904124314671,-0.08550578023263843,-0.18537893164339322,-0.08814872081852942,-0.09105620320687438,3.1316366317116087,-0.3887924232207328,-0.2937650454075653,-0.28794355084142365,-0.3807457270268832,-0.28689974573837584,-0.28703469918731334,2.9894059604774554,-0.9954246064028557
28,0.772275723092087,0.07338581455389262,0.0721039641938356,0.7656157084844741,0.07103517304947252,0.06407618030576163,1.253161252539491,0.6043080036034064,-0.26284039592574565,-0.25850619382456863,0.5924000263048809,-0.2665841860910782,-0.25138929319000064,1.2259230088280277,1.6085848336065314
29,1.7419123389149207,0.628377342423404,0.6155021154253284,1.7373427122824268,0.6116812861243733,0.6241323690332136,0.882379093594341,1.7322948721108475,0.36343695197841747,0.35634169086480544,1.733684992852909,0.3665373783764361,0.3511939196898392,0.5668813211559897,2.0122659293937613
30,0.5697194873116712,0.3197610289687315,0.3112649187021023,0.5744526437739508,0.3116638817080768,0.32000845239474013,1.9218215352241061,0.5481520264826285,0.32109747905694036,0.3181285408103331,0.5503363976302329,0.31557738003671615,0.30837058559625663,1.622757260113448,0.75767966508444
31,2.2556223320656343,2.415693573209893,2.3606438188592236,2.257276821560696,2.4203048020863287,2.363784197998063,1.6134652838892989,2.035008789199015,2.2177247319341884,2.171988244307463,2.0285043504824074,2.209340678601213,2.1702280892107906,1.6077188118781123,-0.9987138151735162
32,0.4567653615813746,-0.05179342540277625,-0.05084842509481042,0.45914410826115426,-0.049594375618218195,-0.05449054941863112,2.2133785727926765,0.1287566651066747,-0.5167144168891881,-0.506567777738438,0.12956336102699073,-0.5001723509044593,-0.49201110220513755,2.1499124519324244,1.1811975847838432
33,2.5781087462718704,2.3643770267485804,2.33346656831798,2.583076790036832,2.3657606641471753,2.3330952817051958,0.8332094937765465,2.1826216353803973,2.0235566147080593,1.998417672197991,2.1777448263522667,2.023070335687106,2.009289620992042,0.6113821409198942,1.2487950566813204
34,-0.8835278050917477,-2.6909095500267943,-2.6284160236697685,-0.8831450305147531,-2.6808516601640897,-2.6266438167008195,3.65067043190073,-0.3823450131767973,-2.2269185376698273,-2.1671964177998384,-0.3873842951486917,-2.2292279606619156,-2.170138042344107,2.877110146171957,0.49799596584302935
35,1.4083617110525866,0.20562642987725568,0.2017529741409992,1.4096579646835476,0.19875404478667308,0.19461524281934053,1.2192237312085292,1.918445516504494,0.8325781255685759,0.8181833005615686,1.9144019593345458,0.8339913728414423,0.8238936447226402,0.5315124980345993,1.7541216658561005
36,1.9272278989742055,1.2853313618580673,1.2485939946729212,1.926051428121938,1.26353483673334,1.262956220677517,0.49220839453312204,2.29586986854818,1.5840363230851142,1.5337029186090987,2.2806773773463673,1.5818774847484716,1.5228932975676104,-0.2006561255688541,1.62659962955366
37,2.15427309149918,2.3338881157459412,2.2509617869291563,2.1467869499773227,2.3333432672862333,2.2447096039367254,1.7870164421132082,1.8217937436947724,1.9632358757040669,1.8926255824579181,1.828025965816618,1.9711239089178076,1.8888232739774675,1.7397571758059618,-0.9688346141889848
38,1.1241704678055058,0.07581012539811166,0.07473933702212172,1.1288087049115534,0.07483862077810359,0.07735970010998558,1.9754489866398988,1.3532948346086275,0.35133051383970404,0.3468376967279177,1.349864622958004,0.3548520150217832,0.3455703776948963,1.4949747950419252,1.155076709135522
39,2.0465691409365854,1.2922334151806476,1.2568642806003854,2.048297311355112,1.2878183632325835,1.2581539324142819,1.673812017852204,2.2686312332396614,1.5450138708172536,1.4971355901944325,2.269498301567317,1.541392688750418,1.4936652875281844,1.048443298574228,1.104272356590525
40,1.038508422545147,-0.47901382995729697,-0.46629272813365696,1.040212341119947,-0.4859421597408369,-0.4666509085402399,1.8010432257939972,1.0067502977772957,-0.5543750983882189,-0.5390560329948669,1.006846042571091,-0.5551212481533782,-0.5489687177639835,1.329968788434081,2.075642056271871
41,-1.289265250761269,-2.3939392812398337,-2.3632482084289803,-1.2870697793435906,-2.385773844711779,-2.368194569790671,3.7149004164246984,-1.005127414912458,-2.088993052918927,-2.056948533834086,-0.9880934619398456,-2.0902898108430183,-2.0624266407515646,3.0422125839525784,1.0678534016136227
42,-0.6557637494993698,-0.3899787325882752,-0.3825692229708472,-0.6517861233605583,-0.4012938733009744,-0.3773117136912349,2.8010768180384646,-0.4836295057970011,-0.20575751972925851,-0.20171176453431583,-0.47991533656592295,-0.2089030952539176,-0.2049230814019263,2.3666568233872214,-0.21565929310517942
43,1.7130964298229612,1.1129407255169608,1.0750947126671335,1.7152222670136104,1.1141425726961773,1.0769275433703105,1.8874133401891442,1.6486180601995333,1.0185118486512452,0.9831492469438156,1.6491531946118039,1.0215800447876675,0.978255509268426,1.724809179998474,1.6500527159007201
44,0.6879570241454268,-0.7089483422081329,-0.692565670248343,0.6807098363422802,-0.7047685119662894,-0.6867755370462194,2.092307306809077,0.6936091196239449,-0.7868908756958433,-0.76844512938414,0.6910773336985699,-0.7774792706911041,-0.7627849003660989,1.8737149120779788,1.7498190994490657
45,2.1879006233776033,1.3153658815825573,1.2909353907112835,2.1932781213350836,1.3184326948116143,1.2887731749072686,1.030888207910665,2.0023894611632223,1.021022166274236,1.0021969994565445,2.0039370732642374,1.0079785168666835,1.0008271676844758,0.8706838319489646,2.6909595462086346
46,-0.35596201124023896,-0.2892227995300966,-0.283526088930581,-0.3673736185006725,-0.2887663943027958,-0.28560437209248196,2.668954997096829,-0.3618919198424832,-0.25956097552396873,-0.2547523450298331,-0.3558821680817851,-0.26274087070041774,-0.24689537579546827,2.3610577787626332,-0.9882448742826462
47,-0.13955057031555598,-0.765456755899785,-0.7442065053508146,-0.14149840510822687,-0.7667626816823416,-0.7406131957297502,2.5126154994337,0.18809126757066524,-0.485765798768679,-0.4720987801209306,0.18567466120697915,-0.48526475113065853,-0.4840448414691497,1.886377905797619,0.7544007169229574
48,0.2807633253359527,0.15769924384011474,0.1535970882794415,0.2916575687647531,0.16430457372143756,0.13912816072826534,2.145481990265591,0.36199265868229774,0.2024477662614395,0.19804987938720975,0.35180280117069934,0.2079077146208822,0.19555849901432862,1.9285204715477111,0.07864076902207513
49,-1.269417689209103,-1.6546075461304213,-1.606759171277938,-1.2718947108923775,-1.6565234908790687,-1.60560933837055,3.146275532155823,-1.0654861268522173,-1.2531024551252916,-1.2160766183364462,-1.0678051151258086,-1.25400523555505,-1.217193650927016,2.6386438967846813,-0.4421384969478032
50,1.5621529573728041,1.349198729441139,1.3164156033253807,1.5655094529602158,1.3577538819104042,1.316991068862736,2.107776880390753,1.3036264856873305,1.0766907635265786,1.0506590168552845,1.3030382427331688,1.0785161610534313,1.0582195809166224,1.7446336183661986,-0.18226008567073837
51,-0.8835882239009782,-1.1135929462791379,-1.0796453084468887,-0.8937412830393123,-1.1151541250666022,-1.072439014522982,2.8555501332566156,-0.9808585088664983,-1.289523041287163,-1.2520721085778432,-0.9775411096433433,-1.2797839560171325,-1.2682949216194164,2.673591029643856,0.29221775575701986
52,1.2257866040839909,0.5234184167462275,0.5134052306484953,1.230470714225444,0.5221799820350085,0.5131579335221939,0.9261410049918708,1.4398944747557911,0.579151901910471,0.5675939541167722,1.4417966765914387,0.5890260300271828,0.5663061128623946,0.3159859287601118,1.8946863625075947
53,0.5071999595785618,-0.48497545413985677,-0.48447376494566075,0.515509681696877,-0.48715836960822656,-0.5075952814881656,1.9615060994619902,0.506108593544678,-0.5700142944648491,-0.5686138775534326,0.5167568994202492,-0.5629329946481911,-0.5609882136707162,1.8513174316088308,1.1299842691650506
54,-0.6231260868928439,-0.8054269682238603,-0.7803295663299568,-0.6180382663270605,-0.8100305540317583,-0.7788917846647646,3.0041465515293275,-0.7338261293227413,-0.9622551530147374,-0.9292052635091695,-0.7396501512949426,-0.9693782465161749,-0.9359126718069314,2.820703660843127,-1.0853923629201672
55,-1.660857641572835,-2.0055862301537735,-2.011917084063449,-1.657141035165943,-2.0023849184324973,-1.9983429408578879,3.491556077773809,-1.7364652815285866,-2.327068190380041,-2.3318722101648857,-1.7361687595526694,-2.3127536350538778,-2.3255353997536403,3.3887596312357493,0.0779430092036763
56,1.9221420922491554,-0.9028375311539057,-0.8781934522945437,1.9154519481418588,-0.9084394639627934,-0.8738940938896677,1.5179301713310578,2.1294541644790996,-0.7681361038667931,-0.7468644813179156,2.1298250075544836,-0.7657090617754057,-0.7581940339451262,1.1319852108879185,2.78665355825465
57,0.05175478608055728,0.5095015882468188,0.5002839250869786,0.04511838655498713,0.5093168871323039,0.4909657037810668,2.230339439532172,0.06175459826061571,0.5677121850994037,0.5564984820072317,0.051308479340644315,0.5591596783676032,0.5564727417708787,1.8647910707427693,-1.1532558672100028
58,0.6128822694904859,-0.2996309935968522,-0.28939402251386903,0.6134333915039978,-0.2923715281872055,-0.28875821359194837,2.2615003171659662,0.6621441536812858,-0.24594442295455896,-0.23633676458419464,0.6575267544077323,-0.24871967053752228,-0.24281766428103502,1.8788203405210147,0.8107686782286302
59,-0.8141977949512605,-1.49815312491279,-1.4653631490972614,-0.8118493543895772,-1.5110980292924256,-1.4690013044586834,2.9997262217639302,-0.20004254627955087,-0.6869418970095215,-0.669547184387754,-0.1984613665154895,-0.7057552159864968,-0.6935399442689419,2.0838309858083672,0.13488522549022186
60,3.980130436373446,-0.2908076405513635,-0.2882665221795907,3.977579966798846,-0.2913102466311895,-0.2871563952397008,-1.5203368923303635,4.385798409402539,0.007526366856044836,0.007459365662599062,4.383489848352947,0.0031299383982590643,-0.008632114485490682,-2.183150622356512,5.095562268865069
61,2.4007131610538273,1.0052124588253237,0.9870345788300589,2.3923301997256745,0.9888916650963777,0.9884675392069137,0.43222464729797255,2.351773363707936,0.7031014567356634,0.6902357161648276,2.3465819821115357,0.697600945740591,0.6963948821105855,-0.10152294521736713,3.5456973115714336
62,1.1215458058530845,0.6101284873282249,0.5956815870414061,1.1299770047061335,0.6124330047233072,0.5895972653998562,1.9447939629798985,0.8876517017011782,0.21124549192546,0.2066621089342661,0.8950458608205845,0.20327225343478392,0.19183849249758267,1.889990748823108,1.2158367998474195
63,0.54545850270224,-0.20427713356153826,-0.19960644940349678,0.5487800884251651,-0.20465744553966497,-0.19288320911448362,1.9213957187582762,0.6821369629653496,-0.10623125121191089,-0.1036444077763136,0.6892896346906455,-0.09989964844051533,-0.09994125248185935,1.265455139642942,1.419188311452796
64,2.5646847277322435,2.294143939682745,2.2528024166897787,2.5711414175650074,2.2938960745532726,2.245951917534161,0.26621684810679014,2.3668001949581727,2.078733143337732,2.0347689233860446,2.365312970461931,2.0896495906635058,2.0460355677708106,0.014865074267410128,1.2053747098975036
65,-1.4399035085265017,-1.2244883084436815,-1.1961952170272736,-1.4651820711056984,-1.2239414718360608,-1.219857657915134,3.912973358940908,-1.6243050845110156,-1.358112562608365,-1.3271996183012371,-1.6220044663891158,-1.3448308637710273,-1.330498814446421,3.8003066119989377,-1.0012667366359682
66,3.511571086143673,0.3434278554459737,0.33382606409552645,3.5177467134642204,0.32679490862248634,0.34565110185779874,-0.42925647071989,4.061755534394907,0.7271872443608621,0.7064316085802347,4.062926469656584,0.7264522218425558,0.7134241623177989,-1.156158954759739,4.945978605080533
67,1.7810573562218477,0.6919102085288016,0.6895258054401789,1.7813894020174756,0.68713164696974,0.7044991545878858,1.4004724670795847,1.9107941102482164,0.734384168764641,0.730798955710568,1.9214908718386388,0.7375051858718099,0.7441853934674693,0.7910516733655908,1.8576422736669966
68,0.5214958308161569,-0.5127132661614747,-0.4966636614625852,0.5261882971045247,-0.5119023970582172,-0.4987067617654324,1.6380111315256451,0.7245574332194962,-0.5911641686329425,-0.5721044932631939,0.7282286804655671,-0.5901902391332698,-0.5772083212089358,1.1183374770793184,1.7657919324808413
69,0.8024524053097203,0.6946340487117454,0.6807777534427933,0.8036347084044514,0.7055258013278003,0.6711803604315096,2.689370453610146,0.9452763425084476,0.8398205002187215,0.8248176873849863,0.9465493173140876,0.8425223919539289,0.830630277991964,2.0770605521581533,0.03339951869908298
70,1.6944552249274851,1.5350289296812993,1.4903827641030825,1.6966757076681507,1.535370107489237,1.4881023115710434,0.41246451049560223,1.514396170642156,1.3474041867817625,1.3097771240730458,1.524293665451075,1.3463063247202853,1.306800118598149,0.19378684926742856,0.5156231161496633
71,-2.1509065537059393,-3.002707278891441,-2.9434401623261914,-2.1445068479956477,-2.9996770711040943,-2.9374558501459593,3.808951452251416,-2.3238287555705344,-3.8980334192888733,-3.820995407202817,-2.3278490517203045,-3.9088020588433956,-3.818842811737781,3.5036234635331853,0.714595619044449
72,0.45847559690672013,-0.2257284993690601,-0.22163273759706395,0.45096459208042555,-0.20942307882933975,-0.22174567496570224,2.3293666572108105,0.6647735266373516,-0.10830918292672741,-0.10643839791721124,0.6678597256323038,-0.10072552824458134,-0.09239017807630287,1.9431576862351396,1.915746720142448
73,2.297015923657441,0.5123265756642837,0.5012863751208514,2.2914051338883343,0.5171287495370435,0.49274769834396537,0.8446803654311932,2.550325523079046,0.7192886039732054,0.7037563623672227,2.547319943333607,0.720939048141833,0.7054389225739398,0.40304718995121636,3.219620043074504
74,0.9379837500334758,-0.37629311905027585,-0.36825189359563876,0.9405452175849017,-0.3630992131793946,-0.37441508270708923,2.325688389938799,0.9669827478173292,-0.41098176834082445,-0.40147962446837604,0.9717433587382871,-0.40732740373676996,-0.3906847141268086,2.013943387811443,1.7145988171897444
75,0.12778594869698381,-0.062054345381906864,-0.060088381848021864,0.1423624270618425,-0.04447863091250668,-0.06625458881536352,2.260597408865294,-0.05334949721857958,-0.3144191559874574,-0.30322717090967893,-0.054583540983937626,-0.3236855356185294,-0.2949685653049088,2.1661579797045087,0.7085102233284035
76,-0.5405191461051781,-0.6596551613622273,-0.6598482305039489,-0.5420050962105001,-0.6412722955360118,-0.6568879160126232,3.1076587069186528,-0.4028919942793842,-0.6072085793488928,-0.6067052934187575,-0.41923807577644595,-0.5974700111686928,-0.6001647847545887,2.801013846589366,0.07321526633011936
77,2.7341990037609074,1.012323166269738,0.9875665876170717,2.7329773613987447,1.010807202168014,0.9922084983444391,0.9414860711245923,2.622381846191981,0.7395944095700366,0.7208109336820293,2.6291326173315723,0.7348995671250113,0.7107269480045791,0.6494123387745911,3.1831820310516252
78,-1.178650266773826,-1.4458586519162469,-1.4019177458056469,-1.1707489505778386,-1.4368434137810482,-1.4021525323057027,3.380801033104332,-1.1641517915545132,-1.4536223178739993,-1.4115966658609231,-1.1634101120600284,-1.463817759667157,-1.4102643050714394,3.1563331826315864,-0.5290597874675261
79,-2.6532444877392174,-2.4731591949863274,-2.4046902890668114,-2.6325721427545243,-2.480341312522542,-2.4072719266969567,4.378152760448565,-2.4748582284947673,-2.2757572786097557,-2.214821801783421,-2.4509408434047706,-2.254962674950414,-2.192862829767298,3.9392813660058628,-2.5826074596001147
80,1.8052232280718727,1.0693670578293335,1.0500052598861302,1.8053746734588627,1.0752418344394972,1.0539047261370447,1.212390648993305,1.87598748811179,1.1284446834092716,1.1090997259313076,1.8772704367408313,1.1286619864607397,1.1098559193203597,0.7560740732129095,2.8484938205150265
81,2.042530277627467,-0.3702295291866154,-0.3649999837904412,2.0411475888361545,-0.3798798516868439,-0.365751887563308,1.0773859995728126,2.2536285154103814,-0.35789268373330174,-0.35371690484755197,2.2499814656900536,-0.3498376972271381,-0.3486121146584183,0.6239771958523541,4.085890482638382
82,0.2219693114284261,-0.45045578417361987,-0.4398722828299521,0.22665364046149114,-0.45127864664816053,-0.44489083668641777,2.3905924578625677,0.38107383317963356,-0.3332559443569527,-0.32511367051825313,0.37401696529382106,-0.3224403284740153,-0.32106409540104625,1.9699218017010791,0.9391283325765719
83,2.0575040956585116,0.4828330424562101,0.46989692444851267,2.0585802900047527,0.4827685725139267,0.47773599782777365,0.2250735618178373,1.9478157032154084,0.1284798737395503,0.12478087031723377,1.938733737935692,0.13068977677904153,0.1311965389330952,-0.005581719457839548,3.0912343504543407
84,0.18832661492041688,-0.9800935338921373,-0.964463991246962,0.18761808592077353,-0.9806532715089584,-0.9738451700284743,2.1803669305417968,0.45059369488029316,-1.0196603757265008,-1.0078723172709316,0.4510651882000488,-1.021947767437828,-1.0000747610849412,1.4705463522270656,1.5063128999624218
85,-0.6415094263509789,-0.9533506869175047,-0.9278496768932966,-0.6395620762161273,-0.9557053418302095,-0.9521180012848778,2.6176937201655726,-0.8122482912560007,-1.2790357020125402,-1.2367547032421249,-0.8165356864939188,-1.2845481085185793,-1.24217730821448,2.391830474201152,1.1227624989384795
86,3.3130507538626013,1.692559514230347,1.6635153208933768,3.3090278822669457,1.6847000503465868,1.6734595770326526,-0.2018062023739362,3.544232092506447,1.845119087060275,1.8136725505235451,3.5437170998463596,1.8448389755470598,1.8074566522095143,-0.6948053766378548,3.028402764543483
87,-0.7600309263441553,-0.882117057140593,-0.8703314181700947,-0.7530500675837102,-0.8737884158231543,-0.8689837465729134,3.951309475108255,-0.7149746765028816,-0.8365418729445421,-0.8232792201196117,-0.7247247988201768,-0.8439382453306611,-0.8280932765782677,3.6622059227381922,0.13628138631544892
88,0.394878261784434,0.34323062416612016,0.33477455160815006,0.40063469854047656,0.3429531986718601,0.3304601019363251,2.789741053780782,0.541697149329467,0.498286943706465,0.4846792108352929,0.5425553788012722,0.49797299634632886,0.4970917510412251,2.1264949672108675,0.3607405250820533
89,1.2125869508212945,0.06129222892522849,0.05987095947183435,1.2091266498220834,0.05972507235559732,0.06165477962107585,1.8130717688109872,1.4854466271710631,0.2162223698726968,0.21091646071228934,1.4814670878951144,0.2237575562030767,0.20558509958240048,1.3095011474186413,2.425812711772465
90,-1.553359636385775,-1.120180099986654,-1.0907945289424834,-1.551418794971513,-1.117400206725606,-1.1158445799351475,2.9410105877771175,-1.6575714989519337,-1.246490167211702,-1.2212682022169956,-1.6558191202733161,-1.2396910016982363,-1.2459754098539655,2.85912274076227,-0.5335153915880093
91,3.113516149048095,2.7166105357439863,2.6693850707591973,3.1172999292233348,2.7222042495010887,2.671510601201135,0.2908197020586962,3.1175763806947443,2.7247321728804823,2.6753512424881554,3.119493934358828,2.7293602932444596,2.673162557922179,-0.03625826396706674,1.5378855423622
92,2.218212518350185,0.7771008397930466,0.7577686732921289,2.2196894252439785,0.7707099681660227,0.7474087895590741,1.5455733224977286,2.343264960577094,0.8748539200414415,0.8552692412010033,2.34369640977132,0.8631382241348201,0.8571231834918123,1.205725958233114,2.0487285230214916
93,2.1516888067225977,-0.2960227893536474,-0.2893529106580323,2.1479937057222593,-0.2893742497140747,-0.2838482679284459,0.5046622104223566,2.2111732752755064,-0.6194706919379563,-0.6056874781125516,2.2169535931170223,-0.6165323937140345,-0.6050119635478499,0.15055810766999395,3.0486691076407744
94,3.0106845644774305,-1.3002595404588781,-1.2671576820987809,3.013540866210294,-1.3043791360879227,-1.2640963421909714,0.31445053340890855,3.391337081091224,-2.5678654562605896,-2.507194500072695,3.394628657224669,-2.53866334337522,-2.5169272829269276,-0.24162092179317038,4.467029118406556
95,-0.6136148745100533,-1.8602974398435828,-1.8093492616564,-0.6156513442283428,-1.8613823107969956,-1.8035073244425273,3.0431995978502857,-0.09421713811027688,-1.6077431531410957,-1.5685153337206361,-0.09941788211552972,-1.6117040994748735,-1.5666476717493294,2.5972528397734704,2.12176955129203
96,0.5023513203916288,-0.23833483241434186,-0.23582800385571334,0.49984752109448716,-0.23378690556737802,-0.24340336147640207,2.0213152376593926,0.8582091010720851,0.08504938695361591,0.0839579071006743,0.8462265209759962,0.08094899192285337,0.08672901764463127,1.318610780650789,2.151289586537964
97,-0.5878460886907813,-1.0648384152921877,-1.043372522023557,-0.593735879165048,-1.0581686137336073,-1.0612291379426497,3.1809014693066406,-0.43210504964172114,-1.0358672429169686,-1.0167344076485063,-0.4410700673414816,-1.02536575839125,-1.0190801626001296,2.8141132702446514,0.7186328767254428
98,3.144270711756012,0.008747897338561463,0.00854553797139985,3.143542657456495,0.008737862520656876,0.0170805912507846,0.299833136972316,3.476502067190366,0.19786149784717508,0.19351448829714465,3.477013727991611,0.20363871038414486,0.20045437559279794,-0.21777373037708672,4.248164890681217
99,0.039446430427696924,-0.5374654310117077,-0.5275330608418737,0.03724687602129873,-0.5320287011994966,-0.513028183405612,2.64898469070842,-0.24959768483101274,-1.0588887954074353,-1.0429254264028078,-0.25231438433241826,-1.05716204293786,-1.0477034284018099,2.4145225860680597,0.7895220013570694
100,2.0084074164304546,0.04469549707603848,0.043663484752420545,2.0100667469934987,0.04217056748114907,0.04041169767489597,1.4336477194726271,2.141241787933887,0.10504124817866524,0.10271917833228013,2.138444978145262,0.10165327245395697,0.09742476761381562,1.0236566299004584,3.1642547855244065
101,-0.7266624767512847,-2.38643642444467,-2.3173780244868585,-0.7178853862015937,-2.397902860207363,-2.3123134756789017,2.5399489640212543,-0.4981674751234778,-2.397618941551098,-2.3316282234445618,-0.4844946871403139,-2.3829905151687196,-2.335339817947994,2.3126753287035986,1.3728191778864103
102,0.8402038695677265,-0.2716900104263355,-0.26353285942564564,0.8316879417247834,-0.2701608125660696,-0.27250599724938757,1.6037501431644565,1.1323226771998467,-0.07531046367107,-0.07297258097323853,1.1375641760643413,-0.07360719099798115,-0.06944006663973061,1.0427993416073171,2.770987216190307
103,-1.1994169180771554,-1.0313130653682037,-0.9981456031706031,-1.2077845638474338,-1.0341889714787746,-0.9984467175523625,4.258012622536851,-1.0966525771545304,-0.9047921090514276,-0.8756867031073822,-1.0962526356184628,-0.9148290027548861,-0.874258040772554,4.0950256135190495,-0.9501336788451199
104,-1.9045268506153572,-1.6620373264459927,-1.6105191657501585,-1.9023380042576443,-1.6604195768273267,-1.6068830832201804,3.0777757928487675,-2.129821490997158,-1.863202951989391,-1.8060503087643784,-2.1279106824854646,-1.8680978362453258,-1.7957203841471143,3.0635791628441384,-1.8093539327722294
105,1.4757413025756267,1.489370489301801,1.4517347549752044,1.4737579411916497,1.4859026985057953,1.453742116279227,1.5775769838708313,1.3053268778228406,1.3529777167012655,1.31788072534639,1.3037940794231502,1.349683203357182,1.3256018011925232,1.3537220205757843,0.2719719526508947
106,2.7935704713277194,-0.014088996539177782,-0.013704199892400319,2.7779055322881128,-0.02643504855121251,-0.022933764395174062,0.1948361499752395,3.1296294232492134,0.1560519932923924,0.1516854568569262,3.1268478132480966,0.1764787126807654,0.17470236081295284,-0.37550635117348535,3.377743658215354
107,1.6262388427748302,-0.0598022854438602,-0.058371366753637376,1.6228350730897685,-0.048085072841774115,-0.06513418082198881,1.5449615649686126,1.7058518559960931,-0.12538031465688745,-0.12289545722970503,1.7059373613537085,-0.11022762687333837,-0.12919528992246923,1.1139650813323192,1.6552999052047987
108,1.9042576318471713,0.6542937396838757,0.6371705871046996,1.903661127452435,0.6472781211320031,0.6424653024605387,0.4059243555306024,1.5053848131235994,-0.01894489493041054,-0.01843503455280889,1.4993173601493253,-0.01966072495161572,-0.01863476841058174,0.23568772782413833,2.614973764775999
109,0.16585835411720645,0.4544409753488675,0.44186514667157517,0.1552784819421023,0.45909133730927115,0.4384622816415626,2.4671598954188507,-0.555171996295191,-0.3444112395125892,-0.33669273671927064,-0.5381731501806767,-0.34673638425467695,-0.34444321543047635,2.532916936343241,-1.4538575196919583
110,0.6751206227116587,0.15556166055756443,0.15209451190106255,0.676260102936337,0.14778632272067577,0.15090284784846347,1.8542958329409924,0.7527820875675466,0.19580702723103446,0.19145894301744512,0.7581426997842161,0.19730642143805655,0.18717577422048295,1.4033647974489898,1.0249319798806054
111,2.5940586558087424,1.9695736780319175,1.9214842425085628,2.5967851914706856,1.9786587366696335,1.9260321301949195,0.3343763959257318,2.7350567696617447,2.1393055106760603,2.089053900471312,2.7511421039356074,2.1436790838120006,2.09109021289427,0.034139236147038454,1.9169912966320208
112,0.6135866425690898,0.3557995978617443,0.35002812830543467,0.6123053368382488,0.3598934426216088,0.3450917990503797,1.9666888257070931,0.8221064388905814,0.5393369838337918,0.5279213918186225,0.8189531401785496,0.5429713631190404,0.523012383315844,1.413585557743169,0.8979292456444172
113,-0.27141846143942644,-1.3560650569049308,-1.3221426634592717,-0.27890164359105607,-1.3528237368477092,-1.3190505989054988,2.995893276484545,0.02412980595696253,-1.1123657810477312,-1.0855770126708648,0.029630297699157357,-1.1096207733550378,-1.0879956230704584,2.4781629545786306,0.8778597679910954
114,0.04244166569128697,0.4038580533555398,0.40610090816639416,0.04444125083820107,0.4087890909963601,0.3997150575679784,2.4007615516752345,0.06291428027080452,0.4326064841160105,0.43576304190700277,0.06172488509763735,0.42703952298775427,0.43916563446008217,2.3020715559392997,0.23315840207779737
115,2.435241896261965,0.5556185882607665,0.5408154188661002,2.4358552836780203,0.5633778800843394,0.5462547884008206,-0.12396267136629172,3.149641542842308,1.0643277013979906,1.0386967833995713,3.150821677387616,1.0611690971927146,1.0471690527504949,-1.0979788305955105,3.622264178811714
116,0.11760296184541018,-0.9675096640853316,-0.9515146877331221,0.11873005033754697,-0.9662024539384052,-0.9465888154703064,2.035396723545287,0.25322084228945607,-0.9912742058200004,-0.9712079339629476,0.24561304269133405,-0.9880663268802236,-0.9852346108546801,1.58025048879473,1.9046033791188988
117,2.957998516866473,0.9881450890536133,0.961651581979539,2.963530511927078,0.9903306234902145,0.9559658339594487,0.26950588638035483,3.2912307364359594,1.3986672184052165,1.3636035378003337,3.294625852404815,1.4004646525783164,1.3682154743314443,-0.4773852588824591,2.992478605542652
118,1.7128998999204232,1.469498091704395,1.4516737042039631,1.7128465170619023,1.464501673693099,1.447759109149021,0.8106415314336066,1.6353318367133234,1.3487224904756552,1.3329000862807507,1.6306750442349456,1.356948976812531,1.3271128633538918,0.42988142818060365,1.0175210514493453
119,2.8825700677486603,2.9789782218955887,2.883755005710343,2.8820271861351228,2.984478614745388,2.8826447814320484,-0.5362623935447469,2.8286315066334557,2.9479963816886334,2.85086658646771,2.8222761129475002,2.944564478017094,2.852487401121824,-0.8103260257944673,0.08349141753580343
120,0.13186640725455642,-0.9783883342760861,-0.9606882188858623,0.13399021474959968,-0.9768049415025389,-0.9619267982143255,2.760398001800001,0.1238896419391698,-1.0157285500682187,-0.9989613852180469,0.12834712533652246,-1.023484047982732,-0.9890957534289747,2.590733518267195,0.16269711694919534
121,0.9978123523862645,0.3826441481446712,0.37122870793845175,1.006628824891272,0.376069053338823,0.3841575801871755,1.7491246238785343,1.079374859777729,0.41818283361774733,0.40673647194012896,1.084843356963742,0.42192820210177634,0.39561936167609,1.4134675276708564,1.6187953520999534
122,1.7598352161887407,1.3948265406415097,1.355713777753566,1.7361325658010995,1.3991962847069876,1.3680913654193103,1.903836547658472,1.7114509889497482,1.3761574549150755,1.3328750284957764,1.713252916963719,1.3846367579407821,1.32737053903275,1.2062486909775227,1.3572210952299275
123,1.5108899571412666,0.7636242617792135,0.7464535238672446,1.5105050032125136,0.7608266142941624,0.7504429047832414,0.9145274418833034,1.496192830831617,0.6436487503816455,0.6280936046768598,1.4949164946056859,0.6455681072839361,0.6252098427211036,0.5198824502924801,1.8323420161607624
124,2.6242666422007304,1.8378901472150249,1.7745060670136434,2.631725118258574,1.8342410219996874,1.777053386358994,0.9791709357255846,2.6008066051531684,1.6627593938243432,1.612323259267365,2.6009045931404136,1.6584730659576243,1.6126217487799033,0.5128008012985219,2.9884421482932324
125,-0.6706881744905558,-0.7751117868332454,-0.7586144588389719,-0.6627912918962284,-0.7814915011208753,-0.751596371741141,3.137035829168424,-0.36336304842722605,-0.44596244365429494,-0.4377527119618872,-0.3555045905134675,-0.44443444657779113,-0.4313016821685876,2.6871933548778624,-0.5983040418067419
126,0.5715524336833137,0.8959044549333457,0.8710886182334708,0.567563041434469,0.8949578960112767,0.8669000416079747,2.1782385342052635,0.5027048210192779,0.6898027516086805,0.6694338810050323,0.50449334453967,0.6869112944870231,0.6798106228294839,1.9212150030173867,0.976292942086627
127,3.0983919900196177,2.03963687103133,2.0061472520217865,3.092839642368186,2.0436309970121598,2.003488626945036,-0.2669497488380388,2.144313030154891,0.6798925354172513,0.6662652445295003,2.146300183016376,0.6731313918620778,0.6671538543503945,-0.03216656438426096,2.5847157580937887
128,0.9957005554471543,-0.2870448967386071,-0.2803089271291376,0.9926352341946235,-0.2822484798347905,-0.2709988428461768,2.82041155148883,0.8007886499878221,-0.7396418541255403,-0.7229098425099326,0.7980511519735204,-0.7538994717783118,-0.7241501783483382,2.522201492828882,1.3667254077093602
129,0.016317842632708968,0.06836285859226919,0.06708753038178182,0.024688895712738548,0.0807048616319435,0.07231391918659576,2.1590274637357862,0.26230852334917676,0.3557229453912312,0.3490531153851546,0.26075349237147716,0.36023951517921354,0.36133668729488777,1.512422596942134,-0.4549048334316954
130,0.969579668555314,-0.7065270060239067,-0.687912498842295,0.961312293446016,-0.7099216348930634,-0.6800000920396987,1.5850126805063873,1.3152828419238265,-0.6000769297525922,-0.5837769953708289,1.303520674644496,-0.5982411708445156,-0.5722923100250581,0.9054100852505808,2.2539453195426007
131,1.511835592679607,1.922871522252217,1.8429049746016704,1.497437933748422,1.928976521624692,1.85059613617535,1.839197923302571,1.1677163469508558,1.6124653752738036,1.5433565412867853,1.1603306170036243,1.615810929864335,1.5467088595713832,1.7873173538423484,-2.887899496279163
132,-0.4163258139258614,-0.20465385498562177,-0.19934128844339272,-0.4204496938022499,-0.217598013720771,-0.2026317779376079,3.7242871925491268,-0.11000886974876317,0.08534436457059608,0.08345224233574239,-0.11518894410343528,0.08338469467833326,0.07751843017008311,2.6963226427530382,0.04069517748535599
133,0.0038276622195873434,-0.6290915154240829,-0.6189132197405941,0.0131359305966914,-0.6185522297243656,-0.6180676169865783,2.463767642522568,0.2080042277213832,-0.45591239130012856,-0.44771388557843067,0.21201193777427613,-0.4692204917176011,-0.4611371837193529,1.8125493845971399,1.072914537606462
134,1.783204457472387,0.5831376503742891,0.5757901822813988,1.7962664432379243,0.5802859736742074,0.5763645452985116,0.6455673402983474,2.00395219241989,0.7667846162186047,0.7597651531876283,2.00266726492906,0.7573816230096349,0.7606746893218848,0.1658100545692035,2.0977993400275112
135,0.5117106401002074,-1.5495306176401646,-1.51053205679457,0.5169538668942684,-1.5392880386790355,-1.512547156150768,2.397924690454183,1.0694053141792095,-1.2415479798604638,-1.2148532322046486,1.06341119034974,-1.2437690518056634,-1.2104003768839036,1.7190438705430235,2.086771088713508
136,2.813256382980103,1.761205251142558,1.7303334531347134,2.8115617857531183,1.7665214908836402,1.7260420653776902,0.3608050135803716,2.9144133222108244,1.7569485493076995,1.7235470931770842,2.9206579028123434,1.7508190596869417,1.7266933421572386,-0.007995284465217816,2.6432678277480925
137,2.9562151256368994,2.9665875800301613,2.9084668218848955,2.958616374437389,2.961043280497433,2.902074234459829,0.027701903090469174,2.93926361673305,2.9840879438592363,2.9246583354789983,2.9263134987610213,2.9977484141212765,2.915730769066984,-0.4321053887122091,-0.005650610391021681
138,-0.4668379358673012,-1.6429381761075315,-1.5960636293792383,-0.4724372082262357,-1.6399541304362546,-1.5852488734108123,2.754064678794934,-0.143980631388536,-1.409112991168612,-1.3693207087959065,-0.14151106872931987,-1.4088844102919997,-1.361407089446009,2.271950170683114,1.1384306324298088
139,1.39161634306536,-0.1197874292277498,-0.11856054582034788,1.3939360541628598,-0.12378757221120662,-0.11280863779167308,1.1793877193497742,1.652479914893665,-0.035880209525321366,-0.035497411417455396,1.647259480703206,-0.035909756157928296,-0.015924848347666495,0.48508914282380383,3.1497850556078255
140,-0.6149763122057418,-0.2757932311308181,-0.26987542494469974,-0.6218063647556713,-0.27418293335644345,-0.26694614841043457,2.6755803283983903,-0.4704751690322148,-0.05382428512630754,-0.05260239439951553,-0.45904678635666096,-0.06624995292302316,-0.06927742816750287,2.072179816479797,-1.4136334119384475
141,-1.1675113178488246,-3.0164512303575957,-2.9623528250774642,-1.1822845834169884,-3.010346912417918,-2.980701187129234,3.442653942101352,-0.8309474370458745,-2.928743464089612,-2.87224768563224,-0.8191531319900138,-2.9333349317853488,-2.87789190518955,2.8654890562906217,0.7746067901173533
142,2.3701061269553265,-1.2859418632253936,-1.2472090137490668,2.365423818092557,-1.28774515965627,-1.2673667554498997,0.2903705270607282,3.0682342590361746,-0.40471502656895425,-0.39507029351266676,3.069556716255099,-0.39334244262453516,-0.3984035580847861,-0.6569440782051426,3.725671621117216
143,-2.2404707700538977,-2.3253856175085517,-2.241255241587132,-2.242082206326816,-2.342331084114297,-2.240078654309058,3.6519317738210226,-1.831181136738467,-1.9957790630623105,-1.9243083770615583,-1.822021329813033,-1.9898303717280688,-1.9061181506933706,2.9789851877801334,-0.26386562349108106
144,1.377627606078064,-0.43601476606180334,-0.4229555402993703,1.3773051047214044,-0.43826388194019755,-0.4180463867198099,1.6536584557034761,1.5108433076281307,-0.34722022560204313,-0.3368555958134175,1.5109326462004737,-0.3538941290603767,-0.3434748903525047,1.2553462419483197,2.0426825826180077
145,0.4128201972428131,-0.1331284179054594,-0.1310005845465445,0.42688865228869244,-0.15509262319026249,-0.14866846492814279,1.352000749154399,0.23964585976584057,-0.5894259211117306,-0.5739517761242341,0.24943576948360663,-0.588663161771611,-0.5741675479820458,0.9556876349652569,0.7595750913358745
146,2.1017007508036842,0.3026356563710658,0.29531302612311794,2.1031628910575937,0.30245560750205436,0.29852190880345003,0.9578551719318653,2.4306605450350873,0.563519438965092,0.550387137985099,2.420418869156616,0.5688637847354011,0.5389828632353892,0.42341530855396137,2.882001873572594
147,-0.7387141598019981,-1.5084152360159704,-1.4616447540785638,-0.7297132504975604,-1.510325079340645,-1.457354222518364,2.0898195584217545,-0.6591877422293729,-1.377923099008039,-1.3349367412954412,-0.6568901632989388,-1.3749701066263926,-1.3371224277070073,1.845662102408369,1.507469630280072
148,0.8380088185243674,-0.20292477719866492,-0.19950381530315298,0.836081920144709,-0.20390189287900773,-0.20072365392897396,2.456914834112654,0.9151985535722945,-0.06318998035212771,-0.06211179621442112,0.9134136065852076,-0.06024072288862277,-0.05804359539617634,2.066010345488392,1.0436590840409254
149,-0.49569553368374025,-0.6671312549437943,-0.6513659822374033,-0.5004278083836462,-0.6731717636449113,-0.6535796546623001,2.804135614033325,-0.17275765142174276,-0.26564310339700553,-0.2598229262968391,-0.17984834636834426,-0.2650071741818247,-0.2516247048681917,2.173533357713725,-0.07495269627572158
150,0.014115834066715488,0.6993677836393015,0.6796286974130813,0.010038926295780501,0.7074765329159981,0.6845123721263306,1.8294602203898807,0.5521717790279819,1.322144695958445,1.2843125389672414,0.5584612475319384,1.3219226402820172,1.2662321951003945,1.0419868622555224,-0.8862641245413407
151,1.5748458398436105,-0.7708046549367078,-0.7499823378380133,1.5777301711535756,-0.7645793373972242,-0.7349284158321482,0.81949975502666,2.034777774576854,-0.49050597039893196,-0.47630656652718373,2.0265170758690303,-0.5081799462038916,-0.4626197797210505,-0.01842797349703944,3.020763721052581
152,0.2232922870072074,0.4615347454069004,0.4501481393709564,0.22466947642584043,0.45786922322102325,0.44591383180605454,2.152046095450352,0.2406439793230537,0.6359804634446711,0.6206397605463552,0.2394715274503293,0.6387647102172769,0.6043694186131743,1.8168433378352797,-1.386044051439774
153,1.6262406290620584,-0.34243094810878694,-0.3359652443515796,1.6425933952414644,-0.3367775999024472,-0.34110029653651996,1.1640607404504448,2.0249913110004805,-0.253509751915226,-0.24821664027263912,2.01412792594217,-0.2584116585447005,-0.23852592937421202,0.3984685506905119,3.1113829892271143
154,0.33414072900234315,-0.860143763659414,-0.8406653516936494,0.3286030864742376,-0.8758168548498257,-0.8298600059434372,2.4614299799917156,0.5419904485566351,-0.6526713208433965,-0.6381440552687047,0.5306558694071992,-0.6423719380229458,-0.6328483638486714,1.944176946767647,1.3367281714875163
155,0.07937702986286738,-2.1233757868291994,-2.056445753375896,0.08087446873907685,-2.1434697514053216,-2.0527709579045847,2.094525613533551,0.16122707018642088,-2.4718126789155916,-2.382507579798444,0.15598140610022732,-2.4543321943231784,-2.379617244269931,1.8466977795225048,1.6615884115829167
156,1.8591373671351783,-0.08409741255409624,-0.08180296659342132,1.8587573255401184,-0.07053425950420313,-0.09146062031006372,1.6561232228619323,1.9756343659766546,-0.013074258840965608,-0.01274497850076653,1.9650419397858871,-0.0144376786676837,0.012980319542133887,1.2929590413123917,2.1784686479097646
157,0.8881983214553082,-0.24217706622345395,-0.23810780424718808,0.8907670762948763,-0.25038057941790043,-0.24320844077552997,1.3780727764659608,0.9115299802543827,-0.5532111734603684,-0.5445892707996661,0.9109801121059322,-0.576664371967461,-0.5495892418696035,1.1056938559621559,1.8255452013950197
158,-0.22822987317960347,-0.4103921807492792,-0.40496971986809593,-0.22656302065606648,-0.39793146572831706,-0.3992932586409706,2.05214065977199,0.029362733143080456,-0.15765575281429414,-0.15590146571865443,0.03227987710874626,-0.15163895891366297,-0.16286821727252573,1.70892945077579,0.639608795672426
159,0.49942774318097655,0.8658599306673497,0.8575743346875785,0.5106404225244581,0.8567244511476558,0.866253752598445,2.416781694954486,0.554716670060835,0.9678528733963321,0.9572133004601038,0.5395305656913864,0.9824153514402877,0.9569340458235375,2.1334822191028673,-1.4268572219702802
160,1.4053025868295983,1.2811963121712666,1.2534491070415914,1.4061094319950727,1.2802798497289938,1.251391822349666,1.6203460566039314,1.4392846339813516,1.3334179052120736,1.3027535782375255,1.4554338252743402,1.3412536104555646,1.293934805882637,1.2390170089520396,0.10370437629479935
161,0.41368315399792654,0.6339811157697307,0.6253739439684273,0.4081500483890107,0.6338533340260045,0.6294926274096986,1.7918042861664334,-0.13626678613614263,0.05698290685704976,0.05602681965220126,-0.1354974110205128,0.057977444243002565,0.05992301487943405,1.9085737808873087,-0.9081994349895587
162,1.0417190322358718,1.048506230197637,1.0262865097062963,1.0482215360339306,1.0522886637952145,1.0268612179453864,1.316332898672687,0.718683343355417,0.6998910668243667,0.6843106906514269,0.7258661022658561,0.6993427190872407,0.6930046053233855,1.2322940133362854,-0.12593900359220814
163,-0.38738740382780795,-0.13429105017271617,-0.13125459165802927,-0.3904947872132557,-0.12962862276782341,-0.13457612206685737,2.578522835689394,-0.49514954162352137,-0.1694689594434976,-0.1657181011921773,-0.49670573384480926,-0.16511702913314394,-0.14178693477386595,2.2800554025286517,-1.9879350671684257
164,-0.799435765895891,-0.8505049140703879,-0.8289708757118951,-0.800706530490253,-0.8450476220995472,-0.830709036818702,2.9637118433187983,-1.0575960540832186,-1.1626242466939873,-1.1309722922422818,-1.0498099737415976,-1.1612547209840334,-1.1345912981547739,2.800325557600311,-0.09433236598581358
165,3.5315834228039455,2.2382399093159564,2.175642350993399,3.5292659985733996,2.24572062070731,2.1766814600342625,-0.345831192582318,3.629737682601519,2.3039852362538484,2.243018997557237,3.630697385148029,2.3097074491133784,2.23180950942434,-0.5894663948383536,2.522734393916564
166,0.5944504527334036,0.28153484816010493,0.27535165309456017,0.6049253151288029,0.2729198748865945,0.27319593748474197,1.6043076290069433,0.7631638738150291,0.4449817908466078,0.433777477136413,0.7544663823163207,0.4411587789814547,0.4309291077929199,1.0114561080759537,0.6694886364138402
167,1.8580631939596541,1.71073780730915,1.6785247218496022,1.8528861837320663,1.6925645358705281,1.671364555777084,1.7946850673934507,2.4258129983972005,2.3407270932569966,2.3026576227695914,2.428039849222505,2.3490741414889595,2.2992455600246258,0.9731443652620702,0.07438771218396195
168,-1.8220962223093728,-1.175214250485323,-1.1521123980379895,-1.8334648318310658,-1.1756002286149638,-1.1667209865170107,4.111033943440327,-1.7990918645624083,-1.0619817073080733,-1.036594893492344,-1.8036698741105612,-1.0624866696289952,-1.0432865373423115,3.5764340426741956,-0.7328695614079583
169,-2.4002987863935177,-2.952405892737455,-2.919851057967912,-2.401964673201739,-2.95888008504974,-2.913227187969714,3.8210594924550594,-1.9096701702091374,-2.442713567813083,-2.4174956617349674,-1.9112984752248778,-2.4279935009297042,-2.4096602892372267,3.168020155002421,0.12247854349022355
170,1.3202811573001119,1.0686052620682005,1.0408923930708043,1.3216259179178218,1.0738224275293682,1.0403163260764827,1.7200253832729744,1.1263098940029543,0.8103785046541339,0.7893813023848097,1.1306171467038073,0.8113410962961519,0.7948367108019105,1.315096415918279,1.1902561717080031
171,-0.38730475915814067,-1.050885871291169,-1.02858275252459,-0.38765893484959485,-1.0462488837539063,-1.0332369548909957,3.0408489441759343,-0.24122454314709454,-1.1098232328812876,-1.0822541909362666,-0.24252120456511986,-1.1053334312363545,-1.0880541752507502,2.6347507671905785,0.8809840524892294
172,1.1748214103286871,0.7601481874879437,0.7420647870451728,1.1788517244482037,0.751227759902899,0.7460987961260822,0.904206177175908,1.4026599954116918,1.0492705914771743,1.0223364002548783,1.3929060604907233,1.0461320596787278,1.0189983940598988,0.3784832894973904,0.9857177288756767
173,1.9569385106502521,-0.9246601776890333,-0.9063754418384813,1.9556459642188628,-0.9265470126831857,-0.8952182632391414,1.7409289002442712,2.1845647473687047,-0.9365150166679888,-0.9197997865963841,2.1826814903303493,-0.9254827809601952,-0.9145946527026485,1.2890716670268103,2.7923984414514846
174,1.1308616939986036,1.360912443159347,1.333368216137269,1.1357347051438722,1.3644455220144436,1.3167113969199211,1.3077977353754868,0.5843543891318769,0.7133861252187699,0.6956186907545877,0.5819896078469916,0.6923839066412038,0.692632790009534,1.1070176455694767,-0.19634123101811138
175,-0.37272040903673576,-1.1698392034246021,-1.1349901706283088,-0.370008716740841,-1.1770524944866525,-1.135594541284398,2.7061490264415515,-0.48337543378800263,-1.4318733708382434,-1.39172955889586,-0.4828526672416038,-1.4287013436004812,-1.3879388854667998,2.595387911107577,1.2961677141113865
176,1.8423739770094025,-0.26332715959178987,-0.2574555369329911,1.8402897909696938,-0.26483380404691925,-0.25396094744282405,0.6927682348389057,2.0314707216365178,-0.13424248557739665,-0.13140486212665092,2.0299190034207353,-0.1295619337603134,-0.13640422648254266,0.19703187052332874,3.5106393505318723
177,0.6810206259522654,-0.01533581948822474,-0.01489794535132465,0.6752801424431571,-0.023149512408966184,-0.014630427278977457,1.5893607221333423,0.7527529460010153,0.048955340259061834,0.04766568782650272,0.7451959811300517,0.06889175702956511,0.029742107327890437,1.264132683268434,1.1736856369333506
178,0.5814991966510418,1.077270101500767,1.043214120689765,0.5766988403634332,1.0746406845143093,1.0474742094251277,1.9581953422322464,0.7990912973209042,1.3070867067371132,1.2636030455704759,0.8166373489015935,1.3007325477081264,1.2593543667494946,1.734175480046933,-0.5776027984031861
179,1.167120988796731,1.0563262403027591,1.0293431410495488,1.1686708255294826,1.0558023942455672,1.027991822910944,2.643359750376675,1.134727590342756,1.0259642410990502,1.0020279264227832,1.135043284181078,1.0234918733094245,1.0043484838508834,2.4160558775990912,0.20721141018937508
180,1.563289989615804,1.2808998060728236,1.2543763818398872,1.5605511059948143,1.2789305243899336,1.2502155085470033,0.942409313315241,1.6560506112452642,1.3413469721428568,1.3142272414973715,1.6550806252324668,1.3378799755940312,1.3137911137759566,0.45886456915117163,1.1708398705292067
181,3.5699086226675187,1.5019922514720438,1.4755899841724434,3.5745770589697807,1.5038322438204608,1.4718475182493649,0.20491538308946505,3.741368736307371,1.6658185674798887,1.63256111335507,3.738806851363981,1.6673823797244736,1.641979790571851,-0.3410713740687072,3.5466392720547026
182,1.097875884531208,-1.0438831028009943,-1.0254130511002686,1.094427007195588,-1.0438315663774773,-1.0461768834958427,1.727588533242655,1.590609655560392,-0.8276156578244357,-0.8141735264686704,1.5887207372818415,-0.81945958665084,-0.8195286849364832,1.0585106261904247,2.411202774703679
183,0.5314439884649682,0.8803520732955472,0.8651151047796666,0.5357218396421146,0.8863014029492686,0.8690462718240207,2.362683599607818,0.34851287365917155,0.7223681181500831,0.7088480935813352,0.3388910082091948,0.7292010647267453,0.7028642890308316,2.1443176131817006,-0.09506670591967911
184,-0.5742870481011748,-2.0711742715372297,-2.0523774962430843,-0.5751908380474143,-2.0667170816004745,-2.0472032372199434,3.4076240719654813,-0.5368754030445225,-2.3102170695742563,-2.2923482205244268,-0.5322329252999666,-2.3254181722307554,-2.29104549014523,3.188600514242078,1.5098748220243268
185,0.4408760233124911,-0.9643388779297168,-0.9442552193345718,0.4320075677908995,-0.95372142482827,-0.9499053009368158,2.4874947239837892,0.5876307982527289,-0.8150839452162938,-0.7988906566873252,0.5910620575306486,-0.7966091602092159,-0.7994449859849894,2.028577221880271,1.187264663538244
186,-0.36610067470160834,-0.35547184848756547,-0.3498130537895901,-0.3700553461751291,-0.34928952285401077,-0.3461949881639704,2.268232079229499,-0.864532534903497,-0.9101367220597999,-0.8917793685643497,-0.8686224931331107,-0.9274814394396388,-0.8933216821679353,2.1626980325823366,0.3452668984000009
187,0.2832746805318678,-1.2096044565789368,-1.1779561559052298,0.28704424346713225,-1.1994761126487048,-1.1793483210497757,2.0022278682313375,0.5863384367341974,-0.987042417693585,-0.958441782962545,0.5904942627058554,-0.9802809840194887,-0.9434045744342071,1.410467776544503,1.1391070656613551
188,0.4975788327930549,0.5104366310611088,0.4983472837205896,0.49518782249761933,0.501850029623706,0.4958037826851688,1.9286654520449593,0.5211916192777569,0.5443640178285942,0.5309899490213843,0.5210109092812596,0.54327951448391,0.5347080038169394,1.5699395853004616,-0.10462144009718007
189,-0.18489306865599808,-0.3227223163007946,-0.31749525099815773,-0.1804678700856327,-0.3102977934371026,-0.33062912503413217,2.726660108082919,-0.07328290144230912,-0.15449731980064654,-0.15208324481151037,-0.08163865500730369,-0.15582070979938764,-0.15203061418021718,2.2934088901290717,-0.14308240324466914
190,0.8534118541818826,0.1336171799463249,0.13018336561862215,0.8594369975290095,0.1263839060750503,0.1262375537327338,1.9153218690952323,0.1606589710347011,-0.8690791588361391,-0.8443765051167086,0.16275506841175105,-0.846546205448195,-0.8452512812317343,2.0251536477410648,1.182081586538041
191,2.7973862497889033,2.5151904186484466,2.479340236514919,2.797539610179996,2.5119882223719805,2.486674130117963,0.6789340265838355,2.6006982946456025,2.249134201270133,2.2199677173254906,2.6047340897184164,2.245220696832669,2.225854477964047,0.3592583532571296,1.5980715279401516
192,0.20477703087443958,-1.7544437760340337,-1.7106047268185187,0.19831843572472513,-1.7537480927293867,-1.7058832043721028,2.4076952080202405,0.31909931014231346,-2.070473440879643,-2.0134827638976636,0.31292146935291765,-2.07247090911038,-2.017922825639391,2.0781719201691575,1.6519660169113208
193,1.1827955706155298,0.6184853003625645,0.6004320616142178,1.1791097376163575,0.6143711045207917,0.6013254295922015,2.133059050190347,1.2335008351098629,0.627281308548677,0.6086052263504648,1.2309355956798167,0.6274034272663979,0.6113772328205348,1.8937298712297552,1.964046738761618
194,3.2122168290653415,0.4361793149438277,0.4298906304456286,3.2190715315413194,0.44083208526538337,0.4309741378588542,0.22608895941182897,3.437661627655197,0.4995541491485377,0.49046895822584896,3.4336967442211286,0.49027736302110675,0.484615837273875,-0.32682940047875897,3.6341381215489705
195,1.9155975035864696,2.1052035657425425,2.068627969649068,1.9153700246440686,2.0970851449615986,2.0520181308522547,1.3011280325838754,1.3972590490178773,1.6576469161754654,1.62940014400559,1.4069361740887898,1.6319464698698491,1.6409253366739451,0.9895393939116452,-0.16550000579389385
196,-0.7257117363753686,-1.2523673121207202,-1.2321631582096413,-0.7205168699386916,-1.2613084773675114,-1.2351938981045818,2.4589973498030915,-0.5486692683400585,-1.1811947413326354,-1.153054167333627,-0.544098769109272,-1.184075719430578,-1.1538625128820963,1.754344502030114,0.44162007250698154
197,0.8223623588792228,0.2282712315826681,0.2239020933867018,0.8187909677142384,0.22931599075015666,0.22357479394991292,1.5885703372330682,0.32906377328309033,-0.48953241684940885,-0.47977788879173877,0.3203822720877395,-0.5083883722105274,-0.48825846525924316,1.5575823676705782,1.1203763266727051
198,-0.17776267499087436,-0.2966396390086115,-0.2898639339008997,-0.18226352941470222,-0.3086280365019654,-0.2850411006988192,2.137179765589335,-0.14621957086852228,-0.2884066656042805,-0.28201083704661367,-0.14078188925867224,-0.2908530650777984,-0.2849792981445655,1.9186651924389473,0.6528041054089389
199,-1.789732465221738,-1.2954313384067115,-1.2657087088566163,-1.786093814957732,-1.2859555433113754,-1.2660277812095442,3.6743473314996575,-1.9806429703215505,-1.4558281661863588,-1.4240882638388035,-1.9910641202912467,-1.4558372338470646,-1.4203581230101299,3.4425462251227974,-1.4685020984197026
200,1.7669309826393431,-0.15464492831252244,-0.15428920266311302,1.76444408031527,-0.15837629379146756,-0.15685112400938186,1.2552406904684095,2.0559935517317776,-0.01190623972828014,-0.011858340493590568,2.0549662853026582,-0.0037822728849480746,-0.01439555912549536,0.6866624274182463,3.713951429633107
201,3.844700160424154,2.364115564534458,2.3139641813573513,3.8478464841828384,2.3607328311204965,2.3171642061463973,0.26429000879705805,4.090158513791595,2.6453507213006184,2.5870097135279706,4.094572114907574,2.654868071200326,2.5825341146534373,-0.45112309708720566,2.84617607559265
202,1.5948464031335625,-0.9167932436133459,-0.8995188102839997,1.5978957597410617,-0.9211950132171268,-0.9062849052121785,1.2771516623429688,1.5121872097987905,-1.514592970276903,-1.4809391279707564,1.5209973841024966,-1.5141294014172346,-1.4868989195032405,0.9834254858972257,3.2743347531777323
203,-1.4970181069595987,-1.5894442911842401,-1.5265709564089662,-1.4904540342401713,-1.5884739584381415,-1.5230121315972613,1.8663908779420273,-1.5112102627062787,-1.6259134034701879,-1.5620358697236845,-1.5141540018279482,-1.6269573259316972,-1.5566842547599025,1.9095097276393336,0.20343879408759707
204,0.3930783483391474,0.4196343587795236,0.41238313877885535,0.40618548199486676,0.4121519836537857,0.40443391168208515,2.750548496531274,0.15463239039218732,0.1358162317514002,0.13334589763088575,0.1537918386169232,0.15110824765608408,0.1439129268716607,2.63246883473942,-0.09506135790574494
205,1.9390061765713411,0.9245395990043966,0.8991019402659687,1.9372293648776868,0.9211237801085731,0.900395304824003,2.3395321631707104,1.8599102896936872,0.7402357170570302,0.7195477226080617,1.8581308655623543,0.7354066237357095,0.7139858657029673,1.9959796313722618,3.1860180007262606
206,1.4655762972623914,1.6401943763951448,1.593464470580443,1.4818055888398856,1.6365042563951706,1.5959575662451944,1.5187057865660736,1.3361419489195472,1.498716723114965,1.4544944827104116,1.3431967976517005,1.4940666029959502,1.4411064345757394,1.7435104999682733,-0.49810004360461047
207,0.7804245587484736,-0.16945151891846044,-0.16413827588661173,0.7816885439021375,-0.1660863628571865,-0.16898194173164002,1.47165473016041,0.9544705649541778,-0.10264733679885334,-0.09943872134876885,0.9430045999149453,-0.09795208208764708,-0.10951507052259982,1.0420720738939127,2.253882844540295
208,-1.8154630380231453,-2.5678917709032865,-2.526005288457335,-1.825137280448195,-2.5558915200874996,-2.5189953007712536,4.058860072684673,-1.4506278511556068,-2.3019236115922466,-2.2707995892386514,-1.4354429688594825,-2.2886936589671234,-2.288762083250516,3.334447555687313,1.1953639896738577
209,1.8231913876961048,1.9648449515369764,1.9314156479203817,1.8301780162864068,1.9565949347706901,1.9249985040003466,0.879509684059833,2.2703282860521603,2.4450013588237964,2.4025201813671795,2.2732687577694857,2.447136648615249,2.4026080316155465,0.04468553166793901,-0.9956755454986526
210,-0.3598014799693294,-1.9993387153473268,-1.9534370022849419,-0.35632549524776497,-2.0069216107143584,-1.9471136232312845,2.267596004184883,-0.08127729899344115,-1.9758668386961025,-1.928293181210854,-0.09700092492545855,-1.9740593236642043,-1.9546208710640716,1.7801367617674984,1.302877424566965
211,0.597900775760849,-1.3754190215586144,-1.3417821810490929,0.5893678996214033,-1.374716158974745,-1.3371646966239674,2.8842952971956364,0.8107451683022059,-1.4514033516406721,-1.4117179934313457,0.814045640818788,-1.4423991092270574,-1.4168619280133903,2.5199235566913436,1.9347070719847947
212,-1.6839708134335372,-1.6560202494500813,-1.6187242154988823,-1.6680588511768213,-1.6555120456217496,-1.6206012887056904,3.5347507899712687,-0.8769934787816293,-0.6563764867682733,-0.6388466757303273,-0.879901709399519,-0.6482710892067968,-0.6663337894236756,2.7458365888096483,-1.137224492590921
213,-0.24548007196006008,-1.3560008604328497,-1.3304545632316256,-0.23978845722164002,-1.348831104906687,-1.3384174433615832,2.7754495249412825,0.043140204167695935,-1.2628840142089868,-1.2384833912605882,0.046570860014302426,-1.2683767847725922,-1.245005561499557,2.0853694897070896,1.9052562444564292
214,1.3386377335968498,0.45066009014165326,0.44477415129055037,1.335811358959891,0.4530042408701586,0.4482667850321989,1.7067142866527982,1.6807282707841278,0.7639840665162556,0.7539053438617409,1.6795327933027577,0.769632115940378,0.7384883997199697,1.1971856246465526,1.7704721791468188
215,0.28546657144532783,-0.11775686853042941,-0.11462840004570132,0.27693326511831956,-0.1329461384559005,-0.11459328565938587,1.9645005237757884,0.48372847230529753,-0.03796986888719753,-0.03725870106747227,0.4870407475404137,-0.022383457391961778,-0.0543498619932548,1.2635411401568029,0.9626801315782452
216,0.9460776880160355,1.133444923361341,1.1210748290107573,0.9401611852546831,1.1206304047988926,1.1338887118073788,2.4035898902778134,0.8094541153857598,1.0289334239469847,1.0174330392115452,0.8096937958047765,1.0439672365549857,1.0141689656465926,2.0878037609118167,-0.024079997184369237
217,-0.13128360344288822,-0.8895535228545471,-0.8679004722754932,-0.12931786049242555,-0.8823768721122986,-0.8608931807383254,3.1455178354041187,0.11908492549452265,-0.6597084163046202,-0.6440898112903525,0.11880923021567584,-0.6553215577715003,-0.641714383623675,2.4324557866857477,0.6029846830435219
218,-1.02526798000967,-0.8461051504686059,-0.8346327255961071,-1.015838937353645,-0.8389216280722691,-0.8272346623729453,3.010330867795473,-1.0265159203112626,-0.817723321949378,-0.8053613544246662,-1.0362299420110277,-0.8127831198681588,-0.8187279111481042,2.661903867352663,-0.5976840103274853
219,1.4672365759074328,1.4881452368628565,1.4676377577357878,1.4618253188509935,1.4854349405401617,1.461755527023681,1.7903421760553875,1.5076949748383615,1.5453068823751028,1.5216851777321503,1.5063266444304912,1.5329826050870252,1.5193645837687686,1.3734366719972193,-0.85819220789957
220,0.45149818228893807,0.3038185449570021,0.2981963268051284,0.4674521511527671,0.3076283473511099,0.29428260525192124,2.3797896653727384,-0.12038490026275382,-0.3193852980978166,-0.31443299040188855,-0.12531389047806885,-0.30519902044688185,-0.31797760411100945,2.3980808284402655,0.010707287855265866
221,2.179584481248132,0.2533513987453746,0.2499555230312696,2.1706232808056014,0.26282834609598255,0.2482105967673553,0.8930408224484876,2.0315171763573976,-0.3048525387601966,-0.29947696745445007,2.0353434584549013,-0.28326146040701977,-0.31320842115839415,0.37559981798639114,3.0040478864787032
222,2.3922281017479423,2.4438647037047163,2.386553964620562,2.393012267320698,2.4451970979719198,2.387529448333542,1.414555672060506,2.5217488083545447,2.5190635206627885,2.4603430562283237,2.5247275210519384,2.519137285382224,2.4641042479519797,0.8728395602666809,-0.7769648584194088
223,0.08275369842518009,-0.06959552512356736,-0.06989937968465332,0.07678103416565506,-0.06311860317905417,-0.0865204025796072,2.6734038343314808,0.619819220167766,0.572376393739448,0.567211398615925,0.6103007644643035,0.5887224041142446,0.5757406810611932,2.0265414590378104,0.2722616067980403
224,2.3781114826634386,1.3081049852162023,1.2713370914645359,2.376847489407499,1.3041401453330694,1.274363251829386,0.6496650867261334,2.5861601195977557,1.3543206654688273,1.3189661856369357,2.5824923434874014,1.3545133001765697,1.3251542806813892,0.174666432805949,2.5864342897260078
225,-2.222806513349662,-2.4381629404394247,-2.348455438458752,-2.225876207198572,-2.4293410403093465,-2.3419012650468374,3.313968987351283,-2.0725424245620303,-2.3233877801613914,-2.239264353749241,-2.0653436315226608,-2.3194012781314166,-2.237984986216005,3.0076658730724004,-0.3094522322274718
226,-0.13494781618299512,-0.8452259958847285,-0.8232367870497208,-0.13506230313213163,-0.8384666527184587,-0.8229905476857499,2.687468573902292,0.38890048309164255,-0.3529117800080019,-0.34296064517528807,0.3850727763078613,-0.36389736052232274,-0.34000525357294886,1.8185291942677615,0.7690591467097828
227,1.8815368283120755,1.5748936137706608,1.5180792522514266,1.8831628600852355,1.5754876594290905,1.5125469858009577,1.6719735791103303,1.7870623363910323,1.4477686129375935,1.395138011667588,1.7901111451080833,1.4459530365673328,1.4000489723495109,0.6315597385780567,0.6827130205559796
228,0.9414393639058398,0.1868464387131255,0.18050603979389432,0.9456836334847647,0.17869619887558358,0.17160906870014997,1.5197511046274639,1.4727020262511155,0.6090871321393767,0.5895695441969532,1.4771651673848785,0.6101062389690105,0.5909308272036444,0.8847326713006802,2.2598866254135395
229,2.8434156776809956,1.3336001004333033,1.3032717902616986,2.843218447824516,1.3308876513103176,1.2950332786108336,-0.310066141912968,3.1906872270813857,1.6640033013118822,1.6279953311491653,3.191083359167863,1.6650639495807764,1.6190965559294936,-0.8139858680400843,2.585655869527124
230,-0.889393024004133,-1.2838501644061657,-1.2892362420926968,-0.8867897822323525,-1.3020397417093466,-1.2946392730259035,3.1194756337294027,-1.0250527080485934,-1.672068335866715,-1.6763318378751806,-1.0325412542605088,-1.7026822572079208,-1.6539181871009248,2.8797830474801303,0.7982067509914045
231,0.2753115087409306,-1.4225695033751344,-1.3885791284186526,0.2773645977192974,-1.425472490279762,-1.3835565293765928,3.2866440979896785,-0.07897782749804087,-2.0204304918642015,-1.9864073142974317,-0.08246684518702549,-2.0218430330576833,-1.9881289380617162,3.0398528143408203,1.2060993544614478
232,1.1709156650811148,1.0348493795369174,1.0116001940672983,1.1774004629694494,1.0277928483336587,1.0108990905014432,1.6658297522498429,1.2377962444413724,1.0748391562512492,1.048669245610411,1.2414530903854004,1.0779070060704337,1.0474974339403726,1.3340727802325638,0.5003285537847458
233,2.5296787605530406,-0.7917952460078536,-0.7759958322186788,2.532624082095524,-0.7868428277492295,-0.7778706780105379,0.6795568482424136,2.7606767417940166,-0.6837365449363614,-0.6696272643351743,2.751433514294637,-0.6844737878415892,-0.6794751251056407,0.0761769268353141,3.836029543096144
234,-0.6373128560109874,-0.39473380940061953,-0.39022615544897327,-0.6290862059938487,-0.40962628510805726,-0.3780129423623654,2.1797509223551748,-0.38298311756104914,-0.04005696049439856,-0.03961986260238139,-0.3905306421122913,-0.058263503263400206,-0.05364982813359872,2.047212331375334,-0.8348994614295848
235,-0.39912029122350756,-0.5681323073256805,-0.5603050648339584,-0.39307953628626646,-0.5535368382961868,-0.5612654767430186,2.383882338403279,-0.446862134209359,-0.7111054033228156,-0.7010061966729024,-0.4566380122760226,-0.7058264564753409,-0.7011610273092606,2.006781686795328,0.534578017885276
236,1.3031634271143604,1.370343943009771,1.3320355182819623,1.3080048784960405,1.3592655637558244,1.31857255096803,0.9306102421423657,1.587303653473114,1.7450929176871028,1.697959611056532,1.5779716027681294,1.723593630899383,1.6991733719904134,0.39924772607406916,-0.13378477182238954
237,1.5889202196690473,1.3498446688677388,1.3230641886600991,1.5906753238583917,1.3665427896785736,1.3255071366265523,0.9064555616514833,1.2882464229319104,1.0487389773646205,1.025032274667167,1.2913857725661477,1.0249200077118708,1.0369178528634853,0.5936846852581258,0.7369920238468586
238,1.9220315837033524,0.881969682793977,0.8596536287538025,1.9294290584823603,0.8848212910850642,0.856881519636152,1.3764121301134982,2.2719027225347057,1.2447789248848635,1.2102723078015771,2.271501224131354,1.2439661309733734,1.218439395341063,0.4873500658321271,1.836690016859827
239,1.9499065969703344,1.7728312941010937,1.734934632169291,1.951178521492576,1.7701316458841534,1.7357583156875118,1.237018448540557,2.0905638919717933,2.0429646837548536,2.0012924826258427,2.09166128856336,2.0497315579545656,2.006223467167974,0.8432037637091233,1.6093469387249886
240,-1.3922908795912858,-1.228572572626966,-1.198650192435297,-1.3969762395289618,-1.220413009682381,-1.203157747859544,3.3061338031815386,-1.9296443254230604,-1.775157829382762,-1.7294692677304788,-1.9173819391475015,-1.790191450480972,-1.7132841186625134,3.2927124702464883,-1.4158901663452998
241,2.5086978479107427,1.1507926580326484,1.1124088587193088,2.507953264566963,1.1512731233516462,1.1176176503673285,0.6154460182882135,2.612622680411224,1.0413138421866044,1.009696267472231,2.6050166530069903,1.044001976826805,0.9980704260092931,0.045232203703979006,3.0490526476197815
242,0.09835649974980551,-0.8216369863265955,-0.8026645728463012,0.10866566000268733,-0.8233547370153983,-0.7905378661174998,2.1192939202962715,0.10394409450293901,-1.0157914088454405,-0.9884310981591061,0.10150363691785878,-1.0135439773046395,-0.9953693128391569,1.7062666414118284,1.1976425346538317
243,-1.08105923110968,-1.0169323327519673,-1.0018396149364184,-1.099411625467009,-1.0162732198662154,-1.0019158918188606,2.99037618137206,-1.2850435366011896,-1.2502733916136874,-1.23412175772026,-1.2971376337788767,-1.2401742097905926,-1.226768091791108,2.8248629081344605,-0.5372051927791753
244,1.4890977282874605,0.6799085803658562,0.6660697393320261,1.4895076798525468,0.6748416120054447,0.6532975644857412,1.1366887778767725,1.1819943437775513,0.1507268787246775,0.14810462849226255,1.1829255687813915,0.16861357149548606,0.14735488940791283,1.1292799171239842,1.7667002624411068
245,1.88133596862979,-0.22190419189997704,-0.21662394546163702,1.8831997379213075,-0.21177897225373465,-0.21619547915240417,0.5761912440244144,2.2468392407385385,0.07473076425630112,0.07279433681454085,2.2466553619562863,0.09519091606941947,0.07232236163540051,-0.08402701915733021,3.1744122735828926
246,4.055199443847451,1.4380952102585043,1.439472510757442,4.069295564262781,1.4327015978111142,1.4386105610642232,-0.1848456145082549,3.8196451398448876,0.6609716418450513,0.6571553388661798,3.823331352921249,0.6676801428230904,0.6453918481751247,-0.7015925864531299,3.671917271547199
247,1.0962582724527206,-1.2672088123389056,-1.2386031446749215,1.0940581091130241,-1.2706522918899972,-1.2343787862075943,1.0458636743224958,1.240540290772989,-1.4458591478825362,-1.4147811171331595,1.252286634301342,-1.4654568810444568,-1.39766466333273,0.4671942990847514,2.648917137839148
248,0.6120115082063848,-1.143246607002209,-1.132680076387597,0.6089475076171473,-1.1388876945616158,-1.152129456833578,2.2300198077953945,0.8919293541614398,-0.9791111794592551,-0.9687344169173395,0.8873839345435707,-0.9674827255370201,-0.9719611920452053,1.617995962478493,1.4613137790055193
249,1.1789235179879112,-0.8484622643905897,-0.836456833378384,1.1867955577368086,-0.8564820357234506,-0.8406767850374699,1.7038398324111155,1.6704674587250603,-0.13842446547727236,-0.1354508499547949,1.669014323244521,-0.14058550353039698,-0.13050406331162182,0.9368044314845014,2.3867430109412187
250,0.39228789931880886,-0.5843769371664985,-0.5679579531685987,0.3921545277297473,-0.574667331508946,-0.5858323021415985,1.4473444808383356,0.2564642550649411,-0.9336402917013039,-0.9050790734674704,0.2549819678495736,-0.9308704900355272,-0.9136840816706132,1.2008244858749388,1.6220683392178739
251,2.5724995790390324,-1.9895204593347078,-1.9493350054941934,2.5870169247284327,-1.9892396309506295,-1.9488952918825653,0.3040891793133407,2.9399560432548255,-1.8098075235214728,-1.7728890031166025,2.941761319314285,-1.8175293729325697,-1.7691556801844706,-0.27231247414682064,4.49644550973743
252,3.264246187020643,-0.24236555864001852,-0.23568676608315145,3.2615839830275144,-0.2429698476781648,-0.23616140555975668,-0.18237800431138965,3.6303013885275828,-0.043189047818078814,-0.04199544629591012,3.6293075445683822,-0.04628089868732421,-0.06827936358434526,-0.6482570202096579,4.675970463258022
253,0.31706578755777376,0.5402359367178179,0.5283481927830957,0.3039712967987015,0.5393867139183454,0.5192683891715277,1.8599686306905816,0.45254270031843463,0.7173503787884192,0.7011009497675154,0.4542659595441302,0.7240083060182612,0.6916831654844834,1.4308830211133883,-0.5054768674088461
254,-0.8275052428666148,-1.182152501934012,-1.1472350777560603,-0.8241979951183077,-1.1909204726047755,-1.124642089793999,2.640408209720182,-0.9803686298173462,-1.4891987556685546,-1.447242405622999,-0.9799386638917661,-1.4778206571612427,-1.45908813939968,2.4526809240508305,-0.2766277470533508
255,3.5711965762198603,2.432775221628877,2.3764261709755314,3.576133096212707,2.4270048894317324,2.3770921613454594,0.0316606628865395,3.5899418097572684,2.3979616725083166,2.343901390621601,3.5920461230226044,2.394950384506251,2.3365304266051634,-0.273306764105721,2.6828975578706102
256,3.0417430729790786,1.0829258103262738,1.0610963665190392,3.045540450691097,1.0878444394039681,1.0587704838630587,-0.6887026120716364,3.1788236479693204,1.1551987509448804,1.133349828634471,3.176160548394157,1.1496202901973174,1.1306377250114943,-1.057043630473939,3.513363161272238
257,-0.2781972245044325,-0.13928903452044056,-0.1358836173272944,-0.27865665471862255,-0.1365708872663034,-0.13661308236948794,2.5878044984571287,0.01919513462278165,0.21413241293496424,0.20856195962414004,0.025231706776016345,0.20844346438042202,0.21116801732279664,1.8861146896738417,-0.5113441959171764
258,0.43336854329281527,0.7837255155607934,0.7712923231444593,0.43525393530249123,0.7747849207095924,0.7861498650640838,2.3203029254829577,0.5217135244018968,0.993447691667759,0.9770251269606289,0.5234418471582266,0.9829423230819488,0.9866670974954327,1.912540634589712,-0.8405227567199552
259,0.5364297766384808,0.0018968447230757613,0.0018555910780730825,0.531308038246209,-0.004907453154365582,0.010173864329540799,2.690131575724956,0.6645394217502714,0.15508958702989864,0.15135468423834045,0.6612449801245435,0.15874035314135818,0.14382226259431208,2.2135448531906454,0.39749804818407636
260,2.2528074574655803,1.8719982744749486,1.8355806039109375,2.2583696242515954,1.8734697809149097,1.8412853418035589,1.442455197608961,2.3662769815430242,1.980567836920713,1.9411575585204779,2.367700619572014,1.9685631017303036,1.9393258354215903,0.9525420576302522,1.3297348572690746
261,-2.268117897041358,-2.3378568953699217,-2.2898813641597853,-2.2769130159548605,-2.3261237201899507,-2.2990308899988228,3.78439338842917,-1.9623065034634377,-2.0216328104177177,-1.9711069536143957,-1.9480023892085636,-2.017426935161959,-1.9606142050694442,3.0707793694258676,-0.5134066794128231
262,-1.428493121078837,0.26807195089343644,0.25921363632219974,-1.4157808615544103,0.28210191063071505,0.24943944494946987,4.196337511988026,-1.8390684897268539,0.2353246736137879,0.22870526255815724,-1.8306988091997154,0.24940307086777708,0.2415657703259603,3.812042176523836,-1.6856908753525774
263,2.1058476053001827,0.024510011743954292,0.024137722773992443,2.105683357458876,0.03573469968791415,0.02871358605511317,1.2334435504552907,2.1033429162176387,-0.14580281872429837,-0.1438731844117359,2.1021440141176067,-0.13624503995447315,-0.1575841207301717,0.8836378832730233,2.9515500131724695
264,0.8087283096895903,0.40324006496564957,0.38939557986667467,0.8022656212732032,0.40325755529498486,0.38742434244835783,1.4779749725059552,0.9789706446820269,0.5646723357973498,0.5445591224006173,0.9848473995118295,0.5642828577742635,0.5456240022422786,1.0877766055505838,1.0160015151387456
265,1.0580104286254828,1.2574708596540862,1.228996634286875,1.052104043656498,1.2586868020854636,1.2301855317031343,1.465624219803767,0.8273475863974066,1.0609622120724975,1.0358989649579335,0.8381714223761503,1.0548007844856735,1.036947944725536,1.3298561727335743,-0.6787160121819956
266,-1.443302245144947,-1.506412309575802,-1.4595871686713584,-1.4434918084218202,-1.5066593458369335,-1.4757669941487137,3.3291822931611494,-1.8319163112237289,-1.8642181116154495,-1.805157627675285,-1.8311084113810776,-1.86652429198934,-1.800787188598726,3.3364602993465526,-1.239238321301839
267,2.238089641382436,0.9784772271252987,0.9568800542921748,2.237104827189279,0.9712994621043991,0.955651548666672,0.57933868782416,2.636119594284561,1.1988626269044675,1.1737794823139012,2.6363852706565463,1.2082380694902686,1.166545367779299,-0.045435691637864296,3.3918628997250337
268,2.1888087725582266,2.2095833658413535,2.153380470134247,2.190981818967579,2.212279006537422,2.156584666135696,1.3117821723061878,2.3371486052197503,2.367108073236708,2.305192707227736,2.332189213110957,2.3633779550781213,2.3086753990812467,0.7847271513120341,-0.10656706224874035
269,0.1430005210446831,-1.5136325832192883,-1.4647673783066053,0.13665033283025244,-1.542212526278253,-1.4408131184861108,2.4452752090523737,0.25937490694577753,-1.5940144461340542,-1.5384997267416753,0.2690476893929041,-1.6076205109168373,-1.5668386447059819,1.7986949382520638,1.858699628874744
270,1.2196138645183474,-0.21878086303498612,-0.2118958078486921,1.2126817193059933,-0.21565019868065297,-0.19908147352876687,0.9768094000551234,1.4579451272670754,-0.18410525794594362,-0.17891300785267264,1.4697887561226928,-0.18816595487082163,-0.17360813815321705,0.57166191775785,2.3016502115311286
271,-0.9206652048493277,-0.7064404539127104,-0.6803082161652404,-0.9143811499059626,-0.7076140424702025,-0.6864177056019439,2.668472320676373,-0.7109538009548246,-0.48023922099068234,-0.46202717830419726,-0.7203777930290524,-0.4843745054416473,-0.4531602334224389,2.31615915588924,-1.9156842468049577
272,1.3354985987017982,0.48917950856713843,0.48052401158907976,1.321235408418614,0.4752088121525299,0.47516469407461864,0.8498655154144495,1.4947525313594336,0.5558286978750073,0.5455546951507634,1.497349272857676,0.5446311729639846,0.5388931814418201,0.4088520441782667,2.063684784237758
273,-1.0166634525206328,-0.6817317759562684,-0.6691085581862194,-1.0189466152946884,-0.6850487628824676,-0.6712370729437747,3.1556964094092983,-0.5386132862530856,-0.17679957401103338,-0.17361781366368448,-0.5333045089166413,-0.17604618525390983,-0.17740417894180902,2.2398775648552016,-0.6475993490817411
274,-2.493149734968487,-2.2428851492321966,-2.187802152401753,-2.51941894138524,-2.2598114092724497,-2.21268878389595,3.746031853100956,-2.538430808085432,-2.3391961394751,-2.2729102553465306,-2.5257180105132835,-2.339936220699075,-2.2908917445442905,3.452078680295066,-0.8865043128069254
275,1.3059803559192276,-0.41309702278946026,-0.4076828445682413,1.315189360484515,-0.41357810316784643,-0.40154734092891253,1.7098026702387064,1.3886634837075313,-0.6345429515473335,-0.6255969782564428,1.3833998178950073,-0.6517046708379525,-0.6145092227817789,1.2097832172018252,1.8390174981852123
276,-0.552532559712178,-0.5484697115734232,-0.530371044777113,-0.5642522646687999,-0.5451943834852346,-0.5315132320135688,3.1265790365213655,-0.9732573932002203,-1.2982088525628248,-1.2668148917241384,-0.9659884044491962,-1.2865306238438794,-1.2684432002998305,2.925496266949955,0.47947137870846507
277,-1.6381492593741096,-2.2493394010210213,-2.1691910081769326,-1.6421352208008777,-2.247381215621622,-2.17012481844571,3.3479844953871836,-1.3222569756828912,-1.9954059311033119,-1.9247402481809142,-1.323522322163507,-1.9945754114514667,-1.9203772935103491,2.9295023609410213,0.742004946698405
278,1.4303943861436546,-0.21017894671427867,-0.20310513586011872,1.42679567953357,-0.21218756096001207,-0.20727081689734048,1.7652437052695336,1.5229643033597544,-0.10002074291974207,-0.09686076863796005,1.5204797278794955,-0.09900321114066324,-0.09044595290324421,1.4944396160247664,2.320175554140134
279,-0.046802910570687944,-2.3090859853803427,-2.239756836271112,-0.04481002104014421,-2.3082857464346493,-2.232177930302568,1.761636130430158,0.6183141275025245,-1.9117011399687527,-1.8551471266012882,0.6255733576973572,-1.915406910007529,-1.8570501993737987,1.0306528056355317,2.5802423850381295
280,2.289708285579626,-1.5992679998157098,-1.5848996978935173,2.296853548031726,-1.6084922155017216,-1.584299606004483,0.6204571010438895,2.825902148461757,-0.6666459010491346,-0.6563621616090486,2.827356683573585,-0.6975483810489163,-0.651149709134564,-0.07232220906857427,3.5100841224148214
281,1.4718615718575057,0.3245768479223933,0.31835449803424626,1.4768102683883855,0.31667122943151144,0.31014778101105567,1.4767696424131256,1.723930114841188,0.3788996622772466,0.37151452696952453,1.7139462296962216,0.38182066974043155,0.3686228700005747,1.0052526583854593,2.9310166670878397
282,1.4159583838967322,1.3836041373210157,1.3578561648314393,1.4193994647369543,1.3724647611230736,1.354754837000076,1.8036697236855346,1.2796318071287,1.2347698218123833,1.2111920169101125,1.2783411303757006,1.252197079202054,1.2207134461744054,1.489895877712159,0.4067971114699264
283,1.3906206768429028,1.3355762593593616,1.3140349617377878,1.3834184088669412,1.3359516377940714,1.3142411346628824,0.9972682208216047,1.7268882142985762,1.69622356311444,1.671744843479083,1.721324107775254,1.6945773182949797,1.6745528138228714,0.4075410315521519,0.16639583093116153
284,-0.500259474132333,0.34208086459456466,0.3364468595292542,-0.5008777695146527,0.34017433845946715,0.33157259454405325,3.1371157782017676,-0.2417134798836378,0.6127143546477519,0.6019431509417036,-0.22641033319483927,0.6051787627339418,0.6197166444381805,2.53512662702981,-1.410428487329702
285,-0.8389839120429053,-2.044536560639397,-1.9959659144885151,-0.8409918653479114,-2.043621382801812,-1.9944207424166183,2.273168845770275,-1.0411499884650752,-2.2690631384342135,-2.1903147092100816,-1.0276448850076703,-2.2645070032534274,-2.1974983432133994,2.0294749648046757,1.5279819315299907
286,2.056881430381072,0.8421499119759496,0.8338398500871371,2.0615858739650377,0.8460815738512866,0.8211755207955541,1.7392474842246521,2.1678458006547934,0.8894148046389092,0.8748406844081954,2.166043309676235,0.895871062445733,0.8573866447439987,1.4532799478682816,1.8734377015219297
287,1.41860065070711,1.2486508781010421,1.2215517359073467,1.4279281118948772,1.2431450052201236,1.2279320938076825,0.8710411369544617,1.1000427619905366,0.9354433134472203,0.9170557193658418,1.0852612323001154,0.9635874750003149,0.8861966697779604,0.8204998472466722,0.7773122951302427
288,1.3111587406098524,0.3165889811392137,0.30864509481498026,1.309173354951564,0.32619054904956984,0.3203567667097359,1.1959932111061213,0.47394532686270696,-0.9573967920942725,-0.9323404919048297,0.4652040275682497,-0.9783411071838491,-0.9216430572344763,1.4109613942116512,2.1017674750721707
289,1.7432292109490057,1.7774666162115014,1.7282256947096413,1.7489866075558471,1.7689223410788035,1.7247256655139276,0.542510439810434,1.8300750662479253,1.9341274861029223,1.8781004217292205,1.8346333272898996,1.9471716834004118,1.8790014155133725,0.041639436012130375,0.2754343392286389
290,2.2508504920246963,0.4877844906592437,0.4773634958936262,2.242920163774376,0.486891899048382,0.46767440324171555,0.4620762711427426,2.2793247412577005,0.27819537546529943,0.2721027236048036,2.283208022835205,0.2633704489961148,0.2657527509104495,0.16189172877286434,2.5246149388844477
291,-0.538755358831275,-0.7528426847353148,-0.7384559612562265,-0.5414634338721149,-0.7501264324326817,-0.7445899963991386,2.973041251261651,-0.21006175575548489,-0.49298868309155675,-0.4841431518274371,-0.21432209644029393,-0.4973097860408008,-0.4914901342999001,2.378604142398523,0.7940000619459854
292,3.3586190235205873,0.6986069707374459,0.6868787239365032,3.352516671000838,0.6970389756149215,0.6785521932784127,-0.15782231581159625,3.176279439020553,0.0670827661832707,0.06600522049059757,3.1788487024946344,0.07533077751637157,0.04977328369545699,-0.18142417510437717,3.688093536042902
293,0.5235917938776956,0.7467109131273073,0.7352775459047428,0.5178142547473891,0.7687177885534774,0.7504015531074543,2.1467657871887633,0.569597299035861,0.8316992827089913,0.8168337633059415,0.5448543514271164,0.8171569309288553,0.8348575036295229,1.6130796867752595,-0.48705176530570404
294,1.9416306608822522,2.008457450286621,1.9491940846117979,1.948169072953458,2.007711484714834,1.9510500059308742,0.5861994719234006,1.6212556297629261,1.7346896586758345,1.6819704291847488,1.6159750114078564,1.7396552615987262,1.688243960442064,0.6304601799531986,-0.4885810197136814
295,-0.11449566529951714,0.2419861650212859,0.23771908120091467,-0.1140496900570428,0.2615235508400492,0.22171442789166898,2.4800033930099024,0.3567316837605818,0.7725485010609378,0.7571677561020698,0.3742846421719369,0.7632188721470595,0.7598944200013199,1.7186336545299412,-1.0132964201422374
296,-0.7690059359651233,-1.3682678995743287,-1.3232513129047956,-0.7795246056859714,-1.371526652517829,-1.3188229565519112,1.9243751372576992,-0.9920819527896464,-1.7504176777169644,-1.6860403587676678,-1.0117276442043492,-1.7507619291898326,-1.6828058274583966,1.8861388852730847,1.8681473690674186
297,0.46239660682563405,-0.3630110085556265,-0.35666845246134454,0.45660197246121953,-0.36042755468009,-0.3370292042570266,1.6050771355004412,0.17672402175892388,-1.0066198589844018,-0.9905588633055681,0.16490720203818546,-1.0002821319351685,-1.002825425698999,1.4575538052601662,1.2537016410851987
298,1.0960836278241866,1.0471820945466415,1.0191137604428262,1.1033105551628162,1.0380732559405383,1.020937686512472,2.0216132346861007,1.4107291680904148,1.313998022013404,1.2781712338151694,1.4095546194015471,1.3214693473302896,1.2775587277619138,1.3042801935506798,0.6498529386186129
299,0.5162475963765607,0.3807535920756708,0.3738223832517722,0.5202755347408147,0.38296081148853967,0.37688087220916994,1.7787761736992296,0.19815292060001385,-0.06775685764790121,-0.06677896776214347,0.19867306862116765,-0.07394531650404645,-0.06601878544580705,1.7343983008528558,0.24368368571602417
300,1.3559087450960083,0.5619506351886739,0.550729492195657,1.352143788283362,0.557942263036807,0.5516752748305609,1.864264583920762,1.5816385620172262,0.7162739107715066,0.7010039712846143,1.5924340388933689,0.720470024513843,0.6939601507266827,1.3476544233380372,1.5755976549747268
301,-1.317445896808347,-0.9118569370594951,-0.9013651668832239,-1.3207907117868567,-0.9218283960460472,-0.9126119171868164,3.254904458430078,-0.9571454620061777,-0.5174949131723328,-0.5143497096143946,-0.958851820850183,-0.5130824158227929,-0.5208579368321152,2.861393557292382,-0.49630343795942883
302,-0.15872498592857093,-0.5685263904399485,-0.5527884891296105,-0.15576167293578033,-0.5689416488372632,-0.5535883190255675,3.222164066262653,-0.24408037139923003,-0.738561672439154,-0.7181635753011868,-0.24362660647384307,-0.7324685747772002,-0.7226876559450316,2.889950396645451,1.5675095335342057
303,0.22529866224218179,-0.011408441651960172,-0.011191672498778223,0.21071701044096422,-0.011000210556911348,0.0005306725943682527,1.9836698052440307,-0.21452144529197922,-0.5104997666679423,-0.49870593776310895,-0.22540051383691692,-0.5110588402282725,-0.48547314056817625,1.850655303314371,0.559100278948625
304,-1.0144970750979654,-0.715344149037029,-0.7030796159111559,-1.0194844213870329,-0.7285218403498647,-0.6853771655991102,3.06973206795083,-1.253717579584487,-1.0971721937307208,-1.0818352446482615,-1.2606582670140816,-1.1234661228006262,-1.0798096603120402,2.880333808013865,-0.41519383069439647
305,-1.5295587644691444,-1.1354162096554206,-1.1157101320859517,-1.5210985110656858,-1.1293706924402371,-1.1183418918745929,3.613456228863497,-1.5073330580203224,-1.0586409090497293,-1.0352352784751269,-1.5017298775525376,-1.0636975861641718,-1.048777305701107,3.135080356160193,-2.583464018843226
306,0.5394460073180728,-1.8876725477135055,-1.831915755660216,0.5288102136108698,-1.8901967111266231,-1.8371182167893076,1.7781765259679105,1.001775541601763,-1.7923033331379021,-1.7392307752564407,1.0019292152743593,-1.7987681022962902,-1.751694995861383,1.0904184405261008,3.283986977222634
307,1.9974298058468571,-1.8953926964531624,-1.8428439180656635,2.0089155443871363,-1.8912967767303706,-1.8419782516877568,0.6854253699544459,2.328323138634534,-1.6340787564147756,-1.5882525949562192,2.3333547521557803,-1.6484525738758895,-1.6126312720395897,0.1762933060394351,3.6652171919717014
308,1.2540862906427153,-0.22346381149326258,-0.21825956043383302,1.2511811104284472,-0.22061916134264586,-0.2181440593153395,1.8253909242078603,1.41728605762757,-0.2465952548451808,-0.24012159928914797,1.4180828728864547,-0.2483993764667187,-0.23511989954514903,1.3055637325695186,2.5773113090177704
309,-1.7290059626934542,-1.6421704415292824,-1.573412304673492,-1.7417200401013564,-1.6465031822588394,-1.5757489967423137,2.942049612389085,-1.9089332838485422,-1.7828290894671348,-1.703894322399872,-1.9050116355477824,-1.77497104150698,-1.6966154483617502,2.84161569656797,-1.7344023732522726
310,-0.45467318010554636,-1.068182318069127,-1.0606495269324951,-0.45358489029263327,-1.077528113701375,-1.0433619251692692,2.706935695961272,-0.5045282143099811,-1.3588852740293997,-1.3422061524084523,-0.5041685483823575,-1.3516253634676305,-1.3420751105744175,2.4545789401905544,-0.04113821980744498
311,1.1468998352857787,-0.31599617849078054,-0.3094857713446011,1.1480970408865487,-0.3115542799240293,-0.3019061013922073,1.5323717625521647,1.5612917919478395,-0.2824302211974497,-0.2776685754242477,1.562571165061038,-0.2717901074115224,-0.28683054594406987,0.6706873516539433,2.205556162847465
312,-2.0571681349250657,-1.8258592521479,-1.7841338390503807,-2.0596880188637092,-1.8351079260946195,-1.7769216463281112,3.932233427390546,-1.8205272925680984,-1.4604002551526827,-1.4264288322002578,-1.844391050677122,-1.4623231996655397,-1.4354746126998152,3.545733220352253,-1.2602141316512987
313,1.0679252994698034,0.6000150903475147,0.5964705619252054,1.0611661109724526,0.58784984931771,0.6032549042300992,2.636240575918868,0.9289683774658898,0.41650165777420517,0.41431643803545465,0.9376978768491088,0.4184415350657312,0.4051665157698881,2.432226318435688,0.7377123139095824
314,-0.9503610081337253,-0.5996203357632962,-0.583018174859212,-0.9489730950566249,-0.583588048758821,-0.5920686375584387,3.0965907693996946,-0.8166697742458873,-0.4214555404084296,-0.4101126387221706,-0.8270198432952025,-0.38584743314935677,-0.41978045034258926,2.7812869212796163,-1.181340432146802
315,1.337585717836544,1.0676684628622377,1.0480797496864105,1.3349396665482305,1.0662109090364573,1.0653050285740313,1.6542372484896262,1.2901092480338106,0.982801068939822,0.9641010386561785,1.290722124599549,0.979657489181493,0.9783902655308623,1.1474601309103138,1.1662983234666746
316,0.7387240903625855,-0.2705146710950213,-0.26345534229107787,0.7402885450962021,-0.26447398357534013,-0.2633796845618952,1.4150721194483455,0.9328651092650958,-0.18678032438254408,-0.18242531275916873,0.9290106235269949,-0.19041109266812173,-0.17180056684020062,1.0824372552880817,1.9800956115341863
317,1.7928880600199848,1.4245323535886543,1.3744555084274077,1.8008462557866887,1.4195134587604157,1.3665017219312716,1.008662528011206,1.6180702358253927,1.2414628582560294,1.1965526533656252,1.6147818876758047,1.2514053069668825,1.1882040166587438,0.6296169118710626,1.1548616124049291
318,0.14644449626869468,-1.6763253423291684,-1.6439914925108763,0.1489662805627218,-1.6825659469344756,-1.640599638972615,2.3881043996795905,0.39019435968006944,-1.6668051024466195,-1.6346014564462763,0.39050696592638107,-1.6712738397913585,-1.6313676989554382,1.9673842121946512,1.5803242477095756
319,-0.3450431876091382,-0.5755576599525737,-0.5575585250676734,-0.34846043457721154,-0.586269571148636,-0.557983671523857,2.4594355806651493,-0.02215058295484063,-0.2440226208978948,-0.23648967787234723,-0.023151271794286082,-0.242396386617146,-0.23562542169895592,1.9000290252620737,0.245844545897408
320,-0.6505136864806728,-0.9021657154087143,-0.8769004138669545,-0.6526511408460005,-0.9072243625849086,-0.8817771803396468,2.4797912510133484,-0.7501711231415974,-0.9740872421470258,-0.9481763404933208,-0.7513443347939601,-0.9965576092719314,-0.9401180139473131,2.2935937660142227,-0.4795834017010111
321,0.4091241389153361,0.11202419166095916,0.11108295398811911,0.4170090119203055,0.11613285585588677,0.11213073916826335,1.9991121282165396,0.1715586090586665,-0.18628350023083592,-0.18438952362085487,0.17664925776832827,-0.19045508868736935,-0.19403271945314166,1.8640086782621916,0.8786678954538508
322,1.7297006622202717,0.06112612179007868,0.059695232434121254,1.7299629434307862,0.06162651520889295,0.04706995817796315,1.0079587540930077,2.019889895962541,0.28495934188754396,0.2780336936423619,2.019178499910842,0.2789435517985871,0.277190622868005,0.5577908577939771,3.1211096077705784
323,3.217800471337373,1.5594320175787166,1.503650464178879,3.2229981997263977,1.5650052778755983,1.4916793714228065,1.2402908485950956,3.2099057015346832,1.6445656149349255,1.59029250302274,3.212381111017927,1.6434092843859147,1.5942661535646878,0.9745496173529861,2.755689823329317
324,-1.890070967689646,-1.5307044504598313,-1.486066073108608,-1.8896072365677976,-1.5329633374625888,-1.498848826781062,3.99088754974167,-2.0192507490880187,-1.6038343544343565,-1.5523872315813891,-2.0263650289749706,-1.601303403150332,-1.5738392693559007,3.502330697586818,-3.0026396286124317
325,0.15336765066786762,-0.31905361551721917,-0.3116618203861361,0.15996594357583882,-0.31731909514150747,-0.3029995591731395,2.221367036260472,0.15179831794342774,-0.4229344060061209,-0.41210497166886967,0.15774177772942904,-0.42683921422990057,-0.4320384947552724,1.8589611625645208,0.8355947097827119
326,0.9316869130041939,0.5416444300805933,0.5268608487153088,0.928114504201381,0.5384743704799365,0.5298628819807041,1.2708002126530584,1.0526650419259447,0.6406217339721461,0.6227174740220113,1.0403697190463839,0.6349216833363611,0.6228271728694744,0.8644218477543941,0.8077798583722018
327,2.1270407923806682,-1.3531249848641722,-1.3179352382509444,2.1293204702190756,-1.3604505456806564,-1.3166388846346744,0.8327318095115451,2.4779863381121343,-1.0517415359001163,-1.0259259953588145,2.4672684098532676,-1.0509991167415105,-1.0184294804483869,0.3203689384134293,3.269203891291442
328,-1.1991660357372904,-0.9942639994772585,-0.9691431511835464,-1.1955099269837284,-0.9972390118999106,-0.9656633005390004,3.2788735075226914,-1.4338332138267689,-1.2738571031064765,-1.236379977365,-1.4328938351263047,-1.2753462489084317,-1.2311069342069894,3.0582050363222213,-0.3435337642894337
329,1.00959388402862,-0.7184300742307833,-0.7072545676161306,1.007711588141211,-0.7227445983467471,-0.6953493093714858,1.5249112258057935,0.976094007264452,-1.1699558841967181,-1.151323889303196,0.9818106761977886,-1.1332838319626988,-1.1488609886119556,1.1178205295552512,2.253386242861266
330,-0.32009461626803076,-0.6362620050367768,-0.6250496211642602,-0.3187729063309503,-0.6361973349995825,-0.6339861447604443,2.585278711774549,-0.534129080123861,-0.9408737548745301,-0.9192011455175999,-0.5397833851707348,-0.9414626503063361,-0.9234651863527933,2.384532365904882,0.1930229098627314
331,1.0394395495316289,-0.4802083567727645,-0.46460275137177925,1.0372033309632516,-0.4881212750882962,-0.4770349711197979,1.6048713994098454,1.1292000133313493,-0.4802729506127013,-0.46529136568327173,1.1418145634723258,-0.4594891174795533,-0.4670015772579719,1.3627990922141158,2.64289681931722
332,0.12710226657434698,-1.4262456646547799,-1.3988684946720376,0.1179673972476442,-1.4243145587356032,-1.407080840880883,1.4850629903401231,0.5104290597644524,-1.3450103151728101,-1.3157465527501304,0.4983617895768001,-1.3476596961952294,-1.3185298410345636,0.8689893215009606,2.0402030449899207
333,0.5531504962125513,-0.8600389722822445,-0.8495596407548752,0.5575528751983426,-0.8603212924964281,-0.8753401739628025,2.1876504483829025,0.8820318732150381,-0.4604165123866527,-0.4557774355398955,0.876160464260934,-0.46576243941296575,-0.45556243780404937,1.592063186040784,1.5946635218391376
334,0.5659681116824499,-0.9763084467789664,-0.9547298676247985,0.5724525141579571,-0.9702346529093397,-0.9646447304813036,2.1923876000836486,0.8526557374321528,-0.8264249959488092,-0.8070630344119424,0.8531180831312051,-0.8302764755595247,-0.81522637372086,1.6169695445940653,2.2902511974625557
335,4.087605440878499,2.5066486928351335,2.440553462991298,4.082473924324553,2.509057797430362,2.4409763925954007,-1.2904125917681417,4.073884536452996,2.3762650059504957,2.3131267117207464,4.063524271459464,2.3762183475857315,2.3181268971870708,-1.4089201379708145,3.568304214019987
336,-0.38312385800579385,-0.320070349935596,-0.3166377888090568,-0.36542241614277043,-0.3323683416295363,-0.30567099082534777,2.993116772348835,-0.48517952029462497,-0.46031524666081614,-0.45579293213516164,-0.4954997608736713,-0.45733093726159235,-0.4159334423086314,2.813645988747197,-0.4186208604755482
337,-1.3916983189519687,-1.9991901175749647,-1.9351616206676632,-1.3925120929078838,-2.0009396085971805,-1.9260083935504704,3.118669636954647,-1.2280399793869496,-1.9522174593949122,-1.8882271787304499,-1.2330946630104551,-1.9538428898336324,-1.8807327960712537,2.8813852831841666,1.826490608208179
338,0.49706285945814066,-1.181693407000154,-1.1514715681655947,0.4945512923400373,-1.1954179640515596,-1.1620553909118407,1.538915538945086,0.5380062662696956,-1.7162797262479963,-1.6678781474008166,0.5436109949421596,-1.7209911712334003,-1.678985620659691,1.00602092918937,1.5953938639706005
339,-1.7124198257019276,-1.4608521837056372,-1.4439852632119725,-1.710137090677744,-1.4696500896951221,-1.451667415337907,1.9456272264411825,-2.2077088456706715,-1.910190370734163,-1.8801028802789006,-2.1990944525823366,-1.9168089142882576,-1.8779616644245773,2.313174180054095,-1.8216394127455187
340,-0.9618631012717936,-0.9141976727677971,-0.9069240412222763,-0.9661974431498787,-0.9167867653749994,-0.8976283702442537,2.8258487006185806,-0.8311373435973939,-0.749454461676151,-0.7413228615906934,-0.8197033654910364,-0.76919068707098,-0.745268416160286,2.8455105240631493,-0.3988946019423161
341,-1.0967790720145243,-1.3235732077324094,-1.2856965520622485,-1.0925095216494236,-1.3170239932116155,-1.2766542468238482,2.3199651662894905,-0.9433645520303392,-1.217730966972569,-1.1820749513670945,-0.9318655607465425,-1.21588515609444,-1.199660846613493,2.109179185026366,0.07872129865547255
342,0.7366108361470017,-0.15393943028506443,-0.15070258649998558,0.7448294155766934,-0.15179580839205364,-0.14814504183363825,1.6662200271264138,0.9010561611474656,-0.08893327838784189,-0.08710599060247949,0.9026513938537766,-0.08554233464982769,-0.08968352134743808,1.1066142622750252,2.7653943944142614
343,0.9379100160312348,-0.7455911671487843,-0.7291628782673214,0.936253265220932,-0.7510455512659443,-0.7322113512661585,1.8239217438040516,0.6411490182396439,-1.2813597951884297,-1.2470007514834527,0.6339430979785567,-1.2755885562355018,-1.2500105142629703,1.5073407520262205,2.3031485382945975
344,1.1633284249520113,0.25242128021165783,0.24763055647398363,1.1629845246048045,0.24406977424942697,0.24385906693112766,1.894893516787317,1.1522230327440393,0.1421041852155971,0.13939046266500693,1.1555773537658933,0.15990857884918389,0.14056816120025828,1.5235027184532284,1.704191716122751
345,1.7015414160871374,-1.3188932276103147,-1.3141697199328022,1.7008864495544793,-1.3213105633745015,-1.3180933761953946,0.9831429039243662,2.3761745937725514,-1.3501877238597062,-1.359463006930702,2.3653530742499167,-1.35490963854898,-1.3665357357190786,0.4355054544249767,4.519036579661232
346,-0.2865240382457083,-0.16080586857439472,-0.15680944790001652,-0.2785257014736788,-0.1801041809068729,-0.14913350893088156,2.374392728931293,-0.7780581916744318,-0.8418284629851617,-0.816406644059348,-0.7869079363670436,-0.8332489851620246,-0.8350038693849571,2.0837186321283334,-0.3582207654867779
347,0.6631886761270832,-0.21956891554514738,-0.21463289567725014,0.6699245584503644,-0.20916391674374477,-0.21875438377605655,2.143870200992491,1.0225144015527101,0.0736106935371116,0.07199199530114879,1.021337368754145,0.08317335342449848,0.07661537469257734,1.4191034221267327,1.887614207016261
348,1.3999452091002136,0.8371809072835366,0.8266398235159961,1.3901063949151096,0.8229725935053296,0.8194817907899203,1.6698921943689315,1.7563816130362113,1.1797427602560684,1.1703346635426997,1.7690783500476814,1.1748500393691064,1.1589597270545104,1.0668380316727133,1.6933748972388671
349,0.13294571583040302,-1.6773473316852443,-1.65711294579181,0.13127194432618536,-1.6602732424632483,-1.6582781883999358,1.9448527190336307,0.6503426052543304,-1.2566231628571067,-1.2461128008514557,0.6549834549930418,-1.2658485242111006,-1.2421575466017263,1.2118252586932754,1.7541679144605913
350,3.764181110290648,3.22169528565293,3.1277337257087625,3.7816261898767576,3.2207129586955436,3.1202289300220083,0.14432493268615104,3.8066718365628756,3.276634887424244,3.1776717851217513,3.816847442643564,3.2672625519894467,3.1701184120271444,-0.24291666485978128,1.650840390595034
351,0.6988848454177896,-0.49196769492887865,-0.4766327561940639,0.7070409624163256,-0.49212081912787486,-0.468777419558187,1.8937319308829752,0.8179248795984216,-0.38932130715136953,-0.37688328853625197,0.8192834789594782,-0.39059421721041937,-0.38778065758471036,1.695150246775993,0.8731136697609588
352,0.8754872932570799,0.46622462245038043,0.4584080761643883,0.8812777842855466,0.462829608241194,0.45543030577659227,2.14164468987555,0.6128532795290005,0.010758955376702418,0.010511233607809808,0.6159240559714686,0.011995687967862,0.019181806190509326,1.982052096440146,1.150412579480346
353,2.5775486420659894,1.8171553265548555,1.787270837807965,2.5845011789746826,1.8073079738563549,1.7865268819973321,0.5945164162599637,2.4871252002190323,1.671741105496684,1.6434216466176164,2.481542937890291,1.6526304020526197,1.6400988016410807,0.36070609252239066,1.4174842784276778
354,2.2712687079225065,1.0738370948257923,1.0525857149310314,2.2651072276670425,1.0702138908422167,1.0487529472401276,0.2566836827546484,2.489587330267011,1.0429132840068813,1.0245303957137846,2.4996256665058008,1.0323544302197123,1.0377256823331567,-0.16529996301690988,3.2147668307246398
355,-0.4261477122249082,-0.37411077524056374,-0.36268960770498265,-0.432354436766821,-0.38020878203071007,-0.3720398394784113,2.8614066544998735,-0.0843482079194492,-0.08349548136340229,-0.0811577496858224,-0.08351720823059226,-0.07201194428298563,-0.08083691373303702,2.6038296133176617,0.40906886756657357
356,-0.47231206512105256,-1.8675162459611794,-1.8289479044149202,-0.4901558478350189,-1.8646761824013258,-1.8298911999913372,3.0554024728593308,-0.22482956795862805,-1.8060532222290993,-1.7659515845525877,-0.22660854727936638,-1.8114320682092981,-1.7809385930110224,2.4695051333222415,1.4035545493325439
357,-0.5628128781641405,-2.0859542182579207,-2.0111484516437925,-0.579148448761469,-2.100603653582328,-2.009308328871799,3.2453540168249218,-0.2574136873115563,-2.1413496461502013,-2.076461290801904,-0.261241624340921,-2.1457649192011887,-2.0712854286848588,3.038874056311169,0.8560735978647729
358,-0.1739213187365712,-0.7915175915161531,-0.775887851208734,-0.17612549716789158,-0.7835863461759175,-0.7831965663297057,2.233319004685005,0.018682792339915346,-0.5784243279728051,-0.5629200408139703,0.023243115587055573,-0.5872261446240806,-0.5643879904519022,1.7640430964344131,0.8785543139228411
359,1.836186191245373,0.21936463712926246,0.21585695930937518,1.8400616586295657,0.2216072113535844,0.21969450648068053,1.4397302958229872,2.186138011253714,0.3292598312259341,0.32334269178635033,2.1873138931435157,0.33132569591938077,0.32695129486853447,0.7479098878850524,3.1510562059254092
360,3.097049980030845,0.8812694994336474,0.8555069053105375,3.0969285185454916,0.8830788564382456,0.848518871490295,0.42549234652076334,3.231050102838796,0.9907708018616629,0.9647600212046222,3.2364454266022045,0.9856588110665288,0.9679098598677087,-0.08128852768720819,2.915340806058575
361,2.659656947980044,-0.6383099460084743,-0.6253488986047449,2.659694075754428,-0.6274094960165586,-0.6178639498345384,0.08881607410340883,2.5588619653129294,-1.4741176358893542,-1.440867944712008,2.56231211212235,-1.4731880011106289,-1.4330414071975643,-0.12639362335267337,3.645908309872895
362,0.010991737421858373,-1.1489203113718418,-1.117460410481361,0.018428161479642612,-1.152438577518175,-1.1097538410796395,2.638648146418999,0.20210218104743916,-0.9893559995557594,-0.9628549694311801,0.2041897319817773,-0.9854921967049443,-0.9597335235818869,2.284768977574353,1.2689123056459324
363,-0.09794066982862784,-1.079653504079169,-1.055063117746688,-0.10091815173986304,-1.0823762526451692,-1.0566189009868183,1.9749533351620734,-0.18007399085720058,-1.233405294568061,-1.2038809433390518,-0.169987531785181,-1.2369313351187334,-1.2126519041492259,1.9272316887525984,1.0366902381664016
364,0.008458371799228025,-0.33491181247593943,-0.3259621335595714,0.01707666631185658,-0.3291844662778474,-0.32155160337653665,3.1001195816860134,-0.07499386116349055,-0.42776050844122265,-0.41620848881697853,-0.06512809917769354,-0.4330884063227335,-0.42066513370744707,2.901459074303255,0.0688633121025616
365,-0.38005488208260996,-2.3678109270497325,-2.309791198543767,-0.3697884461648691,-2.3895053623951554,-2.302423172722128,2.2842016528584517,0.19079518352461805,-2.1794389167734916,-2.1268032137762805,0.17798337536210063,-2.198893738118558,-2.144442150340791,1.6327854803971724,2.3728064515984837
366,3.221193144000907,1.3445965013099612,1.3252207359858217,3.22088790779254,1.341522589775164,1.3285899649860915,-0.42640041750293906,3.4918699665724917,1.558017056145252,1.5365564617879144,3.50385594762032,1.5582085050568433,1.536113245058219,-0.8507615441060413,3.134340184644677
367,1.3284569055818805,0.9107365765595881,0.8783890904624146,1.3246200276763755,0.9094975660648904,0.8761136969640712,1.6143512132307496,1.4637700179525641,1.021130359967906,0.984231902726203,1.4638420092318143,1.0217893706735999,0.9868803270794152,1.1998600428831474,1.4346320949858962
368,-1.3045784003866385,-1.3636399619125943,-1.3376599197610652,-1.309963684767099,-1.3647787154468582,-1.3283013976127351,3.2904634404373776,-1.3259737784980472,-1.4754315269279674,-1.4471562197350525,-1.3226577022638937,-1.4809340545692287,-1.4383135111848908,3.0308521594831146,-0.23148831006651352
369,-0.0841319791115294,0.10716067374358933,0.10450988260264996,-0.07689955256564897,0.0902313423764797,0.11261560802160506,2.0707556132137532,0.1081151074265716,0.3659381515899092,0.3570667453565605,0.10355219565921121,0.38265569544331496,0.3596983618487945,1.6905277644396457,-0.5153648612709146
370,0.35101669804768354,-0.3894787912667805,-0.37923464888586944,0.3591012731000873,-0.3938305528593782,-0.38514349407235776,1.4226988220726142,0.1642425589579315,-0.788387812819926,-0.7720199420318533,0.16724954473086745,-0.8097758441847285,-0.784700528492414,1.3427810472166728,1.4200034229251817
371,0.5429790905756573,-0.7591102852004205,-0.7460393601704263,0.5530637601458681,-0.7609759891221201,-0.7637103368389577,1.879624032225652,0.8299554358030767,-0.626760291050134,-0.6150655066033361,0.825967287796573,-0.6219861735606871,-0.6161975113891899,1.313778938688163,2.3907525549909994
372,1.8434222584379574,-2.4324016145475458,-2.391463722059214,1.844144397750844,-2.4305571288066754,-2.3904756976544603,1.1472685367321613,2.4262076108917645,-1.8104344657909588,-1.7793279810911113,2.4255509942556754,-1.8119599938156907,-1.7658154412383307,0.25682506580155867,3.4151228496353734
373,0.7005527312557983,0.9597470686194399,0.9436300533067553,0.7000879933272245,0.9594506639394694,0.9453875538756868,1.9283723216280892,0.1772383103178907,0.47141550776613916,0.46205236551465734,0.1875205075029643,0.45986531287009164,0.46195045431666854,1.7269385645737636,-1.0779031630139164
374,-2.7892456042847376,-2.381970322397745,-2.3827943404823304,-2.787781441999821,-2.394551253608767,-2.389711336604327,3.5519770524111705,-2.8654489712685987,-2.3506385584093703,-2.3536545386864733,-2.8708595638090526,-2.3608228066742076,-2.358972028266395,3.527984985016738,-1.9612407505945955
375,0.28921336956144583,-0.8691989448336207,-0.8395638864037247,0.28728146024912743,-0.864320520872536,-0.8420929782717044,1.7969481445890463,0.5924670508410079,-0.6860060259663552,-0.6619284591077954,0.5906476263773933,-0.6902733557147596,-0.6607850705237106,1.214092625063866,3.521434386676731
376,-2.693894770509693,-2.65146594541225,-2.575124444515616,-2.695765362932509,-2.650331290057946,-2.580281364256008,4.776558352896524,-2.3829857417222344,-2.2998382893209097,-2.23673275394002,-2.385423838671505,-2.302985980828301,-2.2485244692798676,4.236283684231825,-0.8640382637947881
377,0.8120170266130091,-1.0583303958793844,-1.0275913417252538,0.8114142229627249,-1.0582703710646357,-1.0202834997152086,2.46302397101353,0.5707984451923501,-1.6192766107244785,-1.5726067096099015,0.5725616657089647,-1.621016748251664,-1.5561112291869112,2.1479839398344382,1.5595693551598515
378,0.4242521470370517,-0.4826566406670931,-0.4710998550834744,0.4196961671296068,-0.4628005036976447,-0.4793525127532332,2.4607911565948735,0.482328193177375,-0.5881855296435454,-0.572372918793985,0.46893393603793254,-0.5741078480989898,-0.5607689412349431,1.8484280635274275,1.5315974210854535
379,0.12681069941436804,-0.6677633863873881,-0.6572962116588948,0.13917080636664375,-0.679370074556255,-0.6512461327596656,2.9870525424074144,0.1448044235232842,-0.8624889742143377,-0.8460693387004105,0.14623914888639958,-0.8638069652504655,-0.832049178351262,2.702630178533505,0.557070272275208
380,0.34707169548358413,0.3634242659515594,0.35372904194480587,0.3447680642014705,0.3673768244932751,0.3518043961924739,2.953945150255951,0.2643888620380445,0.28500290191207867,0.2773855508751632,0.2687761447664285,0.2946596551206709,0.2766414317637914,2.918951454293129,0.1438136616228187
381,-1.3266646112800116,-1.836188404321353,-1.8325064142447154,-1.3238383774168192,-1.8350847244673643,-1.8309167729563263,2.599485992398428,-1.1486300191442056,-1.9844875770864854,-1.9695855780722353,-1.1344245547399383,-1.992476835217121,-1.9894553763329075,2.771955842579776,0.49816039583683003
382,0.6648695132039262,0.0840838038680362,0.0823510683321906,0.6798728176312047,0.10741034548376542,0.07348541098665985,2.109573784406319,0.9569022428413319,0.34430026446303413,0.3367234873676347,0.9463004843456606,0.3329494265314862,0.3299713663775533,1.4601157823314979,1.2380769818026767
383,1.1228851689005233,0.4358843938562213,0.4239319572025637,1.131346118965789,0.4350701306239144,0.41153165100505035,1.8255018385089727,1.3591232550885164,0.5581198261260785,0.5440327617223324,1.3601007211086902,0.5482157474166451,0.5621494669453424,1.252196526604229,2.027237633504981
384,0.6329447864246208,-0.4413908911887565,-0.4326282975610009,0.6390502245032491,-0.45519865244487656,-0.4439894366667824,1.741282699533957,1.0155311024021334,-0.06831289313770787,-0.06695807845273158,1.0159523597249855,-0.0603676022302107,-0.07445108260229362,1.0777166787159338,1.5352800784452836
385,-1.8736683964045344,-1.5043360564205839,-1.4636450481679126,-1.8602954408880321,-1.5138925451296017,-1.4656013988726686,3.074629995013739,-2.3004751171136295,-1.778643945831184,-1.738197905526509,-2.2953376956020586,-1.7903114807226943,-1.7284056481643404,3.310906316378774,-2.311390420650248
386,0.09810891965130443,-0.8967139411717914,-0.8801778229573097,0.09367584663465438,-0.8946617086603579,-0.8737228710378256,2.5471340679192527,0.17634397484074482,-0.9458793108242861,-0.9276798349482637,0.17200421877867866,-0.9477830789205949,-0.9291481779845918,2.2898030615974485,0.9367599273746188
387,-0.5057423005610334,-0.8347083414695523,-0.8159023920802216,-0.5250801566093308,-0.8236026322313593,-0.8212960909712912,2.903751477685852,-0.5315419301154195,-0.9342782621061471,-0.9123326620024356,-0.5388573169709685,-0.9515934103366073,-0.9282985966704794,2.4329182164901986,0.38691934636706965
388,2.401080847888876,1.9810813291806453,1.9290919117647374,2.402076194211807,1.9864665943497168,1.9277321765608122,0.10720226840609809,2.301018270739415,1.8164234937435242,1.7679475111521703,2.3111658624461837,1.8140998281918206,1.771776536466234,-0.006259847394656712,2.1134733012974194
389,0.6132393341296434,0.6140372922975316,0.5983890471017421,0.6127410620776229,0.6167550710639618,0.601062122654499,2.17976405773338,0.6658333532799957,0.6324345666213456,0.616158481151053,0.6613886730657691,0.6209701793175616,0.6165868028570288,1.9224597106036394,0.12083194865180467
390,-0.017798400884578562,-0.6808893790773209,-0.6588198500104416,-0.01779395604221954,-0.6796909761233944,-0.64975604322184,2.2647804954782753,-0.10825942654222824,-0.8833498791065806,-0.8514205293677365,-0.09966745535413951,-0.8745501825578494,-0.8575281881674462,2.180807182328309,0.9984951415447604
391,-1.518035178560803,-3.4019282565357987,-3.3472317429129337,-1.5242545439161455,-3.413181420972286,-3.3475043360335124,3.605695339547062,-0.9958644230714286,-3.2983549129823047,-3.248977824988002,-0.9955467825000851,-3.303742828444206,-3.2638165861301283,2.724421064318147,1.352297581188306
392,-0.5357591523848929,-0.06032442612438502,-0.06035379662185773,-0.5279791225336076,-0.06009735178898632,-0.04970247106177677,3.8564013424135335,-0.5372276248223768,-0.0627800099445854,-0.06292161364170164,-0.5377108466475068,-0.048898765584483084,-0.06062146183145636,3.554001913217938,-0.8804904198421107
393,0.2947945614110911,-0.03582265686751462,-0.035081394528353696,0.28649541551650404,-0.0383894508862368,-0.03448678065806662,2.0848791157788202,0.4057543623104156,0.03901087471529143,0.03821215502060506,0.39892820462699674,0.025779483853337247,0.02671295416199644,1.6498855217593869,0.9514421188456536
394,0.3227075846362654,0.06365844651617072,0.06254096018683238,0.322834411639653,0.05025213896763655,0.055999090586552766,1.4913801664001038,0.8953103076903071,0.6699823300549022,0.6588325020906743,0.9013426959454909,0.6926375205096134,0.674221863176398,0.5944103711424646,0.782081379450733
395,-0.22941877366947497,-0.5068952301912681,-0.49493150907328115,-0.23347104212844078,-0.5063393771246888,-0.49023677371703506,2.646441150952079,-0.08391254291202552,-0.4087237049598188,-0.4009630506980647,-0.0630113483481815,-0.40142223034102104,-0.3984392032377794,2.1996487654541466,0.17674727989450834
396,-0.017172124311168744,-1.6000914237626018,-1.5569059292815801,-0.03280203432401527,-1.6092836545771134,-1.5554892245077812,2.244300778311441,0.297137882157708,-1.5955845964203317,-1.5501939305447126,0.30461847836758543,-1.5801232938999463,-1.5341098088328406,1.6323500672290485,2.510097351628544
397,-1.1724404254424199,-1.3155882319490415,-1.2703453578491872,-1.1732384940346348,-1.3125066173489843,-1.2709983235904365,2.0095297105418006,-1.1851913502337215,-1.3247987513961195,-1.2787551649670181,-1.1852331277998243,-1.3269650280759586,-1.2808161411216994,1.9744033142819912,-0.743774145805892
398,2.174600323243422,1.342555084310763,1.3105291656411184,2.1795353975200342,1.3467314141734066,1.3042870889062788,1.3604736687430043,2.211189595717119,1.3496510065897305,1.3172427649333762,2.211167915603322,1.3442099071484432,1.318494064450946,1.1180638073177747,2.607715956002183
399,1.5552811768333143,2.3037065063521647,2.2423267979364754,1.557461195424418,2.3035284230927693,2.2511311079648184,0.9860195573606864,1.7401913335269945,2.6382705680439726,2.5656257086240206,1.7419213803155256,2.6449642642790487,2.5747596097106347,0.537887229058683,-1.2162068225667293
